発売日,メーカー,タイトル,⭐クロスレビュー(評価),パッケージ併売,ジャンル,開発元,ID,販売本数,プラットフォーム
2011-02-26,任天堂,nintendogs + cats トイ・プードル & Newフレンズ,2,YES,その他,任天堂,0,1,その他
2011-02-26,任天堂,nintendogs + cats フレンチ・ブル & Newフレンズ,2,YES,その他,任天堂,0,1,その他
2011-02-26,任天堂,nintendogs + cats 柴 & NewフレンズNintendogs + Cats: Golden Retriever & New Friends,2,YES,その他,任天堂,0,1,その他
2011-02-26,スクウェア・エニックス,とびだす!パズルボブル 3D Bust-a-Move Universe,2,YES,その他,スクウェア・エニックス,0,1,その他
2011-02-26,コナミデジタルエンタテインメント,ウイニングイレブン 3DSoccerPro Evolution Soccer 2011,2,YES,その他,コナミデジタルエンタテインメント,0,1,その他
2011-02-26,ユービーアイソフト,コンバット オブ ジャイアント ダイナソー3D,2,YES,その他,ユービーアイソフト,0,1,その他
2011-02-26,カプコン,スーパーストリートファイターIV 3D EDITION,2,YES,その他,カプコン,0,1,その他
2011-02-26,バンダイナムコゲームス,リッジレーサー3D,2,YES,その他,バンダイナムコゲームス,0,1,その他
2011-02-26,レベルファイブNintendo,レイトン教授と奇跡の仮面 Professor Layton and the Miracle Mask,2,YES,その他,レベルファイブNintendo,0,1,その他
2011-02-26,コーエーテクモゲームス,戦国無双 ChronicleSamurai Warriors: Chronicles,2,YES,その他,コーエーテクモゲームス,0,1,その他
2011-03-03,セガ,スーパーモンキーボール3D,2,YES,その他,セガ,0,1,その他
2011-03-03,サンソフト 北米: Atlus,上海3DキューブMahjong Cub3d,2,YES,その他,サンソフト 北米: Atlus,0,1,その他
2011-03-10,コナミデジタルエンタテインメント Ubisoft,ASPHALT 3D:NITRO RACING Asphalt 3D,2,YES,その他,コナミデジタルエンタテインメント Ubisoft,0,1,その他
2011-03-17,ユービーアイソフト,スプリンターセル 3DTom Clancy's Splinter Cell 3D,2,YES,その他,ユービーアイソフト,0,1,その他
2011-03-24,バンダイナムコゲームス,GUNDAM THE 3D BATTLE,2,YES,その他,バンダイナムコゲームス,0,1,その他
2011-03-24,ユービーアイソフト,ラビッツ タイム・トラベル,2,YES,その他,ユービーアイソフト,0,1,その他
2011-03-31,アークシステムワークス Aksys Games,BLAZBLUE CONTINUUM SHIFT II,2,YES,その他,アークシステムワークス Aksys Games,0,1,その他
2011-03-31,タカラトミー 505 Games,NARUTO -ナルト- 疾風伝 忍立体絵巻! 最強忍界決戦!!（英語版） Naruto Shippūden 3D: The New Era,2,YES,その他,タカラトミー 505 Games,0,1,その他
2011-03-31,ドラス,ウイルスシューターXX,2,YES,その他,ドラス,0,1,その他
2011-03-31,ハムスター,ニコリの数独3D 〜8つのパズルで1000問〜,2,YES,その他,ハムスター,0,1,その他
2011-03-31,バンダイナムコゲームス,プロ野球 ファミスタ2011,2,YES,その他,バンダイナムコゲームス,0,1,その他
2011-04-01,エレクトロニック・アーツ,ザ・シムズ3,2,YES,その他,エレクトロニック・アーツ,0,1,その他
2011-04-07,AQインタラクティブ Ubisoft,Cubic Ninja,2,YES,その他,AQインタラクティブ Ubisoft,0,1,その他
2011-04-07,IEインスティテュート,空間さがしもの系 脳力開発 3D脳トレーニング,2,YES,その他,IEインスティテュート,0,1,その他
2011-04-14,任天堂,パイロットウイングス リゾート Pilotwings Resort,2,YES,その他,任天堂,0,1,その他
2011-04-14,コナミデジタルエンタテインメント,プロ野球スピリッツ2011,2,YES,その他,コナミデジタルエンタテインメント,0,1,その他
2011-04-28,ハドソン Konami,DECA SPORTA 3D SPORTS Deca Sports Extreme,2,YES,その他,ハドソン Konami,0,1,その他
2011-05-12,任天堂,スティールダイバー,2,YES,その他,任天堂,0,1,その他
2011-05-19,マーベラスエンターテイメント Ubisoft,アニマルリゾート 動物園をつくろう!! Zoo Resort 3D,2,YES,その他,マーベラスエンターテイメント Ubisoft,0,1,その他
2011-05-19,ユービーアイソフト,ゴーストリコン シャドーウォー（英語版） Tom Clancy's Ghost Recon: Shadow Wars,2,YES,その他,ユービーアイソフト,0,1,その他
2011-05-19,コーエーテクモゲームス 欧州: Nintendo,デッド オア アライブ ディメンションズ,2,YES,その他,コーエーテクモゲームス 欧州: Nintendo,0,1,その他
2011-05-26,バンダイナムコゲームス,ONE PIECE アンリミテッドクルーズ スペシャル,2,YES,その他,バンダイナムコゲームス,0,1,その他
2011-06-02,バンダイナムコゲームス,タッチ!ダブルペンスポーツDualPenSports,2,YES,その他,バンダイナムコゲームス,0,1,その他
2011-06-02,カプコン,バイオハザード ザ・マーセナリーズ 3DResident Evil: The Mercenaries 3D,2,YES,その他,カプコン,0,1,その他
2011-06-02,ハドソン 北米: Konami,数独と3つのパズル 〜ニコリのパズルバラエティ〜 北米: Nikoli's Pencil Puzzle 欧州: Sudoku - The Puzzle Game Collection,2,YES,その他,ハドソン 北米: Konami,0,1,その他
2011-06-07,任天堂,3Dクラシックス エキサイトバイク,2,,その他,任天堂,0,1,その他
2011-06-07,任天堂,3Dクラシックス ゼビウス,2,,その他,任天堂,0,1,その他
2011-06-07,シルバースタージャパン,3Dブロック崩し,2,,その他,シルバースタージャパン,0,1,その他
2011-06-07,アークシステムワークス,ARC STYLE: さっかー!!3D,2,,その他,アークシステムワークス,0,1,その他
2011-06-07,ポイソフト Nintendo,ひゅ〜ストン Kersploosh!,2,,その他,ポイソフト Nintendo,0,1,その他
2011-06-07,アークシステムワークス,オセロ3D,2,,その他,アークシステムワークス,0,1,その他
2011-06-07,ハムスター,ニコリのパズル 数独 Sudoku by Nikoli,2,,その他,ハムスター,0,1,その他
2011-06-07,Gモード,ミステリー P.I. 〜消えたフィルム〜,2,,その他,Gモード,0,1,その他
2011-06-09,アスキー・メディアワークス Agetec（英語版）,FISH ON,2,YES,その他,アスキー・メディアワークス Agetec（英語版）,0,1,その他
2011-06-16,任天堂,ゼルダの伝説 時のオカリナ 3DThe Legend of Zelda: Ocarina of Time 3D,2,YES,その他,任天堂,0,1,その他
2011-06-17,ポケモン Nintendo,ポケモン立体図鑑BWPokédex 3D,2,,その他,ポケモン Nintendo,0,1,その他
2011-06-23,マーベラスエンターテイメントNatsume（英語版）,Fish Eyes 3DReel Fishing Paradise 3D,2,YES,その他,マーベラスエンターテイメントNatsume（英語版）,0,1,その他
2011-06-23,バンダイナムコゲームス,パックマン&ギャラガ ディメンションズ,2,YES,その他,バンダイナムコゲームス,0,1,その他
2011-06-29,ディースリー・パブリッシャー,@SIMPLE DLシリーズ Vol.1 THE 密室からの脱出 〜不思議なクマドナルバーガー編〜,2,,その他,ディースリー・パブリッシャー,0,1,その他
2011-06-29,シルバースタージャパン Agetec,ラビラビ外伝 Witch's Cat Witch's Cat,2,,その他,シルバースタージャパン Agetec,0,1,その他
2011-06-30,バンダイナムコゲームス,テイルズ オブ ジ アビス,2,YES,その他,バンダイナムコゲームス,0,1,その他
2011-07-07,コナミデジタルエンタテインメント,ドクターロートレックと忘却の騎士団 Doctor Lautrec and the Forgotten Knights,2,YES,その他,コナミデジタルエンタテインメント,0,1,その他
2011-07-07,アクワイア,剣と魔法と学園モノ。3D,2,YES,その他,アクワイア,0,1,その他
2011-07-13,任天堂,3Dクラシックス アーバンチャンピオン,2,,その他,任天堂,0,1,その他
2011-07-14,フリュー Xseed Games（英語版）,アンチェインブレイズ レクス Unchained Blades,2,YES,その他,フリュー Xseed Games（英語版）,0,1,その他
2011-07-14,任天堂,スターフォックス64 3D,2,YES,その他,任天堂,0,1,その他
2011-07-20,ハムスター,ニコリのパズル 美術館 Akari by Nikoli,2,,その他,ハムスター,0,1,その他
2011-07-21,サンタエンタテイメント Natsume,うしみつモンストルオ リンゼと魔法のリズム Gabrielle's Ghostly Groove 3D,2,YES,その他,サンタエンタテイメント Natsume,0,1,その他
2011-07-21,日本一ソフトウェア,ビックリマン漢熟覇王 三位動乱戦創紀,2,YES,その他,日本一ソフトウェア,0,1,その他
2011-07-27,ジュピター,ピクロスe,2,,その他,ジュピター,0,1,その他
2011-07-27,シルバースタージャパン,銀星将棋3D,2,,その他,シルバースタージャパン,0,1,その他
2011-08-03,ハムスター,ニコリのパズル カックロ Kakuro by Nikoli,2,,その他,ハムスター,0,1,その他
2011-08-03,ゲームロフト,レッツ!ゴルフ 3D,2,,その他,ゲームロフト,0,1,その他
2011-08-04,カプコン,謎惑館 〜音の間に間に〜,2,YES,その他,カプコン,0,1,その他
2011-08-10,任天堂,3Dクラシックス ツインビー,2,,その他,任天堂,0,1,その他
2011-08-10,アークシステムワークス,ARC STYLE: Jazzy BILLIARDS 3D Professional,2,,その他,アークシステムワークス,0,1,その他
2011-08-10,アークシステムワークス,VectorRacing,2,,その他,アークシステムワークス,0,1,その他
2011-08-11,GAE,びっくり! とびだす! 魔法のペン,2,YES,その他,GAE,0,1,その他
2011-08-11,ポケモン Nintendo,スーパーポケモンスクランブル 北米: Pokémon Rumble Blast 欧州: Super Pokemon Rumble,2,YES,その他,ポケモン Nintendo,0,1,その他
2011-08-24,ハムスター,ニコリのパズル スリザーリンクSlitherlink by Nikoli,2,,その他,ハムスター,0,1,その他
2011-08-25,マイルストーン,両目で右脳を鍛える 3D速読術,2,YES,その他,マイルストーン,0,1,その他
2011-08-31,ハムスター,ニコリのパズル ぬりかべ Nurikabe by Nikoli,2,,その他,ハムスター,0,1,その他
2011-09-01,アトラス 北米: Ghostlight（英語版）,デビルサバイバー オーバークロックShin Megami Tensei: Devil Survivor Overclocked,2,YES,その他,アトラス 北米: Ghostlight（英語版）,0,1,その他
2011-09-07,任天堂,"いきものづくり クリエイトーイFreakyforms: Your Creations, Alive!",2,,その他,任天堂,0,1,その他
2011-09-14,アークシステムワークス,おきらくボウリング3DFamily Bowling 3D,2,,その他,アークシステムワークス,0,1,その他
2011-09-14,インテンス,ドットイーター ニューピックダンDot Runner: Complete Edition,2,,その他,インテンス,0,1,その他
2011-09-14,ハムスター,ニコリのパズル へやわけHeyawake by Nikoli,2,,その他,ハムスター,0,1,その他
2011-09-22,コナミデジタルエンタテインメント,フロッガー3D（英語版）Frogger 3D,2,YES,その他,コナミデジタルエンタテインメント,0,1,その他
2011-09-22,マーベラスエンターテイメント,閃乱カグラ -少女達の真影-,2,YES,その他,マーベラスエンターテイメント,0,1,その他
2011-09-28,アークシステムワークス,おきらくテニス3D Family Tennis 3D,2,,その他,アークシステムワークス,0,1,その他
2011-09-28,ハムスター,ニコリのパズル ましゅMasyu by Nikoli,2,,その他,ハムスター,0,1,その他
2011-09-29,任天堂,花といきもの立体図鑑,2,YES,その他,任天堂,0,1,その他
2011-10-05,アークシステムワークス,おてがるパズルシリーズ アリスと魔法のトランプ,2,,その他,アークシステムワークス,0,1,その他
2011-10-05,任天堂,引ク押ス 北米: Pushmo 欧州: Pullblox,2,,その他,任天堂,0,1,その他
2011-10-06,スターフィッシュ・エスディ,スーパーブラックバス 3Dファイト,2,YES,その他,スターフィッシュ・エスディ,0,1,その他
2011-10-19,アークシステムワークス,ARC STYLE: ソリティア,2,,その他,アークシステムワークス,0,1,その他
2011-10-19,シルバースタージャパン Agetec,怪盗スティナと30の宝石 The Phantom Thief Stina and 30 Jewels,2,,その他,シルバースタージャパン Agetec,0,1,その他
2011-10-20,バンダイナムコゲームス 北米: Nintendo 欧州: Tetris Online（英語版）,テトリス Tetris: Axis,2,YES,その他,バンダイナムコゲームス 北米: Nintendo 欧州: Tetris Online（英語版）,0,1,その他
2011-10-21,任天堂,疾走すりぬけ アナトウス 北米: Ketzal's Corridors 欧州: SpeedThru: Potzol's Puzzle,2,,その他,任天堂,0,1,その他
2011-10-26,シルバースタージャパン Agetec,タッチバトル戦車3D,2,,その他,シルバースタージャパン Agetec,0,1,その他
2011-10-26,ハムスター,ニコリのパズル ひとりにしてくれHitori by Nikoli,2,,その他,ハムスター,0,1,その他
2011-10-27,バンダイナムコゲームス,勇現会社ブレイブカンパニー,2,YES,その他,バンダイナムコゲームス,0,1,その他
2011-10-27,日本コロムビア,豆しば,2,YES,その他,日本コロムビア,0,1,その他
2011-11-02,スクウェア・エニックス,スライムもりもりドラゴンクエスト3 大海賊としっぽ団,2,YES,その他,スクウェア・エニックス,0,1,その他
2011-11-02,ポイソフト,タケヤリマン,2,,その他,ポイソフト,0,1,その他
2011-11-03,ハムスター,AZITO 3D,2,YES,その他,ハムスター,0,1,その他
2011-11-03,アルケミスト Rising Star Games,nicola監修 モデル☆おしゃれオーディション2 Girls' Fashion Shoot,2,YES,その他,アルケミスト Rising Star Games,0,1,その他
2011-11-03,任天堂,スーパーマリオ 3Dランド,2,YES,その他,任天堂,0,1,その他
2011-11-03,スターフィッシュ・エスディ,ドッグスクール ラブリーパピー,2,YES,その他,スターフィッシュ・エスディ,0,1,その他
2011-11-10,フリュー,ジュエルペット魔法のリズムでイェイッ!,2,YES,その他,フリュー,0,1,その他
2011-11-10,ユービーアイソフト,ドライバー:レネゲイド3D,2,YES,その他,ユービーアイソフト,0,1,その他
2011-11-16,任天堂,ひらり 桜侍 Sakura Samurai: Art of the Sword,2,,その他,任天堂,0,1,その他
2011-11-17,セガ,Shinobi 3D,2,YES,その他,セガ,0,1,その他
2011-11-17,エレクトロニック・アーツ,ザ・シムズ3 ペット,2,YES,その他,エレクトロニック・アーツ,0,1,その他
2011-11-22,シルバースタージャパン,銀星囲碁3D,2,,その他,シルバースタージャパン,0,1,その他
2011-11-24,コーエーテクモゲームス,FabStyle,2,YES,その他,コーエーテクモゲームス,0,1,その他
2011-11-24,アイレムソフトウェアエンジニアリング,パチパラ3D プレミアム海物語 〜夢見る乙女とパチンコ王決定戦〜,2,YES,その他,アイレムソフトウェアエンジニアリング,0,1,その他
2011-11-24,アイディアファクトリー Aksys Games,薄桜鬼 3D Hakuōki: Memories of the Shinsengumi,2,YES,その他,アイディアファクトリー Aksys Games,0,1,その他
2011-11-30,アークシステムワークス,ARC STYLE: シンプル麻雀3D,2,,その他,アークシステムワークス,0,1,その他
2011-12-01,日本コロムビア,お茶犬といつもなかよし,2,YES,その他,日本コロムビア,0,1,その他
2011-12-01,オフィスクリエイト 北米: Majesco Entertainment 欧州: 505 Games,クッキングママ 4Cooking Mama 4: Kitchen Magic,2,YES,その他,オフィスクリエイト 北米: Majesco Entertainment 欧州: 505 Games,0,1,その他
2011-12-01,バンダイナムコゲームス,クレヨンしんちゃん 宇宙DEアチョー!? 友情のおバカラテ!!,2,YES,その他,バンダイナムコゲームス,0,1,その他
2011-12-01,セガ,ソニック ジェネレーションズ 青の冒険,2,YES,その他,セガ,0,1,その他
2011-12-01,任天堂,マリオカート7,2,YES,その他,任天堂,0,1,その他
2011-12-07,ディースリー・パブリッシャー,@SIMPLE DLシリーズ Vol.2 THE 密室からの脱出 〜学校の旧校舎編〜,2,,その他,ディースリー・パブリッシャー,0,1,その他
2011-12-08,エレクトロニック・アーツ,ニード・フォー・スピード ザ・ラン,2,YES,その他,エレクトロニック・アーツ,0,1,その他
2011-12-08,コナミデジタルエンタテインメント,ワールドサッカー ウイニングイレブン 2012Pro Evolution Soccer 2012,2,YES,その他,コナミデジタルエンタテインメント,0,1,その他
2011-12-10,カプコン,モンスターハンター3（トライ）G,2,YES,その他,カプコン,0,1,その他
2011-12-15,エム・ティー・オー Ubisoft,かわいい仔犬3D Puppies 3D,2,YES,その他,エム・ティー・オー Ubisoft,0,1,その他
2011-12-15,セガ,ぷよぷよ!!,2,YES,その他,セガ,0,1,その他
2011-12-15,レベルファイブ Nintendo,イナズマイレブン GO シャイン Inazuma Eleven GO: Light,2,YES,その他,レベルファイブ Nintendo,0,1,その他
2011-12-15,レベルファイブ Nintendo,イナズマイレブン GO ダーク Inazuma Eleven GO: Shadow,2,YES,その他,レベルファイブ Nintendo,0,1,その他
2011-12-15,コナミデジタルエンタテインメント,ペンギンの問題 ザ・ウォーズ,2,YES,その他,コナミデジタルエンタテインメント,0,1,その他
2011-12-15,アークシステムワークス,熱血硬派くにおくん すぺしゃる,2,YES,その他,アークシステムワークス,0,1,その他
2011-12-15,システムソフト・アルファー,萌え萌え大戦争☆げんだいばーん 3D,2,YES,その他,システムソフト・アルファー,0,1,その他
2011-12-22,IEインスティテュート,ESSEらくらく家計簿,2,YES,その他,IEインスティテュート,0,1,その他
2011-12-22,コードマスターズ,F1 2011（英語版）,2,YES,その他,コードマスターズ,0,1,その他
2011-12-22,バンダイナムコゲームス,SDガンダム GGENERATION 3D,2,YES,その他,バンダイナムコゲームス,0,1,その他
2011-12-27,任天堂,とびだすプリクラ☆キラデコレボリューション,2,,その他,任天堂,0,1,その他
2011-12-28,ジュピター,ピクロスe2,2,,その他,ジュピター,0,1,その他
2011-12-28,アークシステムワークス,鹿狩王,2,,その他,アークシステムワークス,0,1,その他
2012-01-11,シルバースタージャパンAgetec,ラビ×ラビ えぴそーど3 Rabi Laby 3,2,,その他,シルバースタージャパンAgetec,0,1,その他
2012-01-12,バンダイナムコゲームス,エースコンバット3D クロスランブルAce Combat: Assault Horizon Legacy,2,YES,その他,バンダイナムコゲームス,0,1,その他
2012-01-12,ユービーアイソフト,タンタンの冒険 ★ユニコーン号の秘密★The Adventures of Tintin: The Game,2,YES,その他,ユービーアイソフト,0,1,その他
2012-01-12,任天堂,心霊カメラ 〜憑いてる手帳〜Spirit Camera: The Cursed Memoir,2,YES,その他,任天堂,0,1,その他
2012-01-18,任天堂,3Dクラシックス 光神話 パルテナの鏡3D Classics: Kid Icarus,2,,その他,任天堂,0,1,その他
2012-01-19,コナミデジタルエンタテインメント,ラビリンスの彼方,2,YES,その他,コナミデジタルエンタテインメント,0,1,その他
2012-01-19,ロケットカンパニー 北米: Majesco Entertainment 欧州: Ghostlight,ランナバウト3D ドライブ：インポッシブル Crash City Mayhem,2,YES,その他,ロケットカンパニー 北米: Majesco Entertainment 欧州: Ghostlight,0,1,その他
2012-01-19,セガ,リズム怪盗R 皇帝ナポレオンの遺産 Rhythm Thief & the Emperor's Treasure,2,YES,その他,セガ,0,1,その他
2012-01-25,アークシステムワークス,ARC STYLE:スパイダーソリティア,2,,その他,アークシステムワークス,0,1,その他
2012-01-26,ロボット,ズーキーパー3D,2,YES,その他,ロボット,0,1,その他
2012-01-26,カプコン,バイオハザード リベレーションズResident Evil: Revelations,2,YES,その他,カプコン,0,1,その他
2012-02-02,ディースリー・パブリッシャー,フィッシング3DAngler's Club: Ultimate Bass Fishing 3D,2,YES,その他,ディースリー・パブリッシャー,0,1,その他
2012-02-08,ジニアス・ソノリティ,電波人間のRPGThe Denpa Men: They Came By Wave,2,,その他,ジニアス・ソノリティ,0,1,その他
2012-02-13,コナミデジタルエンタテインメント,ラブプラスTOOLS,2,,その他,コナミデジタルエンタテインメント,0,1,その他
2012-02-14,コナミデジタルエンタテインメント,NEWラブプラス,2,YES,その他,コナミデジタルエンタテインメント,0,1,その他
2012-02-16,スクウェア・エニックス,シアトリズム ファイナルファンタジー,2,YES,その他,スクウェア・エニックス,0,1,その他
2012-02-16,チュンソフト 北米: Aksys Games 欧州: Rising Star Games,極限脱出ADV 善人シボウデス Zero Escape: Virtue's Last Reward,2,YES,その他,チュンソフト 北米: Aksys Games 欧州: Rising Star Games,0,1,その他
2012-02-16,バンダイナムコゲームス,鉄拳 3D プライム エディション,2,YES,その他,バンダイナムコゲームス,0,1,その他
2012-02-22,アークシステムワークス,TRUE REMEMBRANCE 〜記憶のかけら〜,2,,その他,アークシステムワークス,0,1,その他
2012-02-22,任天堂,ザ・ローリング・ウエスタン Dillon's Rolling Western,2,,その他,任天堂,0,1,その他
2012-02-23,セガ,ナイトメアパズル クラッシュ3D Crush 3D,2,YES,その他,セガ,0,1,その他
2012-02-23,マーベラスAQL 北米: Natsume 欧州: Zen United,牧場物語 はじまりの大地Harvest Moon: A New Beginning,2,YES,その他,マーベラスAQL 北米: Natsume 欧州: Zen United,0,1,その他
2012-02-29,アークシステムワークス,おきらく大富豪3D,2,,その他,アークシステムワークス,0,1,その他
2012-03-01,フリュー,ドラえもん のび太と奇跡の島 〜アニマルアドベンチャー〜,2,YES,その他,フリュー,0,1,その他
2012-03-01,任天堂 SEGA,マリオ&ソニック AT ロンドンオリンピックMario & Sonic at the London 2012 Olympic Games,2,YES,その他,任天堂 SEGA,0,1,その他
2012-03-08,レベルファイブ,ガールズRPG シンデレライフ,2,YES,その他,レベルファイブ,0,1,その他
2012-03-08,コナミデジタルエンタテインメント,メタルギアソリッド スネークイーター 3D,2,YES,その他,コナミデジタルエンタテインメント,0,1,その他
2012-03-08,セガ,初音ミク and Future Stars Project mirai,2,YES,その他,セガ,0,1,その他
2012-03-14,Gモード,ドーパミックス,2,,その他,Gモード,0,1,その他
2012-03-15,ディースリー・パブリッシャー,女の子と密室にいたら○○しちゃうかもしれない。,2,YES,その他,ディースリー・パブリッシャー,0,1,その他
2012-03-22,バンダイナムコゲームス,パックマンパーティ 3D,2,YES,その他,バンダイナムコゲームス,0,1,その他
2012-03-22,日本コロムビア,姫ギャル♥パラダイス メチカワ! アゲ盛り↑センセーション!,2,YES,その他,日本コロムビア,0,1,その他
2012-03-22,任天堂,新・光神話 パルテナの鏡 Kid Icarus: Uprising,2,YES,その他,任天堂,0,1,その他
2012-03-29,スクウェア・エニックス,キングダム ハーツ 3D ［ドリーム ドロップ ディスタンス］,2,YES,その他,スクウェア・エニックス,0,1,その他
2012-04-04,ディースリー・パブリッシャー,@SIMPLE DLシリーズ Vol.3 THE 密室からの脱出 〜セレブな豪邸編〜,2,,その他,ディースリー・パブリッシャー,0,1,その他
2012-04-05,IEインスティテュート,TOEIC®テスト超速トレーニング,2,YES,その他,IEインスティテュート,0,1,その他
2012-04-05,IEインスティテュート,ポヨポヨ観察日記,2,YES,その他,IEインスティテュート,0,1,その他
2012-04-11,アークシステムワークス,おきらくカート3D Family Kart 3D,2,,その他,アークシステムワークス,0,1,その他
2012-04-12,ハムスター,ニコリの数独3D 第二集 〜8つのパズルで1000問〜,2,YES,その他,ハムスター,0,1,その他
2012-04-18,シルバースタージャパンAgetec,3次元エアホッケーAir Battle Hockey 3D,2,,その他,シルバースタージャパンAgetec,0,1,その他
2012-04-19,アガツマ・エンタテインメント 北米: Atlas,CODE OF PRINCESS,2,YES,その他,アガツマ・エンタテインメント 北米: Atlas,0,1,その他
2012-04-19,学研,Earthpedia,2,YES,その他,学研,0,1,その他
2012-04-19,サイバーフロントMajesco Entertainment,NANO ASSAULT,2,YES,その他,サイバーフロントMajesco Entertainment,0,1,その他
2012-04-19,バンダイナムコゲームス,ちょ〜りっち!たまごっちのプチプチおみせっち,2,YES,その他,バンダイナムコゲームス,0,1,その他
2012-04-19,ユービーアイソフト,ガールズファッション3D☆めざせ!トップスタイリスト Imagine: Fashion Designer,2,YES,その他,ユービーアイソフト,0,1,その他
2012-04-19,任天堂,ファイアーエムブレム 覚醒Fire Emblem Awakening,2,YES,その他,任天堂,0,1,その他
2012-04-25,任天堂,3Dクラシックス 星のカービィ 夢の泉の物語 3D Classics: Kirby's Adventure,2,,その他,任天堂,0,1,その他
2012-04-25,アークシステムワークス,ARC STYLE: 三国志Pinball,2,,その他,アークシステムワークス,0,1,その他
2012-04-25,シルバースタージャパン Agetec,ブラッディヴァンパイア,2,,その他,シルバースタージャパン Agetec,0,1,その他
2012-04-26,アークシステムワークス 北米: Aksys Games 欧州: Rising Star,Shifting World 白と黒の迷宮 Shifting World,2,YES,その他,アークシステムワークス 北米: Aksys Games 欧州: Rising Star,0,1,その他
2012-04-26,日本コロムビア,まめゴマ よいこ まるいこ げんきなこ!,2,YES,その他,日本コロムビア,0,1,その他
2012-04-26,コーエーテクモゲームス,真・三國無双 VS,2,YES,その他,コーエーテクモゲームス,0,1,その他
2012-05-09,ハムスター,ニコリのパズル 橋をかけろ,2,,その他,ハムスター,0,1,その他
2012-05-17,アイレムソフトウェアエンジニアリング,パチパラ3D 大海物語2 〜パチプロ風雲録・花 希望と裏切りの学園生活〜,2,YES,その他,アイレムソフトウェアエンジニアリング,0,1,その他
2012-05-23,ハムスター,ニコリのパズル 四角に切れ,2,,その他,ハムスター,0,1,その他
2012-05-24,元気,G1グランプリ,2,YES,その他,元気,0,1,その他
2012-05-24,ソニックパワード,ぼくは航空管制官 エアポートヒーロー3D 羽田 with JAL,2,YES,その他,ソニックパワード,0,1,その他
2012-05-24,バンダイナムコゲームス,みんなの縁日,2,YES,その他,バンダイナムコゲームス,0,1,その他
2012-05-24,ユービーアイソフト,ハッピー☆アニマル牧場 Funky Barn 3D,2,YES,その他,ユービーアイソフト,0,1,その他
2012-05-24,任天堂,マリオテニス オープン,2,YES,その他,任天堂,0,1,その他
2012-05-30,アークシステムワークス,ARC STYLE: フリーセル,2,,その他,アークシステムワークス,0,1,その他
2012-05-30,ポイソフト,夜の魔人といくさの国 〜さまよえるヴァンピール〜,2,,その他,ポイソフト,0,1,その他
2012-05-31,レベルファイブ,GUILD1,2,YES,その他,レベルファイブ,0,1,その他
2012-05-31,スクウェア・エニックス,ドラゴンクエストモンスターズ テリーのワンダーランド3D,2,YES,その他,スクウェア・エニックス,0,1,その他
2012-06-06,ハムスター,AZITO 3D Kyoto,2,,その他,ハムスター,0,1,その他
2012-06-06,トムクリエイト,一騎当千!スマッシュヒーローズ Smash Cat Heroes,2,,その他,トムクリエイト,0,1,その他
2012-06-14,バンダイナムコゲームス,ゴン バクバクバクバクアドベンチャー,2,YES,その他,バンダイナムコゲームス,0,1,その他
2012-06-14,ハムスター Teyon,ヘビーファイア ザ チョーズン フュー Heavy Fire: Black Arms 3D,2,YES,その他,ハムスター Teyon,0,1,その他
2012-06-21,コンパイルハート 北米: Bergsala Lightweight 欧州: Rising Star Games,ハローキティとせかいりょこう!いろんなくにへおでかけしましょ! 北米: Travel Adventures with Hello Kitty 欧州: Around the World with Hello Kitty and Friends,2,YES,その他,コンパイルハート 北米: Bergsala Lightweight 欧州: Rising Star Games,0,1,その他
2012-06-23,ポケモン Nintendo,ポケモンARサーチャーPokémon Dream Radar,2,,その他,ポケモン Nintendo,0,1,その他
2012-06-28,任天堂,カルドセプト,2,YES,その他,任天堂,0,1,その他
2012-06-28,アークシステムワークス,探偵 神宮寺三郎 復讐の輪舞,2,YES,その他,アークシステムワークス,0,1,その他
2012-07-04,バンダイナムコゲームス,ちょ〜りっち! たまごっちのプチプチおみせっちでバイオリンレッスン,2,,その他,バンダイナムコゲームス,0,1,その他
2012-07-05,レベルファイブ Nintendo,ダンボール戦機 爆ブースト LBX: Little Battlers eXperience,2,YES,その他,レベルファイブ Nintendo,0,1,その他
2012-07-05,アトラス 欧州: NIS America,世界樹の迷宮IV 伝承の巨神Etrian Odyssey IV: Legends of the Titan,2,YES,その他,アトラス 欧州: NIS America,0,1,その他
2012-07-05,バンダイナムコゲームス,逃走中 史上最強のハンターたちからにげきれ!,2,YES,その他,バンダイナムコゲームス,0,1,その他
2012-07-11,アークシステムワークス,ARC STYLE:野球!!3D Arc Style: Baseball 3D,2,,その他,アークシステムワークス,0,1,その他
2012-07-12,レベルファイブ,タイムトラベラーズ,2,YES,その他,レベルファイブ,0,1,その他
2012-07-12,任天堂,ポケットサッカーリーグ カルチョビットNintendo Pocket Football Club,2,YES,その他,任天堂,0,1,その他
2012-07-12,バンダイナムコゲームス,太鼓の達人 ちびドラゴンと不思議なオーブ,2,YES,その他,バンダイナムコゲームス,0,1,その他
2012-07-14,ポケモン Nintendo,ポケモン全国図鑑Pro,2,,その他,ポケモン Nintendo,0,1,その他
2012-07-18,アークシステムワークス,おきらくピンポン3D Family Table Tennis 3D,2,,その他,アークシステムワークス,0,1,その他
2012-07-18,トムクリエイト,脱出!ゾンビシティ Escape From Zombie City,2,,その他,トムクリエイト,0,1,その他
2012-07-19,小学館,ドラかず のび太のすうじ大冒険,2,YES,その他,小学館,0,1,その他
2012-07-19,マーベラスAQL Xseed Games,ルーンファクトリー4,2,YES,その他,マーベラスAQL Xseed Games,0,1,その他
2012-07-19,ユービーアイソフト,レイマン オリジン,2,YES,その他,ユービーアイソフト,0,1,その他
2012-07-25,アークシステムワークス,ARC STYLE:女子サッカー!!3D,2,,その他,アークシステムワークス,0,1,その他
2012-07-26,日本コロムビア,こびとづかん こびと観察セット,2,YES,その他,日本コロムビア,0,1,その他
2012-07-26,日本一ソフトウェアNIS America,洞窟物語3DCave Story 3D,2,YES,その他,日本一ソフトウェアNIS America,0,1,その他
2012-07-28,任天堂,New スーパーマリオブラザーズ 2,2,YES,その他,任天堂,0,1,その他
2012-07-28,任天堂,東北大学加齢医学研究所 川島隆太教授監修 ものすごく脳を鍛える5分間の鬼トレーニング 北米: Brain Age: Concentration Training 欧州: Dr. Kawashima's Devilish Brain Training: Can You Stay Focused?,2,YES,その他,任天堂,0,1,その他
2012-08-01,アークシステムワークス,脱出アドベンチャー 旧校舎の少女,2,,その他,アークシステムワークス,0,1,その他
2012-08-02,日本コロムビア,わんニャンどうぶつ病院2,2,YES,その他,日本コロムビア,0,1,その他
2012-08-02,バンダイナムコゲームス,スマイルプリキュア! レッツゴー! メルヘンワールド,2,YES,その他,バンダイナムコゲームス,0,1,その他
2012-08-02,ディースリー・パブリッシャー,マダガスカル3DreamWorks Madagascar 3: The Video Game,2,YES,その他,ディースリー・パブリッシャー,0,1,その他
2012-08-08,トムクリエイト Circle Entertainment（英語版）,「いつでも一緒に。」BLACKJACKSweet Memories Blackjack,2,,その他,トムクリエイト Circle Entertainment（英語版）,0,1,その他
2012-08-08,アークシステムワークス Natsume,おきらくビーチバレー3D Super Strike Beach Volleyball,2,,その他,アークシステムワークス Natsume,0,1,その他
2012-08-08,任天堂,行列ナゲループTokyo Crash Mobs,2,,その他,任天堂,0,1,その他
2012-08-22,インテンス,ダンジョンRPG ピクダン2Picdun 2: Witch's Curse,2,,その他,インテンス,0,1,その他
2012-08-22,シルバースタージャパン,ハイパーパドル ブロックラッシャー,2,,その他,シルバースタージャパン,0,1,その他
2012-08-23,ソニックパワード,ぼくは航空管制官 エアポートヒーロー3D ホノルル I am an Air Traffic controller Airport Hero Hawaii,2,YES,その他,ソニックパワード,0,1,その他
2012-08-29,ディースリー・パブリッシャー,@SIMPLE DLシリーズ Vol.4 THE 密室からの脱出 〜南国のリゾート編〜,2,,その他,ディースリー・パブリッシャー,0,1,その他
2012-08-29,ロケットスタジオ,ケモノミクス+,2,,その他,ロケットスタジオ,0,1,その他
2012-08-30,アトラス 欧州: NIS America,デビルサマナー ソウルハッカーズShin Megami Tensei: Devil Summoner: Soul Hackers,2,YES,その他,アトラス 欧州: NIS America,0,1,その他
2012-08-30,マーベラスAQL 北米: XSEED Games 欧州: Zen United,閃乱カグラ Burst -紅蓮の少女達- Senran Kagura Burst,2,YES,その他,マーベラスAQL 北米: XSEED Games 欧州: Zen United,0,1,その他
2012-09-05,アークシステムワークス,ハングリーバーガー,2,,その他,アークシステムワークス,0,1,その他
2012-09-05,任天堂,リズムハンター ハーモナイト HarmoKnight,2,,その他,任天堂,0,1,その他
2012-09-06,アイレムソフトウェアエンジニアリング,パチパラ3D 大海物語2 With アグネス・ラム 〜パチプロ風雲録・花 消されたライセンス〜,2,YES,その他,アイレムソフトウェアエンジニアリング,0,1,その他
2012-09-06,バンダイナムコゲームス,ロストヒーローズ,2,YES,その他,バンダイナムコゲームス,0,1,その他
2012-09-12,ディースリー・パブリッシャー,@SIMPLE DLシリーズ Vol.5 THE 呪いの廃病院 〜閉じ込められた顔のない少女〜,2,,その他,ディースリー・パブリッシャー,0,1,その他
2012-09-12,アークシステムワークス,クルりんスッシー,2,,その他,アークシステムワークス,0,1,その他
2012-09-13,ロケットカンパニー,メダロット7 カブトVer.,2,YES,その他,ロケットカンパニー,0,1,その他
2012-09-13,ロケットカンパニー,メダロット7 クワガタVer.,2,YES,その他,ロケットカンパニー,0,1,その他
2012-09-13,コーエーテクモゲームス,戦国無双 Chronicle 2nd,2,YES,その他,コーエーテクモゲームス,0,1,その他
2012-09-13,任天堂,新 絵心教室 Art Academy: Lessons for Everyone!,2,YES,その他,任天堂,0,1,その他
2012-09-19,サイバーフロント Shin'en Multimedia（英語版）,Fun! Fun! Minigolf TOUCH!,2,,その他,サイバーフロント Shin'en Multimedia（英語版）,0,1,その他
2012-09-26,ジニアス・ソノリティ,電波人間のRPG2 The Denpa Men 2: Beyond the Waves,2,,その他,ジニアス・ソノリティ,0,1,その他
2012-09-27,アルケミスト,ちび☆デビ!,2,YES,その他,アルケミスト,0,1,その他
2012-09-27,任天堂,わがままファッション GIRLS MODE よくばり宣言! Style Savvy: Trendsetters,2,YES,その他,任天堂,0,1,その他
2012-09-27,グレフ,哭牙 KOKUGA,2,YES,その他,グレフ,0,1,その他
2012-10-03,アークシステムワークス,鷹狩王,2,,その他,アークシステムワークス,0,1,その他
2012-10-10,アークシステムワークス,疾風のうさぎ丸 -恵みの珠と封魔の印-,2,,その他,アークシステムワークス,0,1,その他
2012-10-11,バンダイナムコゲームス,PROJECT X ZONE,2,YES,その他,バンダイナムコゲームス,0,1,その他
2012-10-11,ドラス,ハローキティといっしょ! ブロッククラッシュZ,2,YES,その他,ドラス,0,1,その他
2012-10-11,スクウェア・エニックス Nintendo,ブレイブリーデフォルト フライングフェアリー Bravely Default,2,YES,その他,スクウェア・エニックス Nintendo,0,1,その他
2012-10-24,アークシステムワークス,おきらくゴルフ3D,2,,その他,アークシステムワークス,0,1,その他
2012-10-25,角川ゲームス,AKB48+Me,2,YES,その他,角川ゲームス,0,1,その他
2012-10-31,任天堂,引ク落ツ 北米: Crashmo 欧州: Fallblox,2,,その他,任天堂,0,1,その他
2012-10-31,ジースタイル 欧州: Joindots,超高層建造計画 ビルディンガー Crazy Construction,2,,その他,ジースタイル 欧州: Joindots,0,1,その他
2012-11-01,コナミデジタルエンタテインメント,ワールドサッカー ウイニングイレブン 2013 Pro Evolution Soccer 2013,2,YES,その他,コナミデジタルエンタテインメント,0,1,その他
2012-11-08,アルケミスト,nicola監修 モデル☆おしゃれオーディション プラチナ,2,YES,その他,アルケミスト,0,1,その他
2012-11-08,任天堂,とびだせ どうぶつの森 Animal Crossing: New Leaf,2,YES,その他,任天堂,0,1,その他
2012-11-08,フリュー,ジュエルペット 魔法でおしゃれにダンス☆デコ〜!,2,YES,その他,フリュー,0,1,その他
2012-11-14,ディースリー・パブリッシャー,@SIMPLE DLシリーズ Vol.6 THE 密室からの脱出 〜遊びの天国クマドナルボウル編〜,2,,その他,ディースリー・パブリッシャー,0,1,その他
2012-11-14,アークシステムワークス,毎度花札,2,,その他,アークシステムワークス,0,1,その他
2012-11-14,レベルファイブ,解放少女 Liberation Maiden,2,,その他,レベルファイブ,0,1,その他
2012-11-15,バンダイナムコゲームス,アイカツ! シンデレラレッスン,2,YES,その他,バンダイナムコゲームス,0,1,その他
2012-11-21,レベルファイブ,レンタル武器屋deオマッセ Weapon Shop de Omasse,2,,その他,レベルファイブ,0,1,その他
2012-11-22,バンダイナムコゲームス,おうちまいにち たまごっち,2,YES,その他,バンダイナムコゲームス,0,1,その他
2012-11-22,バンダイナムコゲームス,でんぢゃらすじーさんと1000人のお友だち邪,2,YES,その他,バンダイナムコゲームス,0,1,その他
2012-11-22,カプコン,エクストルーパーズ,2,YES,その他,カプコン,0,1,その他
2012-11-22,日本コロムビア,ピカピカナース物語2,2,YES,その他,日本コロムビア,0,1,その他
2012-11-23,ポケモン Nintendo,ポケモン不思議のダンジョン マグナゲートと∞迷宮 Pokémon Mystery Dungeon: Gates to Infinity,2,YES,その他,ポケモン Nintendo,0,1,その他
2012-11-28,レベルファイブ,クリムゾン シュラウド,2,,その他,レベルファイブ,0,1,その他
2012-11-28,ディースリー・パブリッシャー,女家庭教師 伊都香先生と密室にいたら ○○しちゃうかもしれない。,2,,その他,ディースリー・パブリッシャー,0,1,その他
2012-11-29,バンダイナムコゲームス,NARUTO -ナルト-SD パワフル疾風伝 Naruto Powerful Shippuden,2,YES,その他,バンダイナムコゲームス,0,1,その他
2012-11-29,フリュー,アンチェインブレイズ エクシヴ,2,YES,その他,フリュー,0,1,その他
2012-11-29,レベルファイブ Nintendo,レイトン教授VS逆転裁判 Professor Layton vs. Phoenix Wright: Ace Attorney,2,YES,その他,レベルファイブ Nintendo,0,1,その他
2012-12-05,レベルファイブ,AERO PORTER,2,,その他,レベルファイブ,0,1,その他
2012-12-05,ハムスター,AZITO 3D Tokyo,2,,その他,ハムスター,0,1,その他
2012-12-05,トムクリエイト,忍スピリッツ 真田獣勇士伝,2,,その他,トムクリエイト,0,1,その他
2012-12-06,任天堂,ペーパーマリオ スーパーシール Paper Mario: Sticker Star,2,YES,その他,任天堂,0,1,その他
2012-12-12,アークシステムワークス,りき伝説,2,,その他,アークシステムワークス,0,1,その他
2012-12-12,サイバーフロント UFO Interactive Games（英語版）,ジョニーカンフー,2,,その他,サイバーフロント UFO Interactive Games（英語版）,0,1,その他
2012-12-12,スクウェア・エニックス,ドラゴンクエストX おでかけモシャスdeバトル,2,,その他,スクウェア・エニックス,0,1,その他
2012-12-13,エム・ティー・オー,かわいい子猫3D,2,YES,その他,エム・ティー・オー,0,1,その他
2012-12-13,ロケットカンパニー,ねらって! とばして! リラックマ ぐらぐらスイーツタワー,2,YES,その他,ロケットカンパニー,0,1,その他
2012-12-13,レベルファイブ Nintendo,イナズマイレブンGO2 クロノ・ストーン ネップウ Inazuma Eleven GO Chrono Stones: Thunderflash,2,YES,その他,レベルファイブ Nintendo,0,1,その他
2012-12-13,レベルファイブ Nintendo,イナズマイレブンGO2 クロノ・ストーン ライメイ Inazuma Eleven GO Chrono Stones: Wildfire,2,YES,その他,レベルファイブ Nintendo,0,1,その他
2012-12-13,日本コロムビア,オレ様キングダム イケメン彼氏をゲットしよ! もえキュン♥スクールデイズ,2,YES,その他,日本コロムビア,0,1,その他
2012-12-13,バンダイナムコゲームス,トリコ グルメモンスターズ!,2,YES,その他,バンダイナムコゲームス,0,1,その他
2012-12-19,ファンユニット Teyon,peakvox リリリズム Groove Heaven,2,,その他,ファンユニット Teyon,0,1,その他
2012-12-19,任天堂,ぐるっとスプラッシュ! Fluidity: Spin Cycle,2,,その他,任天堂,0,1,その他
2012-12-19,テヨンジャパン,バードマニア3D,2,,その他,テヨンジャパン,0,1,その他
2012-12-19,アークシステムワークス,脱出アドベンチャー 魔女の住む館,2,,その他,アークシステムワークス,0,1,その他
2012-12-20,カルチャーブレーン,おしごとテーマパーク2,2,YES,その他,カルチャーブレーン,0,1,その他
2012-12-20,コナミデジタルエンタテインメント,とんがりボウシと魔法の町,2,YES,その他,コナミデジタルエンタテインメント,0,1,その他
2012-12-20,ソニックパワード,ぼくは航空管制官 エアポートヒーロー3D 成田 with ANA,2,YES,その他,ソニックパワード,0,1,その他
2012-12-20,クロン,アクリルパレット 〜彩りカフェ・Cheers〜,2,YES,その他,クロン,0,1,その他
2012-12-20,エム・ティー・オー Ubisoft,オシャレでかわいい子犬と遊ぼ! 海編 Petz Beach,2,YES,その他,エム・ティー・オー Ubisoft,0,1,その他
2012-12-26,セガ,3D スペースハリアー,2,,その他,セガ,0,1,その他
2012-12-26,アークシステムワークス,ぶれいぶるー くろーんふぁんたずま,2,,その他,アークシステムワークス,0,1,その他
2012-12-26,サイバーフロント UFO Interactive Games,ゾンビスレイヤー Zombie Slayer Diox,2,,その他,サイバーフロント UFO Interactive Games,0,1,その他
2012-12-26,スパイシーソフト,チャリ走DXBike Rider DX,2,,その他,スパイシーソフト,0,1,その他
2012-12-26,サイバーフロント UFO Interactive Games,女剣士アカネ Samurai Sword Destiny,2,,その他,サイバーフロント UFO Interactive Games,0,1,その他
2012-12-27,レベルファイブ,イナズマイレブン 1・2・3!! 円堂守伝説,2,YES,その他,レベルファイブ,0,1,その他
2012-12-27,レベルファイブ Nintendo,ファンタジーライフ,2,YES,その他,レベルファイブ Nintendo,0,1,その他
2013-01-23,テヨンジャパン Gamelion Studios,スピードX3D,2,,その他,テヨンジャパン Gamelion Studios,0,1,その他
2013-01-30,ディースリー・パブリッシャー,@SIMPLE DLシリーズ Vol.7 THE 浮気彼氏〜突撃!浮気現場〜,2,,その他,ディースリー・パブリッシャー,0,1,その他
2013-01-30,ファンユニット,peakvox ミュウミュウトレイン,2,,その他,ファンユニット,0,1,その他
2013-02-06,レベルファイブ,レイトン教授と奇跡の仮面プラス,2,,その他,レベルファイブ,0,1,その他
2013-02-07,スクウェア・エニックス,ドラゴンクエストVII エデンの戦士たち,2,YES,その他,スクウェア・エニックス,0,1,その他
2013-02-07,アイレムソフトウェアエンジニアリング,パチパラ3D デラックス海物語 〜パチプロ風雲録・花 孤島の勝負師たち〜,2,YES,その他,アイレムソフトウェアエンジニアリング,0,1,その他
2013-02-13,アークシステムワークス,にかくでスッシー,2,,その他,アークシステムワークス,0,1,その他
2013-02-13,テヨンジャパン Gamelion Studios,クレイジーカンガルー,2,,その他,テヨンジャパン Gamelion Studios,0,1,その他
2013-02-21,バンダイナムコゲームス,マギ はじまりの迷宮,2,YES,その他,バンダイナムコゲームス,0,1,その他
2013-02-27,テヨンジャパン,クレイジーチキンパイレーツ3D,2,,その他,テヨンジャパン,0,1,その他
2013-02-28,サクセス,おさわり探偵 なめこ大繁殖,2,YES,その他,サクセス,0,1,その他
2013-02-28,バンダイナムコゲームス,ドラゴンボールヒーローズ アルティメットミッション,2,YES,その他,バンダイナムコゲームス,0,1,その他
2013-02-28,レベルファイブ Nintendo,レイトン教授と超文明Aの遺産 Professor Layton and the Azran Legacy,2,YES,その他,レベルファイブ Nintendo,0,1,その他
2013-03-06,ディースリー・パブリッシャー,@SIMPLE DLシリーズ Vol.8 THE 浮気彼氏〜浮気の代償〜,2,,その他,ディースリー・パブリッシャー,0,1,その他
2013-03-06,アークシステムワークス,ARC STYLE:ハッピーオーシャン,2,,その他,アークシステムワークス,0,1,その他
2013-03-06,ハムスター,AZITO 3D Osaka,2,,その他,ハムスター,0,1,その他
2013-03-06,ポイソフト,マンションパーカッション,2,,その他,ポイソフト,0,1,その他
2013-03-07,インターグロー,みんなでオートレース3D,2,YES,その他,インターグロー,0,1,その他
2013-03-07,フリュー,ドラえもん のび太のひみつ道具博物館,2,YES,その他,フリュー,0,1,その他
2013-03-13,テヨンジャパン Selectsoft,きょうりゅうペット3D 101 DinoPets 3D,2,,その他,テヨンジャパン Selectsoft,0,1,その他
2013-03-13,レベルファイブ,怪獣が出る金曜日 Attack of the Friday Monsters! A Tokyo Tale,2,,その他,レベルファイブ,0,1,その他
2013-03-14,バンダイナムコゲームス,スーパーロボット大戦UX,2,YES,その他,バンダイナムコゲームス,0,1,その他
2013-03-19,メディア・ファイブ,マル合!3D ナナミと一緒に学ぼ! English上達のコツ 理論編,2,,その他,メディア・ファイブ,0,1,その他
2013-03-19,メディア・ファイブ,マル合!3D ナナミと一緒に学ぼ! TOEIC(R) TEST対策編,2,,その他,メディア・ファイブ,0,1,その他
2013-03-19,ディースリー・パブリッシャー BeiZ,ローラのさんすうでんしゃ Lola's Math Train,2,,その他,ディースリー・パブリッシャー BeiZ,0,1,その他
2013-03-19,レベルファイブ,虫けら戦車 Bugs vs. Tanks,2,,その他,レベルファイブ,0,1,その他
2013-03-20,コナミデジタルエンタテインメント,キャッスルヴァニア ロード オブ シャドウ 宿命の魔鏡 Castlevania: Lords of Shadow – Mirror of Fate,2,YES,その他,コナミデジタルエンタテインメント,0,1,その他
2013-03-20,タカラトミーアーツ,プリティーリズム マイ☆デコレインボーウエディング,2,YES,その他,タカラトミーアーツ,0,1,その他
2013-03-20,任天堂,ルイージマンション2 Luigi's Mansion: Dark Moon,2,YES,その他,任天堂,0,1,その他
2013-03-27,セガ,3D スーパーハングオン,2,,その他,セガ,0,1,その他
2013-03-27,レベルファイブ,宇宙船ダムレイ号,2,,その他,レベルファイブ,0,1,その他
2013-03-27,サイバーフロント Endgame Studios,砕魂 〜さいたま〜 Fractured Soul,2,,その他,サイバーフロント Endgame Studios,0,1,その他
2013-03-28,クロン,初心者から日本一まで そろばん・あんざん・フラッシュ暗算,2,YES,その他,クロン,0,1,その他
2013-04-03,ディースリー・パブリッシャー,@SIMPLE DLシリーズ Vol.10 THE 浮気彼氏 〜クリスマス中止のお知らせ〜,2,,その他,ディースリー・パブリッシャー,0,1,その他
2013-04-03,ディースリー・パブリッシャー,@SIMPLE DLシリーズ Vol.9 THE 密室からの脱出 〜テレビ局密着24時編〜,2,,その他,ディースリー・パブリッシャー,0,1,その他
2013-04-03,アークシステムワークス,毎度 へぼ将棋,2,,その他,アークシステムワークス,0,1,その他
2013-04-04,インターグロー Focus Home Interactive（英語版）,Farming Simulator 3Dポケット農園 Farming Simulator 3D|Farming Simulator 2012 3D,2,YES,その他,インターグロー Focus Home Interactive（英語版）,0,1,その他
2013-04-04,IEインスティテュート,キッパーのえいご教室 Floppy's Phonics vol.1 キッパー編,2,YES,その他,IEインスティテュート,0,1,その他
2013-04-04,IEインスティテュート,キッパーのえいご教室 Floppy's Phonics vol.2 ビフ編,2,YES,その他,IEインスティテュート,0,1,その他
2013-04-04,IEインスティテュート,キッパーのえいご教室 Floppy's Phonics vol.3 チップ編,2,YES,その他,IEインスティテュート,0,1,その他
2013-04-10,任天堂,ザ・ローリング・ウエスタン 最後の用心棒 Dillon's Rolling Western: The Last Ranger,2,,その他,任天堂,0,1,その他
2013-04-10,任天堂,"大盛り!いきものづくり クリエイトーイ Freakyforms Deluxe: Your Creations, Alive!",2,,その他,任天堂,0,1,その他
2013-04-11,フリュー,カードファイト!! ヴァンガード ライド トゥ ビクトリー!!,2,YES,その他,フリュー,0,1,その他
2013-04-17,ハムスター,ニコリのパズル ヤジリン,2,,その他,ハムスター,0,1,その他
2013-04-17,テヨンジャパン Gamelion Studios,ピックス3D,2,,その他,テヨンジャパン Gamelion Studios,0,1,その他
2013-04-17,フライハイワークス Circle Entertainment,魔女と勇者 Witch & Hero,2,,その他,フライハイワークス Circle Entertainment,0,1,その他
2013-04-18,エム・ティー・オー Ubisoft,オシャレでかわいい子犬と遊ぼ! 街編 Petz Countryside,2,YES,その他,エム・ティー・オー Ubisoft,0,1,その他
2013-04-18,任天堂,トモダチコレクション 新生活 Tomodachi Life,2,YES,その他,任天堂,0,1,その他
2013-04-23,任天堂,いっしょにフォト スーパーマリオ,2,,その他,任天堂,0,1,その他
2013-04-24,ディースリー・パブリッシャー,@SIMPLE DLシリーズ Vol.11 THE 浮気彼氏 〜家政婦が見た浮気現場〜,2,,その他,ディースリー・パブリッシャー,0,1,その他
2013-04-24,ディースリー・パブリッシャー,@SIMPLE DLシリーズ Vol.12 THE 密室からの脱出 〜危険な5つの密室〜,2,,その他,ディースリー・パブリッシャー,0,1,その他
2013-04-24,トムクリエイト,たまご大冒険,2,,その他,トムクリエイト,0,1,その他
2013-04-24,アークシステムワークス Shin'en Multimedia,アートオブバランス タッチ!（英語版）,2,,その他,アークシステムワークス Shin'en Multimedia,0,1,その他
2013-04-25,アスガルド,Starry☆Sky〜in Spring〜3D,2,YES,その他,アスガルド,0,1,その他
2013-04-25,バンダイナムコゲームス,名探偵コナン マリオネット交響曲,2,YES,その他,バンダイナムコゲームス,0,1,その他
2013-05-08,アークシステムワークス,コロケス,2,,その他,アークシステムワークス,0,1,その他
2013-05-08,甲南電機製作所 Teyon,スイートランデブー さるっぱ Banana Bliss: Jungle Puzzles,2,,その他,甲南電機製作所 Teyon,0,1,その他
2013-05-08,メディア・ファイブ,マル合格! 基本情報技術者試験 平成26年度版,2,,その他,メディア・ファイブ,0,1,その他
2013-05-08,メディア・ファイブ,マル合格! 応用情報技術者試験 平成26年度版,2,,その他,メディア・ファイブ,0,1,その他
2013-05-15,セガ,3D ソニック・ザ・ヘッジホッグ,2,,その他,セガ,0,1,その他
2013-05-22,フライハイワークス Hörberg Productions,ガンマンストーリー Gunman Clive,2,,その他,フライハイワークス Hörberg Productions,0,1,その他
2013-05-23,バンダイナムコゲームス,たまごっちのドキドキ☆ドリームおみせっち,2,YES,その他,バンダイナムコゲームス,0,1,その他
2013-05-23,カルチャーブレーン,ぬいぐるみのケーキ屋さん 〜魔法のパティシエール〜,2,YES,その他,カルチャーブレーン,0,1,その他
2013-05-23,アトラス,真・女神転生IV,2,YES,その他,アトラス,0,1,その他
2013-05-29,セガ,3D 獣王記 3D Altered Beast,2,,その他,セガ,0,1,その他
2013-05-29,アークシステムワークス,どぎめぎインリョクちゃん,2,,その他,アークシステムワークス,0,1,その他
2013-05-30,ソニックパワード,キラ★メキ おしゃれサロン! 〜わたしのしごとは美容師さん〜,2,YES,その他,ソニックパワード,0,1,その他
2013-06-05,アークシステムワークス,SWORDS & SOLDIERS 3D,2,,その他,アークシステムワークス,0,1,その他
2013-06-05,ファンユニット Teyon,peakvox CUBE タクティクス Cube Tactics,2,,その他,ファンユニット Teyon,0,1,その他
2013-06-05,シルバースタージャパン Agetec,タッチバトル戦車3D-2,2,,その他,シルバースタージャパン Agetec,0,1,その他
2013-06-05,メディア・ファイブ,マル合格! 宅地建物取引士試験,2,,その他,メディア・ファイブ,0,1,その他
2013-06-12,ディースリー・パブリッシャー,@SIMPLE DLシリーズ Vol.13 THE タクシー 〜僕はカリスマ運転手〜,2,,その他,ディースリー・パブリッシャー,0,1,その他
2013-06-12,ジースタイル 欧州: Joindots,CHAIN BLASTER,2,,その他,ジースタイル 欧州: Joindots,0,1,その他
2013-06-12,ジュピター,ピクロスe3,2,,その他,ジュピター,0,1,その他
2013-06-13,任天堂,ドンキーコング リターンズ 3D Donkey Kong Country Returns 3D,2,YES,その他,任天堂,0,1,その他
2013-06-13,スクウェア・エニックス,超速変形ジャイロゼッター アルバロスの翼,2,YES,その他,スクウェア・エニックス,0,1,その他
2013-06-19,メディア・ファイブ,マル合格! ケアマネジャー試験,2,,その他,メディア・ファイブ,0,1,その他
2013-06-20,アガツマ・エンタテインメント 北米: Natsume,さよなら 海腹川背 Yumi's Odd Odyssey,2,YES,その他,アガツマ・エンタテインメント 北米: Natsume,0,1,その他
2013-06-20,バンダイナムコゲームス Nintendo,クマ・トモ Teddy Together,2,YES,その他,バンダイナムコゲームス Nintendo,0,1,その他
2013-06-20,ハムスター,忍者じゃじゃ丸くん さくら姫と火竜のひみつ,2,YES,その他,ハムスター,0,1,その他
2013-06-26,セガ,3D エコー・ザ・ドルフィン,2,,その他,セガ,0,1,その他
2013-06-26,フライハイワークス QubicGames,ゲキヤバランナー 2 Fast 4 Gnomz,2,,その他,フライハイワークス QubicGames,0,1,その他
2013-06-26,テヨンジャパン Pixel Toys,スーパーリトルリス3D Super Little Acorns 3D Turbo,2,,その他,テヨンジャパン Pixel Toys,0,1,その他
2013-06-27,アスガルド,Starry☆Sky〜in Summer〜3D,2,YES,その他,アスガルド,0,1,その他
2013-06-27,バンダイナムコゲームス,デジモンワールド リ:デジタイズ デコード,2,YES,その他,バンダイナムコゲームス,0,1,その他
2013-06-27,アトラス 欧州: NIS America,新・世界樹の迷宮 ミレニアムの少女 Etrian Odyssey Untold: The Millennium Girl,2,YES,その他,アトラス 欧州: NIS America,0,1,その他
2013-07-03,メディア・ファイブ,グレコからの挑戦状! 漢字の館とオバケたち 小学1年生,2,,その他,メディア・ファイブ,0,1,その他
2013-07-03,メディア・ファイブ,グレコからの挑戦状! 漢字の館とオバケたち 小学2年生,2,,その他,メディア・ファイブ,0,1,その他
2013-07-03,メディア・ファイブ,グレコからの挑戦状! 漢字の館とオバケたち 小学3年生,2,,その他,メディア・ファイブ,0,1,その他
2013-07-03,メディア・ファイブ,グレコからの挑戦状! 漢字の館とオバケたち 小学4年生,2,,その他,メディア・ファイブ,0,1,その他
2013-07-03,メディア・ファイブ,グレコからの挑戦状! 漢字の館とオバケたち 小学5年生,2,,その他,メディア・ファイブ,0,1,その他
2013-07-03,メディア・ファイブ,グレコからの挑戦状! 漢字の館とオバケたち 小学6年生,2,,その他,メディア・ファイブ,0,1,その他
2013-07-03,テヨンジャパン Gamelion Studios,モンスターシューター,2,,その他,テヨンジャパン Gamelion Studios,0,1,その他
2013-07-03,任天堂,実写でちびロボ! Chibi-Robo! Photo Finder,2,,その他,任天堂,0,1,その他
2013-07-04,日本コロムビア,まめゴマ はっぴー!スイーツファーム,2,YES,その他,日本コロムビア,0,1,その他
2013-07-04,バンダイナムコゲームス,トリコ グルメガバトル!,2,YES,その他,バンダイナムコゲームス,0,1,その他
2013-07-10,アークシステムワークス 北米: Aksys Games 欧州: Rising Star Games,BIT.TRIP SAGA,2,,その他,アークシステムワークス 北米: Aksys Games 欧州: Rising Star Games,0,1,その他
2013-07-10,DETUNE,KORG M01D,2,,その他,DETUNE,0,1,その他
2013-07-10,ジースタイル,ゾンゲリボウリング,2,,その他,ジースタイル,0,1,その他
2013-07-10,メディア・ファイブ,マル合格! 行政書士試験,2,,その他,メディア・ファイブ,0,1,その他
2013-07-11,レベルファイブ Nintendo,妖怪ウォッチ,2,YES,その他,レベルファイブ Nintendo,0,1,その他
2013-07-12,スクウェア・エニックス Activision,スカイランダーズ スパイロの大冒険 Skylanders: Spyro's Adventure,2,YES,その他,スクウェア・エニックス Activision,0,1,その他
2013-07-17,アークシステムワークス,ゾンビズクール2,2,,その他,アークシステムワークス,0,1,その他
2013-07-18,バーグサラ・ライトウェイト,おしゃれハムスターと暮らそう いっしょにおでかけ Brilliant Hamsters!,2,YES,その他,バーグサラ・ライトウェイト,0,1,その他
2013-07-18,レベルファイブ,ダンボール戦機W 超カスタム,2,YES,その他,レベルファイブ,0,1,その他
2013-07-18,任天堂,マリオ&ルイージRPG4 ドリームアドベンチャー Mario & Luigi: Dream Team,2,YES,その他,任天堂,0,1,その他
2013-07-24,セガ,3D ギャラクシーフォースII,2,,その他,セガ,0,1,その他
2013-07-24,ロケーション,みんなのおしゃべりチャット,2,,その他,ロケーション,0,1,その他
2013-07-24,アークシステムワークス Big John Games,ジェットコースターをつくろう!3D Coaster Creator 3D,2,,その他,アークシステムワークス Big John Games,0,1,その他
2013-07-24,任天堂,マリオ AND ドンキーコング ミニミニカーニバル Mario and Donkey Kong: Minis on the Move,2,,その他,任天堂,0,1,その他
2013-07-25,アルケミスト,ちび☆デビ!2 〜魔法のゆめえほん〜,2,YES,その他,アルケミスト,0,1,その他
2013-07-25,日本コロムビア,ほっぺちゃん つくって!あそんで!ぷにぷにタウン!!,2,YES,その他,日本コロムビア,0,1,その他
2013-07-25,日本コロムビア,ビーストサーガ 最強激突コロシアム!,2,YES,その他,日本コロムビア,0,1,その他
2013-07-25,レベルファイブ,ファンタジーライフ LINK!,2,YES,その他,レベルファイブ,0,1,その他
2013-07-25,カプコン,逆転裁判5 Phoenix Wright: Ace Attorney − Dual Destinies,2,YES,その他,カプコン,0,1,その他
2013-07-31,ディースリー・パブリッシャー,@SIMPLE DLシリーズ Vol.14 THE 密室からの脱出 〜裏切りの密室〜,2,,その他,ディースリー・パブリッシャー,0,1,その他
2013-07-31,ゲームフリーク,ソリティ馬 Pocket Card Jockey,2,,その他,ゲームフリーク,0,1,その他
2013-08-01,エム・ティー・オー,おしゃれな仔犬3D,2,YES,その他,エム・ティー・オー,0,1,その他
2013-08-01,バンダイナムコゲームス Nintendo,ディズニー マジックキャッスル マイ・ハッピー・ライフ Disney Magical World,2,YES,その他,バンダイナムコゲームス Nintendo,0,1,その他
2013-08-01,バンダイナムコゲームス,ドキドキ!プリキュア なりきりライフ!,2,YES,その他,バンダイナムコゲームス,0,1,その他
2013-08-07,セガ,3D ザ・スーパー忍II 3D Shinobi III: Return of the Ninja Master,2,,その他,セガ,0,1,その他
2013-08-07,ディースリー・パブリッシャー,@SIMPLE DLシリーズ Vol.15 THE 麻雀,2,,その他,ディースリー・パブリッシャー,0,1,その他
2013-08-07,メディア・ファイブ,マル合格! 秘書検定,2,,その他,メディア・ファイブ,0,1,その他
2013-08-07,ジニアス・ソノリティ,電波人間のRPG3 The Denpa Men 3: The Rise of the Digitoll,2,,その他,ジニアス・ソノリティ,0,1,その他
2013-08-08,ディースリー・パブリッシャー,SIMPLEシリーズ for ニンテンドー3DS Vol.1 THE 麻雀,2,YES,その他,ディースリー・パブリッシャー,0,1,その他
2013-08-08,任天堂,だるめしスポーツ店 Rusty's Real Deal Baseball,2,,その他,任天堂,0,1,その他
2013-08-08,ソニックパワード,ぼくは航空管制官 エアポートヒーロー3D 那覇 PREMIUM,2,YES,その他,ソニックパワード,0,1,その他
2013-08-08,バンダイナムコゲームス,ワンピース ROMANCE DAWN 冒険の夜明け One Piece: Romance Dawn,2,YES,その他,バンダイナムコゲームス,0,1,その他
2013-08-08,アークシステムワークス Natsume,熱血硬派くにおくんSP 乱闘協奏曲 River City: Tokyo Rumble,2,YES,その他,アークシステムワークス Natsume,0,1,その他
2013-08-08,バンダイナムコゲームス,獣電戦隊キョウリュウジャー ゲームでガブリンチョ!!,2,YES,その他,バンダイナムコゲームス,0,1,その他
2013-08-10,タカラトミーアーツ,ポケモントレッタラボ メインシステム,2,,その他,タカラトミーアーツ,0,1,その他
2013-08-21,セガ,3D ベア・ナックル 怒りの鉄拳 3D Streets of Rage,2,,その他,セガ,0,1,その他
2013-08-21,アークシステムワークス,Colors! 3D,2,,その他,アークシステムワークス,0,1,その他
2013-08-21,Collavier,もっと気軽に!お絵描き工房プラス,2,,その他,Collavier,0,1,その他
2013-08-21,メディア・ファイブ,グレコからの挑戦状! 計算の城とオバケたち かけ算,2,,その他,メディア・ファイブ,0,1,その他
2013-08-21,メディア・ファイブ,グレコからの挑戦状! 計算の城とオバケたち たし算,2,,その他,メディア・ファイブ,0,1,その他
2013-08-21,メディア・ファイブ,グレコからの挑戦状! 計算の城とオバケたち ひき算,2,,その他,メディア・ファイブ,0,1,その他
2013-08-21,メディア・ファイブ,グレコからの挑戦状! 計算の城とオバケたち わり算,2,,その他,メディア・ファイブ,0,1,その他
2013-08-21,テヨンジャパン,ロボットレスキュー3D,2,,その他,テヨンジャパン,0,1,その他
2013-08-22,スパイク・チュンソフト Atlus,CONCEPTIONII 七星の導きとマズルの悪夢 Conception II: Children of the Seven Stars,2,YES,その他,スパイク・チュンソフト Atlus,0,1,その他
2013-08-22,メディア・ファイブ,ナナミと一緒に学ぼ!English上達のコツ,2,YES,その他,メディア・ファイブ,0,1,その他
2013-08-28,ハムスター,ニコリのパズル ナンバーリンク,2,,その他,ハムスター,0,1,その他
2013-08-29,アスガルド,Starry☆Sky〜in Autumn〜3D,2,YES,その他,アスガルド,0,1,その他
2013-08-29,インターグロー Focus Home Interactive,シャーロック・ホームズ パズルシティ Sherlock Holmes and The Mystery of the Frozen City,2,YES,その他,インターグロー Focus Home Interactive,0,1,その他
2013-09-04,ディースリー・パブリッシャー,@SIMPLE DLシリーズ Vol.16 THE 密室からの脱出 〜愉快なサルとファミレス編〜,2,,その他,ディースリー・パブリッシャー,0,1,その他
2013-09-04,アークシステムワークス,リトルドールプリンセス 〜料理編〜,2,,その他,アークシステムワークス,0,1,その他
2013-09-05,スターフィッシュ・エスディ,エルミナージュ ゴシック 3D REMIX 〜ウルム・ザキールと闇の儀式〜,2,YES,その他,スターフィッシュ・エスディ,0,1,その他
2013-09-11,フライハイワークス Circle Entertainment,ブランチ☆パニック! Brunch Panic,2,,その他,フライハイワークス Circle Entertainment,0,1,その他
2013-09-14,カプコン,モンスターハンター4,2,YES,その他,カプコン,0,1,その他
2013-09-19,インターグロー Cerasus Media,ジュエルマスター Jewel Link: Legends of Atlantis 3D,2,YES,その他,インターグロー Cerasus Media,0,1,その他
2013-09-19,バンダイナムコゲームス,ムシブギョー,2,YES,その他,バンダイナムコゲームス,0,1,その他
2013-09-19,コーエーテクモゲームス,三國志,2,YES,その他,コーエーテクモゲームス,0,1,その他
2013-09-19,コーエーテクモゲームス,信長の野望,2,YES,その他,コーエーテクモゲームス,0,1,その他
2013-09-26,オフィスクリエイト Majesco Entertainment,ガーデニングママ:ママと森のなかまたち Gardening Mama 2: Forest Friends,2,YES,その他,オフィスクリエイト Majesco Entertainment,0,1,その他
2013-09-26,スパイク・チュンソフト Disney Interactive Studios,ディズニー エピックミッキー:ミッキーのふしぎな冒険 Epic Mickey: The Power of Illusion,2,YES,その他,スパイク・チュンソフト Disney Interactive Studios,0,1,その他
2013-09-26,ソニックパワード,鉄道にっぽん!路線たび 長良川鉄道編,2,YES,その他,ソニックパワード,0,1,その他
2013-09-26,バンダイナムコゲームス,魔界王子 devils and realist 代理王の秘宝,2,YES,その他,バンダイナムコゲームス,0,1,その他
2013-10-02,ディースリー・パブリッシャー,@SIMPLE DLシリーズ Vol.17 THE オセロ,2,,その他,ディースリー・パブリッシャー,0,1,その他
2013-10-03,バンダイナムコゲームス,SPEC〜干〜,2,YES,その他,バンダイナムコゲームス,0,1,その他
2013-10-12,ポケモン Nintendo,ポケットモンスター X Pokémon X,2,YES,その他,ポケモン Nintendo,0,1,その他
2013-10-12,ポケモン Nintendo,ポケットモンスター Y Pokémon Y,2,YES,その他,ポケモン Nintendo,0,1,その他
2013-10-16,フライハイワークス,ワケダス,2,,その他,フライハイワークス,0,1,その他
2013-10-17,バンダイナムコゲームス,戦闘中 伝説の忍とサバイバルバトル!,2,YES,その他,バンダイナムコゲームス,0,1,その他
2013-10-24,セガ,ソニック ロストワールド,2,YES,その他,セガ,0,1,その他
2013-10-30,ディースリー・パブリッシャー,@SIMPLE DLシリーズ Vol.18 THE 将棋,2,,その他,ディースリー・パブリッシャー,0,1,その他
2013-10-30,ディースリー・パブリッシャー,@SIMPLE DLシリーズ Vol.19 THE 囲碁,2,,その他,ディースリー・パブリッシャー,0,1,その他
2013-10-30,ディースリー・パブリッシャー,@SIMPLE DLシリーズ Vol.20 THE カード 〜大富豪 ポーカー ブラックジャック〜,2,,その他,ディースリー・パブリッシャー,0,1,その他
2013-10-30,ディースリー・パブリッシャー,@SIMPLE DLシリーズ Vol.21 THE 鑑識官 〜File.1 緊急捜査!重要証拠をタッチせよ!〜,2,,その他,ディースリー・パブリッシャー,0,1,その他
2013-10-30,アークシステムワークス Big John Games,ビッグバス アーケード Big Bass Arcade: No Limit,2,,その他,アークシステムワークス Big John Games,0,1,その他
2013-10-31,アスガルド,Starry☆Sky〜in Winter〜3D,2,YES,その他,アスガルド,0,1,その他
2013-10-31,レベルファイブ,ダンボール戦機ウォーズ,2,YES,その他,レベルファイブ,0,1,その他
2013-11-06,ディースリー・パブリッシャー,@SIMPLE DLシリーズ Vol.22 THE 歩兵 〜戦場の犬たち〜,2,,その他,ディースリー・パブリッシャー,0,1,その他
2013-11-06,テヨンジャパン 欧州: Funbox Media,アウトドアズ・アンリーシュド アフリカ3D Outdoors Unleashed: Africa 3D,2,,その他,テヨンジャパン 欧州: Funbox Media,0,1,その他
2013-11-06,メディア・ファイブ,グレコからの挑戦状! 英単語の島とオバケたち STEP1,2,,その他,メディア・ファイブ,0,1,その他
2013-11-06,メディア・ファイブ,グレコからの挑戦状! 英単語の島とオバケたち STEP2,2,,その他,メディア・ファイブ,0,1,その他
2013-11-07,バンダイナムコゲームス,たまごっち!せーしゅんのドリームスクール,2,YES,その他,バンダイナムコゲームス,0,1,その他
2013-11-07,フリュー,エクステトラ,2,YES,その他,フリュー,0,1,その他
2013-11-07,カルチャーブレーン,キャラペット つくって!そだでて!キャラクター小学校,2,YES,その他,カルチャーブレーン,0,1,その他
2013-11-07,バンダイナムコゲームス,バンダイナムコゲームスPRESENTS Jレジェンド列伝,2,YES,その他,バンダイナムコゲームス,0,1,その他
2013-11-07,角川ゲームス,メタルマックス4 月光のディーヴァ,2,YES,その他,角川ゲームス,0,1,その他
2013-11-13,インターグロー WayForward Technologies,マイティー スイッチ フォース!,2,,その他,インターグロー WayForward Technologies,0,1,その他
2013-11-14,フリュー,ジュエルペット カフェで魔法のクッキング!,2,YES,その他,フリュー,0,1,その他
2013-11-14,小学館,ドラちえ ミニドラ音楽隊と7つの知恵,2,YES,その他,小学館,0,1,その他
2013-11-14,ロケットカンパニー,メダロットDUAL カブトVer.,2,YES,その他,ロケットカンパニー,0,1,その他
2013-11-14,ロケットカンパニー,メダロットDUAL クワガタVer.,2,YES,その他,ロケットカンパニー,0,1,その他
2013-11-14,アルケミスト,モデル☆おしゃれオーディション ドリームガール,2,YES,その他,アルケミスト,0,1,その他
2013-11-14,コナミデジタルエンタテインメント,ワールドサッカー ウイニングイレブン 2014,2,YES,その他,コナミデジタルエンタテインメント,0,1,その他
2013-11-14,任天堂,大合奏!バンドブラザーズP,2,YES,その他,任天堂,0,1,その他
2013-11-14,アークシステムワークス,星霜のアマゾネス,2,YES,その他,アークシステムワークス,0,1,その他
2013-11-20,メディア・ファイブ,グレコからの挑戦状! 英単語の島とオバケたち STEP3,2,,その他,メディア・ファイブ,0,1,その他
2013-11-20,メディア・ファイブ,グレコからの挑戦状! 英単語の島とオバケたち STEP4,2,,その他,メディア・ファイブ,0,1,その他
2013-11-20,インターグロー Image & Form（英語版）,スチームワールド ディグ,2,,その他,インターグロー Image & Form（英語版）,0,1,その他
2013-11-20,ジュピター,ピクロスe4,2,,その他,ジュピター,0,1,その他
2013-11-21,任天堂,いっしょにフォト どうぶつの森,2,,その他,任天堂,0,1,その他
2013-11-21,バンダイナムコゲームス,アイカツ! 2人のmy princess,2,YES,その他,バンダイナムコゲームス,0,1,その他
2013-11-21,オフィスクリエイト 北米: Majesco Entertainment 欧州: Nintendo,クッキングママ5 Cooking Mama 5: Bon Appétit!,2,YES,その他,オフィスクリエイト 北米: Majesco Entertainment 欧州: Nintendo,0,1,その他
2013-11-21,バンダイナムコゲームス,ワンピース アンリミテッドワールドR One Piece: Unlimited World Red,2,YES,その他,バンダイナムコゲームス,0,1,その他
2013-11-27,ディースリー・パブリッシャー,@SIMPLE DLシリーズ Vol.23 THE 鑑識官 〜File.2 緊急出動!落ちたホシを追え!〜,2,,その他,ディースリー・パブリッシャー,0,1,その他
2013-11-27,フライハイワークス Tate Multimedia（英語版）,アーバントライアル: フリースタイル,2,,その他,フライハイワークス Tate Multimedia（英語版）,0,1,その他
2013-11-27,甲南電機製作所 Teyon,エクスケーブ Excave,2,,その他,甲南電機製作所 Teyon,0,1,その他
2013-11-27,アークシステムワークス,ゲームざんまい,2,,その他,アークシステムワークス,0,1,その他
2013-11-27,任天堂,ニンテンドー3DSガイド ルーヴル美術館,2,YES,その他,任天堂,0,1,その他
2013-11-27,ジースタイル,極めろ!瞬間ジャンプ検定,2,,その他,ジースタイル,0,1,その他
2013-11-28,日本コロムビア,わんニャンペットショップ,2,YES,その他,日本コロムビア,0,1,その他
2013-11-28,バンダイナムコゲームスDisney Interactive Studios,ディズニー インフィニティ トイ・ボックス・チャレンジ,2,YES,その他,バンダイナムコゲームスDisney Interactive Studios,0,1,その他
2013-11-28,バンダイナムコゲームス,トリコ アルティメットサバイバル,2,YES,その他,バンダイナムコゲームス,0,1,その他
2013-11-28,タカラトミーアーツ,プリティーリズム レインボーライブ きらきらマイ☆デザイン,2,YES,その他,タカラトミーアーツ,0,1,その他
2013-11-28,バンダイナムコゲームス,仮面ライダー トラベラーズ戦記,2,YES,その他,バンダイナムコゲームス,0,1,その他
2013-11-28,セガ,初音ミク Project mirai 2,2,YES,その他,セガ,0,1,その他
2013-11-28,アルケミスト,子供に安心して与えられるゲームシリーズ 世界名作童話 親子で読めるゲーム絵本 プリンセス編,2,YES,その他,アルケミスト,0,1,その他
2013-11-28,アルケミスト,子供に安心して与えられるゲームシリーズ 世界名作童話 親子で読めるゲーム絵本 冒険編,2,YES,その他,アルケミスト,0,1,その他
2013-11-28,クロン,難攻不落三国伝〜蜀と時の銅雀〜,2,YES,その他,クロン,0,1,その他
2013-12-02,任天堂,いっしょにフォト ピクミン,2,,その他,任天堂,0,1,その他
2013-12-04,アークシステムワークス,リトルドールプリンセス 〜おやつ編〜,2,,その他,アークシステムワークス,0,1,その他
2013-12-04,アムジー,燐光のランツェ,2,,その他,アムジー,0,1,その他
2013-12-04,アークシステムワークス,脱出アドベンチャー 悪夢の死神列車,2,,その他,アークシステムワークス,0,1,その他
2013-12-05,レベルファイブ,イナズマイレブンGO ギャラクシー スーパーノヴァ,2,YES,その他,レベルファイブ,0,1,その他
2013-12-05,レベルファイブ,イナズマイレブンGO ギャラクシー ビッグバン,2,YES,その他,レベルファイブ,0,1,その他
2013-12-05,カプコン,ガイストクラッシャー,2,YES,その他,カプコン,0,1,その他
2013-12-05,スクウェア・エニックス,ブレイブリーデフォルト フォー・ザ・シークウェル,2,YES,その他,スクウェア・エニックス,0,1,その他
2013-12-05,スパイク・チュンソフト,進撃の巨人〜人類最後の翼〜 Attack on Titan: Humanity in Chains,2,YES,その他,スパイク・チュンソフト,0,1,その他
2013-12-05,コナミデジタルエンタテインメント,遊戯王ZEXAL 激突! デュエルカーニバル! Yu-Gi-Oh! Zexal: World Duel Carnival,2,YES,その他,コナミデジタルエンタテインメント,0,1,その他
2013-12-11,ポイソフト,王だぁランド!,2,,その他,ポイソフト,0,1,その他
2013-12-11,アークシステムワークス Nnooo,電脳からの脱出 escapeVektor,2,,その他,アークシステムワークス Nnooo,0,1,その他
2013-12-12,ディースリー・パブリッシャー,VitaminZ Revolution,2,YES,その他,ディースリー・パブリッシャー,0,1,その他
2013-12-12,日本コロムビア,こびとづかん こびとの不思議 実験セット,2,YES,その他,日本コロムビア,0,1,その他
2013-12-12,ソニックパワード,キラメキ わくわくスイーツ Waku Waku Sweets: Happy Sweets Making,2,YES,その他,ソニックパワード,0,1,その他
2013-12-12,エクサム 北米: Bergsala Lightweight 欧州: Rising Star Games,ハローキティとまほうのエプロン リズムクッキング♪ Hello Kitty's Magic Apron,2,YES,その他,エクサム 北米: Bergsala Lightweight 欧州: Rising Star Games,0,1,その他
2013-12-12,ガンホー・オンライン・エンターテイメント,パズドラZ,2,YES,その他,ガンホー・オンライン・エンターテイメント,0,1,その他
2013-12-12,トイボックス 北米: Natsume 欧州: Rising Star Games,ホームタウンストーリー,2,YES,その他,トイボックス 北米: Natsume 欧州: Rising Star Games,0,1,その他
2013-12-18,セガ,3D アフターバーナーII,2,,その他,セガ,0,1,その他
2013-12-18,フライハイワークス QubicGames,Aiレース:スピード,2,,その他,フライハイワークス QubicGames,0,1,その他
2013-12-18,アークシステムワークス,SWORDS & DARKNESS,2,,その他,アークシステムワークス,0,1,その他
2013-12-18,アークシステムワークス,WORLD CONQUEROR 3D,2,,その他,アークシステムワークス,0,1,その他
2013-12-18,スパイシーソフト,チャリ走DX2 ギャラクシー Bike Rider DX2: Galaxy,2,,その他,スパイシーソフト,0,1,その他
2013-12-18,フライハイワークス CIRCLE Entertainment,プチノベル「収穫の十二月」 Petit Novel series: Harvest December,2,,その他,フライハイワークス CIRCLE Entertainment,0,1,その他
2013-12-19,カルチャーブレーン,おしゃべりうさぎ おしゃれコレクション,2,YES,その他,カルチャーブレーン,0,1,その他
2013-12-19,ソニックパワード,ぼくは航空管制官 エアポートヒーロー3D 新千歳 with JAL,2,YES,その他,ソニックパワード,0,1,その他
2013-12-19,角川ゲームス,ハイスクールD×D,2,YES,その他,角川ゲームス,0,1,その他
2013-12-19,インターグロー Rising Star Games,メタルファイト ベイブレード 4D×ZEROG アルティメットトーナメント Beyblade: Evolution,2,YES,その他,インターグロー Rising Star Games,0,1,その他
2013-12-19,エム・ティー・オー,子猫のアルバム 〜My Little Cat〜,2,YES,その他,エム・ティー・オー,0,1,その他
2013-12-25,テヨンジャパン Gamelion Studios,スピードX3D ハイパーエディション,2,,その他,テヨンジャパン Gamelion Studios,0,1,その他
2013-12-25,ポケモン Nintendo,ポケモンバンク,2,,その他,ポケモン Nintendo,0,1,その他
2013-12-25,アークシステムワークス 北米: Microvalue（英語版） 欧州: Avanquest Software,殺人ミステリー 切り裂きジャック Mystery Murders: Jack the Ripper,2,,その他,アークシステムワークス 北米: Microvalue（英語版） 欧州: Avanquest Software,0,1,その他
2013-12-26,任天堂,ゼルダの伝説 神々のトライフォース2 The Legend of Zelda: A Link Between Worlds,2,YES,その他,任天堂,0,1,その他
2014-01-08,テヨンジャパン 北米: GMG Play 欧州: Reef Entertainment,バルダーダッシュXL 3D Boulder Dash-XL 3D,2,,その他,テヨンジャパン 北米: GMG Play 欧州: Reef Entertainment,0,1,その他
2014-01-11,任天堂,星のカービィ トリプルデラックス Kirby: Triple Deluxe,2,YES,その他,任天堂,0,1,その他
2014-01-15,Collavier,コミック工房,2,,その他,Collavier,0,1,その他
2014-01-16,ディースリー・パブリッシャー,VitaminX Evolution Plus,2,YES,その他,ディースリー・パブリッシャー,0,1,その他
2014-01-22,メディア・ファイブ,大人 VS グレコ 漢字の塔とオバケたち ちょいムズ編,2,,その他,メディア・ファイブ,0,1,その他
2014-01-22,メディア・ファイブ,大人 VS グレコ 漢字の塔とオバケたち 完全フルセット,2,,その他,メディア・ファイブ,0,1,その他
2014-01-22,メディア・ファイブ,大人 VS グレコ 漢字の塔とオバケたち 常識編,2,,その他,メディア・ファイブ,0,1,その他
2014-01-22,メディア・ファイブ,大人 VS グレコ 漢字の塔とオバケたち 激ムズ編,2,,その他,メディア・ファイブ,0,1,その他
2014-01-23,クロン Circle Entertainment,Karous -The Beast of Re：Eden-,2,YES,その他,クロン Circle Entertainment,0,1,その他
2014-01-29,アークシステムワークス,といてすすんで!なぞときキャッスル,2,,その他,アークシステムワークス,0,1,その他
2014-01-29,メディア・ファイブ,ナナミと一緒に学ぼ!English日常会話,2,,その他,メディア・ファイブ,0,1,その他
2014-01-29,フライハイワークス,プチノベル「境域の一月」,2,,その他,フライハイワークス,0,1,その他
2014-01-29,シルバースタージャパン,文字パズル ことだまーる★,2,,その他,シルバースタージャパン,0,1,その他
2014-01-29,クロン,難攻不落三国伝〜呉と大河の衛者〜,2,,その他,クロン,0,1,その他
2014-01-29,クロン,難攻不落三国伝〜魏と大いなる戦線〜,2,,その他,クロン,0,1,その他
2014-01-30,イメージエポック,闘神都市,2,YES,その他,イメージエポック,0,1,その他
2014-02-05,アークシステムワークス Shin'en Multimedia,ジェットロケット プラネットアドベンチャー Jett Rocket II: The Wrath of Taikai,2,,その他,アークシステムワークス Shin'en Multimedia,0,1,その他
2014-02-06,セガ,ぷよぷよテトリス,2,YES,その他,セガ,0,1,その他
2014-02-06,スクウェア・エニックス,ドラゴンクエストモンスターズ2 イルとルカの不思議なふしぎな鍵,2,YES,その他,スクウェア・エニックス,0,1,その他
2014-02-12,アークシステムワークス,上海3D,2,,その他,アークシステムワークス,0,1,その他
2014-02-13,アートディンク Natsume,A列車で行こう3D A-Train 3D: City Simulator,2,YES,その他,アートディンク Natsume,0,1,その他
2014-02-13,バンダイナムコゲームス,マギ 新たなる世界,2,YES,その他,バンダイナムコゲームス,0,1,その他
2014-02-14,任天堂,STEELDIVER SUBWARS,2,,その他,任天堂,0,1,その他
2014-02-19,メディア・ファイブ,マル合格! 地方公務員上級 専門試験2015年度版,2,,その他,メディア・ファイブ,0,1,その他
2014-02-19,メディア・ファイブ,マル合格! 地方公務員上級 教養試験2015年度版,2,,その他,メディア・ファイブ,0,1,その他
2014-02-19,クロン,ラジルギでごじゃる!,2,,その他,クロン,0,1,その他
2014-02-20,バンダイナムコゲームス,黒子のバスケ 勝利のキセキ,2,YES,その他,バンダイナムコゲームス,0,1,その他
2014-02-26,ディースリー・パブリッシャー,@SIMPLE DLシリーズVol.24 THE 密室からの脱出 〜癒されない温泉編〜,2,,その他,ディースリー・パブリッシャー,0,1,その他
2014-02-26,フライハイワークス,プチノベル「贈与の二月」,2,,その他,フライハイワークス,0,1,その他
2014-02-27,任天堂,カセキホリダー ムゲンギア Fossil Fighters: Frontier,2,YES,その他,任天堂,0,1,その他
2014-02-27,マーベラスAQL 北米: Xseed Games 欧州: Nintendo,牧場物語 つながる新天地 Story of Seasons,2,YES,その他,マーベラスAQL 北米: Xseed Games 欧州: Nintendo,0,1,その他
2014-03-05,テヨンジャパン,バートマニア ウィンター3D Bird Mania Christmas,2,,その他,テヨンジャパン,0,1,その他
2014-03-06,アガツマ・エンタテインメント,アンパンマンとあそぼ NEWあいうえお教室,2,YES,その他,アガツマ・エンタテインメント,0,1,その他
2014-03-06,フリュー,ドラえもん 新・のび太の大魔境 ペコと5人の探検隊,2,YES,その他,フリュー,0,1,その他
2014-03-12,アークシステムワークス Aksys Games,おきらくフィッシング3D Family Fishing,2,,その他,アークシステムワークス Aksys Games,0,1,その他
2014-03-12,ポケモン Nintendo,ポケモンバトルトローゼ,2,,その他,ポケモン Nintendo,0,1,その他
2014-03-12,インプラス,黒子スタイル,2,,その他,インプラス,0,1,その他
2014-03-13,ロケットカンパニー,くまモン★ボンバー パズル de くまモン体操,2,YES,その他,ロケットカンパニー,0,1,その他
2014-03-13,カルチャーブレーン,超人ウルトラベースボール アクションカードバトル,2,YES,その他,カルチャーブレーン,0,1,その他
2014-03-19,セガ,3D ファンタジーゾーン オパオパブラザーズ 3D Fantasy Zone II W,2,,その他,セガ,0,1,その他
2014-03-19,ディースリー・パブリッシャー,LolaのABCパーティー,2,,その他,ディースリー・パブリッシャー,0,1,その他
2014-03-19,テヨンジャパン,クレイジーチキン ディレクターズカット3D,2,,その他,テヨンジャパン,0,1,その他
2014-03-19,アークシステムワークス Corecell Technology,タイムアベンジャー AeternoBlade,2,,その他,アークシステムワークス Corecell Technology,0,1,その他
2014-03-19,フライハイワークス,プチノベル「恋々の三月」,2,,その他,フライハイワークス,0,1,その他
2014-03-19,甲南電機製作所 Teyon,鋼鉄帝国 STEEL EMPIRE,2,,その他,甲南電機製作所 Teyon,0,1,その他
2014-03-20,バンダイナムコゲームス,ゲームセンターCX 3丁目の有野,2,YES,その他,バンダイナムコゲームス,0,1,その他
2014-03-20,セガ,ヒーローバンク,2,YES,その他,セガ,0,1,その他
2014-03-20,任天堂,マリオパーティ アイランドツアー,2,YES,その他,任天堂,0,1,その他
2014-03-26,テヨンジャパン Gamelion Studios,9-in-1 アーケードコレクション 10-in-1: Arcade Collection,2,,その他,テヨンジャパン Gamelion Studios,0,1,その他
2014-03-26,アークシステムワークス,もののけ探偵 信太のあやかし事件帳,2,,その他,アークシステムワークス,0,1,その他
2014-03-26,アルテピアッツァ,アロー・オブ・ラピュタ 影なし先生とキロンの封鍵,2,,その他,アルテピアッツァ,0,1,その他
2014-03-26,メディア・ファイブ,マル合格! 基本情報技術者試験 平成26年度版,2,,その他,メディア・ファイブ,0,1,その他
2014-03-26,メディア・ファイブ,マル合格! 応用情報技術者試験 平成26年度版,2,,その他,メディア・ファイブ,0,1,その他
2014-03-27,コナミデジタルエンタテインメント,NEWラブプラス+,2,YES,その他,コナミデジタルエンタテインメント,0,1,その他
2014-04-02,ディースリー・パブリッシャー,@SIMPLE DLシリーズVol.25 THE ソリティア 〜クロンダイク・スパイダー〜,2,,その他,ディースリー・パブリッシャー,0,1,その他
2014-04-02,メディア・ファイブ,マル合格! ITパスポート試験 平成26年度版,2,,その他,メディア・ファイブ,0,1,その他
2014-04-02,アークシステムワークス,戦車3D,2,,その他,アークシステムワークス,0,1,その他
2014-04-02,セガ,頭文字D パーフェクトシフト ONLINE,2,,その他,セガ,0,1,その他
2014-04-09,ソニックパワード,SKYPEACE,2,,その他,ソニックパワード,0,1,その他
2014-04-10,バンダイナムコゲームス,クレヨンしんちゃん 嵐を呼ぶ カスカベ映画スターズ!,2,YES,その他,バンダイナムコゲームス,0,1,その他
2014-04-10,アルケミスト,ペンギンの問題+ 爆勝!ルーレットバトル!!,2,YES,その他,アルケミスト,0,1,その他
2014-04-16,ディースリー・パブリッシャー,@SIMPLE DLシリーズVol.26 THE テニス,2,,その他,ディースリー・パブリッシャー,0,1,その他
2014-04-16,スターサインEnjoyUp Games,スター★シリーズ:キュートウィッチDress to Play: Cute Witches!,2,,その他,スターサインEnjoyUp Games,0,1,その他
2014-04-16,アークシステムワークス 北米: Joindots 欧州: Easy Interactive,タイタニック殺人事件 Murder on the Titanic,2,,その他,アークシステムワークス 北米: Joindots 欧州: Easy Interactive,0,1,その他
2014-04-17,任天堂,わがままファッション GIRLS MODE よくばり宣言! トキメキUP!,2,YES,その他,任天堂,0,1,その他
2014-04-17,バンダイナムコゲームス,名探偵コナン ファントム狂詩曲,2,YES,その他,バンダイナムコゲームス,0,1,その他
2014-04-17,カプコン,逆転裁判123 成歩堂セレクション Phoenix Wright: Ace Attorney Trilogy,2,YES,その他,カプコン,0,1,その他
2014-04-23,セガ,3D アウトラン,2,,その他,セガ,0,1,その他
2014-04-23,アークシステムワークス 欧州: Aksys Games,SLICE IT!,2,,その他,アークシステムワークス 欧州: Aksys Games,0,1,その他
2014-04-23,ソニックパワード,がっき で あそぼ♪ たのしい どうよう(1),2,,その他,ソニックパワード,0,1,その他
2014-04-23,フライハイワークス,プチノベル「青嵐の四月」,2,,その他,フライハイワークス,0,1,その他
2014-04-23,テヨンジャパン Selectsoft,ペンギンペット3D 101 Penguin Pets 3D,2,,その他,テヨンジャパン Selectsoft,0,1,その他
2014-04-24,日本コロムビア,JSガール ドキドキ モデルチャレンジ,2,YES,その他,日本コロムビア,0,1,その他
2014-04-24,Nexon Korea,Maple Story 運命の少女,2,YES,その他,Nexon Korea,0,1,その他
2014-04-24,バンダイナムコゲームス,ぐるぐるたまごっち!,2,YES,その他,バンダイナムコゲームス,0,1,その他
2014-04-24,スクウェア・エニックス,シアトリズム ファイナルファンタジー カーテンコール,2,YES,その他,スクウェア・エニックス,0,1,その他
2014-04-30,ディースリー・パブリッシャー,@SIMPLE DLシリーズVol.27 THE イラストパズル,2,,その他,ディースリー・パブリッシャー,0,1,その他
2014-04-30,ディースリー・パブリッシャー,@SIMPLE DLシリーズVol.28 THE 連撃英雄,2,,その他,ディースリー・パブリッシャー,0,1,その他
2014-04-30,テヨンジャパン,ガバナー オブ ポーカー,2,,その他,テヨンジャパン,0,1,その他
2014-04-30,スターサインEnjoyUp Games,スター★シリーズ:マジックバブルDress to Play: Magic Bubbles!,2,,その他,スターサインEnjoyUp Games,0,1,その他
2014-04-30,フライハイワークス,スノーモーターレーシング3D,2,,その他,フライハイワークス,0,1,その他
2014-04-30,アークシステムワークス Natsume,熱血魔法物語 River City: Knights of Justice,2,,その他,アークシステムワークス Natsume,0,1,その他
2014-04-30,アークシステムワークス,脱出アドベンチャー シアワセの赤い石,2,,その他,アークシステムワークス,0,1,その他
2014-04-30,ジースタイル 欧州: Joindots,脱出星人!? デルデルデルデ Alien on the Run,2,,その他,ジースタイル 欧州: Joindots,0,1,その他
2014-05-01,サクセス,おさわり探偵 小沢里奈 ライジング3 なめこはバナナの夢を見るか?,2,YES,その他,サクセス,0,1,その他
2014-05-01,任天堂,マリオゴルフ ワールドツアー,2,YES,その他,任天堂,0,1,その他
2014-05-07,スターサイン,スター★シリーズ:3D ダーツ,2,,その他,スターサイン,0,1,その他
2014-05-14,アークシステムワークス,ARC STYLE: さっかー!!2014,2,,その他,アークシステムワークス,0,1,その他
2014-05-21,フライハイワークス,プチノベル「闘劇の五月」,2,,その他,フライハイワークス,0,1,その他
2014-05-21,メディア・ファイブ,マル合格! 宅地建物取引士試験 平成26年度版,2,,その他,メディア・ファイブ,0,1,その他
2014-05-22,コナミデジタルエンタテインメント,ワールドサッカー ウイニングイレブン 2014 蒼き侍の挑戦,2,YES,その他,コナミデジタルエンタテインメント,0,1,その他
2014-05-24,任天堂,カセキホリダー増量ムゲンギア,2,,その他,任天堂,0,1,その他
2014-05-28,ディースリー・パブリッシャー,@SIMPLE DLシリーズVol.29 THE ラインパズル,2,,その他,ディースリー・パブリッシャー,0,1,その他
2014-06-04,レイニーフロッグ Two Tribes（英語版）,EDGE（英語版）,2,,その他,レイニーフロッグ Two Tribes（英語版）,0,1,その他
2014-06-05,ポケモン Nintendo,とうぞくと1000びきのポケモン,2,,その他,ポケモン Nintendo,0,1,その他
2014-06-05,フリュー,カードファイト!! ヴァンガード ロックオンビクトリー!!,2,YES,その他,フリュー,0,1,その他
2014-06-05,アトラス 欧州: NIS America,ペルソナQ シャドウ オブ ザ ラビリンス,2,YES,その他,アトラス 欧州: NIS America,0,1,その他
2014-06-11,スターサインEnjoyUp Games,スター★シリーズ:3D サッカーSoccer Up 3D,2,,その他,スターサインEnjoyUp Games,0,1,その他
2014-06-11,ジュピター,ピクロスe5,2,,その他,ジュピター,0,1,その他
2014-06-19,フライハイワークス,ウオキャッチ!,2,,その他,フライハイワークス,0,1,その他
2014-06-19,バンダイナムコゲームス,パックワールド Pac-Man and the Ghostly Adventures,2,YES,その他,バンダイナムコゲームス,0,1,その他
2014-06-19,任天堂,ポケモンアートアカデミー,2,YES,その他,任天堂,0,1,その他
2014-06-19,カルチャーブレーン,昆虫モンスター スーパーバトル,2,YES,その他,カルチャーブレーン,0,1,その他
2014-06-25,ディースリー・パブリッシャー,@SIMPLE DLシリーズVol.30 THE ナンバーパズル,2,,その他,ディースリー・パブリッシャー,0,1,その他
2014-06-25,DETUNE,KORG DSN-12,2,,その他,DETUNE,0,1,その他
2014-06-25,フライハイワークス,Shizuku,2,,その他,フライハイワークス,0,1,その他
2014-06-25,ソニックパワード,がっき で あそぼ♪ たのしい どうよう(2),2,,その他,ソニックパワード,0,1,その他
2014-06-25,PUMO,ぐんまのやぼう for ニンテンドー3DS,2,,その他,PUMO,0,1,その他
2014-06-25,フライハイワークス,プチノベル「婚儀の六月」,2,,その他,フライハイワークス,0,1,その他
2014-06-25,ライドオンジャパン CIRCLE Entertainment,不思議の国の冒険酒場 Adventure Bar Story,2,,その他,ライドオンジャパン CIRCLE Entertainment,0,1,その他
2014-06-26,バンダイナムコゲームス,太鼓の達人 どんとかつの時空大冒険,2,YES,その他,バンダイナムコゲームス,0,1,その他
2014-06-26,アルトロン,熟語 速引辞典,2,YES,その他,アルトロン,0,1,その他
2014-07-02,アークシステムワークス,ガチャレーシング,2,,その他,アークシステムワークス,0,1,その他
2014-07-03,クロン,IslandDays,2,YES,その他,クロン,0,1,その他
2014-07-09,ソニックパワード,がっき で あそぼ♪ たのしい どうよう(3),2,,その他,ソニックパワード,0,1,その他
2014-07-09,インテンス Circle Entertainment,超科学脱出ストーリー 〜絶海の豪華客船〜 Parascientific Escape: Cruise in the Distant Seas（英語版）,2,,その他,インテンス Circle Entertainment,0,1,その他
2014-07-10,レベルファイブNintendo,妖怪ウォッチ2 元祖Yo-kai Watch 2: Bony Spirits,2,YES,その他,レベルファイブNintendo,0,1,その他
2014-07-10,レベルファイブNintendo,妖怪ウォッチ2 本家Yo-kai Watch 2: Fleshy Souls,2,YES,その他,レベルファイブNintendo,0,1,その他
2014-07-16,セガ,3D ファンタジーゾーンIIダブル,2,,その他,セガ,0,1,その他
2014-07-16,甲南電機製作所Bergsala Lightweight,エクスケーブ 〜異界の魔導士編〜Excave II: Wizard of the Underworld,2,,その他,甲南電機製作所Bergsala Lightweight,0,1,その他
2014-07-16,テヨンジャパン Gamelion Studios,ピック・ア・ジュエル Pick-A-Gem,2,,その他,テヨンジャパン Gamelion Studios,0,1,その他
2014-07-16,フライハイワークス,プチノベル「神学の七月」,2,,その他,フライハイワークス,0,1,その他
2014-07-17,日本コロムビア,ほっぺちゃん みんなでおでかけ!ワクワクほっぺランド!!,2,YES,その他,日本コロムビア,0,1,その他
2014-07-17,バンダイナムコゲームス,ガンダムトライエイジSP,2,YES,その他,バンダイナムコゲームス,0,1,その他
2014-07-17,フリュー,ハマトラ Look at Smoking World,2,YES,その他,フリュー,0,1,その他
2014-07-23,任天堂,カービィファイターズZ Kirby Fighters Deluxe,2,,その他,任天堂,0,1,その他
2014-07-23,任天堂,デデデ大王のデデデでデンZ Dedede's Drum Dash Deluxe,2,,その他,任天堂,0,1,その他
2014-07-23,メディア・ファイブ,マル合格! ケアマネジャー試験 平成26年度版,2,,その他,メディア・ファイブ,0,1,その他
2014-07-23,メディア・ファイブ,マル合格! 介護福祉士試験 平成26年度版,2,,その他,メディア・ファイブ,0,1,その他
2014-07-23,ジニアス・ソノリティ,電波人間のRPG FREE!,2,,その他,ジニアス・ソノリティ,0,1,その他
2014-07-24,任天堂,ヨッシー New アイランド Yoshi's New Island,2,YES,その他,任天堂,0,1,その他
2014-07-30,ディースリー・パブリッシャー,@SIMPLE DLシリーズVol.31 THE 密室からの脱出 〜延長必至のカラオケ編〜,2,,その他,ディースリー・パブリッシャー,0,1,その他
2014-07-30,アルテピアッツァ,アクセルナイツ2 フルスロットル,2,,その他,アルテピアッツァ,0,1,その他
2014-07-30,クロン,イルベロデリンジャ,2,,その他,クロン,0,1,その他
2014-07-30,アークシステムワークス,オーノーオデッセイ 〜地球からの脱出〜,2,,その他,アークシステムワークス,0,1,その他
2014-07-30,タカラトミーアーツ,ブキガミ,2,,その他,タカラトミーアーツ,0,1,その他
2014-07-31,角川ゲームス,Fate/kaleid liner プリズマ☆イリヤ,2,YES,その他,角川ゲームス,0,1,その他
2014-07-31,イメージエポック,ソニプロ,2,YES,その他,イメージエポック,0,1,その他
2014-07-31,日本コロムビア,トーマスとあそんでおぼえる ことばとかずとABC,2,YES,その他,日本コロムビア,0,1,その他
2014-07-31,バンダイナムコゲームス,ハピネスチャージプリキュア! かわルン☆コレクション,2,YES,その他,バンダイナムコゲームス,0,1,その他
2014-08-06,ディースリー・パブリッシャー,@SIMPLE DLシリーズVol.32 THE バトルロボ 〜大共闘スクランブル〜,2,,その他,ディースリー・パブリッシャー,0,1,その他
2014-08-06,レイニーフロッグ CoderChild,CUBIT ワンボタン ランニング アクションCubit the Hardcore Platformer Robot,2,,その他,レイニーフロッグ CoderChild,0,1,その他
2014-08-06,テヨンジャパン Selectsoft,Castle Clout 3D 攻城戦線キャッスルクラウト Castle Clout 3D,2,,その他,テヨンジャパン Selectsoft,0,1,その他
2014-08-06,甲南電機製作所 Bergsala-Lightweight,メゾン・ド・魔王 Unholy Heights,2,,その他,甲南電機製作所 Bergsala-Lightweight,0,1,その他
2014-08-06,アムジー,奪還指令魔女ダンジョン 〜主の為ならやらねばなるまい〜,2,,その他,アムジー,0,1,その他
2014-08-06,フライハイワークス Circle Entertainment,魔神少女 -Chronicle 2D ACT-The Legend of Dark Witch,2,,その他,フライハイワークス Circle Entertainment,0,1,その他
2014-08-07,インターグロー Focus Home Interactive,Farming Simulator 14 ポケット農園 2 Farming Simulator 14,2,YES,その他,インターグロー Focus Home Interactive,0,1,その他
2014-08-07,バンダイナムコゲームス,ドラゴンボールヒーローズ アルティメットミッション2,2,YES,その他,バンダイナムコゲームス,0,1,その他
2014-08-07,マーベラス 北米: XSEED Games,閃乱カグラ2 -真紅- Senran Kagura 2: Deep Crimson,2,YES,その他,マーベラス 北米: XSEED Games,0,1,その他
2014-08-20,セガ,3D サンダーブレード,2,,その他,セガ,0,1,その他
2014-08-20,インティ・クリエイツ,マイティガンヴォルト,2,,その他,インティ・クリエイツ,0,1,その他
2014-08-20,メディア・ファイブ,マル合格! 行政書士試験 平成26年度版,2,,その他,メディア・ファイブ,0,1,その他
2014-08-20,ケムコ Nicalis,神創世界グリンシア Grinsia,2,,その他,ケムコ Nicalis,0,1,その他
2014-08-20,インティ・クリエイツ,蒼き雷霆 ガンヴォルト Azure Striker Gunvolt,2,,その他,インティ・クリエイツ,0,1,その他
2014-08-21,ソニックパワード,鉄道にっぽん!路線たび 鹿島臨海鉄道編 Japanese Rail Sim 3D: Journey in Suburbs #2,2,YES,その他,ソニックパワード,0,1,その他
2014-08-27,フライハイワークス Zordix AB,アクアモーターレーシング3D,2,,その他,フライハイワークス Zordix AB,0,1,その他
2014-08-27,フライハイワークス,プチノベル「祝祭の八月」,2,,その他,フライハイワークス,0,1,その他
2014-08-27,アークシステムワークス,脱出アドベンチャー 終焉の黒い霧,2,,その他,アークシステムワークス,0,1,その他
2014-08-28,ロケットカンパニー,メダロット8 カブトver.,2,YES,その他,ロケットカンパニー,0,1,その他
2014-08-28,ロケットカンパニー,メダロット8 クワガタver.,2,YES,その他,ロケットカンパニー,0,1,その他
2014-09-03,アークシステムワークス Joindots,Gardenscapes つくろう!大庭園,2,,その他,アークシステムワークス Joindots,0,1,その他
2014-09-03,Collavier,カスタムモンスターズ,2,,その他,Collavier,0,1,その他
2014-09-04,ソニックパワード,ぼくは航空管制官 エアポートヒーロー3D 関空SKY STORY I am an Air Traffic controller Airport Hero Osaka-Kix,2,YES,その他,ソニックパワード,0,1,その他
2014-09-04,カプコン,ガイストクラッシャー ゴッド,2,YES,その他,カプコン,0,1,その他
2014-09-04,スクウェア・エニックス,ドラゴンクエストX オンライン,2,,その他,スクウェア・エニックス,0,1,その他
2014-09-10,レイニーフロッグ GameOn,2048,2,,その他,レイニーフロッグ GameOn,0,1,その他
2014-09-10,テヨンジャパン 北米: Reactor 欧州: Joindots,ちっちゃなげ〜む Vol.1 ナイトとドラゴンのヒマつぶし Tiny Games: Knights & Dragons,2,,その他,テヨンジャパン 北米: Reactor 欧州: Joindots,0,1,その他
2014-09-10,エインシャント,みんなで まもって騎士 姫のトキメキらぷそでぃ Gotta Protectors,2,,その他,エインシャント,0,1,その他
2014-09-13,任天堂,大乱闘スマッシュブラザーズ for Nintendo 3DS Super Smash Bros. for Nintendo 3DS,2,YES,その他,任天堂,0,1,その他
2014-09-17,テヨンジャパン Saturnine Games,タートルテイル 亀島奪回 Turtle Tale,2,,その他,テヨンジャパン Saturnine Games,0,1,その他
2014-09-24,アークシステムワークス Circle Entertainment,コンビニドリーム,2,,その他,アークシステムワークス Circle Entertainment,0,1,その他
2014-09-24,スターサイン Enjoy Gaming,トレジャーレイダー ピラミッドから脱出! Pyramids,2,,その他,スターサイン Enjoy Gaming,0,1,その他
2014-09-24,モバイル&ゲームスタジオ,ピンチ50連発!! 50 Pinch Barrage,2,,その他,モバイル&ゲームスタジオ,0,1,その他
2014-09-24,フライハイワークス,プチノベル「子宮の九月」,2,,その他,フライハイワークス,0,1,その他
2014-09-24,スターサイン,ワールドパーキングプロ,2,,その他,スターサイン,0,1,その他
2014-09-25,バンダイナムコゲームス,テンカイナイト ブレイブバトル,2,YES,その他,バンダイナムコゲームス,0,1,その他
2014-09-25,バンダイナムコゲームス,ハイキュー!! 繋げ!頂の景色!!,2,YES,その他,バンダイナムコゲームス,0,1,その他
2014-09-25,ロケットカンパニー,公益財団法人日本漢字能力検定協会 漢検トレーニング,2,YES,その他,ロケットカンパニー,0,1,その他
2014-10-01,シルバースタージャパン Agetec,タッチバトル忍者,2,,その他,シルバースタージャパン Agetec,0,1,その他
2014-10-01,アークシステムワークス,タングラム×タングラム 〜誰もがハマるシルエットパズル〜,2,,その他,アークシステムワークス,0,1,その他
2014-10-02,マーベラス 北米: Xseed Games,禁忌のマグナ Lord of Magna: Maiden Heaven,2,YES,その他,マーベラス 北米: Xseed Games,0,1,その他
2014-10-02,バンダイナムコゲームス,謎解きバトルTORE! 伝説の魔宮を復活させよ!,2,YES,その他,バンダイナムコゲームス,0,1,その他
2014-10-08,賈船Neko Entertainment,カンフーラビット（英語版）,2,,その他,賈船Neko Entertainment,0,1,その他
2014-10-08,フライハイワークス Circle Entertainment,フェアルーン Fairune,2,,その他,フライハイワークス Circle Entertainment,0,1,その他
2014-10-08,アークシステムワークス,名画と楽しむ大人の間違い探し,2,,その他,アークシステムワークス,0,1,その他
2014-10-09,日本コロムビア,チョコ犬のちょこっと不思議な物語 ショコラ姫と魔法のレシピ,2,YES,その他,日本コロムビア,0,1,その他
2014-10-09,バンダイナムコゲームス,マジンボーン 時間と空間の魔神,2,YES,その他,バンダイナムコゲームス,0,1,その他
2014-10-11,カプコン,モンスターハンター4G Monster Hunter 4 Ultimate,2,YES,その他,カプコン,0,1,その他
2014-10-22,フライハイワークス,プチノベル「破談の十月」,2,,その他,フライハイワークス,0,1,その他
2014-10-22,テヨンジャパン Bigben Interactive,小悪魔ココトの宇宙人くずし Cocoto Alien Brick Breaker,2,,その他,テヨンジャパン Bigben Interactive,0,1,その他
2014-10-22,スクウェア・エニックス,拡散性ミリオンアーサー,2,,その他,スクウェア・エニックス,0,1,その他
2014-10-22,PUMO Circle Entertainment,王国の道具屋さん Kingdom's Item Shop,2,,その他,PUMO Circle Entertainment,0,1,その他
2014-10-23,バンダイナムコゲームス,テイルズ オブ ザ ワールド レーヴ ユナイティア,2,YES,その他,バンダイナムコゲームス,0,1,その他
2014-10-23,ソニックパワード,鉄道にっぽん!路線たび 叡山電車編 Japanese Rail Sim 3D: Journey to Kyoto,2,YES,その他,ソニックパワード,0,1,その他
2014-10-29,ディースリー・パブリッシャー,@SIMPLE DLシリーズVol.33 THE 熱血!炎のラーメン屋,2,,その他,ディースリー・パブリッシャー,0,1,その他
2014-10-29,フライハイワークス QubicGames,Aiレース:X AiRace Xeno,2,,その他,フライハイワークス QubicGames,0,1,その他
2014-11-05,メディア・ファイブ,ぐるたん 中学英単語,2,,その他,メディア・ファイブ,0,1,その他
2014-11-05,メディア・ファイブ,ぐるたん 大人の英単語,2,,その他,メディア・ファイブ,0,1,その他
2014-11-05,メディア・ファイブ,ぐるたん 高校英単語,2,,その他,メディア・ファイブ,0,1,その他
2014-11-05,スターサイン,ピンポントリックショット2,2,,その他,スターサイン,0,1,その他
2014-11-05,メディア・ファイブ,マル合格! 社会福祉士試験 平成26年度版,2,,その他,メディア・ファイブ,0,1,その他
2014-11-06,ワーナー エンターテイメント ジャパン,LEGO ムービー ザ・ゲーム The Lego Movie Videogame,2,YES,その他,ワーナー エンターテイメント ジャパン,0,1,その他
2014-11-06,オフィスクリエイト Rising Star Games,クッキングママ:わたしのスイーツショップ Cooking Mama: Sweet Shop,2,YES,その他,オフィスクリエイト Rising Star Games,0,1,その他
2014-11-12,シルバースタージャパン,あしあとリバーシ くまモンバージョン,2,,その他,シルバースタージャパン,0,1,その他
2014-11-12,IEインスティテュート,シカクいアタマをマルくする。エキスパート 漢字・計算・図形,2,,その他,IEインスティテュート,0,1,その他
2014-11-12,IEインスティテュート,シカクいアタマをマルくする。ジュニア こくご・さんすう・しゃかい・りか・せいかつ,2,,その他,IEインスティテュート,0,1,その他
2014-11-12,IEインスティテュート,シカクいアタマをマルくする。マスター 国語・算数・社会・理科,2,,その他,IEインスティテュート,0,1,その他
2014-11-13,サクセス,おさわり探偵 小沢里奈 なめこリズム,2,YES,その他,サクセス,0,1,その他
2014-11-13,スターフィッシュ・エスディ,エルミナージュ異聞 アメノミハシラ・怪,2,YES,その他,スターフィッシュ・エスディ,0,1,その他
2014-11-13,バンダイナムコゲームス,ディスク・ウォーズ:アベンジャーズ アルティメットヒーローズ,2,YES,その他,バンダイナムコゲームス,0,1,その他
2014-11-13,バンダイナムコゲームス,ワンピース 超グランドバトル! X,2,YES,その他,バンダイナムコゲームス,0,1,その他
2014-11-13,エム・ティー・オー,瞬足 めざせ!全国最強ランナー,2,YES,その他,エム・ティー・オー,0,1,その他
2014-11-19,ディースリー・パブリッシャー,@SIMPLE DLシリーズVol.34 THE 密室からの脱出 〜ふしぎ発見!博物館編〜,2,,その他,ディースリー・パブリッシャー,0,1,その他
2014-11-19,インテンス,Ultimate Poker & BlackJack,2,,その他,インテンス,0,1,その他
2014-11-19,スマイルブーム,プチコン3号 SmileBASIC,2,,その他,スマイルブーム,0,1,その他
2014-11-19,フライハイワークス,プチノベル「別離の十一月」,2,,その他,フライハイワークス,0,1,その他
2014-11-20,日本コロムビア,すみっコぐらし ここがおちつくんです,2,YES,その他,日本コロムビア,0,1,その他
2014-11-20,MAGES.,まほコレ 〜魔法☆あいどるコレクション〜,2,YES,その他,MAGES.,0,1,その他
2014-11-20,バンダイナムコゲームス,アンパンマンとタッチでわくわくトレーニング,2,YES,その他,バンダイナムコゲームス,0,1,その他
2014-11-20,小学館,ドラえいご のび太と妖精のふしぎコレクション,2,YES,その他,小学館,0,1,その他
2014-11-20,ハピネット,ドーリィ♪カノン ドキドキ♪トキメキ♪ヒミツの音楽活動スタートでぇ〜す!!,2,YES,その他,ハピネット,0,1,その他
2014-11-20,バンダイナムコゲームス,藤子・F・不二雄キャラクターズ 大集合!SFドタバタパーティー!!,2,YES,その他,バンダイナムコゲームス,0,1,その他
2014-11-21,ポケモン Nintendo,ポケットモンスター アルファサファイア Pokémon Alpha Sapphire,2,YES,その他,ポケモン Nintendo,0,1,その他
2014-11-21,ポケモン Nintendo,ポケットモンスター オメガルビー Pokémon Omega Ruby,2,YES,その他,ポケモン Nintendo,0,1,その他
2014-11-26,フライハイワークス,SQUIDS -ひっぱりイカの大冒険-,2,,その他,フライハイワークス,0,1,その他
2014-11-26,メディア・ファイブ,マル合格! FP2級 平成26-27年度版,2,,その他,メディア・ファイブ,0,1,その他
2014-11-26,メディア・ファイブ,マル合格! FP3級 平成26-27年度版,2,,その他,メディア・ファイブ,0,1,その他
2014-11-27,バンダイナムコゲームス,ご当地鉄道 〜ご当地キャラと日本全国の旅〜,2,YES,その他,バンダイナムコゲームス,0,1,その他
2014-11-27,セガ,ヒーローバンク2,2,YES,その他,セガ,0,1,その他
2014-11-27,アトラス 欧州: NIS America,新・世界樹の迷宮2 ファフニールの騎士 Etrian Odyssey Untold 2: The Fafnir Knight,2,YES,その他,アトラス 欧州: NIS America,0,1,その他
2014-12-03,PUMO,DOOORS,2,,その他,PUMO,0,1,その他
2014-12-04,クロン,そろばん・あんざん・フラッシュ暗算 完全版,2,YES,その他,クロン,0,1,その他
2014-12-04,バンダイナムコゲームス,アイカツ! 365日のアイドルデイズ,2,YES,その他,バンダイナムコゲームス,0,1,その他
2014-12-04,角川ゲームス,ダービースタリオンGOLD,2,YES,その他,角川ゲームス,0,1,その他
2014-12-04,バンダイナムコゲームス,パックワールド2 Pac-Man and the Ghostly Adventures 2,2,YES,その他,バンダイナムコゲームス,0,1,その他
2014-12-04,コーエーテクモゲームス,戦国無双 Chronicle 3 Samurai Warriors Chronicles 3,2,YES,その他,コーエーテクモゲームス,0,1,その他
2014-12-04,スパイク・チュンソフト,進撃の巨人 〜人類最後の翼〜 CHAIN,2,YES,その他,スパイク・チュンソフト,0,1,その他
2014-12-10,スクウェア・エニックス,ブレイブリーセカンド 無料で遊べる三銃士編,2,,その他,スクウェア・エニックス,0,1,その他
2014-12-13,レベルファイブ Nintendo,妖怪ウォッチ2 真打 Yo-kai Watch 2: Psychic Specters,2,YES,その他,レベルファイブ Nintendo,0,1,その他
2014-12-17,ディースリー・パブリッシャー,@SIMPLE DLシリーズVol.35 THE 呪いの廃校舎 〜呪いの仮面と双子の少女〜,2,,その他,ディースリー・パブリッシャー,0,1,その他
2014-12-17,スパイシーソフト,チャリ走DX3 タイムライダー,2,,その他,スパイシーソフト,0,1,その他
2014-12-17,任天堂,バッジとれ〜るセンター Nintendo Badge Arcade,2,,その他,任天堂,0,1,その他
2014-12-17,インターグロー Rising Star Games,異史戦国伝宿業 Sadame,2,,その他,インターグロー Rising Star Games,0,1,その他
2014-12-18,ハピネット,12歳。 〜ほんとのキモチ〜,2,YES,その他,ハピネット,0,1,その他
2014-12-18,セガ,セガ3D復刻アーカイブス,2,YES,その他,セガ,0,1,その他
2014-12-18,セガ,ソニックトゥーン アイランドアドベンチャー Sonic Boom: Shattered Crystal,2,YES,その他,セガ,0,1,その他
2014-12-18,スクウェア・エニックス,ファイナルファンタジー エクスプローラーズ,2,YES,その他,スクウェア・エニックス,0,1,その他
2014-12-18,ロケットカンパニー,リラックマ なかよしコレクション,2,YES,その他,ロケットカンパニー,0,1,その他
2014-12-24,ジースタイル,ゾンゲリパニック ナイトメア,2,,その他,ジースタイル,0,1,その他
2014-12-24,賈船 Wobbly Tooth,トイスタントバイク,2,,その他,賈船 Wobbly Tooth,0,1,その他
2014-12-24,ジュピター,ピクロスe6,2,,その他,ジュピター,0,1,その他
2014-12-24,フライハイワークス,プチノベル「収斂の十二月」,2,,その他,フライハイワークス,0,1,その他
2014-12-24,メディア・ファイブ,マル合格! 簿記3級仕訳ドリル,2,,その他,メディア・ファイブ,0,1,その他
2014-12-25,ソニックパワード,ぼくは航空管制官 エアポートヒーロー3D 成田 ALL STARS I am an Air Traffic controller Airport Hero Narita,2,YES,その他,ソニックパワード,0,1,その他
2015-01-07,エープラス,6×1≠UNLIMITED?,2,,その他,エープラス,0,1,その他
2015-01-07,テヨンジャパン Cypronia,カラフリラックス 色彩合わせ Color Zen,2,,その他,テヨンジャパン Cypronia,0,1,その他
2015-01-07,メディア・ファイブ,マル合格! 簿記2級仕訳ドリル 商業簿記・工業簿記,2,,その他,メディア・ファイブ,0,1,その他
2015-01-07,PUMO,新宿ダンジョン,2,,その他,PUMO,0,1,その他
2015-01-14,ポイソフト,サンゴクストーリーズ天,2,,その他,ポイソフト,0,1,その他
2015-01-14,テヨンジャパン 北米: Gamelion Studios 欧州: HUUUGE GAMES Sp. z o.o.（ポーランド語版、ドイツ語版）,ハネカエリーノ Hazumi,2,,その他,テヨンジャパン 北米: Gamelion Studios 欧州: HUUUGE GAMES Sp. z o.o.（ポーランド語版、ドイツ語版）,0,1,その他
2015-01-14,ロケットカンパニー,公益財団法人 日本漢字能力検定協会 漢検トレーニング 1級 準1級 2級,2,,その他,ロケットカンパニー,0,1,その他
2015-01-14,ロケットカンパニー,公益財団法人 日本漢字能力検定協会 漢検トレーニング 3級,2,,その他,ロケットカンパニー,0,1,その他
2015-01-14,ロケットカンパニー,公益財団法人 日本漢字能力検定協会 漢検トレーニング 4級,2,,その他,ロケットカンパニー,0,1,その他
2015-01-14,ロケットカンパニー,公益財団法人 日本漢字能力検定協会 漢検トレーニング 5級,2,,その他,ロケットカンパニー,0,1,その他
2015-01-14,ロケットカンパニー,公益財団法人 日本漢字能力検定協会 漢検トレーニング 6級,2,,その他,ロケットカンパニー,0,1,その他
2015-01-14,ロケットカンパニー,公益財団法人 日本漢字能力検定協会 漢検トレーニング 7級,2,,その他,ロケットカンパニー,0,1,その他
2015-01-14,ロケットカンパニー,公益財団法人 日本漢字能力検定協会 漢検トレーニング 8級,2,,その他,ロケットカンパニー,0,1,その他
2015-01-14,ロケットカンパニー,公益財団法人 日本漢字能力検定協会 漢検トレーニング 9級 10級,2,,その他,ロケットカンパニー,0,1,その他
2015-01-14,ロケットカンパニー,公益財団法人 日本漢字能力検定協会 漢検トレーニング 準2級,2,,その他,ロケットカンパニー,0,1,その他
2015-01-15,任天堂,ハコボーイ! BoxBoy!,2,,その他,任天堂,0,1,その他
2015-01-15,スパイク・チュンソフト,喧嘩番長6〜ソウル&ブラッド〜,2,YES,その他,スパイク・チュンソフト,0,1,その他
2015-01-21,スクウェア・エニックス,FINAL FANTASY,2,,その他,スクウェア・エニックス,0,1,その他
2015-01-21,ビヨンド・インタラクティブ Digital Lounge,Outer World 20th Anniversary Edition Another World: 20th Anniversary Edition,2,,その他,ビヨンド・インタラクティブ Digital Lounge,0,1,その他
2015-01-22,ワーナー エンターテイメント ジャパン,レゴ マーベル スーパーヒーローズ ザ・ゲーム Lego Marvel Super Heroes: Universe in Peril,2,YES,その他,ワーナー エンターテイメント ジャパン,0,1,その他
2015-01-22,フリュー Atlus,レジェンド オブ レガシー,2,YES,その他,フリュー Atlus,0,1,その他
2015-01-28,アークシステムワークス Cinemax (ゲーム会社)（英語版）,THE KEEP 〜呪われしクリスタルの迷宮〜 The Keep,2,,その他,アークシステムワークス Cinemax (ゲーム会社)（英語版）,0,1,その他
2015-01-28,フライハイワークス Circle Entertainment,アイコンパズル タッピンゴ Tappingo,2,,その他,フライハイワークス Circle Entertainment,0,1,その他
2015-01-28,甲南電機製作所 Bergsala Lightweight,エクスケーブ 〜運命の夢幻塔編〜 Excave III: Tower of Destiny,2,,その他,甲南電機製作所 Bergsala Lightweight,0,1,その他
2015-01-28,シルバースタージャパン,激投戦士 ナゲルンダー,2,,その他,シルバースタージャパン,0,1,その他
2015-01-29,バンダイナムコゲームス,エースコンバット 3D クロスランブル + Ace Combat: Assault Horizon Legacy +,2,YES,その他,バンダイナムコゲームス,0,1,その他
2015-01-29,アトラス 欧州: NIS America,デビルサバイバー2 ブレイクレコード Shin Megami Tensei: Devil Survivor 2: Record Breaker,2,YES,その他,アトラス 欧州: NIS America,0,1,その他
2015-01-29,バンダイナムコゲームス,弱虫ペダル 栄光への高回転,2,YES,その他,バンダイナムコゲームス,0,1,その他
2015-02-05,バンダイナムコゲームス,ロストヒーローズ2,2,YES,その他,バンダイナムコゲームス,0,1,その他
2015-02-10,賈船 Joindots,忍びのPAZURU Pazur,2,,その他,賈船 Joindots,0,1,その他
2015-02-11,バンダイナムコゲームス,七つの大罪 真実の冤罪,2,YES,その他,バンダイナムコゲームス,0,1,その他
2015-02-14,任天堂,ゼルダの伝説 ムジュラの仮面 3D The Legend of Zelda: Majora's Mask 3D,2,YES,その他,任天堂,0,1,その他
2015-02-18,フライハイワークス Circle Entertainment,KAMI,2,,その他,フライハイワークス Circle Entertainment,0,1,その他
2015-02-18,トムクリエイト,ひっぱり〜ニャ!,2,,その他,トムクリエイト,0,1,その他
2015-02-18,タカラトミー,イジン爆闘!!ウデジマン,2,,その他,タカラトミー,0,1,その他
2015-02-18,ポケモン Nintendo,ポケとる Pokémon Shuffle,2,,その他,ポケモン Nintendo,0,1,その他
2015-02-18,任天堂,役満 鳳凰,2,,その他,任天堂,0,1,その他
2015-02-25,Collavier,コミック工房2,2,,その他,Collavier,0,1,その他
2015-02-25,ライドオンジャパン Circle Entertainment,マーセナリーズサーガ2 Mercenaries Saga 2: Order of the Silver Eagle,2,,その他,ライドオンジャパン Circle Entertainment,0,1,その他
2015-02-25,テヨンジャパン 北米: Gamelion Studios 欧州: HUUUGE GAMES Sp. z o.o.,リーグ オブ ヒーローズ League of Heroes,2,,その他,テヨンジャパン 北米: Gamelion Studios 欧州: HUUUGE GAMES Sp. z o.o.,0,1,その他
2015-02-26,小学館,ドラもじ のび太の漢字大作戦,2,YES,その他,小学館,0,1,その他
2015-02-26,コーエーテクモゲームス,金色のコルダ3 フルボイスspecial,2,YES,その他,コーエーテクモゲームス,0,1,その他
2015-03-04,フライハイワークス Hörberg Production,ガンマンストーリー2 Gunman Clive 2,2,,その他,フライハイワークス Hörberg Production,0,1,その他
2015-03-05,フリュー,ドラえもん のび太の宇宙英雄記,2,YES,その他,フリュー,0,1,その他
2015-03-05,任天堂,レゴシティ アンダーカバー チェイス ビギンズ,2,YES,その他,任天堂,0,1,その他
2015-03-05,アトラス 欧州: NIS America,世界樹と不思議のダンジョン Etrian Mystery Dungeon,2,YES,その他,アトラス 欧州: NIS America,0,1,その他
2015-03-05,フリュー,新テニスの王子様 〜Go to the top〜,2,YES,その他,フリュー,0,1,その他
2015-03-11,アークシステムワークス,ザ・スカイファイターズ 〜トリウム戦争〜 Thorium Wars: Attack of the Skyfighter,2,,その他,アークシステムワークス,0,1,その他
2015-03-12,バンダイナムコゲームス,暗殺教室 殺せんせー大包囲網!!,2,YES,その他,バンダイナムコゲームス,0,1,その他
2015-03-19,タカラトミーアーツ,プリパラ&プリティーリズム プリパラでつかえるおしゃれアイテム1450!,2,YES,その他,タカラトミーアーツ,0,1,その他
2015-03-19,任天堂,マリオvs.ドンキーコング みんなでミニランド Mario vs. Donkey Kong: Tipping Stars,2,YES,その他,任天堂,0,1,その他
2015-03-25,フライハイワークス Circle Entertainment,サムライディフェンダー Samurai Defender,2,,その他,フライハイワークス Circle Entertainment,0,1,その他
2015-03-25,アークシステムワークス,ゾンビ パニック イン ワンダーランド DX,2,,その他,アークシステムワークス,0,1,その他
2015-03-25,レイニーフロッグ,パズルボトル,2,,その他,レイニーフロッグ,0,1,その他
2015-03-25,メディア・ファイブ,マル合格! 医療事務 診療報酬請求事務能力認定試験（医科）,2,,その他,メディア・ファイブ,0,1,その他
2015-03-26,スクウェア・エニックス,シアトリズム ドラゴンクエスト,2,YES,その他,スクウェア・エニックス,0,1,その他
2015-03-26,ロケットカンパニー,梨汁ブシャー!! ふなっしー VS DRAGONS,2,YES,その他,ロケットカンパニー,0,1,その他
2015-03-26,バンダイナムコゲームス,黒子のバスケ 未来へのキズナ,2,YES,その他,バンダイナムコゲームス,0,1,その他
2015-04-01,ディースリー・パブリッシャー,@SIMPLE DLシリーズVol.36 THE 密室からの脱出 〜旅は道連れ!鉄道編〜,2,,その他,ディースリー・パブリッシャー,0,1,その他
2015-04-02,ワーナー エンターテイメント ジャパン,LEGO バットマン3 ザ・ゲーム ゴッサムから宇宙へ Lego Batman 3: Beyond Gotham（英語版）,2,YES,その他,ワーナー エンターテイメント ジャパン,0,1,その他
2015-04-02,任天堂,ゼノブレイド Xenoblade Chronicles 3D,2,YES,その他,任天堂,0,1,その他
2015-04-02,フリュー,テラフォーマーズ 紅き惑星の激闘,2,YES,その他,フリュー,0,1,その他
2015-04-02,角川ゲームス NIS America,ロデア・ザ・スカイソルジャー Rodea the Sky Soldier,2,YES,その他,角川ゲームス NIS America,0,1,その他
2015-04-08,ディースリー・パブリッシャー,@SIMPLE DLシリーズVol.37 THE 巨人走,2,,その他,ディースリー・パブリッシャー,0,1,その他
2015-04-08,ポケモン Nintendo,みんなのポケモンスクランブル Pokémon Rumble World,2,,その他,ポケモン Nintendo,0,1,その他
2015-04-08,アークシステムワークス Aksys Games,ラジオハンマー,2,,その他,アークシステムワークス Aksys Games,0,1,その他
2015-04-09,クロン,雷子,2,YES,その他,クロン,0,1,その他
2015-04-15,ディースリー・パブリッシャー,ぼくらの七日間戦争 〜友情アドベンチャー〜,2,,その他,ディースリー・パブリッシャー,0,1,その他
2015-04-16,任天堂,GIRLS MODE 3 キラキラ☆コーデ 北米: Style Savvy: Fashion Forwar 欧州: Nintendo Presents: New Style Boutique 2 - Fashion Forward,2,YES,その他,任天堂,0,1,その他
2015-04-16,フリュー,フューチャーカード バディファイト 友情の爆熱ファイト!,2,YES,その他,フリュー,0,1,その他
2015-04-22,ディースリー・パブリッシャー,@SIMPLE DLシリーズVol.38 THE アイテム探し 〜女子高生探偵 真実の事件簿〜,2,,その他,ディースリー・パブリッシャー,0,1,その他
2015-04-22,フライハイワークス,Shizuku memory,2,,その他,フライハイワークス,0,1,その他
2015-04-22,テヨンジャパン Selectsoft,ポニーペット3D 101 Pony Pets 3D,2,,その他,テヨンジャパン Selectsoft,0,1,その他
2015-04-22,メディア・ファイブ,マル合格! 宅建試験 平成27年度版,2,,その他,メディア・ファイブ,0,1,その他
2015-04-22,ポイソフト,新ひゅ〜ストン,2,,その他,ポイソフト,0,1,その他
2015-04-22,アークシステムワークス,脱出アドベンチャー 呪いの数列,2,,その他,アークシステムワークス,0,1,その他
2015-04-23,スクウェア・エニックス,ブレイブリーセカンド エンドレイヤー,2,YES,その他,スクウェア・エニックス,0,1,その他
2015-04-23,日本コロムビア Aksys Games,見習い魔女とモコモコフレンズ Moco Moco Friends,2,YES,その他,日本コロムビア Aksys Games,0,1,その他
2015-04-28,セガゲームス,3D ベア・ナックルII 死闘への鎮魂歌 3D Streets of Rage 2,2,,その他,セガゲームス,0,1,その他
2015-04-28,ロケーション,みんなのデコレーションカード,2,,その他,ロケーション,0,1,その他
2015-04-28,シルバースタージャパン,タッチバトル戦車3D-3,2,,その他,シルバースタージャパン,0,1,その他
2015-04-29,ガンホー・オンライン・エンターテイメント,パズル&ドラゴンズ スーパーマリオブラザーズ エディション,2,YES,その他,ガンホー・オンライン・エンターテイメント,0,1,その他
2015-04-30,ソニックパワード,ぼくは航空管制官 エアポートヒーロー3D 羽田 ALL STARS,2,YES,その他,ソニックパワード,0,1,その他
2015-04-30,サクセス,梨汁アクション! ふなっしーの愉快なおはなっしー,2,YES,その他,サクセス,0,1,その他
2015-05-13,ライブレイジ Nnooo,シバ・カーリーの伝説 Legend of Kusakari,2,,その他,ライブレイジ Nnooo,0,1,その他
2015-05-13,スターサイン 北米: Enjoy Gaming 欧州: TwoFiveSix,ダイナマイト ジョニー Johnny Dynamite,2,,その他,スターサイン 北米: Enjoy Gaming 欧州: TwoFiveSix,0,1,その他
2015-05-13,任天堂,引ク出ス ヒッパランド 北米: Stretchmo 欧州: Fullblox,2,,その他,任天堂,0,1,その他
2015-05-14,任天堂,Code Name: S.T.E.A.M. リンカーンVSエイリアン,2,YES,その他,任天堂,0,1,その他
2015-05-20,メディア・ファイブ,マル合格! 社労士試験 平成27年度版,2,,その他,メディア・ファイブ,0,1,その他
2015-05-20,オフィスクリエイト,激働!アルバイターKOJIJohnny's Payday Panic,2,,その他,オフィスクリエイト,0,1,その他
2015-05-21,ソニックパワード,鉄道にっぽん!路線たび 近江鉄道編Japanese Rail Sim 3D: 5 Types of Trains,2,YES,その他,ソニックパワード,0,1,その他
2015-05-28,アークシステムワークス,ダウンタウン熱血時代劇,2,YES,その他,アークシステムワークス,0,1,その他
2015-05-28,バンダイナムコエンターテインメント,トライブクルクル THE G@ME,2,YES,その他,バンダイナムコエンターテインメント,0,1,その他
2015-05-28,セガゲームス,初音ミク Project mirai でらっくす,2,YES,その他,セガゲームス,0,1,その他
2015-05-31,任天堂,Dr.MARIO ギャクテン!特効薬 & 細菌撲滅 Dr. Mario: Miracle Cure,2,,その他,任天堂,0,1,その他
2015-05-31,ポノス,とびだす!にゃんこ大戦争 The Battle Cats Pop!,2,,その他,ポノス,0,1,その他
2015-06-03,エープラス,キルカ・ドライブ,2,,その他,エープラス,0,1,その他
2015-06-04,セガゲームス,STELLA GLOW,2,YES,その他,セガゲームス,0,1,その他
2015-06-04,コーエーテクモゲームス,新・ロロナのアトリエ はじまりの物語 〜アーランドの錬金術士〜,2,YES,その他,コーエーテクモゲームス,0,1,その他
2015-06-10,レイニーフロッグ Engine Software（英語版）,ループラインレーシング Proun+,2,,その他,レイニーフロッグ Engine Software（英語版）,0,1,その他
2015-06-10,スターサイン EnjoyUp Games,ヴァンパイアスナイパー Van Helsing sniper Zx100,2,,その他,スターサイン EnjoyUp Games,0,1,その他
2015-06-11,バンダイナムコエンターテインメント,ドラゴンボールZ 超究極武闘伝 Dragon Ball Z: Extreme Butōden,2,YES,その他,バンダイナムコエンターテインメント,0,1,その他
2015-06-11,任天堂,リズム天国 ザ・ベスト+,2,YES,その他,任天堂,0,1,その他
2015-06-17,賈船,ぐ〜にゃん,2,,その他,賈船,0,1,その他
2015-06-17,ゲームドゥ,コロロケの森 ぽいっと Mononoke Forest,2,,その他,ゲームドゥ,0,1,その他
2015-06-18,マーベラス 北米: Xseed Games,ポポロクロイス牧場物語 Return to PopoloCrois: A Story of Seasons Fairytale,2,YES,その他,マーベラス 北米: Xseed Games,0,1,その他
2015-06-24,セガゲームス,3D ガンスターヒーローズ,2,,その他,セガゲームス,0,1,その他
2015-06-24,レイニーフロッグ Renegade Kid,マッドアタック!マックスVS泥々星人 Mutant Mudds,2,,その他,レイニーフロッグ Renegade Kid,0,1,その他
2015-06-25,任天堂,ファイアーエムブレムif 暗夜王国 Fire Emblem Fates: Conquest,2,YES,その他,任天堂,0,1,その他
2015-06-25,任天堂,ファイアーエムブレムif 白夜王国 Fire Emblem Fates: Birthright,2,YES,その他,任天堂,0,1,その他
2015-06-25,バンダイナムコエンターテインメント,怪盗ジョーカー 時を超える怪盗と失われた宝石,2,YES,その他,バンダイナムコエンターテインメント,0,1,その他
2015-07-01,アークシステムワークス CIRCLE Entertainment,グルメドリーム,2,,その他,アークシステムワークス CIRCLE Entertainment,0,1,その他
2015-07-08,スターサイン,ピンポントリックショット,2,,その他,スターサイン,0,1,その他
2015-07-08,メディア・ファイブ,マル合格! ケアマネジャー試験 平成27年度版,2,,その他,メディア・ファイブ,0,1,その他
2015-07-09,カプコン,大逆転裁判 -成歩堂龍ノ介の冒險-,2,YES,その他,カプコン,0,1,その他
2015-07-09,バンダイナムコエンターテインメント,超・逃走中 あつまれ!最強の逃走者たち,2,YES,その他,バンダイナムコエンターテインメント,0,1,その他
2015-07-11,レベルファイブ Nintendo,妖怪ウォッチバスターズ 白犬隊 Yo-kai Watch Blasters: White Dog Squad,2,YES,その他,レベルファイブ Nintendo,0,1,その他
2015-07-11,レベルファイブ Nintendo,妖怪ウォッチバスターズ 赤猫団 Yo-kai Watch Blasters: Red Cat Corps,2,YES,その他,レベルファイブ Nintendo,0,1,その他
2015-07-15,アークシステムワークス Big John Games,キューブクリエイター3D,2,,その他,アークシステムワークス Big John Games,0,1,その他
2015-07-16,バーグサラ・ライトウェイト Rising Star Games,ハローキティとサンリオキャラクターズ ワールドロックツアー Hello Kitty & Friends: Rock n' World Tour,2,YES,その他,バーグサラ・ライトウェイト Rising Star Games,0,1,その他
2015-07-16,ロケットカンパニー,脱出アドベンチャー 絶望要塞,2,YES,その他,ロケットカンパニー,0,1,その他
2015-07-22,セガゲームス,3D ソニック・ザ・ヘッジホッグ2,2,,その他,セガゲームス,0,1,その他
2015-07-22,角川ゲームス,Oh!ガッチマン 究極のω珍宝とモミゲー26,2,,その他,角川ゲームス,0,1,その他
2015-07-23,日本コロムビア,ほっぺちゃん ぷにっとしぼって大冒険!,2,YES,その他,日本コロムビア,0,1,その他
2015-07-23,エクストリーム Aksys Games,ラングリッサー リインカーネーション -転生- Langrisser Re:Incarnation Tensei,2,YES,その他,エクストリーム Aksys Games,0,1,その他
2015-07-29,ディースリー・パブリッシャー,@SIMPLE DLシリーズVol.39 THE 密室からの脱出 〜脳を鍛えるスポーツジム編〜,2,,その他,ディースリー・パブリッシャー,0,1,その他
2015-07-29,スマイルブーム,プチコンマガジン 創刊号,2,,その他,スマイルブーム,0,1,その他
2015-07-30,バンダイナムコエンターテインメント,Go!プリンセスプリキュア シュガー王国と6人のプリンセス!,2,YES,その他,バンダイナムコエンターテインメント,0,1,その他
2015-07-30,任天堂,どうぶつの森 ハッピーホームデザイナー Animal Crossing: Happy Home Designer,2,YES,その他,任天堂,0,1,その他
2015-07-30,日本コロムビア,わんニャンどうぶつ病院 ステキな獣医さんになろう!,2,YES,その他,日本コロムビア,0,1,その他
2015-07-30,MAGES. Xseed Games,コープスパーティー ブラッドカバー リピーテッドフィアー Corpse Party,2,YES,その他,MAGES. Xseed Games,0,1,その他
2015-07-30,シルバースタージャパン,遊んで将棋が強くなる! 銀星将棋DX,2,YES,その他,シルバースタージャパン,0,1,その他
2015-08-05,エクシング,カラオケJOYSOUND,2,,その他,エクシング,0,1,その他
2015-08-06,ロケットカンパニー,ぼんぼんりぼん ときめきコーデ♥キラキラダンス,2,YES,その他,ロケットカンパニー,0,1,その他
2015-08-06,コーエーテクモゲームス,三國志2,2,YES,その他,コーエーテクモゲームス,0,1,その他
2015-08-06,コーエーテクモゲームス,信長の野望2,2,YES,その他,コーエーテクモゲームス,0,1,その他
2015-08-13,スターフィッシュ・エスディ,アトリエ デコ ラ ドール コレクション,2,YES,その他,スターフィッシュ・エスディ,0,1,その他
2015-08-19,甲南電機製作所 Bergsala Lightweight,たたかえ ぶたさん Psycho Pigs,2,,その他,甲南電機製作所 Bergsala Lightweight,0,1,その他
2015-08-19,ケムコ Hit Point,クロノスアーク,2,,その他,ケムコ Hit Point,0,1,その他
2015-08-19,メディア・ファイブ,マル合格! 介護福祉士試験 平成27年度版,2,,その他,メディア・ファイブ,0,1,その他
2015-08-20,バンダイナムコエンターテインメント,スーパーロボット大戦BX,2,YES,その他,バンダイナムコエンターテインメント,0,1,その他
2015-08-26,ポイソフト,モノカゲクエスト,2,,その他,ポイソフト,0,1,その他
2015-08-26,アークシステムワークス Aksys Games,疾風のうさぎ丸 -謎のからくり城- Ninja Usagimaru: The Mysterious Karakuri Castle,2,,その他,アークシステムワークス Aksys Games,0,1,その他
2015-08-27,スクウェア・エニックス,ドラゴンクエストVIII 空と海と大地と呪われし姫君 Dragon Quest VIII: Journey of the Cursed King,2,YES,その他,スクウェア・エニックス,0,1,その他
2015-08-27,任天堂,ファミコンリミックス ベストチョイス Ultimate NES Remix,2,YES,その他,任天堂,0,1,その他
2015-08-27,ハピネット,小林が可愛すぎてツライっ!! ゲームでもキュン萌えMAXが止まらないっ (*ェ`*),2,YES,その他,ハピネット,0,1,その他
2015-08-27,ソニックパワード,鉄道にっぽん!路線たび ゆいレール編 Japanese Rail Sim 3D: Monorail Trip to Okinawa,2,YES,その他,ソニックパワード,0,1,その他
2015-09-02,任天堂,リアル脱出ゲーム×ニンテンドー3DS 超破壊計画からの脱出,2,,その他,任天堂,0,1,その他
2015-09-02,スターサイン,出会い玉 Collide-a-Ball,2,,その他,スターサイン,0,1,その他
2015-09-03,ワーナー エンターテイメント ジャパン,レゴ ニンジャゴー ローニンの影 Lego Ninjago: Shadow of Ronin,2,YES,その他,ワーナー エンターテイメント ジャパン,0,1,その他
2015-09-09,日本コロムビア,ジャンプ勇者,2,,その他,日本コロムビア,0,1,その他
2015-09-10,カプコン,モンハン日記 ぽかぽかアイルー村DX,2,YES,その他,カプコン,0,1,その他
2015-09-17,ポケモン Nintendo,ポケモン超不思議のダンジョン Pokémon Super Mystery Dungeon,2,YES,その他,ポケモン Nintendo,0,1,その他
2015-09-30,ディースリー・パブリッシャー,ぼくらの学校戦争 〜痛快アドベンチャー〜,2,,その他,ディースリー・パブリッシャー,0,1,その他
2015-09-30,メディア・ファイブ,マル合格! ITパスポート試験 平成27年度版,2,,その他,メディア・ファイブ,0,1,その他
2015-09-30,バンダイナムコエンターテインメント,手裏剣戦隊ニンニンジャー ゲームでワッショイ!!,2,,その他,バンダイナムコエンターテインメント,0,1,その他
2015-09-30,ピッキー,洞窟物語 Cave Story,2,,その他,ピッキー,0,1,その他
2015-10-01,任天堂,カタチ新発見! 立体ピクロス2 Picross 3D: Round 2,2,YES,その他,任天堂,0,1,その他
2015-10-08,任天堂,なげなわアクション!ぐるぐる!ちびロボ! Chibi-Robo! Zip Lash,2,YES,その他,任天堂,0,1,その他
2015-10-08,バンダイナムコエンターテインメント,プロ野球 ファミスタ リターンズ,2,YES,その他,バンダイナムコエンターテインメント,0,1,その他
2015-10-14,メビウス,エルミナージュ ゴシック 3D REMIX 〜ウルム・ザキールと闇の儀式〜,2,,その他,メビウス,0,1,その他
2015-10-14,メビウス,エルミナージュ異聞 アメノミハシラ・怪,2,,その他,メビウス,0,1,その他
2015-10-15,セガゲームス 欧州: Deep Silver,セブンスドラゴンIII code:VFD,2,YES,その他,セガゲームス 欧州: Deep Silver,0,1,その他
2015-10-21,テヨンジャパン winterworks,ブルーキッド 2 Bloo Kid 2,2,,その他,テヨンジャパン winterworks,0,1,その他
2015-10-21,インテンス CIRCLE Entertainment,謎解きメイズからの脱出 Puzzle Labyrinth,2,,その他,インテンス CIRCLE Entertainment,0,1,その他
2015-10-22,任天堂,ゼルダの伝説 トライフォース3銃士 The Legend of Zelda: Tri Force Heroes,2,YES,その他,任天堂,0,1,その他
2015-10-22,タカラトミーアーツ,プリパラ めざせ!アイドル☆グランプリNo.1!,2,YES,その他,タカラトミーアーツ,0,1,その他
2015-10-28,アガツマ・エンタテインメント VD-Dev,IRONFALL -Invasion-,2,,その他,アガツマ・エンタテインメント VD-Dev,0,1,その他
2015-10-28,レイニーフロッグ 北米: Maximum Games 欧州: Joindots,アトランティック クエスト,2,,その他,レイニーフロッグ 北米: Maximum Games 欧州: Joindots,0,1,その他
2015-10-28,ピッキー Nicalis,ザ バインディング オブ アイザック: リバース,2,,その他,ピッキー Nicalis,0,1,その他
2015-11-04,フライハイワークス Circle Entertainment,魔神少女 エピソード2 -願いへの代価- The Legend of Dark Witch 2,2,,その他,フライハイワークス Circle Entertainment,0,1,その他
2015-11-05,バンダイナムコエンターテインメント Nintendo,ディズニー マジックキャッスル マイ･ハッピー･ライフ2 Disney Magical World 2,2,YES,その他,バンダイナムコエンターテインメント Nintendo,0,1,その他
2015-11-05,ワーナー エンターテイメント ジャパン,レゴ ジュラシック・ワールド,2,YES,その他,ワーナー エンターテイメント ジャパン,0,1,その他
2015-11-05,ソニックパワード,鉄道にっぽん!路線たび 上毛電気鉄道編,2,YES,その他,ソニックパワード,0,1,その他
2015-11-12,バンダイナムコエンターテインメント,PROJECT X ZONE 2:BRAVE NEW WORLD,2,YES,その他,バンダイナムコエンターテインメント,0,1,その他
2015-11-12,小学館,かいておぼえる ドラがな,2,YES,その他,小学館,0,1,その他
2015-11-18,シルバースタージャパン,ノアの揺り籠,2,,その他,シルバースタージャパン,0,1,その他
2015-11-19,日本コロムビア,すみっコぐらし おみせはじめるんです,2,YES,その他,日本コロムビア,0,1,その他
2015-11-19,ポケモン Nintendo,みんなのポケモンスクランブル,2,YES,その他,ポケモン Nintendo,0,1,その他
2015-11-19,インターグロー WayForward Technologies,シャンティ -海賊の呪い- Shantae and the Pirate's Curse,2,YES,その他,インターグロー WayForward Technologies,0,1,その他
2015-11-19,アルケミスト,ドリームガール プルミエ,2,YES,その他,アルケミスト,0,1,その他
2015-11-25,ピッキー Nicalis,1001 Spikes,2,,その他,ピッキー Nicalis,0,1,その他
2015-11-26,ハピネット,ちゃおイラストクラブ,2,YES,その他,ハピネット,0,1,その他
2015-11-26,バンダイナムコエンターテインメント,アイカツ! My No.1 Stage!,2,YES,その他,バンダイナムコエンターテインメント,0,1,その他
2015-11-26,ハピネット,創作アリスと王子さま!,2,YES,その他,ハピネット,0,1,その他
2015-11-28,カプコン,モンスターハンタークロス Monster Hunter Generations,2,YES,その他,カプコン,0,1,その他
2015-12-02,賈船,Toys VS Monsters,2,,その他,賈船,0,1,その他
2015-12-02,ポケモン Nintendo,ポケモンピクロス,2,,その他,ポケモン Nintendo,0,1,その他
2015-12-02,バンダイナムコエンターテインメント,仮面ライダーゴースト ゲームでカイガン!!,2,,その他,バンダイナムコエンターテインメント,0,1,その他
2015-12-02,インテンス Circle Entertainment,超科学脱出 ギア・ディテクティブ Parascientific Escape: Gear Detective（英語版）,2,,その他,インテンス Circle Entertainment,0,1,その他
2015-12-03,ロケットカンパニー,ぐでたま 半熟でたのむわー,2,YES,その他,ロケットカンパニー,0,1,その他
2015-12-03,バーグサラ・ライトウェイト 北米: GameMill Entertainment 欧州: Avanquest Software,アナと雪の女王 オラフの贈りもの Frozen: Olaf's Quest,2,YES,その他,バーグサラ・ライトウェイト 北米: GameMill Entertainment 欧州: Avanquest Software,0,1,その他
2015-12-03,任天堂,マリオ&ルイージRPG ペーパーマリオMIX Mario & Luigi: Paper Jam,2,YES,その他,任天堂,0,1,その他
2015-12-09,ケムコ,アルファディア,2,,その他,ケムコ,0,1,その他
2015-12-10,ハピネット,ニコ☆プチ ガールズランウェイ,2,YES,その他,ハピネット,0,1,その他
2015-12-10,バーグサラ・ライトウェイト 北米: GameMill Entertainment 欧州: Avanquest Software,ベイマックス ヒーローズバトル Big Hero 6: Battle in the Bay,2,YES,その他,バーグサラ・ライトウェイト 北米: GameMill Entertainment 欧州: Avanquest Software,0,1,その他
2015-12-10,日本コロムビア,マイメロディ 願いがかなう不思議な箱,2,YES,その他,日本コロムビア,0,1,その他
2015-12-16,テヨンジャパン,オーシャンランナー,2,,その他,テヨンジャパン,0,1,その他
2015-12-16,アークシステムワークス Circle Entertainment,大開拓時代 〜街をつくろう〜 Frontier Days: Founding Pioneers,2,,その他,アークシステムワークス Circle Entertainment,0,1,その他
2015-12-17,ソニックパワード,ぼくは航空管制官 エアポートヒーロー3D 関空 ALL STARS,2,YES,その他,ソニックパワード,0,1,その他
2015-12-17,アルケミスト,ダウンタウンのガキの使いやあらへんで!! 絶対に捕まってはいけないガースー黒光りランド,2,YES,その他,アルケミスト,0,1,その他
2015-12-17,ミクシィ,モンスターストライク,2,YES,その他,ミクシィ,0,1,その他
2015-12-17,フリュー,食戟のソーマ 友情と絆の一皿,2,YES,その他,フリュー,0,1,その他
2015-12-22,ユニティ・ゲームズ・ジャパン,ねじ巻きナイト2 Wind-up Knight 2,2,,その他,ユニティ・ゲームズ・ジャパン,0,1,その他
2015-12-22,テヨンジャパン Selectsoft,ドロップゾーン アンダーファイヤ,2,,その他,テヨンジャパン Selectsoft,0,1,その他
2015-12-22,アークシステムワークス,脱出アドベンチャー 神降しの占い盤,2,,その他,アークシステムワークス,0,1,その他
2015-12-23,セガゲームス,セガ3D復刻アーカイブス2 Sega 3D Classics Collection,2,YES,その他,セガゲームス,0,1,その他
2015-12-24,ロケットカンパニー,メダロット9 カブトVer.,2,YES,その他,ロケットカンパニー,0,1,その他
2015-12-24,ロケットカンパニー,メダロット9 クワガタVer.,2,YES,その他,ロケットカンパニー,0,1,その他
2016-01-06,任天堂,ハコボーイ! もうひとハコ BoxBoxBoy!,2,,その他,任天堂,0,1,その他
2016-01-13,スターサイン,エイリアンパニック!,2,,その他,スターサイン,0,1,その他
2016-01-13,ケムコ,聖戦クロニクル Justice Chronicles,2,,その他,ケムコ,0,1,その他
2016-01-14,フリュー,カードファイト!! ヴァンガードG ストライド トゥ ビクトリー!!,2,YES,その他,フリュー,0,1,その他
2016-01-20,スターサイン Circle Entertainment,お城クラッシュ Castle Conqueror Defender,2,,その他,スターサイン Circle Entertainment,0,1,その他
2016-01-20,ポイソフト,学友運命共同体,2,,その他,ポイソフト,0,1,その他
2016-01-21,コーエーテクモゲームス Nintendo,ゼルダ無双 ハイラルオールスターズ Hyrule Warriors Legends,2,YES,その他,コーエーテクモゲームス Nintendo,0,1,その他
2016-01-27,甲南電機製作所,ナゾのミニゲーム ちょいがえ,2,,その他,甲南電機製作所,0,1,その他
2016-01-28,任天堂,ミニマリオ & フレンズ amiiboチャレンジ,2,,その他,任天堂,0,1,その他
2016-02-03,ポケモン Nintendo,名探偵ピカチュウ 〜新コンビ誕生〜 Detective Pikachu,2,,その他,ポケモン Nintendo,0,1,その他
2016-02-10,スターサイン Wobbly Tooth,BATTLEMINER,2,,その他,スターサイン Wobbly Tooth,0,1,その他
2016-02-10,メビウス,きせかえ人形 アトリエ デコ ラ ドール コレクション,2,,その他,メビウス,0,1,その他
2016-02-10,ライドオンジャパン CIRCLE Entertainment,不思議の国のラビリンス Adventure Labyrinth Story,2,,その他,ライドオンジャパン CIRCLE Entertainment,0,1,その他
2016-02-10,アトラス 欧州: Deep Silver,真・女神転生IV FINAL Shin Megami Tensei IV: Apocalypse,2,YES,その他,アトラス 欧州: Deep Silver,0,1,その他
2016-02-17,メディア・ファイブ,マル合格! 基本情報技術者試験 平成28年度版,2,,その他,メディア・ファイブ,0,1,その他
2016-02-17,フライハイワークス,魔女と勇者II Witch & Hero 2,2,,その他,フライハイワークス,0,1,その他
2016-02-18,任天堂,マリオ&ソニック AT リオオリンピック,2,YES,その他,任天堂,0,1,その他
2016-02-24,アークシステムワークス Atlus,シチズンズ オブ アース 戦え!副大統領と40人の市民達!h（英語版） Citizens of Eart,2,,その他,アークシステムワークス Atlus,0,1,その他
2016-02-24,スパイシーソフト,超チャリ走 あつめて! 超獣ハンター,2,,その他,スパイシーソフト,0,1,その他
2016-02-25,カプコン,ロックマン クラシックス コレクション Mega Man Legacy Collection,2,YES,その他,カプコン,0,1,その他
2016-03-02,レイニーフロッグ,Musicverse バーチャル キーボード,2,,その他,レイニーフロッグ,0,1,その他
2016-03-02,バンダイナムコエンターテインメント,みつけて!おじぽっくる+（プラス）,2,,その他,バンダイナムコエンターテインメント,0,1,その他
2016-03-02,メディア・ファイブ,マル合格! 応用情報技術者試験 平成28年度版,2,,その他,メディア・ファイブ,0,1,その他
2016-03-02,メディア・ファイブ,マル合格! 行政書士試験 平成28年度版,2,,その他,メディア・ファイブ,0,1,その他
2016-03-02,ケムコ,無限のデュナミス Infinite Dunamis,2,,その他,ケムコ,0,1,その他
2016-03-03,フリュー,ドラえもん 新・のび太の日本誕生,2,YES,その他,フリュー,0,1,その他
2016-03-03,バンダイナムコエンターテインメント,ハイキュー!! Cross team match!,2,YES,その他,バンダイナムコエンターテインメント,0,1,その他
2016-03-09,スターサイン,ビンゴde脳とれ ビンとれ,2,,その他,スターサイン,0,1,その他
2016-03-09,インテンス,脱出ファンタジー アリス・イン・エスケープランド,2,,その他,インテンス,0,1,その他
2016-03-10,ロケットカンパニー,メダロット ガールズミッション カブトVer.,2,YES,その他,ロケットカンパニー,0,1,その他
2016-03-10,ロケットカンパニー,メダロット ガールズミッション クワガタVer.,2,YES,その他,ロケットカンパニー,0,1,その他
2016-03-23,レイニーフロッグ 北米: Two Tribes 欧州: Polarbit,TOKI TORI 3D,2,,その他,レイニーフロッグ 北米: Two Tribes 欧州: Polarbit,0,1,その他
2016-03-23,バーグサラ・ライトウェイト 北米: Majesco Entertainment 欧州: PQube,ハローキティのキラキラわくわくレース Hello Kitty and Sanrio Friends 3D Racing,2,,その他,バーグサラ・ライトウェイト 北米: Majesco Entertainment 欧州: PQube,0,1,その他
2016-03-24,スクウェア・エニックス,ドラゴンクエストモンスターズ ジョーカー3,2,YES,その他,スクウェア・エニックス,0,1,その他
2016-03-24,バンダイナムコエンターテインメント,暗殺教室 アサシン育成計画!!,2,YES,その他,バンダイナムコエンターテインメント,0,1,その他
2016-03-30,賈船 EnjoyUp Games,RV-7 マイ・ドローン,2,,その他,賈船 EnjoyUp Games,0,1,その他
2016-04-02,レベルファイブ,妖怪三国志,2,YES,その他,レベルファイブ,0,1,その他
2016-04-06,ディースリー・パブリッシャー,@SIMPLE DLシリーズ Vol.40 THE 密室からの脱出 〜大不自然キャンプ場編〜,2,,その他,ディースリー・パブリッシャー,0,1,その他
2016-04-06,賈船 Wobbly Tooth,マジックハンマー,2,,その他,賈船 Wobbly Tooth,0,1,その他
2016-04-06,メディア・ファイブ,マル合格! 宅建士試験 平成28年度版,2,,その他,メディア・ファイブ,0,1,その他
2016-04-07,ディースリー・パブリッシャー,SIMPLEシリーズ for ニンテンドー3DS Vol.2 THE 密室からの脱出 アーカイブス1,2,YES,その他,ディースリー・パブリッシャー,0,1,その他
2016-04-07,ディースリー・パブリッシャー,SIMPLEシリーズ for ニンテンドー3DS Vol.3 THE 密室からの脱出 アーカイブス2,2,YES,その他,ディースリー・パブリッシャー,0,1,その他
2016-04-07,任天堂,ディズニーアートアカデミー,2,YES,その他,任天堂,0,1,その他
2016-04-07,ロケットカンパニー,ポムポムプリン コロコロ大冒険,2,YES,その他,ロケットカンパニー,0,1,その他
2016-04-13,PUMO,Ninja Smasher!,2,,その他,PUMO,0,1,その他
2016-04-13,フライハイワークス Circle Entertainment,ポラーラ -Polara-,2,,その他,フライハイワークス Circle Entertainment,0,1,その他
2016-04-20,レイニーフロッグ Engine Software,ツナガレ・ナンバーズ Sumico,2,,その他,レイニーフロッグ Engine Software,0,1,その他
2016-04-20,賈船 EnjoyUp Games,ファンタジーパイレーツ,2,,その他,賈船 EnjoyUp Games,0,1,その他
2016-04-20,バンダイナムコエンターテインメント,棒人間チャレンジ!,2,,その他,バンダイナムコエンターテインメント,0,1,その他
2016-04-21,スパイク・チュンソフト 505 Games,テラリア,2,YES,その他,スパイク・チュンソフト 505 Games,0,1,その他
2016-04-21,クロン,雷子 -紺碧の章-,2,YES,その他,クロン,0,1,その他
2016-04-27,ジュピター,ピクロスe7,2,,その他,ジュピター,0,1,その他
2016-04-27,メディア・ファイブ,マル合格! ケアマネジャー試験 平成28年度版,2,,その他,メディア・ファイブ,0,1,その他
2016-04-27,アークシステムワークス,電車運転指令! 東海道編,2,,その他,アークシステムワークス,0,1,その他
2016-04-28,ワーナー ブラザース ジャパン,LEGO マーベル アベンジャーズ（英語版） Lego Marvel Avengers,2,YES,その他,ワーナー ブラザース ジャパン,0,1,その他
2016-04-28,任天堂,星のカービィ ロボボプラネット Kirby: Planet Robobot,2,YES,その他,任天堂,0,1,その他
2016-05-11,アークシステムワークス Aksys Games,-CHASE- 未解決事件捜査課 〜遠い記憶〜 Chase: Cold Case Investigations - Distant Memories,2,,その他,アークシステムワークス Aksys Games,0,1,その他
2016-05-19,バンダイナムコエンターテインメント,僕のヒーローアカデミア バトル・フォー・オール,2,YES,その他,バンダイナムコエンターテインメント,0,1,その他
2016-05-25,Collavier,不思議な点つなぎ3D メルヘン編 Mysterious Stars 3D: A Fairy Tale,2,,その他,Collavier,0,1,その他
2016-06-01,ヒットポイント,Henri-アンリ-,2,,その他,ヒットポイント,0,1,その他
2016-06-01,スターサイン,デンジャーロード,2,,その他,スターサイン,0,1,その他
2016-06-01,ケムコ,巡界のクレイシア Journey to Kreisia,2,,その他,ケムコ,0,1,その他
2016-06-08,シルバースタージャパン CIRCLE Entertainment,タッチバトル戦車3D-4 ダブルコマンダー Touch Battle Tank: Tag Combat,2,,その他,シルバースタージャパン CIRCLE Entertainment,0,1,その他
2016-06-09,カプコン,逆転裁判6 Ambition of the Slimes,2,YES,その他,カプコン,0,1,その他
2016-06-15,フライハイワークス Circle Entertainment,スライムの野望 Ambition of the Slimes,2,,その他,フライハイワークス Circle Entertainment,0,1,その他
2016-06-16,バンダイナムコエンターテインメント,太鼓の達人 ドコドン!ミステリーアドベンチャー,2,YES,その他,バンダイナムコエンターテインメント,0,1,その他
2016-06-16,スターフィッシュ・エスディ,高円寺女子サッカー3 〜恋するイレブン いつかはヘブン〜,2,YES,その他,スターフィッシュ・エスディ,0,1,その他
2016-06-23,マーベラス 北米: Xseed Games 欧州: Nintendo,牧場物語 3つの里の大切な友だち Story of Seasons: Trio of Towns,2,YES,その他,マーベラス 北米: Xseed Games 欧州: Nintendo,0,1,その他
2016-06-29,レイニーフロッグ,ドットペイント,2,,その他,レイニーフロッグ,0,1,その他
2016-06-29,アムジー,バトル オブ エレメンタル REBOOST,2,,その他,アムジー,0,1,その他
2016-06-30,スパイク・チュンソフト Aksys Games,ZERO ESCAPE 刻のジレンマ Zero Escape: Zero Time Dilemma,2,YES,その他,スパイク・チュンソフト Aksys Games,0,1,その他
2016-06-30,任天堂 Yacht Club Games,ショベルナイト,2,YES,その他,任天堂 Yacht Club Games,0,1,その他
2016-07-06,コナミデジタルエンタテインメント,遊☆戯☆王デュエルモンスターズ 最強カードバトル!,2,,その他,コナミデジタルエンタテインメント,0,1,その他
2016-07-07,任天堂 NIS America,カルドセプト リボルト,2,YES,その他,任天堂 NIS America,0,1,その他
2016-07-13,フライハイワークス Circle Entertainment,フェアルーン2,2,,その他,フライハイワークス Circle Entertainment,0,1,その他
2016-07-16,レベルファイブ Nintendo,妖怪ウォッチ3 スシ,2,YES,その他,レベルファイブ Nintendo,0,1,その他
2016-07-16,レベルファイブ Nintendo,妖怪ウォッチ3 テンプラ,2,YES,その他,レベルファイブ Nintendo,0,1,その他
2016-07-20,ユニティ・ゲームズ・ジャパン,ひよこまみれ,2,,その他,ユニティ・ゲームズ・ジャパン,0,1,その他
2016-07-20,バンダイナムコエンターテインメント,アイカツスターズ! ファーストアピール,2,,その他,バンダイナムコエンターテインメント,0,1,その他
2016-07-21,日本コロムビア,すみっコぐらし むらをつくるんです,2,YES,その他,日本コロムビア,0,1,その他
2016-07-22,任天堂,メトロイドプライム ブラストボール,2,,その他,任天堂,0,1,その他
2016-07-27,賈船 Choice Provisions,Shift DX,2,,その他,賈船 Choice Provisions,0,1,その他
2016-07-27,レイニーフロッグ CoderChild,スーパーアスリート棒人間 Stickman Super Athletics,2,,その他,レイニーフロッグ CoderChild,0,1,その他
2016-07-27,甲南電機製作所 Rainy Frog,ミニスポ魂Mini Sports Collection,2,,その他,甲南電機製作所 Rainy Frog,0,1,その他
2016-07-27,フリュー,［カタルヒト］ WORLD END ECONOMiCA Episode.1（Spicy Tails）,2,,その他,フリュー,0,1,その他
2016-07-27,フリュー,［カタルヒト］ ファタモルガーナの館（Novectacle）,2,,その他,フリュー,0,1,その他
2016-07-27,フリュー,［カタルヒト］ 彼岸花の咲く夜に 第一夜（07th Expansion）,2,,その他,フリュー,0,1,その他
2016-07-28,ガンホー・オンライン・エンターテイメント,パズドラクロス 神の章,2,YES,その他,ガンホー・オンライン・エンターテイメント,0,1,その他
2016-07-28,ガンホー・オンライン・エンターテイメント,パズドラクロス 龍の章,2,YES,その他,ガンホー・オンライン・エンターテイメント,0,1,その他
2016-07-28,ソニックパワード,鉄道にっぽん!路線たび きかんしゃトーマス編 大井川鐵道を走ろう!Japanese Rail Sim 3D: Travel of Steam,2,YES,その他,ソニックパワード,0,1,その他
2016-08-03,セガゲームス,3D ぷよぷよ通,2,,その他,セガゲームス,0,1,その他
2016-08-03,スターサイン Neopica,ようこそ!ペットホテル Pet Inn 3D,2,,その他,スターサイン Neopica,0,1,その他
2016-08-03,フライハイワークス Circle Entertainment,クターのQ Kutar Quiz,2,,その他,フライハイワークス Circle Entertainment,0,1,その他
2016-08-03,フライハイワークス Circle Entertainment,クターのエンドロール Kutar End Credits,2,,その他,フライハイワークス Circle Entertainment,0,1,その他
2016-08-03,フライハイワークス Circle Entertainment,クターのコンサートスタッフ Kutar Concert Staff,2,,その他,フライハイワークス Circle Entertainment,0,1,その他
2016-08-03,フライハイワークス Circle Entertainment,クターのチューブライダー Kutar Tube Rider,2,,その他,フライハイワークス Circle Entertainment,0,1,その他
2016-08-03,フライハイワークス Circle Entertainment,クターのナワトビ Kutar Jump Rope,2,,その他,フライハイワークス Circle Entertainment,0,1,その他
2016-08-03,フライハイワークス Circle Entertainment,クターのリフト Kutar Ski Lift,2,,その他,フライハイワークス Circle Entertainment,0,1,その他
2016-08-03,フライハイワークス Circle Entertainment,クターの取り放題 Kutar Apple,2,,その他,フライハイワークス Circle Entertainment,0,1,その他
2016-08-03,フライハイワークス Circle Entertainment,クターの地下バーガー工場 Kutar Burger Factory,2,,その他,フライハイワークス Circle Entertainment,0,1,その他
2016-08-03,フライハイワークス Circle Entertainment,クターの粉 Kutar Powder Factory,2,,その他,フライハイワークス Circle Entertainment,0,1,その他
2016-08-03,フライハイワークス Circle Entertainment,クターの魔球 Kutar Magic Ball,2,,その他,フライハイワークス Circle Entertainment,0,1,その他
2016-08-04,ハピネット,12歳。 〜恋するDiary〜,2,YES,その他,ハピネット,0,1,その他
2016-08-04,バンダイナムコエンターテインメント,ドラゴンボールフュージョンズ,2,YES,その他,バンダイナムコエンターテインメント,0,1,その他
2016-08-04,アトラス 欧州: Deep Silver,世界樹の迷宮V 長き神話の果て Etrian Odyssey V: Beyond the Myth,2,YES,その他,アトラス 欧州: Deep Silver,0,1,その他
2016-08-17,メディア・ファイブ,マル合格! 社会福祉士試験 平成28年度版,2,,その他,メディア・ファイブ,0,1,その他
2016-08-25,任天堂,メトロイドプライム フェデレーションフォース,2,YES,その他,任天堂,0,1,その他
2016-08-25,インティ・クリエイツ,蒼き雷霆 ガンヴォルト ストライカーパック,2,YES,その他,インティ・クリエイツ,0,1,その他
2016-08-25,インティ・クリエイツ,蒼き雷霆 ガンヴォルト 爪 Azure Striker Gunvolt 2,2,,その他,インティ・クリエイツ,0,1,その他
2016-08-31,リメディア,EYERESH for ニンテンドー3DS 眼のストレッチ&トレーニング,2,,その他,リメディア,0,1,その他
2016-08-31,ポイソフト,ニャニャントモリ,2,,その他,ポイソフト,0,1,その他
2016-09-02,アークシステムワークス Circle Entertainment,サバクのネズミ団! Of Mice and Sand,2,,その他,アークシステムワークス Circle Entertainment,0,1,その他
2016-09-02,フライハイワークス Circle Entertainment,ドランシア・サーガ Drancia Saga,2,,その他,フライハイワークス Circle Entertainment,0,1,その他
2016-09-07,Collavier,不思議な点つなぎ3D アイドル編 Mysterious Stars 3D: Road to Idol,2,,その他,Collavier,0,1,その他
2016-09-07,バンダイナムコエンターテインメント,動物戦隊ジュウオウジャー バトルキューブパズル,2,,その他,バンダイナムコエンターテインメント,0,1,その他
2016-09-14,バンダイナムコエンターテインメント,ヘボット! ヘボヘボ!ヘボットーナメント!,2,,その他,バンダイナムコエンターテインメント,0,1,その他
2016-09-15,バンダイナムコエンターテインメント,超・戦闘中 究極の忍とバトルプレイヤー頂上決戦!,2,YES,その他,バンダイナムコエンターテインメント,0,1,その他
2016-09-21,バンダイナムコエンターテインメント,ONE PIECE 大海賊闘技場,2,YES,その他,バンダイナムコエンターテインメント,0,1,その他
2016-09-28,想,お絵かきを飼うソフト CahiEr 飼い絵 水そうバージョン,2,,その他,想,0,1,その他
2016-09-28,ガンホー・オンライン・エンターテイメント,対戦パズドラクロス,2,,その他,ガンホー・オンライン・エンターテイメント,0,1,その他
2016-09-28,アークシステムワークス,脱出アドベンチャー 第七の予言,2,,その他,アークシステムワークス,0,1,その他
2016-09-28,フリュー,［カタルヒト］ WORLD END ECONOMiCA Episode.2（Spicy Tails）,2,,その他,フリュー,0,1,その他
2016-10-05,アークシステムワークス Big John Games,トレインクリエイター3D Lionel City Builder 3D: Rise of the Rails,2,,その他,アークシステムワークス Big John Games,0,1,その他
2016-10-05,インターグロー WayForward Technologies,マイティースイッチフォース! 2,2,,その他,インターグロー WayForward Technologies,0,1,その他
2016-10-05,ライドオンジャパン Circle Entertainment,マーセナリーズサーガ3 Mercenaries Saga 3: Gray Wolves of War,2,,その他,ライドオンジャパン Circle Entertainment,0,1,その他
2016-10-06,日本コロムビア,こびとゲーム大全,2,YES,その他,日本コロムビア,0,1,その他
2016-10-08,カプコン Nintendo,モンスターハンター ストーリーズ,2,YES,その他,カプコン Nintendo,0,1,その他
2016-10-12,ピッキー Nicalis,VVVVVV,2,,その他,ピッキー Nicalis,0,1,その他
2016-10-13,ワーナー ブラザース ジャパン,レゴ スター・ウォーズ/フォースの覚醒 Lego Star Wars: The Force Awakens,2,YES,その他,ワーナー ブラザース ジャパン,0,1,その他
2016-10-19,ケムコ,こんな僕が救う世界 Unlucky Mage,2,,その他,ケムコ,0,1,その他
2016-10-20,任天堂,マリオパーティ スターラッシュ,2,YES,その他,任天堂,0,1,その他
2016-10-26,オレンジ,こねこのいえ 桐島家と三匹の子ネコ,2,,その他,オレンジ,0,1,その他
2016-10-26,Collavier,動かそう! ちびキャラ工房,2,,その他,Collavier,0,1,その他
2016-10-27,フリュー,カミワザ・ワンダ キラキラ一番街危機一髪!,2,YES,その他,フリュー,0,1,その他
2016-10-27,セガゲームス,ソニックトゥーン ファイアー&アイス Sonic Boom: Fire & Ice,2,YES,その他,セガゲームス,0,1,その他
2016-10-27,アークシステムワークス Natsume,ダウンタウン熱血物語SP River City: Rival Showdown,2,YES,その他,アークシステムワークス Natsume,0,1,その他
2016-11-02,セガゲームス,3D パワードリフト,2,,その他,セガゲームス,0,1,その他
2016-11-02,メディア・ファイブ,マル合格! 介護福祉士試験 平成28年度版,2,,その他,メディア・ファイブ,0,1,その他
2016-11-09,アークシステムワークス,シェフィ -Shephy-,2,,その他,アークシステムワークス,0,1,その他
2016-11-10,日本コロムビア,ピカピカナース物語 小児科はいつも大騒ぎ,2,YES,その他,日本コロムビア,0,1,その他
2016-11-10,タカラトミーアーツ,プリパラ めざめよ!女神のドレスデザイン,2,YES,その他,タカラトミーアーツ,0,1,その他
2016-11-10,フリュー,ベイブレードバースト,2,YES,その他,フリュー,0,1,その他
2016-11-10,フリュー,リルリルフェアリル キラキラ☆はじめてのフェアリルマジック♪,2,YES,その他,フリュー,0,1,その他
2016-11-10,バンダイナムコエンターテインメント,斉木楠雄のΨ難 史上Ψ大のΨ難!?,2,YES,その他,バンダイナムコエンターテインメント,0,1,その他
2016-11-16,角川ゲームス,RPGツクール フェス プレイヤー,2,,その他,角川ゲームス,0,1,その他
2016-11-16,賈船 EnjoyUp Games,SSSNAKES,2,,その他,賈船 EnjoyUp Games,0,1,その他
2016-11-16,コンパイル○,にょきにょき たびだち編,2,,その他,コンパイル○,0,1,その他
2016-11-16,フライハイワークス Upfall Studios,クエストオブダンジョンズ,2,,その他,フライハイワークス Upfall Studios,0,1,その他
2016-11-16,メビウス,燃えろ!!プロ野球2016,2,,その他,メビウス,0,1,その他
2016-11-18,ポケモン Nintendo,ポケットモンスター サン Pokémon Sun,2,YES,その他,ポケモン Nintendo,0,1,その他
2016-11-18,ポケモン Nintendo,ポケットモンスター ムーン Pokémon Moon,2,YES,その他,ポケモン Nintendo,0,1,その他
2016-11-22,ワーナー ブラザース ジャパン,レゴ ニンジャゴー ニンドロイド,2,YES,その他,ワーナー ブラザース ジャパン,0,1,その他
2016-11-23,任天堂,とびだせ どうぶつの森 amiibo+ Animal Crossing: New Leaf – Welcome amiibo,2,YES,その他,任天堂,0,1,その他
2016-11-23,小学館,百ますドラ算 のび太のタイムバトル,2,YES,その他,小学館,0,1,その他
2016-11-24,角川ゲームス NIS America,RPGツクール フェス RPG Maker Fes,2,YES,その他,角川ゲームス NIS America,0,1,その他
2016-11-24,バンダイナムコエンターテインメント,アイカツスターズ! Myスペシャルアピール,2,YES,その他,バンダイナムコエンターテインメント,0,1,その他
2016-11-24,ソニックパワード,鉄道にっぽん!路線たび 会津鉄道編,2,YES,その他,ソニックパワード,0,1,その他
2016-11-30,ピッキー Nicalis,いかちゃん,2,,その他,ピッキー Nicalis,0,1,その他
2016-11-30,甲南電機製作所,おでかけタコりん ちょいがえ,2,,その他,甲南電機製作所,0,1,その他
2016-11-30,フライハイワークス Mastiff（英語版）,ぐるみん3D Gurumin 3D: A Monstrous Adventure,2,,その他,フライハイワークス Mastiff（英語版）,0,1,その他
2016-11-30,INSIDE SYSTEM,ブレイブダンジョン,2,,その他,INSIDE SYSTEM,0,1,その他
2016-11-30,レイニーフロッグ Lightwood Games,レッツ!スプラト!間違い探し Splat the Difference,2,,その他,レイニーフロッグ Lightwood Games,0,1,その他
2016-11-30,Collavier,新みんなの塗り絵 Hello Kitty,2,,その他,Collavier,0,1,その他
2016-11-30,フリュー,［カタルヒト] NOeSIS 嘘を吐いた記憶の物語（Classic Chocolat / SpiritWorks）,2,,その他,フリュー,0,1,その他
2016-11-30,フリュー,［カタルヒト］ WORLD END ECONOMiCA Episode.3（Spicy Tails）,2,,その他,フリュー,0,1,その他
2016-12-01,スタジオアートディンク,A列車で行こう3D NEO,2,YES,その他,スタジオアートディンク,0,1,その他
2016-12-01,バンダイナムコエンターテインメント,オール仮面ライダー ライダーレボリューション,2,YES,その他,バンダイナムコエンターテインメント,0,1,その他
2016-12-01,任天堂,スーパーマリオメーカー for ニンテンドー3DS,2,YES,その他,任天堂,0,1,その他
2016-12-01,バンダイナムコエンターテインメント,デジモンユニバース アプリモンスターズ,2,YES,その他,バンダイナムコエンターテインメント,0,1,その他
2016-12-07,Collavier,新みんなの塗り絵 Little Twin Stars,2,,その他,Collavier,0,1,その他
2016-12-07,Collavier,新みんなの塗り絵 マイメロディ,2,,その他,Collavier,0,1,その他
2016-12-07,カルチャーブレーンエクセル,超人ベースボールスタジアム エキサイティングアクション版,2,,その他,カルチャーブレーンエクセル,0,1,その他
2016-12-08,任天堂,Miitopia,2,YES,その他,任天堂,0,1,その他
2016-12-08,アークシステムワークス,くにおくん熱血コンプリート ファミコン編,2,YES,その他,アークシステムワークス,0,1,その他
2016-12-08,イマジニア,ぐでたま おかわりいかがっすかー,2,YES,その他,イマジニア,0,1,その他
2016-12-08,セガゲームス,ぷよぷよクロニクル,2,YES,その他,セガゲームス,0,1,その他
2016-12-08,カプコン,めがみめぐり,2,,その他,カプコン,0,1,その他
2016-12-14,ジョイフルテーブル Rising Star Games,エルミナージュ Original 〜闇の巫女と神々の指輪〜 Elminage Original,2,,その他,ジョイフルテーブル Rising Star Games,0,1,その他
2016-12-14,トイディア,ドラゴンファング 〜竜者ドランと時の迷宮〜,2,,その他,トイディア,0,1,その他
2016-12-14,Collavier,新みんなの塗り絵 シナモロール,2,,その他,Collavier,0,1,その他
2016-12-15,バーグサラ・ライトウェイト Little Orbit,アドベンチャー・タイム ネームレス王国の3人のプリンセス Adventure Time: The Secret of the Nameless Kingdom,2,YES,その他,バーグサラ・ライトウェイト Little Orbit,0,1,その他
2016-12-15,レベルファイブ Nintendo,妖怪ウォッチ3 スキヤキ Yo-kai Watch 3,2,YES,その他,レベルファイブ Nintendo,0,1,その他
2016-12-15,コナミデジタルエンタテインメント,実況パワフルプロ野球 ヒーローズ,2,YES,その他,コナミデジタルエンタテインメント,0,1,その他
2016-12-21,任天堂,Tank Troopers,2,,その他,任天堂,0,1,その他
2016-12-21,ケムコ,レグナタクティカ,2,,その他,ケムコ,0,1,その他
2016-12-22,バンダイナムコエンターテインメント,おそ松さん 松まつり!,2,YES,その他,バンダイナムコエンターテインメント,0,1,その他
2016-12-22,セガゲームス,セガ3D復刻アーカイブス3 FINAL STAGE,2,YES,その他,セガゲームス,0,1,その他
2016-12-22,任天堂,桃太郎電鉄2017 たちあがれ日本!!,2,YES,その他,任天堂,0,1,その他
2016-12-28,フライハイワークス DrinkBox Studios（英語版）,SEVERED-セヴァード-,2,,その他,フライハイワークス DrinkBox Studios（英語版）,0,1,その他
2016-12-28,スターサイン Ratalaika Games（英語版）,お宝ディフェンダー 〜ファラオの秘宝〜 Defend Your Crypt,2,,その他,スターサイン Ratalaika Games（英語版）,0,1,その他
2016-12-28,シルバースタージャパン CIRCLE Entertainment,ドローンファイト,2,,その他,シルバースタージャパン CIRCLE Entertainment,0,1,その他
2017-01-11,Collavier,新みんなの塗り絵 ポムポムプリン,2,,その他,Collavier,0,1,その他
2017-01-11,アークシステムワークス,電車運転指令! 東京湾編,2,,その他,アークシステムワークス,0,1,その他
2017-01-18,メビウス Aksys Games,CREEPING TERROR（英語版）,2,,その他,メビウス Aksys Games,0,1,その他
2017-01-19,任天堂,ポチと! ヨッシー ウールワールド Poochy & Yoshi's Woolly World,2,YES,その他,任天堂,0,1,その他
2017-01-25,フリュー,ねむネコ パズルでも寝ています,2,,その他,フリュー,0,1,その他
2017-01-25,賈船 Chequered Cow Games,パワーディスクスラム,2,,その他,賈船 Chequered Cow Games,0,1,その他
2017-01-25,東映,仮面ライダーあつめ,2,,その他,東映,0,1,その他
2017-02-01,レイニーフロッグ Ratalaika Games,プランテラ ガーデンライフ Plantera,2,,その他,レイニーフロッグ Ratalaika Games,0,1,その他
2017-02-01,スターサイン,限界!山積みバトル,2,,その他,スターサイン,0,1,その他
2017-02-02,任天堂,さよなら! ハコボーイ! Bye-Bye BoxBoy!,2,,その他,任天堂,0,1,その他
2017-02-02,任天堂,ハコボーイ! ハコづめBOX,2,YES,その他,任天堂,0,1,その他
2017-02-09,スクウェア・エニックス,ドラゴンクエストモンスターズ ジョーカー3 プロフェッショナル,2,YES,その他,スクウェア・エニックス,0,1,その他
2017-02-15,フライハイワークス Circle Entertainment,スバラシティ,2,,その他,フライハイワークス Circle Entertainment,0,1,その他
2017-02-15,ケムコ,ドラゴンシンカー Dragon Sinker,2,,その他,ケムコ,0,1,その他
2017-02-22,レイニーフロッグ 13AM Games,かいぞくポップ Pirate Pop Plus,2,,その他,レイニーフロッグ 13AM Games,0,1,その他
2017-02-22,インテンス Circle Entertainment,超科学脱出 最果てのクロスアイズ（英語版） Parascientific Escape: Crossing at the Farthest Horizon,2,,その他,インテンス Circle Entertainment,0,1,その他
2017-03-01,オインクゲームズ,1000m ゾンビエスケープ!,2,,その他,オインクゲームズ,0,1,その他
2017-03-01,オレンジ,こねこのいえ2 ヒミツの箱から飛び出た夢,2,,その他,オレンジ,0,1,その他
2017-03-02,フリュー,ドラえもん のび太の南極カチコチ大冒険,2,YES,その他,フリュー,0,1,その他
2017-03-03,インティ・クリエイツ,ブラスターマスター ゼロ,2,,その他,インティ・クリエイツ,0,1,その他
2017-03-08,レイニーフロッグ Turtle Cream,6180 the moon,2,,その他,レイニーフロッグ Turtle Cream,0,1,その他
2017-03-15,フリュー,ベイブレードバースト ベイロガープラス&パズル,2,,その他,フリュー,0,1,その他
2017-03-15,フリュー,干物妹!うまるちゃん だらっとパズル,2,,その他,フリュー,0,1,その他
2017-03-16,日本コロムビア,まんが家デビュー物語 ステキなまんがをえがこう,2,YES,その他,日本コロムビア,0,1,その他
2017-03-16,フリュー,フューチャーカード バディファイト 目指せ!バディチャンピオン!,2,YES,その他,フリュー,0,1,その他
2017-03-18,カプコン,モンスターハンターダブルクロス,2,YES,その他,カプコン,0,1,その他
2017-03-22,ジョイフルテーブル,エルミナージュII 〜双生の女神と運命の大地〜,2,,その他,ジョイフルテーブル,0,1,その他
2017-03-29,レイニーフロッグ Ratalaika Games,BLASTING AGENT ULTIMATE EDITION,2,,その他,レイニーフロッグ Ratalaika Games,0,1,その他
2017-03-30,任天堂,マリオスポーツ スーパースターズ,2,YES,その他,任天堂,0,1,その他
2017-04-05,Wobbly Tooth,Ice Station Z,2,,その他,Wobbly Tooth,0,1,その他
2017-04-06,日本コロムビア,かわいいペットとくらそう! わんニャン&ミニミニアニマル,2,YES,その他,日本コロムビア,0,1,その他
2017-04-12,賈船 RCMADIAX,CUP CRITTERS,2,,その他,賈船 RCMADIAX,0,1,その他
2017-04-12,フリュー,おそ松さん ニート脱出スパイラル!!,2,,その他,フリュー,0,1,その他
2017-04-13,任天堂,みんなで!カービィハンターズZ Team Kirby Clash Deluxe,2,,その他,任天堂,0,1,その他
2017-04-19,賈船 RCMADIAX,SHOOT THE BALL,2,,その他,賈船 RCMADIAX,0,1,その他
2017-04-19,レイニーフロッグ,ドットアーティスト,2,,その他,レイニーフロッグ,0,1,その他
2017-04-19,フリュー,少年アシベ GO!GO!ゴマちゃん キュ〜トなゴマちゃんいっぱいパズル,2,,その他,フリュー,0,1,その他
2017-04-20,任天堂,ファイアーエムブレム Echoes もうひとりの英雄王 Fire Emblem Echoes: Shadows of Valentia,2,YES,その他,任天堂,0,1,その他
2017-04-20,バンダイナムコエンターテインメント,プロ野球 ファミスタ クライマックス,2,YES,その他,バンダイナムコエンターテインメント,0,1,その他
2017-04-26,賈船 RCMADIAX,BOX UP,2,,その他,賈船 RCMADIAX,0,1,その他
2017-04-26,ヒットポイント,ねこあつめ,2,,その他,ヒットポイント,0,1,その他
2017-04-26,カルチャーブレーンエクセル,ザ・ゲーム15,2,,その他,カルチャーブレーンエクセル,0,1,その他
2017-04-27,アークシステムワークス Big John Games,キューブクリエイターDX,2,YES,その他,アークシステムワークス Big John Games,0,1,その他
2017-04-27,バンダイナムコエンターテインメント,ドラゴンボールヒーローズ アルティメットミッションX,2,YES,その他,バンダイナムコエンターテインメント,0,1,その他
2017-05-10,賈船 RCMADIAX,Galaxy Blaster,2,,その他,賈船 RCMADIAX,0,1,その他
2017-05-10,フリュー,ねこねこ日本史 歴史発見パズル!,2,,その他,フリュー,0,1,その他
2017-05-10,テヨンジャパン,ミニゴルフリゾート,2,,その他,テヨンジャパン,0,1,その他
2017-05-11,コーエーテクモゲームス,進撃の巨人 死地からの脱出,2,YES,その他,コーエーテクモゲームス,0,1,その他
2017-05-17,賈船 RCMADIAX,BRICK RACE,2,,その他,賈船 RCMADIAX,0,1,その他
2017-05-17,フライハイワークス Tate Multimedia,アーバントライアル: フリースタイル2,2,,その他,フライハイワークス Tate Multimedia,0,1,その他
2017-05-17,スマイルブーム,ドウクツジマ,2,,その他,スマイルブーム,0,1,その他
2017-05-17,シルバースタージャパン,超獣ギガ大戦,2,,その他,シルバースタージャパン,0,1,その他
2017-05-31,フライハイワークス CIRCLE Entertainment,アルケミックダンジョンズ Alchemic Dungeons,2,,その他,フライハイワークス CIRCLE Entertainment,0,1,その他
2017-06-07,フライハイワークス QubicGames,ゲキヤバランナーハバネロ Geki Yaba Runner Deluxe,2,,その他,フライハイワークス QubicGames,0,1,その他
2017-06-14,ケムコ,アスディバインクロス Asdivine Cross,2,,その他,ケムコ,0,1,その他
2017-06-21,スターサイン,みんなでナンプレ,2,,その他,スターサイン,0,1,その他
2017-06-21,メディア・ファイブ,マル合格! 宅建士試験 平成29年度版,2,,その他,メディア・ファイブ,0,1,その他
2017-06-22,フリュー 北米: Atlus 欧州: SEGA,アライアンス・アライブ,2,YES,その他,フリュー 北米: Atlus 欧州: SEGA,0,1,その他
2017-06-28,インティ・クリエイツ,マイティガンヴォルト バースト,2,,その他,インティ・クリエイツ,0,1,その他
2017-06-29,アトラス 欧州: Deep Silver,ラジアントヒストリア パーフェクトクロノロジー,2,YES,その他,アトラス 欧州: Deep Silver,0,1,その他
2017-07-04,任天堂,カービィのすいこみ大作戦 Kirby's Blowout Blast,2,,その他,任天堂,0,1,その他
2017-07-05,カルチャーブレーンエクセル,ザ・ゲーム15 Vol2,2,,その他,カルチャーブレーンエクセル,0,1,その他
2017-07-12,スクウェア・エニックス,PICTLOGICA FINAL FANTASY ≒,2,,その他,スクウェア・エニックス,0,1,その他
2017-07-12,ジョイフルテーブル,エルミナージュIII 〜暗黒の使徒と太陽の宮殿〜,2,,その他,ジョイフルテーブル,0,1,その他
2017-07-12,ハップ Kemco,ママにゲーム隠された Mom Hid My Game!,2,,その他,ハップ Kemco,0,1,その他
2017-07-12,フライハイワークス Abylight,マルディタカスティーラ ドン・ラミロと呪われた大地 Cursed Castilla EX,2,,その他,フライハイワークス Abylight,0,1,その他
2017-07-12,メディア・ファイブ,マル合格! 介護福祉士試験 平成29年度版,2,,その他,メディア・ファイブ,0,1,その他
2017-07-13,コナミデジタルエンタテインメント,100%パスカル先生 完璧ペイントボンバーズ,2,YES,その他,コナミデジタルエンタテインメント,0,1,その他
2017-07-13,任天堂,Ever Oasis 精霊とタネビトの蜃気楼 Ever Oasis,2,YES,その他,任天堂,0,1,その他
2017-07-13,任天堂,Hey! ピクミン,2,YES,その他,任天堂,0,1,その他
2017-07-20,日本コロムビア,すみっコぐらし ここ、どこなんです?,2,YES,その他,日本コロムビア,0,1,その他
2017-07-20,インターグロー Focus Home Interactive,ファーミングシミュレーター18 ポケット農園4 Farming Simulator 18,2,YES,その他,インターグロー Focus Home Interactive,0,1,その他
2017-07-20,レベルファイブ Nintendo,レイトン ミステリージャーニー カトリーエイルと大富豪の陰謀 Layton’s Mystery Journey: Katrielle and the Millionaires’ Conspiracy,2,YES,その他,レベルファイブ Nintendo,0,1,その他
2017-07-20,イマジニア,公益財団法人 日本漢字能力検定協会 漢検トレーニング2,2,YES,その他,イマジニア,0,1,その他
2017-07-29,スクウェア・エニックス,ドラゴンクエストXI 過ぎ去りし時を求めて,2,YES,その他,スクウェア・エニックス,0,1,その他
2017-08-02,レイニーフロッグ,インチワームアニメーション2: BUTTERFLY,2,,その他,レイニーフロッグ,0,1,その他
2017-08-02,ケムコ,クリスタレイノ Crystareino,2,,その他,ケムコ,0,1,その他
2017-08-03,カプコン,大逆転裁判2 -成歩堂龍ノ介の覺悟-,2,YES,その他,カプコン,0,1,その他
2017-08-09,WaiS,Chou2トーク,2,,その他,WaiS,0,1,その他
2017-08-10,レベルファイブ,スナックワールド トレジャラーズ,2,YES,その他,レベルファイブ,0,1,その他
2017-08-10,スクウェア・エニックス,ドラゴンクエスト,2,,その他,スクウェア・エニックス,0,1,その他
2017-08-10,スクウェア・エニックス,ドラゴンクエストII 悪霊の神々,2,,その他,スクウェア・エニックス,0,1,その他
2017-08-23,メディア・ファイブ,マル合格! ケアマネジャー試験 平成29年度版,2,,その他,メディア・ファイブ,0,1,その他
2017-08-23,メディア・ファイブ,マル合格! 社会福祉士試験 平成29年度版,2,,その他,メディア・ファイブ,0,1,その他
2017-08-24,スクウェア・エニックス,ドラゴンクエストIII そして伝説へ…,2,,その他,スクウェア・エニックス,0,1,その他
2017-08-30,レイニーフロッグ Four Horses,キッドトリップ RUN! Kid Tripp,2,,その他,レイニーフロッグ Four Horses,0,1,その他
2017-08-31,アトラス,世界樹と不思議のダンジョン2,2,YES,その他,アトラス,0,1,その他
2017-08-31,アークシステムワークス,探偵 神宮寺三郎 GHOST OF THE DUSK Jake Hunter Detective Story: Ghost of the Dusk,2,YES,その他,アークシステムワークス,0,1,その他
2017-09-06,レイニーフロッグLightwood Games,お絵かきパズル Pic-a-Pix Pic-a-Pix Color,2,,その他,レイニーフロッグLightwood Games,0,1,その他
2017-09-06,ケムコ,シンフォニーオブエタニティ,2,,その他,ケムコ,0,1,その他
2017-09-13,メディア・ファイブ,マル合格! 行政書士試験 平成29年度版,2,,その他,メディア・ファイブ,0,1,その他
2017-09-14,日本マイクロソフト Mojang,Minecraft: New Nintendo 3DS Edition,2,,その他,日本マイクロソフト Mojang,0,1,その他
2017-09-15,任天堂,メトロイド サムスリターンズ,2,YES,その他,任天堂,0,1,その他
2017-09-27,Collavier,密着対戦2048 Physical Contact: 2048,2,,その他,Collavier,0,1,その他
2017-09-27,Collavier,密着対戦スピード Physical Contact: Speed,2,,その他,Collavier,0,1,その他
2017-09-28,コーエーテクモゲームス Nintendo,ファイアーエムブレム無双 Fire Emblem Warriors,2,YES,その他,コーエーテクモゲームス Nintendo,0,1,その他
2017-10-05,任天堂,マリオ&ルイージRPG1 DX Mario & Luigi: Superstar Saga + Bowser's Minions,2,YES,その他,任天堂,0,1,その他
2017-10-11,スターサイン Circle Entertainment,ゴー!ゴー!ココポロ3D Go! Go! Kokopolo 3D: Space Recipe for Disaster（英語版）,2,,その他,スターサイン Circle Entertainment,0,1,その他
2017-10-11,ケムコ,空のフォークロア Bonds of the Skies,2,,その他,ケムコ,0,1,その他
2017-10-11,カルチャーブレーンエクセル,超人ベースボールスタジアム 熱血ストーリー版,2,,その他,カルチャーブレーンエクセル,0,1,その他
2017-10-18,Collavier,密着対戦ピクプレ Physical Contact: Picture Place,2,,その他,Collavier,0,1,その他
2017-10-26,ハピネット,12歳。 〜とろけるパズル♡ふたりのハーモニー,2,YES,その他,ハピネット,0,1,その他
2017-10-26,タカラトミーアーツ,アイドルタイムプリパラ 夢オールスターライブ!,2,YES,その他,タカラトミーアーツ,0,1,その他
2017-10-26,アトラス Lancarse,真・女神転生 DEEP STRANGE JOURNEY Shin Megami Tensei: Strange Journey Redux,2,YES,その他,アトラス Lancarse,0,1,その他
2017-11-02,任天堂,Girls Mode 4 スター☆スタイリスト Style Savvy: Styling Star,2,YES,その他,任天堂,0,1,その他
2017-11-09,フリュー,アイドル×戦士 ミラクルちゅーんず! ゲームでチューンアップ!だプン!,2,YES,その他,フリュー,0,1,その他
2017-11-09,日本コロムビア,ケーキ屋さん物語 おいしいスイーツをつくろう!,2,YES,その他,日本コロムビア,0,1,その他
2017-11-16,バンダイナムコエンターテインメント,たまごっちのプチプチおみせっち 〜にんきのおみせあつめました〜,2,YES,その他,バンダイナムコエンターテインメント,0,1,その他
2017-11-16,コナミデジタルエンタテインメント,プリプリちぃちゃん!! プリプリ デコるーむ!,2,YES,その他,コナミデジタルエンタテインメント,0,1,その他
2017-11-17,ポケモン Nintendo,ポケットモンスター ウルトラサン Pokémon Ultra Sun,2,YES,その他,ポケモン Nintendo,0,1,その他
2017-11-17,ポケモン Nintendo,ポケットモンスター ウルトラムーン Pokémon Ultra Moon,2,YES,その他,ポケモン Nintendo,0,1,その他
2017-11-22,カプコン,逆転裁判4 Apollo Justice: Ace Attorney,2,YES,その他,カプコン,0,1,その他
2017-11-23,フリュー,ベイブレードバースト ゴッド,2,YES,その他,フリュー,0,1,その他
2017-11-30,任天堂,カービィ バトルデラックス! Kirby Battle Royale,2,YES,その他,任天堂,0,1,その他
2017-11-30,フリュー,クレヨンしんちゃん 激アツ!おでんわ〜るど大コン乱!!,2,YES,その他,フリュー,0,1,その他
2017-11-30,フリュー,スイキャラ スイーツ学校へようこそ!,2,YES,その他,フリュー,0,1,その他
2017-11-30,スパイク・チュンソフト,進撃の巨人2〜未来の座標〜,2,YES,その他,スパイク・チュンソフト,0,1,その他
2017-12-13,レイニーフロッグ Lightwood Games,モザイクアート Fill-a-Pix Phil's Epic Fill-a-Pix Adventure,2,,その他,レイニーフロッグ Lightwood Games,0,1,その他
2017-12-14,マーベラス,牧場物語 ふたごの村＋,2,YES,その他,マーベラス,0,1,その他
2017-12-16,レベルファイブ,妖怪ウォッチバスターズ2 秘宝伝説バンバラヤー ソード,2,YES,その他,レベルファイブ,0,1,その他
2017-12-16,レベルファイブ,妖怪ウォッチバスターズ2 秘宝伝説バンバラヤー マグナム,2,YES,その他,レベルファイブ,0,1,その他
2017-12-20,賈船,Bit Dungeon+,2,,その他,賈船,0,1,その他
2017-12-20,ジュピター,ピクロスe8,2,,その他,ジュピター,0,1,その他
2017-12-21,イマジニア,メダロット クラシックス カブトver.,2,YES,その他,イマジニア,0,1,その他
2017-12-21,イマジニア,メダロット クラシックス クワガタver.,2,YES,その他,イマジニア,0,1,その他
2017-12-27,フライハイワークス,魔女と勇者III,2,,その他,フライハイワークス,0,1,その他
2017-12-27,フライハイワークス,魔神少女 エピソード3 -勇者と愚者- The Legend of Dark Witch 3: Wisdom and Lunacy,2,,その他,フライハイワークス,0,1,その他
2017-12-28,任天堂,マリオパーティ100 ミニゲームコレクション Mario Party: The Top 100,2,YES,その他,任天堂,0,1,その他
2018-01-10,ケムコ,マシンナイト,2,,その他,ケムコ,0,1,その他
2018-01-17,Wobbly Tooth,Battleminerz,2,,その他,Wobbly Tooth,0,1,その他
2018-02-28,レイニーフロッグ Lightwood Games,リンク絵 Link-a-Pix Link-a-Pix Color,2,,その他,レイニーフロッグ Lightwood Games,0,1,その他
2018-03-01,フリュー,ドラえもん のび太の宝島,2,YES,その他,フリュー,0,1,その他
2018-03-14,レイニーフロッグ Insane Code,80's OVERDRIVE,2,,その他,レイニーフロッグ Insane Code,0,1,その他
2018-03-14,メディアスケープ,Back in 199564,2,,その他,メディアスケープ,0,1,その他
2018-03-15,日本コロムビア,わんニャンどうぶつ病院 ペットのお医者さんになろう!,2,YES,その他,日本コロムビア,0,1,その他
2018-03-15,フリュー,フューチャーカード バディファイト 誕生!オレたちの最強バディ!,2,YES,その他,フリュー,0,1,その他
2018-03-17,バンダイ,爆釣バーハンター,2,,その他,バンダイ,0,1,その他
2018-03-23,ポケモン Nintendo,名探偵ピカチュウ,2,YES,その他,ポケモン Nintendo,0,1,その他
2018-03-29,日本コロムビア,美容師デビュー物語 トップスタイリストをめざそう!,2,YES,その他,日本コロムビア,0,1,その他
2018-04-05,日本コロムビア,かわいいペットとくらそう! わんニャン&アイドルアニマル,2,YES,その他,日本コロムビア,0,1,その他
2018-04-18,ケムコ,ドラゴンラピス,2,,その他,ケムコ,0,1,その他
2018-04-19,小学館,たのしく・おもしろく 漢検小学生,2,YES,その他,小学館,0,1,その他
2018-04-25,ジュピター,サンリオキャラクターズピクロス,2,,その他,ジュピター,0,1,その他
2018-04-26,任天堂,ザ・デッドヒートブレイカーズ Dillon's Dead-Heat Breakers,2,YES,その他,任天堂,0,1,その他
2018-05-24,インティ・クリエイツ,Bloodstained: Curse of the Moon,2,,その他,インティ・クリエイツ,0,1,その他
2018-06-08,任天堂,超回転 寿司ストライカー The Way of Sushido Sushi Striker: The Way of Sushido,2,YES,その他,任天堂,0,1,その他
2018-06-27,メビウス,dreeps: アラームプレイングゲーム,2,,その他,メビウス,0,1,その他
2018-07-13,任天堂,進め!キノピオ隊長 Captain Toad: Treasure Tracker,2,YES,その他,任天堂,0,1,その他
2018-07-20,レベルファイブ,イナズマイレブン for ニンテンドー3DS Inazuma Eleven,2,,その他,レベルファイブ,0,1,その他
2018-08-02,任天堂,メイド イン ワリオ ゴージャス WarioWare Gold,2,YES,その他,任天堂,0,1,その他
2018-08-02,アトラス Deep Silver,世界樹の迷宮X Etrian Odyssey Nexus,2,YES,その他,アトラス Deep Silver,0,1,その他
2018-08-08,レイニーフロッグ,スクエアピクト Block-a-Pix Block-a-Pix Color,2,,その他,レイニーフロッグ,0,1,その他
2018-08-08,ジュピター,ピクロスe9,2,,その他,ジュピター,0,1,その他
2018-09-12,スターサイン,イモムシウォーズ,2,,その他,スターサイン,0,1,その他
2018-11-08,任天堂,ルイージマンション Luigi's Mansion,2,YES,その他,任天堂,0,1,その他
2018-11-21,バンダイナムコエンターテインメント,ネコ・トモ,2,YES,その他,バンダイナムコエンターテインメント,0,1,その他
2018-11-28,ウニコ,トコトコネコパズル シュレディンガーの箱庭,2,,その他,ウニコ,0,1,その他
2018-11-29,アトラス Deep Silver,ペルソナQ2 ニュー シネマ ラビリンス,2,YES,その他,アトラス Deep Silver,0,1,その他
2018-12-27,任天堂,マリオ&ルイージRPG3 DX Mario & Luigi: Bowser's Inside Story + Bowser Jr.'s Journey,2,YES,その他,任天堂,0,1,その他
2019-03-07,任天堂,毛糸のカービィ プラス Kirby's Extra Epic Yarn,2,YES,その他,任天堂,0,1,その他
2019-05-23,システムソフト・アルファー,大戦略 大東亜興亡史DX〜第二次世界大戦〜,2,YES,その他,システムソフト・アルファー,0,1,その他
2019-12-23,トイディア,ドラゴンファングZ 竜者ロゼと宿り木の迷宮,2,,その他,トイディア,0,1,その他
