発売日,メーカー,タイトル,⭐クロスレビュー(評価),パッケージ併売,ジャンル,開発元,ID,販売本数,ジャンル(詳細),プラットフォーム
2014-02-22,Compulsion Games,Contrast,-,,ETC,Compulsion Games,0,1,その他,その他
2014-02-22,ソニー・コンピュータエンタテインメント,Doki-Doki Universe,-,,ETC,ソニー・コンピュータエンタテインメント,0,1,その他,その他
2014-02-22,Klei Entertainment,Don't Strave: Console Edition,-,,ETC,Klei Entertainment,0,1,その他,その他
2014-02-22,ソニー・コンピュータエンタテインメント,Escape Plan,-,,ETC,ソニー・コンピュータエンタテインメント,0,1,その他,その他
2014-02-22,エレクトロニック・アーツ,FIFA 14 ワールドクラスサッカー,37,YES,SPT,エレクトロニック・アーツ,20_0m_20,1,サッカー,その他
2014-02-22,ソニー・コンピュータエンタテインメント,Flowery,-,,ETC,ソニー・コンピュータエンタテインメント,0,1,その他,その他
2014-02-22,ソニー・コンピュータエンタテインメント,KILLZONE SHADOW FALL,32,YES,FPS,ソニー・コンピュータエンタテインメント,24_0m_24,1,FPS,その他
2014-02-22,ソニー・コンピュータエンタテインメント,KNACK,-,YES,ETC,ソニー・コンピュータエンタテインメント,0,1,その他,その他
2014-02-22,テイクツー・インタラクティブ・ジャパン,NBA 2K14,36,YES,SPT,テイクツー・インタラクティブ・ジャパン,0,1,バスケットボール,その他
2014-02-22,ソニー・コンピュータエンタテインメント,RESOGUN,33,,SHT,ソニー・コンピュータエンタテインメント,0,1,シューティング,その他
2014-02-22,Digital Extremes,Warframe,-,,ETC,Digital Extremes,0,1,その他,その他
2014-02-22,ソニー・コンピュータエンタテインメント,flOw,-,,ETC,ソニー・コンピュータエンタテインメント,0,1,その他,その他
2014-02-22,アークシステムワークス,とってもE麻雀ぷらす,-,,ETC,アークシステムワークス,0,1,その他,その他
2014-02-22,ユービーアイソフト,アサシン クリード IV ブラック フラッグ,36,YES,ACT,ユービーアイソフト,12_0m_12,1,ステルスアクション,その他
2014-02-22,スクウェア・エニックス,コール オブ デューティ ゴースト,36,YES,FPS,スクウェア・エニックス,23_0m_23,1,FPS,その他
2014-02-22,ソニー・コンピュータエンタテインメント,サウンドシェイプ,-,,ETC,ソニー・コンピュータエンタテインメント,0,1,その他,その他
2014-02-22,カプコン,ストライダー飛竜,34,,ACT,カプコン,0,1,ハイスピード探索アクション,その他
2014-02-22,スクウェア・エニックス,トゥームレイダー ディフィニティブ エディション,37,YES,ACT,スクウェア・エニックス,26_0m_26,1,サバイバルアクション,その他
2014-02-22,ディースリー・パブリッシャー,ドリームクラブ ホストガール オンステージ,-,,ETC,ディースリー・パブリッシャー,0,1,その他,その他
2014-02-22,ハムスター,ニコリのパズル4 数独,-,,ETC,ハムスター,0,1,その他,その他
2014-02-22,エレクトロニック・アーツ,ニード・フォー・スピード ライバルズ,34,YES,RCG,エレクトロニック・アーツ,144_0m_94,1,カーレース,その他
2014-02-22,エレクトロニック・アーツ,バトルフィールド4,38,YES,FPS,エレクトロニック・アーツ,22_0m_22,1,FPS,その他
2014-02-22,ソニー・コンピュータエンタテインメント,プレイルーム,-,,ETC,ソニー・コンピュータエンタテインメント,0,1,その他,その他
2014-02-22,コーエーテクモゲームス,信長の野望・創造,36,YES,SLG,コーエーテクモゲームス,21_0m_21,1,歴史シミュレーション,その他
2014-02-22,コーエーテクモゲームス,真・三國無双7 with 猛将伝,37,YES,ACT,コーエーテクモゲームス,11_0m_11,1,タクティカルアクション,その他
2014-02-22,サイバーステップ,鬼斬,-,,ETC,サイバーステップ,0,1,その他,その他
2014-02-22,セガ,龍が如く 維新!,39,YES,AADV,セガ,25_0m_25,1,アクションアドベンチャー,その他
2014-03-18,ユービーアイソフト,アサシン クリード 自由の叫び,-,,ETC,ユービーアイソフト,0,1,その他,その他
2014-03-19,コーエーテクモゲームス,信長の野望 Online ～天下夢幻の章～,-,YES,ETC,コーエーテクモゲームス,0,1,その他,その他
2014-03-20,コナミデジタルエンタテインメント,メタルギアソリッドV グラウンド・ゼロズ,38,YES,ACT,コナミデジタルエンタテインメント,39_0m_39,1,諜報潜入アクション,その他
2014-04-03,角川ゲームス,NAtURAL DOCtRINE,31,YES,SRPG,角川ゲームス,3_0m_3,1,シミュレーションRPG,その他
2014-04-14,スクウェア・エニックス,ファイナルファンタジーXIV：新生エオルゼア,-,YES,ETC,スクウェア・エニックス,2_0m_2,1,その他,その他
2014-05-01,ユービーアイソフト,チャイルド オブ ライト,35,,RPG,ユービーアイソフト,4_0m_4,1,2D RPG,その他
2014-05-22,ソニー・コンピュータエンタテインメント,inFAMOUS Second Son,36,YES,AADV,ソニー・コンピュータエンタテインメント,40_0m_40,1,アクションアドベンチャー,その他
2014-05-29,ソニー・コンピュータエンタテインメント,デッドネーション：黙示録エディション,-,,ETC,ソニー・コンピュータエンタテインメント,0,1,その他,その他
2014-05-29,ユービーアイソフト,トライアルズ フュージョン,33,YES,RCG,ユービーアイソフト,14_0m_14,1,バイクレース,その他
2014-06-05,ベセスダ・ソフトワークス,ウルフェンシュタイン：ザ ニューオーダー,32,YES,ASHT,ベセスダ・ソフトワークス,41_0m_41,1,アクションシューティング,その他
2014-06-12,スクウェア・エニックス,Thief,31,YES,ACT,スクウェア・エニックス,42_0m_42,1,ステルスアクション,その他
2014-06-18,Q-Games,PixelJunk Shooter Ultimate,-,,ETC,Q-Games,0,1,その他,その他
2014-06-19,ソニー・コンピュータエンタテインメント,Entwined,-,,ETC,ソニー・コンピュータエンタテインメント,0,1,その他,その他
2014-06-26,ユービーアイソフト,ウォッチドッグス,36,YES,ACT,ユービーアイソフト,43_0m_43,1,ハッキングアクション,その他
2014-06-26,コーエーテクモゲームス,無双OROCHI2 Ultimate,-,YES,ETC,コーエーテクモゲームス,18_0m_18,1,その他,その他
2014-07-03,アクワイア,AKIBA'S TRIP2,-,YES,ETC,アクワイア,44_0m_44,1,その他,その他
2014-07-16,Ripstone,Stick It To The Man,-,,ETC,Ripstone,0,1,その他,その他
2014-07-16,Matt Makes Games,TowerFall Ascension,-,,ETC,Matt Makes Games,0,1,その他,その他
2014-07-17,スクウェア・エニックス,MURDERED 魂の呼ぶ声,31,YES,AADV,スクウェア・エニックス,45_0m_45,1,アクションアドベンチャー,その他
2014-07-17,ハムスター,ニコリのパズル4 カックロ,-,,ETC,ハムスター,0,1,その他,その他
2014-07-31,ハムスター,ニコリのパズル4 スリザーリンク,-,,ETC,ハムスター,0,1,その他,その他
2014-07-31,ユービーアイソフト,バリアント ハート ザ グレイト ウォー,-,,ETC,ユービーアイソフト,0,1,その他,その他
2014-08-13,ソニー・コンピュータエンタテインメント,ホホクム,-,,ETC,ソニー・コンピュータエンタテインメント,0,1,その他,その他
2014-08-20,Polytron Corporation Inc.,FEZ,-,,ETC,Polytron Corporation Inc.,0,1,その他,その他
2014-08-21,ソニー・コンピュータエンタテインメント,CounterSpy,-,,ETC,ソニー・コンピュータエンタテインメント,0,1,その他,その他
2014-08-21,ソニー・コンピュータエンタテインメント,The Last of Us Remastered,-,YES,ETC,ソニー・コンピュータエンタテインメント,55_0m_55,1,その他,その他
2014-08-21,スクウェア・エニックス,ディアブロ III リーパー オブ ソウルズ アルティメット イービル エディション,-,YES,ETC,スクウェア・エニックス,0,1,その他,その他
2014-08-21,ハムスター,ニコリのパズル4 ぬりかべ,-,,ETC,ハムスター,0,1,その他,その他
2014-08-26,スクウェア・エニックス,Stealth Inc： A Clone in the Dark ULTIMATE EDITION,32,,ACT,スクウェア・エニックス,0,1,アクションパズル,その他
2014-08-28,アークシステムワークス,Daylight,-,,ETC,アークシステムワークス,0,1,その他,その他
2014-08-28,スクウェア・エニックス,トランスフォーマー ライズ オブ ザ ダーク スパーク,-,YES,ETC,スクウェア・エニックス,56_0m_56,1,その他,その他
2014-09-04,スクウェア・エニックス,アメイジング・スパイダーマン2,31,YES,AADV,スクウェア・エニックス,60_0m_60,1,アクションアドベンチャー,その他
2014-09-04,エレクトロニック・アーツ,プラント vs. ゾンビ ガーデンウォーフェア,33,YES,TPS,エレクトロニック・アーツ,0,1,サードパーソンアクション,その他
2014-09-04,コーエーテクモゲームス,戦国無双4,-,YES,ETC,コーエーテクモゲームス,59_0m_59,1,その他,その他
2014-09-11,ソニー・コンピュータエンタテインメント,Destiny,35,YES,ASHT,ソニー・コンピュータエンタテインメント,58_0m_58,1,アクションシューティング,その他
2014-09-11,ソニー・コンピュータエンタテインメント,inFAMOUS First Light,-,,ETC,ソニー・コンピュータエンタテインメント,0,1,その他,その他
2014-09-11,ハムスター,ニコリのパズル4 へやわけ,-,,ETC,ハムスター,0,1,その他,その他
2014-09-17,FuturLab Limited,Velocity 2X,-,,ETC,FuturLab Limited,0,1,その他,その他
2014-09-18,コーエーテクモゲームス,真・三國無双 Online Z,-,,ETC,コーエーテクモゲームス,0,1,その他,その他
2014-09-24,Rollingmedia Limited,OlliOlli,-,,ETC,Rollingmedia Limited,0,1,その他,その他
2014-10-02,コンパイルハート,オメガクインテット,30,YES,RPG,コンパイルハート,6_0m_6n,1,アイドルRPG,その他
2014-10-09,ソニー・コンピュータエンタテインメント,DRIVECLUB,30,YES,RCG,ソニー・コンピュータエンタテインメント,15_0m_15n,1,ソーシャルレーシング,その他
2014-10-09,エレクトロニック・アーツ,FIFA 15,36,YES,SPT,エレクトロニック・アーツ,77_0m_77n,1,サッカー,その他
2014-10-21,エレクトロニック・アーツ,Peggle 2,-,,ETC,エレクトロニック・アーツ,0,1,その他,その他
2014-10-23,ベセスダ・ソフトワークス,PSYCHOBREAK,-,YES,ETC,ベセスダ・ソフトワークス,0,1,その他,その他
2014-10-23,"Mossmouth, LLC",Spelunky,-,,ETC,"Mossmouth, LLC",0,1,その他,その他
2014-10-23,Die Gute Fabrik,Sportsfriends,-,,ETC,Die Gute Fabrik,0,1,その他,その他
2014-10-23,ソニー・コンピュータエンタテインメント,The Unfinished Swan,-,,ETC,ソニー・コンピュータエンタテインメント,0,1,その他,その他
2014-10-30,ディースリー・パブリッシャー,お姉チャンバラZ2 ~カオス~,31,YES,ACT,ディースリー・パブリッシャー,62_0m_62,1,バイオレンス剣戟アクション,その他
2014-10-30,ハムスター,ニコリのパズル4 美術館,-,,ETC,ハムスター,0,1,その他,その他
2014-10-30,スパイク・チュンソフト,メトロ リダックス,-,YES,ETC,スパイク・チュンソフト,70_0m_70n,1,その他,その他
2014-11-06,ワーナー エンターテイメント ジャパン,LEGO ムービー ザ・ゲーム,33,YES,AADV,ワーナー エンターテイメント ジャパン,64_0m_64,1,アクションアドベンチャー,その他
2014-11-06,ハムスター,ニコリのパズル4 ましゅ,-,,ETC,ハムスター,0,1,その他,その他
2014-11-12,"Humble Hearts, LLC",Dust: An Elysian Tail,-,,ETC,"Humble Hearts, LLC",0,1,その他,その他
2014-11-12,Pastagames,Pix the Cat,-,,ETC,Pastagames,0,1,その他,その他
2014-11-13,スクウェア・エニックス,コール オブ デューティ アドバンスド・ウォーフェア（字幕版）,38,YES,FPS,スクウェア・エニックス,66_0m_66n,1,FPS,その他
2014-11-13,コナミデジタルエンタテインメント,ワールドサッカー ウイニングイレブン 2015,37,YES,SPT,コナミデジタルエンタテインメント,122_0m_82n,1,サッカー,その他
2014-11-20,エレクトロニック・アーツ,EA SPORTS UFC,32,YES,FTG,エレクトロニック・アーツ,123_0m_83,1,格闘技,その他
2014-11-20,バンダイナムコゲームス,M3～ソノ黑キ鋼～///MISSION MEMENTO MORI,-,,ETC,バンダイナムコゲームス,0,1,その他,その他
2014-11-20,ユービーアイソフト,アサシンクリード ユニティ,37,YES,ACT,ユービーアイソフト,65_0m_65,1,ステルスアクション,その他
2014-11-20,コーエーテクモゲームス,真・三國無双7 Empires,33,YES,ACT,コーエーテクモゲームス,61_0m_61n,1,タクティカルアクション＋SLG,その他
2014-11-27,テイクツー・インタラクティブ・ジャパン,NBA 2K15,34,YES,SPT,テイクツー・インタラクティブ・ジャパン,125_0m_85,1,バスケットボール,その他
2014-11-27,ディースリー・パブリッシャー,SIMPLEシリーズG4U Vol.1 THE 麻雀,-,YES,ETC,ディースリー・パブリッシャー,126_0m_89,1,その他,その他
2014-11-27,エレクトロニック・アーツ,ドラゴンエイジ:インクイジション,36,YES,ARPG,エレクトロニック・アーツ,7_0m_7,1,アクションRPG,その他
2014-12-03,インターグロー,スチームワールド ディグ,-,,ETC,インターグロー,0,1,その他,その他
2014-12-04,アークシステムワークス,GUILTY GEAR Xrd -SIGN-,35,YES,FTG,アークシステムワークス,0,1,対戦格闘,その他
2014-12-04,セガ,ぷよぷよテトリス,-,YES,ETC,セガ,80_0m_113,1,その他,その他
2014-12-04,スクウェア・エニックス,コール オブ デューティ アドバンスド・ウォーフェア（吹き替え版）,38,YES,FPS,スクウェア・エニックス,66_0m_66n,1,FPS,その他
2014-12-04,ユービーアイソフト,ザ・クルー,35,YES,RCG,ユービーアイソフト,0,1,オープンワールド・レーシング,その他
2014-12-04,ソニー・コンピュータエンタテインメント,リトルビッグプラネット3,36,YES,ACT,ソニー・コンピュータエンタテインメント,146_0m_96n,1,アクション,その他
2014-12-11,エクシング,JOYSOUND.TV Plus,-,YES,ETC,エクシング,0,1,その他,その他
2014-12-11,ユニティ・ゲームズ・ジャパン,Never Alone,33,,ADV,ユニティ・ゲームズ・ジャパン,0,1,パズルアドベンチャー,その他
2014-12-11,Switchblade Monkeys Entertainment,Secret Ponchos,-,,ETC,Switchblade Monkeys Entertainment,0,1,その他,その他
2014-12-11,テイクツー・インタラクティブ・ジャパン,グランド・セフト・オートV,-,YES,ETC,テイクツー・インタラクティブ・ジャパン,138_0m_88,1,その他,その他
2014-12-11,コーエーテクモゲームス,信長の野望・創造 with パワーアップキット,37,YES,SLG,コーエーテクモゲームス,143_0m_93,1,歴史シミュレーション,その他
2014-12-17,コーエーテクモゲームス,信長の野望 Online ～覚醒の章～,-,YES,ETC,コーエーテクモゲームス,0,1,その他,その他
2014-12-18,テイジイエル企画,彼女はオレからはなれない,-,YES,ETC,テイジイエル企画,0,1,その他,その他
2014-12-24,PLAYISM,TorqueL,-,,ETC,PLAYISM,0,1,その他,その他
2014-12-25,Mojang AB,Minecraft: PlayStation 4 Edition,-,,ETC,Mojang AB,0,1,その他,その他
2014-12-25,ワーナー エンターテイメント ジャパン,シャドウ・オブ・モルドール,36,YES,ARPG,ワーナー エンターテイメント ジャパン,75_0m_75,1,アクションRPG,その他
2014-12-25,スクウェア・エニックス,ララ・クロフト アンド テンプル オブ オシリス,34,YES,AADV,スクウェア・エニックス,0,1,アクションアドベンチャー,その他
2015-01-14,Eiconic Games Ltd,Final Horizon,-,,ETC,Eiconic Games Ltd,0,1,その他,その他
2015-01-14,Curve Digital,Titan Attacks!,-,,ETC,Curve Digital,0,1,その他,その他
2015-01-20,カプコン,バイオハザード HDリマスター,-,,ETC,カプコン,0,1,その他,その他
2015-01-22,ワーナー エンターテイメント ジャパン,LEGO マーベル スーパーヒーローズ ザ・ゲーム,33,YES,AADV,ワーナー エンターテイメント ジャパン,0,1,アクションアドベンチャー,その他
2015-01-22,ユービーアイソフト,ファークライ4,36,YES,FPS,ユービーアイソフト,166_0m_109,1,FPS,その他
2015-01-29,コーエーテクモゲームス,ブレイドストーム 百年戦争＆ナイトメア,34,YES,ACT,コーエーテクモゲームス,168_0m_111n,1,部隊アクション,その他
2015-02-05,バンダイナムコゲームス,ドラゴンボール ゼノバース,30,YES,ACT,バンダイナムコゲームス,169_0m_141,1,対戦アクション,その他
2015-02-11,コーエーテクモゲームス,戦国無双4-II,36,YES,ACT,コーエーテクモゲームス,183_0m_129,1,タクティカルアクション,その他
2015-02-12,ユービーアイソフト,ロード オブ ザ フォールン,32,YES,ARPG,ユービーアイソフト,186_0m_118,1,アクションRPG,その他
2015-02-18,スクウェア・エニックス,Teslagrad,-,,ETC,スクウェア・エニックス,0,1,その他,その他
2015-02-19,バンダイナムコゲームス,GOD EATER 2 RAGE BURST,-,YES,ETC,バンダイナムコゲームス,0,1,その他,その他
2015-02-19,PLAYISM,Prismatic Solid,-,,ETC,PLAYISM,0,1,その他,その他
2015-02-19,スパイク・チュンソフト,テラリア,31,YES,AADV,スパイク・チュンソフト,184_0m_132,1,モノづくりアクションAVG,その他
2015-02-19,コーエーテクモゲームス,デッド オア アライブ5 ラストラウンド,34,YES,FTG,コーエーテクモゲームス,170_0m_131,1,対戦格闘,その他
2015-02-20,ソニー・コンピュータエンタテインメント,The Order:1886,30,YES,AADV,ソニー・コンピュータエンタテインメント,171_0m_121,1,アクションアドベンチャー,その他
2015-02-24,Singapore University of Technology and Design,One Upon Light -影の向こうへ-,-,,ETC,Singapore University of Technology and Design,0,1,その他,その他
2015-02-25,カプコン,バイオハザード リベレーションズ2,36,YES,ETC,カプコン,185_0m_120n,1,サバイバルホラー,その他
2015-02-26,スクウェア・エニックス,ドラゴンクエストヒーローズ 闇竜と世界樹の城,35,YES,ARPG,スクウェア・エニックス,173_0m_130,1,アクションRPG,その他
2015-03-04,"Oddworld Inhabitants, Inc",Oddworld: New ’n’ Tasty,-,,ETC,"Oddworld Inhabitants, Inc",0,1,その他,その他
2015-03-05,テイクツー・インタラクティブ・ジャパン,EVOLVE,33,YES,ASHT,テイクツー・インタラクティブ・ジャパン,0,1,サバイバルアクションシューター,その他
2015-03-05,PLAYISM,クロワルール・シグマ,30,,ACT,PLAYISM,0,1,一騎当千ハイスピードアクション,その他
2015-03-05,ソニー・コンピュータエンタテインメント,ヘルダイバー,31,,SHT,ソニー・コンピュータエンタテインメント,0,1,シューティング,その他
2015-03-11,スパイク・チュンソフト,キャッスルストーム,33,,RTS,スパイク・チュンソフト,0,1,タワーディフェンス,その他
2015-03-12,ソニー・コンピュータエンタテインメント,STAR STRIKE ULTRA,32,,SHT,ソニー・コンピュータエンタテインメント,0,1,シューティング,その他
2015-03-12,セガ,龍が如く0 誓いの場所,36,YES,AADV,セガ,190_0m_124,1,アクションアドベンチャー,その他
2015-03-19,スクウェア・エニックス,みんなでスペランカーZ,32,,ACT,スクウェア・エニックス,0,1,アクション,その他
2015-03-19,PLAYISM,アスタブリード,32,,SHT,PLAYISM,0,1,2.5Dシューティング,その他
2015-03-19,エレクトロニック・アーツ,バトルフィールド ハードライン,34,,FPS,エレクトロニック・アーツ,68_0m_68,1,FPS,その他
2015-03-19,スクウェア・エニックス,ファイナルファンタジー零式 HD,-,YES,ETC,スクウェア・エニックス,189_0m_123n,1,その他,その他
2015-03-25,クロスファンクション,Chariot,-,,ETC,クロスファンクション,0,1,その他,その他
2015-03-26,ソニー・コンピュータエンターテイメント,Bloodborne,36,YES,ARPG,ソニー・コンピュータエンターテイメント,194_0m_133,1,アクションRPG,その他
2015-03-26,ハムスター,ニコリのパズル4 橋をかけろ,-,,ETC,ハムスター,0,1,その他,その他
2015-03-26,バンダイナムコゲームス,ワンピース 海賊無双3,36,YES,ACT,バンダイナムコゲームス,0,1,無双アクション,その他
2015-03-26,コーエーテクモゲームス,影牢 〜もう1人のプリンセス〜,33,YES,ETC,コーエーテクモゲームス,0,1,トラップ悪ション,その他
2015-03-26,マーベラス,閃乱カグラ ESTIVAL VERSUS -少女達の選択-,32,YES,ETC,マーベラス,198_0m_142,1,爆乳ハイパーバトル,その他
2015-03-26,日本一ソフトウェア,魔界戦記ディスガイア5,33,YES,SRPG,日本一ソフトウェア,0,1,史上最凶のシミュレーションRPG,その他
2015-04-01,Rollingmedia Limited.,OlliOlli2: Welcome to OLLIWOOD,33,,TBL,Rollingmedia Limited.,0,1,スケートボード,その他
2015-04-02,ワーナー エンターテイメント ジャパン,LEGO バットマン3 ザ・ゲーム ゴッサムから宇宙へ,32,YES,AADV,ワーナー エンターテイメント ジャパン,0,1,アクションアドベンチャー,その他
2015-04-02,ディースリー・パブリッシャー,地球防衛軍4.1 THE SHADOW OF NEW DESPAIR,32,YES,ASHT,ディースリー・パブリッシャー,208_0m_149,1,3Dアクションシューティング,その他
2015-04-08,スパイク・チュンソフト,How to Survive：ゾンビアイランド ストームワーニングエディション,31,,ACT,スパイク・チュンソフト,0,1,ゾンビサバイバルアクション,その他
2015-04-08,8-4,ローグ・レガシー,32,,ARPG,8-4,0,1,アクションRPG,その他
2015-04-09,フロム・ソフトウェア,DARK SOULS II SCHOLAR OF THE FIRST SIN,-,YES,ETC,フロム・ソフトウェア,0,1,その他,その他
2015-04-09,ソニー・コンピュータエンタテインメント,MLB 15 THE SHOW,32,,SPT,ソニー・コンピュータエンタテインメント,0,1,野球,その他
2015-04-16,スパイク・チュンソフト,セインツロウ IV リエレクテッド,-,YES,ETC,スパイク・チュンソフト,210_0m_151,1,その他,その他
2015-04-16,ワーナー エンターテイメント ジャパン,ダイイングライト,34,YES,ETC,ワーナー エンターテイメント ジャパン,211_0m_152,1,サバイバルホラー,その他
2015-04-20,Supergiant Games,Transistor,-,,ETC,Supergiant Games,0,1,その他,その他
2015-04-22,ユービーアイ ソフト,アサシン クリード クロニクル チャイナ,34,,ACT,ユービーアイ ソフト,366_0m_308,1,2.5Dアクション,その他
2015-04-23,アークシステムワークス,BLAZBLUE CHRONOPHANTASMA EXTEND,-,YES,ETC,アークシステムワークス,0,1,その他,その他
2015-04-23,スクウェア・エニックス,TROPICO 5,-,YES,ETC,スクウェア・エニックス,0,1,その他,その他
2015-04-23,コンパイルハート,新次元ゲイム ネプテューヌVII,32,YES,RPG,コンパイルハート,214_0m_155n,1,RPG,その他
2015-04-23,コーエーテクモゲームス,討鬼伝 極,-,YES,ETC,コーエーテクモゲームス,0,1,その他,その他
2015-05-07,GRIP Digital s.r.o.,Tower of Guns,-,,ETC,GRIP Digital s.r.o.,0,1,その他,その他
2015-05-12,ソニー・コンピュータエンタテインメント,The Last of Us Left Behind ‐残されたもの‐,-,,ETC,ソニー・コンピュータエンタテインメント,0,1,その他,その他
2015-05-14,ユービーアイ ソフト,エアメック アリーナ,33,,RTS,ユービーアイ ソフト,0,1,リアルタイムストラテジー,その他
2015-05-14,スクウェア・エニックス,ファイナルファンタジーX/X-2 HDリマスター,-,YES,ETC,スクウェア・エニックス,0,1,その他,その他
2015-05-14,テイクツー・インタラクティブ・ジャパン,ボーダーランズ ダブルデラックス コレクション,-,YES,ETC,テイクツー・インタラクティブ・ジャパン,0,1,その他,その他
2015-05-14,SNKプレイモア,メタルスラッグ3,-,,ETC,SNKプレイモア,0,1,その他,その他
2015-05-21,スパイク・チュンソフト,ウィッチャー3 ワイルドハント,37,YES,ARPG,スパイク・チュンソフト,6046_0m_3876,1,アクションRPG,その他
2015-06-04,ベセスダ・ソフトワークス,ウルフェンシュタイン：ザ オールドブラッド,33,YES,FPS,ベセスダ・ソフトワークス,0,1,FPS,その他
2015-06-04,ディースリー・パブリッシャー,夏色ハイスクル★青春白書,30,YES,ADV,ディースリー・パブリッシャー,0,1,オープンワールド学園恋愛アドベンチャー,その他
2015-06-10,ユービーアイ ソフト,テトリス アルティメット,-,,ETC,ユービーアイ ソフト,0,1,その他,その他
2015-06-10,メビウス,メゾン・ド・魔王,34,,RTS,メビウス,0,1,タワーディフェンス,その他
2015-06-11,セガゲームス,エイリアン アイソレーション,-,YES,ETC,セガゲームス,0,1,その他,その他
2015-06-11,メディアスケープ,幻想の輪舞,-,,ETC,メディアスケープ,0,1,その他,その他
2015-06-18,カプコン,DEVIL MAY CRY 4 Special Edition,-,YES,ETC,カプコン,0,1,その他,その他
2015-06-23,スクウェア・エニックス,ファイナルファンタジーXIV: 蒼天のイシュガルド,-,YES,ETC,スクウェア・エニックス,2_0m_2,1,その他,その他
2015-06-25,5pb.,CHAOS;CHILD,-,YES,ETC,5pb.,0,1,その他,その他
2015-06-25,インターグロー,RIDE,-,YES,ETC,インターグロー,0,1,その他,その他
2015-06-25,スパイク・チュンソフト,ホットライン マイアミ Collected Edition,33,YES,ACT,スパイク・チュンソフト,0,1,アクション,その他
2015-07-02,Double Eleven Limited,Nom Nom Galaxy,34,,ACT,Double Eleven Limited,0,1,2Dスープバトルアクション,その他
2015-07-08,Flippfly LLC,Race The Sun,-,,ETC,Flippfly LLC,0,1,その他,その他
2015-07-08,"Frozenbyte, Inc.",Trine 2: Complete Story,30,,PZL,"Frozenbyte, Inc.",0,1,謎解き2Dアクション,その他
2015-07-10,クロスファンクション,Tiny Troopers Joint Ops,-,,ETC,クロスファンクション,0,1,その他,その他
2015-07-15,ユービーアイ ソフト,トライアルズ フュージョン オーサムマックスエディション,-,,ETC,ユービーアイ ソフト,0,1,その他,その他
2015-07-16,ソニー・コンピュータエンタテインメント,GOD OF WAR III REMASTERED,-,YES,ETC,ソニー・コンピュータエンタテインメント,246_0m_190,1,その他,その他
2015-07-16,バンダイナムコエンターテインメント,ゴジラ-GODZILLA-VS,30,YES,ACT,バンダイナムコエンターテインメント,245_0m_189n,1,超破壊特撮VSアクション,その他
2015-07-16,ワーナー エンターテイメント ジャパン,バットマン アーカム・ナイト,37,YES,ACT,ワーナー エンターテイメント ジャパン,0,1,アクション,その他
2015-07-21,5pb.,ファントムブレイカー：バトルグラウンドオーバードライブ,-,,ETC,5pb.,0,1,その他,その他
2015-07-23,カプコン,戦国BASARA4 皇,34,YES,ACT,カプコン,249_0m_193,1,スタイリッシュ英雄アクション,その他
2015-07-23,ソニー・コンピュータエンタテインメント,風ノ旅ビト,-,,ETC,ソニー・コンピュータエンタテインメント,0,1,その他,その他
2015-07-29,アークシステムワークス,ローラーズ オブ ザ レルム 〜呪われし三戦士と戦乱の王国〜,-,,ETC,アークシステムワークス,0,1,その他,その他
2015-07-30,スパイク・チュンソフト,不思議のクロニクル 振リ返リマセン勝ツマデハ,30,YES,RPG,スパイク・チュンソフト,0,1,強制横スクロールRPG,その他
2015-08-05,LUMENOX EHF,Aaru's Awakening,-,,ETC,LUMENOX EHF,0,1,その他,その他
2015-08-05,Honeyslug. Ltd,Super Exploding Zoo,-,,ETC,Honeyslug. Ltd,0,1,その他,その他
2015-08-06,アルケミスト,ぎゃる☆がん だぶるぴーす,31,YES,SHT,アルケミスト,0,1,3D眼（ガン）シューティング,その他
2015-08-06,インティ・クリエイツ,ぎゃるガンヴォルト,-,,ETC,インティ・クリエイツ,0,1,その他,その他
2015-08-11,ソニー・コンピュータエンタテインメント,Everybody's Gone to the Rapture -幸福な消失-,-,,ETC,ソニー・コンピュータエンタテインメント,0,1,その他,その他
2015-08-19,ユービーアイ ソフト,ZOMBI,-,,ETC,ユービーアイ ソフト,0,1,その他,その他
2015-08-27,ベセスダ・ソフトワークス,DISHONORED HD,-,YES,ETC,ベセスダ・ソフトワークス,0,1,その他,その他
2015-08-27,ソニー・コンピュータエンタテインメント,UNTIL DAWN -惨劇の山荘-,35,YES,ADV,ソニー・コンピュータエンタテインメント,253_0m_198,1,ホラーアドベンチャー,その他
2015-08-27,バンダイナムコエンターテインメント,ガンダムバトルオペレーションNEXT,-,,ETC,バンダイナムコエンターテインメント,0,1,その他,その他
2015-08-27,カプコン,ドラゴンズドグマ オンライン リミテッドエディション,35,YES,ACT,カプコン,0,1,オープンワールドアクション,その他
2015-08-28,"Young Horses, Inc.",オクトダッド -タコと呼ばないで-,33,,AADV,"Young Horses, Inc.",0,1,アクションアドベンチャー,その他
2015-09-02,ユービーアイ ソフト,Grow Home,-,,ETC,ユービーアイ ソフト,0,1,その他,その他
2015-09-02,コナミデジタルエンタテインメント,メタルギアソリッドV ファントムペイン,40,YES,ACT,コナミデジタルエンタテインメント,69_0m_69,1,諜報潜入アクション,その他
2015-09-04,カプコン,ウルトラストリートファイターIV,-,,ETC,カプコン,0,1,その他,その他
2015-09-10,PLAYISM,In Space We Brawl,-,,ETC,PLAYISM,0,1,その他,その他
2015-09-10,Zoink AB,Zombie Vikings,-,,ETC,Zoink AB,0,1,その他,その他
2015-09-15,コーエーテクモゲームス,大航海時代 Online 〜Gran Atlas〜,-,,ETC,コーエーテクモゲームス,0,1,その他,その他
2015-09-16,League of Geeks Pty Ltd,Armello,-,,ETC,League of Geeks Pty Ltd,0,1,その他,その他
2015-09-17,コーエーテクモゲームス,戦国無双4 Empires,33,YES,ACT,コーエーテクモゲームス,0,1,タクティカルアクション,その他
2015-09-18,ワンオアエイト,EARTH WARS,-,,ETC,ワンオアエイト,0,1,その他,その他
2015-09-24,アクアプラス,うたわれるもの 偽りの仮面,32,YES,ADV,アクアプラス,0,1,AVG＋S・RPG,その他
2015-09-25,バンダイナムコエンターテインメント,聖闘士星矢 ソルジャーズ・ソウル,30,YES,ACT,バンダイナムコエンターテインメント,0,1,シネマティック小宇宙アクション,その他
2015-09-25,日本一ソフトウェア,魔女と百騎兵 リバイバル,-,YES,ETC,日本一ソフトウェア,0,1,その他,その他
2015-10-01,ソニー・コンピュータエンタテインメント,HELLDIVERS スーパーアースアルティメットエディション,-,YES,ETC,ソニー・コンピュータエンタテインメント,281_0m_226,1,その他,その他
2015-10-01,インターグロー,MotoGP 15,-,YES,ETC,インターグロー,0,1,その他,その他
2015-10-01,ソニー・コンピュータエンタテインメント,Tearaway PlayStation 4,33,YES,AADV,ソニー・コンピュータエンタテインメント,0,1,アクションアドベンチャー,その他
2015-10-01,コーエーテクモゲームス,よるのないくに,32,YES,RPG,コーエーテクモゲームス,0,1,美少女従魔RPG,その他
2015-10-01,コーエーテクモゲームス,アルスラーン戦記×無双,32,YES,ACT,コーエーテクモゲームス,0,1,アクション,その他
2015-10-01,コナミデジタルエンタテインメント,ウイニングイレブン 2016,35,YES,SPT,コナミデジタルエンタテインメント,0,1,サッカー,その他
2015-10-01,ワーナー・エンターテインメント・ジャパン,マッドマックス,32,YES,AADV,ワーナー・エンターテインメント・ジャパン,284_0m_229,1,アクションアドベンチャー,その他
2015-10-06,エレクトロニック・アーツ,FIFA 16,35,YES,SPT,エレクトロニック・アーツ,0,1,サッカー,その他
2015-10-07,Double Eleven,Goat Simulator,31,,SLG,Double Eleven,0,1,ヤギシミュレーター,その他
2015-10-08,ソニー・コンピュータエンタテインメント,アンチャーテッド コレクション,-,YES,ETC,ソニー・コンピュータエンタテインメント,0,1,その他,その他
2015-10-13,クロスファンクション,Paperbound,-,,ETC,クロスファンクション,0,1,その他,その他
2015-10-17,クロスファンクション,Unmechanical: Extended,30,,ADV,クロスファンクション,0,1,パズルアドベンチャー,その他
2015-10-28,スクウェア・エニックス,Star Ocean2 セカンドエヴォリューション,-,,ETC,スクウェア・エニックス,0,1,その他,その他
2015-10-28,ピッキー合同会社,The Binding of Isaac: Rebirth アイザックの伝説：リバース,-,,ETC,ピッキー合同会社,5967_0m_3796,1,その他,その他
2015-10-29,バンダイナムコエンターテインメント,ゴッドイーター リザレクション,34,YES,ACT,バンダイナムコエンターテインメント,289_0m_234,1,ドラマティック討伐アクション,その他
2015-11-04,Curve Digital,The Swapper,-,,ETC,Curve Digital,0,1,その他,その他
2015-11-04,Choice Provisions,Woah Dave!,-,,ETC,Choice Provisions,0,1,その他,その他
2015-11-04,Psyonix Inc,ロケットリーグ,-,,ETC,Psyonix Inc,0,1,その他,その他
2015-11-05,コンパイルハート,フェアリーフェンサー エフ ADVENT DARK FORCE,33,YES,RPG,コンパイルハート,298_0m_243,1,RPG,その他
2015-11-06,ソニー・コンピュータエンタテインメント,コール オブ デューティ ブラックオプス3,36,YES,FPS,ソニー・コンピュータエンタテインメント,299_0m_244,1,FPS,その他
2015-11-12,ユービーアイソフト,アサシン クリード シンジケート,35,YES,ACT,ユービーアイソフト,300_0m_245,1,ステルスアクション,その他
2015-11-12,バンダイナムコエンターテインメント,ディズニーインフィニティ3.0,32,YES,ACT,バンダイナムコエンターテインメント,0,1,フィギュア連動アクション,その他
2015-11-12,エレクトロニック・アーツ,ニード・フォー・スピード,32,YES,RCG,エレクトロニック・アーツ,302_0m_247,1,アクションレース,その他
2015-11-19,スパイク・チュンソフト,グランキングダム,31,YES,SRPG,スパイク・チュンソフト,288_0m_233,1,タクティカルRPG,その他
2015-11-19,エレクトロニック・アーツ,スター・ウォーズ バトルフロント,-,YES,ETC,エレクトロニック・アーツ,0,1,その他,その他
2015-11-19,コーエーテクモゲームス,ソフィーのアトリエ 〜不思議な本の錬金術士〜,33,YES,RPG,コーエーテクモゲームス,273_0m_218n,1,錬金術再生RPG,その他
2015-11-19,バンダイナムコエンターテインメント,ソードアート・オンライン Game Director's Edition,-,YES,ETC,バンダイナムコエンターテインメント,0,1,その他,その他
2015-11-19,バンダイナムコエンターテインメント,ソードアート・オンライン Re:―ホロウ・フラグメント―,-,,ETC,バンダイナムコエンターテインメント,0,1,その他,その他
2015-11-20,PLAYISM,巫剣神威控,30,,ACT,PLAYISM,0,1,バトルアクション,その他
2015-11-25,バンダイナムコエンターテインメント,ゴッドイーターオフショット <雨宮リンドウ編>,-,YES,ETC,バンダイナムコエンターテインメント,0,1,その他,その他
2015-11-26,システムスリージャパン,Let's Sing 2016,-,,ETC,システムスリージャパン,0,1,その他,その他
2015-11-26,セガゲームス,ブレードアークス from シャイニングEX,-,YES,ETC,セガゲームス,0,1,その他,その他
2015-11-26,アークシステムワークス,魔都紅色幽撃隊 DAYBREAK SPECIAL GIGS,-,YES,ETC,アークシステムワークス,0,1,その他,その他
2015-11-27,ピッキー合同会社,1001 Spikes,32,,AADV,ピッキー合同会社,0,1,最凶即死アクションAVG,その他
2015-12-02,Grimm Bros,Dragon Fin Soup,-,,ETC,Grimm Bros,0,1,その他,その他
2015-12-02,Playdead ApS,LIMBO,-,,ETC,Playdead ApS,0,1,その他,その他
2015-12-04,スクウェア・エニックス,FINAL FANTASY VII,-,,ETC,スクウェア・エニックス,0,1,その他,その他
2015-12-04,ハムスター,ニコリのパズル4 四角に切れ,-,,ETC,ハムスター,0,1,その他,その他
2015-12-08,コナミデジタルエンタテインメント,ウイニングイレブン2016 myClub,-,,ETC,コナミデジタルエンタテインメント,0,1,その他,その他
2015-12-09,ソニー・コンピュータエンタテインメント,ぽっちゃり☆プリンセス® ～メタ冒険～,-,,ETC,ソニー・コンピュータエンタテインメント,0,1,その他,その他
2015-12-10,ソニー・コンピュータエンタテインメント,GRAVITY DAZE/重力的眩暈:上層への帰還において彼女の内宇宙に生じた摂動,-,YES,ETC,ソニー・コンピュータエンタテインメント,0,1,その他,その他
2015-12-10,システムスリージャパン,Putty Squad,-,,ETC,システムスリージャパン,0,1,その他,その他
2015-12-10,5pb.,STEINS;GATE 0,35,YES,ADV,5pb.,303_0m_248n,1,想定科学アドベンチャー,その他
2015-12-10,マーベラス,ニトロプラス ブラスターズ -ヒロインズ インフィニット デュエル-,-,YES,ETC,マーベラス,0,1,その他,その他
2015-12-10,ユービーアイソフト,レインボーシックス シージ,34,YES,SHT,ユービーアイソフト,287_0m_232,1,タクティカルシューター,その他
2015-12-17,ベセスダ・ソフトワークス,Fallout 4,38,YES,ARPG,ベセスダ・ソフトワークス,317_0m_262,1,アクションRPG,その他
2015-12-17,スパイク・チュンソフト,イグジストアーカイヴ -The Other Side of the Sky-,33,YES,ARPG,スパイク・チュンソフト,312_0m_257n,1,アクションRPG,その他
2015-12-17,バンダイナムコエンターテインメント,ジョジョの奇妙な冒険 アイズオブヘブン,34,YES,ACT,バンダイナムコエンターテインメント,316_0m_261,1,スタイリッシュタッグジョジョアクション,その他
2015-12-17,システムソフト・アルファー[注釈 5],大戦略 大東亜興亡史3 第二次世界大戦勃発! 枢軸軍対連合軍 全世界戦,-,YES,ETC,システムソフト・アルファー[注釈 5],0,1,その他,その他
2015-12-17,テイジイエル企画,恋愛リベンジ,-,,ETC,テイジイエル企画,0,1,その他,その他
2015-12-17,セガゲームス,電撃文庫 FIGHTING CLIMAX IGNITION,32,YES,FTG,セガゲームス,313_0m_258n,1,2D対戦格闘,その他
2015-12-18,ハムスター,ニコリのパズル4 ナンバーリンク,-,,ETC,ハムスター,0,1,その他,その他
2015-12-23,バンダイナムコエンターテインメント,ゴッドイーターオフショット <アリサ・イリーニチナ・アミエーラ編>,-,YES,ETC,バンダイナムコエンターテインメント,0,1,その他,その他
2015-12-23,ドラキュー,重装機兵レイノス,-,YES,ETC,ドラキュー,0,1,その他,その他
2015-12-25,インターグロー,I am Bread,31,,ETC,インターグロー,0,1,パンが焼かれるゲーム,その他
2015-12-25,クロスファンクション,Infinity Runner,-,,ETC,クロスファンクション,0,1,その他,その他
2016-01-06,Gambitious Digital Entertainment,Xeodrifter,-,,ETC,Gambitious Digital Entertainment,0,1,その他,その他
2016-01-12,ユービーアイソフト,アサシン クリード クロニクル インディア,-,,ETC,ユービーアイソフト,366_0m_308,1,その他,その他
2016-01-14,アトラス,オーディンスフィア レイヴスラシル,36,YES,ARPG,アトラス,330_0m_275,1,2DアクションRPG,その他
2016-01-15,角川ゲームス,ダライアスバースト クロニクルセイバーズ,32,,SHT,角川ゲームス,331_0m_276n,1,シューティング,その他
2016-01-18,スパイク・チュンソフト,クリプト・オブ・ネクロダンサー,31,,音,スパイク・チュンソフト,0,1,ローグライクリズムアクション,その他
2016-01-20,Wargaming.net,World of Tanks,-,,ETC,Wargaming.net,0,1,その他,その他
2016-01-21,スクウェア・エニックス,ジャストコーズ3,33,YES,AADV,スクウェア・エニックス,0,1,アグレッシブ・アクションアドベンチャー,その他
2016-01-21,カプコン,バイオハザード 0 HDリマスター,-,,ETC,カプコン,0,1,その他,その他
2016-01-21,カプコン,バイオハザード オリジンズコレクション,-,YES,ETC,カプコン,333_0m_278,1,その他,その他
2016-01-21,セガゲームス,龍が如く 極,34,YES,AADV,セガゲームス,334_0m_279n,1,アクションアドベンチャー,その他
2016-01-28,バンダイナムコエンターテインメント,ゴッドイーターオフショット <ソーマ・シックザール編>,-,YES,ETC,バンダイナムコエンターテインメント,0,1,その他,その他
2016-01-28,スクウェア・エニックス,ドラゴンクエストビルダーズ アレフガルドを復活せよ,36,YES,RPG,スクウェア・エニックス,335_0m_280n,1,ブロックメイクRPG,その他
2016-01-28,コーエーテクモゲームス,三國志13,36,YES,SLG,コーエーテクモゲームス,0,1,歴史シミュレーション,その他
2016-01-28,イエティ,恋姫†演武,-,YES,ETC,イエティ,0,1,その他,その他
2016-02-03,Curve Digital,MouseCraft,-,,ETC,Curve Digital,0,1,その他,その他
2016-02-03,ソニー・コンピュータエンタテインメント,ハードウェア：ライバルズ,-,,ETC,ソニー・コンピュータエンタテインメント,0,1,その他,その他
2016-02-04,バンダイナムコエンターテインメント,NARUTO -ナルト- 疾風伝 ナルティメットストーム4,38,YES,ACT,バンダイナムコエンターテインメント,348_0m_291,1,忍道対戦アクション,その他
2016-02-09,エレクトロニック・アーツ,Unravel,35,,ACT,エレクトロニック・アーツ,0,1,アクションパズル,その他
2016-02-10,セガゲームス,戦場のヴァルキュリア リマスター,-,YES,ETC,セガゲームス,349_0m_292,1,その他,その他
2016-02-10,メディアスケープ,東方紅輝心,-,,ETC,メディアスケープ,0,1,その他,その他
2016-02-18,スクウェア・エニックス,いけにえと雪のセツナ,32,YES,RPG,スクウェア・エニックス,350_0m_293,1,RPG,その他
2016-02-18,カプコン,ストリートファイターV,35,YES,FTG,カプコン,0,1,対戦格闘,その他
2016-02-18,コーエーテクモゲームス,進撃の巨人,34,YES,ACT,コーエーテクモゲームス,362_0m_304n,1,タクティカルハンティングアクション,その他
2016-02-25,ユービーアイ ソフト,アサシン クリード クロニクル,32,YES,ACT,ユービーアイ ソフト,366_0m_308,1,2.5Dアクション,その他
2016-02-25,ユービーアイソフト,アサシン クリード クロニクル ロシア,-,,ETC,ユービーアイソフト,366_0m_308,1,その他,その他
2016-02-25,バンダイナムコエンターテインメント,ゴッドイーターオフショット <シオ編>,-,YES,ETC,バンダイナムコエンターテインメント,0,1,その他,その他
2016-02-25,バンダイナムコエンターテインメント,仮面ライダー バトライド・ウォー 創生,-,YES,ETC,バンダイナムコエンターテインメント,0,1,その他,その他
2016-02-25,エンターグラム,執事が姫を選ぶとき,-,,ETC,エンターグラム,0,1,その他,その他
2016-03-02,GHI Media LLC,Broforce,-,,ETC,GHI Media LLC,0,1,その他,その他
2016-03-03,バンダイナムコエンターテインメント,ガンダムブレイカー3,34,YES,ACT,バンダイナムコエンターテインメント,380_0m_322n,1,創壊共闘アクション,その他
2016-03-03,スクウェア・エニックス,ライフ イズ ストレンジ,34,YES,ADV,スクウェア・エニックス,371_0m_313,1,アドベンチャー,その他
2016-03-09,Curve Digital,Action Henk,-,,ETC,Curve Digital,0,1,その他,その他
2016-03-09,PLAYISM,アサルトアンドロイド カクタス,-,,ETC,PLAYISM,0,1,その他,その他
2016-03-10,バンダイナムコエンターテインメント,サモンナイト6 失われた境界たち,32,YES,SRPG,バンダイナムコエンターテインメント,0,1,シミュレーションRPG,その他
2016-03-10,ユービーアイソフト,ディビジョン,36,YES,MMO,ユービーアイソフト,378_0m_320,1,オンラインRPG,その他
2016-03-17,インターグロー,セバスチャン・ローブ ラリー EVO,-,YES,ETC,インターグロー,0,1,その他,その他
2016-03-23,PLAYISM,アクアキティDX,-,,ETC,PLAYISM,0,1,その他,その他
2016-03-24,フロム・ソフトウェア,DARK SOULS III,-,YES,ETC,フロム・ソフトウェア,0,1,その他,その他
2016-03-24,5pb.,PSYCHO-PASS サイコパス 選択なき幸福,-,YES,ETC,5pb.,0,1,その他,その他
2016-03-24,GHI Media LLC,はーとふる彼氏,-,,ETC,GHI Media LLC,0,1,その他,その他
2016-03-24,GHI Media LLC,はーとふる彼氏 HolidayStar,-,,ETC,GHI Media LLC,0,1,その他,その他
2016-03-24,バンダイナムコエンターテインメント,ゴッドイーターオフショット <藤木コウタ編>,-,YES,ETC,バンダイナムコエンターテインメント,0,1,その他,その他
2016-03-24,コーエーテクモゲームス,デッド オア アライブ エクストリーム3 フォーチュン,32,YES,ETC,コーエーテクモゲームス,0,1,バカンス,その他
2016-03-24,ユービーアイソフト,トラックマニア ターボ,31,YES,RCG,ユービーアイソフト,0,1,レース,その他
2016-03-24,コーエーテクモゲームス,信長の野望・創造 戦国立志伝,35,YES,SLG,コーエーテクモゲームス,377_0m_319n,1,歴史シミュレーション,その他
2016-03-25,クロスファンクション,Project Root,-,,ETC,クロスファンクション,0,1,その他,その他
2016-03-25,ライオンズフィルム,Weapons of Mythology 〜NEW AGE〜,-,,ETC,ライオンズフィルム,0,1,その他,その他
2016-03-29,カプコン,バイオハザード6,-,YES,ETC,カプコン,418_0m_358n,1,その他,その他
2016-03-30,ソニー・インタラクティブエンタテインメント,MLB The Show 16,32,,SPT,ソニー・インタラクティブエンタテインメント,0,1,メジャーリーグベースボール,その他
2016-03-31,コーエーテクモゲームス,ウイニングポスト8 2016,32,YES,SLG,コーエーテクモゲームス,0,1,競馬シミュレーション,その他
2016-03-31,スクウェア・エニックス,スターオーシャン5 Integrity and Faithlessness,34,YES,RPG,スクウェア・エニックス,353_0m_295,1,RPG,その他
2016-04-06,17-BIT,Skulls of the Shogun,-,,ETC,17-BIT,0,1,その他,その他
2016-04-07,ユービーアイソフト,ファークライ プライマル,33,YES,AADV,ユービーアイソフト,389_0m_331,1,サバイバルアクションADV,その他
2016-04-08,ハムスター,ニコリのパズル4 ヤジリン,-,,ETC,ハムスター,0,1,その他,その他
2016-04-08,メビウス,燃えろ!!プロ野球2016,-,,ETC,メビウス,0,1,その他,その他
2016-04-14,アークシステムワークス,スカルガールズ 2ndアンコール,32,YES,FTG,アークシステムワークス,0,1,2D対戦格闘,その他
2016-04-14,スパイク・チュンソフト,ディヴィニティ:オリジナル・シン エンハンスド・エディション,33,YES,SRPG,スパイク・チュンソフト,0,1,シミュレーションRPG,その他
2016-04-14,ガンホー・オンライン・エンターテイメント,リパブリック,32,YES,ADV,ガンホー・オンライン・エンターテイメント,0,1,ステルスアドベンチャー,その他
2016-04-20,GHI Media LLC,Enter the Gungeon,30,,ASHT,GHI Media LLC,0,1,アクションシューティング,その他
2016-04-20,セガゲームス,ファンタシースターオンライン2,-,,ETC,セガゲームス,0,1,その他,その他
2016-04-20,セガゲームス,ファンタシースターオンライン2 エピソード4 デラックスパッケージ,-,YES,ETC,セガゲームス,0,1,その他,その他
2016-04-21,コナミデジタルエンタテインメント,UEFA EURO 2016 / ウイニングイレブン 2016,-,YES,ETC,コナミデジタルエンタテインメント,0,1,その他,その他
2016-04-21,バンダイナムコエンターテインメント,ゴッドイーターオフショット <橘サクヤ編>,-,YES,ETC,バンダイナムコエンターテインメント,0,1,その他,その他
2016-04-21,ワーナー エンターテイメント ジャパン,ダイイングライト ザ・フォロイング エンハンスト・エディション,-,YES,ETC,ワーナー エンターテイメント ジャパン,417_0m_357,1,その他,その他
2016-04-21,バンダイナムコエンターテインメント,ワンピース バーニングブラッド,32,YES,ACT,バンダイナムコエンターテインメント,0,1,対戦アクション,その他
2016-04-26,クロスファンクション,Rocketbirds 2: Evolution,31,,ASHT,クロスファンクション,0,1,アクションシューティング,その他
2016-04-26,アークシステムワークス,タイムアベンジャー,-,,ETC,アークシステムワークス,0,1,その他,その他
2016-04-28,ワーナー ブラザース ジャパン,LEGO マーベル アベンジャーズ（英語版）,33,YES,AADV,ワーナー ブラザース ジャパン,0,1,アクションアドベンチャー,その他
2016-04-28,5pb.,パンチライン,32,YES,ADV,5pb.,0,1,幽体イタズラアドベンチャー,その他
2016-04-28,コナミデジタルエンタテインメント,実況パワフルプロ野球2016,37,YES,SPT,コナミデジタルエンタテインメント,0,1,野球・育成,その他
2016-04-28,コナミデジタルエンタテインメント,実況パワフルプロ野球サクセススペシャル,-,,ETC,コナミデジタルエンタテインメント,0,1,その他,その他
2016-05-10,ソニー・インタラクティブエンタテインメント,アンチャーテッド 海賊王と最後の秘宝,39,YES,AADV,ソニー・インタラクティブエンタテインメント,396_0m_336,1,アクションアドベンチャー,その他
2016-05-11,Capybara Games,スーパータイムフォース ULTRA,34,,ASHT,Capybara Games,0,1,アクションシューティング,その他
2016-05-13,ハムスター,ニコリのパズル4 ひとりにしてくれ,-,,ETC,ハムスター,0,1,その他,その他
2016-05-19,ベセスダ・ソフト,DOOM,32,YES,FPS,ベセスダ・ソフト,0,1,FPS,その他
2016-05-19,ソニー・インタラクティブエンタテインメント,Shadow of the Beast,30,,ACT,ソニー・インタラクティブエンタテインメント,0,1,アクション,その他
2016-05-19,2K Games,バトルボーン,31,YES,FPS,2K Games,0,1,FPS,その他
2016-05-19,スパイク・チュンソフト,ホームフロント ザ レボリューション,-,YES,ETC,スパイク・チュンソフト,0,1,その他,その他
2016-05-20,メディアスケープ,東方スカイアリーナ・幻想郷空戦姫-MATSURI-CLIMAX,30,,ACT,メディアスケープ,0,1,ハイテンションバトルアクション,その他
2016-05-24,スクウェア・エニックス,オーバーウォッチ オリジンズエディション,-,YES,ETC,スクウェア・エニックス,0,1,その他,その他
2016-05-25,SNK,幕末浪漫第二幕 月華の剣士 〜月に咲く華、散りゆく花〜,-,,ETC,SNK,0,1,その他,その他
2016-05-26,GHI Media LLC,Downwell,33,,ASHT,GHI Media LLC,0,1,アクションシューティング,その他
2016-05-26,アークシステムワークス,GUILTY GEAR Xrd -REVELATOR-,37,YES,FTG,アークシステムワークス,0,1,2D対戦格闘,その他
2016-05-26,カプコン,ロックマン クラシックス コレクション,-,,ETC,カプコン,0,1,その他,その他
2016-05-26,システムソフト・アルファー,三極姫4 天華繚乱 天命の恋絵巻,-,YES,ETC,システムソフト・アルファー,0,1,その他,その他
2016-05-27,スクウェア・エニックス,ドラゴンクエストヒーローズII 双子の王と予言の終わり,39,YES,ARPG,スクウェア・エニックス,410_0m_350n,1,アクションRPG,その他
2016-06-01,ソニー・インタラクティブエンタテインメント,BEYOND: Two Souls,-,,ETC,ソニー・インタラクティブエンタテインメント,0,1,その他,その他
2016-06-01,ソニー・インタラクティブエンタテインメント,HEAVY RAIN 心の軋むとき,-,,ETC,ソニー・インタラクティブエンタテインメント,0,1,その他,その他
2016-06-02,ソニー・インタラクティブエンタテインメント,ALIENATION,32,,SHT,ソニー・インタラクティブエンタテインメント,0,1,トップダウンシューター,その他
2016-06-03,メディアスケープ,ヒーラーは二度死ぬ,-,,ETC,メディアスケープ,0,1,その他,その他
2016-06-09,インターグロー,MXGP2,-,YES,ETC,インターグロー,0,1,その他,その他
2016-06-09,ユービーアイソフト,グランドエイジ メディーバル,-,YES,ETC,ユービーアイソフト,0,1,その他,その他
2016-06-09,バンダイナムコエンターテインメント,プロジェクト カーズ パーフェクト エディション,-,YES,ETC,バンダイナムコエンターテインメント,0,1,その他,その他
2016-06-09,エレクトロニック・アーツ,ミラーズエッジ カタリスト,32,YES,AADV,エレクトロニック・アーツ,0,1,アクションアドベンチャー,その他
2016-06-14,ユービーアイソフト,トライアルズ オブ ザ ブラッドドラゴン,-,,ETC,ユービーアイソフト,0,1,その他,その他
2016-06-15,クロスファンクショント,RETSNOM,33,,ACT,クロスファンクショント,0,1,アクションパズル,その他
2016-06-16,角川ゲームス,ルートレター,-,YES,ETC,角川ゲームス,0,1,その他,その他
2016-06-19,スパイク・チュンソフト,Mighty No. 9,30,,ACT,スパイク・チュンソフト,0,1,アクション,その他
2016-06-22,バンダイナムコエンターテインメント,PAC-MAN 256,-,,ETC,バンダイナムコエンターテインメント,0,1,その他,その他
2016-06-23,スクウェア・エニックス,ウォーキング・デッド,-,YES,ETC,スクウェア・エニックス,428_0m_368,1,その他,その他
2016-06-23,カプコン,バイオハザード アンブレラコア,36,YES,SHT,カプコン,0,1,対戦型シューター,その他
2016-06-23,セガゲームス,初音ミク Project DIVA Future Tone,37,,音,セガゲームス,1014_0m_859,1,リズムアクション,その他
2016-06-28,カプコン,バイオハザード5,-,,ETC,カプコン,467_0m_405n,1,その他,その他
2016-06-30,Eastasiasoft Limited,Rainbow Moon,-,,ETC,Eastasiasoft Limited,0,1,その他,その他
2016-06-30,スクウェア・エニックス,ウォーキング・デッド シーズン2,33,YES,ADV,スクウェア・エニックス,429_0m_369,1,シネマティックホラーアドベンチャー,その他
2016-06-30,バンダイナムコエンターテインメント,スーパーロボット大戦OG ムーン・デュエラーズ,33,YES,SRPG,バンダイナムコエンターテインメント,431_0m_371,1,シミュレーションRPG,その他
2016-07-01,Intragames,"Guns,Gore&Cannoli",33,,ASHT,Intragames,0,1,アクションシューティング,その他
2016-07-06,Eastasiasoft Limited,Lost Sea,-,,ETC,Eastasiasoft Limited,0,1,その他,その他
2016-07-06,PLAYRISE DIGITAL LIMITED,Table Top Racing: World Tour,-,,ETC,PLAYRISE DIGITAL LIMITED,0,1,その他,その他
2016-07-07,バンダイナムコエンターテインメント,テイルズ オブ ゼスティリア Welcome Price!!,-,YES,ETC,バンダイナムコエンターテインメント,0,1,その他,その他
2016-07-07,日本一ソフトウェア,真 流行り神2,32,YES,ADV,日本一ソフトウェア,0,1,ホラーアドベンチャー,その他
2016-07-12,UPPERCUT GAMES,Submerged,-,,ETC,UPPERCUT GAMES,0,1,その他,その他
2016-07-14,House House Games,Push Me Pull You,-,,ETC,House House Games,0,1,その他,その他
2016-07-21,コンパイルハート,クロバラノワルキューレ,31,YES,RPG,コンパイルハート,0,1,RPG,その他
2016-07-28,バンダイナムコエンターテインメント,アイドルマスター プラチナスターズ,34,YES,ETC,バンダイナムコエンターテインメント,0,1,アイドル育成ライブゲーム,その他
2016-07-28,コーエーテクモゲームス,討鬼伝2,36,YES,ACT,コーエーテクモゲームス,0,1,ハンティングアクション,その他
2016-08-01,アクワイア,絶対迎撃ウォーズ,-,,ETC,アクワイア,0,1,その他,その他
2016-08-03,Armature Studio,Dead Star,-,,ETC,Armature Studio,0,1,その他,その他
2016-08-03,The Game Bakers,Furi,-,,ETC,The Game Bakers,0,1,その他,その他
2016-08-03,コーエーテクモゲームス,真・三國無双 英傑伝,33,YES,SRPG,コーエーテクモゲームス,458_0m_398,1,シミュレーションRPG,その他
2016-08-04,スパイク・チュンソフト,ウェイストランド 2 ディレクターズカット,30,YES,RPG,スパイク・チュンソフト,0,1,RPG,その他
2016-08-09,Armature Studio,Life Goes On: Done to Death,-,,ETC,Armature Studio,0,1,その他,その他
2016-08-09,ソニー・インタラクティブエンタテインメント,ラチェット&クランク THE GAME,34,YES,ACT,ソニー・インタラクティブエンタテインメント,460_0m_400,1,アクション,その他
2016-08-10,Mike Bithell Games,Volume,30,,ACT,Mike Bithell Games,0,1,ステルスアクション,その他
2016-08-16,ソニー・インタラクティブエンタテインメント,バウンド：王国の欠片,31,,AADV,ソニー・インタラクティブエンタテインメント,0,1,アクションアドベンチャー,その他
2016-08-17,ユービーアイソフト,Grow Up,-,,ETC,ユービーアイソフト,0,1,その他,その他
2016-08-18,Ska Studios,Salt and Sanctuary,34,,ARPG,Ska Studios,0,1,アクションRPG,その他
2016-08-18,バンダイナムコエンターテインメント,テイルズ オブ ベルセリア,35,YES,RPG,バンダイナムコエンターテインメント,6812_0m_4915,1,君が君らしく生きるためのRPG,その他
2016-08-23,Double Eleven,Prison Architect,-,,ETC,Double Eleven,0,1,その他,その他
2016-08-24,DIGITAL DREAMS,Metrico+,30,,ACT,DIGITAL DREAMS,0,1,アクションパズル,その他
2016-08-24,エレクトロニック・アーツ,Plants vs. Zombies Garden Warfare 2,-,,ETC,エレクトロニック・アーツ,0,1,その他,その他
2016-08-25,ソニー・インタラクティブエンタテインメント,No Man's Sky,32,YES,AADV,ソニー・インタラクティブエンタテインメント,0,1,アクションアドベンチャー,その他
2016-08-25,ユービーアイソフト,UNO,-,,ETC,ユービーアイソフト,0,1,その他,その他
2016-08-25,SNKプレイモア,ザ・キング・オブ・ファイターズXIV,31,YES,FTG,SNKプレイモア,0,1,対戦格闘,その他
2016-08-25,セガ,初音ミク -Project DIVA- X HD,-,YES,ETC,セガ,0,1,その他,その他
2016-08-25,カプコン,戦国BASARA 真田幸村伝,33,YES,ACT,カプコン,0,1,スタイリッシュ英雄アクション,その他
2016-08-26,エレクトロニック・アーツ,Madden NFL 17,-,,ETC,エレクトロニック・アーツ,0,1,その他,その他
2016-08-29,エレクトロニック・アーツ,NBA Live 16,-,,ETC,エレクトロニック・アーツ,0,1,その他,その他
2016-08-30,エレクトロニック・アーツ,EA Sports UFC 2,-,,ETC,エレクトロニック・アーツ,0,1,その他,その他
2016-08-30,カプコン,biohazard 4,-,YES,ETC,カプコン,0,1,その他,その他
2016-08-31,クロスファンクション,Inversus,32,,PZL,クロスファンクション,0,1,シューティングパズル,その他
2016-08-31,インターグロー,シャンティ -リスキィ・ブーツの逆襲-,-,,ETC,インターグロー,0,1,その他,その他
2016-09-01,Versus Evil,The Banner Saga,30,,SRPG,Versus Evil,0,1,シミュレーションRPG,その他
2016-09-01,PLAYISM,マシナリウム,32,,ADV,PLAYISM,0,1,パズルアドベンチャー,その他
2016-09-01,スクウェア・エニックス,乖離性ミリオンアーサー,-,,ETC,スクウェア・エニックス,0,1,その他,その他
2016-09-02,コーエーテクモゲームス,三國志12 対戦版,-,,ETC,コーエーテクモゲームス,0,1,その他,その他
2016-09-07,インターグロー,シャンティ - 海賊の呪い -,-,,ETC,インターグロー,0,1,その他,その他
2016-09-07,ソニー・インタラクティブエンタテインメント,トゥモロー チルドレン,30,,ACT,ソニー・インタラクティブエンタテインメント,0,1,ソーシャルアクション,その他
2016-09-08,ユービーアイソフト,F1 2016,32,YES,RCG,ユービーアイソフト,0,1,レース,その他
2016-09-08,MUTAN,Sky Ride,-,,ETC,MUTAN,0,1,その他,その他
2016-09-08,ライオンズフィルム,少女とドラゴン-幻獣契約クリプトラクト-,-,,ETC,ライオンズフィルム,0,1,その他,その他
2016-09-08,日本ファルコム,東亰ザナドゥ eX+,33,YES,ARPG,日本ファルコム,0,1,都市型神話アクションRPG,その他
2016-09-09,Thunder Lotus Games,Jotun,-,,ETC,Thunder Lotus Games,0,1,その他,その他
2016-09-13,バンダイナムコエンターテインメント,パックマン チャンピオンシップ エディション2,-,,ETC,バンダイナムコエンターテインメント,0,1,その他,その他
2016-09-15,コナミデジタルエンタテインメント,ウイニングイレブン 2017,37,YES,SPT,コナミデジタルエンタテインメント,485_0m_423n,1,サッカー,その他
2016-09-15,2K Games,バイオショック コレクション,-,YES,ETC,2K Games,0,1,その他,その他
2016-09-15,アトラス,ペルソナ5,39,YES,RPG,アトラス,446_0m_386,1,ジュブナイル学園RPG,その他
2016-09-16,クロスファンクション,Fenix Furia,-,,ETC,クロスファンクション,0,1,その他,その他
2016-09-16,クロスファンクション,Ninja Pizza Girl,-,,ETC,クロスファンクション,0,1,その他,その他
2016-09-21,アクアプラス,うたわれるもの 二人の白皇,34,YES,ADV,アクアプラス,476_0m_414,1,AVG＋S・RPG,その他
2016-09-21,インターグロー,バレンティーノ・ロッシ ザ・ゲーム,32,YES,RCG,インターグロー,0,1,モータースポーツレーシング,その他
2016-09-26,Buff Studio,勇者には休みがない!アドバンスド,-,,ETC,Buff Studio,0,1,その他,その他
2016-09-28,Asteroid Base,ラヴァーズ・イン・ア・デンジャラス・スペースタイム,-,,ETC,Asteroid Base,0,1,その他,その他
2016-09-29,カプコン,DEAD RISING,-,YES,ETC,カプコン,0,1,その他,その他
2016-09-29,カプコン,DEAD RISING 2,-,YES,ETC,カプコン,0,1,その他,その他
2016-09-29,エレクトロニック・アーツ,FIFA 17,36,YES,SPT,エレクトロニック・アーツ,480_0m_418n,1,サッカー,その他
2016-09-29,PLAYISM,スクリーンチート,32,,FPS,PLAYISM,0,1,FPS,その他
2016-09-29,スパイク・チュンソフト,デッドアイランド：ディフィニティブコレクション,-,YES,ETC,スパイク・チュンソフト,0,1,その他,その他
2016-09-30,テイクツー・インタラクティブ・ジャパン,XCOM 2,-,,ETC,テイクツー・インタラクティブ・ジャパン,0,1,その他,その他
2016-10-05,WEIRDBEARD,Tricky Towers,-,,ETC,WEIRDBEARD,0,1,その他,その他
2016-10-06,アークシステムワークス,BLAZBLUE CENTRALFICTION,-,YES,ETC,アークシステムワークス,0,1,その他,その他
2016-10-13,Rebellion Developments LTD,Battlezone（英語版）,32,,SPT,Rebellion Developments LTD,6820_0m_4923,1,野球,その他
2016-10-13,Fire Hose Games,Catlateral Damage(にゃんこラテラル・ダメージ),-,,ETC,Fire Hose Games,0,1,その他,その他
2016-10-13,コロプラ,Fly to KUMA,-,,ETC,コロプラ,0,1,その他,その他
2016-10-13,カプコン,KITCHEN,-,,ETC,カプコン,0,1,その他,その他
2016-10-13,ワーナー ブラザース ジャパン,LEGO スター・ウォーズ/フォースの覚醒,34,YES,AADV,ワーナー ブラザース ジャパン,0,1,アクションアドベンチャー,その他
2016-10-13,ソニー・インタラクティブエンタテインメント,PlayStation VR Worlds,30,YES,ETC,ソニー・インタラクティブエンタテインメント,503_0m_441,1,バラエティ,その他
2016-10-13,ソニー・インタラクティブエンタテインメント,RIGS Machine Combat League,31,YES,ACT,ソニー・インタラクティブエンタテインメント,0,1,対戦型ロボットアクション,その他
2016-10-13,エンハンス・ゲームズ,Rez Infinite,35,,ASHT,エンハンス・ゲームズ,0,1,共感覚シューティング,その他
2016-10-13,ソニー・インタラクティブエンタテインメント,THE PLAYROOM VR,30,,TBL,ソニー・インタラクティブエンタテインメント,0,1,パーティー,その他
2016-10-13,Drool LLC,THUMPER リズム・バイオレンスゲーム,31,,音,Drool LLC,0,1,リズムアクション,その他
2016-10-13,ソニー・インタラクティブエンタテインメント,Until Dawn: Rush of Blood,32,,SHT,ソニー・インタラクティブエンタテインメント,0,1,ホラーシューティング,その他
2016-10-13,バンダイナムコエンターテインメント,アイドルマスター シンデレラガールズ ビューイングレボリューション,-,,ETC,バンダイナムコエンターテインメント,0,1,その他,その他
2016-10-13,バンダイナムコエンターテインメント,サマーレッスン 宮本ひかり,-,,ETC,バンダイナムコエンターテインメント,0,1,その他,その他
2016-10-13,ワーナー ブラザース ジャパン,バットマン:アーカム VR,32,,ADV,ワーナー ブラザース ジャパン,0,1,ミステリーアドベンチャー,その他
2016-10-13,スクウェア・エニックス,ライズ オブ ザ トゥームレイダー,34,YES,AADV,スクウェア・エニックス,505_0m_443n,1,アクションアドベンチャー,その他
2016-10-13,インターグロー,レイヤーズ・オブ・フィアー,-,,ETC,インターグロー,0,1,その他,その他
2016-10-13,セガゲームス,初音ミク VRフューチャーライブ 1st Stage,-,,ETC,セガゲームス,0,1,その他,その他
2016-10-20,Lince Works S.L.,Aragami,-,,ETC,Lince Works S.L.,0,1,その他,その他
2016-10-20,Stormcloud Games,Brut@l,-,,ETC,Stormcloud Games,0,1,その他,その他
2016-10-20,Rising Star Games,Lumo,-,,ETC,Rising Star Games,0,1,その他,その他
2016-10-20,メディアスケープ,チェルシーさんは7の魔神をブッ殺さねばならない。,-,,ETC,メディアスケープ,0,1,その他,その他
2016-10-20,メディアスケープ,巫女学校物語〜楓編,-,,ETC,メディアスケープ,0,1,その他,その他
2016-10-21,2K Sports,NBA 2K17,34,YES,SPT,2K Sports,0,1,バスケットボール,その他
2016-10-21,エレクトロニック・アーツ,バトルフィールド1,36,YES,FPS,エレクトロニック・アーツ,0,1,ミリタリーFPS,その他
2016-10-26,アークシステムワークス,シチズンズ オブ アース 戦え！副大統領と40人の市民達！,-,,ETC,アークシステムワークス,0,1,その他,その他
2016-10-27,バンダイナムコエンターテインメント,クローズ BURNING EDGE,-,YES,ETC,バンダイナムコエンターテインメント,0,1,その他,その他
2016-10-27,バンダイナムコエンターテインメント,ソードアート・オンライン ホロウ・リアリゼーション,32,YES,MMO,バンダイナムコエンターテインメント,510_0m_448,1,疑似MMOアクションRPG,その他
2016-10-27,コーエーテクモゲームス,ベルセルク無双,35,YES,ACT,コーエーテクモゲームス,478_0m_416,1,タクティカルアクション,その他
2016-10-27,2K Games,マフィア III,31,YES,ACT,2K Games,0,1,クライムアクション,その他
2016-10-27,スクウェア・エニックス,ワールド オブ ファイナルファンタジー,36,YES,RPG,スクウェア・エニックス,508_0m_446n,1,RPG,その他
2016-10-27,ライオンズフィルム,戦国修羅SOUL,-,,ETC,ライオンズフィルム,0,1,その他,その他
2016-10-28,レイニーフロッグ,ステレデン,-,,ETC,レイニーフロッグ,0,1,その他,その他
2016-10-28,エレクトロニック・アーツ,タイタンフォール2,36,YES,FPS,エレクトロニック・アーツ,0,1,FPS,その他
2016-10-31,H2 INTERACTIVE,Heart&Slash,-,,ETC,H2 INTERACTIVE,0,1,その他,その他
2016-11-02,Majesco Entertainment Company,Gone Home: Console Edition,-,,ETC,Majesco Entertainment Company,0,1,その他,その他
2016-11-02,Double Fine Productions,Grim Fandango Remastered（英語版）,32,,SPT,Double Fine Productions,6820_0m_4923,1,野球,その他
2016-11-02,バンダイナムコエンターテインメント,ドラゴンボール ゼノバース2,33,YES,ACT,バンダイナムコエンターテインメント,540_0m_479,1,対戦アクション,その他
2016-11-02,コーエーテクモゲームス,フィリスのアトリエ 〜不思議な旅の錬金術士〜,34,YES,RPG,コーエーテクモゲームス,0,1,錬金術再生RPG,その他
2016-11-02,メディアスケープ,東方Project『東方紅舞闘V』,-,,ETC,メディアスケープ,0,1,その他,その他
2016-11-04,XPEC Entertainment,オー！マイジェネシス VR,-,,ETC,XPEC Entertainment,0,1,その他,その他
2016-11-04,ソニー・インタラクティブエンタテインメント,コール オブ デューティ インフィニット・ウォーフェア,35,YES,FPS,ソニー・インタラクティブエンタテインメント,541_0m_480n,1,FPS,その他
2016-11-04,ソニー・インタラクティブエンタテインメント,コール オブ デューティ インフィニット・ウォーフェア ジャッカルアサルトVR,-,,ETC,ソニー・インタラクティブエンタテインメント,541_0m_480n,1,その他,その他
2016-11-09,Contact Sales,Perfect Universe,-,,ETC,Contact Sales,0,1,その他,その他
2016-11-09,ユービーアイソフト,イーグルフライト,-,,ETC,ユービーアイソフト,0,1,その他,その他
2016-11-09,アークシステムワークス,カオスコード -ニューサインオブカタストロフィ-,-,,ETC,アークシステムワークス,0,1,その他,その他
2016-11-10,マーベラス,Fate/EXTELLA,31,YES,ACT,マーベラス,0,1,ハイスピードサーヴァントアクション,その他
2016-11-10,ベセスダ・ソフトワークス,The Elder Scrolls V：Skyrim Special Edition,-,YES,ETC,ベセスダ・ソフトワークス,543_0m_482,1,その他,その他
2016-11-10,ピグミースタジオ,ボコスカウォーズII,-,,ETC,ピグミースタジオ,0,1,その他,その他
2016-11-10,コナミデジタルエンタテインメント,メタルギアソリッドV グラウンド・ゼロズ プラス ファントムペイン,-,YES,ETC,コナミデジタルエンタテインメント,544_0m_483,1,その他,その他
2016-11-10,セガゲームス,初音ミク VRフューチャーライブ 2nd Stage,-,,ETC,セガゲームス,0,1,その他,その他
2016-11-10,ライオンズフィルム,大戦略WEB,-,,ETC,ライオンズフィルム,0,1,その他,その他
2016-11-11,インターグロー,ホラート -ディアトロフ峠の惨劇-,-,,ETC,インターグロー,0,1,その他,その他
2016-11-17,ソニー・インタラクティブエンタテインメント,DRIVECLUB VR,31,YES,RCG,ソニー・インタラクティブエンタテインメント,0,1,ソーシャルレーシング,その他
2016-11-17,Versus Evil,The Banner Saga 2,31,,SRPG,Versus Evil,0,1,シミュレーションRPG,その他
2016-11-17,ソニー・インタラクティブエンタテインメント,つみきBLOQ VR,-,,ETC,ソニー・インタラクティブエンタテインメント,0,1,その他,その他
2016-11-18,メディアスケープ,まりさとアリスのトラップタワー,-,,ETC,メディアスケープ,0,1,その他,その他
2016-11-22,バンダイナムコエンターテインメント,SDガンダム GGENERATION GENESIS,-,YES,ETC,バンダイナムコエンターテインメント,0,1,その他,その他
2016-11-22,Recotechnology,TORO ‐牛との戦い‐,-,,ETC,Recotechnology,0,1,その他,その他
2016-11-23,コーエーテクモゲームス,戦国無双 〜真田丸〜,35,YES,ACT,コーエーテクモゲームス,547_0m_486,1,タクティカルアクション,その他
2016-11-24,Playdead ApS,Inside,-,,ETC,Playdead ApS,0,1,その他,その他
2016-11-24,コナミデジタルエンタテインメント,Winning Eleven 2017 Lite,-,,ETC,コナミデジタルエンタテインメント,0,1,その他,その他
2016-11-25,株式会社第一興商,カラオケ＠DAM,-,,ETC,株式会社第一興商,0,1,その他,その他
2016-11-25,Recotechnology,キュウリナガの復讐,-,,ETC,Recotechnology,0,1,その他,その他
2016-11-29,スクウェア・エニックス,ファイナルファンタジーXV,38,YES,ARPG,スクウェア・エニックス,9_0m_9n,1,アクションRPG,その他
2016-11-30,Crytek,Robinson: The Journey,-,,ETC,Crytek,0,1,その他,その他
2016-12-01,ユービーアイソフト,ウォッチドッグス2,36,YES,ACT,ユービーアイソフト,567_0m_507,1,ハッキングアクション,その他
2016-12-05,エレクトロニック・アーツ,EA SPORTS NHL® 17,-,,ETC,エレクトロニック・アーツ,0,1,その他,その他
2016-12-05,カプコン,Ultimate Marvel vs. Capcom 3,-,,ETC,カプコン,0,1,その他,その他
2016-12-06,ソニー・インタラクティブエンタテインメント,人喰いの大鷲トリコ,38,YES,AADV,ソニー・インタラクティブエンタテインメント,0,1,アクションアドベンチャー,その他
2016-12-07,Double Damage Games,Rebel Galaxy,-,,ETC,Double Damage Games,0,1,その他,その他
2016-12-07,ユービーアイソフト,Werewolves Within,-,,ETC,ユービーアイソフト,0,1,その他,その他
2016-12-07,SNK,餓狼 MARK OF THE WOLVES,-,,ETC,SNK,0,1,その他,その他
2016-12-08,ゼニマックス・アジア,Dishonored 2,34,YES,ACT,ゼニマックス・アジア,0,1,ステルスアクション,その他
2016-12-08,ソニー・インタラクティブエンタテインメント,anywhereVR,-,,ETC,ソニー・インタラクティブエンタテインメント,0,1,その他,その他
2016-12-08,SUNFISH,東方深秘録 〜 Urban Legend in Limbo.,-,,ETC,SUNFISH,0,1,その他,その他
2016-12-08,セガゲームス,龍が如く6 命の詩。,39,YES,AADV,セガゲームス,569_0m_509,1,アクションアドベンチャー,その他
2016-12-12,ソニー・インタラクティブエンタテインメント,STAR STRIKE ULTRA VR,-,,ETC,ソニー・インタラクティブエンタテインメント,0,1,その他,その他
2016-12-12,ソニー・インタラクティブエンタテインメント,ヒア・ゼイ・ライ -眠りし者たち-,-,,ETC,ソニー・インタラクティブエンタテインメント,0,1,その他,その他
2016-12-13,ナツメアタリ,WILD GUNS Reloaded,-,,ETC,ナツメアタリ,0,1,その他,その他
2016-12-13,KEMCO,アスディバインハーツ,32,,RPG,KEMCO,0,1,RPG,その他
2016-12-14,アークシステムワークス,Chronicles of Teddy : Harmony of Exidus,30,,AADV,アークシステムワークス,0,1,2Dアクションアドベンチャー,その他
2016-12-15,アクワイア,AKIBA'S BEAT,-,YES,ETC,アクワイア,0,1,その他,その他
2016-12-15,Eastasiasoft,Bard's Gold,-,,ETC,Eastasiasoft,0,1,その他,その他
2016-12-15,Owlchemy Labs Inc,Job Simulator,30,,SLG,Owlchemy Labs Inc,0,1,シミュレーション,その他
2016-12-15,Thekla,The Witness,-,,ETC,Thekla,0,1,その他,その他
2016-12-15,M2,バトルガレッガ Rev.2016,-,,ETC,M2,0,1,その他,その他
2016-12-15,セガゲームス,初音ミク VRフューチャーライブ 3rd Stage,-,,ETC,セガゲームス,0,1,その他,その他
2016-12-15,だいだい,古き良き時代の冒険譚,-,,ETC,だいだい,0,1,その他,その他
2016-12-16,クロスファンクション,Dogos,-,,ETC,クロスファンクション,0,1,その他,その他
2016-12-16,フライハイワークス,マルディタカスティーラ-ドン・ラミロと呪われた大地-,-,,ETC,フライハイワークス,0,1,その他,その他
2016-12-20,テイクツー・インタラクティブ・ジャパン,NBA 2KVR,-,,ETC,テイクツー・インタラクティブ・ジャパン,0,1,その他,その他
2016-12-21,クロスファンクション,Paranautical Activity,-,,ETC,クロスファンクション,0,1,その他,その他
2016-12-22,ユービーアイソフト,STEEP,32,YES,SPT,ユービーアイソフト,572_0m_512,1,スポーツ,その他
2016-12-22,Secret Sorcery,Tethered,-,,ETC,Secret Sorcery,0,1,その他,その他
2016-12-22,インターグロー,シャーロック・ホームズ 悪魔の娘,30,YES,ADV,インターグロー,0,1,推理アドベンチャー,その他
2016-12-22,びんぼうソフト,ローラーコースタードリームズ,-,,ETC,びんぼうソフト,0,1,その他,その他
2016-12-22,メディアスケープ,不思議の幻想郷TOD -RELOADED-,32,YES,RPG,メディアスケープ,0,1,ダンジョンRPG,その他
2016-12-26,アークシステムワークス,ダウンタウン乱闘行進曲 かちぬきかくとうSP,-,,ETC,アークシステムワークス,0,1,その他,その他
2017-01-06,H2 INTERACTIVE,Anima: Gate of memories,-,,ETC,H2 INTERACTIVE,0,1,その他,その他
2017-01-12,テイクツー・インタラクティブ・ジャパン,カーニバル ゲームズ VR,-,,ETC,テイクツー・インタラクティブ・ジャパン,0,1,その他,その他
2017-01-12,スクウェア・エニックス,キングダム ハーツ HD 2.8 ファイナル チャプター プロローグ,34,YES,ARPG,スクウェア・エニックス,610_0m_549,1,アクションRPG,その他
2017-01-12,ディースリー・パブリッシャー,スクールガールゾンビハンター,-,YES,ETC,ディースリー・パブリッシャー,0,1,その他,その他
2017-01-12,スパイク・チュンソフト,ニューダンガンロンパV3 みんなのコロシアイ新学期,37,YES,ACT,スパイク・チュンソフト,0,1,ハイスピード推理アクション,その他
2017-01-19,アークシステムワークス,Birthdays the Beginning,33,YES,SLG,アークシステムワークス,0,1,箱庭シミュレーション,その他
2017-01-19,ソニー・インタラクティブエンタテインメント,GRAVITY DAZE 2/重力的眩暈完結編：上層への帰還の果て、彼女の内宇宙に収斂した選択,-,YES,ETC,ソニー・インタラクティブエンタテインメント,0,1,その他,その他
2017-01-19,セガゲームス,蒼き革命のヴァルキュリア,32,YES,RPG,セガゲームス,0,1,死に抗うRPG,その他
2017-01-20,レイニーフロッグ,RIVE,30,,SHT,レイニーフロッグ,0,1,ノンストップ・シューティング,その他
2017-01-26,Tribute Games,Mercenary Kings,30,,ASHT,Tribute Games,0,1,アクションシューティング,その他
2017-01-26,5pb.,NEW GAME! -THE CHALLENGE STAGE!-,-,YES,ETC,5pb.,0,1,その他,その他
2017-01-26,カプコン,バイオハザード7 レジデント イービル,36,YES,ETC,カプコン,616_0m_555n,1,サバイバルホラー,その他
2017-01-26,PIACCI,蒼の彼方のフォーリズム HD EDITION,32,YES,ADV,PIACCI,0,1,恋愛アドベンチャー,その他
2017-01-27,クロスファンクション,Color Guardians,-,,ETC,クロスファンクション,0,1,その他,その他
2017-02-02,アクワイア,AKIBA’S TRIP2+A,-,YES,ETC,アクワイア,0,1,その他,その他
2017-02-02,ガンホー・オンライン・エンターテイメント,LET IT DIE,36,,ACT,ガンホー・オンライン・エンターテイメント,0,1,サバイバルアクション,その他
2017-02-02,バンダイナムコエンターテインメント,NARUTO -ナルト- 疾風伝 ナルティメットストーム4 ROAD TO BORUTO,37,YES,ACT,バンダイナムコエンターテインメント,348_0m_291,1,忍道対戦アクション,その他
2017-02-08,アークシステムワークス,ダブルドラゴンIV,-,,ETC,アークシステムワークス,0,1,その他,その他
2017-02-09,日本一ソフトウェア,Back to Bed,-,,ETC,日本一ソフトウェア,0,1,その他,その他
2017-02-09,日本一ソフトウェア,Emily Wants to Play,-,,ETC,日本一ソフトウェア,0,1,その他,その他
2017-02-09,Kitfox Games,Moon Hunters,30,,RPG,Kitfox Games,0,1,性格診断RPG,その他
2017-02-09,日本一ソフトウェア,Nidhogg,-,,ETC,日本一ソフトウェア,0,1,その他,その他
2017-02-09,Pixellore,Subterrain,-,,ETC,Pixellore,0,1,その他,その他
2017-02-09,コーエーテクモゲームス,仁王,36,YES,ARPG,コーエーテクモゲームス,640_0m_581n,1,ダーク戦国アクションRPG,その他
2017-02-09,コンパイルハート,四女神オンライン CYBER DIMENSION NEPTUNE,31,YES,ARPG,コンパイルハート,0,1,ねぷねぷアクションRPG,その他
2017-02-10,アルヴィオン,MALICIOUS FALLEN,-,,ETC,アルヴィオン,0,1,その他,その他
2017-02-16,H2 INTERACTIVE,Dungeons 2,-,,ETC,H2 INTERACTIVE,0,1,その他,その他
2017-02-16,コロプラ,VR Tennis Online,-,,ETC,コロプラ,0,1,その他,その他
2017-02-16,バンダイナムコエンターテインメント,デジモンワールド -next 0rder- INTERNATIONAL EDITION,-,YES,ETC,バンダイナムコエンターテインメント,0,1,その他,その他
2017-02-16,ユービーアイソフト,フォーオナー,35,YES,ACT,ユービーアイソフト,0,1,メレーアクション,その他
2017-02-16,コーエーテクモゲームス,三國志13 with パワーアップキット,35,YES,SLG,コーエーテクモゲームス,0,1,歴史シミュレーション,その他
2017-02-16,システムソフト・アルファー,萌え萌え2次大戦 (略) 3,-,YES,ETC,システムソフト・アルファー,0,1,その他,その他
2017-02-17,ジェムドロップ,ヘディング工場,-,,ETC,ジェムドロップ,0,1,その他,その他
2017-02-17,メディアスケープ,ヨイヤミドリーマー,31,,ACT,メディアスケープ,0,1,2D固定画面アクション,その他
2017-02-21,DotEmu,イース・オリジン,30,,ARPG,DotEmu,0,1,アクションRPG,その他
2017-02-21,スパイシーソフト,チャリ走VR,-,,ETC,スパイシーソフト,0,1,その他,その他
2017-02-22,Ninja Theory,DEXED,-,,ETC,Ninja Theory,0,1,その他,その他
2017-02-22,アークシステムワークス,ダマスカスギヤ 東京始戦 HD Edition,-,,ETC,アークシステムワークス,0,1,その他,その他
2017-02-22,USERJOY JAPAN,英雄伝説 暁の軌跡,-,,ETC,USERJOY JAPAN,0,1,その他,その他
2017-02-23,インターグロー,Ride 2,30,YES,RCG,インターグロー,0,1,リアルライディングシミュレーター,その他
2017-02-23,Phosphor Games,The Brookhaven Experiment,32,,SHT,Phosphor Games,0,1,VRサバイバルシューター,その他
2017-02-23,インティ・クリエイツ,ぎゃる☆がん だぶるぴーす ばいりんぎゃる,-,YES,ETC,インティ・クリエイツ,0,1,その他,その他
2017-02-23,ユービーアイソフト,アサシン クリード エツィオ コレクション,-,YES,ETC,ユービーアイソフト,0,1,その他,その他
2017-02-23,バンダイナムコエンターテインメント,スーパーロボット大戦V,34,YES,SRPG,バンダイナムコエンターテインメント,2407_0m_1458,1,シミュレーションRPG,その他
2017-02-23,スクウェア・エニックス,ニーア オートマタ,39,YES,ARPG,スクウェア・エニックス,644_0m_585,1,アクションRPG,その他
2017-02-23,ワーナー・ブラザースホームエンターテイメント,バットマン リターン・トゥ・アーカム,-,YES,ETC,ワーナー・ブラザースホームエンターテイメント,0,1,その他,その他
2017-02-23,17-BIT,宇宙戦士ガラクZ,-,,ETC,17-BIT,0,1,その他,その他
2017-02-23,日本一ソフトウェア,魔女と百騎兵2,33,YES,ARPG,日本一ソフトウェア,0,1,アクションRPG,その他
2017-02-24,コロプラ,STEEL COMBAT,-,,ETC,コロプラ,0,1,その他,その他
2017-02-24,VIVID HELIX,Semispheres,-,,ETC,VIVID HELIX,0,1,その他,その他
2017-03-01,KEMCO,レイジングループ,-,,ETC,KEMCO,0,1,その他,その他
2017-03-02,ソニー・インタラクティブエンタテインメント,Horizon Zero Dawn,36,YES,ARPG,ソニー・インタラクティブエンタテインメント,674_0m_616,1,アクションRPG,その他
2017-03-02,Rising Star,Kromaia Ω,-,,ETC,Rising Star,0,1,その他,その他
2017-03-02,コーエーテクモゲームス,ウイニングポスト8 2017,32,YES,SLG,コーエーテクモゲームス,0,1,競馬シミュレーション,その他
2017-03-02,TreeFortress,ホロボール,-,,ETC,TreeFortress,0,1,その他,その他
2017-03-03,Penny Black Studios,How We Soar,-,,ETC,Penny Black Studios,0,1,その他,その他
2017-03-07,Winking Skywalker Entertainment,アンアーシング・マーズ,-,,ETC,Winking Skywalker Entertainment,0,1,その他,その他
2017-03-09,スクウェア・エニックス,キングダム ハーツ HD 1.5+2.5 リミックス,-,YES,ETC,スクウェア・エニックス,678_0m_620n,1,その他,その他
2017-03-09,アクティブゲーミングメディア,クロワルール・シグマ,30,YES,ACT,アクティブゲーミングメディア,0,1,一騎当千ハイスピードアクション,その他
2017-03-09,ユービーアイソフト,ゴーストリコン ワイルドランズ,34,YES,SHT,ユービーアイソフト,677_0m_619,1,ミリタリーシューター,その他
2017-03-09,スクウェア・エニックス,フィギュアヘッズ,-,,ETC,スクウェア・エニックス,0,1,その他,その他
2017-03-10,Eastasiasoft,Blue Rider,-,,ETC,Eastasiasoft,0,1,その他,その他
2017-03-16,PLAYISM,Momodora: 月下のレクイエム,31,,ACT,PLAYISM,0,1,2D探索アクション,その他
2017-03-16,5pb.,この世の果てで恋を唄う少女YU-NO,-,YES,ETC,5pb.,0,1,その他,その他
2017-03-16,バンダイナムコエンターテインメント,アクセル・ワールド VS ソードアート・オンライン 千年の黄昏,30,YES,ARPG,バンダイナムコエンターテインメント,0,1,アクションRPG,その他
2017-03-16,マーベラス,閃乱カグラ PEACH BEACH SPLASH,32,YES,ETC,マーベラス,0,1,爆乳ウォーターバトル,その他
2017-03-23,プロトタイプ,Rewrite,-,YES,ETC,プロトタイプ,679_0m_621,1,その他,その他
2017-03-23,インターグロー,WRC 6 FIA ワールドラリーチャンピオンシップ,31,YES,RCG,インターグロー,0,1,ラリーレーシング,その他
2017-03-23,スクウェア・エニックス,デウスエクス マンカインド・ディバイデッド,35,YES,ARPG,スクウェア・エニックス,0,1,アクションRPG,その他
2017-03-23,インターグロー,ファーミングシミュレーター17,32,YES,SLG,インターグロー,0,1,農業経営シミュレーション,その他
2017-03-24,Rising Star Games,88 Heroes,31,,ACT,Rising Star Games,0,1,アクション,その他
2017-03-28,SMARTPHONE LABS LLC,The Treasures of Montezuma 4,-,,ETC,SMARTPHONE LABS LLC,0,1,その他,その他
2017-03-29,ソニー・インタラクティブエンタテインメント,MLB™ THE SHOW 17,-,,ETC,ソニー・インタラクティブエンタテインメント,0,1,その他,その他
2017-03-30,5pb.,CHAOS;CHILD らぶchu☆chu!!,-,YES,ETC,5pb.,0,1,その他,その他
2017-03-30,Archiact Interactive,Darknet,30,,PZL,Archiact Interactive,0,1,パズル,その他
2017-03-30,5pb.,Re:ゼロから始める異世界生活 -DEATH OR KISS-,30,YES,ADV,5pb.,0,1,恋愛アドベンチャー,その他
2017-03-30,バンダイナムコエンターテインメント,ガンダムブレイカー3 BREAK EDITION,-,,ETC,バンダイナムコエンターテインメント,0,1,その他,その他
2017-03-30,コーエーテクモゲームス,ブルー リフレクション 幻に舞う少女の剣,-,YES,ETC,コーエーテクモゲームス,0,1,その他,その他
2017-03-30,コーエーテクモゲームス,無双☆スターズ,35,YES,ACT,コーエーテクモゲームス,0,1,タクティカルアクション,その他
2017-03-31,Halfbrick Studios,Fruit Ninja VR,-,,ETC,Halfbrick Studios,0,1,その他,その他
2017-03-31,スクウェア・エニックス,スターオーシャン3 Till the End of Time ディレクターズカット,-,,ETC,スクウェア・エニックス,0,1,その他,その他
2017-04-05,ソニー・インタラクティブエンタテインメント,Drawn to Death,-,,ETC,ソニー・インタラクティブエンタテインメント,0,1,その他,その他
2017-04-06,ワーナー ブラザース ジャパン,LEGO ワールド,-,YES,ETC,ワーナー ブラザース ジャパン,0,1,その他,その他
2017-04-06,KEMCO,レヴナントサーガ,-,,ETC,KEMCO,0,1,その他,その他
2017-04-11,PLAYISM,ケロブラスター,31,,ASHT,PLAYISM,0,1,2Dアクションシューティング,その他
2017-04-13,スパイク・チュンソフト,ZERO ESCAPE 9時間9人9の扉 善人シボウデス ダブルパック,-,YES,ETC,スパイク・チュンソフト,716_0m_645,1,その他,その他
2017-04-13,エンターグラム,リプキス,-,YES,ETC,エンターグラム,0,1,その他,その他
2017-04-14,クロスファンクション,Albedo: Eyes from Outer Space,-,,ETC,クロスファンクション,0,1,その他,その他
2017-04-14,Eastasiasoft,アルケミックジョスト,-,,ETC,Eastasiasoft,0,1,その他,その他
2017-04-14,wise,眠れぬ魂,-,,ETC,wise,0,1,その他,その他
2017-04-18,Tribute,Flinthook,32,,ACT,Tribute,0,1,横スクロールアクション,その他
2017-04-18,DotEmu,Wonder Boy: The Dragon's Trap,-,,ETC,DotEmu,0,1,その他,その他
2017-04-20,Joycity,3on3 FreeStyle,-,,ETC,Joycity,0,1,その他,その他
2017-04-20,ソニー・インタラクティブエンタテインメント,パラッパラッパー,-,YES,ETC,ソニー・インタラクティブエンタテインメント,650_0m_591n,1,その他,その他
2017-04-25,スパイク・チュンソフト,How to Survive: ゾンビアイランド2,32,,ACT,スパイク・チュンソフト,0,1,ゾンビサバイバルアクション,その他
2017-04-25,Annapurna,What Remains of Edith Finch,-,,ETC,Annapurna,0,1,その他,その他
2017-04-26,SKONEC,Mortal Blitz,-,,ETC,SKONEC,0,1,その他,その他
2017-04-27,Future Tech Lab,Song of Memories,-,YES,ETC,Future Tech Lab,0,1,その他,その他
2017-04-27,DMM.com,WAR THUNDER プレミアムパッケージ,-,YES,ETC,DMM.com,0,1,その他,その他
2017-04-27,DMM.com,War Thunder,31,,MMO,DMM.com,0,1,MMOコンバットシミュレーター,その他
2017-04-27,システムソフト・アルファー,現代大戦略2017〜変貌する軍事均衡！戦慄のパワーゲーム〜,-,YES,ETC,システムソフト・アルファー,0,1,その他,その他
2017-04-27,日本一ソフトウェア,追放選挙,-,YES,ETC,日本一ソフトウェア,0,1,その他,その他
2017-04-27,PLAYRISM,鯉 - KOI,30,,ADV,PLAYRISM,0,1,探索型アドベンチャー,その他
2017-04-28,バンダイナムコエンターテインメント,LITTLE NIGHTMARES-リトルナイトメア-,-,,ETC,バンダイナムコエンターテインメント,783_0m_702,1,その他,その他
2017-04-28,Stirfire Studios,Symphony of the Machine,-,,ETC,Stirfire Studios,0,1,その他,その他
2017-04-28,Teyon Japan,Worlds of Magic: Planar Conquest,-,,ETC,Teyon Japan,0,1,その他,その他
2017-04-28,クロスファンクション,アガサ・クリスティ - ABC殺人事件,-,,ETC,クロスファンクション,0,1,その他,その他
2017-04-28,エムツー,弾銃フィーバロン,30,,SHT,エムツー,0,1,縦スクロールシューティング,その他
2017-05-02,KO-OP MODE,GNOG,33,,PZL,KO-OP MODE,0,1,パズル,その他
2017-05-02,nDreams,Perfect,-,,ETC,nDreams,0,1,その他,その他
2017-05-10,Reptile Games,Lethal League,-,,ETC,Reptile Games,0,1,その他,その他
2017-05-11,SMARTPHONE LABS,Battalion Commander,-,,ETC,SMARTPHONE LABS,0,1,その他,その他
2017-05-11,SMARTPHONE LABS,The Keeper of 4 Elements,-,,ETC,SMARTPHONE LABS,0,1,その他,その他
2017-05-15,Stimtech,The Incredible Adventures of Van Helsing: Extended Edition,-,,ETC,Stimtech,0,1,その他,その他
2017-05-16,PARK ESM,BugsBox,-,,ETC,PARK ESM,0,1,その他,その他
2017-05-18,ベセスダ・ソフトワークス,Prey,34,YES,ACT,ベセスダ・ソフトワークス,0,1,SFアクションスリラー,その他
2017-05-18,スパイク・チュンソフト,ダンガンロンパ1・2 Reload,-,YES,ETC,スパイク・チュンソフト,0,1,その他,その他
2017-05-24,CD PROJEKT,グウェント ウィッチャーカードゲーム – パブリックベータ,-,,ETC,CD PROJEKT,0,1,その他,その他
2017-05-25,Oasis Games,DYING: Reborn + DYING: Reborn VR バンドル,-,,ETC,Oasis Games,0,1,その他,その他
2017-05-25,アークシステムワークス,GUILTY GEAR Xrd REV 2,36,YES,FTG,アークシステムワークス,0,1,2D対戦格闘,その他
2017-05-25,PLAYISM,Hyper Light Drifter,33,YES,ARPG,PLAYISM,0,1,アクションRPG,その他
2017-05-25,日本ファルコム,イースVIII -Lacrimosa of DANA-,-,YES,ETC,日本ファルコム,751_0m_673,1,その他,その他
2017-05-25,バンダイナムコエンターテインメント,サマーレッスン：宮本ひかり コレクション,33,YES,ETC,バンダイナムコエンターテインメント,0,1,VRキャラクターコミュニケーション,その他
2017-05-25,コナミデジタルエンタテインメント,実況パワフルプロ野球 チャンピオンシップ2017,-,,ETC,コナミデジタルエンタテインメント,0,1,その他,その他
2017-05-25,シルバースタージャパン,銀星将棋 阿吽闘神金剛雷斬,-,YES,ETC,シルバースタージャパン,0,1,その他,その他
2017-05-26,Grey Box,RiME,-,,ETC,Grey Box,0,1,その他,その他
2017-05-26,クロスファンクション,Slain: Back from Hell,-,,ETC,クロスファンクション,0,1,その他,その他
2017-05-31,ユービーアイソフト,Star Trek Bridge Crew,-,,ETC,ユービーアイソフト,0,1,その他,その他
2017-05-31,レイニーフロッグ,デッドハウス 再生,-,,ETC,レイニーフロッグ,0,1,その他,その他
2017-06-01,バンダイナムコエンターテインメント,鉄拳7,36,YES,FTG,バンダイナムコエンターテインメント,770_0m_690,1,対戦格闘,その他
2017-06-07,Frogmind Oy,BADLAND: Game of the Year Edition,-,,ETC,Frogmind Oy,0,1,その他,その他
2017-06-08,日本一ソフトウェア,The Sexy Brutale,32,,ADV,日本一ソフトウェア,0,1,パズルアドベンチャー,その他
2017-06-08,ソニー・インタラクティブエンタテインメント,WipEout Omega Collection,-,,ETC,ソニー・インタラクティブエンタテインメント,0,1,その他,その他
2017-06-15,Coatsink Software,Shu,-,,ETC,Coatsink Software,0,1,その他,その他
2017-06-16,レイニーフロッグ,BRIDGE CONSTRUCTOR,-,,ETC,レイニーフロッグ,0,1,その他,その他
2017-06-20,スクウェア・エニックス,ファイナルファンタジーXIV: 紅蓮のリベレーター,-,YES,ETC,スクウェア・エニックス,2_0m_2,1,その他,その他
2017-06-22,ソニー・インタラクティブエンタテインメント,Farpoint,32,YES,FPS,ソニー・インタラクティブエンタテインメント,0,1,FPS,その他
2017-06-22,角川ゲームス,GOD WARS 〜時をこえて〜,32,YES,SRPG,角川ゲームス,645_0m_586,1,タクティクスRPG,その他
2017-06-22,PARK ESM,Operation7 Revolution,-,,ETC,PARK ESM,0,1,その他,その他
2017-06-22,バンダイナムコエンターテインメント,サマーレッスン：アリソン・スノウ 七日間の庭,33,,ETC,バンダイナムコエンターテインメント,0,1,VRキャラクターコミュニケーション,その他
2017-06-22,ソニー・インタラクティブエンタテインメント,ロコロコ,-,YES,ETC,ソニー・インタラクティブエンタテインメント,808_0m_716,1,その他,その他
2017-06-29,インターグロー,2Dark,30,YES,ADV,インターグロー,0,1,ステルスホラーADV,その他
2017-06-29,ソニー・インタラクティブエンタテインメント,Starblood Arena,-,YES,ETC,ソニー・インタラクティブエンタテインメント,0,1,その他,その他
2017-06-29,スパイク・チュンソフト,ポータルナイツ,31,YES,ARPG,スパイク・チュンソフト,768_0m_688n,1,モノづくりアクションRPG,その他
2017-06-29,ワーナー ブラザース ジャパン,レゴ シティ アンダーカバー,-,YES,ETC,ワーナー ブラザース ジャパン,772_0m_692,1,その他,その他
2017-06-29,スパイク・チュンソフト,絶対絶望少女 ダンガンロンパ Another Episode,-,YES,ETC,スパイク・チュンソフト,0,1,その他,その他
2017-06-30,Psytec Games,Crystal Rift,-,,ETC,Psytec Games,0,1,その他,その他
2017-06-30,クロスファンクション,Super Dungeon Bros,-,,ETC,クロスファンクション,0,1,その他,その他
2017-06-30,Psytec Games,Windlands,-,,ETC,Psytec Games,0,1,その他,その他
2017-07-03,H2 INTERACTIVE,ZENITH,-,,ETC,H2 INTERACTIVE,0,1,その他,その他
2017-07-05,Gearbox Publishing,Duke Nukem 3D: 20th Anniversary World Tour,-,,ETC,Gearbox Publishing,0,1,その他,その他
2017-07-06,ディースリー・パブリッシャー,オメガラビリンスZ,32,YES,RPG,ディースリー・パブリッシャー,0,1,ローグライクRPG,その他
2017-07-06,バンダイナムコエンターテインメント,ガンダムバーサス,33,YES,ACT,バンダイナムコエンターテインメント,0,1,チームバトルアクション,その他
2017-07-13,Time of Virtual Reality,Ancient Amuletor,-,,ETC,Time of Virtual Reality,0,1,その他,その他
2017-07-13,Radial Games,Fantastic Contraption,-,,ETC,Radial Games,0,1,その他,その他
2017-07-13,日本一ソフトウェア,ハコニワカンパニワークス,-,YES,ETC,日本一ソフトウェア,0,1,その他,その他
2017-07-13,スクウェア・エニックス,ファイナルファンタジーXII ザ ゾディアック エイジ,-,YES,ETC,スクウェア・エニックス,813_0m_721n,1,その他,その他
2017-07-13,アイディアファクトリー,薄桜鬼 真改 風華伝,-,YES,ETC,アイディアファクトリー,0,1,その他,その他
2017-07-14,クロスファンクション,LOUD on Planet X,-,,ETC,クロスファンクション,0,1,その他,その他
2017-07-20,インターグロー,MXGP3 - The Official Motocross Videogame,30,YES,RCG,インターグロー,0,1,モトクロスレーシング,その他
2017-07-20,SUPERHOT Sp. z o.o.,SUPERHOT,-,,ETC,SUPERHOT Sp. z o.o.,0,1,その他,その他
2017-07-20,日本一ソフトウェア,So Many Me,31,,ACT,日本一ソフトウェア,0,1,アクションパズル,その他
2017-07-20,アークシステムワークス,UNDER NIGHT IN-BIRTH Exe:Late[st],-,YES,ETC,アークシステムワークス,0,1,その他,その他
2017-07-20,ワーナー ブラザース ジャパン,カーズ3 勝利への道,32,YES,RCG,ワーナー ブラザース ジャパン,817_0m_725,1,アクションレース,その他
2017-07-21,SUPERHOT Sp. z o.o.,SUPERHOT VR,-,,ETC,SUPERHOT Sp. z o.o.,0,1,その他,その他
2017-07-24,Intragames,タイポマン,30,,ACT,Intragames,0,1,アクションパズル,その他
2017-07-25,Archiact Interactive,Smashbox Arena,-,,ETC,Archiact Interactive,0,1,その他,その他
2017-07-25,Double Eleven,Super Cloudbuilt,-,,ETC,Double Eleven,0,1,その他,その他
2017-07-26,ユービーアイソフト,ダート4,-,YES,ETC,ユービーアイソフト,0,1,その他,その他
2017-07-27,バンダイナムコエンターテインメント,NARUTO-ナルト 疾風伝 ナルティメットストーム トリロジー,-,YES,ETC,バンダイナムコエンターテインメント,821_0m_729,1,その他,その他
2017-07-27,ソニー・インタラクティブエンタテインメント,コール オブ デューティ モダン・ウォーフェア リマスタード,-,YES,ETC,ソニー・インタラクティブエンタテインメント,3075_0m_1693,1,その他,その他
2017-07-27,Yacht Club Games,ショベルナイト,-,,ETC,Yacht Club Games,0,1,その他,その他
2017-07-28,Thunder Lotus,Sundered,-,,ETC,Thunder Lotus,0,1,その他,その他
2017-07-29,スクウェア・エニックス,ドラゴンクエストXI 過ぎ去りし時を求めて,40,YES,RPG,スクウェア・エニックス,777_0m_697,1,RPG,その他
2017-08-03,ソニー・インタラクティブエンタテインメント,クラッシュ・バンディクー ブッとび3段もり!,-,YES,ETC,ソニー・インタラクティブエンタテインメント,865_0m_758n,1,その他,その他
2017-08-04,tinyBuild,Mr. Shifty,-,,ETC,tinyBuild,0,1,その他,その他
2017-08-08,Vertex Pop,Graceful Explosion Machine,30,,SHT,Vertex Pop,0,1,シューティング,その他
2017-08-10,スクウェア・エニックス,HITMAN THE COMPLETE FIRST SEASON,-,YES,ETC,スクウェア・エニックス,0,1,その他,その他
2017-08-10,Pelfast,コメットクラッシュ2: クロンコイドウォーズ,-,,ETC,Pelfast,0,1,その他,その他
2017-08-10,スクウェア・エニックス,ドラゴンクエスト,-,,ETC,スクウェア・エニックス,0,1,その他,その他
2017-08-10,スクウェア・エニックス,ドラゴンクエストII 悪霊の神々,-,,ETC,スクウェア・エニックス,0,1,その他,その他
2017-08-10,カプコン,ロックマン クラシックス コレクション 2,-,YES,ETC,カプコン,0,1,その他,その他
2017-08-16,ハチノヨン,UNDERTALE,33,,RPG,ハチノヨン,0,1,RPG,その他
2017-08-16,セガゲームス,ソニックマニア,32,,ACT,セガゲームス,1575_0m_1147n,1,2Dハイスピードアクション,その他
2017-08-16,KEMCO,忘失のイストリア,-,,ETC,KEMCO,0,1,その他,その他
2017-08-17,ソニー・インタラクティブエンタテインメント,MATTERFALL,30,,SHT,ソニー・インタラクティブエンタテインメント,0,1,横スクロールシューティング,その他
2017-08-17,スパイク・チュンソフト,ZERO ESCAPE 刻のジレンマ,-,YES,ETC,スパイク・チュンソフト,0,1,その他,その他
2017-08-17,スクウェア・エニックス,ドラゴンクエストX オールインワンパッケージ,-,YES,ETC,スクウェア・エニックス,0,1,その他,その他
2017-08-18,バンダイナムコエンターテインメント,GET EVEN,32,,FPS,バンダイナムコエンターテインメント,0,1,一人称スリラーADV,その他
2017-08-21,United Independent Entertainment GmbH,Firefighters - The Simulation,-,,ETC,United Independent Entertainment GmbH,0,1,その他,その他
2017-08-23,賈船,Tachyon Project,-,,ETC,賈船,0,1,その他,その他
2017-08-24,アイディアファクトリー,Code：Realize 〜彩虹の花束〜,-,YES,ETC,アイディアファクトリー,0,1,その他,その他
2017-08-24,United Independent Entertainment GmbH,Joe's Diner,-,,ETC,United Independent Entertainment GmbH,0,1,その他,その他
2017-08-24,バンダイナムコエンターテインメント,ONE PIECE アンリミテッドワールド R デラックスエディション,-,YES,ETC,バンダイナムコエンターテインメント,0,1,その他,その他
2017-08-24,アークシステムワークス,WHITEDAY〜学校という名の迷宮〜,-,YES,ETC,アークシステムワークス,0,1,その他,その他
2017-08-24,角川ゲームス,ザ・ロストチャイルド,32,YES,RPG,角川ゲームス,0,1,神話構想RPG,その他
2017-08-24,スクウェア・エニックス,ドラゴンクエストIII そして伝説へ…,-,,ETC,スクウェア・エニックス,0,1,その他,その他
2017-08-24,コンパイルハート,新次元ゲイム ネプテューヌVII R,-,YES,ETC,コンパイルハート,214_0m_155n,1,その他,その他
2017-08-24,日本一ソフトウェア,深夜廻,31,YES,ACT,日本一ソフトウェア,0,1,夜道探索アクション,その他
2017-08-28,Fraoula d.o.o.,Neon Drive,-,,ETC,Fraoula d.o.o.,0,1,その他,その他
2017-08-28,United Independent Entertainment GmbH,Pineview Drive - House of Horror,-,,ETC,United Independent Entertainment GmbH,0,1,その他,その他
2017-08-28,ソリッドスフィア,カイジVR〜絶望の鉄骨渡り〜,-,,ETC,ソリッドスフィア,0,1,その他,その他
2017-08-29,アークシステムワークス,ダマスカスギヤ 西京EXODUS HD Edition,-,,ETC,アークシステムワークス,0,1,その他,その他
2017-08-29,DotEmu,フライングパワーディスク: Windjammers,31,,SPT,DotEmu,0,1,スポーツ,その他
2017-08-30,マーベラス,X-Morph:Defense,34,,SHT,マーベラス,0,1,タワーディフェンス＆シューティング,その他
2017-08-31,インターグロー,FlatOut 4:Total Insanity,30,YES,RCG,インターグロー,0,1,破壊系レーシング,その他
2017-08-31,ソニー・インタラクティブエンタテインメント,New みんなのGOLF,33,YES,SPT,ソニー・インタラクティブエンタテインメント,0,1,ゴルフ,その他
2017-08-31,コーエーテクモゲームス,よるのないくに2 〜新月の花嫁〜,31,YES,RPG,コーエーテクモゲームス,0,1,美少女従魔RPG,その他
2017-08-31,メディアスケープ,ディアドラエンプティ,30,,SHT,メディアスケープ,0,1,ハイフィールドシューティング,その他
2017-08-31,カプコン,バイオハザード リベレーションズ アンベールド エディション,-,YES,ETC,カプコン,0,1,その他,その他
2017-08-31,システムソフト・アルファー,太平洋の嵐〜史上最大の激戦 ノルマンディー攻防戦!〜,-,YES,ETC,システムソフト・アルファー,0,1,その他,その他
2017-09-01,Eastasiasoft Limited,Ghost Blade HD,-,,ETC,Eastasiasoft Limited,0,1,その他,その他
2017-09-05,Double Eleven Ltd,Songbringer,-,,ETC,Double Eleven Ltd,0,1,その他,その他
2017-09-06,ソニー・インタラクティブエンタテインメント,Destiny 2,35,YES,ASHT,ソニー・インタラクティブエンタテインメント,0,1,アクションシューティング,その他
2017-09-07,5pb.,この素晴らしい世界に祝福を! -この欲深いゲームに審判を!-,30,YES,ADV,5pb.,0,1,お返し裁判アドベンチャー,その他
2017-09-07,トイロジック,ハッピーダンジョン,-,,ETC,トイロジック,0,1,その他,その他
2017-09-07,角川ゲームス,旋光の輪舞2,-,YES,ETC,角川ゲームス,0,1,その他,その他
2017-09-07,日本一ソフトウェア,祝姫 -祀-,31,YES,ADV,日本一ソフトウェア,0,1,ホラーアドベンチャー,その他
2017-09-08,United Independent Entertainment,Forestry 2017 - The Simulation,-,,ETC,United Independent Entertainment,0,1,その他,その他
2017-09-08,Cococucumber,Planet of the Eyes,-,,ETC,Cococucumber,0,1,その他,その他
2017-09-13,United Independent Entertainment,Professional Farmer 2017,-,,ETC,United Independent Entertainment,0,1,その他,その他
2017-09-13,クロスファンクション,少女とロボット,-,,ETC,クロスファンクション,0,1,その他,その他
2017-09-14,ユービーアイソフト,F1 2017,32,YES,RCG,ユービーアイソフト,0,1,レース,その他
2017-09-14,Seaven Studio,Inside My Radio,-,,ETC,Seaven Studio,0,1,その他,その他
2017-09-14,ソニー・インタラクティブエンタテインメント,アンチャーテッド 古代神の秘宝,37,YES,AADV,ソニー・インタラクティブエンタテインメント,0,1,アクションアドベンチャー,その他
2017-09-14,コナミデジタルエンタテインメント,ウイニングイレブン 2018,35,YES,SPT,コナミデジタルエンタテインメント,0,1,サッカー,その他
2017-09-14,SNK,サムライスピリッツ零SPECIAL,-,,ETC,SNK,0,1,その他,その他
2017-09-14,ソニー・インタラクティブエンタテインメント,ジャック×ダクスター 旧世界の遺産,-,,ETC,ソニー・インタラクティブエンタテインメント,0,1,その他,その他
2017-09-14,プロトタイプ,星織ユメミライ Converted Edition,-,YES,ETC,プロトタイプ,0,1,その他,その他
2017-09-14,MOSS,雷電V Director's Cut,-,YES,ETC,MOSS,0,1,その他,その他
2017-09-15,ベセスダ・ソフトワークス,Dishonored: Death of the Outsider,-,,ETC,ベセスダ・ソフトワークス,0,1,その他,その他
2017-09-15,United Independent Entertainment,Industry Giant 2,-,,ETC,United Independent Entertainment,0,1,その他,その他
2017-09-19,テイクツー・インタラクティブ・ジャパン,NBA 2K18,33,YES,SPT,テイクツー・インタラクティブ・ジャパン,0,1,バスケットボール,その他
2017-09-19,スクウェア・エニックス,ファイナルファンタジーIX,-,,ETC,スクウェア・エニックス,0,1,その他,その他
2017-09-20,エレクトロニック・アーツ,Madden NFL 18,-,,ETC,エレクトロニック・アーツ,0,1,その他,その他
2017-09-20,アピリッツ,ゴエティア 千の魔神と無限の塔,-,,ETC,アピリッツ,0,1,その他,その他
2017-09-21,バンダイナムコエンターテインメント,Project CARS 2,34,YES,RCG,バンダイナムコエンターテインメント,0,1,リアルレースシミュレーション,その他
2017-09-21,ソニー・インタラクティブエンタテインメント,パタポン,-,YES,ETC,ソニー・インタラクティブエンタテインメント,0,1,その他,その他
2017-09-21,カプコン,マーベル VS. カプコン:インフィニット,32,YES,FTG,カプコン,900_0m_781n,1,ファイティングアクション,その他
2017-09-22,Gearbox Publishing,Bulletstorm: Full Clip Edition,-,,ETC,Gearbox Publishing,0,1,その他,その他
2017-09-26,Lost in the Garden GmbH,LIGHTFIELD,-,,ETC,Lost in the Garden GmbH,0,1,その他,その他
2017-09-26,GHI Media,RUINER,32,,ACT,GHI Media,0,1,ハイスピードサイバーアクション,その他
2017-09-28,エレクトロニック・アーツ,EA SPORTS™ NHL® 18,-,,ETC,エレクトロニック・アーツ,0,1,その他,その他
2017-09-28,ソニー・インタラクティブエンタテインメント,KNACK ふたりの英雄と古代兵団,31,YES,ACT,ソニー・インタラクティブエンタテインメント,0,1,アクション,その他
2017-09-28,インターグロー,MotoGP 17,30,YES,RCG,インターグロー,0,1,モータースポーツレーシング,その他
2017-09-28,レイニーフロッグ,forma.8,30,,ADV,レイニーフロッグ,0,1,探索アドベンチャー,その他
2017-09-28,日本一ソフトウェア,ルフランの地下迷宮と魔女ノ旅団,32,YES,RPG,日本一ソフトウェア,905_0m_786,1,ダンジョンRPG,その他
2017-09-28,スクウェア・エニックス,乖離性ミリオンアーサー VR,-,,ETC,スクウェア・エニックス,0,1,その他,その他
2017-09-28,日本ファルコム,英雄伝説 閃の軌跡III,33,YES,RPG,日本ファルコム,0,1,ストーリーRPG,その他
2017-09-28,コンパイルハート,限界凸城 キャッスルパンツァーズ,31,YES,RPG,コンパイルハート,0,1,パイ×シリRPG,その他
2017-09-29,エレクトロニック・アーツ,FIFA 18,37,YES,SPT,エレクトロニック・アーツ,902_0m_783n,1,サッカー,その他
2017-10-03,エレクトロニック・アーツ,NBA LIVE 18: The One Edition,-,,ETC,エレクトロニック・アーツ,0,1,その他,その他
2017-10-03,Badland Games,Vostok Inc.,30,,SHT,Badland Games,0,1,経営シミュレーションSTG,その他
2017-10-05,Thomas Happ Games,Axiom Verge,-,,ETC,Thomas Happ Games,0,1,その他,その他
2017-10-05,THQ Nordic,Darksiders II Deathinitive Edition,-,,ETC,THQ Nordic,0,1,その他,その他
2017-10-05,Housemarque,Nex Machina,-,,ETC,Housemarque,0,1,その他,その他
2017-10-05,ユービーアイソフト,スナイパー ゴーストウォーリアー3,-,YES,ETC,ユービーアイソフト,0,1,その他,その他
2017-10-05,カプコン,ドラゴンズドグマ: ダークアリズン,-,YES,ETC,カプコン,952_0m_812,1,その他,その他
2017-10-06,日本一ソフトウェア,Nidhogg 2,-,,ETC,日本一ソフトウェア,0,1,その他,その他
2017-10-12,DMM.com,CROSSOUT,-,,ETC,DMM.com,0,1,その他,その他
2017-10-12,スクウェア・エニックス,LOST SPHEAR,32,YES,RPG,スクウェア・エニックス,955_0m_815,1,ネオ・トラディショナルRPG,その他
2017-10-12,Telltale Games,Minecraft: Story Mode Season 2,-,,ETC,Telltale Games,0,1,その他,その他
2017-10-12,ワーナー ブラザース ジャパン,シャドウ・オブ・ウォー,37,YES,ARPG,ワーナー ブラザース ジャパン,0,1,アクションRPG,その他
2017-10-12,コンパイルハート,デート・ア・ライブ 凜緒リンカーネイション HD,-,YES,ETC,コンパイルハート,0,1,その他,その他
2017-10-13,Akupara Games,The Metronomicon: Slay the Dance Floor,-,,ETC,Akupara Games,0,1,その他,その他
2017-10-14,ソニー・インタラクティブエンタテインメント,V！勇者のくせになまいきだR,33,YES,RTS,ソニー・インタラクティブエンタテインメント,0,1,リアルタイムストラテジー,その他
2017-10-16,Defiant Development,Hand of Fate,-,,ETC,Defiant Development,0,1,その他,その他
2017-10-18,Digital Smash,Toy Odyssey: The Lost and Found,-,,ETC,Digital Smash,0,1,その他,その他
2017-10-18,セルナビ,プレキャラ!大富豪,-,,ETC,セルナビ,0,1,その他,その他
2017-10-19,Oasis Games,Light Tracer,-,,ETC,Oasis Games,0,1,その他,その他
2017-10-19,テイクツー・インタラクティブ・ジャパン,WWE 2K18,-,,ETC,テイクツー・インタラクティブ・ジャパン,0,1,その他,その他
2017-10-19,スクウェア・エニックス,いただきストリート ドラゴンクエスト&ファイナルファンタジー 30th ANNIVERSARY,30,YES,TBL,スクウェア・エニックス,959_0m_819n,1,ボードゲーム,その他
2017-10-19,PlayEveryWare,エリエット・クエスト,-,,ETC,PlayEveryWare,0,1,その他,その他
2017-10-19,ソニー・インタラクティブエンタテインメント,グランツーリスモSPORT,33,YES,RCG,ソニー・インタラクティブエンタテインメント,545_0m_484n,1,リアルドライビングシミュレーター,その他
2017-10-19,ベセスダ・ソフトワークス,サイコブレイク2,35,YES,ETC,ベセスダ・ソフトワークス,960_0m_820,1,サバイバルホラー,その他
2017-10-19,ワーナー ブラザース ジャパン,レゴ ニンジャゴー ムービー ザ・ゲーム,33,YES,AADV,ワーナー ブラザース ジャパン,0,1,アクションアドベンチャー,その他
2017-10-19,バンダイナムコエンターテインメント,巨影都市,31,YES,AADV,バンダイナムコエンターテインメント,0,1,SFサバイバルアクションADV,その他
2017-10-20,ロッキンハート,Tear －終わりとはじまりの雫ー,-,,ETC,ロッキンハート,0,1,その他,その他
2017-10-25,キュー・ゲームス,PixelJunk VR Dead Hungry,31,,ACT,キュー・ゲームス,0,1,VRゾンビグルメアクション,その他
2017-10-26,スパイク・チュンソフト,ARK:Survival Evolved,-,YES,ETC,スパイク・チュンソフト,871_0m_764n,1,その他,その他
2017-10-26,5pb.,やはりゲームでも俺の青春ラブコメはまちがっている。＆続 おまとめセット,-,YES,ETC,5pb.,0,1,その他,その他
2017-10-26,ユービーアイソフト,アサシン クリード オリジンズ,36,YES,ACT,ユービーアイソフト,967_0m_827,1,ステルスアクション,その他
2017-10-26,ジェットマン,クーロンズゲートVR suzaku,-,,ETC,ジェットマン,0,1,その他,その他
2017-10-26,Disruptive Media Publishers Canada,スライド&ゴー,-,,ETC,Disruptive Media Publishers Canada,0,1,その他,その他
2017-10-26,バンダイナムコエンターテインメント,太鼓の達人 セッションでドドンがドン！,-,YES,ETC,バンダイナムコエンターテインメント,962_0m_822,1,その他,その他
2017-10-26,システムソフト・アルファー,戦御村正DX－紅蓮の血統－,-,YES,ETC,システムソフト・アルファー,0,1,その他,その他
2017-10-26,dramatic create,月に寄りそう乙女の作法 〜ひだまりの日々〜,-,YES,ETC,dramatic create,0,1,その他,その他
2017-10-26,エンターグラム,甘えかたは彼女なりに。,-,YES,ETC,エンターグラム,0,1,その他,その他
2017-10-26,Oasis Games,隠龍伝説：影の追跡,-,,ETC,Oasis Games,0,1,その他,その他
2017-10-27,クロスファンクション,The Town of Light,-,,ETC,クロスファンクション,0,1,その他,その他
2017-11-01,バンダイナムコエンターテインメント,.hack//G.U. Last Recode,32,YES,ARPG,バンダイナムコエンターテインメント,1006_0m_853,1,アクションRPG,その他
2017-11-01,Heavy Spectrum,Oure,-,,ETC,Heavy Spectrum,0,1,その他,その他
2017-11-01,X-LEGEND ENTERTAINMENT JAPAN,幻想神域 -Cross to Fate-,-,,ETC,X-LEGEND ENTERTAINMENT JAPAN,0,1,その他,その他
2017-11-02,Castle Steps,The Bellows,-,,ETC,Castle Steps,0,1,その他,その他
2017-11-02,エムツー,魔法大作戦,-,,ETC,エムツー,0,1,その他,その他
2017-11-03,ソニー・インタラクティブエンタテインメント,コール オブ デューティ ワールドウォーII,36,YES,FPS,ソニー・インタラクティブエンタテインメント,0,1,FPS,その他
2017-11-09,アークシステムワークス,DJMAX RESPECT,30,YES,音,アークシステムワークス,0,1,DJシミュレーション,その他
2017-11-09,Rising Star,Ninja Shodown,-,,ETC,Rising Star,0,1,その他,その他
2017-11-09,PLAYISM,エース・オブ・シーフード,-,,ETC,PLAYISM,0,1,その他,その他
2017-11-09,5pb.,オカルティック・ナイン,33,YES,ADV,5pb.,0,1,超常科学アドベンチャー,その他
2017-11-09,スクウェア・エニックス,サドン ストライク4,-,YES,ETC,スクウェア・エニックス,0,1,その他,その他
2017-11-09,レイニーフロッグ,スプラッシャー,30,,ACT,レイニーフロッグ,0,1,スーパーペンキアクション,その他
2017-11-09,セガゲームス,ソニックフォース,35,YES,ACT,セガゲームス,0,1,3Dハイスピードアクション,その他
2017-11-09,システムソフト・アルファー,太平洋の嵐〜史上最大の激戦 ノルマンディー攻防戦!〜,-,YES,ETC,システムソフト・アルファー,0,1,その他,その他
2017-11-10,エレクトロニック・アーツ,ニード・フォー・スピード ペイバック,32,YES,RCG,エレクトロニック・アーツ,302_0m_247,1,アクションレース,その他
2017-11-16,インターグロー,WRC 7,-,YES,ETC,インターグロー,0,1,その他,その他
2017-11-16,ライオンズフィルム,イケメン幕末◆運命の恋 華の都と恋の乱,-,,ETC,ライオンズフィルム,0,1,その他,その他
2017-11-16,コナミデジタルエンタテインメント,ウイニングイレブン 2018 Lite,-,,ETC,コナミデジタルエンタテインメント,0,1,その他,その他
2017-11-16,レイニーフロッグ,ブロック ビルダー DX,-,,ETC,レイニーフロッグ,0,1,その他,その他
2017-11-17,H2 INTERACTIVE,BLACKGUARDS 2,-,,ETC,H2 INTERACTIVE,0,1,その他,その他
2017-11-17,エレクトロニック・アーツ,ザ・シムズ4,-,YES,ETC,エレクトロニック・アーツ,0,1,その他,その他
2017-11-17,エレクトロニック・アーツ,スター・ウォーズ バトルフロントII,-,YES,ETC,エレクトロニック・アーツ,0,1,その他,その他
2017-11-21,スクウェア・エニックス,MONSTER OF THE DEEP: FINAL FANTASY XV,-,,ETC,スクウェア・エニックス,0,1,その他,その他
2017-11-21,GameoTomo,プロジェクト・ニンバス：Code Mirai,-,,ETC,GameoTomo,0,1,その他,その他
2017-11-22,PLAYISM,2064: Read Only Memories,32,,ADV,PLAYISM,0,1,SFアドベンチャー,その他
2017-11-22,ソニー・インタラクティブエンタテインメント,Hidden Agenda―死刑執行まで48時間―,-,,ETC,ソニー・インタラクティブエンタテインメント,0,1,その他,その他
2017-11-22,エンターグラム,となりに彼女のいる幸せ 〜Two Farce〜,-,YES,ETC,エンターグラム,0,1,その他,その他
2017-11-22,ディースリー・パブリッシャー,地球防衛軍4.1 WING DIVER THE SHOOTER,-,,ETC,ディースリー・パブリッシャー,0,1,その他,その他
2017-11-22,メディアスケープ,迷宮経営SLG -ZombieVital DG- OfflineVer,-,,ETC,メディアスケープ,0,1,その他,その他
2017-11-23,ベセスダ・ソフトワークス,Wolfenstein II:The New Colossus,-,YES,ETC,ベセスダ・ソフトワークス,0,1,その他,その他
2017-11-24,THQ Nordic,Darksiders Warmastered Edition,-,,ETC,THQ Nordic,0,1,その他,その他
2017-11-24,Teyon Japan,ブラステムバニーズ 悪いウサギをヤッつけろ！,-,,ETC,Teyon Japan,0,1,その他,その他
2017-11-27,傑仕登,キャットクエスト,-,,ETC,傑仕登,0,1,その他,その他
2017-11-28,スクウェア・エニックス,STAR OCEAN 4 - THE LAST HOPE - 4K & Full HD Remaster,-,,ETC,スクウェア・エニックス,0,1,その他,その他
2017-11-30,PlayStack,Dick Wilde,-,,ETC,PlayStack,0,1,その他,その他
2017-11-30,インターグロー,The Surge,31,YES,ARPG,インターグロー,0,1,SFアクションRPG,その他
2017-11-30,角川ゲームス,ゲーム天国 CruisinMix,-,YES,ETC,角川ゲームス,0,1,その他,その他
2017-11-30,バンダイナムコエンターテインメント,リトルウィッチアカデミア 時の魔法と七不思議,-,YES,ETC,バンダイナムコエンターテインメント,0,1,その他,その他
2017-11-30,コーエーテクモゲームス,信長の野望・大志,36,YES,SLG,コーエーテクモゲームス,1017_0m_862,1,歴史シミュレーション,その他
2017-12-01,SOEDESCO Publishing,Adam's Venture: Origins,-,,ETC,SOEDESCO Publishing,0,1,その他,その他
2017-12-01,H2 INTERACTIVE,MOTO RACER 4,-,,ETC,H2 INTERACTIVE,0,1,その他,その他
2017-12-05,ワーナー ブラザース ジャパン,ジャスティス・リーグ VRエクスペリエンス,-,,ETC,ワーナー ブラザース ジャパン,0,1,その他,その他
2017-12-06,アニプレックス,Fate/Grand Order VR feat.マシュ・キリエライト,-,,ETC,アニプレックス,0,1,その他,その他
2017-12-06,ソニー・インタラクティブエンタテインメント,ジャック×ダクスター2,-,,ETC,ソニー・インタラクティブエンタテインメント,0,1,その他,その他
2017-12-07,ロックスター・ゲームス,L.A.ノワール,-,YES,ETC,ロックスター・ゲームス,0,1,その他,その他
2017-12-07,スクウェア・エニックス,エージェンツ オブ メイヘム,31,YES,ACT,スクウェア・エニックス,0,1,オープンワールドアクション,その他
2017-12-07,カプコン,デッドライジング4 スペシャルエディション,-,YES,ETC,カプコン,1087_0m_906,1,その他,その他
2017-12-07,バンダイナムコエンターテインメント,仮面ライダー クライマックスファイターズ,-,YES,ETC,バンダイナムコエンターテインメント,0,1,その他,その他
2017-12-07,ディースリー・パブリッシャー,地球防衛軍5,31,YES,ASHT,ディースリー・パブリッシャー,1083_0m_902,1,アクションシューティング,その他
2017-12-07,セガゲームス,龍が如く 極2,37,YES,AADV,セガゲームス,1084_0m_903n,1,アクションアドベンチャー,その他
2017-12-08,WarDucks,Sneaky Bears,-,,ETC,WarDucks,0,1,その他,その他
2017-12-12,Zen Studios,Pinball FX2 VR,-,,ETC,Zen Studios,0,1,その他,その他
2017-12-14,ベセスダ・ソフトワークス,The Elder Scrolls V: Skyrim VR,-,YES,ETC,ベセスダ・ソフトワークス,0,1,その他,その他
2017-12-14,4341571 Canada,Ultimate Chicken Horse,-,,ETC,4341571 Canada,0,1,その他,その他
2017-12-14,日本一ソフトウェア,アンエピック -オタクの小さな大冒険-,-,,ETC,日本一ソフトウェア,0,1,その他,その他
2017-12-14,IGGYMOB,ガングレイヴVR,-,,ETC,IGGYMOB,0,1,その他,その他
2017-12-14,インターグロー,スティクス:シャーズ・オブ・ダークネス,31,YES,ADV,インターグロー,0,1,ステルスアドベンチャー,その他
2017-12-14,バンダイナムコエンターテインメント,デジモンストーリー サイバースルゥース ハッカーズメモリー,35,YES,RPG,バンダイナムコエンターテインメント,1090_0m_909,1,育成RPG,その他
2017-12-14,角川ゲームス,デモンゲイズ2 グローバル エディション,-,YES,ETC,角川ゲームス,0,1,その他,その他
2017-12-14,ソニー・インタラクティブエンタテインメント,ロコロコ2,-,YES,ETC,ソニー・インタラクティブエンタテインメント,0,1,その他,その他
2017-12-15,桜花一門,CHAINMAN,-,,ETC,桜花一門,0,1,その他,その他
2017-12-15,スクウェア・エニックス,ロマンシング サガ2,-,,ETC,スクウェア・エニックス,0,1,その他,その他
2017-12-19,アークシステムワークス,斬！斬！斬！,-,,ETC,アークシステムワークス,0,1,その他,その他
2017-12-20,Sony Pictures Virtual Reality,Spider-Man: Homecoming - Virtual Reality Experience,-,,ETC,Sony Pictures Virtual Reality,0,1,その他,その他
2017-12-21,スタジオアートディンク,A列車で行こうExp.,31,YES,SLG,スタジオアートディンク,0,1,都市開発鉄道シミュレーション,その他
2017-12-21,アイディアファクトリー,Code：Realize 〜白銀の奇跡〜,32,YES,ADV,アイディアファクトリー,0,1,女性向け恋愛ADV,その他
2017-12-21,ベセスダ・ソフトワークス,DOOM VFR,-,YES,ETC,ベセスダ・ソフトワークス,0,1,その他,その他
2017-12-21,ソニー・インタラクティブエンタテインメント,Jak 3,-,,ETC,ソニー・インタラクティブエンタテインメント,0,1,その他,その他
2017-12-21,レイニーフロッグ,ONE MORE DUNGEON,-,,ETC,レイニーフロッグ,0,1,その他,その他
2017-12-21,ソニー・ミュージックエンタテインメント,TINY METAL,31,,SLG,ソニー・ミュージックエンタテインメント,0,1,戦略シミュレーション,その他
2017-12-21,バンダイナムコエンターテインメント,アイドルマスター ステラステージ,33,YES,ETC,バンダイナムコエンターテインメント,0,1,アイドル育成ライブゲーム,その他
2017-12-21,レイニーフロッグ,コンバット！ サーチ＆レスキュー,-,,ETC,レイニーフロッグ,0,1,その他,その他
2017-12-21,コーエーテクモゲームス,リディー&スールのアトリエ 〜不思議な絵画の錬金術士〜,35,YES,RPG,コーエーテクモゲームス,0,1,錬金術再生RPG,その他
2017-12-21,USERJOY JAPAN,万物乙女☆ダンジョンズ,-,,ETC,USERJOY JAPAN,0,1,その他,その他
2017-12-21,エンターグラム,千の刃濤、桃花染の皇姫,-,YES,ETC,エンターグラム,0,1,その他,その他
2017-12-21,カプコン,大神 絶景版,-,YES,ETC,カプコン,1095_0m_914,1,その他,その他
2017-12-22,クロスファンクション,Unbox: Newbie's Adventure,30,,ACT,クロスファンクション,0,1,アクション,その他
2017-12-22,H2 INTERACTIVE,VIKINGS - ミッドガルドの狼,-,,ETC,H2 INTERACTIVE,0,1,その他,その他
2017-12-26,nDreams,Shooty Fruity,-,,ETC,nDreams,0,1,その他,その他
2018-01-10,Mad Fellows,Aaero,-,,ETC,Mad Fellows,0,1,その他,その他
2018-01-10,Stimtech Ltd. dba NeocoreGames,The Incredible Adventures of Van Helsing II,-,,ETC,Stimtech Ltd. dba NeocoreGames,0,1,その他,その他
2018-01-11,Daedalic Entertainment,AER - Memories of Old,-,,ETC,Daedalic Entertainment,0,1,その他,その他
2018-01-11,ディースリー・パブリッシャー,しあわせ荘の管理人さん。,-,YES,ETC,ディースリー・パブリッシャー,0,1,その他,その他
2018-01-11,スクウェア・エニックス,ディシディア ファイナルファンタジー NT,-,YES,ETC,スクウェア・エニックス,1163_0m_948,1,その他,その他
2018-01-18,3goo,ATV ドリフト&トリックス,-,YES,ETC,3goo,0,1,その他,その他
2018-01-18,KEMCO,ドラゴンシンカー,-,,ETC,KEMCO,0,1,その他,その他
2018-01-18,エクスペリエンス,死印,-,YES,ETC,エクスペリエンス,0,1,その他,その他
2018-01-18,バンダイナムコエンターテインメント,銀魂乱舞,33,YES,ACT,バンダイナムコエンターテインメント,1165_0m_950,1,サムライ乱戦アクション,その他
2018-01-22,エレクトロニック・アーツ,Madden NFL 18 G.O.A.T. Super Bowl Edition,-,,ETC,エレクトロニック・アーツ,0,1,その他,その他
2018-01-23,DANGEN ENTERTAINMENT,Iconoclasts,-,,ETC,DANGEN ENTERTAINMENT,0,1,その他,その他
2018-01-23,Frozenbyte,Nine Parchments,-,,ETC,Frozenbyte,0,1,その他,その他
2018-01-25,Raw Fury,Kingdom: New Lands,-,,ETC,Raw Fury,0,1,その他,その他
2018-01-25,ソニー・ミュージックエンタテインメント,The Inpatient －闇の病棟－,-,,ETC,ソニー・ミュージックエンタテインメント,0,1,その他,その他
2018-01-25,ケムコ,レイジングループ,-,YES,ETC,ケムコ,0,1,その他,その他
2018-01-25,バンダイナムコエンターテインメント,七つの大罪 ブリタニアの旅人,-,YES,ETC,バンダイナムコエンターテインメント,0,1,その他,その他
2018-01-25,エンターグラム,人気声優のつくりかた,-,YES,ETC,エンターグラム,0,1,その他,その他
2018-01-25,ソニー・ミュージックエンタテインメント,舞華蒼魔鏡,-,,ETC,ソニー・ミュージックエンタテインメント,0,1,その他,その他
2018-01-26,クロスファンクション,Leap of Fate,31,,ACT,クロスファンクション,0,1,ローグライクアクション,その他
2018-01-26,カプコン,モンスターハンター:ワールド,39,YES,ACT,カプコン,1172_0m_957,1,ハンティングアクション,その他
2018-01-26,メディアスケープ,星の欠片の物語、ひとかけら版,-,,ETC,メディアスケープ,0,1,その他,その他
2018-01-30,Archiact Interactive,Pierhead Arcade,-,,ETC,Archiact Interactive,0,1,その他,その他
2018-01-31,アークシステムワークス,Fallen Legion -反逆の炎-,-,,ETC,アークシステムワークス,0,1,その他,その他
2018-02-01,メディアスケープ,GUNDEMONIUMS,-,,ETC,メディアスケープ,0,1,その他,その他
2018-02-01,バンダイナムコエンターテインメント,NARUTO-ナルト- 疾風伝 ナルティメットストームトリロジー,-,,ETC,バンダイナムコエンターテインメント,821_0m_729,1,その他,その他
2018-02-01,バンダイナムコエンターテインメント,ドラゴンボール ファイターズ,36,YES,FTG,バンダイナムコエンターテインメント,1173_0m_958,1,ドラゴンボールファイティング,その他
2018-02-01,ワーナー・ブラザーステレビジョン＆ホームエンターテイメント,レゴ マーベル スーパー・ヒーローズ2 ザ・ゲーム,-,YES,ETC,ワーナー・ブラザーステレビジョン＆ホームエンターテイメント,0,1,その他,その他
2018-02-02,Winking Skywalker,Bandit Six: Combined Arms,-,,ETC,Winking Skywalker,0,1,その他,その他
2018-02-02,H.B. Studios Multimedia,The Golf Club,-,,ETC,H.B. Studios Multimedia,0,1,その他,その他
2018-02-06,Raw Fury,Dandara,31,,AADV,Raw Fury,0,1,アクションアドベンチャー,その他
2018-02-06,Happy Badger Studio,SmuggleCraft,-,,ETC,Happy Badger Studio,0,1,その他,その他
2018-02-07,505 Games,ABZÛ,-,,ETC,505 Games,0,1,その他,その他
2018-02-07,Campo Santo,Firewatch,-,,ETC,Campo Santo,0,1,その他,その他
2018-02-07,Adult Swim,Rain World,-,,ETC,Adult Swim,0,1,その他,その他
2018-02-07,Plug In Digital,トランスクリプティッド,-,,ETC,Plug In Digital,0,1,その他,その他
2018-02-08,Humble Bundle,Aegis Defenders,32,,ACT,Humble Bundle,0,1,アクション/タワーディフェンス,その他
2018-02-08,バンダイナムコエンターテインメント,ソードアート・オンライン フェイタル・バレット,31,YES,SHT,バンダイナムコエンターテインメント,0,1,シューティングRPG,その他
2018-02-08,アトラス,ドラゴンズクラウン・プロ,35,YES,ARPG,アトラス,1218_0m_979,1,2DアクションRPG,その他
2018-02-08,Winking Skywalker Entertainment,ヒロインアンセムゼロ エピソード1,-,,ETC,Winking Skywalker Entertainment,0,1,その他,その他
2018-02-08,ソニー・インタラクティブエンタテインメント,ワンダと巨像,35,YES,AADV,ソニー・インタラクティブエンタテインメント,1216_0m_977,1,アクションアドベンチャー,その他
2018-02-08,コーエーテクモゲームス,真・三國無双8,35,YES,ACT,コーエーテクモゲームス,1215_0m_976,1,タクティカルアクション,その他
2018-02-09,H2 INTERACTIVE,Hand of Fate 2,-,,ETC,H2 INTERACTIVE,0,1,その他,その他
2018-02-09,WarDucks,RollerCoaster Legends,-,,ETC,WarDucks,0,1,その他,その他
2018-02-13,GHI Media,Crossing Souls,30,,AADV,GHI Media,0,1,アクションアドベンチャー,その他
2018-02-15,アイディアファクトリー,忍び、恋うつつ ― 万花彩絵巻 ―,-,YES,ETC,アイディアファクトリー,0,1,その他,その他
2018-02-15,スクウェア・エニックス,聖剣伝説2 シークレット オブ マナ,-,YES,ETC,スクウェア・エニックス,0,1,その他,その他
2018-02-15,セガゲームス,電脳戦機バーチャロン×とある魔術の禁書目録 とある魔術の電脳戦機,33,YES,ACT,セガゲームス,0,1,対戦型バトルアクション,その他
2018-02-16,エレクトロニック・アーツ,Fe,-,,ETC,エレクトロニック・アーツ,0,1,その他,その他
2018-02-20,H2 INTERACTIVE,Anarcute,-,,ETC,H2 INTERACTIVE,0,1,その他,その他
2018-02-20,Fountain Digital Labs,ヴィリヴィアル: 自然との触れ合い,-,,ETC,Fountain Digital Labs,0,1,その他,その他
2018-02-21,コナミデジタルエンタテインメント,メタルギア サヴァイヴ,-,YES,ETC,コナミデジタルエンタテインメント,0,1,その他,その他
2018-02-22,日本一ソフトウェア,Yonder 青と大地と雲の物語,30,,AADV,日本一ソフトウェア,0,1,アクションアドベンチャー,その他
2018-02-22,エンターグラム,あざやかな彩りの中で、君らしく,-,YES,ETC,エンターグラム,0,1,その他,その他
2018-02-22,バンダイナムコエンターテインメント,ガールズ＆パンツァー ドリームタンクマッチ,32,YES,ACT,バンダイナムコエンターテインメント,1224_0m_985,1,戦車アクション,その他
2018-02-22,エンターグラム,キミの瞳にヒットミー,-,YES,ETC,エンターグラム,0,1,その他,その他
2018-02-22,角川ゲームス,ダーケストダンジョン,31,YES,RPG,角川ゲームス,0,1,ローグライクRPG,その他
2018-02-22,マーベラス,閃乱カグラ Burst Re:Newal,31,YES,ETC,マーベラス,0,1,爆乳ハイパーバトル,その他
2018-02-27,Hex Entertainment,HEX: Card Clash,-,,ETC,Hex Entertainment,0,1,その他,その他
2018-02-27,Polyarc,Moss,-,,ETC,Polyarc,0,1,その他,その他
2018-02-28,GameTomo,イモータル・レッドネック：不死王の迷宮,-,,ETC,GameTomo,0,1,その他,その他
2018-03-01,Bitecore,バウンスレスキュー！,-,,ETC,Bitecore,0,1,その他,その他
2018-03-01,ランカース,宇宙ホテル,-,,ETC,ランカース,0,1,その他,その他
2018-03-05,Immersive VR Education,アポロ11号,-,,ETC,Immersive VR Education,0,1,その他,その他
2018-03-06,ImagiNation,SYMMETRY,-,,ETC,ImagiNation,0,1,その他,その他
2018-03-08,日本一ソフトウェア,あなたの四騎姫教導譚,-,YES,ETC,日本一ソフトウェア,1171_0m_956,1,その他,その他
2018-03-08,エピックゲームズ,フォートナイト,-,,ETC,エピックゲームズ,0,1,その他,その他
2018-03-08,セガゲームス,北斗が如く,35,YES,AADV,セガゲームス,1226_0m_987,1,アクションアドベンチャー,その他
2018-03-08,日本ファルコム,英雄伝説 閃の軌跡I：改 -Thors Military Academy 1204-,-,YES,ETC,日本ファルコム,1281_0m_1012,1,その他,その他
2018-03-12,Project Flight School,Manifest 99,-,,ETC,Project Flight School,0,1,その他,その他
2018-03-14,Brain&Brain,Burly Men at Sea: 三人の海の男,30,,ADV,Brain&Brain,0,1,アドベンチャー,その他
2018-03-15,カプコン,Devil May Cry HD Collection,-,YES,ETC,カプコン,0,1,その他,その他
2018-03-15,クロスファンクション,Earthlock,-,,ETC,クロスファンクション,0,1,その他,その他
2018-03-15,ソニー・インタラクティブエンタテインメント,Jak X: Combat Racing,-,,ETC,ソニー・インタラクティブエンタテインメント,0,1,その他,その他
2018-03-15,コーエーテクモゲームス,Winning Post 8 2018,-,YES,ETC,コーエーテクモゲームス,0,1,その他,その他
2018-03-15,インティ・クリエイツ,ぎゃる☆がん2,31,YES,SHT,インティ・クリエイツ,0,1,眼（ガン）シューティング,その他
2018-03-15,インティ・クリエイツ,ぎゃるガンヴォルト バースト,-,,ETC,インティ・クリエイツ,0,1,その他,その他
2018-03-15,日本一ソフトウェア,シルバー2425,31,YES,ADV,日本一ソフトウェア,0,1,アドベンチャー,その他
2018-03-15,コーエーテクモゲームス,進撃の巨人2,36,YES,ACT,コーエーテクモゲームス,1284_0m_1015,1,タクティカルハンティングアクション,その他
2018-03-16,エレクトロニック・アーツ,バーンアウト パラダイス Remastered,-,YES,ETC,エレクトロニック・アーツ,0,1,その他,その他
2018-03-20,マーベラス,ASSAULT GUNNERS HD EDITION,-,,ETC,マーベラス,0,1,その他,その他
2018-03-21,セガゲームス,戦場のヴァルキュリア4,35,YES,SRPG,セガゲームス,0,1,アクティブ・シミュレーションRPG,その他
2018-03-22,Snail Games Japan,ARK Park,-,YES,ETC,Snail Games Japan,0,1,その他,その他
2018-03-22,エンターグラム,D.S. -Dal Segno-,-,YES,ETC,エンターグラム,0,1,その他,その他
2018-03-22,オーイズミ・アミュージオ,Monster Energy Supercross - The Official Videogame,-,YES,ETC,オーイズミ・アミュージオ,0,1,その他,その他
2018-03-22,ユービーアイソフト,アサシン クリード ローグ リマスター,-,YES,ETC,ユービーアイソフト,0,1,その他,その他
2018-03-22,Vertigo Games,アリゾナ サンシャイン,-,,ETC,Vertigo Games,0,1,その他,その他
2018-03-23,プリズムプラス,Rooms: The Unsolvable Puzzle,-,,ETC,プリズムプラス,0,1,その他,その他
2018-03-23,レベルファイブ,二ノ国II レヴァナントキングダム,38,YES,RPG,レベルファイブ,0,1,ファンタジーRPG,その他
2018-03-28,ソニー・インタラクティブエンタテインメント,MLB® The Show™ 18,31,,SPT,ソニー・インタラクティブエンタテインメント,0,1,メジャーリーグベースボール,その他
2018-03-28,賈船,スペロイド,-,,ETC,賈船,0,1,その他,その他
2018-03-29,アイディアファクトリー,DIABOLIK LOVERS GRAND EDITION,-,YES,ETC,アイディアファクトリー,0,1,その他,その他
2018-03-29,アークシステムワークス,サバクのネズミ団！改。,-,,ETC,アークシステムワークス,0,1,その他,その他
2018-03-29,セガゲームス,シャイニング・レゾナンス リフレイン,-,YES,ETC,セガゲームス,0,1,その他,その他
2018-03-29,バンダイナムコエンターテインメント,スーパーロボット大戦X,33,YES,SRPG,バンダイナムコエンターテインメント,1294_0m_1025,1,シミュレーションRPG,その他
2018-03-29,トイディア,ドラゴンファングZ 竜者ロゼと宿り木の迷宮,-,,ETC,トイディア,0,1,その他,その他
2018-03-29,ユービーアイソフト,ファークライ5,36,YES,AADV,ユービーアイソフト,0,1,アクションアドベンチャー,その他
2018-03-29,5pb.,メモリーズオフ ‐Innocent Fille‐,32,YES,ADV,5pb.,0,1,恋愛アドベンチャー,その他
2018-03-29,メディアスケープ,東方蒼神縁起V,-,,ETC,メディアスケープ,0,1,その他,その他
2018-04-04,Starbleeze AB,Dead by Daylight,-,YES,ETC,Starbleeze AB,1964_0m_1295,1,その他,その他
2018-04-04,Shanghai Lusion Computer Software,Happy Drummer,-,,ETC,Shanghai Lusion Computer Software,0,1,その他,その他
2018-04-05,SNK,THE KING OF FIGHTERS '97 GLOBAL MATCH,-,,ETC,SNK,0,1,その他,その他
2018-04-06,Meerkat Gaming,Special Delivery,-,,ETC,Meerkat Gaming,0,1,その他,その他
2018-04-10,Project Flight School,Island Time VR,-,,ETC,Project Flight School,0,1,その他,その他
2018-04-10,D-Pad Studio,Owlboy,-,,ETC,D-Pad Studio,0,1,その他,その他
2018-04-11,ソニー・インタラクティブエンタテインメント,Theater Room VR Beta,-,,ETC,ソニー・インタラクティブエンタテインメント,0,1,その他,その他
2018-04-11,バンダイナムコエンターテインメント,インパクト・ウインター,-,,ETC,バンダイナムコエンターテインメント,0,1,その他,その他
2018-04-12,コンパイルハート,Death end re;Quest,31,YES,RPG,コンパイルハート,0,1,RPG,その他
2018-04-12,スパイク・チュンソフト,シティーズ：スカイライン PlayStation 4 Edition,32,YES,SLG,スパイク・チュンソフト,1373_0m_1060,1,都市開発シミュレーション,その他
2018-04-12,Intragames,ダスティーレイジングフィスト,-,,ETC,Intragames,0,1,その他,その他
2018-04-19,オーイズミ・アミュージオ,GRAVEL,30,YES,RCG,オーイズミ・アミュージオ,0,1,オフロードレーシング,その他
2018-04-19,角川ゲームス,METAL MAX Xeno,31,YES,RPG,角川ゲームス,0,1,戦車と人間の真・世紀末RPG,その他
2018-04-19,オーイズミ・アミュージオ,TT Isle of Man: Ride on the Edge,-,YES,ETC,オーイズミ・アミュージオ,0,1,その他,その他
2018-04-20,LAN - GAMES EOOD,Rento Fortune: Realize your monopoly,-,,ETC,LAN - GAMES EOOD,0,1,その他,その他
2018-04-20,ソニー・インタラクティブエンタテインメント,ゴッド・オブ・ウォー,38,YES,AADV,ソニー・インタラクティブエンタテインメント,1378_0m_1065,1,アクションアドベンチャー,その他
2018-04-25,Crows Crows Crows,Accounting Plus,-,,ETC,Crows Crows Crows,0,1,その他,その他
2018-04-25,賈船,Bit Dungeon+,-,,ETC,賈船,0,1,その他,その他
2018-04-25,YASH FUTURE TECH SOLUTIONS,Horse Racing 2016,-,,ETC,YASH FUTURE TECH SOLUTIONS,0,1,その他,その他
2018-04-26,ソニー・インタラクティブエンタテインメント,Bravo Team,-,YES,ETC,ソニー・インタラクティブエンタテインメント,0,1,その他,その他
2018-04-26,CFK,Starry Nights : Helix,-,,ETC,CFK,0,1,その他,その他
2018-04-26,アクアプラス,うたわれるもの 散りゆく者への子守唄,32,YES,ADV,アクアプラス,0,1,AVG＋S・RPG,その他
2018-04-26,Intragames,サバイブ! ミスター・キューブ,-,,ETC,Intragames,0,1,その他,その他
2018-04-26,システムソフト・アルファー,大戦略パーフェクト 4.0,-,YES,ETC,システムソフト・アルファー,0,1,その他,その他
2018-04-26,コナミデジタルエンタテインメント,実況パワフルプロ野球2018,38,YES,SPT,コナミデジタルエンタテインメント,0,1,野球・育成,その他
2018-04-26,アピリッツ,式姫の庭,-,,ETC,アピリッツ,0,1,その他,その他
2018-04-26,El Dia,慟哭 そして…,-,YES,ETC,El Dia,1379_0m_1066,1,その他,その他
2018-04-26,ソニー・インタラクティブエンタテインメント,暴れろ 動物たちよ！ スマホでパーティー,-,,ETC,ソニー・インタラクティブエンタテインメント,0,1,その他,その他
2018-04-26,日本ファルコム,英雄伝説 閃の軌跡II：改 -The Erebonian Civil War-,-,YES,ETC,日本ファルコム,1383_0m_1070,1,その他,その他
2018-04-26,シルバースタージャパン,謎解きメール,-,,ETC,シルバースタージャパン,0,1,その他,その他
2018-05-01,Andreas von Lepel,Pirate Flight (VR),-,,ETC,Andreas von Lepel,0,1,その他,その他
2018-05-01,マーベラス,X-Morph:Defense,34,,SHT,マーベラス,0,1,タワーディフェンス＆シューティング,その他
2018-05-01,メディアスケープ,幻想郷ディフェンダーズ,-,,ETC,メディアスケープ,0,1,その他,その他
2018-05-10,GHI Media LLC,The Swords of Ditto,30,,ARPG,GHI Media LLC,0,1,アクションRPG,その他
2018-05-15,Humble Bundle,Wizard of Legend,-,,ETC,Humble Bundle,0,1,その他,その他
2018-05-16,マーベラス,ブラウザ三国志,-,,ETC,マーベラス,0,1,その他,その他
2018-05-17,フリュー,カリギュラ オーバードーズ,-,YES,ETC,フリュー,0,1,その他,その他
2018-05-18,Eastasiasoft,Reverie,-,,ETC,Eastasiasoft,0,1,その他,その他
2018-05-24,フロム・ソフトウェア,DARK SOULS REMASTERED,-,YES,ETC,フロム・ソフトウェア,1427_0m_1088,1,その他,その他
2018-05-24,Raw Fury,GoNNER,-,,ETC,Raw Fury,0,1,その他,その他
2018-05-24,バンダイナムコエンターテインメント,ONE PIECE GRAND CRUISE,-,,ETC,バンダイナムコエンターテインメント,0,1,その他,その他
2018-05-24,スパイク・チュンソフト,PixelJunk モンスターズ2,-,,ETC,スパイク・チュンソフト,0,1,その他,その他
2018-05-24,DMMGAMES,TROVE,-,,ETC,DMMGAMES,0,1,その他,その他
2018-05-24,DMM Games,Trove -きらきらトレジャーパック,31,YES,MMO,DMM Games,0,1,MMORPG,その他
2018-05-24,エンターグラム,カルマルカ*サークル,-,YES,ETC,エンターグラム,0,1,その他,その他
2018-05-24,インティ・クリエイツ,ブラッドステインド:カース・オブ・ザ・ムーン,-,,ETC,インティ・クリエイツ,0,1,その他,その他
2018-05-24,アトラス,ペルソナ3 ダンシング・ムーンナイト,32,YES,ACT,アトラス,1425_0m_1086,1,サウンドアクション,その他
2018-05-24,アトラス,ペルソナ5 ダンシング・スターナイト,32,YES,ACT,アトラス,1426_0m_1087,1,サウンドアクション,その他
2018-05-24,シルバースタージャパン,ラビ×ラビ-パズルアウトストーリーズ-,-,YES,ETC,シルバースタージャパン,0,1,その他,その他
2018-05-24,ユービーアイ ソフト,レイルウェイ エンパイア,-,YES,ETC,ユービーアイ ソフト,0,1,その他,その他
2018-05-24,エンターグラム,見鏡澄香の制服活動,-,YES,ETC,エンターグラム,0,1,その他,その他
2018-05-25,ソニー・インタラクティブエンタテインメント,デトロイト ビカム ヒューマン,-,YES,ETC,ソニー・インタラクティブエンタテインメント,0,1,その他,その他
2018-05-30,H2 INTERACTIVE,Dungeons 3,-,,ETC,H2 INTERACTIVE,0,1,その他,その他
2018-05-31,アークシステムワークス,BLAZBLUE CROSS TAG BATTLE,-,YES,ETC,アークシステムワークス,0,1,その他,その他
2018-05-31,ヒットポイント,ねこあつめ VR,-,,ETC,ヒットポイント,0,1,その他,その他
2018-05-31,オーイズミ・アミュージオ,シャンティ:ハーフ・ジーニー ヒーロー アルティメット・エディション,33,YES,ACT,オーイズミ・アミュージオ,0,1,横スクロールアクション,その他
2018-05-31,コーラス・ワールドワイド,ノーヒーローズ・ヒア,31,,ACT,コーラス・ワールドワイド,0,1,タワーディフェンス×アクション,その他
2018-05-31,バンダイナムコエンターテインメント,フルメタル・パニック! 戦うフー・デアーズ・ウィンズ,-,YES,ETC,バンダイナムコエンターテインメント,0,1,その他,その他
2018-05-31,SNK,メタルスラッグXX,-,,ETC,SNK,0,1,その他,その他
2018-05-31,日本一ソフトウェア,嘘つき姫と盲目王子,33,YES,AADV,日本一ソフトウェア,0,1,アクションアドベンチャー,その他
2018-05-31,コンパイルハート,超次次元ゲイム ネプテューヌRe;Birth1＋,-,YES,ETC,コンパイルハート,0,1,その他,その他
2018-06-06,THQ Nordic,Battle Chasers: Nightwar,-,,ETC,THQ Nordic,0,1,その他,その他
2018-06-06,Broken Rules Interactive Media,おじいちゃんの記憶を巡る旅,-,,ETC,Broken Rules Interactive Media,0,1,その他,その他
2018-06-07,マーベラス,Fate/EXTELLA LINK,-,YES,ETC,マーベラス,0,1,その他,その他
2018-06-07,スクウェア・エニックス,ライフ イズ ストレンジ ビフォア ザ ストーム,31,YES,ADV,スクウェア・エニックス,0,1,アドベンチャー,その他
2018-06-07,メディアスケープ,東方幻想魔録W,-,,ETC,メディアスケープ,0,1,その他,その他
2018-06-08,H2 INTERACTIVE,Valhalla Hills：Definitive Edition,-,,ETC,H2 INTERACTIVE,0,1,その他,その他
2018-06-10,エレクトロニック・アーツ,Unravel Two,-,,ETC,エレクトロニック・アーツ,0,1,その他,その他
2018-06-11,ベセスダ・ソフトワークス,Fallout Shelter,-,,ETC,ベセスダ・ソフトワークス,0,1,その他,その他
2018-06-14,プロトタイプ,Clannad,-,YES,ETC,プロトタイプ,0,1,その他,その他
2018-06-14,角川ゲームス,GOD WARS 日本神話大戦,-,YES,ETC,角川ゲームス,0,1,その他,その他
2018-06-14,オーイズミ・アミュージオ,インナースペース,-,,ETC,オーイズミ・アミュージオ,0,1,その他,その他
2018-06-14,バンダイナムコエンターテインメント,グランクレスト戦記,32,YES,RPG,バンダイナムコエンターテインメント,1522_0m_1126n,1,戦術級RPG,その他
2018-06-14,コナミデジタルエンタテインメント,スーパーボンバーマン R,-,YES,ETC,コナミデジタルエンタテインメント,0,1,その他,その他
2018-06-15,メディアスケープ,吾妻邸くわいだん,-,,ETC,メディアスケープ,0,1,その他,その他
2018-06-19,グランゼーラ,マンガ・カ・ケール,-,,ETC,グランゼーラ,0,1,その他,その他
2018-06-21,ソニー・インタラクティブエンタテインメント,Animal Force,30,,TBL,ソニー・インタラクティブエンタテインメント,0,1,パーティー,その他
2018-06-21,バンダイナムコエンターテインメント,New ガンダムブレイカー,-,YES,ETC,バンダイナムコエンターテインメント,0,1,その他,その他
2018-06-21,Daedalic Entertainment,Silence,-,,ETC,Daedalic Entertainment,0,1,その他,その他
2018-06-21,メディアスケープ,ラビリビ,-,,ETC,メディアスケープ,0,1,その他,その他
2018-06-22,Eastasiasoft,Shikhondo - 食魂徒,-,,ETC,Eastasiasoft,0,1,その他,その他
2018-06-26,エンハンス,ルミネス リマスター,-,,ETC,エンハンス,0,1,その他,その他
2018-06-28,アリカ,FIGHTING EX LAYER,-,YES,ETC,アリカ,0,1,その他,その他
2018-06-28,プロトタイプ,ISLAND,32,YES,ETC,プロトタイプ,0,1,せつなとえいえんのおとぎばなし,その他
2018-06-28,サン電子,OBDUCTION,-,,ETC,サン電子,0,1,その他,その他
2018-06-28,エンターグラム,となりに彼女のいる幸せ〜Winter Guest〜,-,YES,ETC,エンターグラム,0,1,その他,その他
2018-06-28,フライハイワークス,マンティス・バーン・レーシング,-,,ETC,フライハイワークス,0,1,その他,その他
2018-06-29,ユービーアイソフト,ザ クルー2,33,YES,RCG,ユービーアイソフト,0,1,オープンワールド・レーシング,その他
2018-06-29,トレジャー,斑鳩,-,,ETC,トレジャー,0,1,その他,その他
2018-07-05,Winking Skywalker Entertainment,18フロア,-,,ETC,Winking Skywalker Entertainment,0,1,その他,その他
2018-07-05,ソニー・インタラクティブエンタテインメント,Stifled,-,,ETC,ソニー・インタラクティブエンタテインメント,0,1,その他,その他
2018-07-05,Bit Planet Games,Ultrawings,-,,ETC,Bit Planet Games,0,1,その他,その他
2018-07-05,モス,カラドリウス ブレイズ,-,,ETC,モス,0,1,その他,その他
2018-07-05,スパイク・チュンソフト,ザンキゼロ,34,YES,RPG,スパイク・チュンソフト,1594_0m_1151,1,ノンストップ残機サバイバルRPG,その他
2018-07-05,Winking Skywalker Entertainment,ザ・ウォーカー,-,,ETC,Winking Skywalker Entertainment,0,1,その他,その他
2018-07-05,ビヨンド・インタラクティブ,パンカプ〜オムニアの防人,31,,ACT,ビヨンド・インタラクティブ,0,1,ナラティブ2Dアクション,その他
2018-07-10,Fire Hose Games,20XX,-,,ETC,Fire Hose Games,0,1,その他,その他
2018-07-10,びんぼうソフト,ドリームマッチテニスVR,30,,SPT,びんぼうソフト,0,1,テニス,その他
2018-07-11,セガゲームス,VR フィギュア from シャイニング -キリカ・トワ・アルマ-,-,,ETC,セガゲームス,0,1,その他,その他
2018-07-12,アークシステムワークス,ラジオハンマーステーション,-,,ETC,アークシステムワークス,0,1,その他,その他
2018-07-12,コンパイルハート,神獄塔 メアリスケルター2,33,YES,RPG,コンパイルハート,0,1,3DダンジョンRPG,その他
2018-07-13,ラプラス,ダーククエスト5,-,,ETC,ラプラス,0,1,その他,その他
2018-07-13,Degica,恋姫†演武 遼来来,-,,ETC,Degica,0,1,その他,その他
2018-07-17,ユービーアイソフト,ハングリー シャーク ワールド,-,,ETC,ユービーアイソフト,0,1,その他,その他
2018-07-19,日本一ソフトウェア,CLOSED NIGHTMARE,-,YES,ETC,日本一ソフトウェア,0,1,その他,その他
2018-07-19,Wozniak & Carpendale,Super Skull Smash GO! 2 Turbo,-,,ETC,Wozniak & Carpendale,0,1,その他,その他
2018-07-19,アークシステムワークス,ガチャレーシング2nd,-,,ETC,アークシステムワークス,0,1,その他,その他
2018-07-19,セガゲームス,ソニックマニア・プラス,-,YES,ETC,セガゲームス,1575_0m_1147n,1,その他,その他
2018-07-20,Awesome Industries,Drift Zone,-,,ETC,Awesome Industries,0,1,その他,その他
2018-07-25,コナミデジタルエンタテインメント,実況パワフルプロ野球 チャンピオンシップ2018,-,,ETC,コナミデジタルエンタテインメント,0,1,その他,その他
2018-07-26,LBC Games AB,Dimension Drive,-,,ETC,LBC Games AB,0,1,その他,その他
2018-07-26,yeti,まいてつ ‐pure station‐,-,YES,ETC,yeti,0,1,その他,その他
2018-07-26,ケムコ,ケムコRPGセレクション Vol.1,-,YES,ETC,ケムコ,0,1,その他,その他
2018-07-26,オーイズミ・アミュージオ,スピンタイヤ:マッドランナー,30,YES,RCG,オーイズミ・アミュージオ,0,1,オフロードトラックシミュレーション,その他
2018-07-26,カプコン,ロックマンX アニバーサリー コレクション,-,YES,ETC,カプコン,0,1,その他,その他
2018-07-26,カプコン,ロックマンX アニバーサリー コレクション2,-,YES,ETC,カプコン,0,1,その他,その他
2018-07-26,バンダイナムコエンターテインメント,機動戦士ガンダム バトルオペレーション2,-,,ETC,バンダイナムコエンターテインメント,0,1,その他,その他
2018-07-26,日本一ソフトウェア,魔界戦記ディスガイア Refine,-,YES,ETC,日本一ソフトウェア,0,1,その他,その他
2018-07-30,Red Panda Interactive,シフト クアンタム,-,,ETC,Red Panda Interactive,0,1,その他,その他
2018-08-02,Twentieth Century Fox Film Corporation,「オデッセイ」バーチャルリアリティ体験,-,,ETC,Twentieth Century Fox Film Corporation,0,1,その他,その他
2018-08-02,スクウェア・エニックス,サガ スカーレット グレイス 緋色の野望,32,YES,RPG,スクウェア・エニックス,0,1,RPG,その他
2018-08-02,ナツメアタリ,フライデー・ザ・13th：ザ・ゲーム,-,YES,ETC,ナツメアタリ,0,1,その他,その他
2018-08-02,セガ・インタラクティブ,ボーダーブレイク スターターパック,-,YES,ETC,セガ・インタラクティブ,0,1,その他,その他
2018-08-02,ワーナー・エンターテインメント,レゴ インクレディブル・ファミリー,32,YES,AADV,ワーナー・エンターテインメント,0,1,アクションアドベンチャー,その他
2018-08-07,Motion Twin,Dead Cells,-,,ETC,Motion Twin,0,1,その他,その他
2018-08-09,スパイク・チュンソフト,FIRE PRO WRESTLING WORLD,-,YES,ETC,スパイク・チュンソフト,0,1,その他,その他
2018-08-09,GHI Media LLC,Minit,30,,AADV,GHI Media LLC,0,1,アクションアドベンチャー,その他
2018-08-09,Intragames,ガンズ、ゴア＆カノリ2,-,,ETC,Intragames,0,1,その他,その他
2018-08-09,角川ゲームス,ダーケストダンジョン,31,YES,RPG,角川ゲームス,0,1,ローグライクRPG,その他
2018-08-09,ディースリー・パブリッシャー,バレットガールズ ファンタジア,31,YES,ASHT,ディースリー・パブリッシャー,0,1,美少女ミリタリーアクションSTG,その他
2018-08-09,アークシステムワークス,探偵 神宮寺三郎 プリズム・オブ・アイズ,-,YES,ETC,アークシステムワークス,0,1,その他,その他
2018-08-09,セガゲームス,龍が如く3,38,YES,AADV,セガゲームス,1631_0m_1171,1,アクションアドベンチャー,その他
2018-08-10,エレクトロニック・アーツ,Madden NFL 19,-,,ETC,エレクトロニック・アーツ,0,1,その他,その他
2018-08-10,Kemco,フェルンズゲート,-,,ETC,Kemco,0,1,その他,その他
2018-08-16,Polytron Corporation,SUPERHYPERCUBE,-,,ETC,Polytron Corporation,0,1,その他,その他
2018-08-16,オーイズミ・アミュージオ,オブザーバー,-,,ETC,オーイズミ・アミュージオ,0,1,その他,その他
2018-08-16,グッドビジョン,ゴキ’S ROOM 〜恐怖シリーズ〜,-,,ETC,グッドビジョン,0,1,その他,その他
2018-08-22,Angry Mob Games,Brawlout,-,,ETC,Angry Mob Games,0,1,その他,その他
2018-08-23,スパイク・チュンソフト,Conan Outcasts,31,YES,ACT,スパイク・チュンソフト,0,1,サバイバルアクション,その他
2018-08-23,IGGYMOB,GUNGRAVE VR COMPLETE EDITION,-,,ETC,IGGYMOB,0,1,その他,その他
2018-08-23,IGGYMOB,GUNGRAVE VR U.N,-,,ETC,IGGYMOB,0,1,その他,その他
2018-08-23,Topstitch Games,Treadnauts,-,,ETC,Topstitch Games,0,1,その他,その他
2018-08-23,エンターグラム,フローラル・フローラブ,-,YES,ETC,エンターグラム,0,1,その他,その他
2018-08-23,エンターグラム,ボクと彼女の研修日誌,-,YES,ETC,エンターグラム,0,1,その他,その他
2018-08-23,バンダイナムコエンターテインメント,僕のヒーローアカデミア One's Justice,31,YES,ACT,バンダイナムコエンターテインメント,0,1,対戦アクション,その他
2018-08-23,ケムコ,最悪なる災厄人間に捧ぐ,31,YES,ADV,ケムコ,0,1,ホラーアドベンチャー,その他
2018-08-24,メディアスケープ,永遠消失の幻想郷,-,,ETC,メディアスケープ,0,1,その他,その他
2018-08-30,Pikii,Blade Strangers,-,YES,ETC,Pikii,0,1,その他,その他
2018-08-30,ソニー・インタラクティブエンタテインメント,Firewall Zero Hour,31,YES,FPS,ソニー・インタラクティブエンタテインメント,0,1,タクティカルマルチプレイヤーFPS,その他
2018-08-30,バンダイナムコエンターテインメント,NARUTO TO BORUTO シノビストライカー,31,YES,ACT,バンダイナムコエンターテインメント,0,1,アクロバティック忍者対戦アクション,その他
2018-08-30,コナミデジタルエンタテインメント,ウイニングイレブン 2019,36,YES,SPT,コナミデジタルエンタテインメント,1657_0m_1182n,1,サッカー,その他
2018-08-30,シティコネクション,サイヴァリア デルタ,31,YES,SHT,シティコネクション,0,1,縦スクロールシューティング,その他
2018-08-30,オーイズミ・アミュージオ,テニス ワールドツアー,-,YES,ETC,オーイズミ・アミュージオ,0,1,その他,その他
2018-08-30,マーベラス,フリーダムプラネット,-,,ETC,マーベラス,0,1,その他,その他
2018-08-30,マーベラス,リトルドラゴンズカフェ -ひみつの竜とふしぎな島-,31,YES,ETC,マーベラス,0,1,ドラマチック冒険生活ゲーム,その他
2018-08-30,アークシステムワークス,ワールドエンド・シンドローム,32,YES,ADV,アークシステムワークス,0,1,ミステリー×恋愛アドベンチャー,その他
2018-08-30,ハピネット,百鬼城 公儀隠密録,-,,ETC,ハピネット,0,1,その他,その他
2018-08-31,コーラス・ワールドワイド,ザ・ビデオキッド,-,,ETC,コーラス・ワールドワイド,0,1,その他,その他
2018-09-05,シルバースタージャパン,銀星チェス,-,,ETC,シルバースタージャパン,0,1,その他,その他
2018-09-06,スパイク・チュンソフト,428 封鎖された渋谷で,-,YES,ETC,スパイク・チュンソフト,0,1,その他,その他
2018-09-06,コナミデジタルエンタテインメント,ANUBIS ZONE OF THE ENDERS：M∀RS,32,YES,ACT,コナミデジタルエンタテインメント,0,1,ハイスピードロボットアクション,その他
2018-09-06,Raw Fury,Bad North,-,,ETC,Raw Fury,0,1,その他,その他
2018-09-06,SNK,SNKヒロインズ Tag Team Frenzy,31,YES,FTG,SNK,1792_0m_1220,1,対戦格闘,その他
2018-09-06,Darkwind Media,Wulverblade,-,,ETC,Darkwind Media,0,1,その他,その他
2018-09-06,Winking Skywalker Entertainment,運命 〜沈黙の誓い〜,-,,ETC,Winking Skywalker Entertainment,0,1,その他,その他
2018-09-07,Prerolla,Cluster Tumble,-,,ETC,Prerolla,0,1,その他,その他
2018-09-07,スクウェア・エニックス,FINAL FANTASY XV POCKET EDITION HD,-,,ETC,スクウェア・エニックス,0,1,その他,その他
2018-09-07,ソニー・インタラクティブエンタテインメント,Marvel's Spider-Man,36,YES,AADV,ソニー・インタラクティブエンタテインメント,1794_0m_1222,1,アクションアドベンチャー,その他
2018-09-07,エレクトロニック・アーツ,NBA LIVE 19,-,,ETC,エレクトロニック・アーツ,0,1,その他,その他
2018-09-11,2K,NBA 2K19,32,YES,SPT,2K,0,1,バスケットボール,その他
2018-09-12,KEMCO,レヴナントドグマ,-,,ETC,KEMCO,0,1,その他,その他
2018-09-13,ワーナー・ブラザース テレビジョン＆ホームエンターテイメント,ヒットマン ディフィニティブ・エディション,-,YES,ETC,ワーナー・ブラザース テレビジョン＆ホームエンターテイメント,0,1,その他,その他
2018-09-13,バンダイナムコエンターテインメント,ブラッククローバー カルテットナイツ,32,YES,ACT,バンダイナムコエンターテインメント,0,1,魔法バトルアクション,その他
2018-09-14,エレクトロニック・アーツ,NHL™ 19,-,,ETC,エレクトロニック・アーツ,0,1,その他,その他
2018-09-14,WarDucks,RollerCoaster Legends II: Thor's Hammer,-,,ETC,WarDucks,0,1,その他,その他
2018-09-14,スクウェア・エニックス,シャドウ オブ ザ トゥームレイダー,36,YES,AADV,スクウェア・エニックス,1797_0m_1225,1,アクションアドベンチャー,その他
2018-09-20,ユービーアイソフト,F1 2018,33,YES,RCG,ユービーアイソフト,0,1,レース,その他
2018-09-20,5pb.,STEINS;GATE ELITE,-,YES,ETC,5pb.,0,1,その他,その他
2018-09-20,The Voxel Agents,The Gardens Between,30,,ADV,The Voxel Agents,0,1,パズルアドベンチャー,その他
2018-09-20,Winking Skywalker,アンアーシング・マーズ2 〜古代戦争〜,-,,ETC,Winking Skywalker,0,1,その他,その他
2018-09-20,カプコン,カプコン ベルトアクション コレクション,-,YES,ETC,カプコン,0,1,その他,その他
2018-09-20,コーエーテクモゲームス,トトリのアトリエ 〜アーランドの錬金術士2〜 DX,-,YES,ETC,コーエーテクモゲームス,0,1,その他,その他
2018-09-20,コーエーテクモゲームス,メルルのアトリエ 〜アーランドの錬金術士3〜 DX,-,YES,ETC,コーエーテクモゲームス,0,1,その他,その他
2018-09-20,コーエーテクモゲームス,ロロナのアトリエ 〜アーランドの錬金術士〜 DX,-,YES,ETC,コーエーテクモゲームス,0,1,その他,その他
2018-09-21,astragon Entertainment GmbH,Construction Simulator 2,-,,ETC,astragon Entertainment GmbH,0,1,その他,その他
2018-09-26,Team Cherry Pty,Hollow Knight,34,,AADV,Team Cherry Pty,0,1,アクションアドベンチャー,その他
2018-09-26,Grab Games,Knockout League,-,,ETC,Grab Games,0,1,その他,その他
2018-09-27,レイニーフロッグ,Bridge Constructor Portal,31,,SLG,レイニーフロッグ,0,1,コンストラクション,その他
2018-09-27,オーイズミ・アミュージオ,MotoGP 18,-,YES,ETC,オーイズミ・アミュージオ,0,1,その他,その他
2018-09-27,アクアプラス,うたわれるもの斬,32,YES,ACT,アクアプラス,1804_0m_1232,1,連撃アクション,その他
2018-09-27,オーイズミ・アミュージオ,アセットコルサ アルティメット・エディション,32,YES,RCG,オーイズミ・アミュージオ,0,1,リアルレースシミュレーション,その他
2018-09-27,Team17 Digital,オーバークック2,-,,ETC,Team17 Digital,0,1,その他,その他
2018-09-27,エンターグラム,タユタマ2 -you're the only one-,-,YES,ETC,エンターグラム,0,1,その他,その他
2018-09-27,コーエーテクモゲームス,無双OROCHI 3,35,YES,ACT,コーエーテクモゲームス,1806_0m_1234,1,タクティカルアクション,その他
2018-09-27,日本ファルコム,英雄伝説 閃の軌跡IV ‐THE END OF SAGA-,33,YES,RPG,日本ファルコム,0,1,ストーリーRPG,その他
2018-09-28,エレクトロニック・アーツ,FIFA 19,36,YES,SPT,エレクトロニック・アーツ,0,1,サッカー,その他
2018-10-02,シルバースタージャパン,脱出ゲーム Aloha ハワイの海に浮かぶ家,-,,ETC,シルバースタージャパン,0,1,その他,その他
2018-10-04,ソニー・インタラクティブエンタテインメント,ASTRO BOT: RESCUE MISSION,37,YES,ACT,ソニー・インタラクティブエンタテインメント,1812_0m_1240,1,アクション,その他
2018-10-04,Skydance Interactive,Archangel,-,,ETC,Skydance Interactive,0,1,その他,その他
2018-10-04,ソニー・ミュージックエンタテインメント,マヨナカ・ガラン,30,,ADV,ソニー・ミュージックエンタテインメント,0,1,オカルトホラーノベル,その他
2018-10-04,カプコン,ロックマン11 運命の歯車!!,32,YES,ACT,カプコン,0,1,横スクロールアクション,その他
2018-10-05,テイクツー・インタラクティブ・ジャパン,The Golf Club 2019 featuring the PGA Tour,-,,ETC,テイクツー・インタラクティブ・ジャパン,0,1,その他,その他
2018-10-05,ユービーアイソフト,アサシン クリード オデッセイ,36,YES,ARPG,ユービーアイソフト,0,1,アクションRPG,その他
2018-10-10,KEMCO,クロノスアーク,-,,ETC,KEMCO,0,1,その他,その他
2018-10-10,ライドオンジャパン,マーセナリーズウィングス 偽りの不死鳥,-,,ETC,ライドオンジャパン,0,1,その他,その他
2018-10-11,アークシステムワークス,The MISSING - J.J.マクフィールドと追憶島 -,-,,ETC,アークシステムワークス,0,1,その他,その他
2018-10-11,Team17 Digital,Yoku's Island Express,33,,AADV,Team17 Digital,0,1,アクションアドベンチャー,その他
2018-10-11,コンパイルハート,竜星のヴァルニール,31,YES,RPG,コンパイルハート,1880_0m_1260n,1,生きるために竜を喰らうRPG,その他
2018-10-12,Gearbox Publishing,We Happy Few,-,,ETC,Gearbox Publishing,0,1,その他,その他
2018-10-12,ソニー・インタラクティブエンタテインメント,コール オブ デューティ ブラックオプス 4,35,YES,FPS,ソニー・インタラクティブエンタテインメント,1816_0m_1242,1,FPS,その他
2018-10-16,テイクツー・インタラクティブ・ジャパン,NBA 2K プレイグラウンド2,-,,ETC,テイクツー・インタラクティブ・ジャパン,0,1,その他,その他
2018-10-17,北京交典創芸,キャンドルちゃん,-,,ETC,北京交典創芸,0,1,その他,その他
2018-10-18,PARK ESM,BugsBoxVR,-,,ETC,PARK ESM,0,1,その他,その他
2018-10-18,フリュー,CRYSTAR -クライスタ-,30,YES,ARPG,フリュー,0,1,泣いて戦うアクションRPG,その他
2018-10-18,USERJOY JAPAN,DRONE STRIKER,-,,ETC,USERJOY JAPAN,0,1,その他,その他
2018-10-18,トライエース,End of Eternity™ 4K/HD Edition,-,,ETC,トライエース,0,1,その他,その他
2018-10-18,バンダイナムコエンターテインメント,ソウルキャリバーVI,33,YES,FTG,バンダイナムコエンターテインメント,0,1,武器格闘アクション,その他
2018-10-18,H2 INTERACTIVE,ミストラリアの魔術師,-,,ETC,H2 INTERACTIVE,0,1,その他,その他
2018-10-24,3rd Eye Studios Oy Ltd,Downward Spiral: Horus Station,-,,ETC,3rd Eye Studios Oy Ltd,0,1,その他,その他
2018-10-25,コナミデジタルエンタテインメント,Snake Pass,-,,ETC,コナミデジタルエンタテインメント,0,1,その他,その他
2018-10-25,エンターグラム,さくらさくら,-,YES,ETC,エンターグラム,0,1,その他,その他
2018-10-25,セガゲームス,ぷよぷよeスポーツ,-,,ETC,セガゲームス,0,1,その他,その他
2018-10-25,カプコン,ストリートファイター 30th アニバーサリーコレクション インターナショナル,-,YES,ETC,カプコン,1885_0m_1265,1,その他,その他
2018-10-25,PIACCI,ノラと皇女と野良猫ハート HD,-,YES,ETC,PIACCI,0,1,その他,その他
2018-10-25,ワーナー・エンターテインメント,レゴ DC スーパーヴィランズ,32,YES,AADV,ワーナー・エンターテインメント,0,1,アクションアドベンチャー,その他
2018-10-25,コナミデジタルエンタテインメント,悪魔城ドラキュラX・セレクション 月下の夜想曲 ＆ 血の輪廻,-,,ETC,コナミデジタルエンタテインメント,0,1,その他,その他
2018-10-25,シルバースタージャパン,遊んで将棋が強くなる!銀星将棋DX,-,YES,ETC,シルバースタージャパン,0,1,その他,その他
2018-10-26,ロックスター・ゲームス,レッド・デッド・リデンプション2,39,YES,ACT,ロックスター・ゲームス,1890_0m_1270,1,クライムアクション,その他
2018-10-31,シティコネクション,Narcosis,-,,ETC,シティコネクション,0,1,その他,その他
2018-11-01,Team17,Mugsters,-,,ETC,Team17,0,1,その他,その他
2018-11-01,Team17,PLANET ALPHA,-,,ETC,Team17,0,1,その他,その他
2018-11-01,H2 INTERACTIVE,Super Pixel Racers,-,,ETC,H2 INTERACTIVE,0,1,その他,その他
2018-11-01,スクウェア・エニックス,THE QUIET MAN,-,,ETC,スクウェア・エニックス,0,1,その他,その他
2018-11-01,ユービーアイソフト,トランスファレンス,-,YES,ETC,ユービーアイソフト,0,1,その他,その他
2018-11-01,CFK,ネコぱらVol.1 ソレイユ開店しました！,-,,ETC,CFK,0,1,その他,その他
2018-11-01,Plug In Digital,モモンガ ピンボールアドベンチャー,-,,ETC,Plug In Digital,0,1,その他,その他
2018-11-02,LegionVR,The Exorcist: Legion VR 第一章：最初の儀式,-,,ETC,LegionVR,0,1,その他,その他
2018-11-06,テイクツー・インタラクティブ・ジャパン,みんなでカーニバル・ゲーム！,-,,ETC,テイクツー・インタラクティブ・ジャパン,0,1,その他,その他
2018-11-06,スクウェア・エニックス,ワールド オブ ファイナルファンタジー マキシマ,-,,ETC,スクウェア・エニックス,508_0m_446n,1,その他,その他
2018-11-08,H2 INTERACTIVE,DEX,-,,ETC,H2 INTERACTIVE,0,1,その他,その他
2018-11-08,ソニー・インタラクティブエンタテインメント,Déraciné,-,YES,ETC,ソニー・インタラクティブエンタテインメント,0,1,その他,その他
2018-11-08,Daedalic Entertainment,State of Mind,-,,ETC,Daedalic Entertainment,0,1,その他,その他
2018-11-09,バンダイナムコエンターテインメント,11-11 Memories Retold,-,,ETC,バンダイナムコエンターテインメント,0,1,その他,その他
2018-11-09,LegionVR,The Exorcist: Legion VR 第二章：暇人,-,,ETC,LegionVR,0,1,その他,その他
2018-11-09,エンハンス・ゲームス,テトリス エフェクト,33,YES,ACT,エンハンス・ゲームス,6358_0m_4189,1,アクションパズル,その他
2018-11-09,KEMCO,マレニア国の冒険酒場 〜パティアと腹ペコの神〜,-,,ETC,KEMCO,0,1,その他,その他
2018-11-15,ベセスダ・ソフトワークス,Fallout 76,32,YES,ARPG,ベセスダ・ソフトワークス,0,1,アクションRPG,その他
2018-11-15,メディアスケープ,GUNDEMONIUMS,-,YES,ETC,メディアスケープ,0,1,その他,その他
2018-11-15,角川ゲームス,RPGツクールMV Trinity,-,YES,ETC,角川ゲームス,0,1,その他,その他
2018-11-15,PLAYISM,WILL: 素晴らしき世界,34,,ADV,PLAYISM,0,1,パズルアドベンチャー,その他
2018-11-15,Wargaming.net,World of Tanks: Mercenaries,-,,ETC,Wargaming.net,0,1,その他,その他
2018-11-15,フリュー,ゆらぎ荘の幽奈さん 湯けむり迷宮,32,YES,RPG,フリュー,0,1,ローグライクRPG,その他
2018-11-15,Another Indie,シナー〜贖罪の刻〜,-,,ETC,Another Indie,0,1,その他,その他
2018-11-15,ワーナー・ブラザース・ジャパン,ヒットマン2,36,YES,ACT,ワーナー・ブラザース・ジャパン,0,1,ステルスアクション,その他
2018-11-15,ユービーアイソフト,レジェンダリー フィッシング,-,,ETC,ユービーアイソフト,0,1,その他,その他
2018-11-16,LegionVR,The Exorcist: Legion VR 第三章：皮一重,-,,ETC,LegionVR,0,1,その他,その他
2018-11-20,エレクトロニック・アーツ,バトルフィールドV,34,YES,FPS,エレクトロニック・アーツ,0,1,ミリタリーFPS,その他
2018-11-22,Headup,Slime-san: Superslime Edition,-,,ETC,Headup,0,1,その他,その他
2018-11-22,LegionVR,The Exorcist: Legion VR 第四章：善きサマリア人,-,,ETC,LegionVR,0,1,その他,その他
2018-11-22,Oasis Games,サラリーマン脱出,-,,ETC,Oasis Games,0,1,その他,その他
2018-11-22,セガゲームス,シェンムー I＆II,-,YES,ETC,セガゲームス,1895_0m_1275,1,その他,その他
2018-11-22,PIACCI,初情スプリンクル,-,YES,ETC,PIACCI,0,1,その他,その他
2018-11-22,グランゼーラ,絶体絶命都市4Plus -Summer Memories-,32,YES,AADV,グランゼーラ,1884_0m_1264,1,サバイバル・アクションアドベンチャー,その他
2018-11-22,エンターグラム,花咲ワークスプリング!,-,YES,ETC,エンターグラム,0,1,その他,その他
2018-11-27,9420860 Canada,Floor Kids,-,,ETC,9420860 Canada,0,1,その他,その他
2018-11-27,角川ゲームス,RPGツクールMVプレイヤー,-,,ETC,角川ゲームス,0,1,その他,その他
2018-11-28,Frontier Developments,Jurassic World Evolution,-,,ETC,Frontier Developments,0,1,その他,その他
2018-11-28,シルバースタージャパン,本格AI搭載 銀星麻雀,-,,ETC,シルバースタージャパン,0,1,その他,その他
2018-11-29,アミューズメントメディア,Airtone,-,,ETC,アミューズメントメディア,0,1,その他,その他
2018-11-29,En Masse,TERA,-,,ETC,En Masse,0,1,その他,その他
2018-11-29,エムツー,ケツイ Deathtiny 〜絆地獄たち〜,-,YES,ETC,エムツー,0,1,その他,その他
2018-11-29,3goo,スティール ラッツ,32,YES,ACT,3goo,0,1,ホイールアクション,その他
2018-11-29,オーイズミ・アミュージオ,ヘル・ワーダー,-,,ETC,オーイズミ・アミュージオ,0,1,その他,その他
2018-11-29,スクウェア・エニックス,ミリオンアーサー アルカナブラッド,30,YES,FTG,スクウェア・エニックス,0,1,2D対戦格闘,その他
2018-11-29,日本一ソフトウェア,ラピス・リ・アビス,31,YES,ARPG,日本一ソフトウェア,0,1,アクションRPG,その他
2018-11-30,SKONEC ENTERTAINMENT,THE DOOR,-,,ETC,SKONEC ENTERTAINMENT,0,1,その他,その他
2018-11-30,LegionVR,The Exorcist: Legion VR,-,,ETC,LegionVR,0,1,その他,その他
2018-11-30,LegionVR,The Exorcist: Legion VR 第五章：墓,-,,ETC,LegionVR,0,1,その他,その他
2018-11-30,David Wehle,The First Tree,-,,ETC,David Wehle,0,1,その他,その他
2018-11-30,Degica,ライバル・メガガン,-,,ETC,Degica,0,1,その他,その他
2018-12-04,CD PROJEKT,奪われし玉座:ウィッチャーテイルズ,32,,TBL,CD PROJEKT,0,1,カードバトルRPG,その他
2018-12-05,ソニー・ミュージックエンタテインメント,日々、コントローラーいじり。,-,,ETC,ソニー・ミュージックエンタテインメント,0,1,その他,その他
2018-12-06,ローレル・コード,Hyper Attraction Sky Games,-,,ETC,ローレル・コード,0,1,その他,その他
2018-12-06,DMMGAMES,Skyforge,-,,ETC,DMMGAMES,0,1,その他,その他
2018-12-06,スクウェア・エニックス,ジャストコーズ4,33,YES,AADV,スクウェア・エニックス,2063_0m_1330,1,アグレッシブ・アクションアドベンチャー,その他
2018-12-06,フライハイワークス,マンティス・バーン・レーシング,-,YES,ETC,フライハイワークス,0,1,その他,その他
2018-12-06,スクウェア・エニックス,ラスト レムナント リマスタード,-,,ETC,スクウェア・エニックス,0,1,その他,その他
2018-12-07,PUBG Corporation,PLAYERUNKNOWN'S BATTLEGROUNDS,-,,ETC,PUBG Corporation,0,1,その他,その他
2018-12-12,アクパラ・ゲームス,Desert Child〜砂漠の子〜,-,,ETC,アクパラ・ゲームス,0,1,その他,その他
2018-12-13,セガゲームス,JUDGE EYES:死神の遺言,37,YES,ACT,セガゲームス,1968_0m_1298n,1,リーガルサスペンスアクション,その他
2018-12-13,ザ・バイナリー・ミル,RUSH VR,-,,ETC,ザ・バイナリー・ミル,0,1,その他,その他
2018-12-13,レイニーフロッグ,Runbow,-,,ETC,レイニーフロッグ,0,1,その他,その他
2018-12-13,コナミデジタルエンタテインメント,ウイニングイレブン 2019 Lite,-,,ETC,コナミデジタルエンタテインメント,1657_0m_1182n,1,その他,その他
2018-12-13,バンダイナムコエンターテインメント,ゴッドイーター3,32,YES,ACT,バンダイナムコエンターテインメント,1995_0m_1307n,1,ドラマティック討伐アクション,その他
2018-12-13,アークシステムワークス,ダイダロス:ジ・アウェイクニング・オブ・ゴールデンジャズ,31,YES,ADV,アークシステムワークス,0,1,推理アドベンチャー,その他
2018-12-13,スクウェア・エニックス,ファイナルファンタジーXV MULTIPLAYER COMRADES,-,,ETC,スクウェア・エニックス,0,1,その他,その他
2018-12-13,シルバースタージャパン,遊んで囲碁が強くなる!銀星囲碁DX,-,YES,ETC,シルバースタージャパン,2067_0m_1334,1,その他,その他
2018-12-14,Annapurna Interactive,gorogoa,-,,ETC,Annapurna Interactive,0,1,その他,その他
2018-12-14,テイクツー・インタラクティブ・ジャパン,ボーダーランズ2 VR,-,,ETC,テイクツー・インタラクティブ・ジャパン,0,1,その他,その他
2018-12-14,アンバランス,金沢将棋〜レベル300〜,-,,ETC,アンバランス,0,1,その他,その他
2018-12-17,アークシステムワークス,ニッポンマラソン,-,,ETC,アークシステムワークス,0,1,その他,その他
2018-12-18,Annapurna Interactive,Donut County,-,,ETC,Annapurna Interactive,0,1,その他,その他
2018-12-18,アクティビジョン,Spyro Reignited Trilogy,-,,ETC,アクティビジョン,0,1,その他,その他
2018-12-18,ケムコ,アスディバインハーツII,-,,ETC,ケムコ,0,1,その他,その他
2018-12-19,トリコル,カウンターファイト,-,,ETC,トリコル,0,1,その他,その他
2018-12-20,東西ゲームス,R-Type Dimensions EX,-,,ETC,東西ゲームス,0,1,その他,その他
2018-12-20,角川ゲームス,√Letter ルートレター Last Answer,-,YES,ETC,角川ゲームス,0,1,その他,その他
2018-12-20,アークシステムワークス,くにおくん ザ・ワールド〜クラシックスコレクション〜,-,YES,ETC,アークシステムワークス,0,1,その他,その他
2018-12-20,オーイズミ・アミュージオ,"ウォーハンマー40,000：Inquisitor - Martyr",-,YES,ETC,オーイズミ・アミュージオ,0,1,その他,その他
2018-12-20,スクウェア・エニックス,ドラゴンクエストビルダーズ2 破壊神シドーとからっぽの島,37,YES,RPG,スクウェア・エニックス,2069_0m_1336,1,ブロックメイクRPG,その他
2018-12-20,3goo,バトルプリンセス マデリーン,-,YES,ETC,3goo,0,1,その他,その他
2018-12-20,日本一ソフトウェア,レインボースカイ,-,YES,ETC,日本一ソフトウェア,2072_0m_1339,1,その他,その他
2018-12-20,コンパイルハート,勇者ネプテューヌ 世界よ宇宙よ刮目せよ!! アルティメットRPG宣言!!,30,YES,RPG,コンパイルハート,0,1,ねぷねぷ2D RPG,その他
2018-12-20,カプコン,鬼武者,-,YES,ETC,カプコン,0,1,その他,その他
2018-12-21,アダルトスイム,バトルシェフ ブリゲイド デラックス,-,,ETC,アダルトスイム,0,1,その他,その他
2018-12-25,ニンジャゲームスジャパン,中華大仙,-,,ETC,ニンジャゲームスジャパン,0,1,その他,その他
2018-12-27,THQ Nordic,Darksiders III,-,,ETC,THQ Nordic,0,1,その他,その他
2018-12-27,Wales Interactive,ドント・ノック・トワイス,-,,ETC,Wales Interactive,0,1,その他,その他
2019-01-08,H2 INTERACTIVE,シャドー: アウェイクニング,-,,ETC,H2 INTERACTIVE,0,1,その他,その他
2019-01-10,アイディアファクトリー,絶対階級学園〜Eden with roses and phantasm〜,-,YES,ETC,アイディアファクトリー,0,1,その他,その他
2019-01-11,バンダイナムコエンターテインメント,テイルズ オブ ヴェスペリア REMASTER,-,YES,ETC,バンダイナムコエンターテインメント,2189_0m_1375,1,その他,その他
2019-01-15,Radial Games,Monster Loves You,-,,ETC,Radial Games,0,1,その他,その他
2019-01-15,Radial Games,RocketsRocketsRockets,-,,ETC,Radial Games,0,1,その他,その他
2019-01-15,ワーナー ブラザース ジャパン,ヒットマン: アブソリューション HD,-,,ETC,ワーナー ブラザース ジャパン,0,1,その他,その他
2019-01-17,バンダイナムコエンターテインメント,エースコンバット5 ジ・アンサング・ウォー,-,,ETC,バンダイナムコエンターテインメント,0,1,その他,その他
2019-01-17,バンダイナムコエンターテインメント,エースコンバット7 スカイズ・アンノウン,35,YES,SHT,バンダイナムコエンターテインメント,2190_0m_1376,1,フライトシューティング,その他
2019-01-17,セガゲームス,龍が如く4 伝説を継ぐもの,38,YES,AADV,セガゲームス,2191_0m_1377,1,アクションアドベンチャー,その他
2019-01-18,エレクトロニック・アーツ,Madden NFL 19: Ultimate Super Bowl Edition,-,,ETC,エレクトロニック・アーツ,0,1,その他,その他
2019-01-18,KEMCO,アルバスティア戦記,31,,RPG,KEMCO,0,1,RPG,その他
2019-01-21,Trebuchet Studio,Prison Boss VR,-,,ETC,Trebuchet Studio,0,1,その他,その他
2019-01-23,Firesprite,The Persistence,-,,ETC,Firesprite,0,1,その他,その他
2019-01-24,Oasis Games,Seasons after Fall,-,,ETC,Oasis Games,0,1,その他,その他
2019-01-24,エンターグラム,ひぐらしのなく頃に奉,-,YES,ETC,エンターグラム,2192_0m_1378,1,その他,その他
2019-01-24,エンターグラム,スキとスキとでサンカク恋愛,-,YES,ETC,エンターグラム,0,1,その他,その他
2019-01-24,システムソフト・アルファー,戦極姫7〜戦雲つらぬく紅蓮の遺志〜,-,YES,ETC,システムソフト・アルファー,0,1,その他,その他
2019-01-25,スクウェア・エニックス,キングダム ハーツIII,39,YES,ARPG,スクウェア・エニックス,8_0m_8,1,アクションRPG,その他
2019-01-25,カプコン,バイオハザード RE:2,-,YES,ETC,カプコン,0,1,その他,その他
2019-01-25,コーエーテクモウェーブ,ホラー SENSE 〜だるまさんがころんだ〜,-,,ETC,コーエーテクモウェーブ,0,1,その他,その他
2019-01-28,Chubby Pixel,Suicide Guy,-,,ETC,Chubby Pixel,0,1,その他,その他
2019-01-31,スパイク・チュンソフト,CONCEPTION PLUS 俺の子供を産んでくれ!,-,YES,ETC,スパイク・チュンソフト,2213_0m_1399,1,その他,その他
2019-01-31,ソニー・ミュージックエンタテインメント,Necrosphere Deluxe,-,,ETC,ソニー・ミュージックエンタテインメント,0,1,その他,その他
2019-01-31,5pb.,ROBOTICS;NOTES DaSH,-,YES,ETC,5pb.,0,1,その他,その他
2019-01-31,Ysbryd Games Worldwidel,YIIK: ポストモダンRPG,-,,ETC,Ysbryd Games Worldwidel,0,1,その他,その他
2019-01-31,オーイズミ・アミュージオ,スターデューバレー,-,,ETC,オーイズミ・アミュージオ,0,1,その他,その他
2019-01-31,コーエーテクモゲームス,ネルケと伝説の錬金術士たち 〜新たな大地のアトリエ〜,33,YES,RPG,コーエーテクモゲームス,0,1,街づくり×RPG,その他
2019-02-05,エレクトロニック・アーツ,エーペックスレジェンズ,33,,MMO,エレクトロニック・アーツ,0,1,オンラインFPS,その他
2019-02-07,コンパイルハート,アークオブアルケミスト,31,YES,ARPG,コンパイルハート,0,1,タクティカルアクションRPG,その他
2019-02-07,オーイズミ・アミュージオ,ファーミングシミュレーター19,30,YES,SLG,オーイズミ・アミュージオ,0,1,農業経営シミュレーション,その他
2019-02-08,Eastasiasoft Limited,Rym 9000,-,,ETC,Eastasiasoft Limited,0,1,その他,その他
2019-02-12,シルバースタージャパン,超獣ギガ大戦,-,,ETC,シルバースタージャパン,0,1,その他,その他
2019-02-13,ROCKFISH Games GmbH,EVERSPACE,-,,ETC,ROCKFISH Games GmbH,0,1,その他,その他
2019-02-14,バンダイナムコエンターテインメント,JUMP FORCE,-,YES,ETC,バンダイナムコエンターテインメント,2202_0m_1388,1,その他,その他
2019-02-14,アトラス,キャサリン・フルボディ,33,YES,AADV,アトラス,2201_0m_1387,1,アクションパズル・アドベンチャー,その他
2019-02-14,CFK,ネコぱらVol.2 姉妹ネコのシュクレ,-,,ETC,CFK,0,1,その他,その他
2019-02-14,3goo,ヴィクター・ヴラン オーバーキル エディション,32,YES,ARPG,3goo,0,1,アクションRPG,その他
2019-02-14,コーエーテクモゲームス,信長の野望・大志 with パワーアップキット,-,YES,ETC,コーエーテクモゲームス,2022_0m_1313,1,その他,その他
2019-02-15,Smobile,BRIKS 2,-,,ETC,Smobile,0,1,その他,その他
2019-02-15,Rising Star Games,トレイルブレイザーズ,-,,ETC,Rising Star Games,0,1,その他,その他
2019-02-15,ユービーアイソフト,ファークライ ニュードーン,36,YES,AADV,ユービーアイソフト,2227_0m_1402n,1,アクションアドベンチャー,その他
2019-02-15,スパイク・チュンソフト,メトロ エクソダス,34,YES,SHT,スパイク・チュンソフト,0,1,シネマティック・サバイバルシューター,その他
2019-02-21,エクスペリエンス,NG,-,YES,ETC,エクスペリエンス,0,1,その他,その他
2019-02-21,エンターグラム,かりぐらし恋愛,-,YES,ETC,エンターグラム,0,1,その他,その他
2019-02-21,エンターグラム,大図書館の羊飼い -Library Party-,-,YES,ETC,エンターグラム,0,1,その他,その他
2019-02-21,エンターグラム,添いカノ〜ぎゅっと抱きしめて〜,-,YES,ETC,エンターグラム,0,1,その他,その他
2019-02-21,カプコン,逆転裁判123 成歩堂セレクション,-,YES,ETC,カプコン,0,1,その他,その他
2019-02-22,エレクトロニック・アーツ,ANTHEM,32,YES,ARPG,エレクトロニック・アーツ,0,1,アクションRPG,その他
2019-02-22,KEMCO,空のフォークロア,-,,ETC,KEMCO,0,1,その他,その他
2019-02-27,Hooded Gaming,Total Jigsaw,-,,ETC,Hooded Gaming,0,1,その他,その他
2019-02-28,5pb.,JUDGEMENT 7 俺達の世界わ終っている。,-,YES,ETC,5pb.,0,1,その他,その他
2019-02-28,スクウェア・エニックス,LEFT ALIVE,31,YES,ACT,スクウェア・エニックス,0,1,サバイバルアクション,その他
2019-02-28,Funcom Oslo,Mutant Year Zero: Road to Eden,-,,ETC,Funcom Oslo,0,1,その他,その他
2019-02-28,オーイズミ・アミュージオ,RIDE3,-,YES,ETC,オーイズミ・アミュージオ,2392_0m_1444,1,その他,その他
2019-02-28,フリュー,WORK×WORK,32,YES,RPG,フリュー,0,1,RPG,その他
2019-02-28,アークシステムワークス,ウィザーズ シンフォニー,30,YES,RPG,アークシステムワークス,0,1,ドラマチックダンジョンRPG,その他
2019-02-28,dramatic create,シンソウノイズ〜受信探偵の事件簿〜,-,YES,ETC,dramatic create,0,1,その他,その他
2019-02-28,ユービーアイソフト,トライアルズ ライジング,-,YES,ETC,ユービーアイソフト,0,1,その他,その他
2019-02-28,HARUKAZE,ノラと皇女と野良猫ハート2,-,YES,ETC,HARUKAZE,0,1,その他,その他
2019-02-28,コーラス・ワールドワイド,フォーゴットン・アン,32,YES,ADV,コーラス・ワールドワイド,0,1,2Dシネマティックアドベンチャー,その他
2019-02-28,ORENDA,帋人形,-,,ETC,ORENDA,0,1,その他,その他
2019-02-28,dramatic create,恋がさくころ桜どき,-,YES,ETC,dramatic create,0,1,その他,その他
2019-03-01,コーエーテクモゲームス,デッド オア アライブ6,35,YES,FTG,コーエーテクモゲームス,2205_0m_1391,1,対戦格闘,その他
2019-03-05,トリコル,カウンターファイトSE PS VR版,-,,ETC,トリコル,0,1,その他,その他
2019-03-06,Cherrypop Games,スポーツバーVR,-,,ETC,Cherrypop Games,0,1,その他,その他
2019-03-07,Beat Games,Beat Saber,34,,音,Beat Games,0,1,リズムアクション,その他
2019-03-07,プロトタイプ,FLOWERS 四季,-,YES,ETC,プロトタイプ,0,1,その他,その他
2019-03-08,カプコン,デビルメイクライ5,37,YES,ACT,カプコン,4475_0m_2261,1,スタイリッシュアクション,その他
2019-03-14,dramatic create,ALIA’s CARNIVAL! サクラメントプラス,-,YES,ETC,dramatic create,0,1,その他,その他
2019-03-14,セガゲームス,BLADE ARCUS Rebellion from Shining,-,YES,ETC,セガゲームス,0,1,その他,その他
2019-03-14,日本一ソフトウェア,DESTINY CONNECT,-,YES,ETC,日本一ソフトウェア,0,1,その他,その他
2019-03-14,角川ゲームス,LoveR,32,YES,SLG,角川ゲームス,0,1,恋愛シミュレーション,その他
2019-03-14,バンダイナムコエンターテインメント,ONE PIECE WORLD SEEKER,-,YES,ETC,バンダイナムコエンターテインメント,0,1,その他,その他
2019-03-14,Rising Star Games,RICO,-,,ETC,Rising Star Games,0,1,その他,その他
2019-03-14,ケムコ,ケムコRPGセレクション Vol.2,-,YES,ETC,ケムコ,0,1,その他,その他
2019-03-14,コーエーテクモゲームス,戦国無双4 DX,-,YES,ETC,コーエーテクモゲームス,59_0m_59,1,その他,その他
2019-03-15,コーエーテクモゲームス,DEAD OR ALIVE 6 基本無料版,-,,ETC,コーエーテクモゲームス,0,1,その他,その他
2019-03-15,KEMCO,セフィロティックストーリーズ,-,,ETC,KEMCO,0,1,その他,その他
2019-03-15,ユービーアイソフト,ディビジョン2,36,YES,MMO,ユービーアイソフト,0,1,オンラインRPG,その他
2019-03-20,コーエーテクモゲームス,DEAD OR ALIVE Xtreme 3 Scarlet,-,YES,ETC,コーエーテクモゲームス,0,1,その他,その他
2019-03-20,バンダイナムコエンターテインメント,スーパーロボット大戦T,32,YES,SRPG,バンダイナムコエンターテインメント,2407_0m_1458,1,シミュレーションRPG,その他
2019-03-20,スクウェア・エニックス,チョコボの不思議なダンジョン エブリバディ!,31,YES,RPG,スクウェア・エニックス,2404_0m_1455,1,ローグライクRPG,その他
2019-03-20,レイニーフロッグ,ピースお絵かきパズル PIC-A-PIX,-,,ETC,レイニーフロッグ,0,1,その他,その他
2019-03-20,コーエーテクモゲームス,ルルアのアトリエ 〜アーランドの錬金術士4〜,32,YES,RPG,コーエーテクモゲームス,2405_0m_1456,1,新約錬金術RPG,その他
2019-03-22,フロム・ソフトウェア,SEKIRO: SHADOWS DIE TWICE,37,YES,AADV,フロム・ソフトウェア,2408_0m_1459,1,アクションアドベンチャー,その他
2019-03-26,Avalanche Studios,Generation Zero,-,,ETC,Avalanche Studios,0,1,その他,その他
2019-03-28,Wired Productions,GRIP: Combat Racing,31,,RCG,Wired Productions,0,1,アクションレース,その他
2019-03-28,アークシステムワークス,INFERNO CLIMBER: REBORN,-,,ETC,アークシステムワークス,0,1,その他,その他
2019-03-28,コーエーテクモゲームス,Winning Post 9,-,YES,ETC,コーエーテクモゲームス,0,1,その他,その他
2019-03-28,オーイズミ・アミュージオ,コール・オブ・クトゥルフ,31,YES,ADV,オーイズミ・アミュージオ,0,1,サスペンスアドベンチャー,その他
2019-03-28,PLAYISM,ナイト・イン・ザ・ウッズ,33,,ADV,PLAYISM,0,1,2Dアドベンチャー,その他
2019-03-28,エンターグラム,フルキス,-,YES,ETC,エンターグラム,0,1,その他,その他
2019-03-28,5pb.,メモリーズオフ -Innocent Fille- for Dearest,-,YES,ETC,5pb.,0,1,その他,その他
2019-03-28,ワーナー・エンターテインメント,レゴ ムービー2 ザ・ゲーム,32,YES,ADV,ワーナー・エンターテインメント,0,1,ブロックビルドアドベンチャー,その他
2019-03-28,Pikii,レミロア〜少女と異世界と魔導書〜,-,YES,ETC,Pikii,0,1,その他,その他
2019-03-28,エンターグラム,春音アリス*グラム Snow Drop,-,YES,ETC,エンターグラム,0,1,その他,その他
2019-04-03,The Binary Mill,Gun Club VR,-,,ETC,The Binary Mill,0,1,その他,その他
2019-04-04,Beijing Spirit Games,Death Coming,-,,ETC,Beijing Spirit Games,0,1,その他,その他
2019-04-04,フライハイワークス,スバラシティ,-,,ETC,フライハイワークス,0,1,その他,その他
2019-04-04,ジョイフルスター,雪ん娘大旋風 〜さゆきとこゆきのひえひえ大騒動〜,-,,ETC,ジョイフルスター,0,1,その他,その他
2019-04-05,KEMCO,フラン 〜Dragons' Odyssey〜,-,,ETC,KEMCO,0,1,その他,その他
2019-04-05,PLAYISM,メドゥーサと恋人,-,,ETC,PLAYISM,0,1,その他,その他
2019-04-11,Aiming,CARAVAN STORIES,-,,ETC,Aiming,0,1,その他,その他
2019-04-11,ディースリー・パブリッシャー,EARTH DEFENSE FORCE: IRON RAIN,-,YES,ETC,ディースリー・パブリッシャー,0,1,その他,その他
2019-04-11,オーイズミ・アミュージオ,V-Rally 4,30,YES,RCG,オーイズミ・アミュージオ,0,1,ラリーレーシング,その他
2019-04-16,Wargaming,World of Warships:Legends,32,,MMO,Wargaming,0,1,オンライン海戦アクション,その他
2019-04-16,Team17 Digital,きみのまち ポルティア,-,,ETC,Team17 Digital,0,1,その他,その他
2019-04-18,Daybreak Games Company,H1Z1: Battle Royale,-,,ETC,Daybreak Games Company,0,1,その他,その他
2019-04-18,Vertigo Games,Skyworld,-,,ETC,Vertigo Games,0,1,その他,その他
2019-04-18,コナミデジタルエンタテインメント,アーケードクラシックス アニバーサリーコレクション,-,,ETC,コナミデジタルエンタテインメント,0,1,その他,その他
2019-04-18,ソニー・インタラクティブエンタテインメント,イモータル・レガシー 不滅の禍,-,,ETC,ソニー・インタラクティブエンタテインメント,0,1,その他,その他
2019-04-18,3goo,オーバーライド 巨大メカ大乱闘,-,YES,ETC,3goo,0,1,その他,その他
2019-04-18,ユービーアイソフト,ダートラリー2.0,31,YES,RCG,ユービーアイソフト,0,1,オフロードレーシング,その他
2019-04-18,角川ゲームス,ラングリッサーI＆II,-,YES,ETC,角川ゲームス,2199_0m_1385,1,その他,その他
2019-04-19,Friend & Foe AB,Vane,-,,ETC,Friend & Foe AB,0,1,その他,その他
2019-04-23,Tigertron,ジュピター＆マーズ,-,,ETC,Tigertron,0,1,その他,その他
2019-04-25,El Dia,EVE rebirth terror,-,YES,ETC,El Dia,0,1,その他,その他
2019-04-25,ソニー・ミュージックエンタテインメント,Figment,-,,ETC,ソニー・ミュージックエンタテインメント,0,1,その他,その他
2019-04-25,Wargaming,World of Warships: Legends,32,YES,MMO,Wargaming,0,1,オンライン海戦アクション,その他
2019-04-25,アークシステムワークス,ニンジン：クラッシュ・オブ・キャロット,31,,ACT,アークシステムワークス,0,1,横スクロールニンジャ疾走アクション,その他
2019-04-25,H2 INTERACTIVE,プロジェクト・ハイライズ アーキテクトエディション,30,,SLG,H2 INTERACTIVE,0,1,経営シミュレーション,その他
2019-04-25,日本一ソフトウェア,殺人探偵ジャック・ザ・リッパー,30,YES,ADV,日本一ソフトウェア,0,1,ノベルアドベンチャー,その他
2019-04-26,metricminds GmbH & Co. KG,Catch & Release,-,,ETC,metricminds GmbH & Co. KG,0,1,その他,その他
2019-04-26,ソニー・インタラクティブエンタテインメント,Days Gone,35,YES,ACT,ソニー・インタラクティブエンタテインメント,2518_0m_1491,1,サバイバルアクション,その他
2019-04-26,FoxNext VR Studio,VR 猿の惑星,-,,ETC,FoxNext VR Studio,0,1,その他,その他
2019-04-26,アンバランス,ウロボロスの呪い -Broken Sword-,-,,ETC,アンバランス,0,1,その他,その他
2019-04-26,アンバランス,最強の麻雀 〜100万人のための麻雀道場〜,-,,ETC,アンバランス,0,1,その他,その他
2019-05-08,KEMCO,フォーレジェリア,30,,RPG,KEMCO,0,1,RPG,その他
2019-05-10,Hero Concept Yazilim ve Bilisim Anonim Sirketi,ドーリングス・アーケード,-,,ETC,Hero Concept Yazilim ve Bilisim Anonim Sirketi,0,1,その他,その他
2019-05-16,アークシステムワークス,GUILTY GEAR,-,,ETC,アークシステムワークス,0,1,その他,その他
2019-05-16,Desarrollo Bromio SC,Pato Box,-,,ETC,Desarrollo Bromio SC,0,1,その他,その他
2019-05-16,日本ファルコム,イース セルセタの樹海:改,-,YES,ETC,日本ファルコム,2519_0m_1492,1,その他,その他
2019-05-16,コナミデジタルエンタテインメント,悪魔城ドラキュラ アニバーサリーコレクション,-,,ETC,コナミデジタルエンタテインメント,0,1,その他,その他
2019-05-21,セガゲームス,チームソニックレーシング,34,YES,RCG,セガゲームス,0,1,レーシング,その他
2019-05-23,ユービーアイソフト,アサシン クリード III リマスター,-,YES,ETC,ユービーアイソフト,0,1,その他,その他
2019-05-23,ユービーアイソフト,スペースジャンキー,-,,ETC,ユービーアイソフト,0,1,その他,その他
2019-05-23,Teyon Japan,ヒューマン フォール フラット,-,,ETC,Teyon Japan,0,1,その他,その他
2019-05-23,H2 INTERACTIVE,ファー: ローン・セイルズ,-,,ETC,H2 INTERACTIVE,0,1,その他,その他
2019-05-24,ArtVostok,Meow Motors,-,,ETC,ArtVostok,0,1,その他,その他
2019-05-29,Sprakelsoft GmbH,Croc's World,-,,ETC,Sprakelsoft GmbH,0,1,その他,その他
2019-05-30,PLAYISM,VA-11 Hall-A,-,YES,ETC,PLAYISM,0,1,その他,その他
2019-05-30,ソニー・インタラクティブエンタテインメント,ライアン・マークス リベンジミッション,32,YES,ASHT,ソニー・インタラクティブエンタテインメント,0,1,VRアクションシューティング,その他
2019-05-30,Steel Crate Games,完全爆弾解除マニュアル,-,,ETC,Steel Crate Games,0,1,その他,その他
2019-05-30,シルバースタージャパン,教えて おねだり将棋,-,,ETC,シルバースタージャパン,0,1,その他,その他
2019-06-05,Hi-Rez Studios,Paladins,-,,ETC,Hi-Rez Studios,0,1,その他,その他
2019-06-05,KEMCO,アスディバインディオス,-,,ETC,KEMCO,0,1,その他,その他
2019-06-06,THQ Nordic,Red Faction Guerrilla Re-Mars-tered,-,,ETC,THQ Nordic,0,1,その他,その他
2019-06-07,ソニー・インタラクティブエンタテインメント,みんなのGOLF VR,35,YES,SPT,ソニー・インタラクティブエンタテインメント,0,1,ゴルフ,その他
2019-06-11,ラプラス,クローザーズ,-,,ETC,ラプラス,0,1,その他,その他
2019-06-12,コナミデジタルエンタテインメント,魂斗羅 アニバーサリーコレクション,-,,ETC,コナミデジタルエンタテインメント,0,1,その他,その他
2019-06-13,ARVORE IMMERSIVE EXPERIENCES,Pixel Ripped 1989,-,,ETC,ARVORE IMMERSIVE EXPERIENCES,0,1,その他,その他
2019-06-13,工画堂スタジオ,夢現Re：Master,-,YES,ETC,工画堂スタジオ,0,1,その他,その他
2019-06-18,Humble Bundle,Slay the Spire,35,,TBL,Humble Bundle,0,1,カードバトル,その他
2019-06-20,Winking Skywalker,Mars Alive,-,,ETC,Winking Skywalker,0,1,その他,その他
2019-06-20,CIRCLE Entertainment,レイト・シフト,-,,ETC,CIRCLE Entertainment,0,1,その他,その他
2019-06-20,フライハイワークス,伊勢志摩ミステリー案内 偽りの黒真珠,31,,ADV,フライハイワークス,0,1,サスペンスアドベンチャー,その他
2019-06-20,セガゲームス,龍が如く5 夢、叶えし者,40,YES,AADV,セガゲームス,2599_0m_1520,1,アクションアドベンチャー,その他
2019-06-24,トリコル,カウンターファイト3 PS VR版,-,,ETC,トリコル,0,1,その他,その他
2019-06-25,シルバースタージャパン,リアルタイムバトル将棋,-,,ETC,シルバースタージャパン,0,1,その他,その他
2019-06-27,Eastasiasoft Limited,Furwind,-,,ETC,Eastasiasoft Limited,0,1,その他,その他
2019-06-27,アークシステムワークス,HARDCORE MECHA,33,,ACT,アークシステムワークス,0,1,ハイスピードメカアクション,その他
2019-06-27,マスティフ,Home Sweet Home,30,YES,ADV,マスティフ,0,1,ステルス型ホラーアドベンチャー,その他
2019-06-27,PLAYISM,LA-MULANA 2,30,YES,AADV,PLAYISM,0,1,アクションアドベンチャー,その他
2019-06-27,Metanet Software,N++ (NPLUSPLUS),31,,ACT,Metanet Software,0,1,アクションパズル,その他
2019-06-27,SNK,SAMURAI SPIRITS,31,YES,FTG,SNK,2601_0m_1522,1,剣戟対戦格闘,その他
2019-06-27,Tender Claws,Virtual Virtual Reality,-,,ETC,Tender Claws,0,1,その他,その他
2019-06-27,エンターグラム,your diary +,-,YES,ETC,エンターグラム,0,1,その他,その他
2019-06-27,エンターグラム,この素晴らしい世界に祝福を!〜希望の迷宮と集いし冒険者たち〜,-,YES,ETC,エンターグラム,2413_0m_1464,1,その他,その他
2019-06-27,日本一ソフトウェア,じんるいのみなさまへ,-,YES,ETC,日本一ソフトウェア,0,1,その他,その他
2019-06-27,セガゲームス,ぷよぷよeスポーツ,-,YES,ETC,セガゲームス,0,1,その他,その他
2019-06-27,DMM GAMES,キングダムカム・デリバランス,32,YES,ARPG,DMM GAMES,0,1,アクションRPG,その他
2019-06-27,CFK,ネコぱらVol.3 ネコたちのアロマティゼ,-,,ETC,CFK,0,1,その他,その他
2019-06-27,dramatic create,ハロー・レディ! -Superior Dynamis-,-,YES,ETC,dramatic create,0,1,その他,その他
2019-06-27,フライハイワークス,神巫女 -カミコ-,-,,ETC,フライハイワークス,0,1,その他,その他
2019-06-27,dramatic create,絆きらめく恋いろは,-,YES,ETC,dramatic create,0,1,その他,その他
2019-06-27,賈船,記憶 Path to Mnemosyne,-,,ETC,賈船,0,1,その他,その他
2019-06-28,メディアスケープ,Back in 1995,-,,ETC,メディアスケープ,0,1,その他,その他
2019-06-28,Eastasiasoft,Shadow of Loot Box,-,,ETC,Eastasiasoft,0,1,その他,その他
2019-07-02,Sekai Games,Project LUX,-,,ETC,Sekai Games,0,1,その他,その他
2019-07-03,handy-games,エース・オブ・ルフトバッフェ -スクアドロン-,-,,ETC,handy-games,0,1,その他,その他
2019-07-03,KEMCO,レファルシアの幻影,-,,ETC,KEMCO,0,1,その他,その他
2019-07-04,Vertigo Games,A Fisherman's Tale,-,,ETC,Vertigo Games,0,1,その他,その他
2019-07-04,エレクトロニック・アーツ,BQM ブロッククエスト・メーカー,-,,ETC,エレクトロニック・アーツ,0,1,その他,その他
2019-07-04,Winking Skywalker,I'm Hungry,-,,ETC,Winking Skywalker,0,1,その他,その他
2019-07-04,Paradox Interactive,Magicka 2,-,,ETC,Paradox Interactive,0,1,その他,その他
2019-07-04,スパイク・チュンソフト,PixARK,-,YES,ETC,スパイク・チュンソフト,0,1,その他,その他
2019-07-04,コーエーテクモゲームス,進撃の巨人2 ‐Final Battle‐,35,YES,ACT,コーエーテクモゲームス,2637_0m_1531,1,タクティカルハンティングアクション,その他
2019-07-05,Eastasiasoft Limited,Devious Dungeon 2,-,,ETC,Eastasiasoft Limited,0,1,その他,その他
2019-07-05,Smilegate Entertainment,FOCUS on YOU,-,,ETC,Smilegate Entertainment,0,1,その他,その他
2019-07-05,ワンダーランドカザキリ,Sea of Solitude,-,,ETC,ワンダーランドカザキリ,0,1,その他,その他
2019-07-09,Crunching Koalas,Lichtspeer: Double Speer Edition,-,,ETC,Crunching Koalas,0,1,その他,その他
2019-07-11,Sprakelsoft,Jewel Fever 2,-,,ETC,Sprakelsoft,0,1,その他,その他
2019-07-11,ORENDA,Rain City,-,,ETC,ORENDA,0,1,その他,その他
2019-07-11,Kongregate,スピードブロウル,-,,ETC,Kongregate,0,1,その他,その他
2019-07-12,Arcade Crew,Blazing Chrome,30,,ASHT,Arcade Crew,0,1,アクションシューティング,その他
2019-07-18,コナミデジタルエンタテインメント,プロ野球スピリッツ2019,37,YES,SPT,コナミデジタルエンタテインメント,2816_0m_1595,1,野球,その他
2019-07-18,UNTIES,不思議の幻想郷 -ロータスラビリンス-,-,YES,ETC,UNTIES,0,1,その他,その他
2019-07-19,SOEDESCO Publishing,Real Farm,-,,ETC,SOEDESCO Publishing,0,1,その他,その他
2019-07-19,Shanghai Oriental Pearl Culture Development,Unruly Heroes,31,,ACT,Shanghai Oriental Pearl Culture Development,0,1,横スクロールアクション,その他
2019-07-23,Holospark,Earthfall,-,,ETC,Holospark,0,1,その他,その他
2019-07-23,East2west Network,ロビー・スウィフトハンドとオーブの謎,-,,ETC,East2west Network,0,1,その他,その他
2019-07-24,セガゲームス,東京2020オリンピック The Official Video Game,33,YES,SPT,セガゲームス,2818_0m_1597,1,オリンピック公式スポーツ,その他
2019-07-25,エンターグラム,Making*Lovers,-,YES,ETC,エンターグラム,0,1,その他,その他
2019-07-25,タイトー,The Ninja Warriors Once Again,-,,ETC,タイトー,0,1,その他,その他
2019-07-25,シティコネクション,そるだむ 開花宣言,-,,ETC,シティコネクション,0,1,その他,その他
2019-07-25,アークシステムワークス,キルラキル ザ・ゲーム -異布-,32,YES,ACT,アークシステムワークス,0,1,キルラキル 耐繊アクション,その他
2019-07-25,オーイズミ・アミュージオ,スパイク バレーボール,-,YES,ETC,オーイズミ・アミュージオ,0,1,その他,その他
2019-07-26,SOEDESCO Publishing,Xenon Racer,-,,ETC,SOEDESCO Publishing,0,1,その他,その他
2019-07-31,Humble Bundle,Forager,32,,ACT,Humble Bundle,0,1,サバイバルアクション,その他
2019-08-01,Hi-Rez Studios,Realm Royale,-,,ETC,Hi-Rez Studios,0,1,その他,その他
2019-08-01,シティコネクション,ぺんぎんくんギラギラWARS,30,,SPT,シティコネクション,0,1,ボール投げバトルアクション,その他
2019-08-01,セガゲームス,クラッシュ・バンディクー レーシング ブッとびニトロ!,-,YES,ETC,セガゲームス,0,1,その他,その他
2019-08-01,レイニーフロッグ,ブリキの騎士,30,,ARPG,レイニーフロッグ,0,1,アクションRPG,その他
2019-08-01,ディースリー・パブリッシャー,ラビリンス ライフ,-,YES,ETC,ディースリー・パブリッシャー,0,1,その他,その他
2019-08-02,エレクトロニック・アーツ,Madden NFL 20,-,,ETC,エレクトロニック・アーツ,0,1,その他,その他
2019-08-02,KEMCO,アスディバインメナス,-,,ETC,KEMCO,0,1,その他,その他
2019-08-06,フロム・ソフトウェア,METAL WOLF CHAOS XD,33,YES,ACT,フロム・ソフトウェア,0,1,破壊戦闘アクション,その他
2019-08-07,Funomena,Luna,-,,ETC,Funomena,0,1,その他,その他
2019-08-08,Beijing Spirit,AngerForce: Reloaded,-,,ETC,Beijing Spirit,0,1,その他,その他
2019-08-08,プロトタイプ,FATAL TWELVE,-,YES,ETC,プロトタイプ,0,1,その他,その他
2019-08-08,ベセスダ・ソフトワークス,Wolfenstein: Cyberpilot,-,YES,ETC,ベセスダ・ソフトワークス,0,1,その他,その他
2019-08-09,CFK,MACHIKNIGHTS -BLOOD BAGOS-,-,,ETC,CFK,0,1,その他,その他
2019-08-09,CFK,WONDER BOY RETURNS REMIX,-,,ETC,CFK,0,1,その他,その他
2019-08-19,サン電子,BEATS FEVER VRリズムステージ,-,,ETC,サン電子,0,1,その他,その他
2019-08-20,KODOBUR,Minefield,-,,ETC,KODOBUR,0,1,その他,その他
2019-08-21,Bonus XP,Stranger Things 3:ザ・ゲーム,-,,ETC,Bonus XP,0,1,その他,その他
2019-08-22,GHI Media LLC,Absolver,30,,FTG,GHI Media LLC,0,1,対戦格闘,その他
2019-08-22,Fitar Limited,BOXVR,-,,ETC,Fitar Limited,0,1,その他,その他
2019-08-22,シルバースタージャパン,みんなのどうぶつしょうぎ,-,YES,ETC,シルバースタージャパン,0,1,その他,その他
2019-08-22,MyDearest,東京クロノス,-,YES,ETC,MyDearest,0,1,その他,その他
2019-08-22,スクウェア・エニックス,鬼ノ哭ク邦,31,YES,ARPG,スクウェア・エニックス,2822_0m_1601,1,アクションRPG,その他
2019-08-23,Pearl Abyss,Black Desert,-,,ETC,Pearl Abyss,0,1,その他,その他
2019-08-23,Hainan Legendkey Network Technology,Genesis,-,,ETC,Hainan Legendkey Network Technology,0,1,その他,その他
2019-08-23,XR Games,THE ANGRY BIRDS MOVIE 2 VR: UNDER PRESSURE,-,,ETC,XR Games,0,1,その他,その他
2019-08-23,Hero Concept Yazilim ve Bilisim Anonim Sirketi,ドーリングス バンドル,-,,ETC,Hero Concept Yazilim ve Bilisim Anonim Sirketi,0,1,その他,その他
2019-08-29,Smobile,BRIKS,-,,ETC,Smobile,0,1,その他,その他
2019-08-29,ナナフシ,DEAD OR SCHOOL,31,YES,ARPG,ナナフシ,0,1,アクションRPG,その他
2019-08-29,アンバランス,みんなの倉庫番,-,,ETC,アンバランス,0,1,その他,その他
2019-08-29,エンターグラム,アイカギ きみと一緒にパック,-,YES,ETC,エンターグラム,0,1,その他,その他
2019-08-29,コンパイルハート,アズールレーン クロスウェーブ,31,YES,RPG,コンパイルハート,0,1,進撃海戦RPG,その他
2019-08-29,オーイズミ・アミュージオ,イモータル：アンチェインド,-,YES,ETC,オーイズミ・アミュージオ,0,1,その他,その他
2019-08-29,Intragames,マジッ犬,-,YES,ETC,Intragames,0,1,その他,その他
2019-08-29,iMel,ラズベリーキューブ,-,YES,ETC,iMel,0,1,その他,その他
2019-08-29,コーラス・ワールドワイド,ヴァンブレイス:コールドソウル,-,YES,ETC,コーラス・ワールドワイド,0,1,その他,その他
2019-08-29,dramatic create,三色絵恋 -Tricolour Lovestory-,-,YES,ETC,dramatic create,0,1,その他,その他
2019-08-30,Xaloc Studios,スーパーキッカーズリーグ,-,,ETC,Xaloc Studios,0,1,その他,その他
2019-09-02,Gearbox Publishing,Risk of Rain 2,-,,ETC,Gearbox Publishing,0,1,その他,その他
2019-09-03,スクウェア・エニックス,FINAL FANTASY VIII Remastered,-,,ETC,スクウェア・エニックス,0,1,その他,その他
2019-09-05,Sombr Studio LLC,Invisigun Reloaded,-,,ETC,Sombr Studio LLC,0,1,その他,その他
2019-09-05,GHI Media LLC,Observation,31,,ADV,GHI Media LLC,0,1,SFアドベンチャー,その他
2019-09-05,フライハイワークス,スパイダーソリティア - F,-,,ETC,フライハイワークス,0,1,その他,その他
2019-09-05,ユービーアイソフト,ブロウルハラ,-,,ETC,ユービーアイソフト,0,1,その他,その他
2019-09-05,アークシステムワークス,熱血硬派くにおくん外伝 River City Girls,-,,ETC,アークシステムワークス,0,1,その他,その他
2019-09-05,ジェムドロップ,狼と香辛料VR,-,,ETC,ジェムドロップ,0,1,その他,その他
2019-09-06,テイクツー・インタラクティブ・ジャパン,NBA 2K20,32,YES,SPT,テイクツー・インタラクティブ・ジャパン,0,1,バスケットボール,その他
2019-09-09,Beijing Perfect World Software Technology Development,DON'T EVEN THINK,-,,ETC,Beijing Perfect World Software Technology Development,0,1,その他,その他
2019-09-10,ハチノヨン,Celeste,31,,AADV,ハチノヨン,0,1,アクションアドベンチャー,その他
2019-09-11,KEMCO,モノクロームオーダー ―アイゼデシルの裁定者―,-,,ETC,KEMCO,0,1,その他,その他
2019-09-12,コナミデジタルエンタテインメント,eFootball ウイニングイレブン 2020,35,YES,SPT,コナミデジタルエンタテインメント,2916_0m_1637,1,サッカー,その他
2019-09-13,SOEDESCO Publishing,Elea,-,,ETC,SOEDESCO Publishing,0,1,その他,その他
2019-09-13,エレクトロニック・アーツ,NHL™ 20,-,,ETC,エレクトロニック・アーツ,0,1,その他,その他
2019-09-13,TOAST VR PTY. LTD.,Richie's Plank Experience,-,,ETC,TOAST VR PTY. LTD.,0,1,その他,その他
2019-09-13,テイクツー・インタラクティブ・ジャパン,ボーダーランズ3,35,YES,SHT,テイクツー・インタラクティブ・ジャパン,2878_0m_1624,1,RPGシューター,その他
2019-09-18,astragon Entertainment GmbH,Bus Simulator,-,,ETC,astragon Entertainment GmbH,0,1,その他,その他
2019-09-19,スパイク・チュンソフト,AI: ソムニウム ファイル,34,YES,ADV,スパイク・チュンソフト,0,1,推理アドベンチャー,その他
2019-09-19,SOEDESCO Publishing,Truck Driver,-,,ETC,SOEDESCO Publishing,0,1,その他,その他
2019-09-19,フリュー,カードファイト!! ヴァンガード エクス,31,YES,TBL,フリュー,0,1,カードファイトシミュレーター,その他
2019-09-20,Annapurna Interactive,Sayonara Wild Hearts,-,,ETC,Annapurna Interactive,0,1,その他,その他
2019-09-20,レベルファイブ,二ノ国 白き聖灰の女王 REMASTERED,-,YES,ETC,レベルファイブ,0,1,その他,その他
2019-09-25,テイクツー・インタラクティブ・ジャパン,L.A.ノワール: VR事件簿,-,,ETC,テイクツー・インタラクティブ・ジャパン,0,1,その他,その他
2019-09-26,バンダイナムコエンターテインメント,CODE VEIN,32,YES,ARPG,バンダイナムコエンターテインメント,2951_0m_1649,1,ドラマティック探索アクションRPG,その他
2019-09-26,コナミデジタルエンタテインメント,CONTRA ROGUE CORPS,-,YES,ETC,コナミデジタルエンタテインメント,0,1,その他,その他
2019-09-26,オーイズミ・アミュージオ,MotoGP 19,30,YES,RCG,オーイズミ・アミュージオ,0,1,モータースポーツレーシング,その他
2019-09-26,H2インタラクティブ,World War Z（英語版）,32,YES,SPT,H2インタラクティブ,6820_0m_4923,1,野球,その他
2019-09-26,dramatic create,アメイジング・グレイス -What color is your attribute?-,-,YES,ETC,dramatic create,0,1,その他,その他
2019-09-26,日本ファルコム,イースIX -Monstrum NOX-,35,YES,ARPG,日本ファルコム,2952_0m_1650,1,アクションRPG,その他
2019-09-26,エンターグラム,メルキス,-,YES,ETC,エンターグラム,0,1,その他,その他
2019-09-26,コーエーテクモゲームス,ライザのアトリエ 〜常闇の女王と秘密の隠れ家〜,34,YES,RPG,コーエーテクモゲームス,2954_0m_1652,1,錬金術RPG,その他
2019-09-26,インティ・クリエイツ,白き鋼鉄のX THE OUT OF GUNVOLT,32,YES,ACT,インティ・クリエイツ,0,1,横スクロールアクション,その他
2019-09-27,エレクトロニック・アーツ,FIFA 20,34,YES,SPT,エレクトロニック・アーツ,0,1,サッカー,その他
2019-09-27,Eastasiasoft Limited,Habroxia,-,,ETC,Eastasiasoft Limited,0,1,その他,その他
2019-09-27,スクウェア・エニックス,トロピコ6,33,YES,SLG,スクウェア・エニックス,0,1,国家運営シミュレーション,その他
2019-10-02,ソニー・インタラクティブエンタテインメント,ReadySet Heroes,-,,ETC,ソニー・インタラクティブエンタテインメント,0,1,その他,その他
2019-10-02,Hi-Rez Studios,SMITE,-,,ETC,Hi-Rez Studios,0,1,その他,その他
2019-10-02,KEMCO,アスディバインカムラ,-,,ETC,KEMCO,0,1,その他,その他
2019-10-02,Hi-Rez Studios,ベストセラーバンドル,-,,ETC,Hi-Rez Studios,0,1,その他,その他
2019-10-03,ALTERED MATTER GAMES,Etherborn,-,,ETC,ALTERED MATTER GAMES,0,1,その他,その他
2019-10-03,Another Indie,Lost Castle,-,,ETC,Another Indie,0,1,その他,その他
2019-10-03,Fellow Traveller Games,The Church in the Darkness,-,,ETC,Fellow Traveller Games,0,1,その他,その他
2019-10-03,レイニーフロッグ,ジャッククエスト 呪われた剣の伝説,-,,ETC,レイニーフロッグ,0,1,その他,その他
2019-10-03,Winking Skywalker Entertainment,泠：落陽孤行,-,,ETC,Winking Skywalker Entertainment,0,1,その他,その他
2019-10-04,3BD GAMES,No Way Out – A Dead Realm Tale,-,,ETC,3BD GAMES,0,1,その他,その他
2019-10-04,ユービーアイソフト,ゴーストリコン ブレイクポイント,32,YES,SHT,ユービーアイソフト,0,1,ミリタリーシューター,その他
2019-10-08,Team17 Digital Ltd,Yooka-Layleeとインポッシブル迷宮,32,,AADV,Team17 Digital Ltd,0,1,アクションアドベンチャー,その他
2019-10-08,Imaginarium,猿の惑星 Last Frontier,-,,ETC,Imaginarium,0,1,その他,その他
2019-10-10,Merge Games,Candle,-,,ETC,Merge Games,0,1,その他,その他
2019-10-10,アークシステムワークス,MISTOVER,-,,ETC,アークシステムワークス,0,1,その他,その他
2019-10-10,Merge Games,RIOT - Civil Unrest,-,,ETC,Merge Games,0,1,その他,その他
2019-10-10,Merge Games,Solo: Islands of the Heart,-,,ETC,Merge Games,0,1,その他,その他
2019-10-10,Merge Games,Vaporum,-,,ETC,Merge Games,0,1,その他,その他
2019-10-10,ソニー・インタラクティブエンタテインメント,アッシュと魔法の筆,35,YES,AADV,ソニー・インタラクティブエンタテインメント,0,1,ペイント・アクションアドベンチャー,その他
2019-10-10,フリュー,アライアンス・アライブ HDリマスター,-,YES,ETC,フリュー,2964_0m_1662,1,その他,その他
2019-10-10,アークシステムワークス,ダウンタウン乱闘行進曲マッハ,-,,ETC,アークシステムワークス,0,1,その他,その他
2019-10-10,3goo,トライン 4:ザ・ナイトメア プリンス,33,YES,PZL,3goo,0,1,謎解き2Dアクション,その他
2019-10-10,Melbot Studios,メルビットズワールド,-,,ETC,Melbot Studios,0,1,その他,その他
2019-10-11,Survios,Creed: Rise to Glory,-,,ETC,Survios,0,1,その他,その他
2019-10-11,Survios,Electronauts,-,,ETC,Survios,0,1,その他,その他
2019-10-11,Survios,Raw Data,-,,ETC,Survios,0,1,その他,その他
2019-10-11,Survios,Sprint Vector,-,,ETC,Survios,0,1,その他,その他
2019-10-17,ソニー・インタラクティブエンタテインメント,MONKEY KING ヒーロー・イズ・バック,-,YES,ETC,ソニー・インタラクティブエンタテインメント,0,1,その他,その他
2019-10-17,マーベラス,Travis Strikes Again： No More Heroes Complete Edition,-,YES,ETC,マーベラス,0,1,その他,その他
2019-10-17,INITIATIVE MEDIA,サイレントVR,-,,ETC,INITIATIVE MEDIA,0,1,その他,その他
2019-10-18,MIROWIN LLC,Guns’n’Stories: Bulletproof VR,-,,ETC,MIROWIN LLC,0,1,その他,その他
2019-10-18,エレクトロニック・アーツ,Plants vs. Zombies ネイバービルの戦い,-,YES,ETC,エレクトロニック・アーツ,0,1,その他,その他
2019-10-18,3909 LLC,Return of the Obra Dinn,-,,ETC,3909 LLC,0,1,その他,その他
2019-10-21,THQ Nordic,Monster Jam Steel Titans,-,,ETC,THQ Nordic,0,1,その他,その他
2019-10-23,Baobab Studios,ボンファイア,-,,ETC,Baobab Studios,0,1,その他,その他
2019-10-24,JUSTDAN INTERNATIONAL,Dusk Diver 酉閃町,-,YES,ETC,JUSTDAN INTERNATIONAL,0,1,その他,その他
2019-10-24,レイニーフロッグ,GIGA WRECKER ALT.,30,,ACT,レイニーフロッグ,0,1,2Dガレキアクション,その他
2019-10-24,Beep Company,Trüberbrook,-,YES,ETC,Beep Company,0,1,その他,その他
2019-10-24,エンターグラム,アエリアル・ライフ,-,YES,ETC,エンターグラム,0,1,その他,その他
2019-10-24,Aksys Games,ガブッチ,-,,ETC,Aksys Games,0,1,その他,その他
2019-10-24,CIRCLE Entertainment,スプラッシュ・ブラスト・パニック,-,,ETC,CIRCLE Entertainment,0,1,その他,その他
2019-10-24,dramatic create,ファタモルガーナの館 -DREAMS OF THE REVENANTS EDITION-,-,YES,ETC,dramatic create,0,1,その他,その他
2019-10-24,505 Games,ブラッドステインド:リチュアル・オブ・ザ・ナイト,-,YES,ETC,505 Games,0,1,その他,その他
2019-10-25,The Arcade Crew,Dark Devotion,-,,ETC,The Arcade Crew,0,1,その他,その他
2019-10-25,Annapurna Interactive,Outer Wilds,-,,ETC,Annapurna Interactive,0,1,その他,その他
2019-10-25,テイクツー・インタラクティブ・ジャパン,アウター・ワールド,34,YES,SHT,テイクツー・インタラクティブ・ジャパン,0,1,RPGシューター,その他
2019-10-25,ソニー・インタラクティブエンタテインメント,コール オブ デューティ モダン・ウォーフェア,36,YES,FPS,ソニー・インタラクティブエンタテインメント,3075_0m_1693,1,FPS,その他
2019-10-25,ソニー・インタラクティブエンタテインメント,メディーバル 甦ったガロメアの勇者,-,,ETC,ソニー・インタラクティブエンタテインメント,0,1,その他,その他
2019-10-31,It’s Anecdotal Limited,39 Days to Mars,-,,ETC,It’s Anecdotal Limited,0,1,その他,その他
2019-10-31,3goo,FIA ヨーロピアン・トラックレーシング・チャンピオンシップ,-,YES,ETC,3goo,0,1,その他,その他
2019-10-31,Game Source Entertainment,SNIPER ELITE V2 REMASTERED,-,YES,ETC,Game Source Entertainment,0,1,その他,その他
2019-10-31,オーイズミ・アミュージオ,The Sinking City 〜シンキング シティ〜,32,YES,ADV,オーイズミ・アミュージオ,3120_0m_1722,1,サスペンスアドベンチャー,その他
2019-10-31,Game Source Entertainment,YOUR TOY キミノオモチャ,-,,ETC,Game Source Entertainment,0,1,その他,その他
2019-10-31,セガゲームス,たべごろ!スーパーモンキーボール,-,YES,ETC,セガゲームス,0,1,その他,その他
2019-10-31,アトラス,ペルソナ5 ザ・ロイヤル,37,YES,RPG,アトラス,3020_0m_1681,1,学園ジュブナイルRPG,その他
2019-10-31,日本一ソフトウェア,魔界戦記ディスガイア4 Return,-,YES,ETC,日本一ソフトウェア,0,1,その他,その他
2019-11-05,Sumalab Digital,Crisis VRigade,-,,ETC,Sumalab Digital,0,1,その他,その他
2019-11-06,KEMCO,ブランドルの魔法使い,-,,ETC,KEMCO,0,1,その他,その他
2019-11-07,Merge Games,Stranded Sails: Explorers of the Cursed Islands,-,,ETC,Merge Games,0,1,その他,その他
2019-11-07,コーラス・ワールドワイド,スーパードッジボールビーツ,-,,ETC,コーラス・ワールドワイド,0,1,その他,その他
2019-11-07,CIRCLE Entertainment,リボーン：サムライ アウェーケンス,-,,ETC,CIRCLE Entertainment,0,1,その他,その他
2019-11-07,アークシステムワークス,熱血硬派くにおくん外伝 イカすぜ！小林さん,-,,ETC,アークシステムワークス,0,1,その他,その他
2019-11-08,ソニー・インタラクティブエンタテインメント,デス・ストランディング,40,YES,AADV,ソニー・インタラクティブエンタテインメント,3095_0m_1708,1,アクションアドベンチャー,その他
2019-11-08,エレクトロニック・アーツ,ニード・フォー・スピード ヒート,32,YES,RCG,エレクトロニック・アーツ,3096_0m_1709,1,アクションレース,その他
2019-11-08,YFC Technology,大マジック時代：最後の守護者,-,,ETC,YFC Technology,0,1,その他,その他
2019-11-11,505 Games,ラスト・デイ・オブ・ジューン,-,,ETC,505 Games,0,1,その他,その他
2019-11-11,スクウェア・エニックス,ロマンシング サ・ガ3,-,,ETC,スクウェア・エニックス,0,1,その他,その他
2019-11-13,Degica,Last Labyrinth,31,,ADV,Degica,0,1,VR脱出アドベンチャー,その他
2019-11-14,ケムコ,スーパー・ストリート: The Game,-,YES,ETC,ケムコ,0,1,その他,その他
2019-11-14,レイニーフロッグ,ドットホラーストーリー,-,,ETC,レイニーフロッグ,0,1,その他,その他
2019-11-14,コーラス・ワールドワイド,婆裟羅コレクション,31,YES,SHT,コーラス・ワールドワイド,0,1,縦スクロールシューティング,その他
2019-11-14,バンダイナムコエンターテインメント,東京喰種トーキョーグール：re【CALL to EXIST】,-,YES,ETC,バンダイナムコエンターテインメント,0,1,その他,その他
2019-11-15,Sprakelsoft,Croc's World 2,-,,ETC,Sprakelsoft,0,1,その他,その他
2019-11-15,No Pest Productions,Driven Out,-,,ETC,No Pest Productions,0,1,その他,その他
2019-11-15,Wired Productions,Fractured Minds,-,,ETC,Wired Productions,0,1,その他,その他
2019-11-15,Merge Games,Sparklite,-,,ETC,Merge Games,0,1,その他,その他
2019-11-15,ジー・モード,みんなで空気読み。,-,,ETC,ジー・モード,0,1,その他,その他
2019-11-15,エレクトロニック・アーツ,スター・ウォーズ ジェダイ:フォールン・オーダー,-,YES,ETC,エレクトロニック・アーツ,0,1,その他,その他
2019-11-19,Deep Silver,シェンムーIII,32,YES,AADV,Deep Silver,0,1,アクションアドベンチャー,その他
2019-11-21,UNTIES,DEEMO -Reborn-,32,YES,音,UNTIES,0,1,リズムアクション・アドベンチャー,その他
2019-11-21,ナツメアタリ,Layers of Fear 2－恐怖のクルーズ,-,,ETC,ナツメアタリ,0,1,その他,その他
2019-11-22,テイクツー・インタラクティブ・ジャパン,シドマイヤーズ シヴィライゼーション VI,-,YES,ETC,テイクツー・インタラクティブ・ジャパン,0,1,その他,その他
2019-11-22,Teyon Japan,ムーンライター 店主と勇者の冒険,31,,ARPG,Teyon Japan,0,1,アクションRPG,その他
2019-11-25,Mooneye Studios,ロスト・エンバー,31,,ADV,Mooneye Studios,0,1,アドベンチャー,その他
2019-11-27,セガゲームス,電脳戦機バーチャロン マスターピース 1995〜2001,-,,ETC,セガゲームス,0,1,その他,その他
2019-11-28,Rising Star Games,Decay of Logos,-,,ETC,Rising Star Games,0,1,その他,その他
2019-11-28,バンダイナムコエンターテインメント,SDガンダム GGENERATION CROSSRAYS,-,YES,ETC,バンダイナムコエンターテインメント,0,1,その他,その他
2019-11-28,エンターグラム,アイベヤ,-,YES,ETC,エンターグラム,0,1,その他,その他
2019-11-28,エンターグラム,アママネ,-,YES,ETC,エンターグラム,0,1,その他,その他
2019-11-28,CIRCLE Entertainment,オールスター・フルーツ・レーシング,-,,ETC,CIRCLE Entertainment,0,1,その他,その他
2019-11-28,5pb.（MAGES.）,ダンジョンに出会いを求めるのは間違っているだろうか インフィニト・コンバーテ,-,YES,ETC,5pb.（MAGES.）,0,1,その他,その他
2019-11-28,アトラス,十三機兵防衛圏,38,YES,ADV,アトラス,3089_0m_1702,1,ドラマチックアドベンチャー,その他
2019-12-02,Odd Raven Studios,Carly and the Reaperman – Escape from the Underworld,-,,ETC,Odd Raven Studios,0,1,その他,その他
2019-12-03,ラタライカゲームス,フォクシーランド,-,,ETC,ラタライカゲームス,0,1,その他,その他
2019-12-04,KEMCO,シークハーツ,-,,ETC,KEMCO,0,1,その他,その他
2019-12-05,スクウェア・エニックス,STAR OCEAN -First Departure R-,-,,ETC,スクウェア・エニックス,0,1,その他,その他
2019-12-05,バンダイナムコエンターテインメント,THE DARK PICTURES: MAN OF MEDAN,31,YES,ADV,バンダイナムコエンターテインメント,0,1,ホラーアドベンチャー,その他
2019-12-05,ディースリー・パブリッシャー,お姉チャンバラORIGIN,32,YES,ACT,ディースリー・パブリッシャー,0,1,ハイスピード血みどろ剣戟アクション,その他
2019-12-05,アンバランス,みんなのオセロ,-,,ETC,アンバランス,0,1,その他,その他
2019-12-05,ディースリー・パブリッシャー,もっと！にゅ〜パズ松さん 〜新品卒業計画〜,-,,ETC,ディースリー・パブリッシャー,0,1,その他,その他
2019-12-05,KAIROSOFT,ゆけむり温泉郷,-,,ETC,KAIROSOFT,0,1,その他,その他
2019-12-05,KAIROSOFT,ゲーム発展国++,-,,ETC,KAIROSOFT,0,1,その他,その他
2019-12-05,スパイク・チュンソフト,シタデル:永炎の魔法と古の城塞,31,YES,ACT,スパイク・チュンソフト,0,1,サバイバルアクション,その他
2019-12-05,KAIROSOFT,冒険ダンジョン村,-,,ETC,KAIROSOFT,0,1,その他,その他
2019-12-05,Degica,初音ミクVR,-,,ETC,Degica,0,1,その他,その他
2019-12-05,レベルファイブ,妖怪ウォッチ4++,36,YES,ARPG,レベルファイブ,0,1,アクションRPG,その他
2019-12-06,テイクツー・インタラクティブ・ジャパン,アンセスターズ:人類の旅,-,,ETC,テイクツー・インタラクティブ・ジャパン,0,1,その他,その他
2019-12-10,日本マイクロソフト,Minecraft,-,,ETC,日本マイクロソフト,193_0m_128n,1,その他,その他
2019-12-10,Cococucumber,Riverbond,-,,ETC,Cococucumber,0,1,その他,その他
2019-12-11,Epic Games,Dauntless,-,,ETC,Epic Games,0,1,その他,その他
2019-12-12,マーベラス,CONTROL,34,YES,AADV,マーベラス,0,1,アクションアドベンチャー,その他
2019-12-12,GHI Media,GRIS,-,,ETC,GHI Media,0,1,その他,その他
2019-12-12,H2 INTERACTIVE,Ghostbusters: The Video Game Remastered,-,YES,ETC,H2 INTERACTIVE,0,1,その他,その他
2019-12-12,CIRCLE Entertainment,ステイ,-,,ETC,CIRCLE Entertainment,0,1,その他,その他
2019-12-12,コーラス・ワールドワイド,ヘッドライナー:ノヴィニュース,31,YES,ADV,コーラス・ワールドワイド,0,1,アドベンチャー,その他
2019-12-12,ポケット,ホームスターVR SPECIAL EDITION,-,,ETC,ポケット,1259_0m_1003,1,その他,その他
2019-12-12,コーラス・ワールドワイド,メガクアリウム,30,YES,SLG,コーラス・ワールドワイド,0,1,水族館経営シミュレーション,その他
2019-12-12,セガゲームス,新サクラ大戦,33,YES,AADV,セガゲームス,3219_0m_1764,1,ドラマチック3Dアクションアドベンチャー,その他
2019-12-13,Eastasiasoft,Gunlord X,-,,ETC,Eastasiasoft,0,1,その他,その他
2019-12-16,CREATIVE VR 3D,DARKNESS ROLLERCOASTER - Ultimate Shooter Edition,-,,ETC,CREATIVE VR 3D,0,1,その他,その他
2019-12-16,Headup,Dead End Job,-,,ETC,Headup,0,1,その他,その他
2019-12-18,Annapurna Interactive,Wattam,-,,ETC,Annapurna Interactive,0,1,その他,その他
2019-12-19,Team17 Digital,Blasphemous,31,,ACT,Team17 Digital,0,1,横スクロールアクション,その他
2019-12-19,エンターグラム,D.C.4 〜ダ・カーポ4〜,-,YES,ETC,エンターグラム,0,1,その他,その他
2019-12-19,Sony Pictures Virtual Reality,Groundhog Day: Like Father Like Son,-,,ETC,Sony Pictures Virtual Reality,0,1,その他,その他
2019-12-19,AQUIRIS GAME STUDIO,Horizon Chase Turbo,-,,ETC,AQUIRIS GAME STUDIO,0,1,その他,その他
2019-12-19,オーイズミ・アミュージオ,The Surge 2,31,YES,ARPG,オーイズミ・アミュージオ,0,1,SFアクションRPG,その他
2019-12-19,THQ Nordic,Wreckfest,30,,RCG,THQ Nordic,0,1,アクションレース,その他
2019-12-19,エンターグラム,はつゆきさくら,-,YES,ETC,エンターグラム,3306_0m_1799,1,その他,その他
2019-12-19,エムツー,エスプレイドΨ,32,YES,SHT,エムツー,3304_0m_1797,1,縦スクロールシューティング,その他
2019-12-19,賈船,ペトゥーンパーティー,-,YES,ETC,賈船,0,1,その他,その他
2019-12-19,エンターグラム,恋する乙女と守護の楯 〜薔薇の聖母〜,-,YES,ETC,エンターグラム,0,1,その他,その他
2019-12-19,コーエーテクモゲームス,無双OROCHI3 Ultimate,34,YES,ACT,コーエーテクモゲームス,3218_0m_1763,1,タクティカルアクション,その他
2019-12-20,Harmonix Music Systems,AUDICA,-,,ETC,Harmonix Music Systems,0,1,その他,その他
2019-12-20,Steel Wool Games,Five Nights at Freddy's VR: Help Wanted,-,,ETC,Steel Wool Games,0,1,その他,その他
2019-12-20,Eastasiasoft,Iro Hero,-,,ETC,Eastasiasoft,0,1,その他,その他
2019-12-20,Hong Kong NetEase Interactive Entertainment,荒野行動,-,,ETC,Hong Kong NetEase Interactive Entertainment,0,1,その他,その他
2019-12-24,The Binary Mill,Mini Motor Racing X,-,,ETC,The Binary Mill,0,1,その他,その他
2019-12-25,Eastasiasoft,Miles and Kilo,-,,ETC,Eastasiasoft,0,1,その他,その他
2019-12-25,コーエーテクモゲームス,アーシャのアトリエ 〜黄昏の大地の錬金術士〜 DX,31,YES,RPG,コーエーテクモゲームス,0,1,旧約錬金術RPG,その他
2019-12-25,コーエーテクモゲームス,エスカ&ロジーのアトリエ 〜黄昏の空の錬金術士〜 DX,33,YES,RPG,コーエーテクモゲームス,0,1,旧約錬金術RPG,その他
2019-12-25,Regista,シャドーコリドー 影の回廊,-,,ETC,Regista,0,1,その他,その他
2019-12-25,コーエーテクモゲームス,シャリーのアトリエ 〜黄昏の海の錬金術士〜 DX,33,YES,RPG,コーエーテクモゲームス,0,1,旧約錬金術RPG,その他
2020-01-09,ジョイフルスター,くるくるカメレオン,-,,ETC,ジョイフルスター,0,1,その他,その他
2020-01-10,HumaNature,ToeJam and Earl: Back in the Groove!,-,,ETC,HumaNature,0,1,その他,その他
2020-01-10,ソニー・ミュージックエンタテインメント,Tokyo Dark – Remembrance –,31,,ADV,ソニー・ミュージックエンタテインメント,0,1,ミステリーアドベンチャー,その他
2020-01-16,Techland SP. Zoo,アライズ: 素朴な物語,-,,ETC,Techland SP. Zoo,0,1,その他,その他
2020-01-16,バンダイナムコエンターテインメント,ドラゴンボールZ カカロット,-,YES,ETC,バンダイナムコエンターテインメント,0,1,その他,その他
2020-01-16,レイニーフロッグ,ドリフトレーシング オンライン,-,,ETC,レイニーフロッグ,0,1,その他,その他
2020-01-16,CarX Technologies,リンク絵 Link-a-Pix DELUXE,-,,ETC,CarX Technologies,0,1,その他,その他
2020-01-16,コーエーテクモゲームス,三國志14,34,YES,SLG,コーエーテクモゲームス,3355_0m_1811,1,歴史シミュレーション,その他
2020-01-16,マーベラス,神田川JET GIRLS,31,YES,RCG,マーベラス,0,1,アクションレース,その他
2020-01-16,ラタライカゲームス,赤いリボン ～奇妙な夢～,-,,ETC,ラタライカゲームス,0,1,その他,その他
2020-01-16,セガゲームス,龍が如く7 光と闇の行方,38,YES,RPG,セガゲームス,3236_0m_1768n,1,ドラマティックRPG,その他
2020-01-23,Eastasiasoft,Valfaris,-,,ETC,Eastasiasoft,0,1,その他,その他
2020-01-23,日本一ソフトウェア,void tRrLM(); //ボイド・テラリウム,31,YES,RPG,日本一ソフトウェア,0,1,ローグライクお世話RPG,その他
2020-01-23,ラタライカゲームス,フォクシーランド2,-,,ETC,ラタライカゲームス,0,1,その他,その他
2020-01-29,Annapurna Interactive,Kentucky Route Zero: TV Edition,-,,ETC,Annapurna Interactive,0,1,その他,その他
2020-01-30,アークシステムワークス,CODE SHIFTER,-,,ETC,アークシステムワークス,0,1,その他,その他
2020-01-30,エンターグラム,IxSHE Tell,-,YES,ETC,エンターグラム,0,1,その他,その他
2020-01-30,TOZAI GAMES,Lode Runner Legacy,-,,ETC,TOZAI GAMES,0,1,その他,その他
2020-01-30,Teyon Japan,アメリカン・フュージティブ,-,,ETC,Teyon Japan,0,1,その他,その他
2020-01-30,ケムコ,ケムコRPGセレクション Vol.3,-,YES,ETC,ケムコ,0,1,その他,その他
2020-01-30,コーラス・ワールドワイド,コーヒートーク,31,YES,ADV,コーラス・ワールドワイド,0,1,バリスタ体験ノベル,その他
2020-01-30,コーラス・ワールドワイド,シスターズロワイヤル 5姉妹に嫌がらせを受けて困っています,-,YES,ETC,コーラス・ワールドワイド,0,1,その他,その他
2020-01-30,ALFASYSTEM,シスターズロワイヤル 5姉妹に嫌がらせを受けて困っています,-,,ETC,ALFASYSTEM,0,1,その他,その他
2020-01-30,Intragames,ブックバウンド・ブリゲード,-,,ETC,Intragames,0,1,その他,その他
2020-01-30,レイニーフロッグ,ヴァルシリア アーク ヒーロースクールストーリー,-,,ETC,レイニーフロッグ,0,1,その他,その他
2020-01-31,ソニー・インタラクティブエンタテインメント,パタポン2 ドンチャカ♪,-,,ETC,ソニー・インタラクティブエンタテインメント,0,1,その他,その他
2020-02-04,Game Source Entertainment,Zombie Army 4：Dead War,31,YES,TPS,Game Source Entertainment,0,1,TPS,その他
2020-02-05,ケムコ,魔想のウィアートル,-,,ETC,ケムコ,0,1,その他,その他
2020-02-06,VisualLight,Throw Anything,-,,ETC,VisualLight,0,1,その他,その他
2020-02-06,フライハイワークス,キャットクエスト2,32,,ARPG,フライハイワークス,0,1,アクションRPG,その他
2020-02-06,Cygames,グランブルーファンタジー ヴァーサス,34,YES,ARPG,Cygames,2669_0m_1542n,1,対戦アクションRPG,その他
2020-02-07,Beep Japan,スターダスト ギャラクシー ウォリアーズ：ステラー クライマックス,-,,ETC,Beep Japan,0,1,その他,その他
2020-02-13,コンパイルハート,Death end re;Quest2,32,YES,RPG,コンパイルハート,0,1,RPG,その他
2020-02-13,PLAYISM,[[Everything|Everything (ゲーム)（英語版）]],-,,ETC,PLAYISM,0,1,その他,その他
2020-02-14,カプコン,ストリートファイターV チャンピオンエディション,-,YES,ETC,カプコン,0,1,その他,その他
2020-02-14,Eastasiasoft,パワルミ,30,,SHT,Eastasiasoft,0,1,縦スクロールシューティング,その他
2020-02-18,Annapurna Interactive,Ashen,-,,ETC,Annapurna Interactive,0,1,その他,その他
2020-02-20,アークシステムワークス,UNDER NIGHT IN-BIRTH Exe:late[cl-r],-,YES,ETC,アークシステムワークス,0,1,その他,その他
2020-02-20,EXNOA,デイメア：1998,-,,ETC,EXNOA,0,1,その他,その他
2020-02-20,アトラス,ペルソナ5 スクランブル ザ ファントム ストライカーズ,36,YES,ARPG,アトラス,3461_0m_1856,1,アクションRPG,その他
2020-02-20,スパイク・チュンソフト,侍道外伝 KATANAKAMI,32,YES,ARPG,スパイク・チュンソフト,0,1,剣術アクションRPG,その他
2020-02-21,THQ Nordic,Darksiders Genesis,-,,ETC,THQ Nordic,0,1,その他,その他
2020-02-21,handy-games,Townsmen - A Kingdom Rebuilt,-,,ETC,handy-games,0,1,その他,その他
2020-02-26,GROUNDING,スペースチャンネル5 VR あらかた★ダンシングショー,35,,音,GROUNDING,0,1,ダンスミュージカルアクション,その他
2020-02-27,角川ゲームス,LoveR Kiss,33,YES,SLG,角川ゲームス,0,1,恋愛シミュレーション,その他
2020-02-27,バンダイナムコエンターテインメント,ONE PUNCH MAN A HERO NOBODY KNOWS,-,YES,ETC,バンダイナムコエンターテインメント,0,1,その他,その他
2020-02-27,エンターグラム,love clear -ラブクリア-,-,YES,ETC,エンターグラム,0,1,その他,その他
2020-02-27,Teyon Japan,リディーマー 僧侶の怒り,-,,ETC,Teyon Japan,0,1,その他,その他
2020-02-27,カプコン,ロックマン ゼロ&ゼクス ダブルヒーローコレクション,-,YES,ETC,カプコン,0,1,その他,その他
2020-02-27,ケムコ,千里の棋譜 〜現代将棋ミステリー〜,30,YES,TBL,ケムコ,0,1,現代将棋ミステリーADV,その他
2020-02-27,システムソフト・ベータ,現代大戦略2020 〜揺れる世界秩序!大国の野望と世界大戦〜,-,YES,ETC,システムソフト・ベータ,0,1,その他,その他
2020-03-05,タイトー,ダライアス コズミックコレクション AE版,-,,ETC,タイトー,0,1,その他,その他
2020-03-05,タイトー,ダライアス コズミックコレクション CE版,-,,ETC,タイトー,0,1,その他,その他
2020-03-12,コーエーテクモゲームス,Winning Post 9 2020,-,YES,ETC,コーエーテクモゲームス,0,1,その他,その他
2020-03-12,コーエーテクモゲームス,仁王2,36,YES,ARPG,コーエーテクモゲームス,3570_0m_1896,1,ダーク戦国アクションRPG,その他
2020-03-12,バンダイナムコエンターテインメント,僕のヒーローアカデミア One's Justice2,33,YES,ACT,バンダイナムコエンターテインメント,0,1,対戦アクション,その他
2020-03-19,アクティブゲーミングメディア,サブノーティカ,32,YES,ADV,アクティブゲーミングメディア,3464_0m_1859,1,サバイバルアドベンチャー,その他
2020-03-26,ベセスダ・ソフトワークス,DOOM Eternal,34,YES,FPS,ベセスダ・ソフトワークス,3087_0m_1700,1,FPS,その他
2020-03-26,ベセスダ・ソフトワークス,DOOM64,-,,ETC,ベセスダ・ソフトワークス,0,1,その他,その他
2020-03-26,H2 INTERACTIVE,Sniper Ghost Warrior Contracts,-,YES,ETC,H2 INTERACTIVE,0,1,その他,その他
2020-03-26,スクウェア・エニックス,ライフ イズ ストレンジ2,36,YES,ADV,スクウェア・エニックス,0,1,アドベンチャー,その他
2020-03-26,ケムコ,リベンジ・オブ・ジャスティス,-,YES,ETC,ケムコ,0,1,その他,その他
2020-03-26,バンダイナムコエンターテインメント,ワンピース 海賊無双4,36,YES,ACT,バンダイナムコエンターテインメント,3575_0m_1899,1,無双アクション,その他
2020-03-26,エンターグラム,金色ラブリッチェ,-,YES,ETC,エンターグラム,0,1,その他,その他
2020-04-02,ウルクスヘブン,ぷちっとクラスター,-,,ETC,ウルクスヘブン,0,1,その他,その他
2020-04-03,eastasiasoft,HyperParasite,30,,ASHT,eastasiasoft,0,1,アクションシューティング,その他
2020-04-03,カプコン,バイオハザード RE:3,-,YES,ETC,カプコン,0,1,その他,その他
2020-04-10,スクウェア・エニックス,ファイナルファンタジーVII リメイク,39,YES,RPG,スクウェア・エニックス,3573_0m_1897,1,RPG,その他
2020-04-23,エンターグラム,アオナツライン,-,YES,ETC,エンターグラム,0,1,その他,その他
2020-04-23,日本一ソフトウェア,ボク姫PROJECT,-,YES,ETC,日本一ソフトウェア,0,1,その他,その他
2020-04-23,オーイズミ・アミュージオ,ミツバチ シミュレーター,-,YES,ETC,オーイズミ・アミュージオ,0,1,その他,その他
2020-04-23,レイニーフロッグ,リトルタウンヒーロー,33,YES,RPG,レイニーフロッグ,0,1,RPG,その他
2020-04-23,工画堂スタジオ,夢現Re：After,-,,ETC,工画堂スタジオ,0,1,その他,その他
2020-04-23,サクセス,海腹川背 Fresh!,-,YES,ETC,サクセス,0,1,その他,その他
2020-04-23,日本ファルコム,英雄伝説 零の軌跡:改,-,YES,ETC,日本ファルコム,3635_0m_1923,1,その他,その他
2020-04-23,インティ・クリエイツ,蒼き雷霆ガンヴォルト ストライカーパック,-,YES,ETC,インティ・クリエイツ,0,1,その他,その他
2020-04-24,ソニー・インタラクティブエンタテインメント,PREDATOR HUNTING GROUNDS,30,YES,ASHT,ソニー・インタラクティブエンタテインメント,0,1,アクションシューティング,その他
2020-04-24,スクウェア・エニックス,聖剣伝説3 TRIALS of MANA,-,YES,ETC,スクウェア・エニックス,0,1,その他,その他
2020-04-29,Game Source Entertainment,Moving Out,31,,TBL,Game Source Entertainment,0,1,パーティー,その他
2020-04-30,eastasiasoft,Mars: Chaos Menace,-,,ETC,eastasiasoft,0,1,その他,その他
2020-05-01,4D CREATIVITY & TECHNOLOGY,Fight the Horror 瞑目 めいもく,-,,ETC,4D CREATIVITY & TECHNOLOGY,0,1,その他,その他
2020-05-01,KEMCO,イノセントリベンジャー～壁の乙女とミデンの塔～,-,,ETC,KEMCO,0,1,その他,その他
2020-05-01,DotEmu,ベア・ナックルIV,34,YES,ACT,DotEmu,3809_0m_1977,1,ベルトスクロールアクション,その他
2020-05-07,Ellada Games,Niffelheim,-,,ETC,Ellada Games,0,1,その他,その他
2020-05-07,Eastasiasoft,タスクフォース カンパス,-,,ETC,Eastasiasoft,0,1,その他,その他
2020-05-14,オーイズミ・アミュージオ,AOテニス 2,30,YES,SPT,オーイズミ・アミュージオ,0,1,テニス,その他
2020-05-14,カイロソフト,まんが一本道〆,-,,ETC,カイロソフト,0,1,その他,その他
2020-05-14,カイロソフト,財閥タウンズV,-,,ETC,カイロソフト,0,1,その他,その他
2020-05-14,カイロソフト,開店デパート日記,-,,ETC,カイロソフト,0,1,その他,その他
2020-05-21,Eastasiasoft,Circuits,-,,ETC,Eastasiasoft,0,1,その他,その他
2020-05-21,Team17 Digital,Golf With Your Friends,-,,ETC,Team17 Digital,0,1,その他,その他
2020-05-21,PARK ESMl,ドアズ・アンド・ルームズ,-,,ETC,PARK ESMl,0,1,その他,その他
2020-05-21,Eastasiasoft,ブック・オブ・デーモンズ,-,,ETC,Eastasiasoft,0,1,その他,その他
2020-05-22,フライハイワークスl,ガンマンストーリー HDコレクション,-,,ETC,フライハイワークスl,0,1,その他,その他
2020-05-22,フライハイワークスl,メカフォース,30,,ASHT,フライハイワークスl,0,1,アクションシューティング,その他
2020-05-26,Mojang AB / 日本マイクロソフト,Minecraft Dungeons,-,YES,ETC,Mojang AB / 日本マイクロソフト,0,1,その他,その他
2020-05-28,セガ,BAYONETTA&VANQUISH,-,YES,ETC,セガ,3768_0m_1970,1,その他,その他
2020-05-28,エンターグラム,となりに彼女のいる幸せ Summer Surprise,-,YES,ETC,エンターグラム,0,1,その他,その他
2020-05-28,アンバランスl,みんなの花札,-,,ETC,アンバランスl,0,1,その他,その他
2020-05-28,ラタライカゲームスl,ザイ・ソード,-,,ETC,ラタライカゲームスl,0,1,その他,その他
2020-05-28,サクセス,海腹川背 BaZooKa!,-,YES,ETC,サクセス,0,1,その他,その他
2020-05-28,日本ファルコム,英雄伝説 碧の軌跡:改,-,YES,ETC,日本ファルコム,3769_0m_1971,1,その他,その他
2020-05-29,Sekai Gamesl,fault - milestone one,-,,ETC,Sekai Gamesl,0,1,その他,その他
2020-05-29,テイクツー・インタラクティブ・ジャパンl,バイオショック インフィニット コンプリート・エディション,37,,SHT,テイクツー・インタラクティブ・ジャパンl,0,1,RPGシューター,その他
2020-05-29,テイクツー・インタラクティブ・ジャパンl,バイオショック リマスター,-,,ETC,テイクツー・インタラクティブ・ジャパンl,0,1,その他,その他
2020-05-29,テイクツー・インタラクティブ・ジャパンl,バイオショック2 リマスター,35,,SHT,テイクツー・インタラクティブ・ジャパンl,0,1,RPGシューター,その他
2020-05-29,テイクツー・インタラクティブ・ジャパンl,ボーダーランズ レジェンダリー・コレクション,-,,ETC,テイクツー・インタラクティブ・ジャパンl,0,1,その他,その他
2020-06-03,DANGEN ENTERTAINMENT,Timespinner,-,,ETC,DANGEN ENTERTAINMENT,0,1,その他,その他
2020-06-03,Numskull Games,すーぱーえぴっく,-,,ETC,Numskull Games,0,1,その他,その他
2020-06-11,プラチナゲームズ,The Wonderful 101: Remastered,39,YES,ACT,プラチナゲームズ,0,1,ユナイト・アクション,その他
2020-06-11,プラチナゲームズ,The Wonderful 101:Remastered,39,,ACT,プラチナゲームズ,0,1,ユナイト・アクション,その他
2020-06-15,AGAINST GRAVITY CORP,Rec Room,-,,ETC,AGAINST GRAVITY CORP,0,1,その他,その他
2020-06-16,MEKIWI,Cave Digger,-,,ETC,MEKIWI,0,1,その他,その他
2020-06-16,Eastasiasoft,Pity Pit,-,,ETC,Eastasiasoft,0,1,その他,その他
2020-06-18,Eastasiasoft,BDSM：ビッグ・ドランク・サタニック・マサカー,-,,ETC,Eastasiasoft,0,1,その他,その他
2020-06-18,バンダイナムコエンターテインメント,NAMCO MUSEUM ARCHIVES Vol.1,-,,ETC,バンダイナムコエンターテインメント,0,1,その他,その他
2020-06-18,バンダイナムコエンターテインメント,NAMCO MUSEUM ARCHIVES Vol.2,-,,ETC,バンダイナムコエンターテインメント,0,1,その他,その他
2020-06-19,ソニー・インタラクティブエンタテインメント,The Last of Us Part II,39,YES,ACT,ソニー・インタラクティブエンタテインメント,3811_0m_1979,1,サバイバルアクション,その他
2020-06-25,H2 INTERACTIVE,Journey To The Savage Planet,30,YES,AADV,H2 INTERACTIVE,0,1,アクションアドベンチャー,その他
2020-06-25,Eastasiasoft,Smoots Summer Games,-,,ETC,Eastasiasoft,0,1,その他,その他
2020-06-25,ケムコ,デスマッチラブコメ!,-,YES,ETC,ケムコ,0,1,その他,その他
2020-06-25,DMM GAMES,レムナント：フロム・ジ・アッシュ,31,YES,ASHT,DMM GAMES,0,1,アクションシューティング,その他
2020-06-25,日本一ソフトウェア,少女地獄のドクムス〆,-,YES,ETC,日本一ソフトウェア,0,1,その他,その他
2020-06-26,HUMBLE BUNDLE,One Step From Eden,-,,ETC,HUMBLE BUNDLE,0,1,その他,その他
2020-06-26,インティ・クリエイツ,ブラスターマスター ゼロ,32,,ACT,インティ・クリエイツ,0,1,探索アクション,その他
2020-06-26,インティ・クリエイツ,ブラスターマスター ゼロ2,-,,ETC,インティ・クリエイツ,0,1,その他,その他
2020-07-01,Playstige Interactive,Dreaming Canvas,-,,ETC,Playstige Interactive,0,1,その他,その他
2020-07-01,Eastasiasoft,プッシー＆プリー・イン・ブロックランド,-,,ETC,Eastasiasoft,0,1,その他,その他
2020-07-02,DMM GAMES,BOSSGARD,-,,ETC,DMM GAMES,0,1,その他,その他
2020-07-03,Playstige Interactive,Nerved,-,,ETC,Playstige Interactive,0,1,その他,その他
2020-07-03,QUTE CORPORATION,ギンガフォース,-,,ETC,QUTE CORPORATION,0,1,その他,その他
2020-07-03,ソニー・インタラクティブエンタテインメント,マーベルアイアンマン VR,32,YES,AADV,ソニー・インタラクティブエンタテインメント,0,1,アクションアドベンチャー,その他
2020-07-06,カイロソフト,常夏プールパレス,-,,ETC,カイロソフト,0,1,その他,その他
2020-07-07,PILLOW CASTLE,Superliminal,-,,ETC,PILLOW CASTLE,0,1,その他,その他
2020-07-08,Eastasiasoft,Robozarro,-,,ETC,Eastasiasoft,0,1,その他,その他
2020-07-09,DANGEN ENTERTAINMENT,CrossCode,-,,ETC,DANGEN ENTERTAINMENT,0,1,その他,その他
2020-07-09,Beep Japan,Toby : The Secret Mine,-,,ETC,Beep Japan,0,1,その他,その他
2020-07-09,Intragames,Warparty,-,,ETC,Intragames,0,1,その他,その他
2020-07-09,KONAMI,eBASEBALLパワフルプロ野球2020,36,YES,SPT,KONAMI,3889_0m_2015,1,野球・育成,その他
2020-07-09,オーイズミ・アミュージオ,オーバーパス,-,YES,ETC,オーイズミ・アミュージオ,0,1,その他,その他
2020-07-09,バンダイナムコエンターテインメント,ソードアート・オンライン アリシゼーション リコリス,32,YES,ARPG,バンダイナムコエンターテインメント,3766_0m_1968,1,アクションRPG,その他
2020-07-09,NAパブリッシング,ブレア・ウィッチ 日本語版,30,YES,ETC,NAパブリッシング,0,1,サバイバルホラー,その他
2020-07-10,KEMCO,アルファディア ジェネシス,-,,ETC,KEMCO,0,1,その他,その他
2020-07-10,インティ・クリエイツ,ブラッドステインド:カース・オブ・ザ・ムーン2,-,,ETC,インティ・クリエイツ,0,1,その他,その他
2020-07-13,EN MASSE ENTERTAINMENT,ダーククリスタル: エイジ・オブ・レジスタンス,-,,ETC,EN MASSE ENTERTAINMENT,0,1,その他,その他
2020-07-14,TEAM 17 DIGITAL,Neon Abyss,30,,ASHT,TEAM 17 DIGITAL,0,1,アクションシューティング,その他
2020-07-14,エレクトロニック・アーツ,ロケットアリーナ,-,YES,ETC,エレクトロニック・アーツ,0,1,その他,その他
2020-07-16,DIGITAL CRAFTER,Fight of Gods,-,,ETC,DIGITAL CRAFTER,0,1,その他,その他
2020-07-16,スパイク・チュンソフト,インディヴィジブル 闇を祓う魂たち,32,YES,ARPG,スパイク・チュンソフト,0,1,アクションRPG,その他
2020-07-16,Phoenixx,東方の迷宮 -幻想郷と天貫の大樹-,-,,ETC,Phoenixx,0,1,その他,その他
2020-07-17,ソニー・インタラクティブエンタテインメント,Ghost of Tsushima,40,YES,AADV,ソニー・インタラクティブエンタテインメント,3868_0m_2002,1,アクションアドベンチャー,その他
2020-07-22,PLAYISM,Creaks,31,,ADV,PLAYISM,0,1,パズルアドベンチャー,その他
2020-07-22,インティ・クリエイツ,Dragon Marked For Death,31,,ARPG,インティ・クリエイツ,0,1,アクションRPG,その他
2020-07-22,Eastasiasoft,Freedom Finger,30,,SHT,Eastasiasoft,0,1,横スクロールシューティング,その他
2020-07-28,アクティビジョン,Call of Duty: Modern Warfare 2 Campaign Remastered,-,,ETC,アクティビジョン,0,1,その他,その他
2020-07-28,THQ Nordic,Destroy All Humans!,-,,ETC,THQ Nordic,0,1,その他,その他
2020-07-29,Eastasiasoft,112th Seed,-,,ETC,Eastasiasoft,0,1,その他,その他
2020-07-30,アークシステムワークス,Aggelos,-,,ETC,アークシステムワークス,0,1,その他,その他
2020-07-30,Studio MDHR,Cuphead,-,,ETC,Studio MDHR,0,1,その他,その他
2020-07-30,オレンジ,Defunct,-,,ETC,オレンジ,0,1,その他,その他
2020-07-30,Beep Japan,Everreach: Project Eden,-,,ETC,Beep Japan,0,1,その他,その他
2020-07-30,エンターグラム,Eスクールライフ,-,YES,ETC,エンターグラム,0,1,その他,その他
2020-07-30,コーエーテクモゲームス,FAIRY TAIL,32,YES,RPG,コーエーテクモゲームス,0,1,RPG,その他
2020-07-30,Eastasiasoft,Mushroom Heroes,-,,ETC,Eastasiasoft,0,1,その他,その他
2020-07-30,角川ゲームス,Root Film,32,YES,ADV,角川ゲームス,0,1,ミステリーアドベンチャー,その他
2020-07-30,ケムコ,ケムコRPGセレクション Vol.4,-,YES,ETC,ケムコ,0,1,その他,その他
2020-07-30,SOEDESCO,ゴシックマーダー -運命を変えるアドベンチャー-,-,,ETC,SOEDESCO,0,1,その他,その他
2020-07-30,SNK,サムライスピリッツ ネオジオコレクション,-,YES,ETC,SNK,0,1,その他,その他
2020-07-30,オーイズミ・アミュージオ,ザ・マミー ディマスター,-,,ETC,オーイズミ・アミュージオ,0,1,その他,その他
2020-07-30,バンダイナムコエンターテインメント,ドラえもん のび太の牧場物語,34,YES,ETC,バンダイナムコエンターテインメント,0,1,ほのぼの生活ゲーム,その他
2020-07-30,日本一ソフトウェア,夜、灯す,-,YES,ETC,日本一ソフトウェア,0,1,その他,その他
2020-07-30,バンダイナムコエンターテインメント,機動戦士ガンダム エクストリームバーサス マキシブースト ON,-,YES,ETC,バンダイナムコエンターテインメント,0,1,その他,その他
2020-07-31,PROUD ARTS,ネクストジェンサンドボックス,-,,ETC,PROUD ARTS,0,1,その他,その他
2020-08-02,ROCKETPUNCH （BEIJING） TECHNOLOGY,HARDCORE MECHA,33,,ACT,ROCKETPUNCH （BEIJING） TECHNOLOGY,0,1,ハイスピードメカアクション,その他
2020-08-04,Devolver Digital,Fall Guys: Ultimate Knockout,34,,ACT,Devolver Digital,0,1,バトルロイヤル,その他
2020-08-04,KOCH MEDIA,レリクタ,-,,ETC,KOCH MEDIA,0,1,その他,その他
2020-08-06,PLAYISM,LA-MULANA,-,,ETC,PLAYISM,0,1,その他,その他
2020-08-06,コーラス・ワールドワイド,ザ・コーマ2：ヴィシャスシスターズ,31,,ADV,コーラス・ワールドワイド,0,1,ホラーアドベンチャー,その他
2020-08-06,コンパイルハート,ブイブイブイテューヌ,31,YES,ARPG,コンパイルハート,0,1,アクションRPG,その他
2020-08-06,アークシステムワークス,モンスターボーイ 呪われた王国,32,YES,ARPG,アークシステムワークス,0,1,アクションRPG,その他
2020-08-06,カイロソフト,名門ポケット学院2,-,,ETC,カイロソフト,0,1,その他,その他
2020-08-07,SOEDESCO,8-Bit Armies,-,,ETC,SOEDESCO,0,1,その他,その他
2020-08-07,SOEDESCO,8-Bit Invaders!,-,,ETC,SOEDESCO,0,1,その他,その他
2020-08-07,SOEDESCO,Monstrum,-,,ETC,SOEDESCO,0,1,その他,その他
2020-08-07,SOEDESCO,SHINY - A Robotic Adventure,-,,ETC,SOEDESCO,0,1,その他,その他
2020-08-11,Fatalist Technologies,Generation Zero,-,,ETC,Fatalist Technologies,0,1,その他,その他
2020-08-13,M2H,キャスタウェイズ,-,,ETC,M2H,0,1,その他,その他
2020-08-14,Eastasiasoft,Daggerhood,-,,ETC,Eastasiasoft,0,1,その他,その他
2020-08-14,エレクトロニック・アーツ,UFC 4,-,,ETC,エレクトロニック・アーツ,0,1,その他,その他
2020-08-14,SKONEC ENTERTAINMENT,モータルブリッツ：コンバットアリーナ,-,,ETC,SKONEC ENTERTAINMENT,0,1,その他,その他
2020-08-18,EXNOA,Mortal Shell,-,,ETC,EXNOA,0,1,その他,その他
2020-08-18,M2H,タンネンベルク,-,,ETC,M2H,0,1,その他,その他
2020-08-18,3goo,ロック・オブ・エイジス: メイク&ブレイク,-,YES,ETC,3goo,0,1,その他,その他
2020-08-18,M2H,ヴェルダン,-,,ETC,M2H,0,1,その他,その他
2020-08-20,Eastasiasoft,Zero Strain,-,,ETC,Eastasiasoft,0,1,その他,その他
2020-08-20,Merge Games,きたのたましい,-,,ETC,Merge Games,0,1,その他,その他
2020-08-20,ディースリー・パブリッシャー,ウルトラハットダイメンション,-,,ETC,ディースリー・パブリッシャー,0,1,その他,その他
2020-08-20,ラタライカゲームス,グリムライト,-,,ETC,ラタライカゲームス,0,1,その他,その他
2020-08-20,Game Source Entertainment,グリードフォール,-,YES,ETC,Game Source Entertainment,0,1,その他,その他
2020-08-20,THQ Nordic,スポンジ・ボブ：Battle for Bikini Bottom - Rehydrated,31,,AADV,THQ Nordic,0,1,アクションアドベンチャー,その他
2020-08-20,スパイク・チュンソフト,ゾンビサバイバル コロニービルダー They Are Billions,30,YES,RTS,スパイク・チュンソフト,0,1,リアルタイムストラテジー,その他
2020-08-21,テイクツー・インタラクティブ,ゴルフ PGAツアー 2K21,32,,SPT,テイクツー・インタラクティブ,0,1,ゴルフ,その他
2020-08-24,Eastasiasoft,Fullblast,-,,ETC,Eastasiasoft,0,1,その他,その他
2020-08-26,オレンジ,イヌワシ ～うらぶれ探偵とお嬢様刑事の池袋事件ファイル～,-,,ETC,オレンジ,0,1,その他,その他
2020-08-27,Eastasiasoft,Grizzland,-,,ETC,Eastasiasoft,0,1,その他,その他
2020-08-27,オーイズミ・アミュージオ,MotoGP20,32,YES,RCG,オーイズミ・アミュージオ,0,1,モータースポーツレーシング,その他
2020-08-27,DMM GAMES,Stellaris,30,YES,RTS,DMM GAMES,0,1,4Xグランドストラテジー,その他
2020-08-27,エンターグラム,キスアト,-,,ETC,エンターグラム,0,1,その他,その他
2020-08-27,エンターグラム,キスベル,-,,ETC,エンターグラム,0,1,その他,その他
2020-08-27,バンダイナムコエンターテインメント,キャプテン翼 RISE OF NEW CHAMPIONS,32,YES,SPT,バンダイナムコエンターテインメント,4082_0m_2088,1,サッカーアクション,その他
2020-08-27,PLAYISM,ジラフとアンニカ,-,YES,ETC,PLAYISM,0,1,その他,その他
2020-08-27,Reef Entertainment,ターミネーター レジスタンス,30,,FPS,Reef Entertainment,0,1,FPS,その他
2020-08-27,THQ Nordic,デスペラードIII,-,,ETC,THQ Nordic,0,1,その他,その他
2020-08-27,Game Source Entertainment,ノー・ストレート・ロード,31,,AADV,Game Source Entertainment,0,1,アクションアドベンチャー,その他
2020-08-27,スクウェア・エニックス,ファイナルファンタジー・クリスタルクロニクル リマスター,-,YES,ETC,スクウェア・エニックス,3357_0m_1813,1,その他,その他
2020-08-27,エンターグラム,ホチキス,-,,ETC,エンターグラム,0,1,その他,その他
2020-08-27,日本ファルコム,英雄伝説 創の軌跡,33,YES,RPG,日本ファルコム,4081_0m_2087,1,ストーリーRPG,その他
2020-08-28,エレクトロニック・アーツ,Madden NFL 21,-,,ETC,エレクトロニック・アーツ,0,1,その他,その他
2020-08-28,DISNEY INTERACTIVE,Vader Immortal:A Star Wars VR Series,-,,ETC,DISNEY INTERACTIVE,0,1,その他,その他
2020-08-28,Raw Fury,West of Dead,-,,ETC,Raw Fury,0,1,その他,その他
2020-08-28,KEMCO,ロストドラゴン,-,,ETC,KEMCO,0,1,その他,その他
2020-09-03,Proletariat,スペルブレイク,-,,ETC,Proletariat,0,1,その他,その他
2020-09-04,テイクツー・インタラクティブ,NBA 2K21,31,YES,SPT,テイクツー・インタラクティブ,0,1,バスケットボール,その他
2020-09-04,アクティビジョン,トニー・ホーク プロスケーター 1 + 2,-,YES,ETC,アクティビジョン,0,1,その他,その他
2020-09-04,スクウェア・エニックス,マーベル アベンジャーズ,-,YES,ETC,スクウェア・エニックス,0,1,その他,その他
2020-09-04,PROJECT YNP,新世紀GPXサイバーフォーミュラSIN VIER,-,,ETC,PROJECT YNP,0,1,その他,その他
2020-09-08,THQ Nordic,Kingdoms of Amalur: Re-Reckoning,-,,ETC,THQ Nordic,0,1,その他,その他
2020-09-10,Flarb,DEMON'S TILT,-,,ETC,Flarb,0,1,その他,その他
2020-09-10,DANGEN ENTERTAINMENT,Minoria,-,,ETC,DANGEN ENTERTAINMENT,0,1,その他,その他
2020-09-10,バンダイナムコエンターテインメント,Project CARS 3,33,YES,RCG,バンダイナムコエンターテインメント,0,1,リアルレースシミュレーション,その他
2020-09-10,CHAMELEON GAMES,Tamarin,-,,ETC,CHAMELEON GAMES,0,1,その他,その他
2020-09-10,不明,VR Ping Pong Pro,-,,ETC,不明,0,1,その他,その他
2020-09-10,オーイズミ・アミュージオ,スノーランナー,32,,RCG,オーイズミ・アミュージオ,0,1,オフロードトラックシミュレーション,その他
2020-09-10,Eastasiasoft,タコタン：星のタコ,-,,ETC,Eastasiasoft,0,1,その他,その他
2020-09-10,Eastasiasoft,ファイト＆レイジ,31,,ACT,Eastasiasoft,0,1,ベルトスクロールアクション,その他
2020-09-10,角川ゲームス,メタルマックス ゼノリボーン,-,YES,ETC,角川ゲームス,0,1,その他,その他
2020-09-11,Natsume,Reel Fishing: Road Trip Adventure,-,,ETC,Natsume,0,1,その他,その他
2020-09-11,KOCH MEDIA,Windbound,-,,ETC,KOCH MEDIA,0,1,その他,その他
2020-09-17,SOEDESCO,Dog Duty,-,,ETC,SOEDESCO,0,1,その他,その他
2020-09-17,FOCUS HOME INTERACTIVE,Necromunda: Underhive Wars,-,,ETC,FOCUS HOME INTERACTIVE,0,1,その他,その他
2020-09-17,EDMM GAMES,アトミクロップス,32,,ACT,EDMM GAMES,0,1,ファーミングアクション,その他
2020-09-17,Eastasiasoft,ゼノ・クライシス,-,,ETC,Eastasiasoft,0,1,その他,その他
2020-09-18,Crytek,Crysis Remastered,-,,ETC,Crytek,0,1,その他,その他
2020-09-18,Star Vault AB,Kitten'd,-,,ETC,Star Vault AB,0,1,その他,その他
2020-09-18,テイクツー・インタラクティブ,WWE 2K バトルグラウンド,33,,FTG,テイクツー・インタラクティブ,0,1,格闘アクション,その他
2020-09-18,ラタライカゲームス,バルーンボーイ,-,,ETC,ラタライカゲームス,0,1,その他,その他
2020-09-24,Game Source Entertainment,F1 2020,32,,RCG,Game Source Entertainment,4122_0m_2105,1,レース,その他
2020-09-24,Beep Japan,Pinstripe,-,,ETC,Beep Japan,0,1,その他,その他
2020-09-24,MAGES.,この素晴らしい世界に祝福を! 〜この欲望の衣装に寵愛を！〜,-,YES,ETC,MAGES.,4121_0m_2104,1,その他,その他
2020-09-24,エンターグラム,アイカギ2,-,YES,ETC,エンターグラム,0,1,その他,その他
2020-09-24,エンターグラム,アイキス,-,YES,ETC,エンターグラム,0,1,その他,その他
2020-09-24,オーイズミ・アミュージオ,アセットコルサ コンペティツィオーネ（英語版）,-,YES,ETC,オーイズミ・アミュージオ,0,1,その他,その他
2020-09-24,コンパイルハート,デート・ア・ライブ 蓮ディストピア,-,YES,ETC,コンパイルハート,0,1,その他,その他
2020-09-28,miHoYo,原神,35,,ARPG,miHoYo,0,1,アクションRPG,その他
2020-10-01,ラタライカゲームス,バースデー・オブ・ミッドナイト,-,,ETC,ラタライカゲームス,0,1,その他,その他
2020-10-02,エレクトロニック・アーツ,Star Wars：スコードロン,-,YES,ETC,エレクトロニック・アーツ,4211_0m_2150,1,その他,その他
2020-10-02,アクティビジョン,クラッシュ・バンディクー4 とんでもマルチバース,33,YES,ACT,アクティビジョン,4212_0m_2151,1,3Dアクション,その他
2020-10-08,ラタライカゲームス,A HERO AND A GARDEN,-,,ETC,ラタライカゲームス,0,1,その他,その他
2020-10-09,エレクトロニック・アーツ,FIFA 21,-,YES,ETC,エレクトロニック・アーツ,0,1,その他,その他
2020-10-15,ラタライカゲームス,ゴルフ・ゼロ,-,,ETC,ラタライカゲームス,0,1,その他,その他
2020-10-15,エクスペリエンス,黄泉ヲ裂ク華,33,YES,RPG,エクスペリエンス,4208_0m_2148,1,ダンジョンRPG,その他
2020-10-16,Playstige Interactive,JigSaw Abundance,-,,ETC,Playstige Interactive,0,1,その他,その他
2020-10-22,ラタライカゲームス,クロスクラッシュ,-,,ETC,ラタライカゲームス,0,1,その他,その他
2020-10-29,バンダイナムコエンターテインメント,KAMEN RIDER memory of heroez,-,YES,ETC,バンダイナムコエンターテインメント,4225_0m_2163,1,その他,その他
2020-10-29,ユービーアイソフト,ウォッチドッグス レギオン,36,YES,ACT,ユービーアイソフト,43_0m_43,1,ハッキングアクション,その他
2020-10-29,EXNOA,セインツロウ:ザ・サード リマスタード,36,YES,ACT,EXNOA,0,1,クライムアクション,その他
2020-10-29,レベルファイブ,妖怪学園Y 〜ワイワイ学園生活〜,35,YES,RPG,レベルファイブ,0,1,学園生活RPG,その他
2020-10-29,アトラス,真・女神転生III NOCTURNE HD REMASTER,-,YES,ETC,アトラス,0,1,その他,その他
2020-11-05,コンパイルハート,神獄塔 メアリスケルターFinale,-,YES,ETC,コンパイルハート,0,1,その他,その他
2020-11-10,ハピネット,ブリガンダイン ルーナジア戦記,-,YES,ETC,ハピネット,0,1,その他,その他
2020-11-11,スクウェア・エニックス,キングダム ハーツ メロディ オブ メモリー,34,YES,音,スクウェア・エニックス,4231_0m_2168,1,リズムアクション,その他
2020-11-12,ソニー・インタラクティブエンタテインメント,Marvel's Spider-Man: Miles Morales,38,YES,AADV,ソニー・インタラクティブエンタテインメント,4308_0m_2184,1,アクションアドベンチャー,その他
2020-11-12,Annapurna Interactive,The Pathless,-,,ETC,Annapurna Interactive,0,1,その他,その他
2020-11-12,ソニー・インタラクティブエンタテインメント,リビッツ! ビッグ・アドベンチャー,35,YES,ACT,ソニー・インタラクティブエンタテインメント,4307_0m_2183,1,3Dアクション,その他
2020-11-12,マーベラス,天穂のサクナヒメ,33,YES,ARPG,マーベラス,4232_0m_2169,1,和風アクションRPG,その他
2020-11-13,アクティビジョン,コール オブ デューティ ブラックオプス コールドウォー,33,YES,FPS,アクティビジョン,4236_0m_2172,1,FPS,その他
2020-11-19,タイトー,バブルボブル 4 フレンズ すかるもんすたの逆襲,-,YES,ETC,タイトー,0,1,その他,その他
2020-11-19,バンダイナムコエンターテインメント,塊魂アンコール,-,YES,ETC,バンダイナムコエンターテインメント,0,1,その他,その他
2020-11-20,Young Horses,Bugsnax,-,,ETC,Young Horses,0,1,その他,その他
2020-11-20,ラタライカゲームス,Micetopia,-,,ETC,ラタライカゲームス,0,1,その他,その他
2020-11-21,Playstige Interactive,Memory Lane,-,,ETC,Playstige Interactive,0,1,その他,その他
2020-11-23,Playstige Interactive,JigSaw Solace,-,,ETC,Playstige Interactive,0,1,その他,その他
2020-11-23,DMM GAMES,RIDE 4 Special Edition,-,YES,ETC,DMM GAMES,0,1,その他,その他
2020-11-26,あまた,Last Labyrinth,31,YES,ADV,あまた,0,1,VR脱出アドベンチャー,その他
2020-11-26,日本一ソフトウェア,ガレリアの地下迷宮と魔女ノ旅団,33,YES,RPG,日本一ソフトウェア,4309_0m_2185,1,ダンジョンRPG,その他
2020-11-26,オーイズミ・アミュージオ,ノースガード,31,YES,RTS,オーイズミ・アミュージオ,0,1,リアルタイムストラテジー,その他
2020-11-26,エンターグラム,"恋する乙女と守護の楯 Re:boot The ""SHIELD-9""",-,YES,ETC,エンターグラム,0,1,その他,その他
2020-12-03,ユービーアイソフト,イモータルズ フィニクス ライジング,34,YES,AADV,ユービーアイソフト,4382_0m_2214,1,アクションアドベンチャー,その他
2020-12-03,コーエーテクモゲームス,ライザのアトリエ2 〜失われた伝承と秘密の妖精〜,33,YES,RPG,コーエーテクモゲームス,4482_0m_2268,1,錬金術RPG,その他
2020-12-03,スクウェア・エニックス,電車でGO!! はしろう山手線,32,YES,SLG,スクウェア・エニックス,4383_0m_2215,1,電車運転シミュレーション,その他
2020-12-04,スクウェア・エニックス,ドラゴンクエストXI 過ぎ去りし時を求めて S,40,YES,RPG,スクウェア・エニックス,4131_0m_2111,1,RPG,その他
2020-12-10,セガ,ぷよぷよテトリス2,34,YES,ACT,セガ,0,1,アクションパズル,その他
2020-12-10,スパイク・チュンソフト,サイバーパンク2077,-,YES,ETC,スパイク・チュンソフト,4239_0m_2175,1,その他,その他
2020-12-10,アクアプラス,ドカポンUP! 夢幻のルーレット,-,YES,ETC,アクアプラス,0,1,その他,その他
2020-12-14,マーベラス,CONTROL アルティメット・エディション,-,,ETC,マーベラス,0,1,その他,その他
2020-12-16,EXNOA,チルドレン・オブ・モルタ ～ 家族の絆の物語～,33,YES,ARPG,EXNOA,0,1,アクションRPG,その他
2020-12-17,Eastasiasoft,Drunken Fist,-,,ETC,Eastasiasoft,0,1,その他,その他
2020-12-17,ピッキー,Jump King,-,,ETC,ピッキー,0,1,その他,その他
2020-12-17,Eastasiasoft,Lost Wing,-,,ETC,Eastasiasoft,0,1,その他,その他
2020-12-17,Tripwire Interactive,Maneater,34,YES,ARPG,Tripwire Interactive,0,1,アクションRPG,その他
2020-12-17,コーラス・ワールドワイド,When the Past was Around 過去といた頃,33,,ADV,コーラス・ワールドワイド,0,1,パズルアドベンチャー,その他
2020-12-17,エンターグラム,りゅうおうのおしごと!,-,YES,ETC,エンターグラム,0,1,その他,その他
2020-12-17,オーイズミ・アミュージオ,テニス ワールドツアー 2,-,YES,ETC,オーイズミ・アミュージオ,0,1,その他,その他
2020-12-17,ラタライカゲームス,フレディ スパゲッティ,-,,ETC,ラタライカゲームス,0,1,その他,その他
2020-12-17,エンターグラム,幻想牢獄のカレイドスコープ,-,YES,ETC,エンターグラム,4497_0m_2283n,1,その他,その他
2020-12-24,オーイズミ・アミュージオ,Vampyr,-,YES,ETC,オーイズミ・アミュージオ,0,1,その他,その他
2020-12-24,ディースリー・パブリッシャー,ま～るい地球が四角くなった!? デジボク地球防衛軍 EARTH DEFENSE：WORLD BROTHERS,-,YES,ETC,ディースリー・パブリッシャー,0,1,その他,その他
2020-12-24,エムツー,アレスタコレクション,-,YES,ETC,エムツー,0,1,その他,その他
2021-01-08,Eastasiasoft,Kawaii Deathu Desu,-,,ETC,Eastasiasoft,0,1,その他,その他
2021-01-13,Eastasiasoft,Super Skelemania,-,,ETC,Eastasiasoft,0,1,その他,その他
2021-01-13,Eastasiasoft,ピラー：パズル・エスケープ,-,,ETC,Eastasiasoft,0,1,その他,その他
2021-01-21,EXNOA,RIDE 4（英語版）,32,YES,SPT,EXNOA,6820_0m_4923,1,野球,その他
2021-01-21,DMM GAMES,サムライジャック：時空の戦い,32,YES,ARPG,DMM GAMES,4520_0m_2306,1,アクションRPG,その他
2021-01-26,インティ・クリエイツ,サイバーシャドウ（英語版）,31,,ACT,インティ・クリエイツ,0,1,探索アクション,その他
2021-01-28,Eastasiasoft,Project Starship X,-,,ETC,Eastasiasoft,0,1,その他,その他
2021-01-28,スパイク・チュンソフト,Re:ゼロから始める異世界生活 偽りの王選候補,32,YES,ADV,スパイク・チュンソフト,4523_0m_2309,1,タクティカルアドベンチャー,その他
2021-01-28,レイニーフロッグ,ドットホラーストーリー2,30,,ADV,レイニーフロッグ,0,1,サイコホラーアドベンチャー,その他
2021-01-28,日本一ソフトウェア,魔界戦記ディスガイア6,33,YES,SRPG,日本一ソフトウェア,0,1,シミュレーションRPG,その他
2021-01-29,Skookum Arts LLC,The Pedestrian,-,,ETC,Skookum Arts LLC,0,1,その他,その他
2021-02-04,Eastasiasoft,Habroxia 2,-,,ETC,Eastasiasoft,0,1,その他,その他
2021-02-04,コーエーテクモゲームス,仁王2 Complete Edition,-,YES,ETC,コーエーテクモゲームス,0,1,その他,その他
2021-02-10,バンダイナムコエンターテインメント,リトルナイトメア2,33,YES,ADV,バンダイナムコエンターテインメント,4561_0m_2347,1,サスペンスアドベンチャー,その他
2021-02-12,7 RAVEN STUDIOS,Rusty Spout Rescue Adventure,-,,ETC,7 RAVEN STUDIOS,0,1,その他,その他
2021-02-18,ラタライカゲームス,Anodyne 2: Return to Dust（英語版）,32,,SPT,ラタライカゲームス,6820_0m_4923,1,野球,その他
2021-02-18,ラタライカゲームス,VOID GORE,-,,ETC,ラタライカゲームス,0,1,その他,その他
2021-02-25,ラタライカゲームス,サンダーフラッシュ,-,,ETC,ラタライカゲームス,0,1,その他,その他
2021-03-02,アンナプルナ・インタラクティブ,マケット（英語版）,-,,ETC,アンナプルナ・インタラクティブ,0,1,その他,その他
2021-03-04,PIXEL REEF,Paper Beast,-,,ETC,PIXEL REEF,0,1,その他,その他
2021-03-04,コーエーテクモゲームス,アルノサージュ〜生まれいずる星へ祈る詩〜 DX,-,YES,ETC,コーエーテクモゲームス,0,1,その他,その他
2021-03-04,コーエーテクモゲームス,シェルノサージュ〜失われた星へ捧ぐ詩〜 DX,-,YES,ETC,コーエーテクモゲームス,0,1,その他,その他
2021-03-05,Eastasiasoft,事件ファイル：アニマトロニクス,-,,ETC,Eastasiasoft,0,1,その他,その他
2021-03-11,Eastasiasoft,りっく☆じあ～す サイバーパニック！,-,,ETC,Eastasiasoft,0,1,その他,その他
2021-03-12,LGS Productions,TAISHOGUN: THE RISE OF EMPEROR,-,,ETC,LGS Productions,0,1,その他,その他
2021-03-18,ディースリー・パブリッシャー,MAGLAM LORD/マグラムロード,31,YES,ARPG,ディースリー・パブリッシャー,0,1,魔剣創造アクションRPG,その他
2021-03-24,スクウェア・エニックス,ラブライブ!スクールアイドルフェスティバル 〜after school ACTIVITY〜 わいわい!Home Meeting!!,-,,ETC,スクウェア・エニックス,0,1,その他,その他
2021-03-25,MAGES.,五等分の花嫁∬ 〜夏の思い出も五等分〜,-,YES,ETC,MAGES.,4586_0m_2372,1,その他,その他
2021-03-26,エレクトロニック・アーツ,It Takes Two,35,,AADV,エレクトロニック・アーツ,0,1,アクションアドベンチャー,その他
2021-03-26,スクウェア・エニックス,バランワンダーワールド,30,YES,ACT,スクウェア・エニックス,0,1,ワンダーアクション,その他
2021-04-01,スクウェア・エニックス,OUTRIDERS（英語版）,32,,SPT,スクウェア・エニックス,6820_0m_4923,1,野球,その他
2021-04-05,ラタライカゲームス,ワン・エスケープ 俺の脱獄作戦,-,,ETC,ラタライカゲームス,0,1,その他,その他
2021-04-06,Oddworld Inhabitants（英語版）,Oddworld: Soulstorm（英語版）,32,,SPT,Oddworld Inhabitants（英語版）,6820_0m_4923,1,野球,その他
2021-04-08,Gamuzumi,タリアの伝説 女騎士アルカディア,-,,ETC,Gamuzumi,0,1,その他,その他
2021-04-12,EXNOA,Monster Energy Supercross - The Official Videogame 4（英語版） - Special Edition,32,,SPT,EXNOA,6820_0m_4923,1,野球,その他
2021-04-15,コーエーテクモゲームス,Winning Post 9 2021,-,YES,ETC,コーエーテクモゲームス,0,1,その他,その他
2021-04-15,Eastasiasoft,キングダム・オブ・アルカディア,-,,ETC,Eastasiasoft,0,1,その他,その他
2021-04-15,スクウェア・エニックス,サガ フロンティア リマスター,-,,ETC,スクウェア・エニックス,0,1,その他,その他
2021-04-22,Team17,Overcooked! 王国のフルコース,-,YES,ETC,Team17,0,1,その他,その他
2021-04-22,Gamuzumi,サクラ・サキュバス 〜モテ期は唐突に〜,-,,ETC,Gamuzumi,0,1,その他,その他
2021-04-22,コーエーテクモゲームス,ソフィーのアトリエ 〜不思議な本の錬金術士〜 DX,-,YES,ETC,コーエーテクモゲームス,273_0m_218n,1,その他,その他
2021-04-22,スクウェア・エニックス,ニーア レプリカント ver.1.22474487139...,34,YES,ARPG,スクウェア・エニックス,4608_0m_2394,1,アクションRPG,その他
2021-04-22,コーエーテクモゲームス,フィリスのアトリエ 〜不思議な旅の錬金術士〜 DX,-,YES,ETC,コーエーテクモゲームス,0,1,その他,その他
2021-04-22,コーエーテクモゲームス,リディー&スールのアトリエ 〜不思議な絵画の錬金術士〜 DX,-,YES,ETC,コーエーテクモゲームス,0,1,その他,その他
2021-04-22,オーイズミ・アミュージオ,ワーウルフ：ジ・アポカリプス（英語版）,-,,ETC,オーイズミ・アミュージオ,0,1,その他,その他
2021-04-26,ラタライカゲームス,クロスクラッシュ,-,,ETC,ラタライカゲームス,0,1,その他,その他
2021-04-29,グランゼーラ,R-TYPE FINAL2,31,YES,SHT,グランゼーラ,0,1,横スクロールシューティング,その他
2021-04-30,ラタライカゲームス,Heal,-,,ETC,ラタライカゲームス,0,1,その他,その他
2021-05-08,カプコン,バイオハザード ヴィレッジ,38,YES,ETC,カプコン,4693_0m_2515,1,サバイバルホラー,その他
2021-05-13,EXNOA,MotoGP 21（英語版）,32,,SPT,EXNOA,6820_0m_4923,1,野球,その他
2021-05-14,バンダイナムコエンターテインメント,Subnautica: Below Zero,-,YES,ETC,バンダイナムコエンターテインメント,0,1,その他,その他
2021-05-14,Eastasiasoft,エクソデーモン,-,,ETC,Eastasiasoft,0,1,その他,その他
2021-05-20,アクワイア,AKIBA'S TRIP ファーストメモリー,-,YES,ETC,アクワイア,0,1,その他,その他
2021-05-20,Gamuzumi,サクラ・サキュバス2 〜止まらぬ出会い〜,-,,ETC,Gamuzumi,0,1,その他,その他
2021-05-20,PLAYISM,マニフォールド ガーデン（英語版）,31,,FPS,PLAYISM,0,1,一人称パズル,その他
2021-05-21,エレクトロニック・アーツ,Knockout City（英語版）,32,,SPT,エレクトロニック・アーツ,6820_0m_4923,1,野球,その他
2021-05-25,THQ Nordic,BIOMUTANT,-,YES,ETC,THQ Nordic,0,1,その他,その他
2021-05-25,カプコン,カプコンアーケードスタジアム,-,,ETC,カプコン,0,1,その他,その他
2021-05-27,コーラス・ワールドワイド,ブリッジコンストラクター：ウォーキング・デッド,-,,ETC,コーラス・ワールドワイド,0,1,その他,その他
2021-05-27,日本一ソフトウェア,探偵撲滅,31,YES,SLG,日本一ソフトウェア,0,1,探偵シミュレーションアドベンチャー,その他
2021-06-01,Clever Plays,オペレーション：タンゴ,32,,ADV,Clever Plays,0,1,協力型スパイアドベンチャー,その他
2021-06-01,セガ,バーチャファイター eスポーツ,-,,ETC,セガ,0,1,その他,その他
2021-06-01,カプコン,帰ってきた 魔界村,31,,ACT,カプコン,0,1,横スクロールアクション,その他
2021-06-03,Eastasiasoft,イービル・インサイド,-,,ETC,Eastasiasoft,0,1,その他,その他
2021-06-03,クラウディッドレパードエンタテインメント,有翼のフロイライン Wing of Darkness,-,YES,ETC,クラウディッドレパードエンタテインメント,0,1,その他,その他
2021-06-05,PLAYISM,マイティ・グース（英語版）,33,,ASHT,PLAYISM,0,1,アクションシューティング,その他
2021-06-08,Tripwire Interactive,Chivalry 2（英語版）,32,YES,SPT,Tripwire Interactive,6820_0m_4923,1,野球,その他
2021-06-08,アークシステムワークス,GUILTY GEAR -STRIVE- デラックスエディション/アルティメットエディション,-,YES,ETC,アークシステムワークス,0,1,その他,その他
2021-06-17,Eastasiasoft,Pretty Girls Klondike Solitaire,-,,ETC,Eastasiasoft,0,1,その他,その他
2021-06-22,Merge Games,Alex Kidd in Miracle World DX,-,YES,ETC,Merge Games,0,1,その他,その他
2021-06-24,フリュー,Caligula2,-,YES,ETC,フリュー,0,1,その他,その他
2021-06-24,バンダイナムコエンターテインメント,SCARLET NEXUS,34,YES,ARPG,バンダイナムコエンターテインメント,0,1,ブレインパンク・アクションRPG,その他
2021-06-24,日本一ソフトウェア,わるい王様とりっぱな勇者,30,YES,RPG,日本一ソフトウェア,0,1,絵本を旅するRPG,その他
2021-06-24,コーエーテクモゲームス,戦国無双5,35,YES,ACT,コーエーテクモゲームス,4745_0m_2567,1,タクティカルアクション,その他
2021-06-24,日本ファルコム,那由多の軌跡:改,-,YES,ETC,日本ファルコム,0,1,その他,その他
2021-06-25,Eastasiasoft,サー・ラブロット,-,,ETC,Eastasiasoft,0,1,その他,その他
2021-07-08,NAパブリッシング,オブザーバー：システムリダックス,-,,ETC,NAパブリッシング,0,1,その他,その他
2021-07-08,日本一ソフトウェア,風雨来記4,32,YES,ADV,日本一ソフトウェア,0,1,旅アドベンチャー,その他
2021-07-15,Eastasiasoft,エイト・ドラゴン,-,,ETC,Eastasiasoft,0,1,その他,その他
2021-07-15,Tozai Games,元祖みんなでスペランカー,-,YES,ETC,Tozai Games,4791_0m_2613,1,その他,その他
2021-07-21,ラタライカゲームス,フレディ スパゲッティ 2,-,,ETC,ラタライカゲームス,0,1,その他,その他
2021-07-22,アクアプラス,うたわれるもの斬2,31,YES,ARPG,アクアプラス,0,1,連撃アクションRPG,その他
2021-07-27,スクウェア・エニックス,新すばらしきこのせかい,35,YES,ARPG,スクウェア・エニックス,0,1,アクションRPG,その他
2021-07-29,カプコン,大逆転裁判1&2 -成歩堂龍ノ介の冒險と覺悟-,-,YES,ETC,カプコン,0,1,その他,その他
2021-07-29,サイバーコネクトツー,戦場のフーガ,33,,SRPG,サイバーコネクトツー,0,1,シミュレーションRPG,その他
2021-08-05,コードマスターズ,DIRT 5,33,YES,RCG,コードマスターズ,0,1,オフロードレース,その他
2021-08-19,コーラス・ワールドワイド,夕鬼,-,YES,ETC,コーラス・ワールドワイド,0,1,その他,その他
2021-08-26,オーイズミ・アミュージオ,オーバーライド 2：スーパーメカリーグ,-,YES,ETC,オーイズミ・アミュージオ,0,1,その他,その他
2021-08-26,アニプレックス,月姫 -A piece of blue glass moon-,-,YES,ETC,アニプレックス,4811_0m_2632n,1,その他,その他
2021-09-07,Bilibili,フィスト 紅蓮城の闇,33,,ACT,Bilibili,0,1,探索アクション,その他
2021-09-09,バンダイナムコエンターテインメント,テイルズ オブ アライズ,35,YES,RPG,バンダイナムコエンターテインメント,4872_0m_2694,1,心の黎明を告げるRPG,その他
2021-09-16,コンパイルハート,閃乱忍忍忍者大戦ネプテューヌ -少女達の響艶-,32,YES,ARPG,コンパイルハート,4812_0m_2633,1,ねぷねぷ忍者大戦ARPG,その他
2021-09-24,コナミ,Castlevania Advance Collection,-,,ETC,コナミ,0,1,その他,その他
2021-09-24,セガ,LOST JUDGMENT 裁かれざる記憶,38,YES,ACT,セガ,4877_0m_2699,1,リーガルサスペンスアクション,その他
2021-09-24,スクウェア・エニックス,アクトレイザー・ルネサンス,-,,ETC,スクウェア・エニックス,0,1,その他,その他
2021-09-27,エレクトロニック・アーツ,FIFA 22 Ultimate Edition,-,YES,ETC,エレクトロニック・アーツ,0,1,その他,その他
2021-09-29,フライハイワークス,フェアルーンコレクション,-,,ETC,フライハイワークス,0,1,その他,その他
2021-09-30,Supergiant Games,HADES,38,YES,ACT,Supergiant Games,0,1,ローグライトアクション,その他
2021-09-30,ディライトワークス,MELTY BLOOD: TYPE LUMINA,-,YES,ETC,ディライトワークス,4924_0m_2746,1,その他,その他
2021-09-30,シティコネクション,コットン ガーディアンフォース サターントリビュート,-,YES,ETC,シティコネクション,4969_0m_2791,1,その他,その他
2021-09-30,日本ファルコム,英雄伝説 黎の軌跡,34,YES,RPG,日本ファルコム,0,1,ストーリーRPG,その他
2021-10-05,EXNOA,Enlisted,-,,ETC,EXNOA,0,1,その他,その他
2021-10-07,セガ,たべごろ！スーパーモンキーボール 1＆2リメイク,-,YES,ETC,セガ,4882_0m_2704,1,その他,その他
2021-10-07,3goo,アストリア アセンディング,-,YES,ETC,3goo,0,1,その他,その他
2021-10-07,PLAYISM,ドキドキ文芸部プラス!,-,YES,ETC,PLAYISM,4952_0m_2774,1,その他,その他
2021-10-07,ユービーアイソフト,ファークライ6,35,YES,AADV,ユービーアイソフト,4881_0m_2703,1,アクションアドベンチャー,その他
2021-10-14,バンダイナムコエンターテインメント,アイドルマスター スターリットシーズン,37,YES,ETC,バンダイナムコエンターテインメント,0,1,アイドルプロジェクトプロデュースゲーム,その他
2021-10-14,スクウェア・エニックス,ダンジョンエンカウンターズ,-,,ETC,スクウェア・エニックス,0,1,その他,その他
2021-10-14,フリュー,モナーク/Monark,30,YES,RPG,フリュー,4955_0m_2777,1,RPG,その他
2021-10-14,アニプレックス,鬼滅の刃 ヒノカミ血風譚,33,YES,ACT,アニプレックス,4885_0m_2707,1,鬼殺対戦アクション,その他
2021-10-15,エレクトロニック・アーツ,EA SPORTS NHL 22,-,YES,ETC,エレクトロニック・アーツ,0,1,その他,その他
2021-10-21,コーエーテクモゲームス,BLUE REFLECTION TIE/帝,32,YES,RPG,コーエーテクモゲームス,4991_0m_2813,1,ヒロイックRPG,その他
2021-10-26,スクウェア・エニックス,Marvel's Guardians of the Galaxy,36,YES,AADV,スクウェア・エニックス,4887_0m_2709,1,アクションアドベンチャー,その他
2021-10-28,スクウェア・エニックス,Voice of Cards ドラゴンの島,-,,ETC,スクウェア・エニックス,0,1,その他,その他
2021-10-28,3goo,WRC10 FIA世界ラリー選手権,32,YES,RCG,3goo,0,1,ラリーレーシング,その他
2021-10-28,バンダイナムコエンターテインメント,スーパーロボット大戦30,33,YES,SRPG,バンダイナムコエンターテインメント,4870_0m_2692,1,シミュレーションRPG,その他
2021-10-28,ユービーアイソフト,ライダーズ リパブリック,35,YES,SPT,ユービーアイソフト,0,1,アウトドアスポーツ,その他
2021-10-28,コーエーテクモゲームス,零 〜濡鴉ノ巫女〜,-,YES,ETC,コーエーテクモゲームス,0,1,その他,その他
2021-11-04,バンダイナムコエンターテインメント,ミスタードリラーアンコール,-,YES,ETC,バンダイナムコエンターテインメント,0,1,その他,その他
2021-11-05,バンダイナムコエンターテインメント,機動戦士ガンダム バトルオペレーション Code Fairy,-,,ETC,バンダイナムコエンターテインメント,0,1,その他,その他
2021-11-11,レベルファイブ,メガトン級ムサシ,34,YES,ARPG,レベルファイブ,5021_0m_2843,1,アクションRPG,その他
2021-11-19,エレクトロニック・アーツ,Battlefield 2042,-,YES,ETC,エレクトロニック・アーツ,0,1,その他,その他
2021-11-25,Kalypso Media Japan,ディサイプルズ リベレーション,30,YES,SRPG,Kalypso Media Japan,0,1,タクティカルRPG,その他
2021-11-25,バンダイナムコエンターテインメント,ファーミングシミュレーター 22,30,YES,SLG,バンダイナムコエンターテインメント,4930_0m_2752,1,農業経営シミュレーション,その他
2021-11-25,マーベラス,牧場物語 再会のミネラルタウン,-,YES,ETC,マーベラス,0,1,その他,その他
2021-12-14,Atari Europe S.A.S.U.（英語版）,Asteroids: Recharged,-,,ETC,Atari Europe S.A.S.U.（英語版）,0,1,その他,その他
2021-12-14,HandyGames,One Hand Clapping,-,YES,ETC,HandyGames,0,1,その他,その他
2021-12-15,Innersloth,Among Us,-,,ETC,Innersloth,5040_0m_2862,1,その他,その他
2021-12-15,No Matter Studios,PRAEY FOR THE GODS（英語版）,32,,SPT,No Matter Studios,6820_0m_4923,1,野球,その他
2021-12-16,オニオンゲームス,BLACK BIRD,32,,SHT,オニオンゲームス,0,1,循環型シューティング,その他
2021-12-16,オニオンゲームス,moon,-,,ETC,オニオンゲームス,0,1,その他,その他
2021-12-16,ケムコ,ケムコRPGセレクション Vol.8,-,YES,ETC,ケムコ,0,1,その他,その他
2021-12-16,シティコネクション,デススマイルズI・II,-,YES,ETC,シティコネクション,5041_0m_2863,1,その他,その他
2021-12-16,PLAYISM,ロードス島戦記 －ディードリット・イン・ワンダーラビリンス－,33,YES,ACT,PLAYISM,5042_0m_2864,1,2D探索型アクション,その他
2021-12-17,アークシステムワークス,荒神2,-,,ETC,アークシステムワークス,0,1,その他,その他
2021-12-22,Eastasiasoft,Horatio Goes Snowboarding,-,,ETC,Eastasiasoft,0,1,その他,その他
2021-12-23,エンターグラム,さくらの雲＊スカアレットの恋,-,YES,ETC,エンターグラム,0,1,その他,その他
2021-12-23,サクセス,コットンロックンロール,30,YES,SHT,サクセス,0,1,横スクロールシューティング,その他
2021-12-23,コーエーテクモゲームス,真・三國無双8 Empires,35,YES,ACT,コーエーテクモゲームス,5044_0m_2866,1,タクティカルアクション,その他
2022-01-27,ジェムドロップ,COGEN: 大鳥こはくと刻の剣,32,YES,ACT,ジェムドロップ,0,1,剣戟2Dアクション,その他
2022-01-27,エンターグラム,Strawberry Nauts -ストロベリーノーツ-,-,YES,ETC,エンターグラム,0,1,その他,その他
2022-01-27,Kalypso Media,"ウォーハンマー40,000: メカニカス",-,YES,ETC,Kalypso Media,0,1,その他,その他
2022-01-27,工画堂スタジオ,スターメロディー ユメミドリーマー,-,YES,ETC,工画堂スタジオ,0,1,その他,その他
2022-01-27,日本一ソフトウェア,屍喰らいの冒険メシ,32,YES,SRPG,日本一ソフトウェア,0,1,サバイバルシミュレーションRPG,その他
2022-01-27,Winking Skywalker Entertainment,帋人形2,-,,ETC,Winking Skywalker Entertainment,0,1,その他,その他
2022-01-27,インティ・クリエイツ,白き鋼鉄のX2,34,YES,ACT,インティ・クリエイツ,0,1,横スクロールアクション,その他
2022-02-03,レイニーフロッグ,ファーム トゥギャザー,-,YES,ETC,レイニーフロッグ,0,1,その他,その他
2022-02-04,スパイク・チュンソフト,ダイイングライト 2 ステイ ヒューマン,33,YES,ETC,スパイク・チュンソフト,5099_0m_2921,1,サバイバルホラー,その他
2022-02-17,SNK,THE KING OF FIGHTERS XV,32,YES,FTG,SNK,0,1,対戦格闘,その他
2022-02-17,スクウェア・エニックス,Voice of Cards できそこないの巫女,-,,ETC,スクウェア・エニックス,0,1,その他,その他
2022-02-18,ソニー・インタラクティブエンタテインメント,Horizon Forbidden West,37,YES,ARPG,ソニー・インタラクティブエンタテインメント,5060_0m_2882,1,アクションRPG,その他
2022-02-22,プラチナゲームズ,ソルクレスタ,33,,SHT,プラチナゲームズ,0,1,自在合体シューティング,その他
2022-02-24,コーエーテクモゲームス,ソフィーのアトリエ2 〜不思議な夢の錬金術士〜,32,YES,RPG,コーエーテクモゲームス,5160_0m_2983,1,錬金術再生RPG,その他
2022-02-25,フロム・ソフトウェア,ELDEN RING,39,YES,ARPG,フロム・ソフトウェア,5062_0m_2884,1,アクションRPG,その他
2022-02-25,エレクトロニック・アーツ,GRID Legends,33,YES,RCG,エレクトロニック・アーツ,0,1,アクションレース,その他
2022-02-25,スクウェア・エニックス,ライフ イズ ストレンジ トゥルー カラーズ,35,YES,ADV,スクウェア・エニックス,0,1,アドベンチャー,その他
2022-03-03,スクウェア・エニックス,バビロンズフォール,30,YES,ARPG,スクウェア・エニックス,0,1,アクションRPG,その他
2022-03-04,ソニー・インタラクティブエンタテインメント,グランツーリスモ7,38,YES,RCG,ソニー・インタラクティブエンタテインメント,4993_0m_2815,1,リアルドライビングシミュレーター,その他
2022-03-17,アトラス,ペルソナ4 ジ・アルティマックス ウルトラスープレックスホールド,-,YES,ETC,アトラス,5163_0m_2986,1,その他,その他
2022-03-18,スクウェア・エニックス,ストレンジャー オブ パラダイス ファイナルファンタジー オリジン,33,YES,ARPG,スクウェア・エニックス,4995_0m_2817,1,アクションRPG,その他
2022-03-24,角川ゲームス,Relayer,-,YES,ETC,角川ゲームス,0,1,その他,その他
2022-03-25,2K Games,ワンダーランズ 〜タイニー・ティナと魔法の世界,36,YES,SHT,2K Games,0,1,RPGシューター,その他
2022-04-05,ワーナー・ブラザース,レゴ スター・ウォーズ/スカイウォーカー・サーガ,33,YES,AADV,ワーナー・ブラザース,0,1,アクションアドベンチャー,その他
2022-04-08,角川ゲームス,メタルドッグス,-,YES,ETC,角川ゲームス,0,1,その他,その他
2022-04-14,Intragames,Skul: The Hero Slayer,30,YES,ACT,Intragames,0,1,ローグライクアクション,その他
2022-04-14,コーエーテクモゲームス,ウイニングポスト9 2022,32,YES,SLG,コーエーテクモゲームス,0,1,競馬シミュレーション,その他
2022-04-14,H2インタラクティブ,スマーフ 邪悪な葉っぱ大作戦,-,YES,ETC,H2インタラクティブ,0,1,その他,その他
2022-04-14,フリュー,バトルスピリッツ コネクテッドバトラーズ,-,YES,ETC,フリュー,5081_0m_2903,1,その他,その他
2022-04-21,KONAMI,eBASEBALLパワフルプロ野球2022,36,YES,SPT,KONAMI,5234_0m_3056,1,野球・育成,その他
2022-04-21,日本一ソフトウェア,夜廻三,-,YES,ETC,日本一ソフトウェア,5232_0m_3054,1,その他,その他
2022-04-21,ナツメアタリ,奇々怪界 黒マントの謎,30,YES,ASHT,ナツメアタリ,0,1,アクションシューティング,その他
2022-04-21,コンパイルハート,超次元ゲイム ネプテューヌ Sisters vs Sisters,30,YES,RPG,コンパイルハート,5231_0m_3053,1,RPG,その他
2022-04-28,Koch Media,MotoGP 22,32,YES,RCG,Koch Media,0,1,モータースポーツレーシング,その他
2022-05-12,スクウェア・エニックス,春ゆきてレトロチカ,33,YES,ADV,スクウェア・エニックス,0,1,ミステリーアドベンチャー,その他
2022-05-26,イザナギゲームズ,冤罪執行遊戯ユルキル,32,YES,ASHT,イザナギゲームズ,0,1,冤罪脱出ADV&弾幕STG,その他
2022-06-23,スパイク・チュンソフト,AI:ソムニウム ファイル ニルヴァーナ イニシアチブ,34,YES,ADV,スパイク・チュンソフト,0,1,推理アドベンチャー,その他
2022-06-23,セガ,ソニックオリジンズ・プラス,-,YES,ETC,セガ,0,1,その他,その他
2022-06-24,カプコン,カプコン ファイティング コレクション,-,YES,ETC,カプコン,0,1,その他,その他
2022-06-28,ネクソン,DNF Duel,32,YES,FTG,ネクソン,5432_0m_3256,1,対戦格闘,その他
2022-06-30,El Dia,EVE ghost enemies,-,YES,ETC,El Dia,5433_0m_3257,1,その他,その他
2022-06-30,日本一ソフトウェア,void* tRrLM2(); //ボイド・テラリウム2,31,YES,RPG,日本一ソフトウェア,0,1,お世話ダンジョンRPG,その他
2022-06-30,シティコネクション,彩京シューティングライブラリーVol.1,-,YES,ETC,シティコネクション,0,1,その他,その他
2022-07-07,Kalypso Media Japan,マッチポイント：テニス チャンピオンシップ,-,YES,ETC,Kalypso Media Japan,0,1,その他,その他
2022-07-07,バンダイナムコエンターテインメント,風のクロノア1&2 アンコール,-,YES,ETC,バンダイナムコエンターテインメント,5439_0m_3264,1,その他,その他
2022-07-19,アンナプルナ・インタラクティブ,Stray,-,,ETC,アンナプルナ・インタラクティブ,0,1,その他,その他
2022-07-22,カプコン,カプコンアーケード2ndスタジアム,-,,ETC,カプコン,0,1,その他,その他
2022-07-28,MAGES.,ANONYMOUS;CODE,35,YES,ADV,MAGES.,0,1,メタ科学アドベンチャー,その他
2022-07-28,日本一ソフトウェア,グリムグリモア OnceMore,-,YES,ETC,日本一ソフトウェア,5490_0m_3316,1,その他,その他
2022-07-28,セガ,サバイビング・ジ・アフターマス -滅亡惑星-,-,YES,ETC,セガ,0,1,その他,その他
2022-07-28,バンダイナムコエンターテインメント,デジモンサヴァイブ,-,YES,ETC,バンダイナムコエンターテインメント,5484_0m_3310,1,その他,その他
2022-07-28,エンターグラム,ハジラブ -Making*Lovers-,-,YES,ETC,エンターグラム,0,1,その他,その他
2022-07-28,シティコネクション,彩京シューティングライブラリーVol.2,-,YES,ETC,シティコネクション,0,1,その他,その他
2022-07-28,マーベラス,牧場物語 オリーブタウンと希望の大地 SPECIAL,-,YES,ETC,マーベラス,0,1,その他,その他
2022-08-25,バンダイナムコエンターテインメント,SDガンダム バトルアライアンス,32,YES,ARPG,バンダイナムコエンターテインメント,5543_0m_3369,1,アクションRPG,その他
2022-08-25,アトラス,ソウルハッカーズ2,38,YES,RPG,アトラス,5542_0m_3368,1,RPG,その他
2022-08-25,スパイク・チュンソフト,ディスコ エリジウム ザ ファイナル カット,32,YES,RPG,スパイク・チュンソフト,0,1,RPG,その他
2022-08-25,ハピネット,ミュータント タートルズ:シュレッダーの復讐,31,YES,ACT,ハピネット,0,1,ベルトスクロールアクション,その他
2022-08-25,ディースリー・パブリッシャー,地球防衛軍6,34,YES,ASHT,ディースリー・パブリッシャー,5481_0m_3307,1,3Dアクションシューティング,その他
2022-08-30,Frontier Developments,F1マネージャー2022,-,,ETC,Frontier Developments,0,1,その他,その他
2022-08-31,Devolver Digital,Inscryption,34,,TBL,Devolver Digital,0,1,カードゲーム＆脱出ADV,その他
2022-08-31,Frontier Developments,Teenage Mutant Ninja Turtles: The Cowabunga Collection,-,,ETC,Frontier Developments,0,1,その他,その他
2022-09-01,バンダイナムコエンターテインメント,ジョジョの奇妙な冒険 オールスターバトルR,-,YES,ETC,バンダイナムコエンターテインメント,5546_0m_3372,1,その他,その他
2022-09-01,ケムコ,フェアリーエレメンツ,-,,ETC,ケムコ,0,1,その他,その他
2022-09-01,レイニーフロッグ,マリンエクスプレス殺人事件,-,,ETC,レイニーフロッグ,0,1,その他,その他
2022-09-01,スパイク・チュンソフト,メイドインアビス 闇を目指した連星,30,YES,ARPG,スパイク・チュンソフト,0,1,度し難いアクションRPG,その他
2022-09-07,キューゲームス,The Tomorrow Children,-,,ETC,キューゲームス,0,1,その他,その他
2022-09-08,2K,NBA 2K23,33,YES,SPT,2K,0,1,バスケットボール,その他
2022-09-08,MAGES.,アリス・ギア・アイギス CS 〜コンチェルト オブ シミュラトリックス〜,-,YES,ETC,MAGES.,5753_0m_3583,1,その他,その他
2022-09-08,アクワイア,剣と魔法と学園クエスト。,-,YES,ETC,アクワイア,0,1,その他,その他
2022-09-08,賈船,狐が僕を待っているThe Fox Awaits Me,-,YES,ETC,賈船,0,1,その他,その他
2022-09-13,スクウェア・エニックス,Voice of Cards 囚われの魔物,-,,ETC,スクウェア・エニックス,0,1,その他,その他
2022-09-15,スクウェア・エニックス,ドラゴンクエストX 目覚めし五つの種族 オフライン,-,YES,ETC,スクウェア・エニックス,4994_0m_2816,1,その他,その他
2022-09-15,コンパイルハート,フェアリーフェンサー エフ Refrain Chord,31,YES,SRPG,コンパイルハート,0,1,タクティクスRPG,その他
2022-09-15,フリュー,聖塔神記 トリニティトリガー,31,YES,ARPG,フリュー,5472_0m_3298,1,アクションRPG,その他
2022-09-16,スクウェア・エニックス,バリアスデイライフ,-,,ETC,スクウェア・エニックス,0,1,その他,その他
2022-09-22,スクウェア・エニックス,ディオフィールド クロニクル,32,YES,SRPG,スクウェア・エニックス,5663_0m_3492,1,シミュレーションRPG,その他
2022-09-22,オーイズミ・アミュージオ,ネクロムンダ：ハイヤードガン,-,YES,ETC,オーイズミ・アミュージオ,0,1,その他,その他
2022-09-28,ガンホー・オンライン・エンターテイメント,DEATHVERSE: LET IT DIE,-,,ETC,ガンホー・オンライン・エンターテイメント,0,1,その他,その他
2022-09-29,JUSTDAN INTERNATIONAL,Little Witch Nobeta,-,YES,ETC,JUSTDAN INTERNATIONAL,0,1,その他,その他
2022-09-29,エンターグラム,この素晴らしい世界に祝福を!〜呪いの遺物と惑いし冒険者たち〜,-,YES,ETC,エンターグラム,0,1,その他,その他
2022-09-29,スクウェア・エニックス,ヴァルキリーエリュシオン,33,YES,ARPG,スクウェア・エニックス,5788_0m_3618,1,アクションRPG,その他
2022-09-29,アクワイア,残月の鎖宮 Labyrinth of Zangetsu,-,YES,ETC,アクワイア,5861_0m_3691,1,その他,その他
2022-09-29,日本ファルコム,英雄伝説 黎の軌跡II -CRIMSON SiN-,33,YES,RPG,日本ファルコム,5787_0m_3617,1,ストーリーRPG,その他
2022-09-30,エンターグラム,となりに彼女のいる幸せ～i fight with summer～,-,,ETC,エンターグラム,0,1,その他,その他
2022-10-06,マーベラス,ノーモア★ヒーローズ3,-,YES,ETC,マーベラス,0,1,その他,その他
2022-10-13,バンダイナムコエンターテインメント,ドラゴンボール ザ ブレイカーズ スペシャルエディション,-,YES,ETC,バンダイナムコエンターテインメント,0,1,その他,その他
2022-10-20,Teyon Japan,ヒューマン フォール フラット,-,YES,ETC,Teyon Japan,0,1,その他,その他
2022-10-27,PLAYISM,SIGNALIS,30,YES,ETC,PLAYISM,0,1,2D+3Dサバイバルホラー,その他
2022-10-27,スクウェア・エニックス,スターオーシャン6 THE DIVINE FORCE,35,YES,RPG,スクウェア・エニックス,5816_0m_3646,1,RPG,その他
2022-10-28,アクティビジョン,コール オブ デューティ モダン・ウォーフェアII,33,YES,FPS,アクティビジョン,5791_0m_3621,1,FPS,その他
2022-11-08,セガ,ソニックフロンティア,35,YES,AADV,セガ,5820_0m_3650,1,アクションアドベンチャー,その他
2022-11-11,スクウェア・エニックス,タクティクスオウガ リボーン,-,YES,ETC,スクウェア・エニックス,5818_0m_3648,1,その他,その他
2022-11-17,アクアプラス,モノクロームメビウス 刻ノ代贖,32,YES,RPG,アクアプラス,5548_0m_3374,1,RPG,その他
2022-11-22,PLAION,ガングレイヴG.O.R.E,-,YES,ETC,PLAION,0,1,その他,その他
2022-12-01,ディースリー・パブリッシャー,SAMURAI MAIDEN -サムライメイデン-,-,YES,ETC,ディースリー・パブリッシャー,0,1,その他,その他
2022-12-01,スクウェア・エニックス,ロマンシング サガ -ミンストレルソング- リマスター,-,,ETC,スクウェア・エニックス,0,1,その他,その他
2022-12-01,エクスペリエンス,死噛 〜シビトマギレ〜,-,YES,ETC,エクスペリエンス,0,1,その他,その他
2022-12-01,アークシステムワークス,熱血硬派くにおくん外伝 リバーシティガールズ1・2,-,YES,ETC,アークシステムワークス,5973_0m_3802,1,その他,その他
2022-12-08,Bedtime Digital Games,The Forest Quartet,-,,ETC,Bedtime Digital Games,0,1,その他,その他
2022-12-08,3goo,ザ・ランブルフィッシュ2,30,YES,FTG,3goo,0,1,対戦格闘,その他
2022-12-08,システムソフト・ベータ,大戦略SSB,-,,ETC,システムソフト・ベータ,0,1,その他,その他
2022-12-08,アニプレックス,魔法使いの夜,-,YES,ETC,アニプレックス,6031_0m_3861,1,その他,その他
2022-12-13,スクウェア・エニックス,クライシス コア ファイナルファンタジーVII リユニオン,-,YES,ETC,スクウェア・エニックス,5826_0m_3656,1,その他,その他
2022-12-15,インティ・クリエイツ,蒼き雷霆 ガンヴォルト 鎖環,-,YES,ETC,インティ・クリエイツ,0,1,その他,その他
2022-12-16,レベルファイブ,メガトン級ムサシX,-,,ETC,レベルファイブ,5021_0m_2843,1,その他,その他
2023-01-01,エレクトロニック・アーツ,F1 23,35,YES,RCG,エレクトロニック・アーツ,0,1,レース,その他
2023-01-12,バンダイナムコエンターテインメント,ワンピース オデッセイ,31,YES,RPG,バンダイナムコエンターテインメント,5827_0m_3657,1,RPG,その他
2023-01-19,Phoenixx,NeverAwake,34,YES,ASHT,Phoenixx,0,1,アクションシューティング,その他
2023-01-19,エンハンス・ゲームズ,テトリス エフェクト・コネクテッド,-,YES,ETC,エンハンス・ゲームズ,6358_0m_4189,1,その他,その他
2023-01-19,アトラス,ペルソナ3 ポータブル,-,,ETC,アトラス,0,1,その他,その他
2023-01-19,不明,ペルソナ4 ポータブル,-,,ETC,不明,0,1,その他,その他
2023-01-20,カプコン,モンスターハンターライズ,38,,ACT,カプコン,0,1,ハンティングアクション,その他
2023-01-26,ネオス,クレヨンしんちゃん 「オラと博士の夏休み」〜おわらない七日間の旅〜,32,YES,ADV,ネオス,6129_0m_3959,1,アドベンチャー,その他
2023-01-26,MAGES.,サマータイムレンダ Another Horizon,-,YES,ETC,MAGES.,6128_0m_3958,1,その他,その他
2023-01-26,日本一ソフトウェア,魔界戦記ディスガイア7,32,YES,SRPG,日本一ソフトウェア,0,1,史上最凶のシミュレーションRPG,その他
2023-01-31,スクウェア・エニックス,PowerWash Simulator,-,,ETC,スクウェア・エニックス,0,1,その他,その他
2023-02-16,プロトタイプ,LOOPERS,-,YES,ETC,プロトタイプ,0,1,その他,その他
2023-02-16,スクウェア・エニックス,シアトリズム ファイナルバーライン,35,YES,音,スクウェア・エニックス,0,1,シアターリズムアクション,その他
2023-02-16,バンダイナムコエンターテインメント,テイルズ オブ シンフォニア リマスター,-,YES,ETC,バンダイナムコエンターテインメント,6178_0m_4008,1,その他,その他
2023-02-22,ININ Games,ワンダーボーイ アルティメット コレクション,-,YES,ETC,ININ Games,0,1,その他,その他
2023-02-22,セガ,龍が如く 維新! 極,34,YES,AADV,セガ,5828_0m_3658n,1,アクションアドベンチャー,その他
2023-02-23,Kalypso Media Japan,トルトゥーガ パイレーツ テイル,-,YES,ETC,Kalypso Media Japan,0,1,その他,その他
2023-02-23,モス,雷電III×MIKADO MANIAX,-,YES,ETC,モス,0,1,その他,その他
2023-02-24,スクウェア・エニックス,オクトパストラベラーII,36,YES,RPG,スクウェア・エニックス,5829_0m_3659,1,RPG,その他
2023-03-03,コーエーテクモゲームス,Wo Long: Fallen Dynasty,36,YES,ARPG,コーエーテクモゲームス,5800_0m_3630n,1,ダーク三國アクションRPG,その他
2023-03-09,クラウディッドレパードエンタテインメント,ONI - 空と風の哀歌,30,YES,ACT,クラウディッドレパードエンタテインメント,0,1,3Dアクション,その他
2023-03-09,ネクソン,カートライダー ドリフト,-,,ETC,ネクソン,0,1,その他,その他
2023-03-09,タイトー,レイズ アーケード クロノロジー,-,YES,ETC,タイトー,6195_0m_4025,1,その他,その他
2023-03-09,コーエーテクモゲームス,零 〜月蝕の仮面〜,-,YES,ETC,コーエーテクモゲームス,6182_0m_4012,1,その他,その他
2023-03-23,スクウェア・エニックス,Voice of Cards Trilogy,-,YES,ETC,スクウェア・エニックス,0,1,その他,その他
2023-03-23,コーエーテクモゲームス,ライザのアトリエ3 〜終わりの錬金術士と秘密の鍵〜,34,YES,RPG,コーエーテクモゲームス,6198_0m_4028,1,錬金術RPG,その他
2023-03-24,カプコン,バイオハザード RE:4,37,YES,ETC,カプコン,6083_0m_3913,1,サバイバルホラー,その他
2023-03-30,コーエーテクモゲームス,ウイニングポスト10,33,YES,SLG,コーエーテクモゲームス,6203_0m_4033,1,競馬シミュレーション,その他
2023-04-13,Beep Japan,Atomic Heart,30,YES,ARPG,Beep Japan,6206_0m_4036,1,アクションRPG,その他
2023-04-13,ININ Games,キャノンダンサー -OSMAN-,-,YES,ETC,ININ Games,0,1,その他,その他
2023-04-14,カプコン,ロックマンエグゼ アドバンスドコレクション,-,YES,ETC,カプコン,6207_0m_4037,1,その他,その他
2023-04-20,サクセス,バッカニヤ,-,YES,ETC,サクセス,0,1,その他,その他
2023-04-20,スクウェア・エニックス,ファイナルファンタジー,-,,ETC,スクウェア・エニックス,189_0m_123n,1,その他,その他
2023-04-20,不明,ファイナルファンタジーII,-,,ETC,不明,0,1,その他,その他
2023-04-20,不明,ファイナルファンタジーIII,-,,ETC,不明,0,1,その他,その他
2023-04-20,不明,ファイナルファンタジーIV,-,,ETC,不明,0,1,その他,その他
2023-04-20,不明,ファイナルファンタジーV,-,,ETC,不明,0,1,その他,その他
2023-04-20,不明,ファイナルファンタジーVI,-,,ETC,不明,0,1,その他,その他
2023-04-27,MAGES.,やはりゲームでも俺の青春ラブコメはまちがっている。完,-,YES,ETC,MAGES.,6214_0m_4044,1,その他,その他
2023-04-27,スクウェア・エニックス,ライブアライブ,-,,ETC,スクウェア・エニックス,0,1,その他,その他
2023-05-05,WB Games,ホグワーツ・レガシー,37,YES,ARPG,WB Games,5811_0m_3641,1,アクションRPG,その他
2023-05-11,サイバーコネクトツー,戦場のフーガ2,33,,SRPG,サイバーコネクトツー,0,1,シミュレーションRPG,その他
2023-05-25,シティコネクション,BATSUGUN サターントリビュート Boosted,-,YES,ETC,シティコネクション,0,1,その他,その他
2023-05-25,ジェムドロップ,Kizuna AI - Touch the Beat!,-,YES,ETC,ジェムドロップ,0,1,その他,その他
2023-05-25,アークシステムワークス,RWBY アロウフェル,-,YES,ETC,アークシステムワークス,0,1,その他,その他
2023-06-01,バンダイナムコエンターテインメント,みんな大好き塊魂アンコール+ 王様プチメモリー,-,YES,ETC,バンダイナムコエンターテインメント,6332_0m_4163,1,その他,その他
2023-06-02,カプコン,ストリートファイター6,40,YES,FTG,カプコン,6114_0m_3944,1,対戦格闘,その他
2023-06-06,Blizzard Entertainment,ディアブロIV,37,YES,ARPG,Blizzard Entertainment,6121_0m_3951n,1,アクションRPG,その他
2023-06-08,Kalypso Media Japan,MotoGP 23,32,YES,RCG,Kalypso Media Japan,0,1,モータースポーツレーシング,その他
2023-06-15,Kalypso Media Japan,レイルウェイ エンパイア 2,30,YES,SLG,Kalypso Media Japan,0,1,鉄道経営シミュレーション,その他
2023-06-22,3goo,The Lord of the Rings: Gollum,-,YES,ETC,3goo,0,1,その他,その他
2023-06-29,日本一ソフトウェア,シカトリス,-,YES,ETC,日本一ソフトウェア,0,1,その他,その他
2023-06-30,カプコン,ゴースト トリック,-,YES,ETC,カプコン,6286_0m_4117,1,その他,その他
2023-07-13,コーエーテクモゲームス,マリーのアトリエ Remake 〜ザールブルグの錬金術士〜,30,YES,RPG,コーエーテクモゲームス,0,1,新感覚RPG,その他
2023-07-14,カプコン,エグゾプライマル,32,YES,ACT,カプコン,0,1,チーム対戦型マッシヴアクション,その他
2023-07-20,オーイズミ・アミュージオ,Evil West,31,YES,AADV,オーイズミ・アミュージオ,0,1,アクションアドベンチャー,その他
2023-07-20,ケムコ,クロステイルズ,30,YES,SRPG,ケムコ,0,1,シミュレーションRPG,その他
2023-07-20,エムツー,ゼロファイアー -TOAPLAN ARCADE GARAGE-,-,YES,ETC,エムツー,6562_0m_4664,1,その他,その他
2023-07-20,コーエーテクモゲームス,信長の野望・新生 with パワーアップキット,36,YES,SLG,コーエーテクモゲームス,6592_0m_4694,1,歴史シミュレーション,その他
2023-07-27,フリュー,クライマキナ/CRYMACHINA,-,YES,ETC,フリュー,0,1,その他,その他
2023-08-10,コンパイルハート,超次元ゲイム ネプテューヌ GameMaker R:Evolution,30,YES,RPG,コンパイルハート,0,1,RPG,その他
2023-08-25,フロム・ソフトウェア,アーマード・コアVI ファイアーズオブルビコン,-,YES,ETC,フロム・ソフトウェア,0,1,その他,その他
2023-09-07,MAGES.,五等分の花嫁〜彼女と交わす五つの約束〜,-,YES,ETC,MAGES.,6537_0m_4638,1,その他,その他
2023-09-14,KONAMI,スーパーボンバーマン R2,32,YES,ACT,KONAMI,6538_0m_4639,1,アクション,その他
2023-09-28,コーエーテクモゲームス,Fate/Samurai Remnant,36,YES,ARPG,コーエーテクモゲームス,6585_0m_4687,1,アクションRPG,その他
2023-09-28,スクウェア・エニックス,インフィニティストラッシュ ドラゴンクエスト ダイの大冒険,31,YES,ARPG,スクウェア・エニックス,6449_0m_4280,1,アクションRPG,その他
2023-09-28,日本ファルコム,イースX -ノーディクス-,-,YES,ETC,日本ファルコム,0,1,その他,その他
2023-09-29,バンダイナムコエンターテインメント,僕のヒーローアカデミア ULTRA RUMBLE,-,,ETC,バンダイナムコエンターテインメント,0,1,その他,その他
2023-10-05,バンダイナムコエンターテインメント,ソードアート・オンライン ラスト リコレクション,31,YES,ARPG,バンダイナムコエンターテインメント,6586_0m_4688,1,アクションRPG,その他
2023-10-12,ユービーアイソフト,アサシン クリード ミラージュ,33,YES,ACT,ユービーアイソフト,6445_0m_4276,1,ステルスアクション,その他
2023-10-17,セガ,ソニック スーパースターズ,32,YES,ACT,セガ,6643_0m_4745,1,ハイスピードアクション,その他
2023-10-24,コナミデジタルエンタテインメント,メタルギア ソリッド: マスターコレクション Vol.1,-,,ETC,コナミデジタルエンタテインメント,0,1,その他,その他
2023-10-26,日本一ソフトウェア,役づくりパズル ゆめいろユラム,-,YES,ETC,日本一ソフトウェア,0,1,その他,その他
2023-11-02,スクウェア・エニックス,STAR OCEAN THE SECOND STORY R,-,YES,ETC,スクウェア・エニックス,0,1,その他,その他
2023-11-09,セガ,龍が如く7外伝 名を消した男,35,YES,AADV,セガ,6512_0m_4343,1,アクションアドベンチャー,その他
2023-11-16,バンダイナムコエンターテインメント,NARUTO X BORUTO ナルティメットストームコネクションズ,-,YES,ETC,バンダイナムコエンターテインメント,6640_0m_4742,1,その他,その他
2023-11-16,SNK,THE KING OF FIGHTERS XIII GLOBAL MATCH,-,YES,ETC,SNK,0,1,その他,その他
2023-11-16,ハピネット,幻日のヨハネ -BLAZE in the DEEPBLUE-,-,,ETC,ハピネット,0,1,その他,その他
2023-11-17,アトラス,ペルソナ5 タクティカ,33,YES,SRPG,アトラス,6511_0m_4342,1,シミュレーションRPG,その他
2023-11-21,Armor Games Studios（英語版）,In Stars and Time,-,,ETC,Armor Games Studios（英語版）,0,1,その他,その他
2023-12-07,エムツー,怒首領蜂大往生 臨廻転生,-,YES,ETC,エムツー,0,1,その他,その他
2023-12-14,PLAYISM,グノーシア,-,YES,ETC,PLAYISM,0,1,その他,その他
2023-12-14,Cygames,グランブルーファンタジー ヴァーサス -ライジング-,-,,ETC,Cygames,2669_0m_1542n,1,その他,その他
2023-12-14,レイニーフロッグ,フロントミッション ザ・ファースト:リメイク,-,YES,ETC,レイニーフロッグ,0,1,その他,その他
2023-12-28,オーイズミ・アミュージオ,マジシャンズデッド 〜Force of the Soul〜,-,YES,ETC,オーイズミ・アミュージオ,0,1,その他,その他
2024-01-18,ユービーアイソフト,プリンス オブ ペルシャ 失われた王冠,-,YES,ETC,ユービーアイソフト,6589_0m_4691,1,その他,その他
2024-01-25,アークシステムワークス,UNDER NIGHT IN-BIRTH II Sys: Celes,-,YES,ETC,アークシステムワークス,0,1,その他,その他
2024-01-25,3goo,アガサ・クリスティ オリエント急行殺人事件,-,YES,ETC,3goo,0,1,その他,その他
2024-01-25,カプコン,逆転裁判456 王泥喜セレクション,-,YES,ETC,カプコン,0,1,その他,その他
2024-01-26,セガ,龍が如く8,-,YES,ETC,セガ,0,1,その他,その他
2024-02-01,Cygames,グランブルーファンタジー リリンク,-,YES,ETC,Cygames,0,1,その他,その他
2024-02-01,フリュー,レジェンド オブ レガシー HDリマスター,-,YES,ETC,フリュー,0,1,その他,その他
2024-02-01,バンダイナムコエンターテインメント,呪術廻戦 戦華双乱,-,,ETC,バンダイナムコエンターテインメント,0,1,その他,その他
2024-02-02,アトラス,ペルソナ3 リロード,-,YES,ETC,アトラス,6661_0m_4763n,1,その他,その他
2024-02-06,スクウェア・エニックス,FOAMSTARS,-,,ETC,スクウェア・エニックス,0,1,その他,その他
2024-02-15,インティ・クリエイツ,GUNVOLT RECORDS 電子軌録律,-,,ETC,インティ・クリエイツ,0,1,その他,その他
2024-02-29,日本一ソフトウェア,BAR ステラアビス,-,YES,ETC,日本一ソフトウェア,0,1,その他,その他
2024-03-08,アトラス,ユニコーンオーバーロード,-,YES,ETC,アトラス,0,1,その他,その他
2024-03-14,PLAYISM,Ib,-,YES,ETC,PLAYISM,0,1,その他,その他
2024-03-14,ブシロードゲームズ,マクロス -Shooting Insight-,-,YES,ETC,ブシロードゲームズ,0,1,その他,その他
2024-03-28,BEEP,ラジルギ2,-,YES,ETC,BEEP,0,1,その他,その他
2024-04-18,3goo,UFOロボ グレンダイザー: たとえ我が命つきるとも,-,YES,ETC,3goo,0,1,その他,その他
2024-04-23,505 Games,百英雄伝,-,YES,ETC,505 Games,0,1,その他,その他
2024-04-25,バンダイナムコエンターテインメント,SAND LAND,-,YES,ETC,バンダイナムコエンターテインメント,0,1,その他,その他
2024-04-25,スクウェア・エニックス,サガ エメラルド ビヨンド,-,YES,ETC,スクウェア・エニックス,0,1,その他,その他
2024-04-25,レベルファイブ,メガトン級ムサシW,-,,ETC,レベルファイブ,5021_0m_2843,1,その他,その他
2024-04-25,シティコネクション,重装機兵レイノス2 サターントリビュート,-,,ETC,シティコネクション,0,1,その他,その他
2024-05-09,ININ Games,レインボーコットン,-,YES,ETC,ININ Games,0,1,その他,その他
2024-05-18,Maximum Entertainment,Morbid: The Lords of Ire,-,,ETC,Maximum Entertainment,0,1,その他,その他
2024-05-23,Wild Kid Games,Evil Wizard,-,,ETC,Wild Kid Games,0,1,その他,その他
2024-05-23,ディースリー・パブリッシャー,四角い地球に再びシカク現る!? デジボク地球防衛軍2 EARTH DEFENSE FORCE: WORLD BROTHERS,-,YES,ETC,ディースリー・パブリッシャー,0,1,その他,その他
2024-05-23,アクワイア,霧の戦場のヴェルディーナ: C.A.R.D.S. RPG,-,,ETC,アクワイア,0,1,その他,その他
2024-05-28,ワーナーブラザースジャパン,MultiVersus,-,,ETC,ワーナーブラザースジャパン,0,1,その他,その他
2024-05-30,シティコネクション,ワイズマンズワールド リトライ,-,,ETC,シティコネクション,0,1,その他,その他
2024-05-30,インティ・クリエイツ,九魂の久遠,-,,ETC,インティ・クリエイツ,0,1,その他,その他
2024-05-30,グラビティゲームアライズ,東京サイコデミック 〜公安調査庁特別事象科学情報分析室 特殊捜査事件簿〜,-,YES,ETC,グラビティゲームアライズ,0,1,その他,その他
2024-06-06,スクウェア・エニックス,OCTOPATH TRAVELER,-,,ETC,スクウェア・エニックス,0,1,その他,その他
2024-06-06,コンパイルハート,東方スペルカーニバル,-,YES,ETC,コンパイルハート,0,1,その他,その他
2024-06-14,カプコン,モンスターハンター ストーリーズ,-,,ETC,カプコン,0,1,その他,その他
2024-06-14,カプコン,モンスターハンターストーリーズ2 〜破滅の翼〜,-,,ETC,カプコン,0,1,その他,その他
2024-06-14,アトラス,真・女神転生V Vengeance,-,YES,ETC,アトラス,0,1,その他,その他
2024-06-27,バンダイナムコエンターテインメント,SPY×FAMILY OPERATION DIARY,-,,ETC,バンダイナムコエンターテインメント,0,1,その他,その他
2024-06-27,コンパイルハート,爆走次元ネプテューヌ VS 巨神スライヌ,-,YES,ETC,コンパイルハート,0,1,その他,その他
2024-07-17,ゲームロフト,アスファルト:Legends Unite,-,,ETC,ゲームロフト,0,1,その他,その他
2024-07-17,KONAMI,パワフルプロ野球 栄冠ナイン クロスロード,-,,ETC,KONAMI,0,1,その他,その他
2024-07-19,カプコン,祇:Path of the Goddess,-,,ETC,カプコン,0,1,その他,その他
2024-07-25,フリュー,REYNATIS/レナティス,-,YES,ETC,フリュー,0,1,その他,その他
2024-08-08,Bliss Brain,プリンセスメーカー2 リジェネレーション,-,,ETC,Bliss Brain,0,1,その他,その他
2024-08-29,バンダイナムコエンターテインメント,ガンダムブレイカー4,-,YES,ETC,バンダイナムコエンターテインメント,0,1,その他,その他
2024-08-29,グラビティゲームアライズ,神箱 - Mythology of Cube -,-,YES,ETC,グラビティゲームアライズ,0,1,その他,その他
2024-08-29,スクウェア・エニックス,聖剣伝説 VISIONS of MANA,-,YES,ETC,スクウェア・エニックス,6893_0m_4998,1,その他,その他
2024-08-30,Cygames,ウマ娘 プリティーダービー 熱血ハチャメチャ大感謝祭!,-,,ETC,Cygames,0,1,その他,その他
2024-09-06,カプコン,逆転検事1&2 御剣セレクション,-,YES,ETC,カプコン,0,1,その他,その他
2024-09-12,カプコン,マーベルVSカプコン ファイティングコレクション アーケードクラシックス,-,YES,ETC,カプコン,0,1,その他,その他
2024-09-26,日本ファルコム,"英雄伝説 界の軌跡 -Farewell, O Zemuria-",-,YES,ETC,日本ファルコム,0,1,その他,その他
2024-10-11,アトラス,メタファー:リファンタジオ,-,YES,ETC,アトラス,0,1,その他,その他
2024-10-24,スクウェア・エニックス,ロマンシング サガ2 リベンジオブザセブン,-,YES,ETC,スクウェア・エニックス,0,1,その他,その他
2024-10-25,日本マイクロソフト (Xbox Game Studios),コール オブ デューティ ブラックオプス 6,-,YES,ETC,日本マイクロソフト (Xbox Game Studios),0,1,その他,その他
2024-10-25,セガ,ソニック × シャドウ ジェネレーションズ,-,YES,ETC,セガ,0,1,その他,その他
2024-10-31,モス,雷電NOVA,-,YES,ETC,モス,0,1,その他,その他
2024-11-07,アークシステムワークス,ダウンタウンスペシャル くにおくんの三国志だよ満員御礼!!,-,YES,ETC,アークシステムワークス,0,1,その他,その他
2024-11-28,コンパイルハート,魔導物語 フィアと不思議な学校,-,YES,ETC,コンパイルハート,0,1,その他,その他
2024-12-05,スクウェア・エニックス,FANTASIAN Neo Dimension,-,,ETC,スクウェア・エニックス,0,1,その他,その他
2024-12-12,コーエーテクモゲームス,FAIRY TAIL2,-,YES,ETC,コーエーテクモゲームス,0,1,その他,その他
2025-01-09,バンダイナムコエンターテインメント,FREEDOM WARS Remastered,-,,ETC,バンダイナムコエンターテインメント,0,1,その他,その他
2025-01-16,バンダイナムコエンターテインメント,テイルズ オブ グレイセス エフ リマスター,-,,ETC,バンダイナムコエンターテインメント,0,1,その他,その他
2025-01-17,カイロソフト,ドラえもんのどら焼き屋さん物語,-,,ETC,カイロソフト,0,1,その他,その他
2025-01-23,エンターグラム,制服カノジョ2,-,YES,ETC,エンターグラム,0,1,その他,その他
2025-01-30,日本一ソフトウェア,ファントム・ブレイブ 幽霊船団と消えた英雄,-,YES,ETC,日本一ソフトウェア,0,1,その他,その他
2025-02-13,コーエーテクモゲームス,無双アビス,-,,ETC,コーエーテクモゲームス,0,1,その他,その他
2025-02-21,セガ,龍が如く8外伝 Pirates in Hawaii,-,YES,ETC,セガ,0,1,その他,その他
2025-03-06,コナミデジタルエンタテインメント,幻想水滸伝 I&II リマスター 門の紋章戦争 / デュナン統一戦争,-,YES,ETC,コナミデジタルエンタテインメント,0,1,その他,その他
2025-03-21,バンダイナムコエンターテインメント,BLEACH Rebirth of Souls,-,YES,ETC,バンダイナムコエンターテインメント,0,1,その他,その他
2025-03-21,コーエーテクモゲームス,ユミアのアトリエ 〜追憶の錬金術士と幻創の地〜,-,YES,ETC,コーエーテクモゲームス,6855_0m_4959,1,その他,その他
2025-03-26,コーエーテクモゲームス,Venus Vacation PRISM - DEAD OR ALIVE Xtreme -,-,YES,ETC,コーエーテクモゲームス,6857_0m_4960,1,その他,その他
2025-03-28,スクウェア・エニックス,サガフロンティア2 リマスター,-,,ETC,スクウェア・エニックス,0,1,その他,その他
2025-04-18,ガンホー・オンライン・エンターテイメント,LUNAR リマスターコレクション,-,,ETC,ガンホー・オンライン・エンターテイメント,0,1,その他,その他
2025-04-24,SNK,餓狼伝説 City of the Wolves,-,YES,ETC,SNK,0,1,その他,その他
2025-05-16,カプコン,カプコン ファイティング コレクション2,-,YES,ETC,カプコン,0,1,その他,その他
2025-05-22,レベルファイブ,ファンタジーライフi グルグルの竜と時をぬすむ少女,-,,ETC,レベルファイブ,0,1,その他,その他
2025-05-23,カプコン,鬼武者2,-,,ETC,カプコン,0,1,その他,その他
2025-05-29,コンパイルハート,スカーレッドサルベーション,-,,ETC,コンパイルハート,0,1,その他,その他
2025-05-29,シティコネクション,スチーム・ハーツ & アドヴァンスト ヴァリアブル・ジオ サターントリビュート,-,,ETC,シティコネクション,0,1,その他,その他
2025-05-29,サクセス,ソニックウィングス リユニオン,-,,ETC,サクセス,0,1,その他,その他
2025-05-29,サイバーコネクトツー,戦場のフーガ3,-,,ETC,サイバーコネクトツー,0,1,その他,その他
2025-05-30,フロム・ソフトウェア,ELDEN RING NIGHTREIGN,-,YES,ETC,フロム・ソフトウェア,0,1,その他,その他
2025-06-19,アトラス,RAIDOU Remastered: 超力兵団奇譚,-,YES,ETC,アトラス,0,1,その他,その他
2025-06-26,シティコネクション,ファーランドサーガ I & II サターントリビュート,-,,ETC,シティコネクション,0,1,その他,その他
2025-06-26,コンパイルハート,届けろ!戦え!カラミティエンジェルズ,-,,ETC,コンパイルハート,0,1,その他,その他
2025-07-24,BEEP,コットンリブート ハイテンション!,-,,ETC,BEEP,0,1,その他,その他
2025-07-31,エンターグラム,白恋サクラ*グラム,-,YES,ETC,エンターグラム,0,1,その他,その他
2025-07-31,日本一ソフトウェア,風雨来記5,-,YES,ETC,日本一ソフトウェア,0,1,その他,その他
2025-08-01,アニプレックス,鬼滅の刃 ヒノカミ血風譚2,-,YES,ETC,アニプレックス,0,1,その他,その他
2025-08-21,コンパイルハート,魔法司書アリアナ 〜七英傑の書〜,-,,ETC,コンパイルハート,0,1,その他,その他
2025-08-29,セガ,SHINOBI 復讐の斬撃,-,,ETC,セガ,0,1,その他,その他
2025-09-10,バンダイナムコエンターテインメント,ドラゴンボール ゲキシン スクアドラ,-,,ETC,バンダイナムコエンターテインメント,0,1,その他,その他
2025-09-18,MAGES.,五等分のプリンセス 〜幻想と深淵と魔法学院〜,-,,ETC,MAGES.,0,1,その他,その他
2025-09-26,コーエーテクモゲームス,紅の錬金術師と白の守護者 〜レスレリアーナのアトリエ〜,-,YES,ETC,コーエーテクモゲームス,6856_0m_4961,1,その他,その他
2025-09-30,スクウェア・エニックス,ファイナルファンタジータクティクス - イヴァリース クロニクルズ,-,YES,ETC,スクウェア・エニックス,0,1,その他,その他
2025-10-23,アークシステムワークス,ダブルドラゴン リヴァイヴ,-,,ETC,アークシステムワークス,0,1,その他,その他
2025-11-14,レベルファイブ,イナズマイレブン 英雄たちのヴィクトリーロード,35,,SPT,レベルファイブ,0,1,収集・育成サッカーRPG,その他
2025-12-04,スクウェア・エニックス,オクトパストラベラー0,-,YES,ETC,スクウェア・エニックス,0,1,その他,その他
2026-01-22,セガ,プロサッカークラブをつくろう!2026,-,,ETC,セガ,0,1,その他,その他
2026-01-30,Forever Entertainment,フロントミッションサード: リメイク,-,,ETC,Forever Entertainment,6792_0m_4894,1,その他,その他
2026-02-12,セガ,龍が如く 極3 / 龍が如く3外伝 DARK TIES,36,YES,AADV,セガ,6784_0m_4887,1,アクションアドベンチャー,その他
2026-02-26,モス,RAIDEN FIGHTERS REMIX COLLECTION,-,YES,ETC,モス,6787_0m_4890,1,その他,その他
2026-03-05,Pocketpair Publishing,Never Grave: The Witch and The Curse,-,,ETC,Pocketpair Publishing,0,1,その他,その他
2026-04-17,ケムコ,でこれいと・でこれいしょん,-,,ETC,ケムコ,0,1,その他,その他
2026-04-23,サンソフト,GAME 最強の職業は勇者でも賢者でもなく鑑定士（仮）らしいですよ?〜地下迷宮と謎の少女〜,-,,ETC,サンソフト,0,1,その他,その他
2026-04-23,エンターグラム,凪ノ恋,-,,ETC,エンターグラム,0,1,その他,その他
2026-06-25,コンパイルハート,Villion:Code,30,,RPG,コンパイルハート,0,1,RPG,その他
2026-07-09,Cygames,GRANBLUE FANTASY: Relink - Endless Ragnarok,-,YES,ETC,Cygames,0,1,その他,その他
2026-07-16,Bliss Brain,70年代風ロボットアニメ ゲッP-X,-,,ETC,Bliss Brain,0,1,その他,その他
2026-07-30,エディア,アレサCOLLECTION 1993-1995,-,,ETC,エディア,0,1,その他,その他
2026-08-27,コンパイルハート,超新時空ゲイム ネプテューヌ∞,-,,ETC,コンパイルハート,0,1,その他,その他
2026-10-15,バンダイナムコエンターテインメント,テイルズ オブ エターニア リマスター,-,,ETC,バンダイナムコエンターテインメント,0,1,その他,その他
