発売日,メーカー,タイトル,⭐クロスレビュー(評価),パッケージ併売,ジャンル,開発元,ID,販売本数,ジャンル(詳細),プラットフォーム
2020-11-12,ソニー・インタラクティブエンタテインメント,ASTRO's PLAYROOM,-,,ETC,ソニー・インタラクティブエンタテインメント,0,1,その他,その他
2020-11-12,Young Horses（英語版）,Bugsnax（英語版）,32,,SPT,Young Horses（英語版）,6820_0m_4923,1,野球,その他
2020-11-12,Starbreeze Studios（英語版）,Dead by Daylight,-,,ETC,Starbreeze Studios（英語版）,1964_0m_1295,1,その他,その他
2020-11-12,ソニー・インタラクティブエンタテインメント,Demon's Souls,-,YES,ETC,ソニー・インタラクティブエンタテインメント,4474_0m_2260n,1,その他,その他
2020-11-12,Gearbox Publishing,Godfall（英語版）,32,YES,SPT,Gearbox Publishing,6820_0m_4923,1,野球,その他
2020-11-12,ソニー・インタラクティブエンタテインメント,Marvel's Spider-Man: Miles Morales,38,YES,AADV,ソニー・インタラクティブエンタテインメント,4308_0m_2184,1,アクションアドベンチャー,その他
2020-11-12,テイクツー・インタラクティブ,NBA 2K21（英語版）,32,YES,SPT,テイクツー・インタラクティブ,6820_0m_4923,1,野球,その他
2020-11-12,Hello Games,No Man's Sky,32,YES,AADV,Hello Games,0,1,アクションアドベンチャー,その他
2020-11-12,Team17（英語版）,Overcooked! 王国のフルコース,-,YES,ETC,Team17（英語版）,0,1,その他,その他
2020-11-12,ソニー・インタラクティブエンタテインメント,Share Factory Studio,-,,ETC,ソニー・インタラクティブエンタテインメント,0,1,その他,その他
2020-11-12,アンナプルナ・インタラクティブ,The Pathless,-,,ETC,アンナプルナ・インタラクティブ,0,1,その他,その他
2020-11-12,ユービーアイソフト,アサシン クリード ヴァルハラ,35,YES,ARPG,ユービーアイソフト,4230_0m_2167,1,アクションRPG,その他
2020-11-12,ユービーアイソフト,ウォッチドッグス レギオン,36,YES,ACT,ユービーアイソフト,43_0m_43,1,ハッキングアクション,その他
2020-11-12,MUTAN,グーニャファイター ぷるぷる触感Edition,-,,ETC,MUTAN,0,1,その他,その他
2020-11-12,カプコン,デビルメイクライ5 スペシャルエディション,37,YES,ACT,カプコン,4475_0m_2261,1,スタイリッシュアクション,その他
2020-11-12,Epic Games,フォートナイト,-,,ETC,Epic Games,0,1,その他,その他
2020-11-12,Frontier Developments,プラネットコースター: コンソール版,-,,ETC,Frontier Developments,0,1,その他,その他
2020-11-12,テイクツー・インタラクティブ,ボーダーランズ3,35,,SHT,テイクツー・インタラクティブ,2878_0m_1624,1,RPGシューター,その他
2020-11-12,ソニー・インタラクティブエンタテインメント,リビッツ! ビッグ・アドベンチャー（英語版）,35,YES,ACT,ソニー・インタラクティブエンタテインメント,4307_0m_2183,1,3Dアクション,その他
2020-11-13,ソニー・インタラクティブエンタテインメント,Call of Duty: Black Ops Cold War,-,YES,ETC,ソニー・インタラクティブエンタテインメント,0,1,その他,その他
2020-11-17,EXNOA,War Thunder,31,,MMO,EXNOA,0,1,MMOコンバットシミュレーター,その他
2020-11-24,ユービーアイソフト,ジャストダンス2021,32,YES,音,ユービーアイソフト,0,1,ダンス,その他
2020-11-26,Merge Games,Spirit of the North（英語版）: Enhanced Edition,32,,SPT,Merge Games,6820_0m_4923,1,野球,その他
2020-11-27,Digital Extremes（英語版）,Warframe,-,,ETC,Digital Extremes（英語版）,0,1,その他,その他
2020-12-01,Team17,Worms Rumble（英語版）,32,,SPT,Team17,6820_0m_4923,1,野球,その他
2020-12-01,ユービーアイソフト,レインボーシックス シージ,34,,SHT,ユービーアイソフト,287_0m_232,1,タクティカルシューター,その他
2020-12-03,The Game Bakers（英語版）,Haven（英語版）,32,,SPT,The Game Bakers（英語版）,6820_0m_4923,1,野球,その他
2020-12-03,ユービーアイソフト,イモータルズ フィニクス ライジング（英語版）,34,YES,AADV,ユービーアイソフト,4382_0m_2214,1,アクションアドベンチャー,その他
2020-12-03,コーエーテクモゲームス,ライザのアトリエ2 〜失われた伝承と秘密の妖精〜,33,,RPG,コーエーテクモゲームス,4482_0m_2268,1,錬金術RPG,その他
2020-12-04,エレクトロニック・アーツ,FIFA 21,-,YES,ETC,エレクトロニック・アーツ,0,1,その他,その他
2020-12-04,エレクトロニック・アーツ,Madden NFL 21（英語版）,32,,SPT,エレクトロニック・アーツ,6820_0m_4923,1,野球,その他
2020-12-08,Humble Bundle,Temtem,30,,MMO,Humble Bundle,0,1,MMORPG,その他
2020-12-09,バンジー,Destiny 2,35,,ASHT,バンジー,0,1,アクションシューティング,その他
2020-12-10,セガ,ぷよぷよテトリス2,34,YES,ACT,セガ,0,1,アクションパズル,その他
2020-12-15,EXNOA,CRSED,-,,ETC,EXNOA,0,1,その他,その他
2020-12-17,コンパイルハート,Go!Go!5次元GAME ネプテューヌ re★Verse,-,YES,ETC,コンパイルハート,0,1,その他,その他
2020-12-17,Tripwire Interactive（英語版）,Maneater（英語版）,32,YES,SPT,Tripwire Interactive（英語版）,6820_0m_4923,1,野球,その他
2021-01-21,EXNOA,RIDE 4（英語版）,32,,SPT,EXNOA,6820_0m_4923,1,野球,その他
2021-01-26,インティ・クリエイツ,サイバーシャドウ（英語版）,31,,ACT,インティ・クリエイツ,0,1,探索アクション,その他
2021-01-28,バンダイナムコエンターテインメント,機動戦士ガンダム バトルオペレーション2,-,,ETC,バンダイナムコエンターテインメント,0,1,その他,その他
2021-01-29,Skookum Arts LLC,The Pedestrian,-,,ETC,Skookum Arts LLC,0,1,その他,その他
2021-02-02,マーベラス,CONTROL アルティメット・エディション,-,YES,ETC,マーベラス,0,1,その他,その他
2021-02-02,ソニー・インタラクティブエンタテインメント,Destruction AllStars（英語版）,32,,SPT,ソニー・インタラクティブエンタテインメント,6820_0m_4923,1,野球,その他
2021-02-04,コーエーテクモゲームス,仁王 Remastered Complete Edition,-,YES,ETC,コーエーテクモゲームス,0,1,その他,その他
2021-02-04,コーエーテクモゲームス,仁王2 Remastered Complete Edition,-,YES,ETC,コーエーテクモゲームス,0,1,その他,その他
2021-02-18,ラタライカゲームス,Anodyne 2: Return to Dust（英語版）,32,,SPT,ラタライカゲームス,6820_0m_4923,1,野球,その他
2021-02-18,日本一ソフトウェア,void tRrLM();++ver; //ボイド・テラリウム・プラス,-,YES,ETC,日本一ソフトウェア,0,1,その他,その他
2021-02-19,Frogwares Ireland（英語版）,The Sinking City（英語版）,32,,SPT,Frogwares Ireland（英語版）,6820_0m_4923,1,野球,その他
2021-02-23,Indie Remix Studios LLC,Buster's Quest: Trials of Hamsterdam,-,,ETC,Indie Remix Studios LLC,0,1,その他,その他
2021-02-25,ラタライカゲームス,サンダーフラッシュ,-,,ETC,ラタライカゲームス,0,1,その他,その他
2021-03-02,アンナプルナ・インタラクティブ,マケット（英語版）,-,,ETC,アンナプルナ・インタラクティブ,0,1,その他,その他
2021-03-02,セガ,龍が如く7 光と闇の行方 インターナショナル,-,YES,ETC,セガ,0,1,その他,その他
2021-03-03,TribalWire,UniPlex,-,,ETC,TribalWire,0,1,その他,その他
2021-03-12,アクティビジョン,クラッシュ・バンディクー4 とんでもマルチバース,33,,ACT,アクティビジョン,4212_0m_2151,1,3Dアクション,その他
2021-03-18,スクウェア・エニックス,Marvel's Avengers,-,YES,ETC,スクウェア・エニックス,4091_0m_2097,1,その他,その他
2021-03-19,Pixel Maniacs,Can't Drive This,-,,ETC,Pixel Maniacs,0,1,その他,その他
2021-03-26,エレクトロニック・アーツ,It Takes Two,35,,AADV,エレクトロニック・アーツ,0,1,アクションアドベンチャー,その他
2021-03-26,アクティビジョン,トニー・ホーク プロスケーター 1 + 2,-,,ETC,アクティビジョン,0,1,その他,その他
2021-03-26,スクウェア・エニックス,バランワンダーワールド,30,YES,ACT,スクウェア・エニックス,0,1,ワンダーアクション,その他
2021-03-30,Hi-Rez Studios（英語版）,Rogue Company,-,,ETC,Hi-Rez Studios（英語版）,0,1,その他,その他
2021-03-31,Long Entertainment Company,オートチェス（英語版）,-,,ETC,Long Entertainment Company,0,1,その他,その他
2021-04-01,スクウェア・エニックス,OUTRIDERS（英語版）,32,YES,SPT,スクウェア・エニックス,6820_0m_4923,1,野球,その他
2021-04-01,コトブキソリューション,ルインバース,-,,ETC,コトブキソリューション,0,1,その他,その他
2021-04-05,ラタライカゲームス,ワン・エスケープ 俺の脱獄作戦,-,,ETC,ラタライカゲームス,0,1,その他,その他
2021-04-06,Oddworld Inhabitants（英語版）,Oddworld: Soulstorm（英語版）,32,,SPT,Oddworld Inhabitants（英語版）,6820_0m_4923,1,野球,その他
2021-04-08,Gamuzumi,タリアの伝説 女騎士アルカディア,-,,ETC,Gamuzumi,0,1,その他,その他
2021-04-15,EXNOA,Monster Energy Supercross - The Official Videogame 4（英語版）,32,,SPT,EXNOA,6820_0m_4923,1,野球,その他
2021-04-15,Eastasiasoft,キングダム・オブ・アルカディア,-,,ETC,Eastasiasoft,0,1,その他,その他
2021-04-20,ソニー・インタラクティブエンタテインメント,MLB The Show 21（英語版）,31,YES,SPT,ソニー・インタラクティブエンタテインメント,6820_0m_4923,1,メジャーリーグベースボール,その他
2021-04-22,Gamuzumi,サクラ・サキュバス ～モテ期は唐突に～,-,,ETC,Gamuzumi,0,1,その他,その他
2021-04-22,オーイズミ・アミュージオ,ワーウルフ：ジ・アポカリプス（英語版）,-,YES,ETC,オーイズミ・アミュージオ,0,1,その他,その他
2021-04-23,セガ,JUDGE EYES:死神の遺言 Remastered,-,YES,ETC,セガ,0,1,その他,その他
2021-04-26,ウォーゲーミング,World of Warships: Legends,32,,MMO,ウォーゲーミング,0,1,オンライン海戦アクション,その他
2021-04-26,ラタライカゲームス,クロスクラッシュ,-,,ETC,ラタライカゲームス,0,1,その他,その他
2021-04-28,miHoYo,原神,35,,ARPG,miHoYo,0,1,アクションRPG,その他
2021-04-30,ラタライカゲームス,Heal,-,,ETC,ラタライカゲームス,0,1,その他,その他
2021-04-30,ソニー・インタラクティブエンタテインメント,Returnal,35,YES,TPS,ソニー・インタラクティブエンタテインメント,0,1,ローグライクTPS,その他
2021-05-06,THQ Nordic,Wreckfest（英語版）,32,,SPT,THQ Nordic,6820_0m_4923,1,野球,その他
2021-05-08,カプコン,バイオハザード ヴィレッジ,38,YES,ETC,カプコン,4693_0m_2515,1,サバイバルホラー,その他
2021-05-08,カプコン,バイオハザード ヴィレッジ Z Version,-,YES,ETC,カプコン,0,1,その他,その他
2021-05-10,EXNOA,Enlisted,-,,ETC,EXNOA,0,1,その他,その他
2021-05-13,EXNOA,MotoGP 21（英語版）,32,,SPT,EXNOA,6820_0m_4923,1,野球,その他
2021-05-14,PLAYISM,Subnautica,32,,ADV,PLAYISM,3464_0m_1859,1,サバイバルアドベンチャー,その他
2021-05-14,Unknown Worlds Entertainment（英語版）,Subnautica: Below Zero,-,YES,ETC,Unknown Worlds Entertainment（英語版）,0,1,その他,その他
2021-05-14,Eastasiasoft,エクソデーモン,-,,ETC,Eastasiasoft,0,1,その他,その他
2021-05-20,DMM GAMES,Mortal Shell,-,YES,ETC,DMM GAMES,0,1,その他,その他
2021-05-20,Gamuzumi,サクラ・サキュバス2 ～止まらぬ出会い～,-,,ETC,Gamuzumi,0,1,その他,その他
2021-05-20,PLAYISM,マニフォールド ガーデン（英語版）,31,,FPS,PLAYISM,0,1,一人称パズル,その他
2021-05-21,Raw Fury,Call of The Sea（英語版）,32,,SPT,Raw Fury,6820_0m_4923,1,野球,その他
2021-05-21,エレクトロニック・アーツ,Knockout City（英語版）,32,,SPT,エレクトロニック・アーツ,6820_0m_4923,1,野球,その他
2021-05-25,スクウェア・エニックス,ファイナルファンタジーXIV,-,,ETC,スクウェア・エニックス,2_0m_2,1,その他,その他
2021-05-27,Reef Entertainment,TERMINATOR: RESISTANCE ENHANCED,-,YES,ETC,Reef Entertainment,0,1,その他,その他
2021-05-27,コーラス・ワールドワイド,ブリッジコンストラクター：ウォーキング・デッド,-,,ETC,コーラス・ワールドワイド,0,1,その他,その他
2021-06-01,Clever Plays,オペレーション：タンゴ,32,,ADV,Clever Plays,0,1,協力型スパイアドベンチャー,その他
2021-06-03,Eastasiasoft,イービル・インサイド,-,,ETC,Eastasiasoft,0,1,その他,その他
2021-06-05,PLAYISM,マイティ・グース（英語版）,33,,ASHT,PLAYISM,0,1,アクションシューティング,その他
2021-06-08,Tripwire Interactive,Chivalry 2（英語版）,32,YES,SPT,Tripwire Interactive,6820_0m_4923,1,野球,その他
2021-06-08,アークシステムワークス,GUILTY GEAR -STRIVE- デラックスエディション,-,YES,ETC,アークシステムワークス,0,1,その他,その他
2021-06-10,スクウェア・エニックス,ファイナルファンタジーVII リメイク インターグレード,-,YES,ETC,スクウェア・エニックス,4736_0m_2558,1,その他,その他
2021-06-11,エレクトロニック・アーツ,STAR WARS ジェダイ：フォールン・オーダー,34,,AADV,エレクトロニック・アーツ,6113_0m_3943,1,アクションアドベンチャー,その他
2021-06-11,ソニー・インタラクティブエンタテインメント,ラチェット&クランク パラレル・トラブル,37,YES,ACT,ソニー・インタラクティブエンタテインメント,4738_0m_2560,1,アクション,その他
2021-06-12,ベセスダ・ソフトワークス,Doom Eternal Deluxe Edition,-,,ETC,ベセスダ・ソフトワークス,0,1,その他,その他
2021-06-15,M2H,Verdun（英語版）,32,,SPT,M2H,6820_0m_4923,1,野球,その他
2021-06-15,M2H,タンネンベルク（英語版）,-,,ETC,M2H,0,1,その他,その他
2021-06-17,Eastasiasoft,Pretty Girls Klondike Solitaire,-,,ETC,Eastasiasoft,0,1,その他,その他
2021-06-22,Merge Games,Alex Kidd in Miracle World DX,-,YES,ETC,Merge Games,0,1,その他,その他
2021-06-22,ウィザーズ・オブ・ザ・コースト,Dark Alliance（英語版）,32,YES,SPT,ウィザーズ・オブ・ザ・コースト,6820_0m_4923,1,野球,その他
2021-06-24,バンダイナムコエンターテインメント,SCARLET NEXUS,34,YES,ARPG,バンダイナムコエンターテインメント,0,1,ブレインパンク・アクションRPG,その他
2021-06-24,Gamuzumi,サクラ・サキュバス3 ～魔性の支配者～,-,,ETC,Gamuzumi,0,1,その他,その他
2021-06-24,オーイズミ・アミュージオ,テニス ワールドツアー 2 COMPLETE EDITION,-,YES,ETC,オーイズミ・アミュージオ,0,1,その他,その他
2021-06-25,Eastasiasoft,サー・ラブロット,-,,ETC,Eastasiasoft,0,1,その他,その他
2021-07-02,Eastasiasoft,ドランク・フィスト,-,,ETC,Eastasiasoft,0,1,その他,その他
2021-07-06,オーイズミ・アミュージオ,プレイグ テイル -イノセンス-,32,,AADV,オーイズミ・アミュージオ,0,1,アクションアドベンチャー,その他
2021-07-08,NAパブリッシング,Observer: System Redux,-,YES,ETC,NAパブリッシング,0,1,その他,その他
2021-07-08,M2H,クラッシュドライブ3,-,,ETC,M2H,0,1,その他,その他
2021-07-13,エレクトロニック・アーツ,F1 2021,34,YES,RCG,エレクトロニック・アーツ,0,1,レース,その他
2021-07-15,Eastasiasoft,エイト・ドラゴン,-,,ETC,Eastasiasoft,0,1,その他,その他
2021-07-15,スパイク・チュンソフト,メトロ エクソダス,34,YES,SHT,スパイク・チュンソフト,0,1,シネマティック・サバイバルシューター,その他
2021-07-16,ラタライカゲームス,ウィズン・ザ・ブレード,-,,ETC,ラタライカゲームス,0,1,その他,その他
2021-07-19,アソビモ,ETERNAL,-,,ETC,アソビモ,3087_0m_1700,1,その他,その他
2021-07-20,Modus Games（英語版）,Cris Tales（英語版）,32,YES,SPT,Modus Games（英語版）,6820_0m_4923,1,野球,その他
2021-07-21,サン電子,Alba Wildlife Adventure（英語版）,32,,SPT,サン電子,6820_0m_4923,1,野球,その他
2021-07-21,ラタライカゲームス,フレディ スパゲッティ 2,-,,ETC,ラタライカゲームス,0,1,その他,その他
2021-07-22,アンナプルナ・インタラクティブ,Last Stop（英語版）,32,,SPT,アンナプルナ・インタラクティブ,6820_0m_4923,1,野球,その他
2021-07-22,アクアプラス,うたわれるもの斬2,31,YES,ARPG,アクアプラス,0,1,連撃アクションRPG,その他
2021-07-23,Eastasiasoft,112th Seed,-,,ETC,Eastasiasoft,0,1,その他,その他
2021-07-23,ケムコ,彩色のカルテット,-,,ETC,ケムコ,0,1,その他,その他
2021-07-27,Gearbox Software,Tribes of Midgard（英語版）,32,,SPT,Gearbox Software,6820_0m_4923,1,野球,その他
2021-07-27,Merge Games,Yonder: The Cloud Catcher Chronicles（英語版）,32,,SPT,Merge Games,6820_0m_4923,1,野球,その他
2021-07-29,CI Games（英語版）,Eldest Souls,-,,ETC,CI Games（英語版）,0,1,その他,その他
2021-07-29,Eastasiasoft,りっく☆じあ～す 麻雀ソリティア,-,,ETC,Eastasiasoft,0,1,その他,その他
2021-07-29,NAパブリッシング,ワールドスプリッター,-,,ETC,NAパブリッシング,0,1,その他,その他
2021-07-29,サイバーコネクトツー,戦場のフーガ,33,,SRPG,サイバーコネクトツー,0,1,シミュレーションRPG,その他
2021-08-03,マンティスコ,ハンターズアリーナ：レジェンド,-,,ETC,マンティスコ,0,1,その他,その他
2021-08-05,コードマスターズ,DIRT 5（英語版）,32,YES,SPT,コードマスターズ,6820_0m_4923,1,野球,その他
2021-08-05,Gamuzumi,Dating Life: マイリー&エミリー,-,,ETC,Gamuzumi,0,1,その他,その他
2021-08-05,3goo,ファルコニア（英語版） ウォリアー エディション,-,YES,ETC,3goo,0,1,その他,その他
2021-08-09,アンナプルナ・インタラクティブ,アイ・アム・デッド（英語版）,-,,ETC,アンナプルナ・インタラクティブ,0,1,その他,その他
2021-08-12,Merge Games,FORECLOSED,-,,ETC,Merge Games,0,1,その他,その他
2021-08-13,Eastasiasoft,Zero Strain,-,,ETC,Eastasiasoft,0,1,その他,その他
2021-08-17,Team17,Greak: Memories of Azur,30,,AADV,Team17,0,1,アクションアドベンチャー,その他
2021-08-17,エレクトロニック・アーツ,Madden NFL 22（英語版）,32,,SPT,エレクトロニック・アーツ,6820_0m_4923,1,野球,その他
2021-08-18,Eastasiasoft,Rogue Explorer,-,,ETC,Eastasiasoft,0,1,その他,その他
2021-08-19,Gamuzumi,サクラ・サキュバス4 ～真夏のハーレム休暇～,-,,ETC,Gamuzumi,0,1,その他,その他
2021-08-19,コーラス・ワールドワイド,夕鬼,-,YES,ETC,コーラス・ワールドワイド,0,1,その他,その他
2021-08-20,ソニー・インタラクティブエンタテインメント,Ghost of Tsushima DIRECTOR'S CUT,-,YES,ETC,ソニー・インタラクティブエンタテインメント,0,1,その他,その他
2021-08-20,ケムコ,アルファディア ジェネシス,-,,ETC,ケムコ,0,1,その他,その他
2021-08-25,バンダイナムコエンターテインメント,リトルナイトメア2,33,,ADV,バンダイナムコエンターテインメント,4561_0m_2347,1,サスペンスアドベンチャー,その他
2021-08-26,IO Interactive,Hitman 3,-,YES,ETC,IO Interactive,0,1,その他,その他
2021-08-26,Eastasiasoft,Pretty Girls Panic!,-,,ETC,Eastasiasoft,0,1,その他,その他
2021-08-26,オーイズミ・アミュージオ,オーバーライド 2：スーパーメカリーグ（英語版）,-,YES,ETC,オーイズミ・アミュージオ,0,1,その他,その他
2021-08-27,Eastasiasoft,Poker Pretty Girls Battle: Fantasy World Edition,-,,ETC,Eastasiasoft,0,1,その他,その他
2021-09-02,アークシステムワークス,ニャンザの冒険,-,,ETC,アークシステムワークス,0,1,その他,その他
2021-09-02,Kalypso Media Japan,ポート ロイヤル 4,-,YES,ETC,Kalypso Media Japan,0,1,その他,その他
2021-09-03,ケムコ,アルファディア ジェネシス2,-,,ETC,ケムコ,0,1,その他,その他
2021-09-07,Bilibili HK Limited,フィスト 紅蓮城の闇（英語版）,33,YES,ACT,Bilibili HK Limited,0,1,探索アクション,その他
2021-09-09,バンダイナムコエンターテインメント,テイルズ オブ アライズ,35,YES,RPG,バンダイナムコエンターテインメント,4872_0m_2694,1,心の黎明を告げるRPG,その他
2021-09-10,ラタライカゲームス,Love Choice 愛の選択,-,,ETC,ラタライカゲームス,0,1,その他,その他
2021-09-10,テイクツー・インタラクティブ,NBA 2K22,32,YES,SPT,テイクツー・インタラクティブ,0,1,バスケットボール,その他
2021-09-10,Eastasiasoft,りっく☆じあ～す サイバーパニック！,-,,ETC,Eastasiasoft,0,1,その他,その他
2021-09-10,エレクトロニック・アーツ,ロスト・イン・ランダム（英語版）,-,,ETC,エレクトロニック・アーツ,0,1,その他,その他
2021-09-14,ベセスダ・ソフトワークス,DEATHLOOP,38,YES,FPS,ベセスダ・ソフトワークス,0,1,FPS,その他
2021-09-16,3goo,Aliens: Fireteam Elite,32,YES,TPS,3goo,0,1,TPS,その他
2021-09-16,Phoenixx,Evergate,-,,ETC,Phoenixx,0,1,その他,その他
2021-09-16,Bigben Interactive（英語版）,Hunting Simulator 2,-,,ETC,Bigben Interactive（英語版）,0,1,その他,その他
2021-09-16,Kalypso Media Japan,スペースベース スタートピア（英語版）,-,YES,ETC,Kalypso Media Japan,0,1,その他,その他
2021-09-17,CI Games S.A.,テイルズ・オブ・アイアン,-,,ETC,CI Games S.A.,0,1,その他,その他
2021-09-21,Ember Lab,Kena: Bridge of Spirits（英語版）,32,YES,SPT,Ember Lab,6820_0m_4923,1,野球,その他
2021-09-22,3goo,リムズ レーシング,31,YES,SLG,3goo,0,1,リアル・バイク・シミュレーター,その他
2021-09-24,ソニー・インタラクティブエンタテインメント,DEATH STRANDING DIRECTOR'S CUT,-,YES,ETC,ソニー・インタラクティブエンタテインメント,0,1,その他,その他
2021-09-24,Eastasiasoft,Delicious! Pretty Girls Mahjong Solitaire,-,,ETC,Eastasiasoft,0,1,その他,その他
2021-09-24,セガ,LOST JUDGMENT 裁かれざる記憶,38,YES,ACT,セガ,4877_0m_2699,1,リーガルサスペンスアクション,その他
2021-09-24,ブリザード・エンターテイメント,ディアブロ II リザレクテッド,-,,ETC,ブリザード・エンターテイメント,0,1,その他,その他
2021-09-27,エレクトロニック・アーツ,FIFA 22,36,,SPT,エレクトロニック・アーツ,4879_0m_2701,1,サッカー,その他
2021-09-27,Milestone（英語版）,HOT WHEELS UNLEASHED,30,,RCG,Milestone（英語版）,0,1,アクションレース,その他
2021-09-28,Frontier Developments,レムニスゲート,-,,ETC,Frontier Developments,0,1,その他,その他
2021-09-29,ATARI,Centipede: Recharged,-,,ETC,ATARI,0,1,その他,その他
2021-09-30,Draknek,Bonfire Peaks,-,,ETC,Draknek,0,1,その他,その他
2021-09-30,Supergiant Games（英語版）,HADES,38,YES,ACT,Supergiant Games（英語版）,0,1,ローグライトアクション,その他
2021-09-30,DANGEN ENTERTAINMENT,Smelter,31,,ACT,DANGEN ENTERTAINMENT,0,1,アクションストラテジー,その他
2021-09-30,オーイズミ・アミュージオ,WRC9 FIA ワールドラリーチャンピオンシップ（英語版）,32,YES,RCG,オーイズミ・アミュージオ,0,1,ラリーレーシング,その他
2021-09-30,コナミデジタルエンタテインメント,eFootball 2022,34,,SPT,コナミデジタルエンタテインメント,0,1,サッカー,その他
2021-09-30,ケムコ,アスディバインサーガ,-,,ETC,ケムコ,0,1,その他,その他
2021-09-30,Eastasiasoft,クライシス・ウィング,-,,ETC,Eastasiasoft,0,1,その他,その他
2021-09-30,Gamuzumi,サクラ水泳部 ～転校生の決意～,-,,ETC,Gamuzumi,0,1,その他,その他
2021-09-30,EXNOA,セインツロウ ザ・サード：リマスタード,36,YES,ACT,EXNOA,0,1,クライムアクション,その他
2021-10-01,ラタライカゲームス,タコリタ・ミーツ・ポテト,-,,ETC,ラタライカゲームス,0,1,その他,その他
2021-10-05,Epic Games,Alan Wake Remastered,-,,ETC,Epic Games,0,1,その他,その他
2021-10-05,Team17,Hell let loose,31,YES,FPS,Team17,0,1,ミリタリーFPS,その他
2021-10-05,Superbrothers（英語版）,JETT: The Far Shore（英語版）,32,,SPT,Superbrothers（英語版）,6820_0m_4923,1,野球,その他
2021-10-05,タイトー,パズルボブル3D バケーション・オデッセイ,-,,ETC,タイトー,0,1,その他,その他
2021-10-07,Eastasiasoft,Pretty Girls Mahjong Solitaire,-,,ETC,Eastasiasoft,0,1,その他,その他
2021-10-07,セガ,たべごろ！スーパーモンキーボール 1＆2リメイク,-,YES,ETC,セガ,4882_0m_2704,1,その他,その他
2021-10-07,3goo,アストリア アセンディング（英語版）,-,YES,ETC,3goo,0,1,その他,その他
2021-10-07,PLAYISM,ドキドキ文芸部プラス！,-,YES,ETC,PLAYISM,4952_0m_2774,1,その他,その他
2021-10-07,ユービーアイソフト,ファークライ6,35,YES,AADV,ユービーアイソフト,4881_0m_2703,1,アクションアドベンチャー,その他
2021-10-08,ワーナー・ブラザース・インタラクティブ・エンターテイメント（英語版）,Back 4 Blood,32,YES,MMO,ワーナー・ブラザース・インタラクティブ・エンターテイメント（英語版）,4884_0m_2706,1,オンラインFPS,その他
2021-10-13,ゼニマックス・メディア,Quake,-,,ETC,ゼニマックス・メディア,0,1,その他,その他
2021-10-14,フリュー,モナーク/Monark,30,YES,RPG,フリュー,4955_0m_2777,1,RPG,その他
2021-10-14,マーベラス,リフトブレイカー（英語版）,-,YES,ETC,マーベラス,0,1,その他,その他
2021-10-14,アニプレックス,鬼滅の刃 ヒノカミ血風譚,33,YES,ACT,アニプレックス,4885_0m_2707,1,鬼殺対戦アクション,その他
2021-10-15,エレクトロニック・アーツ,NHL 22（英語版）,32,,SPT,エレクトロニック・アーツ,6820_0m_4923,1,野球,その他
2021-10-17,ATARI,Black Widow: Recharged（英語版）,32,,SPT,ATARI,6820_0m_4923,1,野球,その他
2021-10-21,H2インタラクティブ,Ghostrunner（英語版）,32,,SPT,H2インタラクティブ,6820_0m_4923,1,野球,その他
2021-10-21,ケムコ,アーキタイプ・アーカディア,32,,ADV,ケムコ,0,1,終末仮想世界ノベルアドベンチャー,その他
2021-10-21,Gamuzumi,サクラ・ノヴァ ～騎士学園物語～,-,,ETC,Gamuzumi,0,1,その他,その他
2021-10-22,バンダイナムコエンターテインメント,The Dark Pictures Anthology: House of Ashes（英語版）,32,,SPT,バンダイナムコエンターテインメント,6820_0m_4923,1,野球,その他
2021-10-22,Eastasiasoft,ダンジョン・エスケープ,-,,ETC,Eastasiasoft,0,1,その他,その他
2021-10-22,Joindots GmbH,ハーベスト ライフ,-,,ETC,Joindots GmbH,0,1,その他,その他
2021-10-26,スクウェア・エニックス,Marvel's Guardians of the Galaxy,36,YES,AADV,スクウェア・エニックス,4887_0m_2709,1,アクションアドベンチャー,その他
2021-10-26,ウォーゲーミング,World of Tanks,-,,ETC,ウォーゲーミング,0,1,その他,その他
2021-10-27,Eastasiasoft,ルーシッド・サイクル,-,,ETC,Eastasiasoft,0,1,その他,その他
2021-10-28,EXNOA,Iron Harvest（英語版）,32,YES,SPT,EXNOA,6820_0m_4923,1,野球,その他
2021-10-28,Game Source Entertainment,KeyWe -キーウィ-（英語版）,32,YES,SPT,Game Source Entertainment,6820_0m_4923,1,野球,その他
2021-10-28,Beep Japan,Pumpkin Jack,30,,AADV,Beep Japan,0,1,アクションアドベンチャー,その他
2021-10-28,3goo,WRC10 FIA世界ラリー選手権（英語版）,32,YES,SPT,3goo,6820_0m_4923,1,野球,その他
2021-10-28,ユービーアイソフト,ライダーズ リパブリック（英語版）,35,YES,SPT,ユービーアイソフト,0,1,アウトドアスポーツ,その他
2021-10-28,コーエーテクモゲームス,零 ～濡鴉ノ巫女～,-,,ETC,コーエーテクモゲームス,0,1,その他,その他
2021-11-04,Eastasiasoft,Pretty Girls Panic! PLUS,-,,ETC,Eastasiasoft,0,1,その他,その他
2021-11-04,ユービーアイソフト,ジャストダンス2022,31,,音,ユービーアイソフト,0,1,ダンス,その他
2021-11-04,バンダイナムコエンターテインメント,ミスタードリラーアンコール,-,,ETC,バンダイナムコエンターテインメント,0,1,その他,その他
2021-11-05,ソニー・インタラクティブエンタテインメント,Call of Duty: Vanguard,-,YES,ETC,ソニー・インタラクティブエンタテインメント,0,1,その他,その他
2021-11-05,ケムコ,ゴーストシンク,-,,ETC,ケムコ,0,1,その他,その他
2021-11-05,バンダイナムコエンターテインメント,機動戦士ガンダム バトルオペレーション Code Fairy,-,,ETC,バンダイナムコエンターテインメント,0,1,その他,その他
2021-11-09,Versus Evil（英語版）,First Class Trouble,-,,ETC,Versus Evil（英語版）,0,1,その他,その他
2021-11-09,Frontier Developments,ジュラシック・ワールド・エボリューション 2,-,,ETC,Frontier Developments,0,1,その他,その他
2021-11-09,H2インタラクティブ,ロキ（英語版）,-,,ETC,H2インタラクティブ,0,1,その他,その他
2021-11-11,Eastasiasoft,Hentai vs. Evil,-,,ETC,Eastasiasoft,0,1,その他,その他
2021-11-11,SadSquare Studio,Visage,-,,ETC,SadSquare Studio,0,1,その他,その他
2021-11-11,テイクツー・インタラクティブ,グランド・セフト・オート：トリロジー：決定版,-,,ETC,テイクツー・インタラクティブ,0,1,その他,その他
2021-11-16,Frogwares Ireland,Sherlock Holmes Chapter One（英語版）,32,,SPT,Frogwares Ireland,6820_0m_4923,1,野球,その他
2021-11-17,ラタライカゲームス,クラング2,-,,ETC,ラタライカゲームス,0,1,その他,その他
2021-11-18,Phoenixx,The Plane Effect -サラリーマン-,-,,ETC,Phoenixx,0,1,その他,その他
2021-11-18,Gamuzumi,アイドルカフェを経営しませんか?,-,,ETC,Gamuzumi,0,1,その他,その他
2021-11-18,レイニーフロッグ,シーポ,30,,ACT,レイニーフロッグ,0,1,探索アクション,その他
2021-11-19,エレクトロニック・アーツ,Battlefield 2042,-,,ETC,エレクトロニック・アーツ,0,1,その他,その他
2021-11-19,Epic Games,KID A MNESIA EXHIBITION（英語版）,32,,SPT,Epic Games,6820_0m_4923,1,野球,その他
2021-11-23,Devolver Digital,Death's Door（英語版）,32,,SPT,Devolver Digital,6820_0m_4923,1,野球,その他
2021-11-24,Ravenscourt（英語版）,Let's Sing 2022,-,,ETC,Ravenscourt（英語版）,0,1,その他,その他
2021-11-24,Eastasiasoft,ドリズルパス：デジャヴ,-,,ETC,Eastasiasoft,0,1,その他,その他
2021-11-25,あまた,NOSTALGIC TRAIN（フランス語版）,-,,ETC,あまた,0,1,その他,その他
2021-11-25,H2インタラクティブ,Sniper Ghost Warrior Contracts 2（英語版）,32,YES,SPT,H2インタラクティブ,6820_0m_4923,1,野球,その他
2021-11-25,Softsource,Treasures of the Aegean,-,YES,ETC,Softsource,0,1,その他,その他
2021-11-25,レイニーフロッグ,グミーズライフ,-,,ETC,レイニーフロッグ,0,1,その他,その他
2021-11-25,Kalypso Media Japan,ディサイプルズ リベレーション,30,YES,SRPG,Kalypso Media Japan,0,1,タクティカルRPG,その他
2021-11-25,バンダイナムコエンターテインメント,ファーミングシミュレーター 22,30,YES,SLG,バンダイナムコエンターテインメント,4930_0m_2752,1,農業経営シミュレーション,その他
2021-11-25,Eastasiasoft,ヴォイド・ゴア,-,,ETC,Eastasiasoft,0,1,その他,その他
2021-12-02,Mixtvision（ドイツ語版）,A Juggler's Tale,-,,ETC,Mixtvision（ドイツ語版）,0,1,その他,その他
2021-12-02,Eastasiasoft,Pretty Girls Mahjong Solitaire - Blue,-,,ETC,Eastasiasoft,0,1,その他,その他
2021-12-02,Eastasiasoft,Pretty Girls Mahjong Solitaire - Green,-,,ETC,Eastasiasoft,0,1,その他,その他
2021-12-03,Epic Games,Dauntless,-,,ETC,Epic Games,0,1,その他,その他
2021-12-03,アンナプルナ・インタラクティブ,Solar Ash（英語版）,32,,SPT,アンナプルナ・インタラクティブ,6820_0m_4923,1,野球,その他
2021-12-03,ケムコ,聖戦クロニクル,-,,ETC,ケムコ,0,1,その他,その他
2021-12-07,2pt Interactive,Heavenly Bodies,-,,ETC,2pt Interactive,0,1,その他,その他
2021-12-10,ラタライカゲームス,A YEAR OF SPRINGS,-,,ETC,ラタライカゲームス,0,1,その他,その他
2021-12-10,Against Gravity,Rec Room（英語版）,32,,SPT,Against Gravity,6820_0m_4923,1,野球,その他
2021-12-13,ラタライカゲームス,シックスソウルズ,-,,ETC,ラタライカゲームス,0,1,その他,その他
2021-12-14,Atari Europe S.A.S.U.（英語版）,Asteroids: Recharged,-,,ETC,Atari Europe S.A.S.U.（英語版）,0,1,その他,その他
2021-12-15,Innersloth,Among Us,-,,ETC,Innersloth,5040_0m_2862,1,その他,その他
2021-12-15,No Matter Studios,PRAEY FOR THE GODS（英語版）,32,,SPT,No Matter Studios,6820_0m_4923,1,野球,その他
2021-12-16,PLAYISM,ロードス島戦記 -ディードリット・イン・ワンダーラビリンス-（英語版）,33,YES,ACT,PLAYISM,5042_0m_2864,1,2D探索型アクション,その他
2021-12-17,アークシステムワークス,荒神2,-,,ETC,アークシステムワークス,0,1,その他,その他
2021-12-22,Eastasiasoft,Horatio Goes Snowboarding,-,,ETC,Eastasiasoft,0,1,その他,その他
2021-12-23,コーエーテクモゲームス,真・三國無双8 Empires,35,YES,ACT,コーエーテクモゲームス,5044_0m_2866,1,タクティカルアクション,その他
2022-01-04,Coffee Stain Publishing（英語版）,Deep Rock Galactic（英語版）,32,,SPT,Coffee Stain Publishing（英語版）,6820_0m_4923,1,野球,その他
2022-01-07,ケムコ,エルピシアの魔剣少女,-,,ETC,ケムコ,0,1,その他,その他
2022-01-07,Eastasiasoft,ピクセル・スカルの城,-,,ETC,Eastasiasoft,0,1,その他,その他
2022-01-13,ユービーアイソフト,ライダーズ リパブリック（英語版） デラックスエディション,-,,ETC,ユービーアイソフト,0,1,その他,その他
2022-01-14,ラタライカゲームス,Kansei ～豪邸殺人事件～,-,,ETC,ラタライカゲームス,0,1,その他,その他
2022-01-14,Eastasiasoft,ラーヴァとサイクロプスの呪い,-,,ETC,Eastasiasoft,0,1,その他,その他
2022-01-19,コナミデジタルエンタテインメント,遊戯王 マスターデュエル,-,,ETC,コナミデジタルエンタテインメント,0,1,その他,その他
2022-01-20,IO Interactive（英語版）,HITMAN Trilogy,-,,ETC,IO Interactive（英語版）,0,1,その他,その他
2022-01-20,ケムコ,RPGolf Legends（英語版）,32,,SPT,ケムコ,6820_0m_4923,1,野球,その他
2022-01-20,ユービーアイソフト,レインボーシックス エクストラクション,32,YES,FPS,ユービーアイソフト,0,1,FPS,その他
2022-01-21,Eastasiasoft,トリガー・ウィッチ,-,,ETC,Eastasiasoft,0,1,その他,その他
2022-01-25,Rocket Vulture,カンニバルクッキング,-,,ETC,Rocket Vulture,0,1,その他,その他
2022-01-26,アンナプルナ・インタラクティブ,The Artful Escape（英語版）,32,,SPT,アンナプルナ・インタラクティブ,6820_0m_4923,1,野球,その他
2022-01-26,Eastasiasoft,バウムインベーダー,-,,ETC,Eastasiasoft,0,1,その他,その他
2022-01-27,Merge Games,Monster Harvest,-,,ETC,Merge Games,0,1,その他,その他
2022-01-27,Winking Skywalker Entertainment,帋人形2,-,,ETC,Winking Skywalker Entertainment,0,1,その他,その他
2022-01-27,インティ・クリエイツ,白き鋼鉄のX2,34,,ACT,インティ・クリエイツ,0,1,横スクロールアクション,その他
2022-01-28,Eastasiasoft,Brotherhood United,-,,ETC,Eastasiasoft,0,1,その他,その他
2022-01-28,ソニー・インタラクティブエンタテインメント,アンチャーテッド トレジャーハンターコレクション,-,YES,ETC,ソニー・インタラクティブエンタテインメント,5117_0m_2940,1,その他,その他
2022-02-04,ケムコ,アンビションレコード,-,,ETC,ケムコ,0,1,その他,その他
2022-02-04,スパイク・チュンソフト,ダイイングライト2 ステイ ヒューマン,33,YES,ETC,スパイク・チュンソフト,5099_0m_2921,1,サバイバルホラー,その他
2022-02-08,EXNOA,Crossout,-,,ETC,EXNOA,0,1,その他,その他
2022-02-08,Epic Games,Rumbleverse（英語版）,32,,SPT,Epic Games,6820_0m_4923,1,野球,その他
2022-02-08,Sloclap,Sifu（英語版）,32,YES,SPT,Sloclap,6820_0m_4923,1,野球,その他
2022-02-08,テイクツー・インタラクティブ,オリオリワールド（英語版）,32,,SPT,テイクツー・インタラクティブ,0,1,スケボーアクション,その他
2022-02-10,ATARI,Breakout: Recharged,-,,ETC,ATARI,0,1,その他,その他
2022-02-10,Koch Media（英語版）,Chorus（英語版）,32,YES,SPT,Koch Media（英語版）,6820_0m_4923,1,野球,その他
2022-02-10,エクスプラス,Super Sami Roll,31,,ACT,エクスプラス,0,1,3Dアクション,その他
2022-02-11,ラタライカゲームス,Blackberry Honey ～メイド物語～,-,,ETC,ラタライカゲームス,0,1,その他,その他
2022-02-11,PM Studios,Hoa,-,,ETC,PM Studios,0,1,その他,その他
2022-02-11,Eastasiasoft,タコタン：星のタコ,-,,ETC,Eastasiasoft,0,1,その他,その他
2022-02-14,SNK,THE KING OF FIGHTERS XV Deluxe Edition,-,YES,ETC,SNK,0,1,その他,その他
2022-02-16,Eastasiasoft,Beat Souls,-,,ETC,Eastasiasoft,0,1,その他,その他
2022-02-16,CD PROJEKT RED Japan,サイバーパンク2077,-,,ETC,CD PROJEKT RED Japan,4239_0m_2175,1,その他,その他
2022-02-18,ソニー・インタラクティブエンタテインメント,Horizon Forbidden West,37,YES,ARPG,ソニー・インタラクティブエンタテインメント,5060_0m_2882,1,アクションRPG,その他
2022-02-24,オーイズミ・アミュージオ,アセットコルサ コンペティツィオーネ（英語版）,-,YES,ETC,オーイズミ・アミュージオ,0,1,その他,その他
2022-02-24,ラタライカゲームス,ワン・ナイト・スタンド（英語版）,-,,ETC,ラタライカゲームス,0,1,その他,その他
2022-02-24,MOSS,雷電4×MIKADO remix,-,YES,ETC,MOSS,0,1,その他,その他
2022-02-25,フロム・ソフトウェア,ELDEN RING,39,YES,ARPG,フロム・ソフトウェア,5062_0m_2884,1,アクションRPG,その他
2022-02-25,エレクトロニック・アーツ,GRID Legends（英語版）,32,YES,SPT,エレクトロニック・アーツ,6820_0m_4923,1,野球,その他
2022-02-25,Eastasiasoft,タスクフォース カンパス,-,,ETC,Eastasiasoft,0,1,その他,その他
2022-02-25,ラタライカゲームス,モトローダーMC,-,,ETC,ラタライカゲームス,0,1,その他,その他
2022-02-25,スクウェア・エニックス,ライフ イズ ストレンジ トゥルー カラーズ,35,YES,ADV,スクウェア・エニックス,0,1,アドベンチャー,その他
2022-02-26,HypeTrain Digital,Breathedge,-,,ETC,HypeTrain Digital,0,1,その他,その他
2022-02-28,Soedesco（英語版）,Real Farm Premium Edition,-,,ETC,Soedesco（英語版）,0,1,その他,その他
2022-03-01,THQ Nordic,ELEX II（英語版）,32,YES,SPT,THQ Nordic,6820_0m_4923,1,野球,その他
2022-03-01,Frontier Developments,ファー： チェンジング タイド（英語版）,-,,ETC,Frontier Developments,0,1,その他,その他
2022-03-03,スクウェア・エニックス,BABYLON'S FALL（英語版）,32,YES,SPT,スクウェア・エニックス,6820_0m_4923,1,野球,その他
2022-03-03,Eastasiasoft,Pretty Girls Breakers!,-,,ETC,Eastasiasoft,0,1,その他,その他
2022-03-03,3goo,RUGBY22（英語版）,32,YES,SPT,3goo,6820_0m_4923,1,野球,その他
2022-03-03,オーイズミ・アミュージオ,The Forgotten City（英語版）,32,YES,SPT,オーイズミ・アミュージオ,6820_0m_4923,1,野球,その他
2022-03-04,ソニー・インタラクティブエンタテインメント,グランツーリスモ7,38,YES,RCG,ソニー・インタラクティブエンタテインメント,4993_0m_2815,1,リアルドライビングシミュレーター,その他
2022-03-08,THQ Nordic,SpellForce III（英語版） Reforced,32,,SPT,THQ Nordic,6820_0m_4923,1,野球,その他
2022-03-09,Eastasiasoft,スプラッシュ・カーズ（チェコ語版）,-,,ETC,Eastasiasoft,0,1,その他,その他
2022-03-10,ナツメアタリ,The Medium -霊-（英語版）,32,YES,SPT,ナツメアタリ,6820_0m_4923,1,野球,その他
2022-03-10,トイボックス,トレジャーハント エーゲ海の秘宝,-,YES,ETC,トイボックス,0,1,その他,その他
2022-03-10,Kalypso Media Japan,トロピコ6,33,YES,SLG,Kalypso Media Japan,0,1,国家運営シミュレーション,その他
2022-03-10,Improx Games,ラストキューブ,-,,ETC,Improx Games,0,1,その他,その他
2022-03-11,ラタライカゲームス,Cosmos Bit,-,,ETC,ラタライカゲームス,0,1,その他,その他
2022-03-11,Eastasiasoft,Null Drifter,-,,ETC,Eastasiasoft,0,1,その他,その他
2022-03-11,テイクツー・インタラクティブ,WWE 2K22（英語版）,32,,SPT,テイクツー・インタラクティブ,6820_0m_4923,1,野球,その他
2022-03-12,BUL GAMES,The Trap Remake,-,,ETC,BUL GAMES,0,1,その他,その他
2022-03-15,テイクツー・インタラクティブ,GTAオンライン,-,,ETC,テイクツー・インタラクティブ,0,1,その他,その他
2022-03-15,テイクツー・インタラクティブ,グランド・セフト・オートV,-,,ETC,テイクツー・インタラクティブ,138_0m_88,1,その他,その他
2022-03-15,Eastasiasoft,ワイフクエスト,-,,ETC,Eastasiasoft,0,1,その他,その他
2022-03-17,Dovetail Games（英語版）,Bassmaster Fishing 2022: Deluxe Edition,-,,ETC,Dovetail Games（英語版）,0,1,その他,その他
2022-03-17,Shenzhen Leiting Information Technology（英語版）,アノー：ミューテーショネム,30,,AADV,Shenzhen Leiting Information Technology（英語版）,0,1,アクションアドベンチャー,その他
2022-03-17,Leoful,パラダイスキラー（英語版）,32,,ETC,Leoful,0,1,オープンワールド殺人ミステリー,その他
2022-03-18,Eastasiasoft,Explosive Candy World,-,,ETC,Eastasiasoft,0,1,その他,その他
2022-03-18,スクウェア・エニックス,STRANGER OF PARADISE FINAL FANTASY ORIGIN,-,YES,ETC,スクウェア・エニックス,0,1,その他,その他
2022-03-22,ベセスダ・ソフトワークス,Ghostwire: Tokyo Deluxe Edition,-,YES,ETC,ベセスダ・ソフトワークス,0,1,その他,その他
2022-03-22,Starsign,スピードウェイレーシング,-,,ETC,Starsign,0,1,その他,その他
2022-03-23,Eastasiasoft,Thunder Kid: Hunt for the Robot Emperor,-,,ETC,Eastasiasoft,0,1,その他,その他
2022-03-24,Crazysoft,Classic Snake Adventures,-,,ETC,Crazysoft,0,1,その他,その他
2022-03-24,Crazysoft,Crazy Athletics - Summer Sports & Games,-,,ETC,Crazysoft,0,1,その他,その他
2022-03-24,Crazysoft,Educational Games for Kids,-,,ETC,Crazysoft,0,1,その他,その他
2022-03-24,Crazysoft,Palm Reading Premium,-,,ETC,Crazysoft,0,1,その他,その他
2022-03-24,Crazysoft,Personality and Psychology Premium,-,,ETC,Crazysoft,0,1,その他,その他
2022-03-24,角川ゲームス,Relayer,-,YES,ETC,角川ゲームス,0,1,その他,その他
2022-03-24,Crazysoft,Tarot Readings Premium,-,,ETC,Crazysoft,0,1,その他,その他
2022-03-24,EXNOA,The Ascent（英語版）,32,,SPT,EXNOA,6820_0m_4923,1,野球,その他
2022-03-24,Gamuzumi,アイドルカフェを経営しませんか? 2,-,,ETC,Gamuzumi,0,1,その他,その他
2022-03-25,アンナプルナ・インタラクティブ,A Memoir Blue（英語版）,32,,SPT,アンナプルナ・インタラクティブ,6820_0m_4923,1,野球,その他
2022-03-25,Eastasiasoft,Red Death,-,,ETC,Eastasiasoft,0,1,その他,その他
2022-03-25,Eastasiasoft,ホラー・テール：ザ・ワイン,-,,ETC,Eastasiasoft,0,1,その他,その他
2022-03-25,2K Games,ワンダーランズ ～タイニー・ティナと魔法の世界（英語版）,36,YES,SHT,2K Games,0,1,RPGシューター,その他
2022-03-29,Eastasiasoft,Ball laB,-,,ETC,Eastasiasoft,0,1,その他,その他
2022-03-29,PM Studios,Ever Forward,-,,ETC,PM Studios,0,1,その他,その他
2022-03-29,Modus Games,In Nightmare,-,,ETC,Modus Games,0,1,その他,その他
2022-03-30,HandyGames（英語版）,Chicken Police - Paint it RED!（英語版）,32,,SPT,HandyGames（英語版）,6820_0m_4923,1,野球,その他
2022-03-30,Prodigy Design Limited,エージェント・インターセプター,-,,ETC,Prodigy Design Limited,0,1,その他,その他
2022-03-31,Crazysoft,Astrology and Horoscopes Premium,-,,ETC,Crazysoft,0,1,その他,その他
2022-03-31,Prodigy Design Limited,Nexomon,-,,ETC,Prodigy Design Limited,0,1,その他,その他
2022-04-01,ソニー・インタラクティブエンタテインメント,MLB The Show 22（英語版） MVPエディション,32,YES,SPT,ソニー・インタラクティブエンタテインメント,6820_0m_4923,1,野球,その他
2022-04-01,ケムコ,砂の国の宮廷鍛冶屋,30,,SLG,ケムコ,0,1,鍛冶屋経営RPG,その他
2022-04-05,Team17,Before We Leave（英語版）,32,,SPT,Team17,6820_0m_4923,1,野球,その他
2022-04-05,Eastasiasoft,El Gancho,-,,ETC,Eastasiasoft,0,1,その他,その他
2022-04-05,オーイズミ・アミュージオ,Hood: Outlaws & Legends（英語版）,32,,SPT,オーイズミ・アミュージオ,6820_0m_4923,1,野球,その他
2022-04-05,HandyGames,One Hand Clapping,-,,ETC,HandyGames,0,1,その他,その他
2022-04-05,ケムコ,イクストナ戦記,-,,ETC,ケムコ,0,1,その他,その他
2022-04-05,ワーナー・ブラザース,レゴ スター・ウォーズ/スカイウォーカー・サーガ（英語版）,33,YES,AADV,ワーナー・ブラザース,0,1,アクションアドベンチャー,その他
2022-04-06,Eastasiasoft,Z-Warp,-,,ETC,Eastasiasoft,0,1,その他,その他
2022-04-07,アタリ,Kombinera,-,,ETC,アタリ,0,1,その他,その他
2022-04-07,Eastasiasoft,Retro Pixel Racers,-,,ETC,Eastasiasoft,0,1,その他,その他
2022-04-08,Eastasiasoft,Pity Pit,-,,ETC,Eastasiasoft,0,1,その他,その他
2022-04-08,ケムコ,ロストドラゴン,-,,ETC,ケムコ,0,1,その他,その他
2022-04-12,Eastasiasoft,Breakneck City,-,,ETC,Eastasiasoft,0,1,その他,その他
2022-04-14,Fireshine Games,Imp of the Sun,-,,ETC,Fireshine Games,0,1,その他,その他
2022-04-14,Drinkbox Studios（英語版）,Nobody Saves the World（英語版）,32,,SPT,Drinkbox Studios（英語版）,6820_0m_4923,1,野球,その他
2022-04-14,Eastasiasoft,Pretty Girls Rivers,-,,ETC,Eastasiasoft,0,1,その他,その他
2022-04-14,Nacon（英語版）,Roguebook,-,,ETC,Nacon（英語版）,0,1,その他,その他
2022-04-14,H2インタラクティブ,スマーフ-邪悪な葉っぱ大作戦（英語版）,-,,ETC,H2インタラクティブ,0,1,その他,その他
2022-04-15,Eastasiasoft,GUNGUNGUN,-,,ETC,Eastasiasoft,0,1,その他,その他
2022-04-16,Digerati Distribution,Apsulov: End of Gods,-,,ETC,Digerati Distribution,0,1,その他,その他
2022-04-19,Eastasiasoft,Cave Bad,-,,ETC,Eastasiasoft,0,1,その他,その他
2022-04-19,Lego System A/S,LEGO Builder's Journey（英語版）,32,,SPT,Lego System A/S,6820_0m_4923,1,野球,その他
2022-04-21,All in! Games SA（英語版）,Chernobylite（英語版）,32,,SPT,All in! Games SA（英語版）,6820_0m_4923,1,野球,その他
2022-04-21,Eastasiasoft,I Love Food,-,,ETC,Eastasiasoft,0,1,その他,その他
2022-04-21,コンパイルハート,超次元ゲイム ネプテューヌ Sisters vs Sisters,30,YES,RPG,コンパイルハート,5231_0m_3053,1,RPG,その他
2022-04-22,Eastasiasoft,Ayo the Clown,30,,AADV,Eastasiasoft,0,1,アクションアドベンチャー,その他
2022-04-22,Klabater,orbit.industries,-,,ETC,Klabater,0,1,その他,その他
2022-04-24,Ternox,Retro Highway,-,,ETC,Ternox,0,1,その他,その他
2022-04-26,Eastasiasoft,Blitz Breaker,-,,ETC,Eastasiasoft,0,1,その他,その他
2022-04-26,Auto Slavic,Space KaBAAM,-,,ETC,Auto Slavic,0,1,その他,その他
2022-04-26,Team17,サーベントローグ,-,,ETC,Team17,0,1,その他,その他
2022-04-26,スパイク・チュンソフト,リサーチアンドデストロイ,32,,SRPG,スパイク・チュンソフト,0,1,ターン制アクションストラテジー,その他
2022-04-27,Eastasiasoft,スムート・ゴルフ,-,,ETC,Eastasiasoft,0,1,その他,その他
2022-04-27,Sharkmob（英語版）,ヴァンパイア：ザ・マスカレード ブラッドハント（英語版）,-,,ETC,Sharkmob（英語版）,0,1,その他,その他
2022-04-28,Koch Media,MotoGP 22（英語版）,32,YES,SPT,Koch Media,6820_0m_4923,1,野球,その他
2022-04-29,Eastasiasoft,Many Faces,-,,ETC,Eastasiasoft,0,1,その他,その他
2022-05-02,PlayWay,Car Mechanic Simulator 2021,-,,ETC,PlayWay,0,1,その他,その他
2022-05-03,Eastasiasoft,20 Bunnies,-,,ETC,Eastasiasoft,0,1,その他,その他
2022-05-04,Eastasiasoft,Slap the Rocks,-,,ETC,Eastasiasoft,0,1,その他,その他
2022-05-04,Gumbo Machine,Ultra Mission,-,,ETC,Gumbo Machine,0,1,その他,その他
2022-05-04,Evgeniy Kolpakov,エネルギーサイクル,-,,ETC,Evgeniy Kolpakov,0,1,その他,その他
2022-05-04,ラタライカゲームス,ダンディー＆ランディー DX,-,,ETC,ラタライカゲームス,0,1,その他,その他
2022-05-05,Devolver Digital,Trek to Yomi（英語版）,32,,SPT,Devolver Digital,6820_0m_4923,1,野球,その他
2022-05-06,Eastasiasoft,Project Starship,-,,ETC,Eastasiasoft,0,1,その他,その他
2022-05-07,Clockwork Origins,Elemental War 2,-,,ETC,Clockwork Origins,0,1,その他,その他
2022-05-10,Eastasiasoft,Mastho is Together,-,,ETC,Eastasiasoft,0,1,その他,その他
2022-05-10,Eastasiasoft,Rage Among the Stars,-,,ETC,Eastasiasoft,0,1,その他,その他
2022-05-10,Ska Studios（英語版）,Salt and Sacrifice（英語版）,32,,SPT,Ska Studios（英語版）,6820_0m_4923,1,野球,その他
2022-05-10,Humble Games（英語版）,Unpacking アンパッキング,-,,ETC,Humble Games（英語版）,0,1,その他,その他
2022-05-11,505 Games,百英雄伝 ライジング（英語: Eiyuden Chronicle: Rising）,-,YES,ETC,505 Games,0,1,その他,その他
2022-05-12,Noodlecake Studios,Soundfall,-,,ETC,Noodlecake Studios,0,1,その他,その他
2022-05-12,ケムコ,インフィニットリンクス,-,,ETC,ケムコ,0,1,その他,その他
2022-05-12,Eastasiasoft,ガンキッド 99,-,,ETC,Eastasiasoft,0,1,その他,その他
2022-05-12,コーラス・ワールドワイド,ザ・ラストスタンド：アフターマス,-,,ETC,コーラス・ワールドワイド,0,1,その他,その他
2022-05-12,スクウェア・エニックス,春ゆきてレトロチカ,33,YES,ADV,スクウェア・エニックス,0,1,ミステリーアドベンチャー,その他
2022-05-13,Eastasiasoft,Micro Pico Racers,-,,ETC,Eastasiasoft,0,1,その他,その他
2022-05-14,Lillymo Games（英語版）,ハブロキシア2,-,,ETC,Lillymo Games（英語版）,0,1,その他,その他
2022-05-17,Eastasiasoft,Crazy Gravity,-,,ETC,Eastasiasoft,0,1,その他,その他
2022-05-17,The Game Bakers,Furi,-,,ETC,The Game Bakers,0,1,その他,その他
2022-05-19,Evgeniy Kolpakov,Alveole,-,,ETC,Evgeniy Kolpakov,0,1,その他,その他
2022-05-19,マーベラス,DEADCRAFT（英語版）,32,,SPT,マーベラス,6820_0m_4923,1,野球,その他
2022-05-19,Assemble Entertainment,Endzone - A World Apart（英語版）,32,,SPT,Assemble Entertainment,6820_0m_4923,1,野球,その他
2022-05-19,HUP Games,ファイナルソード,-,,ETC,HUP Games,0,1,その他,その他
2022-05-19,Evgeniy Kolpakov,密室：開発者の物語,-,,ETC,Evgeniy Kolpakov,0,1,その他,その他
2022-05-20,Koch Media,Dolmen,-,YES,ETC,Koch Media,0,1,その他,その他
2022-05-20,マイルストーン,MXGP 2021 - The Official Motocross Videogame（英語版）,32,,SPT,マイルストーン,6820_0m_4923,1,野球,その他
2022-05-20,ラタライカゲームス,龍炎高校伝説コレクション,-,,ETC,ラタライカゲームス,0,1,その他,その他
2022-05-20,Eastasiasoft,＃SinucaAttack,-,,ETC,Eastasiasoft,0,1,その他,その他
2022-05-21,Draknek Limited,A Monster's Expedition,-,,ETC,Draknek Limited,0,1,その他,その他
2022-05-21,Thunderful Publishing（英語版）,ソース・オブ・マドネス,-,,ETC,Thunderful Publishing（英語版）,0,1,その他,その他
2022-05-24,Eastasiasoft,GLO,-,,ETC,Eastasiasoft,0,1,その他,その他
2022-05-25,Eastasiasoft,Blow & Fly,-,,ETC,Eastasiasoft,0,1,その他,その他
2022-05-25,Nacon,Monster Truck Championship,-,,ETC,Nacon,0,1,その他,その他
2022-05-25,Alda Games（英語版）,The Walking Zombie 2,-,,ETC,Alda Games（英語版）,0,1,その他,その他
2022-05-25,Nacon,Tour de France 2021,-,,ETC,Nacon,0,1,その他,その他
2022-05-25,Manekoware,にゃんこラテラル・ダメージ（英語版）：リマスター版,-,,ETC,Manekoware,0,1,その他,その他
2022-05-25,Evgeniy Kolpakov,アメージングスーパーヒーローチーム,-,,ETC,Evgeniy Kolpakov,0,1,その他,その他
2022-05-26,H2インタラクティブ,Five Nights at Freddy's: Security Breach（英語版）,32,YES,SPT,H2インタラクティブ,6820_0m_4923,1,野球,その他
2022-05-26,Eastasiasoft,Galactic Wars EX,-,,ETC,Eastasiasoft,0,1,その他,その他
2022-05-26,Rebellion Interactive（英語版）,Sniper Elite 5（英語版）,32,YES,SPT,Rebellion Interactive（英語版）,6820_0m_4923,1,野球,その他
2022-05-26,Gamuzumi,サクラ・サキュバス5 ～異郷の魅惑～,-,,ETC,Gamuzumi,0,1,その他,その他
2022-05-26,オーイズミ・アミュージオ,ザ・パーシステンス（英語版） Enhanced,30,YES,ETC,オーイズミ・アミュージオ,0,1,サバイバルホラー,その他
2022-05-26,イザナギゲームズ,冤罪執行遊戯ユルキル,32,YES,ASHT,イザナギゲームズ,0,1,冤罪脱出ADV&弾幕STG,その他
2022-05-26,Frogwares Ireland,明晰夢バンドル,-,,ETC,Frogwares Ireland,0,1,その他,その他
2022-05-27,Evgeniy Kolpakov,Catty & Batty: The Spirit Guide,-,,ETC,Evgeniy Kolpakov,0,1,その他,その他
2022-05-27,Tate Multimedia（英語版）,Kao the Kangaroo（英語版）,32,,SPT,Tate Multimedia（英語版）,6820_0m_4923,1,野球,その他
2022-05-27,ラタライカゲームス,REMOTE LIFE,-,,ETC,ラタライカゲームス,0,1,その他,その他
2022-05-27,Evgeniy Kolpakov,ミュージックレーサー：アルティメット,-,,ETC,Evgeniy Kolpakov,0,1,その他,その他
2022-05-31,Eastasiasoft,Enter Digiton: Heart of Corruption,-,,ETC,Eastasiasoft,0,1,その他,その他
2022-06-01,Fireshine Games,Silt（英語版）,32,,SPT,Fireshine Games,6820_0m_4923,1,野球,その他
2022-06-01,Evgeniy Kolpakov,Summertime Madness,-,,ETC,Evgeniy Kolpakov,0,1,その他,その他
2022-06-02,ATARI,Gravitar: Recharged（英語版）,32,,SPT,ATARI,6820_0m_4923,1,野球,その他
2022-06-02,Eastasiasoft,Grizzland,-,,ETC,Eastasiasoft,0,1,その他,その他
2022-06-02,Eastasiasoft,Pretty Girls Speed,-,,ETC,Eastasiasoft,0,1,その他,その他
2022-06-03,Auto Slavic d.o.o.,Space KaBAAM 2,-,,ETC,Auto Slavic d.o.o.,0,1,その他,その他
2022-06-07,Eastasiasoft,Mina & Michi,-,,ETC,Eastasiasoft,0,1,その他,その他
2022-06-08,Robot Games,Orcs Must Die! 3（英語版）,32,,SPT,Robot Games,6820_0m_4923,1,野球,その他
2022-06-08,Eastasiasoft,Spacewing War,-,,ETC,Eastasiasoft,0,1,その他,その他
2022-06-08,Porcelain Fortress（英語版）,リラックスしてらんない,-,,ETC,Porcelain Fortress（英語版）,0,1,その他,その他
2022-06-08,Rogue Games,絶対不可能な道（英語版）,-,,ETC,Rogue Games,0,1,その他,その他
2022-06-09,Crazysoft,Frutakia 2,-,,ETC,Crazysoft,0,1,その他,その他
2022-06-10,Crazysoft,Zeus Quest - The Rebirth of Earth,-,,ETC,Crazysoft,0,1,その他,その他
2022-06-10,テイクツー・インタラクティブ,クアリー ～悪夢のサマーキャンプ（英語版）,31,YES,ADV,テイクツー・インタラクティブ,0,1,ホラーアドベンチャー,その他
2022-06-10,ケムコ,ドラゴンラピス,-,,ETC,ケムコ,0,1,その他,その他
2022-06-14,Eastasiasoft,0 Degrees,-,,ETC,Eastasiasoft,0,1,その他,その他
2022-06-14,Versus Evil,The Hand of Merlin,-,,ETC,Versus Evil,0,1,その他,その他
2022-06-14,アピリッツ,ゴエティアクロス,-,,ETC,アピリッツ,0,1,その他,その他
2022-06-14,ユービーアイソフト,ディスカバリーツアー：ヴァイキングの時代,-,,ETC,ユービーアイソフト,0,1,その他,その他
2022-06-14,カプコン,バイオハザード RE:2,-,,ETC,カプコン,0,1,その他,その他
2022-06-14,カプコン,バイオハザード RE:3,-,,ETC,カプコン,0,1,その他,その他
2022-06-14,カプコン,バイオハザード7 レジデント イービル,36,,ETC,カプコン,616_0m_555n,1,サバイバルホラー,その他
2022-06-15,Eastasiasoft,Thunder Kid II: Null Mission,-,,ETC,Eastasiasoft,0,1,その他,その他
2022-06-16,Starsign,8ボールポケット（英語版）,-,,ETC,Starsign,0,1,その他,その他
2022-06-16,Crazysoft,Raining Coins,-,,ETC,Crazysoft,0,1,その他,その他
2022-06-16,Koch Media,Road 96（英語版）,32,,SPT,Koch Media,6820_0m_4923,1,野球,その他
2022-06-16,The Voxel Agents,The Gardens Between,30,,ADV,The Voxel Agents,0,1,パズルアドベンチャー,その他
2022-06-16,日本一ソフトウェア,魔界戦記ディスガイア6,33,YES,SRPG,日本一ソフトウェア,0,1,シミュレーションRPG,その他
2022-06-17,Eastasiasoft,Immortus Temporus,-,,ETC,Eastasiasoft,0,1,その他,その他
2022-06-17,H2インタラクティブ,Redout 2（英語版）,32,,SPT,H2インタラクティブ,6820_0m_4923,1,野球,その他
2022-06-17,ケムコ,アームド&ゴーレム,-,,ETC,ケムコ,0,1,その他,その他
2022-06-17,Starsign,グランプリロックンレーシング,-,,ETC,Starsign,0,1,その他,その他
2022-06-17,Numskull Games,ファイナルヴェンデッタ,-,YES,ETC,Numskull Games,0,1,その他,その他
2022-06-17,Ukidakensetsu,ヘルズ・ハイ・ハーモナイザーズ,-,,ETC,Ukidakensetsu,0,1,その他,その他
2022-06-21,Epic Games,Fall Guys,-,,ETC,Epic Games,0,1,その他,その他
2022-06-21,Eastasiasoft,Rift Racoon,-,,ETC,Eastasiasoft,0,1,その他,その他
2022-06-22,Evgeniy Kolpakov,Why Pizza?,-,,ETC,Evgeniy Kolpakov,0,1,その他,その他
2022-06-22,Eastasiasoft,ドランク・フィスト2：ゾンビ・ハングオーバー,-,,ETC,Eastasiasoft,0,1,その他,その他
2022-06-23,Thunderful Publishing,Firegirl: Hack 'n Splash Rescue DX,-,,ETC,Thunderful Publishing,0,1,その他,その他
2022-06-23,Eastasiasoft,アイスクリーム・サーファー,-,,ETC,Eastasiasoft,0,1,その他,その他
2022-06-23,H2インタラクティブ,ギア・クラブ アンリミテッド2（英語版） アルティメットエディション,-,,ETC,H2インタラクティブ,0,1,その他,その他
2022-06-23,セガ,ソニックオリジンズ（英語版）,-,YES,ETC,セガ,0,1,その他,その他
2022-06-23,Starsign,ダーツアップ,-,,ETC,Starsign,0,1,その他,その他
2022-06-23,Starsign,マミーピンボール,-,,ETC,Starsign,0,1,その他,その他
2022-06-23,バンダイナムコエンターテインメント,塊魂・もじぴったん・ミスタードリラー トリプルアンコールパック,-,,ETC,バンダイナムコエンターテインメント,0,1,その他,その他
2022-06-23,アークシステムワークス,熱血硬派くにおくん外伝 River City Girls,-,,ETC,アークシステムワークス,0,1,その他,その他
2022-06-24,Evgeniy Kolpakov,A Winter's Daydream,-,,ETC,Evgeniy Kolpakov,0,1,その他,その他
2022-06-24,H2インタラクティブ,Deliver Us The Moon（英語版）,32,,SPT,H2インタラクティブ,6820_0m_4923,1,野球,その他
2022-06-24,Lillymo Games,Super Perils of Baking,-,,ETC,Lillymo Games,0,1,その他,その他
2022-06-28,アークシステムワークス,DNF Duel,32,YES,FTG,アークシステムワークス,5432_0m_3256,1,対戦格闘,その他
2022-06-28,エレクトロニック・アーツ,F1 22 チャンピオンエディション,-,,ETC,エレクトロニック・アーツ,0,1,その他,その他
2022-06-28,Modus Games,Fobia - St. Dinfna Hotel（ポルトガル語版）,-,,ETC,Modus Games,0,1,その他,その他
2022-06-28,Eastasiasoft,Skatemasta Tcheco,-,,ETC,Eastasiasoft,0,1,その他,その他
2022-06-30,Milestone,Monster Energy Supercross - The Official Videogame 5（英語版）,32,,SPT,Milestone,6820_0m_4923,1,野球,その他
2022-06-30,Eastasiasoft,ブラック・ウルフ,-,,ETC,Eastasiasoft,0,1,その他,その他
2022-06-30,Secret Item Games,砂時計［Hourglass］,-,,ETC,Secret Item Games,0,1,その他,その他
2022-07-01,Evgeniy Kolpakov,Almost My Floor,-,,ETC,Evgeniy Kolpakov,0,1,その他,その他
2022-07-01,Zakym,Kruger,-,,ETC,Zakym,0,1,その他,その他
2022-07-01,Eastasiasoft,Squad Killer,-,,ETC,Eastasiasoft,0,1,その他,その他
2022-07-05,Eastasiasoft,Hellbreachers,-,,ETC,Eastasiasoft,0,1,その他,その他
2022-07-06,IllFonic,Arcadegeddon,-,,ETC,IllFonic,0,1,その他,その他
2022-07-06,The Voices Games,Lizard Lady vs the Cats Platinum Edition,-,,ETC,The Voices Games,0,1,その他,その他
2022-07-07,THQ Nordic,MX vs ATV Legends,-,YES,ETC,THQ Nordic,0,1,その他,その他
2022-07-07,Eastasiasoft,WAIFU IMPACT,-,,ETC,Eastasiasoft,0,1,その他,その他
2022-07-07,ケムコ,デビラビローグ,31,,RPG,ケムコ,0,1,デッキ構築型ローグライトRPG,その他
2022-07-07,Kalypso Media Japan,マッチポイント：テニス チャンピオンシップ（英語版）,-,YES,ETC,Kalypso Media Japan,0,1,その他,その他
2022-07-07,バンダイナムコエンターテインメント,風のクロノア1 & 2 アンコール,-,YES,ETC,バンダイナムコエンターテインメント,5439_0m_3264,1,その他,その他
2022-07-08,Eastasiasoft,Crypt of the Serpent King Remastered 4K Edition,-,,ETC,Eastasiasoft,0,1,その他,その他
2022-07-08,ラタライカゲームス,Parasite Pack,-,,ETC,ラタライカゲームス,0,1,その他,その他
2022-07-11,Zakym,Frogo,-,,ETC,Zakym,0,1,その他,その他
2022-07-12,Merge Games,Time on Frog Island,-,,ETC,Merge Games,0,1,その他,その他
2022-07-13,Eastasiasoft,Rayland,-,,ETC,Eastasiasoft,0,1,その他,その他
2022-07-14,Iam8bit（英語版）,Escape Academy,-,,ETC,Iam8bit（英語版）,0,1,その他,その他
2022-07-14,EXNOA,Outward（英語版） Definitive Edition,32,YES,SPT,EXNOA,6820_0m_4923,1,野球,その他
2022-07-15,Eastasiasoft,Paradox Error,-,,ETC,Eastasiasoft,0,1,その他,その他
2022-07-15,ラタライカゲームス,ロング・リブ・ザ・クイーン ～女王への道しるべ～（英語版）,-,,ETC,ラタライカゲームス,0,1,その他,その他
2022-07-17,Zakym,Gump Jump,-,,ETC,Zakym,0,1,その他,その他
2022-07-19,ソニー・インタラクティブエンタテインメント,LocoRoco -Midnight Carnival-,-,,ETC,ソニー・インタラクティブエンタテインメント,0,1,その他,その他
2022-07-19,アンナプルナ・インタラクティブ,Stray,-,,ETC,アンナプルナ・インタラクティブ,0,1,その他,その他
2022-07-19,ソニー・インタラクティブエンタテインメント,勇者のくせになまいきだ：3D,-,,ETC,ソニー・インタラクティブエンタテインメント,0,1,その他,その他
2022-07-19,ソニー・インタラクティブエンタテインメント,時限回廊（英語版）,-,,ETC,ソニー・インタラクティブエンタテインメント,0,1,その他,その他
2022-07-20,Digerati Distribution,Severed Steel,-,,ETC,Digerati Distribution,5615_0m_4966,1,その他,その他
2022-07-20,Eastasiasoft,誘惑：ある僧の物語,-,,ETC,Eastasiasoft,0,1,その他,その他
2022-07-21,PLAYISM,Bright Memory: Infinite（英語版）,32,,SPT,PLAYISM,6820_0m_4923,1,野球,その他
2022-07-21,Eastasiasoft,Devastator,-,,ETC,Eastasiasoft,0,1,その他,その他
2022-07-21,コーラス・ワールドワイド,ホワイト・シャドーズ,-,,ETC,コーラス・ワールドワイド,0,1,その他,その他
2022-07-21,Beep Japan,マルチバース：次元を超えた冒険,-,,ETC,Beep Japan,0,1,その他,その他
2022-07-22,ラタライカゲームス,GLEYLANCER,-,,ETC,ラタライカゲームス,0,1,その他,その他
2022-07-24,Zakym,Bump Jump,-,,ETC,Zakym,0,1,その他,その他
2022-07-27,Eastasiasoft,Arsonist Heaven,-,,ETC,Eastasiasoft,0,1,その他,その他
2022-07-27,Alderon Games（英語版）,Path of Titans（英語版） スタンダードファウンダーズパック,32,,SPT,Alderon Games（英語版）,6820_0m_4923,1,野球,その他
2022-07-28,ワンオアエイト,LOST EPIC,31,,ACT,ワンオアエイト,0,1,2D探索アクション,その他
2022-07-28,Eastasiasoft,Square Keeper,-,,ETC,Eastasiasoft,0,1,その他,その他
2022-07-28,オーイズミ・アミュージオ,スノーランナー（英語版）,32,YES,RCG,オーイズミ・アミュージオ,0,1,オフロードトラックシミュレーション,その他
2022-07-28,日本ファルコム,英雄伝説 黎の軌跡,34,YES,RPG,日本ファルコム,0,1,ストーリーRPG,その他
2022-07-29,ラタライカゲームス,Phantasm,-,,ETC,ラタライカゲームス,0,1,その他,その他
2022-07-29,アンナプルナ・インタラクティブ,What Remains of Edith Finch,-,,ETC,アンナプルナ・インタラクティブ,0,1,その他,その他
2022-08-02,Webnetic,Quick Mafs,-,,ETC,Webnetic,0,1,その他,その他
2022-08-04,Zakym,Lump Jump,-,,ETC,Zakym,0,1,その他,その他
2022-08-04,Eastasiasoft,Surface Rush,-,,ETC,Eastasiasoft,0,1,その他,その他
2022-08-04,3goo,ゾロ ザ クロニクルズ,-,,ETC,3goo,0,1,その他,その他
2022-08-04,ケムコ,風乗り勇者の物語,-,,ETC,ケムコ,0,1,その他,その他
2022-08-05,Passion Republic Games（英語版）,GIGABASH（英語版）,32,,SPT,Passion Republic Games（英語版）,6820_0m_4923,1,野球,その他
2022-08-05,Headup Games（英語版）,Gigapocalypse - ギガポカリプス,-,,ETC,Headup Games（英語版）,0,1,その他,その他
2022-08-05,Eastasiasoft,Sofiya and the Ancient Clan,-,,ETC,Eastasiasoft,0,1,その他,その他
2022-08-05,Webnetic,The Ketchup story,-,,ETC,Webnetic,0,1,その他,その他
2022-08-06,The Voices Games,Gunducky Industries++,-,,ETC,The Voices Games,0,1,その他,その他
2022-08-07,Zakym,Xump Jump,-,,ETC,Zakym,0,1,その他,その他
2022-08-09,Webnetic,Santa's workshop,-,,ETC,Webnetic,0,1,その他,その他
2022-08-10,Eastasiasoft,Book Quest,-,,ETC,Eastasiasoft,0,1,その他,その他
2022-08-12,Wired Production（英語版）,Arcade Paradise Digital Deluxe,-,,ETC,Wired Production（英語版）,0,1,その他,その他
2022-08-12,Devolver Digital,Cult of the Lamb,35,,AADV,Devolver Digital,0,1,アクションアドベンチャー,その他
2022-08-12,Webnetic,Rainbow,-,,ETC,Webnetic,0,1,その他,その他
2022-08-12,Gamuzumi,Sakura MMO,-,,ETC,Gamuzumi,0,1,その他,その他
2022-08-12,ラタライカゲームス,Voyage,-,,ETC,ラタライカゲームス,0,1,その他,その他
2022-08-14,Zakym,Tump Jump,-,,ETC,Zakym,0,1,その他,その他
2022-08-15,Klovako,Monument Journey,-,,ETC,Klovako,0,1,その他,その他
2022-08-15,Klovako,Snow Journey,-,,ETC,Klovako,0,1,その他,その他
2022-08-16,エレクトロニック・アーツ,Madden NFL 23（英語版） All Madden エディション,32,,SPT,エレクトロニック・アーツ,6820_0m_4923,1,野球,その他
2022-08-16,Webnetic,The Sheep P,-,,ETC,Webnetic,0,1,その他,その他
2022-08-16,THQ Nordic,Way of the Hunter,30,YES,FPS,THQ Nordic,0,1,ハンティングFPS,その他
2022-08-16,テイクツー・インタラクティブ,ローラードローム（英語版）,-,,ETC,テイクツー・インタラクティブ,0,1,その他,その他
2022-08-18,Eastasiasoft,Pretty Girls Four Kings Solitaire,-,,ETC,Eastasiasoft,0,1,その他,その他
2022-08-18,Auto Slavic d.o.o.,Space KaBAAM 3,-,,ETC,Auto Slavic d.o.o.,0,1,その他,その他
2022-08-18,Team17,Thymesia（英語版）,32,YES,SPT,Team17,6820_0m_4923,1,野球,その他
2022-08-18,Digital Bards,オートノーツ,31,,SLG,Digital Bards,0,1,惑星開拓シミュレーション,その他
2022-08-18,EXNOA,ヴァンパイア：ザ・マスカレード スワンソング（英語版）,-,YES,ETC,EXNOA,0,1,その他,その他
2022-08-19,Webnetic,Quick Mafs Advanced,-,,ETC,Webnetic,0,1,その他,その他
2022-08-19,ケムコ,アスディバインクロス（英語版）,-,,ETC,ケムコ,0,1,その他,その他
2022-08-19,Outright Games（英語版）,パウ・パトロール ザ・ムービー,-,,ETC,Outright Games（英語版）,0,1,その他,その他
2022-08-21,Zakym,Nump Jump,-,,ETC,Zakym,0,1,その他,その他
2022-08-22,Klovako,Drift Journey,-,,ETC,Klovako,0,1,その他,その他
2022-08-22,The Voices Games,Spectrewoods,-,,ETC,The Voices Games,0,1,その他,その他
2022-08-23,Astragon Entertainment GmbH（英語版）,Are You Smarter Than a 5th Grader?,-,,ETC,Astragon Entertainment GmbH（英語版）,0,1,その他,その他
2022-08-23,Koch Media,Saints Row,36,YES,ASHT,Koch Media,5061_0m_2883,1,アクションシューティング,その他
2022-08-23,Webnetic,The Bat D,-,,ETC,Webnetic,0,1,その他,その他
2022-08-23,ATARI,Yars: Recharged（英語版）,32,,SPT,ATARI,6820_0m_4923,1,野球,その他
2022-08-24,Eastasiasoft,キッドボール・アドベンチャー,-,,ETC,Eastasiasoft,0,1,その他,その他
2022-08-25,Frontier Developments,F1 マネージャー2022（英語版）,32,,SPT,Frontier Developments,6820_0m_4923,1,野球,その他
2022-08-25,Zakym,Fump Jump,-,,ETC,Zakym,0,1,その他,その他
2022-08-25,Eastasiasoft,LootLite,-,,ETC,Eastasiasoft,0,1,その他,その他
2022-08-25,バンダイナムコエンターテインメント,SDガンダム バトルアライアンス,32,YES,ARPG,バンダイナムコエンターテインメント,5543_0m_3369,1,アクションRPG,その他
2022-08-25,PLAYISM,アイドルマネージャー,-,YES,ETC,PLAYISM,0,1,その他,その他
2022-08-25,アトラス,ソウルハッカーズ2,38,YES,RPG,アトラス,5542_0m_3368,1,RPG,その他
2022-08-25,スパイク・チュンソフト,ディスコ エリジウム ザ ファイナル カット,32,YES,RPG,スパイク・チュンソフト,0,1,RPG,その他
2022-08-25,バンダイナムコエンターテインメント,パックマンワールド リ・パック,-,,ETC,バンダイナムコエンターテインメント,0,1,その他,その他
2022-08-25,オーイズミ・アミュージオ,ラスラー ～中世のならず者～,-,YES,ETC,オーイズミ・アミュージオ,0,1,その他,その他
2022-08-25,Game Source Entertainment,仙剣奇侠伝 -守り合い-,-,YES,ETC,Game Source Entertainment,0,1,その他,その他
2022-08-25,ディースリー・パブリッシャー,地球防衛軍6,34,YES,ASHT,ディースリー・パブリッシャー,5481_0m_3307,1,3Dアクションシューティング,その他
2022-08-26,Eastasiasoft,Back Again,-,,ETC,Eastasiasoft,0,1,その他,その他
2022-08-26,Webnetic,The Dog K,-,,ETC,Webnetic,0,1,その他,その他
2022-08-26,Leoful,カンパニーマン 社畜の下剋上,-,,ETC,Leoful,0,1,その他,その他
2022-08-28,Webnetic,The Volleyball B,-,,ETC,Webnetic,0,1,その他,その他
2022-08-29,Klovako,Desert Journey,-,,ETC,Klovako,0,1,その他,その他
2022-08-30,PM Studios,Ikai,-,,ETC,PM Studios,0,1,その他,その他
2022-08-30,Webnetic,The Wine Story,-,,ETC,Webnetic,0,1,その他,その他
2022-08-31,Evgeniy Kolpakov,Energy Cycle Edge,-,,ETC,Evgeniy Kolpakov,0,1,その他,その他
2022-08-31,Devolver Digital,Inscryption（英語版）,32,,SPT,Devolver Digital,6820_0m_4923,1,野球,その他
2022-08-31,コナミデジタルエンタテインメント,Teenage Mutant Ninja Turtles: The Cowabunga Collection,-,,ETC,コナミデジタルエンタテインメント,0,1,その他,その他
2022-08-31,tinyBuild（英語版）,Tinykin,-,,ETC,tinyBuild（英語版）,0,1,その他,その他
2022-08-31,Eastasiasoft,リック・ヘンダーソン,-,,ETC,Eastasiasoft,0,1,その他,その他
2022-09-01,Evgeniy Kolpakov,Drowning,-,,ETC,Evgeniy Kolpakov,0,1,その他,その他
2022-09-01,Webnetic,Rainbow Mix Advanced,-,,ETC,Webnetic,0,1,その他,その他
2022-09-01,Eastasiasoft,Superola Champion Edition,-,,ETC,Eastasiasoft,0,1,その他,その他
2022-09-01,EXNOA,クルセイダーキングスIII,-,,ETC,EXNOA,0,1,その他,その他
2022-09-01,バンダイナムコエンターテインメント,ジョジョの奇妙な冒険 オールスターバトルR,-,YES,ETC,バンダイナムコエンターテインメント,5546_0m_3372,1,その他,その他
2022-09-01,ケムコ,フェアリーエレメンツ,-,,ETC,ケムコ,0,1,その他,その他
2022-09-01,レイニーフロッグ,マリンエクスプレス殺人事件,-,,ETC,レイニーフロッグ,0,1,その他,その他
2022-09-02,Evgeniy Kolpakov,OVIVO,-,,ETC,Evgeniy Kolpakov,0,1,その他,その他
2022-09-02,Grimtalin,The Adventures of Elena Temple: Definitive Edition,-,,ETC,Grimtalin,0,1,その他,その他
2022-09-02,Webnetic,The Cow G,-,,ETC,Webnetic,0,1,その他,その他
2022-09-02,ソニー・インタラクティブエンタテインメント,The Last of Us Part I,-,YES,ETC,ソニー・インタラクティブエンタテインメント,5547_0m_3373,1,その他,その他
2022-09-02,Dovetail Games,Train Sim World 3,-,,ETC,Dovetail Games,0,1,その他,その他
2022-09-03,Starsign,ロックンレーシングオフロードDX,-,,ETC,Starsign,0,1,その他,その他
2022-09-04,Webnetic,Shapeu,-,,ETC,Webnetic,0,1,その他,その他
2022-09-05,Klovako,Drag Journey,-,,ETC,Klovako,0,1,その他,その他
2022-09-05,Evgeniy Kolpakov,STELLATUM,-,,ETC,Evgeniy Kolpakov,0,1,その他,その他
2022-09-05,Clockwork Origins,Tri6: Infinite,-,,ETC,Clockwork Origins,0,1,その他,その他
2022-09-06,Webnetic,The Pigeon P,-,,ETC,Webnetic,0,1,その他,その他
2022-09-06,ゲームロフト,ディズニー ドリームライトバレー（英語版）,-,,ETC,ゲームロフト,0,1,その他,その他
2022-09-06,Something We Made,トーエム（英語版）,-,,ETC,Something We Made,0,1,その他,その他
2022-09-07,Evgeniy Kolpakov,In rays of the Light,-,,ETC,Evgeniy Kolpakov,0,1,その他,その他
2022-09-08,Evgeniy Kolpakov,Escape from Life Inc,-,,ETC,Evgeniy Kolpakov,0,1,その他,その他
2022-09-08,Assemble Entertainment,Fall of Porcupine: Prologue,-,,ETC,Assemble Entertainment,0,1,その他,その他
2022-09-08,Eastasiasoft,Wind of Shuriken,-,,ETC,Eastasiasoft,0,1,その他,その他
2022-09-08,MAGES.,アリス・ギア・アイギスCS ～コンチェルト オブ シミュラトリックス～,-,,ETC,MAGES.,5753_0m_3583,1,その他,その他
2022-09-08,3goo,スチールライジング（英語版）,31,YES,ARPG,3goo,5748_0m_3578,1,アクションRPG,その他
2022-09-09,tinyBuild,Justice Sucks,-,,ETC,tinyBuild,0,1,その他,その他
2022-09-09,Evgeniy Kolpakov,Mind Maze,-,,ETC,Evgeniy Kolpakov,0,1,その他,その他
2022-09-09,テイクツー・インタラクティブ,NBA 2K23（英語版）,32,YES,SPT,テイクツー・インタラクティブ,6820_0m_4923,1,野球,その他
2022-09-09,Webnetic,The Bear B,-,,ETC,Webnetic,0,1,その他,その他
2022-09-09,ラタライカゲームス,キャットメイズ 魔女の子の冒険,-,,ETC,ラタライカゲームス,0,1,その他,その他
2022-09-11,Webnetic,The Chicken Quiz,-,,ETC,Webnetic,0,1,その他,その他
2022-09-13,Funcom Gmbh,Metal: Hellsinger（英語版）,32,,SPT,Funcom Gmbh,6820_0m_4923,1,野球,その他
2022-09-15,THQ Nordic,Destroy All Humans! 2（英語版）,32,YES,SPT,THQ Nordic,6820_0m_4923,1,野球,その他
2022-09-15,Zakym,Pacmaga,-,,ETC,Zakym,0,1,その他,その他
2022-09-15,Milestone,SBK 22,-,,ETC,Milestone,0,1,その他,その他
2022-09-15,ベセスダ・ソフトワークス,The Elder Scrolls V: Skyrim Anniversary Edition,-,,ETC,ベセスダ・ソフトワークス,0,1,その他,その他
2022-09-15,Starsign,アビス,-,,ETC,Starsign,0,1,その他,その他
2022-09-15,スクウェア・エニックス,ドラゴンクエストX 目覚めし五つの種族 オフライン,-,YES,ETC,スクウェア・エニックス,4994_0m_2816,1,その他,その他
2022-09-15,コンパイルハート,フェアリーフェンサー エフ Refrain Chord,31,YES,SRPG,コンパイルハート,0,1,タクティクスRPG,その他
2022-09-15,フリュー,聖塔神記 トリニティトリガー,31,YES,ARPG,フリュー,5472_0m_3298,1,アクションRPG,その他
2022-09-16,Evgeniy Kolpakov,Active Neurons - Puzzle Game,-,,ETC,Evgeniy Kolpakov,0,1,その他,その他
2022-09-16,アンナプルナ・インタラクティブ,Outer Wilds,-,,ETC,アンナプルナ・インタラクティブ,0,1,その他,その他
2022-09-16,Will Winn Games,Plunder Panic,-,,ETC,Will Winn Games,0,1,その他,その他
2022-09-16,Ternox,Unichrome: A 1-Bit Unicorn Adventure,-,,ETC,Ternox,0,1,その他,その他
2022-09-16,Webnetic,Weben Blocks 2,-,,ETC,Webnetic,0,1,その他,その他
2022-09-16,ケムコ,クリスタルオーサ,-,,ETC,ケムコ,0,1,その他,その他
2022-09-17,Eastasiasoft,Maggie the Magnet,-,,ETC,Eastasiasoft,0,1,その他,その他
2022-09-18,Zakym,Qump Jump,-,,ETC,Zakym,0,1,その他,その他
2022-09-18,Webnetic,The Shark T,-,,ETC,Webnetic,0,1,その他,その他
2022-09-19,Evgeniy Kolpakov,The Mooseman（英語版）,32,,SPT,Evgeniy Kolpakov,6820_0m_4923,1,野球,その他
2022-09-20,Astragon,Construction Simulator（英語版）,32,,SPT,Astragon,6820_0m_4923,1,野球,その他
2022-09-20,ディズニー・インタラクティブ,Disney Pixar Toy Story 3（英語版）,32,,SPT,ディズニー・インタラクティブ,6820_0m_4923,1,野球,その他
2022-09-20,M2H,Isonzo,-,,ETC,M2H,0,1,その他,その他
2022-09-20,Evgeniy Kolpakov,Pantsu Hunter: Back to the 90s,-,,ETC,Evgeniy Kolpakov,0,1,その他,その他
2022-09-20,Webnetic,The Football T,-,,ETC,Webnetic,0,1,その他,その他
2022-09-20,ソニー・インタラクティブエンタテインメント,天地の門,-,,ETC,ソニー・インタラクティブエンタテインメント,0,1,その他,その他
2022-09-21,Focus Entertainment（英語版）,Hardspace: Shipbreaker（英語版）,32,,SPT,Focus Entertainment（英語版）,6820_0m_4923,1,野球,その他
2022-09-21,Evgeniy Kolpakov,Mask of Mists,-,,ETC,Evgeniy Kolpakov,0,1,その他,その他
2022-09-22,Webnetic,The Cow Quiz,-,,ETC,Webnetic,0,1,その他,その他
2022-09-22,Phoenixx,Tormented Souls（ポルトガル語版）,-,,ETC,Phoenixx,0,1,その他,その他
2022-09-22,Nacon,Train Life: A Railway Simulator,-,,ETC,Nacon,0,1,その他,その他
2022-09-22,スクウェア・エニックス,ディオフィールド クロニクル,32,YES,SRPG,スクウェア・エニックス,5663_0m_3492,1,シミュレーションRPG,その他
2022-09-22,オーイズミ・アミュージオ,ネクロムンダ：ハイヤードガン（英語版）,-,YES,ETC,オーイズミ・アミュージオ,0,1,その他,その他
2022-09-22,アークシステムワークス,新・熱血硬派 くにおたちの挽歌 -with River City Girls Extra-,-,,ETC,アークシステムワークス,0,1,その他,その他
2022-09-22,Eastasiasoft,男クロス：麻雀ソリティア,-,,ETC,Eastasiasoft,0,1,その他,その他
2022-09-23,Evgeniy Kolpakov,"I, AI",-,,ETC,Evgeniy Kolpakov,0,1,その他,その他
2022-09-23,ラタライカゲームス,Roar of Revenge,-,,ETC,ラタライカゲームス,0,1,その他,その他
2022-09-23,tinyBuild,SpiderHeck,-,,ETC,tinyBuild,0,1,その他,その他
2022-09-23,Webnetic,The Tiger T,-,,ETC,Webnetic,0,1,その他,その他
2022-09-24,Humble Games,Prodeus（英語版）,32,,SPT,Humble Games,6820_0m_4923,1,野球,その他
2022-09-25,Webnetic,The Baseball T,-,,ETC,Webnetic,0,1,その他,その他
2022-09-26,Playwing,Century: Age of Ashes（英語版）,32,,SPT,Playwing,6820_0m_4923,1,野球,その他
2022-09-27,Eastasiasoft,Casual Challenge Players' Club,-,,ETC,Eastasiasoft,0,1,その他,その他
2022-09-27,エレクトロニック・アーツ,FIFA 23 Ultimate Edition,-,,ETC,エレクトロニック・アーツ,0,1,その他,その他
2022-09-27,Last Chance Media,TUNIC（英語版）,32,,SPT,Last Chance Media,6820_0m_4923,1,野球,その他
2022-09-27,Webnetic,The Pig Quiz,-,,ETC,Webnetic,0,1,その他,その他
2022-09-27,Third Sphere Game Studios,ウォッチャークロニクル,-,,ETC,Third Sphere Game Studios,0,1,その他,その他
2022-09-28,ガンホー・オンライン・エンターテイメント,DEATHVERSE: LET IT DIE（英語版）,32,,SPT,ガンホー・オンライン・エンターテイメント,6820_0m_4923,1,野球,その他
2022-09-28,Humble Games,Moonscars（英語版）,32,,SPT,Humble Games,6820_0m_4923,1,野球,その他
2022-09-28,バンダイナムコエンターテインメント,THE DARK PICTURES: LITTLE HOPE（英語版）,32,,SPT,バンダイナムコエンターテインメント,6820_0m_4923,1,野球,その他
2022-09-28,Evgeniy Kolpakov,Tip Top: Don’t fall!,-,,ETC,Evgeniy Kolpakov,0,1,その他,その他
2022-09-29,Webnetic,The Copper Age,-,,ETC,Webnetic,0,1,その他,その他
2022-09-29,スクウェア・エニックス,ヴァルキリーエリュシオン,33,YES,ARPG,スクウェア・エニックス,5788_0m_3618,1,アクションRPG,その他
2022-09-29,4D Creativity & Technology,在宅ワーク,-,,ETC,4D Creativity & Technology,0,1,その他,その他
2022-09-29,日本ファルコム,英雄伝説 黎の軌跡II -CRIMSON SiN-,33,YES,RPG,日本ファルコム,5787_0m_3617,1,ストーリーRPG,その他
2022-09-30,Soedesco,Airoheart,-,,ETC,Soedesco,0,1,その他,その他
2022-09-30,Soedesco,Bunny Park,-,,ETC,Soedesco,0,1,その他,その他
2022-09-30,Soedesco,Lemon Cake,-,,ETC,Soedesco,0,1,その他,その他
2022-09-30,Gamuzumi,Sakura MMO 2,-,,ETC,Gamuzumi,0,1,その他,その他
2022-09-30,Webnetic,The Sheep Quiz,-,,ETC,Webnetic,0,1,その他,その他
2022-10-01,Klovako,Sprint Journey,-,,ETC,Klovako,0,1,その他,その他
2022-10-01,Klovako,Sprint Journey: Nitro,-,,ETC,Klovako,0,1,その他,その他
2022-10-01,ThiGames,The Jumping Pumpkin,-,,ETC,ThiGames,0,1,その他,その他
2022-10-02,Webnetic,The Capybara P,-,,ETC,Webnetic,0,1,その他,その他
2022-10-02,ThiGames,The Jumping Pumpkin: TURBO,-,,ETC,ThiGames,0,1,その他,その他
2022-10-03,ThiGames,The Jumping Taco,-,,ETC,ThiGames,0,1,その他,その他
2022-10-04,Ravenscourt,Let's Sing ABBA,-,,ETC,Ravenscourt,0,1,その他,その他
2022-10-04,Webnetic,The Bronze Age,-,,ETC,Webnetic,0,1,その他,その他
2022-10-05,ブリザード・エンターテイメント,オーバーウォッチ2,-,,ETC,ブリザード・エンターテイメント,0,1,その他,その他
2022-10-06,Revulo Games,Maze Blaze,-,,ETC,Revulo Games,0,1,その他,その他
2022-10-06,Toplitz Productions,Medieval Dynasty,-,,ETC,Toplitz Productions,0,1,その他,その他
2022-10-06,H2インタラクティブ,Sniper Ghost Warrior Contracts（英語版） 1 & 2 Double Pack,32,,SPT,H2インタラクティブ,6820_0m_4923,1,野球,その他
2022-10-06,ピッキー（英語版）,The Legend of Bum-bo（英語版）,32,,SPT,ピッキー（英語版）,6820_0m_4923,1,野球,その他
2022-10-06,Webnetic,The Pigeon Quiz,-,,ETC,Webnetic,0,1,その他,その他
2022-10-06,マーベラス,ノーモア★ヒーローズ3,-,YES,ETC,マーベラス,0,1,その他,その他
2022-10-06,Firestoke Group,フォーリン・アウト,-,,ETC,Firestoke Group,0,1,その他,その他
2022-10-07,ラタライカゲームス,A Frog's Job,-,,ETC,ラタライカゲームス,0,1,その他,その他
2022-10-07,Devolver Digital,Serious Sam: Siberian Mayhem（英語版）,32,,SPT,Devolver Digital,6820_0m_4923,1,野球,その他
2022-10-07,Webnetic,The Pig D,-,,ETC,Webnetic,0,1,その他,その他
2022-10-07,ケムコ,ドラゴンプラナ,-,,ETC,ケムコ,0,1,その他,その他
2022-10-08,tinyBuild,Asterigos: Curse of the Stars,-,,ETC,tinyBuild,0,1,その他,その他
2022-10-08,Klovako,Italian Journey,-,,ETC,Klovako,0,1,その他,その他
2022-10-08,Klovako,Italian Journey: Nitro,-,,ETC,Klovako,0,1,その他,その他
2022-10-08,The Voices Games,Lady in a Leotard With a Gun,-,,ETC,The Voices Games,0,1,その他,その他
2022-10-10,Ghost Pattern（英語版）,Wayward Strand,-,,ETC,Ghost Pattern（英語版）,0,1,その他,その他
2022-10-11,エレクトロニック・アーツ,NHL 23（英語版） Xファクター エディション,32,YES,SPT,エレクトロニック・アーツ,6820_0m_4923,1,野球,その他
2022-10-11,Webnetic,The Spidy D,-,,ETC,Webnetic,0,1,その他,その他
2022-10-11,テイクツー・インタラクティブ,ゴルフ PGAツアー 2K23（英語版） デラックス エディション,32,,SPT,テイクツー・インタラクティブ,6820_0m_4923,1,野球,その他
2022-10-12,Thunderful Publishing,LEGO Bricktales,-,,ETC,Thunderful Publishing,0,1,その他,その他
2022-10-12,ThiGames,The Jumping Pizza: TURBO,-,,ETC,ThiGames,0,1,その他,その他
2022-10-13,Eastasiasoft,Pretty Girls Escape,-,,ETC,Eastasiasoft,0,1,その他,その他
2022-10-13,Prime Matter,The Last Oricru,-,,ETC,Prime Matter,0,1,その他,その他
2022-10-13,Daedalic Entertainment（英語版）,Warpips,-,YES,ETC,Daedalic Entertainment（英語版）,0,1,その他,その他
2022-10-13,Evgeniy Kolpakov,Witchcrafty,-,,ETC,Evgeniy Kolpakov,0,1,その他,その他
2022-10-13,Game Source Entertainment,WonderBoy：ドラゴンの罠（英語版）,32,YES,SPT,Game Source Entertainment,6820_0m_4923,1,野球,その他
2022-10-14,Webnetic,The Tennis T,-,,ETC,Webnetic,0,1,その他,その他
2022-10-14,ケムコ,一緒に行きましょう逝きましょう生きましょう,-,,ETC,ケムコ,0,1,その他,その他
2022-10-15,Fireshine Games,MechWarrior 5: Mercenaries（英語版）,32,,SPT,Fireshine Games,6820_0m_4923,1,野球,その他
2022-10-15,Zakym,Pacmaga 2,-,,ETC,Zakym,0,1,その他,その他
2022-10-16,Webnetic,The Taco Quiz,-,,ETC,Webnetic,0,1,その他,その他
2022-10-17,Merge Games,Slaycation Paradise,-,,ETC,Merge Games,0,1,その他,その他
2022-10-17,ThiGames,The Jumping Fries,-,,ETC,ThiGames,0,1,その他,その他
2022-10-18,Focus Entertainment,A Plague Tale: Requiem,-,,ETC,Focus Entertainment,0,1,その他,その他
2022-10-18,Webnetic,The Giraffe G,-,,ETC,Webnetic,0,1,その他,その他
2022-10-19,Eastasiasoft,41 Hours,-,,ETC,Eastasiasoft,0,1,その他,その他
2022-10-19,Klovako,Dirt Journey,-,,ETC,Klovako,0,1,その他,その他
2022-10-19,IllFonic,Ghostbusters: Spirits Unleashed（英語版）,32,,SPT,IllFonic,6820_0m_4923,1,野球,その他
2022-10-19,Evgeniy Kolpakov,Pnevmo-Capsula,-,,ETC,Evgeniy Kolpakov,0,1,その他,その他
2022-10-19,バンダイナムコエンターテインメント,The Dark Pictures Anthology: Man of Medan（英語版）,32,,SPT,バンダイナムコエンターテインメント,6820_0m_4923,1,野球,その他
2022-10-20,Team17,Batora: Lost Haven,-,,ETC,Team17,0,1,その他,その他
2022-10-20,Ternox,Finger Fitness,-,,ETC,Ternox,0,1,その他,その他
2022-10-20,バンダイナムコエンターテインメント,LEGO Brawls（英語版）,32,YES,SPT,バンダイナムコエンターテインメント,6820_0m_4923,1,野球,その他
2022-10-20,Webnetic,The Basketball Quiz,-,,ETC,Webnetic,0,1,その他,その他
2022-10-20,ラタライカゲームス,ガッド・デイム・ザ・ガーデン,-,,ETC,ラタライカゲームス,0,1,その他,その他
2022-10-20,Teyon Japan,ヒューマン フォール フラット,-,YES,ETC,Teyon Japan,0,1,その他,その他
2022-10-21,ラタライカゲームス,RUNOUT,-,,ETC,ラタライカゲームス,0,1,その他,その他
2022-10-21,Webnetic,Rainbow Mix,-,,ETC,Webnetic,0,1,その他,その他
2022-10-21,Warner Bros. Interactive Entertainment,ゴッサム・ナイツ（英語版）,33,YES,ARPG,Warner Bros. Interactive Entertainment,5815_0m_3645,1,アクションRPG,その他
2022-10-21,テイクツー・インタラクティブ,ニュー・テイルズ・フロム・ザ・ボーダーランズ（英語版）,-,,ETC,テイクツー・インタラクティブ,0,1,その他,その他
2022-10-21,アトラス,ペルソナ5 ザ・ロイヤル,37,YES,RPG,アトラス,3020_0m_1681,1,学園ジュブナイルRPG,その他
2022-10-22,ThiGames,The Jumping Burger - Halloween Edition,-,,ETC,ThiGames,0,1,その他,その他
2022-10-23,ThiGames,The Jumping Burger - Halloween Edition: TURBO,-,,ETC,ThiGames,0,1,その他,その他
2022-10-23,Webnetic,The Rice Story,-,,ETC,Webnetic,0,1,その他,その他
2022-10-24,Klovako,Dirt Journey: Nitro,-,,ETC,Klovako,0,1,その他,その他
2022-10-24,ThiGames,The Jumping Hot Dog,-,,ETC,ThiGames,0,1,その他,その他
2022-10-25,THQ Nordic,BIOMUTANT,-,YES,ETC,THQ Nordic,0,1,その他,その他
2022-10-25,Webnetic,The Hippo G,-,,ETC,Webnetic,0,1,その他,その他
2022-10-26,ThiGames,The Jumping Hot Dog: TURBO,-,,ETC,ThiGames,0,1,その他,その他
2022-10-27,Gammera Nest（英語版）,Insomnis,-,,ETC,Gammera Nest（英語版）,0,1,その他,その他
2022-10-27,Eastasiasoft,Rule No.1,-,,ETC,Eastasiasoft,0,1,その他,その他
2022-10-27,Webnetic,The Pizza Quiz,-,,ETC,Webnetic,0,1,その他,その他
2022-10-27,H2インタラクティブ,Them's Fightin' Herds,-,,ETC,H2インタラクティブ,0,1,その他,その他
2022-10-27,スクウェア・エニックス,スターオーシャン6 THE DIVINE FORCE,35,YES,RPG,スクウェア・エニックス,5816_0m_3646,1,RPG,その他
2022-10-27,Outright Games,パウ・パトロール グランプリ,-,,ETC,Outright Games,0,1,その他,その他
2022-10-27,Eastasiasoft,パチ・パチ！2 ON･A･ROLL,-,,ETC,Eastasiasoft,0,1,その他,その他
2022-10-28,ラタライカゲームス,Bones of Halloween,-,,ETC,ラタライカゲームス,0,1,その他,その他
2022-10-28,Soedesco,Charon's Staircase,-,,ETC,Soedesco,0,1,その他,その他
2022-10-28,Headup Games,Industria,-,,ETC,Headup Games,0,1,その他,その他
2022-10-28,ThiGames,The Jumping Pumpkin - Halloween Edition,-,,ETC,ThiGames,0,1,その他,その他
2022-10-28,Webnetic,The Llama L,-,,ETC,Webnetic,0,1,その他,その他
2022-10-28,アクティビジョン,コール オブ デューティ モダン・ウォーフェアII,33,YES,FPS,アクティビジョン,5791_0m_3621,1,FPS,その他
2022-10-29,Zakym,Driverio,-,,ETC,Zakym,0,1,その他,その他
2022-10-29,Zakym,Pretty Bird 7,-,,ETC,Zakym,0,1,その他,その他
2022-10-30,ThiGames,The Jumping Pumpkin - Halloween Edition: TURBO,-,,ETC,ThiGames,0,1,その他,その他
2022-10-31,Freedom Games（英語版）,Broken Pieces,-,,ETC,Freedom Games（英語版）,0,1,その他,その他
2022-11-01,Zakym,Driverio 2,-,,ETC,Zakym,0,1,その他,その他
2022-11-01,Webnetic,The Halloween Story,-,,ETC,Webnetic,0,1,その他,その他
2022-11-01,ATARI,ミサイルコマンド: Recharged,-,,ETC,ATARI,0,1,その他,その他
2022-11-02,Eastasiasoft,Hatup,-,,ETC,Eastasiasoft,0,1,その他,その他
2022-11-02,Prodigy Design Limited,Shatter Remastered Deluxe,-,,ETC,Prodigy Design Limited,0,1,その他,その他
2022-11-02,バンダイナムコエンターテインメント,ドラえもん のび太の牧場物語 大自然の王国とみんなの家,-,YES,ETC,バンダイナムコエンターテインメント,5817_0m_3647,1,その他,その他
2022-11-03,Astragon Entertainment GmbH（英語版）,Endling - Extinction is Forever,-,,ETC,Astragon Entertainment GmbH（英語版）,0,1,その他,その他
2022-11-03,Playstack（英語版）,The Entropy Centre,-,,ETC,Playstack（英語版）,0,1,その他,その他
2022-11-04,Smobile,Cat Fun,-,,ETC,Smobile,0,1,その他,その他
2022-11-04,Humble Games,Ghost Song,-,,ETC,Humble Games,0,1,その他,その他
2022-11-04,Smobile,Halloween Candy Fun,-,,ETC,Smobile,0,1,その他,その他
2022-11-04,Webnetic,The Chick C,-,,ETC,Webnetic,0,1,その他,その他
2022-11-04,ThiGames,The Jumping Bagel,-,,ETC,ThiGames,0,1,その他,その他
2022-11-04,Gamuzumi,サクラ・MMO 3 ～生と死の女神～,-,,ETC,Gamuzumi,0,1,その他,その他
2022-11-04,ケムコ,白銀ノルニール,-,,ETC,ケムコ,0,1,その他,その他
2022-11-05,Zakym,Cario,-,,ETC,Zakym,0,1,その他,その他
2022-11-06,ThiGames,The Jumping Bagel: TURBO,-,,ETC,ThiGames,0,1,その他,その他
2022-11-07,ThiGames,The Jumping Sandwich,-,,ETC,ThiGames,0,1,その他,その他
2022-11-08,セガ,ソニックフロンティア,35,YES,AADV,セガ,5820_0m_3650,1,アクションアドベンチャー,その他
2022-11-09,Klovako,Classic Journey,-,,ETC,Klovako,0,1,その他,その他
2022-11-09,Devolver Digital,Return to Monkey Island（英語版）,32,,SPT,Devolver Digital,6820_0m_4923,1,野球,その他
2022-11-09,Eastasiasoft,Super Woden GP,-,,ETC,Eastasiasoft,0,1,その他,その他
2022-11-09,ThiGames,The Jumping Sandwich: TURBO,-,,ETC,ThiGames,0,1,その他,その他
2022-11-09,ソニー・インタラクティブエンタテインメント,ゴッド・オブ・ウォー ラグナロク,36,YES,AADV,ソニー・インタラクティブエンタテインメント,5772_0m_3602,1,アクションアドベンチャー,その他
2022-11-09,Starsign,ジュラシックピンボール,-,,ETC,Starsign,0,1,その他,その他
2022-11-09,Starsign,スピードトラックレーシング,-,,ETC,Starsign,0,1,その他,その他
2022-11-09,Starsign,ドラゴンピンボール,-,,ETC,Starsign,0,1,その他,その他
2022-11-09,Starsign,バスケットボールピンボール,-,,ETC,Starsign,0,1,その他,その他
2022-11-09,Starsign,パイレーツピンボール,-,,ETC,Starsign,0,1,その他,その他
2022-11-09,Starsign,ワーウルフピンボール,-,,ETC,Starsign,0,1,その他,その他
2022-11-09,Starsign,ワールドサッカーピンボール,-,,ETC,Starsign,0,1,その他,その他
2022-11-10,Plaion（英語版）,Mount & Blade II: Bannerlord,30,YES,ACT,Plaion（英語版）,0,1,ストラテジー・アクションPRG,その他
2022-11-10,Astragon,Police Simulator: Patrol Officers（フランス語版）,-,,ETC,Astragon,0,1,その他,その他
2022-11-10,3goo,WRCジェネレーションズ（英語版）,32,YES,RCG,3goo,0,1,ラリーレーシング,その他
2022-11-11,Smobile,Cat Break,-,,ETC,Smobile,0,1,その他,その他
2022-11-11,Smobile,Saint Patricks Day Fun,-,,ETC,Smobile,0,1,その他,その他
2022-11-11,ラタライカゲームス,Save Room,-,,ETC,ラタライカゲームス,0,1,その他,その他
2022-11-11,Webnetic,The Czech Run,-,,ETC,Webnetic,0,1,その他,その他
2022-11-11,スクウェア・エニックス,タクティクスオウガ リボーン,-,YES,ETC,スクウェア・エニックス,5818_0m_3648,1,その他,その他
2022-11-11,Gamuzumi,ホット・テンタクルズ・シューター,-,,ETC,Gamuzumi,0,1,その他,その他
2022-11-12,The Voices Games,Ascendshaft,-,,ETC,The Voices Games,0,1,その他,その他
2022-11-14,Klovako,Classic Journey: Nitro,-,,ETC,Klovako,0,1,その他,その他
2022-11-14,ThiGames,The Jumping Burrito,-,,ETC,ThiGames,0,1,その他,その他
2022-11-15,アクティビジョン,Call of Duty: Warzone 2.0,-,,ETC,アクティビジョン,0,1,その他,その他
2022-11-15,Gray Mantis,Dungeons Of The Deep,-,,ETC,Gray Mantis,0,1,その他,その他
2022-11-15,Ravenscourt,Let's Sing 2023,-,,ETC,Ravenscourt,0,1,その他,その他
2022-11-15,Webnetic,The Slovak Run,-,,ETC,Webnetic,0,1,その他,その他
2022-11-16,Eastasiasoft,Super Chicken Jumper,-,,ETC,Eastasiasoft,0,1,その他,その他
2022-11-16,DotEmu,Teenage Mutant Ninja Turtles: Shredder's Revenge,-,YES,ETC,DotEmu,0,1,その他,その他
2022-11-16,ThiGames,The Jumping Burrito: TURBO,-,,ETC,ThiGames,0,1,その他,その他
2022-11-17,Coffee Stain Studios（英語版）,Goat Simulator 3（英語版）,32,,SPT,Coffee Stain Studios（英語版）,6820_0m_4923,1,野球,その他
2022-11-17,Puppet Combo（英語版）,ブラッドウォッシ,-,,ETC,Puppet Combo（英語版）,0,1,その他,その他
2022-11-17,アクアプラス,モノクロームメビウス 刻ノ代贖（英語版）,32,YES,RPG,アクアプラス,5548_0m_3374,1,RPG,その他
2022-11-18,Numskull Games,Battle Axe,-,,ETC,Numskull Games,0,1,その他,その他
2022-11-18,Source Byte,Jump Challenge!,-,,ETC,Source Byte,0,1,その他,その他
2022-11-18,ThiGames,Quiz Thiz USA,-,,ETC,ThiGames,0,1,その他,その他
2022-11-18,ラタライカゲームス,Slime's Journey,-,,ETC,ラタライカゲームス,0,1,その他,その他
2022-11-18,Toplitz Productions,Starsand,-,,ETC,Toplitz Productions,0,1,その他,その他
2022-11-18,Evgeniy Kolpakov,Succubus With Guns,-,,ETC,Evgeniy Kolpakov,0,1,その他,その他
2022-11-18,ThiGames,The Jumping Quesadilla,-,,ETC,ThiGames,0,1,その他,その他
2022-11-18,Webnetic,The Whiskey Story,-,,ETC,Webnetic,0,1,その他,その他
2022-11-19,Klovako,Caravan Journey,-,,ETC,Klovako,0,1,その他,その他
2022-11-20,Zakym,Pretty Bird 8,-,,ETC,Zakym,0,1,その他,その他
2022-11-20,ThiGames,The Jumping Quesadilla: TURBO,-,,ETC,ThiGames,0,1,その他,その他
2022-11-20,Game Achievements,ストローク・ザ・キャット,-,,ETC,Game Achievements,0,1,その他,その他
2022-11-20,Game Achievements,ストローク・ザ・ドッグ,-,,ETC,Game Achievements,0,1,その他,その他
2022-11-21,Klovako,Caravan Journey: Nitro,-,,ETC,Klovako,0,1,その他,その他
2022-11-21,Pillow Castle,Superliminal,-,,ETC,Pillow Castle,0,1,その他,その他
2022-11-21,ThiGames,The Jumping Brownie,-,,ETC,ThiGames,0,1,その他,その他
2022-11-22,Indie Remix Studios,Ping Pong Peg,-,,ETC,Indie Remix Studios,0,1,その他,その他
2022-11-22,Soedesco,Saint Kotar（英語版）,32,,SPT,Soedesco,6820_0m_4923,1,野球,その他
2022-11-22,Team17,Ship of Fools,-,,ETC,Team17,0,1,その他,その他
2022-11-22,Webnetic,The Basketball B,-,,ETC,Webnetic,0,1,その他,その他
2022-11-22,Plaion（英語版）,ガングレイヴG.O.R.E,-,YES,ETC,Plaion（英語版）,0,1,その他,その他
2022-11-22,ユービーアイソフト,ジャストダンス,-,,ETC,ユービーアイソフト,0,1,その他,その他
2022-11-22,ユービーアイソフト,ジャストダンス2023,-,,ETC,ユービーアイソフト,0,1,その他,その他
2022-11-22,Game Achievements,ストロークハムスター,-,,ETC,Game Achievements,0,1,その他,その他
2022-11-23,Eastasiasoft,Finding the Soul Orb,-,,ETC,Eastasiasoft,0,1,その他,その他
2022-11-23,ThiGames,The Jumping Brownie: TURBO,-,,ETC,ThiGames,0,1,その他,その他
2022-11-24,H2インタラクティブ,Soulstice,-,YES,ETC,H2インタラクティブ,0,1,その他,その他
2022-11-24,ピッキー,The Binding of Isaac: Repentance,-,YES,ETC,ピッキー,5967_0m_3796,1,その他,その他
2022-11-24,Webnetic,The Wood Story,-,,ETC,Webnetic,0,1,その他,その他
2022-11-24,GameMill Entertainment,ニコロデオン オールスター大乱闘 アルティメットエディション,-,,ETC,GameMill Entertainment,0,1,その他,その他
2022-11-25,Smobile,Christmas Fun,-,,ETC,Smobile,0,1,その他,その他
2022-11-25,Webnetic,Rainbow Advanced,-,,ETC,Webnetic,0,1,その他,その他
2022-11-25,ThiGames,The Jumping Tofu,-,,ETC,ThiGames,0,1,その他,その他
2022-11-25,Smobile,Unicorn Fun,-,,ETC,Smobile,0,1,その他,その他
2022-11-25,Game Achievements,ストローク・ザ・ヘッジホッグ,-,,ETC,Game Achievements,0,1,その他,その他
2022-11-25,Gamuzumi,ファリー・タングラム・ライト,-,,ETC,Gamuzumi,0,1,その他,その他
2022-11-25,ラタライカゲームス,嘘つきな王様の騙し方★リマスター版,-,,ETC,ラタライカゲームス,0,1,その他,その他
2022-11-26,ThiGames,Quiz Thiz USA: Bronze Edition,-,,ETC,ThiGames,0,1,その他,その他
2022-11-27,Zakym,Pretty Bird 2,-,,ETC,Zakym,0,1,その他,その他
2022-11-27,ThiGames,The Jumping Tofu: TURBO,-,,ETC,ThiGames,0,1,その他,その他
2022-11-28,ThiGames,The Jumping Sushi,-,,ETC,ThiGames,0,1,その他,その他
2022-11-28,Game Achievements,ストローク・ザ・スネーク,-,,ETC,Game Achievements,0,1,その他,その他
2022-11-29,エレクトロニック・アーツ,Need for Speed Unbound Palace Edition,-,,ETC,エレクトロニック・アーツ,0,1,その他,その他
2022-11-29,Raw Fury,Sable（英語版）,32,,SPT,Raw Fury,6820_0m_4923,1,野球,その他
2022-11-29,Team17,The Knight Witch,-,,ETC,Team17,0,1,その他,その他
2022-11-30,Evgeniy Kolpakov,MEGALAN 11,-,,ETC,Evgeniy Kolpakov,0,1,その他,その他
2022-11-30,Klovako,Monster Truck Journey,-,,ETC,Klovako,0,1,その他,その他
2022-11-30,Zakym,Rocketio,-,,ETC,Zakym,0,1,その他,その他
2022-11-30,ThiGames,The Jumping Sushi: TURBO,-,,ETC,ThiGames,0,1,その他,その他
2022-11-30,Eastasiasoft,Until the Last Plane,-,,ETC,Eastasiasoft,0,1,その他,その他
2022-12-01,Eastasiasoft,Astronite,-,,ETC,Eastasiasoft,0,1,その他,その他
2022-12-01,EXNOA,Crossout - Biter Bundle,-,,ETC,EXNOA,0,1,その他,その他
2022-12-01,バンダイナムコエンターテインメント,GUNDAM EVOLUTION,-,,ETC,バンダイナムコエンターテインメント,0,1,その他,その他
2022-12-01,tinyBuild,Hello Neighbor 2 Deluxe Edition,-,,ETC,tinyBuild,0,1,その他,その他
2022-12-01,ディースリー・パブリッシャー,SAMURAI MAIDEN -サムライメイデン-,-,YES,ETC,ディースリー・パブリッシャー,0,1,その他,その他
2022-12-01,Supergonk,Warp Drive,-,,ETC,Supergonk,0,1,その他,その他
2022-12-01,Joindots GmbH,Winter Sports Games - 4K Edition,-,,ETC,Joindots GmbH,0,1,その他,その他
2022-12-01,3goo,セッション：スケートシム（英語版）,-,YES,ETC,3goo,0,1,その他,その他
2022-12-01,3goo,ダカール・デザート・ラリー,31,YES,RCG,3goo,0,1,ラリーレーシング,その他
2022-12-01,スクウェア・エニックス,ロマンシング サガ -ミンストレルソング- リマスター,-,,ETC,スクウェア・エニックス,0,1,その他,その他
2022-12-01,アークシステムワークス,熱血硬派くにおくん外伝 リバーシティガールズ2,-,,ETC,アークシステムワークス,0,1,その他,その他
2022-12-02,Smobile,Christmas Run 2,-,,ETC,Smobile,0,1,その他,その他
2022-12-02,ラタライカゲームス,Intrepid Izzy,-,,ETC,ラタライカゲームス,0,1,その他,その他
2022-12-02,ThiGames,The Jumping Choco Santa,-,,ETC,ThiGames,0,1,その他,その他
2022-12-02,Webnetic,The Pig D Deluxe Edition,-,,ETC,Webnetic,0,1,その他,その他
2022-12-02,Rogueside,"Warhammer 40,000: Shootas, Blood & Teef",-,,ETC,Rogueside,0,1,その他,その他
2022-12-02,Gamuzumi,サクラ・サキュバス 6 ～王女様とお出かけ～,-,,ETC,Gamuzumi,0,1,その他,その他
2022-12-02,テイクツー・インタラクティブ,マーベル ミッドナイト・サンズ（英語版）,33,YES,SRPG,テイクツー・インタラクティブ,0,1,シミュレーションRPG,その他
2022-12-03,ThiGames,Quiz Thiz USA: Gold Edition,-,,ETC,ThiGames,0,1,その他,その他
2022-12-03,Game Achievements,ストローク・ザ・オウム,-,,ETC,Game Achievements,0,1,その他,その他
2022-12-04,Zakym,Driverio 3,-,,ETC,Zakym,0,1,その他,その他
2022-12-04,ThiGames,The Jumping Choco Santa: TURBO,-,,ETC,ThiGames,0,1,その他,その他
2022-12-04,Webnetic,The Squash P,-,,ETC,Webnetic,0,1,その他,その他
2022-12-04,MUTAN,グーニャモンスター,-,,ETC,MUTAN,0,1,その他,その他
2022-12-04,Starsign,スーパーピンポントリックショット,-,,ETC,Starsign,0,1,その他,その他
2022-12-05,Klovako,Monster Truck Journey: Nitro,-,,ETC,Klovako,0,1,その他,その他
2022-12-05,ThiGames,The Jumping Nuggets,-,,ETC,ThiGames,0,1,その他,その他
2022-12-06,Astragon Entertainment GmbH（英語版）,Firefighting Simulator - The Squad,-,,ETC,Astragon Entertainment GmbH（英語版）,0,1,その他,その他
2022-12-06,FoamPunch BV,Shredders,-,,ETC,FoamPunch BV,0,1,その他,その他
2022-12-06,Thunderful Publishing（英語版）,Swordship - ソードシップ,-,,ETC,Thunderful Publishing（英語版）,0,1,その他,その他
2022-12-06,Webnetic,The Golden Age,-,,ETC,Webnetic,0,1,その他,その他
2022-12-06,Starsign,ラリーロックンレーシング,-,,ETC,Starsign,0,1,その他,その他
2022-12-07,Raw Fury,Backbone,-,,ETC,Raw Fury,0,1,その他,その他
2022-12-07,Eastasiasoft,Bot Gaiden,-,,ETC,Eastasiasoft,0,1,その他,その他
2022-12-07,Klovako,Drag Journey: Nitro,-,,ETC,Klovako,0,1,その他,その他
2022-12-07,アンナプルナ・インタラクティブ,Hindsight,-,,ETC,アンナプルナ・インタラクティブ,0,1,その他,その他
2022-12-07,ThiGames,The Jumping Nuggets: TURBO,-,,ETC,ThiGames,0,1,その他,その他
2022-12-08,ラタライカゲームス,A HERO AND A GARDEN,-,,ETC,ラタライカゲームス,0,1,その他,その他
2022-12-08,Webnetic,The Rex T,-,,ETC,Webnetic,0,1,その他,その他
2022-12-08,Thunderful Publishing,Togges - トッゲス,-,,ETC,Thunderful Publishing,0,1,その他,その他
2022-12-08,3goo,ザ・ランブルフィッシュ2,30,,FTG,3goo,0,1,対戦格闘,その他
2022-12-09,Zakym,Pretty Bird 3,-,,ETC,Zakym,0,1,その他,その他
2022-12-09,Bedtime Digital Games,The Forest Quartet,-,,ETC,Bedtime Digital Games,0,1,その他,その他
2022-12-09,ThiGames,The Jumping Gingerbread,-,,ETC,ThiGames,0,1,その他,その他
2022-12-09,Webnetic,Weben Blocks,-,,ETC,Webnetic,0,1,その他,その他
2022-12-09,Starsign,サファリピンボール,-,,ETC,Starsign,0,1,その他,その他
2022-12-10,ThiGames,Quiz Thiz United Kingdom,-,,ETC,ThiGames,0,1,その他,その他
2022-12-11,ThiGames,The Jumping Gingerbread: TURBO,-,,ETC,ThiGames,0,1,その他,その他
2022-12-12,ThiGames,The Jumping Noodles,-,,ETC,ThiGames,0,1,その他,その他
2022-12-12,Klovako,Tractor Journey: Nitro,-,,ETC,Klovako,0,1,その他,その他
2022-12-12,Game Achievements,ストローク・ザ・ラビット,-,,ETC,Game Achievements,0,1,その他,その他
2022-12-13,Zakym,Pretty Bird 4,-,,ETC,Zakym,0,1,その他,その他
2022-12-13,Webnetic,The Iron Age,-,,ETC,Webnetic,0,1,その他,その他
2022-12-13,Thunderful Publishing,Wavetale,-,,ETC,Thunderful Publishing,0,1,その他,その他
2022-12-13,スクウェア・エニックス,クライシス コア -ファイナルファンタジーVII- リユニオン,-,YES,ETC,スクウェア・エニックス,5826_0m_3656,1,その他,その他
2022-12-13,Game Achievements,ストローク・ザ・フィッシュ,-,,ETC,Game Achievements,0,1,その他,その他
2022-12-14,Devolver Digital,GRIS,-,,ETC,Devolver Digital,0,1,その他,その他
2022-12-14,アンナプルナ・インタラクティブ,Neon White（英語版）,32,,SPT,アンナプルナ・インタラクティブ,6820_0m_4923,1,野球,その他
2022-12-14,Last Chance Media,Overland（英語版）,32,,SPT,Last Chance Media,6820_0m_4923,1,野球,その他
2022-12-14,Klovako,Race Journey,-,,ETC,Klovako,0,1,その他,その他
2022-12-14,Klovako,Race Journey: Nitro,-,,ETC,Klovako,0,1,その他,その他
2022-12-14,ThiGames,The Jumping Noodles: TURBO,-,,ETC,ThiGames,0,1,その他,その他
2022-12-14,CD PROJEKT RED Japan,ウィッチャー3 ワイルドハント,37,,ARPG,CD PROJEKT RED Japan,6046_0m_3876,1,アクションRPG,その他
2022-12-15,Focus Entertainment,BLACKTAIL,-,,ETC,Focus Entertainment,0,1,その他,その他
2022-12-15,Game Achievements,ストローク・ザ・カメ,-,,ETC,Game Achievements,0,1,その他,その他
2022-12-15,Game Achievements,ストローク・ザ・スパイダー,-,,ETC,Game Achievements,0,1,その他,その他
2022-12-15,バンダイナムコエンターテインメント,パックマン ミュージアム プラス & パックマンワールド リ・パック バンドル,-,,ETC,バンダイナムコエンターテインメント,0,1,その他,その他
2022-12-15,インティ・クリエイツ,蒼き雷霆 ガンヴォルト 鎖環,-,,ETC,インティ・クリエイツ,0,1,その他,その他
2022-12-16,Toplitz Productions,Beholder 3,-,,ETC,Toplitz Productions,0,1,その他,その他
2022-12-16,Gamuzumi,Elves Jigsaw Puzzle Collection,-,,ETC,Gamuzumi,0,1,その他,その他
2022-12-16,Sunblink Entertainment,HEROish,-,,ETC,Sunblink Entertainment,0,1,その他,その他
2022-12-16,ラタライカゲームス,Panda Punch,-,,ETC,ラタライカゲームス,0,1,その他,その他
2022-12-16,Zakym,Pretty Bird 5,-,,ETC,Zakym,0,1,その他,その他
2022-12-16,ThiGames,The Jumping Cookie,-,,ETC,ThiGames,0,1,その他,その他
2022-12-16,Webnetic,The Pong P,-,,ETC,Webnetic,0,1,その他,その他
2022-12-16,ケムコ,アルファディア ネオ,-,,ETC,ケムコ,0,1,その他,その他
2022-12-16,Akupara Games（英語版）,グライム（英語版）,-,,ETC,Akupara Games（英語版）,0,1,その他,その他
2022-12-16,レベルファイブ,メガトン級ムサシX,-,,ETC,レベルファイブ,5021_0m_2843,1,その他,その他
2022-12-16,Game Achievements,牛をなでる,-,,ETC,Game Achievements,0,1,その他,その他
2022-12-17,ThiGames,Quiz Thiz United Kingdom: Bronze Edition,-,,ETC,ThiGames,0,1,その他,その他
2022-12-18,Webnetic,The Elephant E,-,,ETC,Webnetic,0,1,その他,その他
2022-12-18,ThiGames,The Jumping Cookie: TURBO,-,,ETC,ThiGames,0,1,その他,その他
2022-12-19,ThiGames,The Jumping Kebab,-,,ETC,ThiGames,0,1,その他,その他
2022-12-20,Ternox,Bullet Beat,-,,ETC,Ternox,0,1,その他,その他
2022-12-20,Oddworld Inhabitants（英語版）,Oddworld: Abe's Exoddus（英語版） (PS1 Emulation),32,,SPT,Oddworld Inhabitants（英語版）,6820_0m_4923,1,野球,その他
2022-12-20,Zakym,Pretty Bird 6,-,,ETC,Zakym,0,1,その他,その他
2022-12-20,バンダイナムコエンターテインメント,リッジレーサーズ2,-,,ETC,バンダイナムコエンターテインメント,0,1,その他,その他
2022-12-21,ラタライカゲームス,Headbangers in Holiday Hell,-,,ETC,ラタライカゲームス,0,1,その他,その他
2022-12-21,Klovako,Speed Journey,-,,ETC,Klovako,0,1,その他,その他
2022-12-21,ThiGames,The Jumping Kebab: TURBO,-,,ETC,ThiGames,0,1,その他,その他
2022-12-21,Starsign,シャークピンボール,-,,ETC,Starsign,0,1,その他,その他
2022-12-21,Starsign,ハロウィンピンボール,-,,ETC,Starsign,0,1,その他,その他
2022-12-22,The Quantum Astrophysicists Guild,Sail Forth,-,,ETC,The Quantum Astrophysicists Guild,0,1,その他,その他
2022-12-22,Webnetic,The Golf G,-,,ETC,Webnetic,0,1,その他,その他
2022-12-22,Joindots GmbH,emoji Kart Racer,-,,ETC,Joindots GmbH,0,1,その他,その他
2022-12-22,ラタライカゲームス,ジノーグ,-,,ETC,ラタライカゲームス,0,1,その他,その他
2022-12-22,スクウェア・エニックス,ヴァルキリープロファイル -レナス-,-,,ETC,スクウェア・エニックス,0,1,その他,その他
2022-12-22,Eastasiasoft,男クロス：クロンダイクソリティア,-,,ETC,Eastasiasoft,0,1,その他,その他
2022-12-23,One Earth Rising,Bunny Raiders,-,,ETC,One Earth Rising,0,1,その他,その他
2022-12-23,Revulo Games,Cyber Pool,-,,ETC,Revulo Games,0,1,その他,その他
2022-12-23,Webnetic,The Burger Quiz,-,,ETC,Webnetic,0,1,その他,その他
2022-12-24,Joindots GmbH,Kingdom of Aurelia - Mystery of the Poisoned Dagger,-,,ETC,Joindots GmbH,0,1,その他,その他
2022-12-24,ThiGames,Quiz Thiz United Kingdom: Silver Edition,-,,ETC,ThiGames,0,1,その他,その他
2022-12-25,The Voices Games,Newtonian Inversion,-,,ETC,The Voices Games,0,1,その他,その他
2022-12-25,Webnetic,The Snowman Story,-,,ETC,Webnetic,0,1,その他,その他
2022-12-26,Zakym,Mermaidio,-,,ETC,Zakym,0,1,その他,その他
2022-12-26,Klovako,Speed Journey: Nitro,-,,ETC,Klovako,0,1,その他,その他
2022-12-26,ThiGames,The Jumping Pasta,-,,ETC,ThiGames,0,1,その他,その他
2022-12-28,Klovako,Tractor Journey,-,,ETC,Klovako,0,1,その他,その他
2022-12-28,Klovako,Truck Journey,-,,ETC,Klovako,0,1,その他,その他
2022-12-29,Webnetic,The Spidy Quiz,-,,ETC,Webnetic,0,1,その他,その他
2022-12-30,Webnetic,The Football Quiz,-,,ETC,Webnetic,0,1,その他,その他
2022-12-31,ThiGames,Quiz Thiz United Kingdom: Gold Edition,-,,ETC,ThiGames,0,1,その他,その他
2023-01-02,ThiGames,The Jumping Coffee,-,,ETC,ThiGames,0,1,その他,その他
2023-01-02,Klovako,Truck Journey: Nitro,-,,ETC,Klovako,0,1,その他,その他
2023-01-04,ThiGames,The Jumping Coffee: TURBO,-,,ETC,ThiGames,0,1,その他,その他
2023-01-05,Eastasiasoft,KAWAII SLIME ARENA,-,,ETC,Eastasiasoft,0,1,その他,その他
2023-01-05,Webnetic,The Cricket C,-,,ETC,Webnetic,0,1,その他,その他
2023-01-06,ラタライカゲームス,Neon Souls,-,,ETC,ラタライカゲームス,0,1,その他,その他
2023-01-06,ThiGames,The Jumping Muffin,-,,ETC,ThiGames,0,1,その他,その他
2023-01-06,Moesoft,ナポレオン少女 Episode.1 不可能という文字のない少女,-,,ETC,Moesoft,0,1,その他,その他
2023-01-07,ThiGames,Quiz Thiz France,-,,ETC,ThiGames,0,1,その他,その他
2023-01-08,Webnetic,The Monkey P,-,,ETC,Webnetic,0,1,その他,その他
2023-01-09,ThiGames,The Jumping Lasagne,-,,ETC,ThiGames,0,1,その他,その他
2023-01-11,Daedalic Entertainment（英語版）,Children of Silentown,-,,ETC,Daedalic Entertainment（英語版）,0,1,その他,その他
2023-01-11,ThiGames,The Jumping Lasagne: TURBO,-,,ETC,ThiGames,0,1,その他,その他
2023-01-12,QUByte Interactive,Breakers Collection,-,,ETC,QUByte Interactive,0,1,その他,その他
2023-01-12,ラタライカゲームス,Chasing Static,-,,ETC,ラタライカゲームス,0,1,その他,その他
2023-01-12,バンダイナムコエンターテインメント,ONE PIECE ODYSSEY（英語版）,32,YES,SPT,バンダイナムコエンターテインメント,6820_0m_4923,1,野球,その他
2023-01-12,Webnetic,The Bat Quiz,-,,ETC,Webnetic,0,1,その他,その他
2023-01-12,H2インタラクティブ,ガーディアンの逆襲：ムーンライダー,-,,ETC,H2インタラクティブ,0,1,その他,その他
2023-01-12,バンダイナムコエンターテインメント,ドラゴンボールZ カカロット,-,YES,ETC,バンダイナムコエンターテインメント,0,1,その他,その他
2023-01-13,コーラス・ワールドワイド,ダンジョンマンチーズ,31,,ARPG,コーラス・ワールドワイド,0,1,アクションRPG,その他
2023-01-15,ThiGames,The Jumping Salad: TURBO,-,,ETC,ThiGames,0,1,その他,その他
2023-01-16,ThiGames,The Jumping Ice Cream,-,,ETC,ThiGames,0,1,その他,その他
2023-01-17,ラタライカゲームス,Mrs.Cat Between Worlds,-,,ETC,ラタライカゲームス,0,1,その他,その他
2023-01-17,ソニー・インタラクティブエンタテインメント,みんなのGOLF2,-,,ETC,ソニー・インタラクティブエンタテインメント,0,1,その他,その他
2023-01-17,ソニー・インタラクティブエンタテインメント,スター・ウォーズ DEMOLITION（英語版）,32,,SPT,ソニー・インタラクティブエンタテインメント,6820_0m_4923,1,野球,その他
2023-01-18,JKM Corp,Shadow Gangs（英語版）,32,,SPT,JKM Corp,6820_0m_4923,1,野球,その他
2023-01-18,ThiGames,The Jumping Ice Cream: TURBO,-,,ETC,ThiGames,0,1,その他,その他
2023-01-18,Eastasiasoft,Wings of Bluestar,-,,ETC,Eastasiasoft,0,1,その他,その他
2023-01-19,コーラス・ワールドワイド,A Space for the Unbound 心に咲く花（英語版）,32,YES,SPT,コーラス・ワールドワイド,6820_0m_4923,1,野球,その他
2023-01-19,Cygnus Entertainment,Colossal Cave,-,,ETC,Cygnus Entertainment,0,1,その他,その他
2023-01-19,Sanuk,Graze Counter GM,-,,ETC,Sanuk,0,1,その他,その他
2023-01-19,ネオトロ,NeverAwake,34,,ASHT,ネオトロ,0,1,アクションシューティング,その他
2023-01-20,Webnetic,The Dog Quiz,-,,ETC,Webnetic,0,1,その他,その他
2023-01-20,ThiGames,The Jumping Chocolate,-,,ETC,ThiGames,0,1,その他,その他
2023-01-20,ラタライカゲームス,Trenches（英語版）,32,,SPT,ラタライカゲームス,6820_0m_4923,1,野球,その他
2023-01-20,Game Achievements,ストローク・ザ・ホース,-,,ETC,Game Achievements,0,1,その他,その他
2023-01-20,カプコン,モンスターハンターライズ,38,,ACT,カプコン,0,1,ハンティングアクション,その他
2023-01-21,ThiGames,Quiz Thiz France: Silver Editon,-,,ETC,ThiGames,0,1,その他,その他
2023-01-22,ThiGames,The Jumping Chocolate: TURBO,-,,ETC,ThiGames,0,1,その他,その他
2023-01-22,Webnetic,The Zebra Z,-,,ETC,Webnetic,0,1,その他,その他
2023-01-24,スクウェア・エニックス,FORSPOKEN,35,YES,ARPG,スクウェア・エニックス,0,1,アクションRPG,その他
2023-01-25,Ocean Media,Shipwreck Escape,-,,ETC,Ocean Media,0,1,その他,その他
2023-01-25,ラタライカゲームス,Sissa's Path,-,,ETC,ラタライカゲームス,0,1,その他,その他
2023-01-26,Ravenscourt（英語版）,Goat Simulator 3（英語版）,32,YES,SPT,Ravenscourt（英語版）,6820_0m_4923,1,野球,その他
2023-01-26,IO Interactive（英語版）,HITMAN World of Assassination,-,,ETC,IO Interactive（英語版）,0,1,その他,その他
2023-01-26,11 bit studios,South of the Circle（英語版）,32,,SPT,11 bit studios,6820_0m_4923,1,野球,その他
2023-01-26,Webnetic,The Dino R,-,,ETC,Webnetic,0,1,その他,その他
2023-01-26,Starsign,タイタンピンボール,-,,ETC,Starsign,0,1,その他,その他
2023-01-26,アークシステムワークス,モンスターボーイ 呪われた王国（英語版）,32,,ARPG,アークシステムワークス,0,1,アクションRPG,その他
2023-01-26,日本一ソフトウェア,魔界戦記ディスガイア7,32,YES,SRPG,日本一ソフトウェア,0,1,史上最凶のシミュレーションRPG,その他
2023-01-27,Microids（英語版）,Syberia - The World Before（英語版）,32,,SPT,Microids（英語版）,6820_0m_4923,1,野球,その他
2023-01-27,ThiGames,The Jumping Onigiri,-,,ETC,ThiGames,0,1,その他,その他
2023-01-27,ラタライカゲームス,不思議の国の夜：白ウサギの日記,-,,ETC,ラタライカゲームス,0,1,その他,その他
2023-01-28,ThiGames,Quiz Thiz France: Gold Editon,-,,ETC,ThiGames,0,1,その他,その他
2023-01-28,Zakym,Rocketio 2,-,,ETC,Zakym,0,1,その他,その他
2023-01-29,ThiGames,The Jumping Onigiri: TURBO,-,,ETC,ThiGames,0,1,その他,その他
2023-01-30,All in! Games（英語版）,Backfirewall_,-,,ETC,All in! Games（英語版）,0,1,その他,その他
2023-01-30,Neon Doctrine,添丁の伝説,-,,ETC,Neon Doctrine,0,1,その他,その他
2023-01-31,Zakym,Mermaidio 2,-,,ETC,Zakym,0,1,その他,その他
2023-01-31,スクウェア・エニックス,PowerWash Simulator,-,,ETC,スクウェア・エニックス,0,1,その他,その他
2023-01-31,Total Mayhem Games,We Were Here Forever（英語版）,32,,SPT,Total Mayhem Games,6820_0m_4923,1,野球,その他
2023-01-31,Indie Remix Studios,アストロ＆スージー、ビーチへ行く,-,,ETC,Indie Remix Studios,0,1,その他,その他
2023-01-31,Covalent Media,シーズン 〜未来への手紙〜（英語版）,-,,ETC,Covalent Media,0,1,その他,その他
2023-02-01,Truant Pixel,2MD: VR Football Unleashed ALL☆STAR,-,,ETC,Truant Pixel,0,1,その他,その他
2023-02-01,Zakym,Beveron,-,,ETC,Zakym,0,1,その他,その他
2023-02-01,Covalent Media,SEASON: A letter to the future（英語版）,32,,SPT,Covalent Media,6820_0m_4923,1,野球,その他
2023-02-01,Shin'en Multimedia,The Touryst（英語版）,32,,SPT,Shin'en Multimedia,6820_0m_4923,1,野球,その他
2023-02-02,Volkov Konstantin Sergeevich,A Matter of Principle,-,,ETC,Volkov Konstantin Sergeevich,0,1,その他,その他
2023-02-02,tinyBuild,Rhythm Sprout,-,,ETC,tinyBuild,0,1,その他,その他
2023-02-02,Mindscape（英語版）,ライフ・イン・ウィローデール：ファーム・アドベンチャー,-,,ETC,Mindscape（英語版）,0,1,その他,その他
2023-02-02,Shanghai Xingqi Network Technology,勇者よ急げ！Brave's Rage,31,,ACT,Shanghai Xingqi Network Technology,0,1,ローグライクアクション,その他
2023-02-03,Clockwork Origins,Elemental War,-,,ETC,Clockwork Origins,0,1,その他,その他
2023-02-03,ThiGames,Mr. Hibbl,-,,ETC,ThiGames,0,1,その他,その他
2023-02-03,ラタライカゲームス,Pets at Work,-,,ETC,ラタライカゲームス,0,1,その他,その他
2023-02-03,ケムコ,キングズディセント,-,,ETC,ケムコ,0,1,その他,その他
2023-02-03,Frontier Developments,デリバー アス マーズ（英語版）,-,,ETC,Frontier Developments,0,1,その他,その他
2023-02-04,ThiGames,Quiz Thiz Spain,-,,ETC,ThiGames,0,1,その他,その他
2023-02-04,Soft Source,海賊コード：管理者版,-,,ETC,Soft Source,0,1,その他,その他
2023-02-05,Zakym,Cario 2,-,,ETC,Zakym,0,1,その他,その他
2023-02-05,Starsign,パーティBINGO,-,,ETC,Starsign,0,1,その他,その他
2023-02-06,ThiGames,The Jumping Chicken Wings,-,,ETC,ThiGames,0,1,その他,その他
2023-02-06,Distractionware,だいしーだんじょんず（英語版）,-,,ETC,Distractionware,0,1,その他,その他
2023-02-07,ワーナー・ブラザース・インタラクティブ・エンターテイメント（英語版）,ホグワーツ・レガシー デラックスエディション,-,YES,ETC,ワーナー・ブラザース・インタラクティブ・エンターテイメント（英語版）,0,1,その他,その他
2023-02-08,ThiGames,The Jumping Chicken Wings: TURBO,-,,ETC,ThiGames,0,1,その他,その他
2023-02-08,Eastasiasoft,The Redress of Mira,-,,ETC,Eastasiasoft,0,1,その他,その他
2023-02-09,Phoenixx,Potion Permit（英語版）,32,,SPT,Phoenixx,6820_0m_4923,1,野球,その他
2023-02-09,ガルドラ・スタジオ,アルカディア・フォールン,-,,ETC,ガルドラ・スタジオ,0,1,その他,その他
2023-02-10,Soft Source,DreadOut 2（英語版）,32,,SPT,Soft Source,6820_0m_4923,1,野球,その他
2023-02-10,WildSphere,Oxide Room 104,-,,ETC,WildSphere,0,1,その他,その他
2023-02-10,ラタライカゲームス,ゴー・ゴー・ポーゴー・ガール,-,,ETC,ラタライカゲームス,0,1,その他,その他
2023-02-14,Kitfox Games（英語版）,Boyfriend Dungeon（英語版）,32,,SPT,Kitfox Games（英語版）,6820_0m_4923,1,野球,その他
2023-02-14,H2インタラクティブ,Journey To The Savage Planet（英語版）: Employee Of The Month,32,,SPT,H2インタラクティブ,6820_0m_4923,1,野球,その他
2023-02-14,Shanghai Xingqi Network Technology,ソウル オブ クロノス,-,,ETC,Shanghai Xingqi Network Technology,0,1,その他,その他
2023-02-15,ラタライカゲームス,Pocket Witch,-,,ETC,ラタライカゲームス,0,1,その他,その他
2023-02-16,オーイズミ・アミュージオ,In Sound Mind,31,YES,ADV,オーイズミ・アミュージオ,0,1,ホラーアドベンチャー,その他
2023-02-17,ラタライカゲームス,CyberHeroes Arena DX,-,,ETC,ラタライカゲームス,0,1,その他,その他
2023-02-17,Devolver Digital,Shadow Warrior 3（英語版）: Definitive Edition,32,,SPT,Devolver Digital,6820_0m_4923,1,野球,その他
2023-02-17,エレクトロニック・アーツ,WILD HEARTS（英語版）,32,YES,SPT,エレクトロニック・アーツ,6820_0m_4923,1,野球,その他
2023-02-18,The Voices Games,Violetti Goottii,-,,ETC,The Voices Games,0,1,その他,その他
2023-02-21,Soedesco（英語版）,Seven Doors,-,,ETC,Soedesco（英語版）,0,1,その他,その他
2023-02-21,ソニー・インタラクティブエンタテインメント,レジェンド・オブ・ドラグーン,-,,ETC,ソニー・インタラクティブエンタテインメント,0,1,その他,その他
2023-02-21,ソニー・インタラクティブエンタテインメント,ワイルドアームズ 2ndイグニッション,-,,ETC,ソニー・インタラクティブエンタテインメント,0,1,その他,その他
2023-02-21,マーベラス,牧場物語 ハーベストムーン,-,,ETC,マーベラス,0,1,その他,その他
2023-02-22,Thirdverse,ALTAIR BREAKER,-,,ETC,Thirdverse,0,1,その他,その他
2023-02-22,Vertigo Games,After the Fall,-,,ETC,Vertigo Games,0,1,その他,その他
2023-02-22,Mekiwi Oy,Cave Digger 2: Dig Harder,-,,ETC,Mekiwi Oy,0,1,その他,その他
2023-02-22,Fast Travel Games（英語版）,Cities: VR,-,,ETC,Fast Travel Games（英語版）,0,1,その他,その他
2023-02-22,Owlchemy Labs（英語版）,Cosmonious High（英語版）,32,,SPT,Owlchemy Labs（英語版）,6820_0m_4923,1,野球,その他
2023-02-22,MyDearest,DYSCHRONIA: Chronos Alternate,-,,ETC,MyDearest,0,1,その他,その他
2023-02-22,Garage51 Entertainment,Drums Rock,-,,ETC,Garage51 Entertainment,0,1,その他,その他
2023-02-22,ソニー・インタラクティブエンタテインメント,Horizon Call of the Mountain（英語版）,32,,SPT,ソニー・インタラクティブエンタテインメント,6820_0m_4923,1,野球,その他
2023-02-22,Owlchemy Labs（英語版）,Job Simulator（英語版）,30,,SLG,Owlchemy Labs（英語版）,6820_0m_4923,1,シミュレーション,その他
2023-02-22,Coatsink Software,Jurassic World Aftermath（英語版）,32,,SPT,Coatsink Software,6820_0m_4923,1,野球,その他
2023-02-22,Better Than Life B.V.,Kayak VR: Mirage（英語版）,32,,SPT,Better Than Life B.V.,6820_0m_4923,1,野球,その他
2023-02-22,ジェムドロップ,Kizuna AI - Touch the Beat!,-,,ETC,ジェムドロップ,0,1,その他,その他
2023-02-22,Polyarc,Moss:第2巻（英語版）,32,,SPT,Polyarc,6820_0m_4923,1,野球,その他
2023-02-22,Polyarc（英語版）,Moss（英語版）,32,,SPT,Polyarc（英語版）,6820_0m_4923,1,野球,その他
2023-02-22,Cloudhead Games,Pistol Whip,-,,ETC,Cloudhead Games,0,1,その他,その他
2023-02-22,Realities.io,Puzzling Places,-,,ETC,Realities.io,0,1,その他,その他
2023-02-22,Wanadev Eurl,Ragnarock,-,,ETC,Wanadev Eurl,0,1,その他,その他
2023-02-22,KR Games,Remoteness,-,,ETC,KR Games,0,1,その他,その他
2023-02-22,Enhance Games,Rez Infinite,35,,ASHT,Enhance Games,0,1,共感覚シューティング,その他
2023-02-22,17-BIT,Song in the Smoke Rekindled,-,,ETC,17-BIT,0,1,その他,その他
2023-02-22,The Yogscast（英語版）,Startenders: 銀河系バーテンダー,-,,ETC,The Yogscast（英語版）,0,1,その他,その他
2023-02-22,Sinn Studio,Swordsman VR,-,,ETC,Sinn Studio,0,1,その他,その他
2023-02-22,Drool,THUMPER リズム・バイオレンスゲーム（英語版）,31,,音,Drool,0,1,リズムアクション,その他
2023-02-22,Devolver Digital,Tentacular（英語版）,32,,SPT,Devolver Digital,6820_0m_4923,1,野球,その他
2023-02-22,Enhance Games,Tetris Effect: Connected,-,YES,ETC,Enhance Games,0,1,その他,その他
2023-02-22,Funktronic Labs（英語版）,The Light Brigade,-,,ETC,Funktronic Labs（英語版）,0,1,その他,その他
2023-02-22,HandyGames（英語版）,Townsmen VR（英語版）,32,,SPT,HandyGames（英語版）,6820_0m_4923,1,野球,その他
2023-02-22,Vertigo Games,Unplugged - Air Guitar,-,,ETC,Vertigo Games,0,1,その他,その他
2023-02-22,Triband Production,WHAT THE BAT?,-,,ETC,Triband Production,0,1,その他,その他
2023-02-22,Thirdverse,X8,-,,ETC,Thirdverse,0,1,その他,その他
2023-02-22,TribeXR,Zenith: The Last City（英語版）,32,,SPT,TribeXR,6820_0m_4923,1,野球,その他
2023-02-22,あまた,オノゴロ物語 ～The Tale of Onogoro～,-,,ETC,あまた,0,1,その他,その他
2023-02-22,Pontoco,ザ ラスト クロックワインダー,-,,ETC,Pontoco,0,1,その他,その他
2023-02-22,ディズニー・インタラクティブ,スター・ウォーズ：テールズ・フロム・ザ・ギャラクシーズ・エッジ（英語版）,-,,ETC,ディズニー・インタラクティブ,0,1,その他,その他
2023-02-22,Resolution Games,デメオ: ダンジョン アドベンチャー（英語版）,-,,ETC,Resolution Games,0,1,その他,その他
2023-02-22,コスモマキアー,ファンタビジョン202X,-,YES,ETC,コスモマキアー,0,1,その他,その他
2023-02-22,セガ,龍が如く 維新! 極,34,YES,AADV,セガ,5828_0m_3658n,1,アクションアドベンチャー,その他
2023-02-23,Nacon,Blood Bowl 3（英語版）,32,,SPT,Nacon,6820_0m_4923,1,野球,その他
2023-02-23,Dovetail Games（英語版）,CATAN - コンソール・エディション,-,,ETC,Dovetail Games（英語版）,0,1,その他,その他
2023-02-23,インティ・クリエイツ,Grim Guardians: Demon Purge,-,YES,ETC,インティ・クリエイツ,0,1,その他,その他
2023-02-23,Kalypso Media Japan,トルトゥーガ パイレーツ テイル,-,YES,ETC,Kalypso Media Japan,0,1,その他,その他
2023-02-23,MOSS,雷電III×MIKADO MANIAX,-,YES,ETC,MOSS,0,1,その他,その他
2023-02-24,ラタライカゲームス,Lootbox Lyfe+,-,,ETC,ラタライカゲームス,0,1,その他,その他
2023-02-24,スクウェア・エニックス,OCTOPATH TRAVELER II,-,YES,ETC,スクウェア・エニックス,0,1,その他,その他
2023-02-28,Koch Media（英語版）,Scars Above（英語版）,32,YES,SPT,Koch Media（英語版）,6820_0m_4923,1,野球,その他
2023-02-28,Somequest,キューティー ハック - 写真を盗られちゃった！,-,,ETC,Somequest,0,1,その他,その他
2023-03-01,カウキャット・ゲームズ,BROK the InvestiGator 名探偵ブロクと秘密の依頼,-,,ETC,カウキャット・ゲームズ,0,1,その他,その他
2023-03-01,Plug In Digital,Lethis - Path of Progress,-,,ETC,Plug In Digital,0,1,その他,その他
2023-03-01,Marker Games,Right and Down,-,,ETC,Marker Games,0,1,その他,その他
2023-03-02,Eastasiasoft,Pretty Girls Breakers! PLUS,-,,ETC,Eastasiasoft,0,1,その他,その他
2023-03-03,Fellow Traveller,No Longer Home（英語版）,32,,SPT,Fellow Traveller,6820_0m_4923,1,野球,その他
2023-03-03,コーエーテクモゲームス,Wo Long: Fallen Dynasty,36,YES,ARPG,コーエーテクモゲームス,5800_0m_3630n,1,ダーク三國アクションRPG,その他
2023-03-03,Eastasiasoft,ファイト＆レイジ,31,,ACT,Eastasiasoft,0,1,ベルトスクロールアクション,その他
2023-03-03,ライアットゲームズ,ルインドキング：リーグ・オブ・レジェンド ストーリー（英語版）,-,,ETC,ライアットゲームズ,0,1,その他,その他
2023-03-03,ケムコ,笑顔の錬金術師,30,,SLG,ケムコ,0,1,錬金術シミュレーション,その他
2023-03-07,テイクツー・インタラクティブ,The Outer Worlds: スペーサーズチョイス エディション,-,,ETC,テイクツー・インタラクティブ,0,1,その他,その他
2023-03-08,Eastasiasoft,Cions of Vega,-,,ETC,Eastasiasoft,0,1,その他,その他
2023-03-08,505 Games,Rogue Spirit,-,,ETC,505 Games,0,1,その他,その他
2023-03-09,アタリ,Caverns of Mars: Recharged,-,,ETC,アタリ,0,1,その他,その他
2023-03-09,Nacon,Clash: Artifacts of Chaos（英語版）,32,,SPT,Nacon,6820_0m_4923,1,野球,その他
2023-03-09,Eastasiasoft,Gunborg: Dark Matters,30,,AADV,Eastasiasoft,0,1,アクションアドベンチャー,その他
2023-03-09,Beep Japan,Melon Journey: Bittersweet Memories,-,YES,ETC,Beep Japan,0,1,その他,その他
2023-03-09,マイルストーン,Monster Energy Supercross - The Official Videogame 6（英語版）,32,,SPT,マイルストーン,6820_0m_4923,1,野球,その他
2023-03-09,クラウディッドレパードエンタテインメント（中国語版）,ONI - 空と風の哀歌,30,YES,ACT,クラウディッドレパードエンタテインメント（中国語版）,0,1,3Dアクション,その他
2023-03-09,The Arcade Crew,The Last Spell（英語版）,32,,SPT,The Arcade Crew,6820_0m_4923,1,野球,その他
2023-03-09,Wired Productions（英語版）,Tiny Troopers: Global Ops,-,YES,ETC,Wired Productions（英語版）,0,1,その他,その他
2023-03-09,コーエーテクモゲームス,零 ～月蝕の仮面～,-,,ETC,コーエーテクモゲームス,6182_0m_4012,1,その他,その他
2023-03-10,Skybound Games（英語版）,Before Your Eyes（英語版）,32,,SPT,Skybound Games（英語版）,6820_0m_4923,1,野球,その他
2023-03-10,ラタライカゲームス,EvilUP,-,,ETC,ラタライカゲームス,0,1,その他,その他
2023-03-10,Bedtime Digital Games,Figment 2: Creed Valley,32,,ADV,Bedtime Digital Games,0,1,パズルアドベンチャー,その他
2023-03-10,Gamuzumi,Mythology Waifus Mahjong,-,,ETC,Gamuzumi,0,1,その他,その他
2023-03-10,Koch Media,異夢迷都 果てなき螺旋,-,YES,ETC,Koch Media,0,1,その他,その他
2023-03-13,Gammera Nest Sl,Insomnis Long Night,-,,ETC,Gammera Nest Sl,0,1,その他,その他
2023-03-13,Koch Media（英語版）,Mount & Blade II: Bannerlord - Digital Deluxe,-,,ETC,Koch Media（英語版）,0,1,その他,その他
2023-03-15,Eastasiasoft,Tricky Thief,-,,ETC,Eastasiasoft,0,1,その他,その他
2023-03-15,Plug In Digital,ヴァーナルエッジ,-,,ETC,Plug In Digital,0,1,その他,その他
2023-03-16,オーイズミ・アミュージオ,Dawn of the Monsters（英語版）,32,YES,SPT,オーイズミ・アミュージオ,6820_0m_4923,1,野球,その他
2023-03-16,United Games Entertainment GmbH,Jitsu Squad,31,,ACT,United Games Entertainment GmbH,0,1,ベルトスクロールアクション,その他
2023-03-16,スーパーマッシブゲームズ,The Dark Pictures: Switchback VR,-,,ETC,スーパーマッシブゲームズ,0,1,その他,その他
2023-03-16,Eastasiasoft,Zapling Bygone,-,,ETC,Eastasiasoft,0,1,その他,その他
2023-03-16,ユービーアイソフト,アノ1800（英語版）,32,YES,SPT,ユービーアイソフト,6820_0m_4923,1,野球,その他
2023-03-16,ユービーアイソフト,バックビート,30,,音,ユービーアイソフト,0,1,音楽ストラテジーパズル,その他
2023-03-17,Devolver Digital,McPixel 3,-,,ETC,Devolver Digital,0,1,その他,その他
2023-03-17,Mekiwi Oy,Seeker: My Shadow,-,,ETC,Mekiwi Oy,0,1,その他,その他
2023-03-17,ラタライカゲームス,The Guise,-,,ETC,ラタライカゲームス,0,1,その他,その他
2023-03-17,テイクツー・インタラクティブ,WWE 2K23（英語版） 両世代機対応デジタル エディション,32,,SPT,テイクツー・インタラクティブ,6820_0m_4923,1,野球,その他
2023-03-21,バンダイナムコエンターテインメント,R4 -RIDGE RACER TYPE 4-,-,,ETC,バンダイナムコエンターテインメント,0,1,その他,その他
2023-03-21,Awaceb,Tchia（英語版）,32,,SPT,Awaceb,6820_0m_4923,1,野球,その他
2023-03-21,ソニー・インタラクティブエンタテインメント,ピポサルアカデミ〜ア2 - あいあいサルゲ〜ジャンケンバトル! -,-,,ETC,ソニー・インタラクティブエンタテインメント,0,1,その他,その他
2023-03-22,Tripwire Interactive,Deceive Inc.,-,,ETC,Tripwire Interactive,0,1,その他,その他
2023-03-23,Soft Source,Apsulov: End of Gods,-,,ETC,Soft Source,0,1,その他,その他
2023-03-23,あまた,Last Labyrinth,31,,ADV,あまた,0,1,VR脱出アドベンチャー,その他
2023-03-23,グランゼーラ,R-TYPE FINAL 3 EVOLVED（英語版）,32,YES,SPT,グランゼーラ,6820_0m_4923,1,野球,その他
2023-03-23,Volkov Konstantin Sergeevich,Sister,-,,ETC,Volkov Konstantin Sergeevich,0,1,その他,その他
2023-03-23,コーエーテクモゲームス,ライザのアトリエ3 〜終わりの錬金術士と秘密の鍵〜,34,YES,RPG,コーエーテクモゲームス,6198_0m_4028,1,錬金術RPG,その他
2023-03-24,ラタライカゲームス,Steel Defier,-,,ETC,ラタライカゲームス,0,1,その他,その他
2023-03-24,Ripples Asia Venture,The Crown of Wu,-,,ETC,Ripples Asia Venture,0,1,その他,その他
2023-03-24,カプコン,バイオハザード RE:4,37,YES,ETC,カプコン,6083_0m_3913,1,サバイバルホラー,その他
2023-03-25,Naked Monkey,Galaxy Kart,-,,ETC,Naked Monkey,0,1,その他,その他
2023-03-28,ソニー・インタラクティブエンタテインメント,MLB The Show 23（英語版）,30,YES,SPT,ソニー・インタラクティブエンタテインメント,6820_0m_4923,1,メジャーリーグベースボール,その他
2023-03-29,Eastasiasoft,RunBean Galactic,-,,ETC,Eastasiasoft,0,1,その他,その他
2023-03-30,JanduSoft,Dashing Orange,-,,ETC,JanduSoft,0,1,その他,その他
2023-03-30,Ravenscourt（英語版）,The Chant,30,YES,ADV,Ravenscourt（英語版）,0,1,ホラーアドベンチャー,その他
2023-03-30,WIRED PRODUCTIONS,The Last Worker,-,,ETC,WIRED PRODUCTIONS,0,1,その他,その他
2023-03-30,コーエーテクモゲームス,ウイニングポスト10,33,YES,SLG,コーエーテクモゲームス,6203_0m_4033,1,競馬シミュレーション,その他
2023-03-30,ハピネット,シリアルクリーナーズ,32,,ACT,ハピネット,0,1,クライムアクション,その他
2023-03-30,Game Source Entertainment,ミスト探偵,31,YES,ADV,Game Source Entertainment,0,1,推理アドベンチャー,その他
2023-03-31,ラタライカゲームス,Billy 101,-,,ETC,ラタライカゲームス,0,1,その他,その他
2023-03-31,PM Studios,Blade Assault,-,,ETC,PM Studios,0,1,その他,その他
2023-03-31,Devolver Digital,GORN（英語版）,32,,SPT,Devolver Digital,6820_0m_4923,1,野球,その他
2023-04-03,Odders Lab,LES MILLS BODYCOMBAT,-,,ETC,Odders Lab,0,1,その他,その他
2023-04-04,Atari,Atari Mania,-,,ETC,Atari,0,1,その他,その他
2023-04-04,Survios（英語版）,Creed: Rise to Glory（英語版） - Championship Edition,32,,SPT,Survios（英語版）,6820_0m_4923,1,野球,その他
2023-04-04,Behaviour Digital,Meet Your Maker（英語版）,32,,SPT,Behaviour Digital,6820_0m_4923,1,野球,その他
2023-04-04,Ravenscourt（英語版）,Road 96: Mile 0（英語版）,32,,SPT,Ravenscourt（英語版）,6820_0m_4923,1,野球,その他
2023-04-06,FusionPlay GmbH,Across the Valley,-,,ETC,FusionPlay GmbH,0,1,その他,その他
2023-04-06,Phoenixx,Curse of the Sea Rats,-,,ETC,Phoenixx,0,1,その他,その他
2023-04-06,Beep Japan,Hell Pie,-,,ETC,Beep Japan,0,1,その他,その他
2023-04-06,Eastasiasoft,Pretty Girls Tile Match,-,,ETC,Eastasiasoft,0,1,その他,その他
2023-04-06,Neon Doctrine,The Library of Babel,-,,ETC,Neon Doctrine,0,1,その他,その他
2023-04-06,PLAYISM,溶鉄のマルフーシャ,30,,RTS,PLAYISM,0,1,タワーディフェンス,その他
2023-04-07,ラタライカゲームス,Bumballon,-,,ETC,ラタライカゲームス,0,1,その他,その他
2023-04-07,エレクトロニック・アーツ,EA SPORTS PGA TOUR（英語版）,32,,SPT,エレクトロニック・アーツ,6820_0m_4923,1,野球,その他
2023-04-11,Frogwares（英語版）,Sherlock Holmes: The Awakened（英語版）,32,,SPT,Frogwares（英語版）,6820_0m_4923,1,野球,その他
2023-04-12,Eastasiasoft,Hyper-5,-,,ETC,Eastasiasoft,0,1,その他,その他
2023-04-13,Beep Japan,Atomic Heart,30,YES,ARPG,Beep Japan,6206_0m_4036,1,アクションRPG,その他
2023-04-13,3goo,Chef Life: A Restaurant Simulator,-,,ETC,3goo,0,1,その他,その他
2023-04-13,Joindots GmbH,Rubberduck Wave Racer,-,,ETC,Joindots GmbH,0,1,その他,その他
2023-04-13,United Games Entertainment GmbH,キャノンダンサー Osman,-,,ETC,United Games Entertainment GmbH,0,1,その他,その他
2023-04-14,HandyGames,DE-EXIT - Eternal Matters,-,,ETC,HandyGames,0,1,その他,その他
2023-04-14,ラタライカゲームス,Ultra Pixel Survive,-,,ETC,ラタライカゲームス,0,1,その他,その他
2023-04-18,Maximum Games（英語版）,God of Rock,-,,ETC,Maximum Games（英語版）,0,1,その他,その他
2023-04-18,Bohemia Interactive,Someday You'll Return（英語版）: Director's Cut,32,,SPT,Bohemia Interactive,6820_0m_4923,1,野球,その他
2023-04-18,ゲームロフト,ディズニー スピードストーム（英語版）,-,,ETC,ゲームロフト,0,1,その他,その他
2023-04-19,Eastasiasoft,Ayre and the Crystal Comet,-,,ETC,Eastasiasoft,0,1,その他,その他
2023-04-19,Xbox Game Studios,Minecraft Legends,31,YES,ACT,Xbox Game Studios,0,1,アクションストラテジー,その他
2023-04-19,Firestoke Games,プラネット・キューブ：エッジ,-,,ETC,Firestoke Games,0,1,その他,その他
2023-04-19,ライドオンジャパン,マーセナリーズラメント 銀狼と巫女を廻る七つ星,-,,ETC,ライドオンジャパン,0,1,その他,その他
2023-04-19,ライアットゲームズ,メイジシーカー: リーグ・オブ・レジェンド ストーリー,-,,ETC,ライアットゲームズ,0,1,その他,その他
2023-04-20,H2インタラクティブ,Teslagrad 2,-,,ETC,H2インタラクティブ,0,1,その他,その他
2023-04-20,コーラス・ワールドワイド,コーヒートーク エピソード2：ハイビスカス＆バタフライ,31,YES,ADV,コーラス・ワールドワイド,0,1,バリスタ体験ノベル,その他
2023-04-21,ラタライカゲームス,Light of Life,-,,ETC,ラタライカゲームス,0,1,その他,その他
2023-04-21,Eastasiasoft,Moe Waifu H,-,,ETC,Eastasiasoft,0,1,その他,その他
2023-04-21,505 Games,Stray Blade,-,,ETC,505 Games,0,1,その他,その他
2023-04-21,H2インタラクティブ,Teslagrad Remastered,-,,ETC,H2インタラクティブ,0,1,その他,その他
2023-04-21,Assemble Entertainment,XEL,-,,ETC,Assemble Entertainment,0,1,その他,その他
2023-04-25,Frontier Developments,Stranded: Alien Dawn,-,,ETC,Frontier Developments,0,1,その他,その他
2023-04-25,Embers,Strayed Lights,-,,ETC,Embers,0,1,その他,その他
2023-04-25,Dovetail Games,TramSim,-,,ETC,Dovetail Games,0,1,その他,その他
2023-04-26,MoonGlass,Golden Force,-,,ETC,MoonGlass,0,1,その他,その他
2023-04-26,Evgeniy Kolpakov,Mangavania,-,,ETC,Evgeniy Kolpakov,0,1,その他,その他
2023-04-26,Eastasiasoft,Neko Rescue Tale,-,,ETC,Eastasiasoft,0,1,その他,その他
2023-04-26,Openlab,Roller Drama,-,,ETC,Openlab,0,1,その他,その他
2023-04-26,Enerton Alexandre De Castro,Superfidos,-,,ETC,Enerton Alexandre De Castro,0,1,その他,その他
2023-04-27,Eastasiasoft,A Musical Story,30,,音,Eastasiasoft,0,1,リズムアクション,その他
2023-04-27,Merge Games,Bramble The Mountain King,30,,ADV,Merge Games,0,1,ホラーアドベンチャー,その他
2023-04-27,Game Source Entertainment,DREDGE（英語版）,32,YES,SPT,Game Source Entertainment,6820_0m_4923,1,野球,その他
2023-04-27,スクウェア・エニックス,LIVE A LIVE,-,,ETC,スクウェア・エニックス,0,1,その他,その他
2023-04-27,Shin'en multimedia（英語版）,THE PUNCHUIN,-,,ETC,Shin'en multimedia（英語版）,0,1,その他,その他
2023-04-27,H2インタラクティブ,WORLD WAR Z: Aftermath,-,YES,ETC,H2インタラクティブ,6382_0m_4213,1,その他,その他
2023-04-27,H2インタラクティブ,アフターイメージ,-,YES,ETC,H2インタラクティブ,0,1,その他,その他
2023-04-28,Devolver Digital,CARRION,33,,ACT,Devolver Digital,0,1,ホラーアクション,その他
2023-04-28,ラタライカゲームス,Gematombe,-,,ETC,ラタライカゲームス,0,1,その他,その他
2023-04-28,Klabater,Tin Can,-,,ETC,Klabater,0,1,その他,その他
2023-04-28,ケムコ,イハナシの魔女,-,,ETC,ケムコ,0,1,その他,その他
2023-04-28,エレクトロニック・アーツ,スター・ウォーズ ジェダイ:サバイバー,-,YES,ETC,エレクトロニック・アーツ,0,1,その他,その他
2023-04-28,コーラス・ワールドワイド,モスメン 1966,-,,ETC,コーラス・ワールドワイド,0,1,その他,その他
2023-04-28,カプコン,モンスターハンターライズ：サンブレイク,38,,ACT,カプコン,0,1,ハンティングアクション,その他
2023-04-28,コーラス・ワールドワイド,ヴァーニーレイク,-,,ETC,コーラス・ワールドワイド,0,1,その他,その他
2023-05-02,Odyssey Interactive,Omega Strikers（英語版）,32,,SPT,Odyssey Interactive,6820_0m_4923,1,野球,その他
2023-05-03,パラドックスインタラクティブ,Age of Wonders 4,-,,ETC,パラドックスインタラクティブ,0,1,その他,その他
2023-05-03,Marker Games,Between Time: Escape Room,-,,ETC,Marker Games,0,1,その他,その他
2023-05-03,Eastasiasoft,Color Pals,-,,ETC,Eastasiasoft,0,1,その他,その他
2023-05-03,Evgeniy Kolpakov,Weeping Willow,-,,ETC,Evgeniy Kolpakov,0,1,その他,その他
2023-05-04,Nacon,AFL 23（英語版）,32,,SPT,Nacon,6820_0m_4923,1,野球,その他
2023-05-04,ソニー・インタラクティブエンタテインメント,Marvel's Spider-Man Remastered,-,,ETC,ソニー・インタラクティブエンタテインメント,1794_0m_1222,1,その他,その他
2023-05-05,Soft Source,Clive 'N' Wrench,-,,ETC,Soft Source,0,1,その他,その他
2023-05-08,あまた,Organ Quarter,-,,ETC,あまた,0,1,その他,その他
2023-05-09,Devolver Digital,Weird West（英語版）: Definitive Edition,32,,SPT,Devolver Digital,6820_0m_4923,1,野球,その他
2023-05-10,Evgeniy Kolpakov,Boss Rush: Mythology,-,,ETC,Evgeniy Kolpakov,0,1,その他,その他
2023-05-11,Joindots GmbH,3D MiniGolf,-,,ETC,Joindots GmbH,0,1,その他,その他
2023-05-11,Perpetual Europe,Death or Treat,-,,ETC,Perpetual Europe,0,1,その他,その他
2023-05-11,Toplitz Productions,Garden Simulator,-,,ETC,Toplitz Productions,0,1,その他,その他
2023-05-11,Klabater,Legend of Keepers: Career of a Dungeon Manager,-,,ETC,Klabater,0,1,その他,その他
2023-05-11,Artax Games,MathLand - マスランド,-,,ETC,Artax Games,0,1,その他,その他
2023-05-11,Eastasiasoft,Pretty Girls 2048 Strike,-,,ETC,Eastasiasoft,0,1,その他,その他
2023-05-11,Binary Haze Interactive,リデンプションリーパーズ,31,,SRPG,Binary Haze Interactive,0,1,シミュレーションRPG,その他
2023-05-11,サイバーコネクトツー,戦場のフーガ2,33,,SRPG,サイバーコネクトツー,0,1,シミュレーションRPG,その他
2023-05-12,Vertigo Games,Another Fisherman's Tale,-,,ETC,Vertigo Games,0,1,その他,その他
2023-05-12,tinyBuild,Despot's Game: Collector's Edition,-,,ETC,tinyBuild,0,1,その他,その他
2023-05-12,Smobile,Monster Battle,-,,ETC,Smobile,0,1,その他,その他
2023-05-12,Mighty Coconut,Walkabout Mini Golf,-,,ETC,Mighty Coconut,0,1,その他,その他
2023-05-15,ユービーアイソフト,TrackMania,-,,ETC,ユービーアイソフト,0,1,その他,その他
2023-05-16,astragon Entertainment,Bus Simulator 21 Next Stop,-,,ETC,astragon Entertainment,0,1,その他,その他
2023-05-16,Enhance Games,HUMANITY,-,,ETC,Enhance Games,0,1,その他,その他
2023-05-16,Koch Media（英語版）,Warlander,31,,MMO,Koch Media（英語版）,0,1,MOBA、アクション、RPG,その他
2023-05-16,ソニー・インタラクティブエンタテインメント,パースートフォース ～大追跡～,-,,ETC,ソニー・インタラクティブエンタテインメント,0,1,その他,その他
2023-05-16,ソニー・インタラクティブエンタテインメント,ブレイドダンサー 千年の約束,-,,ETC,ソニー・インタラクティブエンタテインメント,0,1,その他,その他
2023-05-16,テイクツー・インタラクティブ,レゴ 2K ドライブ（英語版） オーサム・ライバル エディション,-,,ETC,テイクツー・インタラクティブ,0,1,その他,その他
2023-05-17,Eastasiasoft,Under the Warehouse,-,,ETC,Eastasiasoft,0,1,その他,その他
2023-05-18,Joindots GmbH,3D Billiards - Pool & Snooker,-,,ETC,Joindots GmbH,0,1,その他,その他
2023-05-18,SNEG,Chasm: The Rift（英語版）,32,,SPT,SNEG,6820_0m_4923,1,野球,その他
2023-05-18,Volkov Konstantin Sergeevich,Cubic Figures,-,,ETC,Volkov Konstantin Sergeevich,0,1,その他,その他
2023-05-18,Fabrice Breton,Demon's Tier+,-,,ETC,Fabrice Breton,0,1,その他,その他
2023-05-18,Soft Source,DreadOut 2（英語版）,32,YES,SPT,Soft Source,6820_0m_4923,1,野球,その他
2023-05-18,Feardemic,Nightmare Reaper,-,,ETC,Feardemic,0,1,その他,その他
2023-05-18,Puppet Combo（英語版）,No One Lives Under the Lighthouse,-,,ETC,Puppet Combo（英語版）,0,1,その他,その他
2023-05-18,Eastasiasoft,Red Matter 2,-,,ETC,Eastasiasoft,0,1,その他,その他
2023-05-18,Eastasiasoft,Trifox,30,,AADV,Eastasiasoft,0,1,アクションアドベンチャー,その他
2023-05-18,レイニーフロッグ,インフィニ,30,,ADV,レイニーフロッグ,0,1,パズルアドベンチャー,その他
2023-05-18,賈船,スーパートイカーズオフロード,-,,ETC,賈船,0,1,その他,その他
2023-05-18,3goo,トランスポートフィーバー2,30,YES,SLG,3goo,0,1,輸送システム経営シミュレーション,その他
2023-05-19,ラタライカゲームス,Cyber Citizen Shockman,-,,ETC,ラタライカゲームス,0,1,その他,その他
2023-05-19,Humble Games,Supraland: Six Inches Under,-,,ETC,Humble Games,0,1,その他,その他
2023-05-22,Volkov Konstantin Sergeevich,Hidden Bunny,-,,ETC,Volkov Konstantin Sergeevich,0,1,その他,その他
2023-05-23,Focus Entertainment（英語版）,"Warhammer 40,000: Boltgun（英語版）",32,,SPT,Focus Entertainment（英語版）,6820_0m_4923,1,野球,その他
2023-05-24,テイクツー・インタラクティブ,After Us（英語版）,32,,SPT,テイクツー・インタラクティブ,6820_0m_4923,1,野球,その他
2023-05-24,Hero Concept Yazilim ve Bilisim Anonim Sirketi,Mayhem Brawler,-,,ETC,Hero Concept Yazilim ve Bilisim Anonim Sirketi,0,1,その他,その他
2023-05-24,505 Games,Miasma Chronicles,-,,ETC,505 Games,0,1,その他,その他
2023-05-24,Eastasiasoft,TORINTO,-,,ETC,Eastasiasoft,0,1,その他,その他
2023-05-24,ライアットゲームズ,コンバージェンス：リーグ・オブ・レジェンド ストーリー,-,,ETC,ライアットゲームズ,0,1,その他,その他
2023-05-25,ハピネット,AWAY,-,,ETC,ハピネット,0,1,その他,その他
2023-05-25,Hyperbolic Magnetism,Beat Saber,34,,音,Hyperbolic Magnetism,0,1,リズムアクション,その他
2023-05-25,H2インタラクティブ,Bramble: The Mountain King,30,YES,ADV,H2インタラクティブ,0,1,ホラーアドベンチャー,その他
2023-05-25,Volkov Konstantin Sergeevich,Cubic Figures 2,-,,ETC,Volkov Konstantin Sergeevich,0,1,その他,その他
2023-05-25,Joindots GmbH,Dracula's Legacy Remastered,-,,ETC,Joindots GmbH,0,1,その他,その他
2023-05-25,tinyBuild,Hello Neighbor: Search and Rescue,-,,ETC,tinyBuild,0,1,その他,その他
2023-05-25,Normal VR,Nock,-,,ETC,Normal VR,0,1,その他,その他
2023-05-25,アークシステムワークス,RWBY アロウフェル,-,YES,ETC,アークシステムワークス,0,1,その他,その他
2023-05-25,ディースリー・パブリッシャー,SIMPLEシリーズG4U Vol.2 THE テーブルゲーム Deluxe Pack,-,YES,ETC,ディースリー・パブリッシャー,0,1,その他,その他
2023-05-25,Softsource,THE LEGEND OF TIANDING,-,YES,ETC,Softsource,0,1,その他,その他
2023-05-25,3goo,TT アイル オブ マン ライド オン ザ エッジ3,31,YES,SLG,3goo,0,1,リアル・バイク・シミュレーター,その他
2023-05-25,Gamuzumi,Waifu Space Conquest,-,,ETC,Gamuzumi,0,1,その他,その他
2023-05-25,オーイズミ・アミュージオ,ウォーハンマー：Chaosbane（英語版） Slayer Edition,32,YES,SPT,オーイズミ・アミュージオ,6820_0m_4923,1,野球,その他
2023-05-25,X Plus,バットボーイ,30,,AADV,X Plus,0,1,アクションアドベンチャー,その他
2023-05-26,DESTINYbit,Dice Legacy: Definitive Edition,-,,ETC,DESTINYbit,0,1,その他,その他
2023-05-26,ラタライカゲームス,REPLIKATOR,-,,ETC,ラタライカゲームス,0,1,その他,その他
2023-05-26,ケムコ,エンシェントハンター,-,,ETC,ケムコ,0,1,その他,その他
2023-05-30,セガ,Company of Heroes 3（英語版）,32,YES,SPT,セガ,6820_0m_4923,1,野球,その他
2023-05-30,Destructive Creations,Shame Legacy,-,,ETC,Destructive Creations,0,1,その他,その他
2023-05-30,Studio 8ight,Travel The Words,-,,ETC,Studio 8ight,0,1,その他,その他
2023-05-31,Eastasiasoft,LASERPITIUM,-,,ETC,Eastasiasoft,0,1,その他,その他
2023-06-01,Mekiwi Oy,Cave Digger VR,-,,ETC,Mekiwi Oy,0,1,その他,その他
2023-06-01,Rogue Games,Homebody,-,,ETC,Rogue Games,0,1,その他,その他
2023-06-01,TEAM 17 DIGITAL（英語版）,Killer Frequency,32,YES,ADV,TEAM 17 DIGITAL（英語版）,0,1,パズルアドベンチャー,その他
2023-06-01,Glass Bottom Games,SkateBIRD,-,,ETC,Glass Bottom Games,0,1,その他,その他
2023-06-01,Eastasiasoft,Skautfold: Shrouded in Sanity,-,,ETC,Eastasiasoft,0,1,その他,その他
2023-06-01,バンダイナムコエンターテインメント,みんな大好き塊魂アンコール+ 王様プチメモリー,-,YES,ETC,バンダイナムコエンターテインメント,6332_0m_4163,1,その他,その他
2023-06-01,Broken Rules Interactive Media GmbH（英語版）,テナガザル：木の向こうに,-,,ETC,Broken Rules Interactive Media GmbH（英語版）,0,1,その他,その他
2023-06-02,Smobile,Cat Ping Pong,-,,ETC,Smobile,0,1,その他,その他
2023-06-02,Gamepoch,Rhythm Planet Deluxe Edition,-,,ETC,Gamepoch,0,1,その他,その他
2023-06-02,Shanghai Game Mirror Intelligent Technology,Winter Ember,-,,ETC,Shanghai Game Mirror Intelligent Technology,0,1,その他,その他
2023-06-02,カプコン,ストリートファイター6,40,YES,FTG,カプコン,6114_0m_3944,1,対戦格闘,その他
2023-06-03,エレクトロニック・アーツ,Super Mega Baseball（英語版）,32,,SPT,エレクトロニック・アーツ,6820_0m_4923,1,野球,その他
2023-06-06,Single Step Games,BREAK STUFF VR,-,,ETC,Single Step Games,0,1,その他,その他
2023-06-06,テイクツー・インタラクティブ,NBA 2K23（英語版）,32,,SPT,テイクツー・インタラクティブ,6820_0m_4923,1,野球,その他
2023-06-06,3goo,ザ・ランブルフィッシュ2,30,,FTG,3goo,0,1,対戦格闘,その他
2023-06-06,ブリザード・エンターテイメント,ディアブロIV,37,YES,ARPG,ブリザード・エンターテイメント,6121_0m_3951n,1,アクションRPG,その他
2023-06-07,Eastasiasoft,SENSEs: Midnight,-,,ETC,Eastasiasoft,0,1,その他,その他
2023-06-07,Top Hat Studios,Toodee and Topdee,-,,ETC,Top Hat Studios,0,1,その他,その他
2023-06-08,Plaion（英語版）,MotoGP 23,32,YES,RCG,Plaion（英語版）,0,1,モータースポーツレーシング,その他
2023-06-08,H2インタラクティブ,Nocturnal,-,,ETC,H2インタラクティブ,0,1,その他,その他
2023-06-08,Nacon,Tour De France 2023,-,,ETC,Nacon,0,1,その他,その他
2023-06-09,Perpetual Europe,Greyhill Incident,-,,ETC,Perpetual Europe,0,1,その他,その他
2023-06-09,505 Games,Gunfire Reborn（英語版）,32,,SPT,505 Games,6820_0m_4923,1,野球,その他
2023-06-09,TRIPP,TRIPP: 新しい瞑想方法,-,,ETC,TRIPP,0,1,その他,その他
2023-06-09,ラタライカゲームス,キャット・ソウル,-,,ETC,ラタライカゲームス,0,1,その他,その他
2023-06-10,Atari,Atari 50: The Anniversary Celebration,-,,ETC,Atari,0,1,その他,その他
2023-06-14,Eastasiasoft,Brave Soldier - Invasion of Cyborgs,-,,ETC,Eastasiasoft,0,1,その他,その他
2023-06-14,Focus Entertainment,Dordogne,30,,ADV,Focus Entertainment,0,1,アドベンチャー,その他
2023-06-14,Soft Source,スーウン・アース・エスケープ,-,,ETC,Soft Source,0,1,その他,その他
2023-06-15,Badri Bebua,Adrian's Tale,-,,ETC,Badri Bebua,0,1,その他,その他
2023-06-15,Atari,Pixel Ripped 1978,-,,ETC,Atari,0,1,その他,その他
2023-06-15,Baltoro Games,Urban Flow,-,,ETC,Baltoro Games,0,1,その他,その他
2023-06-15,Forever Entertainment,ザ・ハウス・オブ・ザ・デッド：リメイク,-,,ETC,Forever Entertainment,0,1,その他,その他
2023-06-15,レイニーフロッグ,ザ・ハウス・オブ・ザ・デッド：リメイク Zバージョン,-,YES,ETC,レイニーフロッグ,0,1,その他,その他
2023-06-15,Shanghai Game Mirror Intelligent Technology,ブラックウィンド,-,,ETC,Shanghai Game Mirror Intelligent Technology,0,1,その他,その他
2023-06-15,Kalypso Media Japan,レイルウェイ エンパイア 2,30,YES,SLG,Kalypso Media Japan,0,1,鉄道経営シミュレーション,その他
2023-06-16,505 Games,Crime Boss: Rockay City（英語版）,32,YES,SPT,505 Games,6820_0m_4923,1,野球,その他
2023-06-16,エレクトロニック・アーツ,F1 23,35,YES,RCG,エレクトロニック・アーツ,0,1,レース,その他
2023-06-16,Bloober Team（英語版）,Layers of Fear（英語版）,32,,SPT,Bloober Team（英語版）,6820_0m_4923,1,野球,その他
2023-06-16,Puppet Combo,Stay Out of the House,-,,ETC,Puppet Combo,0,1,その他,その他
2023-06-16,Assemble Entertainment,XEL - Complete Edition,-,,ETC,Assemble Entertainment,0,1,その他,その他
2023-06-16,バンダイナムコエンターテインメント,パークビヨンド（英語版）,-,,ETC,バンダイナムコエンターテインメント,0,1,その他,その他
2023-06-20,Focus Entertainment,Aliens: Dark Descent（英語版）,32,,SPT,Focus Entertainment,6820_0m_4923,1,野球,その他
2023-06-20,ソニー・インタラクティブエンタテインメント,Coded Soul -受け継がれしイデア-,-,,ETC,ソニー・インタラクティブエンタテインメント,0,1,その他,その他
2023-06-20,ディズニー・インタラクティブ,Herc's Adventures（英語版）,32,,SPT,ディズニー・インタラクティブ,6820_0m_4923,1,野球,その他
2023-06-20,Coatsink Software,The Last Hero of Nostalgaia,-,,ETC,Coatsink Software,0,1,その他,その他
2023-06-20,TEAM 17 DIGITAL,Worms（英語版）,32,,SPT,TEAM 17 DIGITAL,6820_0m_4923,1,野球,その他
2023-06-20,アクティビジョン,クラッシュ・チーム・ランブル,-,,ETC,アクティビジョン,0,1,その他,その他
2023-06-20,Cellar Door Games,ローグ・レガシー2（英語版）,-,,ETC,Cellar Door Games,0,1,その他,その他
2023-06-22,3goo,The Lord of the Rings: Gollum（英語版）,32,YES,SPT,3goo,6820_0m_4923,1,野球,その他
2023-06-22,Schell Games（英語版）,Until You Fall（英語版）,32,,SPT,Schell Games（英語版）,6820_0m_4923,1,野球,その他
2023-06-22,スクウェア・エニックス,ファイナルファンタジーXVI,39,YES,ARPG,スクウェア・エニックス,6120_0m_3950,1,アクションRPG,その他
2023-06-22,マーベラス,牧場物語 Welcome！ワンダフルライフ,-,,ETC,マーベラス,0,1,その他,その他
2023-06-23,Starsign,9ボールポケット,-,,ETC,Starsign,0,1,その他,その他
2023-06-23,RapidEyeMovers,C-Smash VRS,-,,ETC,RapidEyeMovers,0,1,その他,その他
2023-06-23,The Quantum Astrophysicists Guild,Cozy Grove,-,,ETC,The Quantum Astrophysicists Guild,0,1,その他,その他
2023-06-23,Smobile,Donuts in Space,-,,ETC,Smobile,0,1,その他,その他
2023-06-23,Headup,Dr. Fetus' Mean Meat Machine,-,,ETC,Headup,0,1,その他,その他
2023-06-23,HONG KONG SAKURA GAME,Mirror 2,-,,ETC,HONG KONG SAKURA GAME,0,1,その他,その他
2023-06-23,Eastasiasoft,Neko Secret Homecoming Light,-,,ETC,Eastasiasoft,0,1,その他,その他
2023-06-23,tinyBuild,The Bookwalker: Thief of Tales,-,,ETC,tinyBuild,0,1,その他,その他
2023-06-27,Klabater,Moonshine Inc.,-,,ETC,Klabater,0,1,その他,その他
2023-06-27,Tunnel Vision srl,Placid Plastic Duck Simulator,-,,ETC,Tunnel Vision srl,0,1,その他,その他
2023-06-27,Shueisha Games,SOULVARS,31,,RPG,Shueisha Games,0,1,魂のデッキビルドRPG,その他
2023-06-27,ケムコ,ゾンビ・オブ・ザ・ドット,30,,RPG,ケムコ,0,1,ゾンビRPG,その他
2023-06-28,Eastasiasoft,Reverie: Sweet As Edition,-,,ETC,Eastasiasoft,0,1,その他,その他
2023-06-29,THQ Nordic,AEW：Fight Forever（英語版）,32,,SPT,THQ Nordic,6820_0m_4923,1,野球,その他
2023-06-29,H2インタラクティブ,Evil Dead: The Game（英語版）,32,YES,SPT,H2インタラクティブ,6820_0m_4923,1,野球,その他
2023-06-29,Volkov Konstantin Sergeevich,I'LL KILL HER,-,,ETC,Volkov Konstantin Sergeevich,0,1,その他,その他
2023-06-29,Gamepoch,Underdog Detective,-,,ETC,Gamepoch,0,1,その他,その他
2023-06-29,日本一ソフトウェア,シカトリス,-,YES,ETC,日本一ソフトウェア,0,1,その他,その他
2023-06-29,オーイズミ・アミュージオ,プレイグ テイル -レクイエム-,32,YES,AADV,オーイズミ・アミュージオ,0,1,アクションアドベンチャー,その他
2023-06-30,ラタライカゲームス,ChronoBreach Ultra,-,,ETC,ラタライカゲームス,0,1,その他,その他
2023-06-30,Motion Twin（英語版）,Dead Cells（英語版）,32,,SPT,Motion Twin（英語版）,6820_0m_4923,1,野球,その他
2023-06-30,PM Studios,Goodbye World,-,,ETC,PM Studios,0,1,その他,その他
2023-06-30,アンナプルナ・インタラクティブ,Mundaun（英語版）,32,,SPT,アンナプルナ・インタラクティブ,6820_0m_4923,1,野球,その他
2023-06-30,Forever Entertainment,フロントミッション ザ・ファースト：リメイク,-,,ETC,Forever Entertainment,0,1,その他,その他
2023-07-01,Skill Prepare,数学ワールドVR,-,,ETC,Skill Prepare,0,1,その他,その他
2023-07-04,Volkov Konstantin Sergeevich,Cubic Light,-,,ETC,Volkov Konstantin Sergeevich,0,1,その他,その他
2023-07-04,NDREAMS（英語版）,Synapse,-,,ETC,NDREAMS（英語版）,0,1,その他,その他
2023-07-05,Eastasiasoft,EchoBlade,-,,ETC,Eastasiasoft,0,1,その他,その他
2023-07-05,Starsign,アドベンチャーピンボールバンドル,-,,ETC,Starsign,0,1,その他,その他
2023-07-05,Starsign,スポーツピンボールバンドル,-,,ETC,Starsign,0,1,その他,その他
2023-07-06,JanduSoft,City Limits,-,,ETC,JanduSoft,0,1,その他,その他
2023-07-06,Merge Games,Necrosmith,-,,ETC,Merge Games,0,1,その他,その他
2023-07-06,HandyGames,SCARF,-,,ETC,HandyGames,0,1,その他,その他
2023-07-07,Smobile,Alien Attack,-,,ETC,Smobile,0,1,その他,その他
2023-07-07,Eastasiasoft,Feeble Light,-,,ETC,Eastasiasoft,0,1,その他,その他
2023-07-07,Tequila Works（英語版）,GYLT（英語版）,32,,SPT,Tequila Works（英語版）,6820_0m_4923,1,野球,その他
2023-07-07,ラタライカゲームス,Garlic,-,,ETC,ラタライカゲームス,0,1,その他,その他
2023-07-07,Pixel Magnet,Masternoid,-,,ETC,Pixel Magnet,0,1,その他,その他
2023-07-11,Akupara Games（英語版）,Rain World（英語版）,32,,SPT,Akupara Games（英語版）,6820_0m_4923,1,野球,その他
2023-07-11,Kluge Interactive,Synth Riders + Synthwave Essentials 3,-,,ETC,Kluge Interactive,0,1,その他,その他
2023-07-11,THQ Nordic,The Valiant,-,,ETC,THQ Nordic,0,1,その他,その他
2023-07-11,Dovetail Games,Train Sim World 3（英語版）: Southeastern Super Starter Pack,32,,SPT,Dovetail Games,6820_0m_4923,1,野球,その他
2023-07-12,Triternion,MORDHAU（英語版）,32,,SPT,Triternion,6820_0m_4923,1,野球,その他
2023-07-12,ネットフリックス,OXENFREE II: Lost Signals（英語版）,32,,SPT,ネットフリックス,6820_0m_4923,1,野球,その他
2023-07-12,Eastasiasoft,Sea Horizon,-,,ETC,Eastasiasoft,0,1,その他,その他
2023-07-13,ディースリー・パブリッシャー,Ed-0: Zombie Uprising,31,YES,ETC,ディースリー・パブリッシャー,0,1,大江戸パニックローグライク,その他
2023-07-13,EXNOA,ウォー・モングレルス,-,YES,ETC,EXNOA,0,1,その他,その他
2023-07-13,MUTAN,グーニャモンスター,-,YES,ETC,MUTAN,0,1,その他,その他
2023-07-13,コーエーテクモゲームス,マリーのアトリエ Remake ～ザールブルグの錬金術士～,30,YES,RPG,コーエーテクモゲームス,0,1,新感覚RPG,その他
2023-07-13,Binary Haze Interactive,リデンプションリーパーズ,31,YES,SRPG,Binary Haze Interactive,0,1,シミュレーションRPG,その他
2023-07-14,Volkov Konstantin Sergeevich,CubicBan,-,,ETC,Volkov Konstantin Sergeevich,0,1,その他,その他
2023-07-14,MyDearest,DYSCHRONIA: Chronos Alternate Episode III,-,,ETC,MyDearest,0,1,その他,その他
2023-07-14,NetEase Games,NARAKA: BLADEPOINT,-,,ETC,NetEase Games,0,1,その他,その他
2023-07-14,Gametry,Pure Mini Golf,-,,ETC,Gametry,0,1,その他,その他
2023-07-14,Eastasiasoft,Super Trunko Go,-,,ETC,Eastasiasoft,0,1,その他,その他
2023-07-14,Badri Bebua,The True,-,,ETC,Badri Bebua,0,1,その他,その他
2023-07-14,Roflcopter Ink,Unimime - Unicycle Madness,-,,ETC,Roflcopter Ink,0,1,その他,その他
2023-07-14,ラタライカゲームス,アルトラー・グドネス,-,,ETC,ラタライカゲームス,0,1,その他,その他
2023-07-14,カプコン,エグゾプライマル（英語版）,32,YES,ACT,カプコン,0,1,チーム対戦型マッシヴアクション,その他
2023-07-15,Gametry,Plumber Puzzles,-,,ETC,Gametry,0,1,その他,その他
2023-07-18,ソニー・インタラクティブエンタテインメント,Gravity Crash Portable（英語版）,32,,SPT,ソニー・インタラクティブエンタテインメント,6820_0m_4923,1,野球,その他
2023-07-18,ソニー・インタラクティブエンタテインメント,Twisted Metal（英語版）,32,,SPT,ソニー・インタラクティブエンタテインメント,6820_0m_4923,1,野球,その他
2023-07-19,Eastasiasoft,Agriculture,-,,ETC,Eastasiasoft,0,1,その他,その他
2023-07-19,Thunderful Publishing（英語版）,Viewfinder,-,,ETC,Thunderful Publishing（英語版）,0,1,その他,その他
2023-07-19,subSilico,スピリットハンターズ: インフィニットホード,-,,ETC,subSilico,0,1,その他,その他
2023-07-20,Dovetail Games（英語版）,CATAN - コンソール・エディションスーパーデラックス,-,,ETC,Dovetail Games（英語版）,0,1,その他,その他
2023-07-20,オーイズミ・アミュージオ,Evil West（英語版）,32,,SPT,オーイズミ・アミュージオ,6820_0m_4923,1,野球,その他
2023-07-20,Volkov Konstantin Sergeevich,MetaDude,-,,ETC,Volkov Konstantin Sergeevich,0,1,その他,その他
2023-07-20,Eastasiasoft,The Creepy Syndrome,-,,ETC,Eastasiasoft,0,1,その他,その他
2023-07-20,Grimorio of Games,Whispike Survivors - Sword of the Necromancer,-,,ETC,Grimorio of Games,0,1,その他,その他
2023-07-20,Teyon Japan,the Spirit and the Mouse 精霊とネズミのおはなし,31,,ADV,Teyon Japan,0,1,パズルアドベンチャー,その他
2023-07-20,エレクトロニック・アーツ,アヴェウムの騎士団（英語版）,32,YES,FPS,エレクトロニック・アーツ,0,1,FPS,その他
2023-07-20,ケムコ,クロステイルズ,30,YES,SRPG,ケムコ,0,1,シミュレーションRPG,その他
2023-07-20,bilibili,セーリング エラ,-,,ETC,bilibili,0,1,その他,その他
2023-07-20,コーラス・ワールドワイド,フランク&ドレイク,-,,ETC,コーラス・ワールドワイド,0,1,その他,その他
2023-07-21,tinyBuild,Punch Club 2: Fast Forward,-,,ETC,tinyBuild,0,1,その他,その他
2023-07-21,ラタライカゲームス,Sephonie,-,,ETC,ラタライカゲームス,0,1,その他,その他
2023-07-21,Gametry,Shadow Samurai Revenge,-,,ETC,Gametry,0,1,その他,その他
2023-07-21,Eastasiasoft,男クロス：ブレークアップ！,-,,ETC,Eastasiasoft,0,1,その他,その他
2023-07-25,Eastasiasoft,Magic Exposure - Yuri Visual Novel,-,,ETC,Eastasiasoft,0,1,その他,その他
2023-07-25,Atari,Mr. Run and Jump,-,,ETC,Atari,0,1,その他,その他
2023-07-25,Frogwares Ireland（英語版）,The Sinking City（英語版） ラヴクラフトセット,32,,SPT,Frogwares Ireland（英語版）,6820_0m_4923,1,野球,その他
2023-07-26,Gearbox Publishing,Remnant 2（英語版）,32,,SPT,Gearbox Publishing,6820_0m_4923,1,野球,その他
2023-07-27,Maximum Games（英語版）,Double Dragon Gaiden: Rise of the Dragons,-,YES,ETC,Maximum Games（英語版）,0,1,その他,その他
2023-07-27,Draknek,Draknek and Friends パズルバンドル,-,,ETC,Draknek,0,1,その他,その他
2023-07-27,Silesia Games,Galaxy Champions TV,-,,ETC,Silesia Games,0,1,その他,その他
2023-07-27,2pt Interactive,Heavenly Bodies - Cleanup DLC Edition,-,,ETC,2pt Interactive,0,1,その他,その他
2023-07-27,Nacon,Nova Strike（英語版）,32,,SPT,Nacon,6820_0m_4923,1,野球,その他
2023-07-27,Draknek,Patrick's Parabox（英語版）,32,,SPT,Draknek,6820_0m_4923,1,野球,その他
2023-07-27,キュー・ゲームス,PixelJunk Scrappers Deluxe,-,,ETC,キュー・ゲームス,0,1,その他,その他
2023-07-27,フリュー,クライマキナ,30,YES,ARPG,フリュー,6533_0m_4634,1,アクションRPG,その他
2023-07-27,日本一ソフトウェア,流行り神1・2・3パック,-,YES,ETC,日本一ソフトウェア,6551_0m_4652,1,その他,その他
2023-07-27,Game Source Entertainment,駐められるもんなら駐めてみな,-,YES,ETC,Game Source Entertainment,0,1,その他,その他
2023-07-28,Volkov Konstantin Sergeevich,Cubic Lines,-,,ETC,Volkov Konstantin Sergeevich,0,1,その他,その他
2023-07-28,Volkov Konstantin Sergeevich,Cubic Parking,-,,ETC,Volkov Konstantin Sergeevich,0,1,その他,その他
2023-07-28,Smobile,Drift City,-,,ETC,Smobile,0,1,その他,その他
2023-07-28,Gametry,Pocket Soccer,-,,ETC,Gametry,0,1,その他,その他
2023-07-28,Revulo Games,Super Box Delivery: Beyond the Horizon,-,,ETC,Revulo Games,0,1,その他,その他
2023-07-28,Ralitza Borisova Hristova trading as D-Lo Games,UnderDungeon,-,,ETC,Ralitza Borisova Hristova trading as D-Lo Games,0,1,その他,その他
2023-07-28,ラタライカゲームス,ワーキング・ハード・コレクション,-,,ETC,ラタライカゲームス,0,1,その他,その他
2023-07-31,Visai Games,Venba（英語版）,32,,SPT,Visai Games,6820_0m_4923,1,野球,その他
2023-08-01,Frontier Developments,F1 マネージャー2023（英語版）,32,,SPT,Frontier Developments,6820_0m_4923,1,野球,その他
2023-08-01,TEAM 17 DIGITAL,Gord（英語版）,32,YES,SPT,TEAM 17 DIGITAL,6820_0m_4923,1,野球,その他
2023-08-01,インテンス,Super Death Game SHOW! VR,-,,ETC,インテンス,0,1,その他,その他
2023-08-01,テイクツー・インタラクティブ,ゴルフ PGAツアー 2K23（英語版）,32,,SPT,テイクツー・インタラクティブ,6820_0m_4923,1,野球,その他
2023-08-02,Eastasiasoft,The Red Exile - Survival Horror,-,,ETC,Eastasiasoft,0,1,その他,その他
2023-08-03,QUByte Interactive,Adore,-,,ETC,QUByte Interactive,0,1,その他,その他
2023-08-03,H2インタラクティブ,POST VOID,-,,ETC,H2インタラクティブ,0,1,その他,その他
2023-08-03,Gamuzumi,アイドルカフェを経営しませんか?3,-,,ETC,Gamuzumi,0,1,その他,その他
2023-08-04,Perpetual Europe,VR Skater,-,,ETC,Perpetual Europe,0,1,その他,その他
2023-08-08,パーフェクト・ワールド,Tower of Fantasy,-,,ETC,パーフェクト・ワールド,0,1,その他,その他
2023-08-09,Eastasiasoft,Fluffy Milo,-,,ETC,Eastasiasoft,0,1,その他,その他
2023-08-10,ワンダーランドカザキリ,BQM ブロッククエスト・メーカー Remastered,-,,ETC,ワンダーランドカザキリ,0,1,その他,その他
2023-08-10,Top Hat Studios,LEGEND BOWL,-,,ETC,Top Hat Studios,0,1,その他,その他
2023-08-10,Plaion（英語版）,Saints Row,36,YES,ASHT,Plaion（英語版）,5061_0m_2883,1,アクションシューティング,その他
2023-08-10,Humble Games,Stray Gods: The Roleplaying Musical（英語版）,32,,SPT,Humble Games,6820_0m_4923,1,野球,その他
2023-08-10,Pikii,コアとマーラの5人の海賊,-,YES,ETC,Pikii,0,1,その他,その他
2023-08-10,Shanghai Xingqi Network Technology,ゾンビスープ,-,,ETC,Shanghai Xingqi Network Technology,0,1,その他,その他
2023-08-10,コンパイルハート,超次元ゲイム ネプテューヌ GameMaker R:Evolution,30,YES,RPG,コンパイルハート,0,1,RPG,その他
2023-08-11,Baltoro Games,Food Truck Tycoon,-,,ETC,Baltoro Games,0,1,その他,その他
2023-08-11,ゼニマックス・メディア,Quake II,-,,ETC,ゼニマックス・メディア,0,1,その他,その他
2023-08-14,10tons,Tesla vs Lovecraft（英語版）,32,,SPT,10tons,6820_0m_4923,1,野球,その他
2023-08-15,Evgeniy Kolpakov,Astro Flame: Starfighter,-,,ETC,Evgeniy Kolpakov,0,1,その他,その他
2023-08-15,tinyBuild,Black Skylands（英語版）,32,,SPT,tinyBuild,6820_0m_4923,1,野球,その他
2023-08-15,Rockfish Games,EVERSPACE 2（英語版）,32,,SPT,Rockfish Games,6820_0m_4923,1,野球,その他
2023-08-15,Incuvo,Green Hell VR（英語版）,32,,SPT,Incuvo,6820_0m_4923,1,野球,その他
2023-08-15,TEAM 17 DIGITAL,Moving Out 2（英語版）,32,YES,SPT,TEAM 17 DIGITAL,6820_0m_4923,1,野球,その他
2023-08-15,Weakfish Studio Publishing,Pandaty,-,,ETC,Weakfish Studio Publishing,0,1,その他,その他
2023-08-15,ソニー・インタラクティブエンタテインメント,サルゲッチュP!,-,,ETC,ソニー・インタラクティブエンタテインメント,0,1,その他,その他
2023-08-16,Evgeniy Kolpakov,Creepy Tale: Ingrid Penance,-,,ETC,Evgeniy Kolpakov,0,1,その他,その他
2023-08-17,Silesia Games,A Castle Full of Cats,-,,ETC,Silesia Games,0,1,その他,その他
2023-08-17,Klabater,Defend the Rook,-,,ETC,Klabater,0,1,その他,その他
2023-08-17,Daedalic Entertainment（英語版）,Iron Danger（英語版）,32,,SPT,Daedalic Entertainment（英語版）,6820_0m_4923,1,野球,その他
2023-08-17,Marble It Up,Marble It Up! Ultra（英語版）,32,,SPT,Marble It Up,6820_0m_4923,1,野球,その他
2023-08-17,Atari,Quantum: Recharged,-,,ETC,Atari,0,1,その他,その他
2023-08-17,Rogue Games,砂塵とネオン (Dust & Neon),-,,ETC,Rogue Games,0,1,その他,その他
2023-08-18,Playstige Interactive,Black Death: A Tragic Dirge,-,,ETC,Playstige Interactive,0,1,その他,その他
2023-08-18,Kimulator's Films,I'm in Love With Your Dead Grandmother,-,,ETC,Kimulator's Films,0,1,その他,その他
2023-08-18,アンナプルナ・インタラクティブ,Kentucky Route Zero（英語版）: TV Edition,32,,SPT,アンナプルナ・インタラクティブ,6820_0m_4923,1,野球,その他
2023-08-18,エレクトロニック・アーツ,Madden NFL 24（英語版）,32,,SPT,エレクトロニック・アーツ,6820_0m_4923,1,野球,その他
2023-08-18,Eastasiasoft,Neko Journey,-,,ETC,Eastasiasoft,0,1,その他,その他
2023-08-18,Mimimi Games（英語版）,Shadow Gambit: カリブの呪い（英語版）,32,,SPT,Mimimi Games（英語版）,6820_0m_4923,1,野球,その他
2023-08-18,Smobile,Sushi Blast,-,,ETC,Smobile,0,1,その他,その他
2023-08-18,Digital Extremes（英語版）,Wayfinder（英語版）,32,,SPT,Digital Extremes（英語版）,6820_0m_4923,1,野球,その他
2023-08-18,ケムコ,鋼鉄幻想記クロムウルフ,-,,ETC,ケムコ,0,1,その他,その他
2023-08-20,WALFRIDO ABEJON TRADING AS RAINY NIGHT CREATIONS,Vaccine Rebirth - イビルループ,-,,ETC,WALFRIDO ABEJON TRADING AS RAINY NIGHT CREATIONS,0,1,その他,その他
2023-08-22,Virtual Medicine,Human Anatomy VR,-,,ETC,Virtual Medicine,0,1,その他,その他
2023-08-23,Plug In Digital,Skabma - Snowfall,-,,ETC,Plug In Digital,0,1,その他,その他
2023-08-23,セレニティ・フォージ,ヴァーゴvsゾディアック,-,,ETC,セレニティ・フォージ,0,1,その他,その他
2023-08-24,Silesia Games,Chess Royal,-,,ETC,Silesia Games,0,1,その他,その他
2023-08-24,アークシステムワークス,GUILTY GEAR -STRIVE- デアデビルエディション,-,,ETC,アークシステムワークス,0,1,その他,その他
2023-08-24,Milestone,RIDE 5（英語版）,32,YES,SPT,Milestone,6820_0m_4923,1,野球,その他
2023-08-24,H2インタラクティブ,Shotgun King: The Final Checkmate,31,,ACT,H2インタラクティブ,0,1,ローグライト,その他
2023-08-24,Rebellion Interactive（英語版）,Sniper Elite 5（英語版） Complete Edition,32,,SPT,Rebellion Interactive（英語版）,6820_0m_4923,1,野球,その他
2023-08-24,フリュー,ロジカル真王,-,,ETC,フリュー,0,1,その他,その他
2023-08-25,フロム・ソフトウェア,ARMORED CORE VI FIRES OF RUBICON,36,YES,ACT,フロム・ソフトウェア,6412_0m_4243,1,メカアクション,その他
2023-08-25,ソニー・インタラクティブエンタテインメント,Firewall Ultra,-,,ETC,ソニー・インタラクティブエンタテインメント,0,1,その他,その他
2023-08-25,Starsign,ホラーピンボールバンドル,-,,ETC,Starsign,0,1,その他,その他
2023-08-25,Starsign,ワイルドピンボールバンドル,-,,ETC,Starsign,0,1,その他,その他
2023-08-25,ケムコ,探しものは、夏ですか。,-,,ETC,ケムコ,0,1,その他,その他
2023-08-26,Feardemic,リモース・ザ・リスト,-,,ETC,Feardemic,0,1,その他,その他
2023-08-27,クアンティック・ドリーム,Under The Waves,-,YES,ETC,クアンティック・ドリーム,0,1,その他,その他
2023-08-29,Smilegate Entertainment,CROSSFIRE: Sierra Squad（英語版）,32,,SPT,Smilegate Entertainment,6820_0m_4923,1,野球,その他
2023-08-29,KO_OP（英語版）,Goodbye Volcano High（英語版）,32,,SPT,KO_OP（英語版）,6820_0m_4923,1,野球,その他
2023-08-29,Sabotage Studio,Sea of Stars（英語版）,32,,SPT,Sabotage Studio,6820_0m_4923,1,野球,その他
2023-08-29,Digital Eclipse Entertainment Partners,The Making of Karateka,-,,ETC,Digital Eclipse Entertainment Partners,0,1,その他,その他
2023-08-29,Microids,アガサ・クリスティ：エルキュール・ポアロ - ロンドン事件簿,-,,ETC,Microids,0,1,その他,その他
2023-08-30,Expansive Worlds,Call of the Wild: The Angler,-,,ETC,Expansive Worlds,0,1,その他,その他
2023-08-30,Volkov Konstantin Sergeevich,Robby's Adventure,-,,ETC,Volkov Konstantin Sergeevich,0,1,その他,その他
2023-08-30,Eastasiasoft,女鬼橋 開魂路 (The Bridge Curse: Road to Salvation),-,,ETC,Eastasiasoft,0,1,その他,その他
2023-08-31,Beep Japan,Daymare: 1994 Sandcastle,-,YES,ETC,Beep Japan,0,1,その他,その他
2023-08-31,オーイズミ・アミュージオ,Edge of Eternity（英語版）,32,YES,SPT,オーイズミ・アミュージオ,6820_0m_4923,1,野球,その他
2023-08-31,Game Source Entertainment,Moving Out 2（英語版）,32,YES,SPT,Game Source Entertainment,6820_0m_4923,1,野球,その他
2023-08-31,Jumpship（英語版）,Somerville（英語版）,32,,SPT,Jumpship（英語版）,6820_0m_4923,1,野球,その他
2023-09-01,Vertigo Games,A Fisherman's Tale（英語版）,32,,SPT,Vertigo Games,6820_0m_4923,1,野球,その他
2023-09-01,Team Reptile,Bomb Rush Cyberfunk（英語版）,32,,SPT,Team Reptile,6820_0m_4923,1,野球,その他
2023-09-01,PlaySys,DREAMERS,-,,ETC,PlaySys,0,1,その他,その他
2023-09-01,Gametry,Detective Inspector: Mysterious Clues,-,,ETC,Gametry,0,1,その他,その他
2023-09-01,ラタライカゲームス,Gastro Force,-,,ETC,ラタライカゲームス,0,1,その他,その他
2023-09-01,Smobile,Legions,-,,ETC,Smobile,0,1,その他,その他
2023-09-01,テイクツー・インタラクティブ,ボーダーランズ オムニバス：パンドラの箱,-,,ETC,テイクツー・インタラクティブ,0,1,その他,その他
2023-09-01,Eastasiasoft,男クロス：ドロップアウト！,-,,ETC,Eastasiasoft,0,1,その他,その他
2023-09-06,Eastasiasoft,Escape from Terror City,-,,ETC,Eastasiasoft,0,1,その他,その他
2023-09-06,コナミデジタルエンタテインメント,eFootball 2024: Leo Messi Edition,-,,ETC,コナミデジタルエンタテインメント,0,1,その他,その他
2023-09-06,Starsign,ワイルドトラックレーシング,-,,ETC,Starsign,0,1,その他,その他
2023-09-07,ラタライカゲームス,Ashina: The Red Witch,-,,ETC,ラタライカゲームス,0,1,その他,その他
2023-09-07,Freedom Games,Funtasia,-,,ETC,Freedom Games,0,1,その他,その他
2023-09-07,Prime Matter（英語版）,King's Bounty II（英語版）,32,,SPT,Prime Matter（英語版）,6820_0m_4923,1,野球,その他
2023-09-07,3goo,フォートソリス（英語版）,30,YES,ETC,3goo,0,1,サイコスリラー,その他
2023-09-07,LLC Shinyuden,マイダイコン- Daikon Simulator,-,,ETC,LLC Shinyuden,0,1,その他,その他
2023-09-07,Meridiem Games,ミスター・クーのいろいろ,-,,ETC,Meridiem Games,0,1,その他,その他
2023-09-08,Perpetual Europe,Enchanted Portals（英語版）,32,,SPT,Perpetual Europe,6820_0m_4923,1,野球,その他
2023-09-08,テイクツー・インタラクティブ,NBA 2K24（英語版）,32,,SPT,テイクツー・インタラクティブ,6820_0m_4923,1,野球,その他
2023-09-08,Puppet Combo,Night at the Gates of Hell,-,,ETC,Puppet Combo,0,1,その他,その他
2023-09-08,Vertigo Games,TOSS!,-,,ETC,Vertigo Games,0,1,その他,その他
2023-09-08,Mighty Coconut,Walkabout Mini Golf,-,,ETC,Mighty Coconut,0,1,その他,その他
2023-09-08,Afil Games,Wild Seas,-,,ETC,Afil Games,0,1,その他,その他
2023-09-09,Midnight Works,Mudness Offroad 2 - Runner 4x4 Mud Challange Simulator,-,,ETC,Midnight Works,0,1,その他,その他
2023-09-09,Shanghai Game Mirror Intelligent Technology,キャティインニャンダーランド,-,,ETC,Shanghai Game Mirror Intelligent Technology,0,1,その他,その他
2023-09-10,Gametry,Sky Races,-,,ETC,Gametry,0,1,その他,その他
2023-09-12,Nacon,Ad Infinitum - Nightmare Edition,-,,ETC,Nacon,0,1,その他,その他
2023-09-12,Studio Sai,Eternights（英語版）,32,,SPT,Studio Sai,6820_0m_4923,1,野球,その他
2023-09-12,Panic（英語版）,Nour: Play With Your Food,-,,ETC,Panic（英語版）,0,1,その他,その他
2023-09-12,Zeboyd Digital Entertainment,This Way Madness Lies,-,,ETC,Zeboyd Digital Entertainment,0,1,その他,その他
2023-09-12,マーベラス,東方シンセカイ,-,,ETC,マーベラス,0,1,その他,その他
2023-09-13,Volkov Konstantin Sergeevich,Blind Postman,-,,ETC,Volkov Konstantin Sergeevich,0,1,その他,その他
2023-09-13,Eastasiasoft,Mystic Gate,-,,ETC,Eastasiasoft,0,1,その他,その他
2023-09-14,Nacon,Ad Infinitum,-,,ETC,Nacon,0,1,その他,その他
2023-09-14,3goo,Dead Cells（英語版）: Return to Castlevania Edition,32,YES,SPT,3goo,6820_0m_4923,1,野球,その他
2023-09-14,Abhinav Chokhavatia trading as Zatun,Down and Out,-,,ETC,Abhinav Chokhavatia trading as Zatun,0,1,その他,その他
2023-09-14,Merge Games,Fresh Start,-,,ETC,Merge Games,0,1,その他,その他
2023-09-14,Aerosoft,Heavy Duty Challenge: The Off-Road Truck Simulator,-,,ETC,Aerosoft,0,1,その他,その他
2023-09-14,Ocean Media,Mahjong Woods,-,,ETC,Ocean Media,0,1,その他,その他
2023-09-14,Aeternum Game Studios,Summum Aeterna,-,,ETC,Aeternum Game Studios,0,1,その他,その他
2023-09-14,ユービーアイソフト,ザ クルー：モーターフェス,35,YES,RCG,ユービーアイソフト,6498_0m_4329,1,オープンワールド・レーシング,その他
2023-09-14,コナミデジタルエンタテインメント,スーパーボンバーマン R 2,32,YES,ACT,コナミデジタルエンタテインメント,6538_0m_4639,1,アクション,その他
2023-09-14,TMG Studios,ボクたちはここにいた エクスペディション 友情船（英語版）,-,,ETC,TMG Studios,0,1,その他,その他
2023-09-15,Playstack,AK-xolotl,-,,ETC,Playstack,0,1,その他,その他
2023-09-15,Akupara Games,Behind the Frame 〜とっておきの景色を〜,-,,ETC,Akupara Games,0,1,その他,その他
2023-09-15,ケムコ,異世界輪舞 ～御社も異世界もブラックなのでここから先はホワイトライフを目指します！～,-,,ETC,ケムコ,0,1,その他,その他
2023-09-16,Guangzhou Node Information Technology,墨ノ韻,-,,ETC,Guangzhou Node Information Technology,0,1,その他,その他
2023-09-18,Trebuchet Studio,Broken Edge,-,,ETC,Trebuchet Studio,0,1,その他,その他
2023-09-19,オーイズミ・アミュージオ,Assetto Corsa Competizione（英語版） + 2023 GT World Challenge,32,,SPT,オーイズミ・アミュージオ,6820_0m_4923,1,野球,その他
2023-09-19,NEOWIZ,Lies of P（英語版）,32,YES,SPT,NEOWIZ,6820_0m_4923,1,野球,その他
2023-09-19,CharacterBank,RUINSMAGUS 〜ルインズメイガス・コンプリート〜,-,,ETC,CharacterBank,0,1,その他,その他
2023-09-19,ビサイド,ペルシャと魔法の迷宮塔 〜アラビアンニャイト編〜,-,,ETC,ビサイド,0,1,その他,その他
2023-09-20,Eastasiasoft,Rayland 2,-,,ETC,Eastasiasoft,0,1,その他,その他
2023-09-21,Eastasiasoft,Alchemy Garden,-,,ETC,Eastasiasoft,0,1,その他,その他
2023-09-21,Atari,Days of Doom,-,,ETC,Atari,0,1,その他,その他
2023-09-21,Evgeniy Kolpakov,Earthshine,-,,ETC,Evgeniy Kolpakov,0,1,その他,その他
2023-09-21,Eastasiasoft,Metaball,-,,ETC,Eastasiasoft,0,1,その他,その他
2023-09-21,Mindscape（英語版）,ペーパーマン： 冒険の配達,-,,ETC,Mindscape（英語版）,0,1,その他,その他
2023-09-22,Plaion（英語版）,PAYDAY 3（英語版）,32,YES,SPT,Plaion（英語版）,6820_0m_4923,1,野球,その他
2023-09-22,Outright Games（英語版）,RAINBOW HIGH: ランウェイ・ラッシュ,-,,ETC,Outright Games（英語版）,0,1,その他,その他
2023-09-22,Playstige Interactive Information and Trade Limited Liability,VENATRIX,-,,ETC,Playstige Interactive Information and Trade Limited Liability,0,1,その他,その他
2023-09-22,Merge Games,クライ・ベイビーズ・マジック・ティアーズ ビッグゲーム,-,,ETC,Merge Games,0,1,その他,その他
2023-09-24,Gamuzumi,Sakura MMO Extra,-,,ETC,Gamuzumi,0,1,その他,その他
2023-09-25,Maximum Games（英語版）,Paleo Pines,-,,ETC,Maximum Games（英語版）,0,1,その他,その他
2023-09-25,Smobile,Zombiezz,-,,ETC,Smobile,0,1,その他,その他
2023-09-26,Sony Pictures Virtual Reality,Ghostbusters: Rise of the Ghost Lord（英語版）,32,,SPT,Sony Pictures Virtual Reality,6820_0m_4923,1,野球,その他
2023-09-26,Afil Games,Mimi the cat: Mimi's Scratcher,-,,ETC,Afil Games,0,1,その他,その他
2023-09-26,Klabater,Terraformers,-,,ETC,Klabater,0,1,その他,その他
2023-09-26,Soedesco（英語版）,Truck Driver: The American Dream,-,,ETC,Soedesco（英語版）,0,1,その他,その他
2023-09-27,Eastasiasoft,Betomis,-,,ETC,Eastasiasoft,0,1,その他,その他
2023-09-27,Volkov Konstantin Sergeevich,Broken Pipe,-,,ETC,Volkov Konstantin Sergeevich,0,1,その他,その他
2023-09-27,Volkov Konstantin Sergeevich,Cube Decider,-,,ETC,Volkov Konstantin Sergeevich,0,1,その他,その他
2023-09-27,Pixel Reef,Paper Beast,-,,ETC,Pixel Reef,0,1,その他,その他
2023-09-27,Dovetail Games,Train Sim World 4（英語版）,32,,SPT,Dovetail Games,6820_0m_4923,1,野球,その他
2023-09-28,Feardemic,Afterdream,-,,ETC,Feardemic,0,1,その他,その他
2023-09-28,Clockwork Origins,CyberTD,-,,ETC,Clockwork Origins,0,1,その他,その他
2023-09-28,Assemble Entertainment,Fall of Porcupine,-,,ETC,Assemble Entertainment,0,1,その他,その他
2023-09-28,コーエーテクモゲームス,Fate/Samurai Remnant,36,,ARPG,コーエーテクモゲームス,6585_0m_4687,1,アクションRPG,その他
2023-09-28,Nacon,Overpass 2,-,,ETC,Nacon,0,1,その他,その他
2023-09-28,Raw Fury,Pizza Possum,-,,ETC,Raw Fury,0,1,その他,その他
2023-09-28,AI Games FZ,The Crackpet Show: Happy Tree Friends Edition,-,,ETC,AI Games FZ,0,1,その他,その他
2023-09-28,スクウェア・エニックス,インフィニティ ストラッシュ ドラゴンクエスト ダイの大冒険,31,YES,ARPG,スクウェア・エニックス,6449_0m_4280,1,アクションRPG,その他
2023-09-28,日本ファルコム,イースX -NORDICS-,34,YES,ARPG,日本ファルコム,6655_0m_4757,1,アクションRPG,その他
2023-09-28,THQ Nordic,トライン5：ぜんまい仕掛けの陰謀（英語版）,-,YES,ETC,THQ Nordic,0,1,その他,その他
2023-09-29,エレクトロニック・アーツ,EA Sports FC 24,-,YES,ETC,エレクトロニック・アーツ,6584_0m_4686,1,その他,その他
2023-09-29,Source Byte Spółka Z Ograniczoną Odpowiedzialnością,GeoJelly,-,,ETC,Source Byte Spółka Z Ograniczoną Odpowiedzialnością,0,1,その他,その他
2023-09-29,Klabater,Heliborne + The Amazing American Circus + Moonshine Inc.,-,,ETC,Klabater,0,1,その他,その他
2023-09-29,Snow Day Software,Indoor Kickball,-,,ETC,Snow Day Software,0,1,その他,その他
2023-09-29,Gaming Limited,UFIGHT,-,,ETC,Gaming Limited,0,1,その他,その他
2023-09-29,Kwalee（英語版）,Wildmender,-,,ETC,Kwalee（英語版）,0,1,その他,その他
2023-09-30,Microids,Operation Wolf Returns: First Mission,-,,ETC,Microids,0,1,その他,その他
2023-09-30,Afil Games,Sokolab,-,,ETC,Afil Games,0,1,その他,その他
2023-09-30,アンナプルナ・インタラクティブ,コクーン（英語版）,-,,ETC,アンナプルナ・インタラクティブ,0,1,その他,その他
2023-10-03,Arvore Immersive Experiences,Pixel Ripped 1995,-,,ETC,Arvore Immersive Experiences,0,1,その他,その他
2023-10-03,Aldin Dynamics,Waltz of the Wizard,-,,ETC,Aldin Dynamics,0,1,その他,その他
2023-10-04,Eastasiasoft,Diorama Dungeoncrawl - Master of the Living Castle,-,,ETC,Eastasiasoft,0,1,その他,その他
2023-10-04,Humble Games,Project Wingman: Frontline 59,-,,ETC,Humble Games,0,1,その他,その他
2023-10-04,Odders Lab,ガズラーズ,-,,ETC,Odders Lab,0,1,その他,その他
2023-10-05,Nacon,Asterix & Obelix: Heroes,-,,ETC,Nacon,0,1,その他,その他
2023-10-05,Eastasiasoft,BlackJack Waifu Tour,-,,ETC,Eastasiasoft,0,1,その他,その他
2023-10-05,Ohhio,Boxville,-,,ETC,Ohhio,0,1,その他,その他
2023-10-05,Nacon,Cricket 24（英語版）,32,,SPT,Nacon,6820_0m_4923,1,野球,その他
2023-10-05,Fast Travel Games,Ghost Signal: A Stellaris Game,-,,ETC,Fast Travel Games,0,1,その他,その他
2023-10-05,Microids,The Sisters 2 - Road to Fame,-,,ETC,Microids,0,1,その他,その他
2023-10-05,ユービーアイソフト,アサシン クリード ミラージュ,33,YES,ACT,ユービーアイソフト,6445_0m_4276,1,ステルスアクション,その他
2023-10-05,Pressa,サイドブレット,-,,ETC,Pressa,0,1,その他,その他
2023-10-05,Microids,サバイバー - キャストアウェイ・アイランド,-,,ETC,Microids,0,1,その他,その他
2023-10-05,バンダイナムコエンターテインメント,ソードアート・オンライン LAST RECOLLECTION,-,YES,ETC,バンダイナムコエンターテインメント,0,1,その他,その他
2023-10-06,Vertical Robot,Red Matter（英語版）,32,,SPT,Vertical Robot,6820_0m_4923,1,野球,その他
2023-10-06,Playstige Interactive,Steampunk Voyage,-,,ETC,Playstige Interactive,0,1,その他,その他
2023-10-06,Mekiwi Oy,VR Pigeons,-,,ETC,Mekiwi Oy,0,1,その他,その他
2023-10-06,Microids,ドルフィンスピリット：海のミッション,-,,ETC,Microids,0,1,その他,その他
2023-10-07,エレクトロニック・アーツ,NHL 24（英語版）,32,,SPT,エレクトロニック・アーツ,6820_0m_4923,1,野球,その他
2023-10-08,Zadbox Entertainment,クエルン - 不滅の思考（英語版）,-,,ETC,Zadbox Entertainment,0,1,その他,その他
2023-10-09,Lasse Zacho Malver trading as Malvzach Games,Mage and Monsters,-,,ETC,Lasse Zacho Malver trading as Malvzach Games,0,1,その他,その他
2023-10-10,Zadbox Entertainment,Lil Gator Game（英語版）,32,,SPT,Zadbox Entertainment,6820_0m_4923,1,野球,その他
2023-10-11,Eastasiasoft,RedRaptor,-,,ETC,Eastasiasoft,0,1,その他,その他
2023-10-11,Resolution Games,アングリー・バード VR：アイル・オブ・ピッグズ,-,,ETC,Resolution Games,0,1,その他,その他
2023-10-11,miHoYo,崩壊：スターレイル,-,,ETC,miHoYo,0,1,その他,その他
2023-10-12,フリュー,Caligula Overdose,-,YES,ETC,フリュー,0,1,その他,その他
2023-10-12,フリュー,Caligula2,-,YES,ETC,フリュー,0,1,その他,その他
2023-10-12,ラタライカゲームス,Cyber Citizen Shockman 2: A New Menace,-,,ETC,ラタライカゲームス,0,1,その他,その他
2023-10-12,Beep Japan,Devil Engine: Complete Edition,-,YES,ETC,Beep Japan,0,1,その他,その他
2023-10-12,Jozef Debecki,Forklift Extreme: Deluxe Edition,-,,ETC,Jozef Debecki,0,1,その他,その他
2023-10-12,Atari,Haunted House,-,,ETC,Atari,0,1,その他,その他
2023-10-12,Bigben Interactive（英語版）,Hotel: A Resort Simulator,-,,ETC,Bigben Interactive（英語版）,0,1,その他,その他
2023-10-12,Ocean Media,Poly Match,-,,ETC,Ocean Media,0,1,その他,その他
2023-10-12,Gaming Limited,SNWBRD: Freestyle Snowboarding,-,,ETC,Gaming Limited,0,1,その他,その他
2023-10-12,Die Gute Fabrik（英語版）,Saltsea Chronicles,-,,ETC,Die Gute Fabrik（英語版）,0,1,その他,その他
2023-10-12,Game Source Entertainment,Tin Hearts 衛兵冒険記,-,YES,ETC,Game Source Entertainment,0,1,その他,その他
2023-10-12,オーイズミ・アミュージオ,"ウォーハンマー 40,000：Inquisitor（英語版）",32,YES,SPT,オーイズミ・アミュージオ,6820_0m_4923,1,野球,その他
2023-10-13,CI Games（英語版）,Lords of the Fallen,-,,ETC,CI Games（英語版）,0,1,その他,その他
2023-10-13,Gamuzumi,Sakura Alien,-,,ETC,Gamuzumi,0,1,その他,その他
2023-10-13,ケムコ,アルファディアI＆II,-,,ETC,ケムコ,0,1,その他,その他
2023-10-13,Gammera Nest,キテレツ！サカバトの怪盗団,-,,ETC,Gammera Nest,0,1,その他,その他
2023-10-17,セガ,ENDLESS Dungeon（英語版） Last Wish Edition,32,YES,SPT,セガ,6820_0m_4923,1,野球,その他
2023-10-17,セガ,ソニック スーパースターズ（英語版）,32,YES,ACT,セガ,6643_0m_4745,1,ハイスピードアクション,その他
2023-10-18,Koch Media,Kona II: Brume（英語版）,32,,SPT,Koch Media,6820_0m_4923,1,野球,その他
2023-10-18,Devolver Digital,Wizard with a Gun,-,,ETC,Devolver Digital,0,1,その他,その他
2023-10-19,オーイズミ・アミュージオ,DriftCE,-,YES,ETC,オーイズミ・アミュージオ,0,1,その他,その他
2023-10-19,Milestone（英語版）,HOT WHEELS UNLEASHED 2,-,,ETC,Milestone（英語版）,0,1,その他,その他
2023-10-19,アクワイア,XALADIA: Rise of the Space Pirates X2,-,,ETC,アクワイア,0,1,その他,その他
2023-10-20,ソニー・インタラクティブエンタテインメント,Marvel's Spider-Man 2,38,YES,AADV,ソニー・インタラクティブエンタテインメント,6515_0m_4346,1,アクションアドベンチャー,その他
2023-10-20,Phoenixx,TrinityS,-,,ETC,Phoenixx,0,1,その他,その他
2023-10-23,THQ Nordic,スポンジ・ボブ：ザ コズミック シェイク,30,,AADV,THQ Nordic,0,1,アクションアドベンチャー,その他
2023-10-24,コナミデジタルエンタテインメント,METAL GEAR SOLID: MASTER COLLECTION Vol.1,-,YES,ETC,コナミデジタルエンタテインメント,6516_0m_4347,1,その他,その他
2023-10-24,ユービーアイソフト,ジャストダンス2024,-,,ETC,ユービーアイソフト,0,1,その他,その他
2023-10-26,The Game Kitchen,Blasphemous 2（英語版）,32,YES,SPT,The Game Kitchen,6820_0m_4923,1,野球,その他
2023-10-26,Finji（英語版）,Chicory: A Colorful Tale（英語版）,32,,SPT,Finji（英語版）,6820_0m_4923,1,野球,その他
2023-10-26,505 Games,Ghostrunner 2（英語版）,32,,SPT,505 Games,6820_0m_4923,1,野球,その他
2023-10-26,エレクトロニック・アーツ,UFC 5,-,,ETC,エレクトロニック・アーツ,0,1,その他,その他
2023-10-26,Outright Games（英語版）,パウ・パトロール ワールド,-,,ETC,Outright Games（英語版）,0,1,その他,その他
2023-10-26,3goo,ロスト アイドロン,-,YES,ETC,3goo,0,1,その他,その他
2023-10-27,Epic Games,Alan Wake 2（英語版）,32,,SPT,Epic Games,6820_0m_4923,1,野球,その他
2023-10-31,TEAM 17 DIGITAL,Headbangers: Rhythm Royale,-,,ETC,TEAM 17 DIGITAL,0,1,その他,その他
2023-10-31,TeamKill Media,Quantum Error,-,,ETC,TeamKill Media,0,1,その他,その他
2023-10-31,Well Told Entertainment,The Foglands,-,,ETC,Well Told Entertainment,0,1,その他,その他
2023-10-31,エレクトロニック・アーツ,WRC チャンピオンズ エディション,-,,ETC,エレクトロニック・アーツ,0,1,その他,その他
2023-11-02,Fast Travel Games,Vampire: The Masquerade - Justice,-,,ETC,Fast Travel Games,0,1,その他,その他
2023-11-02,3goo,ギャング オブ シャーウッド（英語版）,-,YES,ETC,3goo,0,1,その他,その他
2023-11-02,スクウェア・エニックス,スターオーシャン セカンドストーリー R,-,YES,ETC,スクウェア・エニックス,6513_0m_4344,1,その他,その他
2023-11-02,SoulGame,ファントムブレイド：断罪者,-,,ETC,SoulGame,0,1,その他,その他
2023-11-03,Devolver Digital,The Talos Principle 2（英語版）,32,,SPT,Devolver Digital,6820_0m_4923,1,野球,その他
2023-11-03,EXNOA,きみのまち サンドロック（英語版）,-,YES,ETC,EXNOA,0,1,その他,その他
2023-11-07,セガ,Football Manager 2024（英語版）,32,YES,SPT,セガ,6820_0m_4923,1,野球,その他
2023-11-07,THQ Nordic,SpellForce: Conquest of Eo（英語版）,32,,SPT,THQ Nordic,6820_0m_4923,1,野球,その他
2023-11-09,Kalypso Media Japan,ダンジョンズ 4（英語版）,-,YES,ETC,Kalypso Media Japan,0,1,その他,その他
2023-11-09,セガ,龍が如く7外伝 名を消した男,35,YES,AADV,セガ,6512_0m_4343,1,アクションアドベンチャー,その他
2023-11-10,ININ,Air Twister（英語版）,32,YES,SPT,ININ,6820_0m_4923,1,野球,その他
2023-11-10,アクティビジョン,コール オブ デューティ モダン・ウォーフェアIII,32,YES,FPS,アクティビジョン,6641_0m_4743,1,FPS,その他
2023-11-14,THQ Nordic,Jagged Alliance 3（英語版）,32,,SPT,THQ Nordic,6820_0m_4923,1,野球,その他
2023-11-14,コナミデジタルエンタテインメント,Super Crazy Rhythm Castle,-,,ETC,コナミデジタルエンタテインメント,0,1,その他,その他
2023-11-15,ベセスダ・ソフトワークス,The Elder Scrolls Online,-,,ETC,ベセスダ・ソフトワークス,0,1,その他,その他
2023-11-16,バンダイナムコエンターテインメント,NARUTO X BORUTO ナルティメットストームコネクションズ,-,YES,ETC,バンダイナムコエンターテインメント,6640_0m_4742,1,その他,その他
2023-11-16,レイニーフロッグ,ヴァルシリア アーク ～ヒーロースクールストーリー2～,-,,ETC,レイニーフロッグ,0,1,その他,その他
2023-11-16,インティ・クリエイツ,幻日のヨハネ -BLAZE in the DEEPBLUE-,-,YES,ETC,インティ・クリエイツ,0,1,その他,その他
2023-11-17,アトラス,ペルソナ5 タクティカ,33,YES,SRPG,アトラス,6511_0m_4342,1,シミュレーションRPG,その他
2023-11-18,Frontier Developments,Warhammer Age of Sigmar: Realms of Ruin（英語版）,32,,SPT,Frontier Developments,6820_0m_4923,1,野球,その他
2023-11-21,Armor Games Studios（英語版）,In Stars and Time,-,,ETC,Armor Games Studios（英語版）,0,1,その他,その他
2023-11-21,Tozai Games,アイレムコレクション Vol.1,-,YES,ETC,Tozai Games,0,1,その他,その他
2023-11-30,オーイズミ・アミュージオ,Gravity Circuit,-,YES,ETC,オーイズミ・アミュージオ,0,1,その他,その他
2023-11-30,3goo,RoboCop: Rogue City,-,YES,ETC,3goo,0,1,その他,その他
2023-12-07,ユービーアイソフト,アバター：フロンティア・オブ・パンドラ（英語版）,32,YES,AADV,ユービーアイソフト,0,1,アクションアドベンチャー,その他
2023-12-13,バンダイナムコオンライン,BLUE PROTOCOL,-,,ETC,バンダイナムコオンライン,0,1,その他,その他
2023-12-14,セガ,Atlas Fallen（英語版）,32,YES,SPT,セガ,6820_0m_4923,1,野球,その他
2023-12-14,ディースリー・パブリッシャー,CUSTOM MECH WARS -カスタムメックウォーズ-,-,YES,ETC,ディースリー・パブリッシャー,0,1,その他,その他
2023-12-14,NetEase Games,Under The Waves（英語版）,32,YES,SPT,NetEase Games,6820_0m_4923,1,野球,その他
2023-12-14,PLAYISM,グノーシア,-,YES,ETC,PLAYISM,0,1,その他,その他
2023-12-14,Cygames,グランブルーファンタジー ヴァーサス -ライジング-,-,,ETC,Cygames,2669_0m_1542n,1,その他,その他
2023-12-14,コトブキソリューション,ケムコRPGセレクション Vol.11,-,YES,ETC,コトブキソリューション,0,1,その他,その他
2023-12-14,レイニーフロッグ,ミクと水没都市 廃墟の謎,-,YES,ETC,レイニーフロッグ,0,1,その他,その他
2023-12-21,スパイク・チュンソフト,バルダーズ・ゲート3,-,YES,ETC,スパイク・チュンソフト,0,1,その他,その他
2024-01-18,PCF Group（英語版）,Bulletstorm VR,-,,ETC,PCF Group（英語版）,0,1,その他,その他
2024-01-18,ユービーアイソフト,プリンス オブ ペルシャ 失われた王冠（英語版）,-,YES,ETC,ユービーアイソフト,6589_0m_4691,1,その他,その他
2024-01-19,ソニー・インタラクティブエンタテインメント,The Last of Us Part II Remastered,-,YES,ETC,ソニー・インタラクティブエンタテインメント,3811_0m_1979,1,その他,その他
2024-01-25,PLAYISM,Touhou Luna Nights（英語版）,32,YES,SPT,PLAYISM,6820_0m_4923,1,野球,その他
2024-01-25,アークシステムワークス,UNDER NIGHT IN-BIRTH II Sys:Celes,-,YES,ETC,アークシステムワークス,0,1,その他,その他
2024-01-25,システムソフト・ベータ,天下統一SSB,-,,ETC,システムソフト・ベータ,0,1,その他,その他
2024-01-26,バンダイナムコエンターテインメント,鉄拳8,36,YES,FTG,バンダイナムコエンターテインメント,6663_0m_4765,1,3D対戦格闘,その他
2024-01-26,セガ,龍が如く8,-,YES,ETC,セガ,0,1,その他,その他
2024-02-01,Cygames,GRANBLUE FANTASY Relink（英語版）,32,YES,SPT,Cygames,6820_0m_4923,1,野球,その他
2024-02-01,バンダイナムコエンターテインメント,サイレントヒル: ザ ショートメッセージ,-,,ETC,バンダイナムコエンターテインメント,0,1,その他,その他
2024-02-01,ライアットゲームズ,ヌヌの唄：リーグ・オブ・レジェンド ストーリー,-,,ETC,ライアットゲームズ,0,1,その他,その他
2024-02-01,フリュー,レジェンド オブ レガシー HDリマスター,-,YES,ETC,フリュー,0,1,その他,その他
2024-02-01,バンダイナムコエンターテインメント,呪術廻戦 戦華双乱,-,YES,ETC,バンダイナムコエンターテインメント,0,1,その他,その他
2024-02-02,ワーナー・ブラザース・インタラクティブ・エンターテイメント,Suicide Squad: Kill the Justice League（英語版）,32,,SPT,ワーナー・ブラザース・インタラクティブ・エンターテイメント,6820_0m_4923,1,野球,その他
2024-02-02,アトラス,ペルソナ3 リロード,-,YES,ETC,アトラス,6661_0m_4763n,1,その他,その他
2024-02-06,スクウェア・エニックス,FOAMSTARS,-,,ETC,スクウェア・エニックス,0,1,その他,その他
2024-02-08,ソニー・インタラクティブエンタテインメント,HELLDIVERS 2（英語版）,32,YES,SPT,ソニー・インタラクティブエンタテインメント,6820_0m_4923,1,野球,その他
2024-02-08,Kalypso Media Japan,ジ・インクイジター（英語版）,-,,ETC,Kalypso Media Japan,0,1,その他,その他
2024-02-14,Aiming,ダンジョンに出会いを求めるのは間違っているだろうか バトル・クロニクル,-,,ETC,Aiming,0,1,その他,その他
2024-02-15,インティ・クリエイツ,GUNVOLT RECORDS 電子軌録律,-,YES,ETC,インティ・クリエイツ,0,1,その他,その他
2024-02-16,ユービーアイソフト,スカル アンド ボーンズ（英語版）,30,YES,AADV,ユービーアイソフト,0,1,海賊アクションアドベンチャー,その他
2024-02-22,Beep Japan,SLAVE ZERO X（英語版）,32,YES,SPT,Beep Japan,6820_0m_4923,1,野球,その他
2024-02-22,Skydance Interactive（英語版）,The Walking Dead: Saints & Sinners - Chapter 2: Retribution（英語版）,32,,SPT,Skydance Interactive（英語版）,6820_0m_4923,1,野球,その他
2024-02-29,日本一ソフトウェア,BAR ステラアビス,-,YES,ETC,日本一ソフトウェア,0,1,その他,その他
2024-02-29,バンダイナムコエンターテインメント,ドラゴンボール ファイターズ,36,,FTG,バンダイナムコエンターテインメント,1173_0m_958,1,ドラゴンボールファイティング,その他
2024-02-29,スクウェア・エニックス,ファイナルファンタジーVII リバース,38,YES,RPG,スクウェア・エニックス,6777_0m_4880,1,RPG,その他
2024-02-29,ビサイド,幻日のヨハネ -NUMAZU in the MIRAGE-,-,YES,ETC,ビサイド,0,1,その他,その他
2024-03-08,アトラス,ユニコーンオーバーロード,-,YES,ETC,アトラス,0,1,その他,その他
2024-03-14,PLAYISM,Ib,-,YES,ETC,PLAYISM,0,1,その他,その他
2024-03-14,ブシロード,マクロス -Shooting Insight-,-,YES,ETC,ブシロード,0,1,その他,その他
2024-03-15,THQ Nordic,Outcast 2 - A New Beginning（英語版）,32,,SPT,THQ Nordic,6820_0m_4923,1,野球,その他
2024-03-20,THQ Nordic,アローン・イン・ザ・ダーク,-,YES,ETC,THQ Nordic,0,1,その他,その他
2024-03-22,コーエーテクモゲームス,Rise of the Ronin,-,YES,ETC,コーエーテクモゲームス,0,1,その他,その他
2024-03-22,カプコン,ドラゴンズドグマ2,-,YES,ETC,カプコン,0,1,その他,その他
2024-03-28,コーエーテクモゲームス,ウイニングポスト10 2024,-,YES,ETC,コーエーテクモゲームス,0,1,その他,その他
2024-03-28,三月うさぎの森,ラジルギ2,-,,ETC,三月うさぎの森,0,1,その他,その他
2024-04-15,THQ Nordic,PERISH,-,,ETC,THQ Nordic,0,1,その他,その他
2024-04-17,Kepler Interactive,バイオニックベイ,-,,ETC,Kepler Interactive,0,1,その他,その他
2024-04-18,3goo,UFOロボ グレンダイザー：たとえ我が命つきるとも,-,YES,ETC,3goo,0,1,その他,その他
2024-04-19,Thirdverse,SOUL COVENANT,-,,ETC,Thirdverse,0,1,その他,その他
2024-04-23,505 Games,百英雄伝（英語版）,-,YES,ETC,505 Games,0,1,その他,その他
2024-04-25,バンダイナムコエンターテインメント,SAND LAND,-,YES,ETC,バンダイナムコエンターテインメント,0,1,その他,その他
2024-04-25,スクウェア・エニックス,サガ エメラルド ビヨンド,-,YES,ETC,スクウェア・エニックス,0,1,その他,その他
2024-04-26,ソニー・インタラクティブエンタテインメント,Stellar Blade,-,YES,ETC,ソニー・インタラクティブエンタテインメント,0,1,その他,その他
2024-05-09,Bigmode,ANIMAL WELL,-,YES,ETC,Bigmode,0,1,その他,その他
2024-05-09,ブシロード,Gift（英語版）,32,YES,SPT,ブシロード,6820_0m_4923,1,野球,その他
2024-05-09,ININ,レインボーコットン（英語版）,-,YES,ETC,ININ,0,1,その他,その他
2024-05-14,Thekla,"Braid, Anniversary Edition",-,,ETC,Thekla,0,1,その他,その他
2024-05-15,3goo,ガーデンライフ：夢の庭をつくろう,-,YES,ETC,3goo,0,1,その他,その他
2024-05-18,Maximum Entertainment,Morbid: The Lords of Ire,-,,ETC,Maximum Entertainment,0,1,その他,その他
2024-05-21,ユービーアイソフト,エックスディファイアント,-,YES,ETC,ユービーアイソフト,0,1,その他,その他
2024-05-23,Wild Kid Games,Evil Wizard,-,,ETC,Wild Kid Games,0,1,その他,その他
2024-05-23,日本ファルコム,イース・メモワール -フェルガナの誓い-,-,YES,ETC,日本ファルコム,0,1,その他,その他
2024-05-23,ディースリー・パブリッシャー,四角い地球に再びシカク現る!? デジボク地球防衛軍2 EARTH DEFENSE FORCE: WORLD BROTHERS,-,YES,ETC,ディースリー・パブリッシャー,0,1,その他,その他
2024-05-29,Daedalic Entertainment,Capes,-,,ETC,Daedalic Entertainment,0,1,その他,その他
2024-05-31,Maximum Entertainment,Morbid: The Lords of Ire,-,,ETC,Maximum Entertainment,0,1,その他,その他
2024-06-05,Good Shepherd Entertainment（英語版）,Killer Klowns from Outer Space: The Game,-,,ETC,Good Shepherd Entertainment（英語版）,0,1,その他,その他
2024-06-07,ユービーアイソフト,Rocksmith+,-,,ETC,ユービーアイソフト,0,1,その他,その他
2024-06-14,アトラス,真・女神転生V Vengeance,-,YES,ETC,アトラス,0,1,その他,その他
2024-06-27,バンダイナムコエンターテインメント,SPY×FAMILY OPERATION DIARY,-,YES,ETC,バンダイナムコエンターテインメント,0,1,その他,その他
2024-07-02,ネクソン,The First Descendant,-,YES,ETC,ネクソン,0,1,その他,その他
2024-07-17,ゲームロフト,アスファルト:Legends Unite,-,,ETC,ゲームロフト,0,1,その他,その他
2024-07-17,アニプレックス,鬼滅の刃 目指せ！最強隊士！,-,,ETC,アニプレックス,0,1,その他,その他
2024-07-18,Kepler Interactive,Flintlock: The Siege of Dawn（英語版）,32,,SPT,Kepler Interactive,6820_0m_4923,1,野球,その他
2024-07-18,マーベラス,ボウと月夜の碧い花,-,YES,ETC,マーベラス,0,1,その他,その他
2024-07-18,スパイク・チュンソフト,超探偵事件簿 レインコード プラス,-,YES,ETC,スパイク・チュンソフト,0,1,その他,その他
2024-07-25,フリュー,REYNATIS/レナティス,-,YES,ETC,フリュー,0,1,その他,その他
2024-08-06,コナミデジタルエンタテインメント,CYGNI: All Guns Blazing,-,,ETC,コナミデジタルエンタテインメント,0,1,その他,その他
2024-08-08,Bliss Brain,プリンセスメーカー2 リジェネレーション,-,YES,ETC,Bliss Brain,0,1,その他,その他
2024-08-08,バンダイナムコエンターテインメント,転生したらスライムだった件 テンペストストーリーズ,-,YES,ETC,バンダイナムコエンターテインメント,0,1,その他,その他
2024-08-17,RainyGames,SunnySide,-,,ETC,RainyGames,0,1,その他,その他
2024-08-20,Game Science,黒神話:悟空,-,YES,ETC,Game Science,0,1,その他,その他
2024-08-22,セガ,Enotria: The Last Song,-,YES,ETC,セガ,0,1,その他,その他
2024-08-24,ソニー・インタラクティブエンタテインメント,CONCORD,-,,ETC,ソニー・インタラクティブエンタテインメント,0,1,その他,その他
2024-08-29,バンダイナムコエンターテインメント,ガンダムブレイカー4,-,YES,ETC,バンダイナムコエンターテインメント,0,1,その他,その他
2024-08-29,スクウェア・エニックス,聖剣伝説 VISIONS of MANA,-,YES,ETC,スクウェア・エニックス,6893_0m_4998,1,その他,その他
2024-08-30,ユービーアイソフト,スター・ウォーズ 無法者たち（英語版）,-,,ETC,ユービーアイソフト,0,1,その他,その他
2024-09-05,セガ,Cronos: The New Dawn,-,YES,ETC,セガ,0,1,その他,その他
2024-09-06,ソニー・インタラクティブエンタテインメント,アストロボット,36,YES,ACT,ソニー・インタラクティブエンタテインメント,6854_0m_4958,1,3Dアクション,その他
2024-09-13,SOFTSOURCE,Funko Fusion,-,,ETC,SOFTSOURCE,0,1,その他,その他
2024-09-26,不明,Astrea: Six-Sided Oracles,-,,ETC,不明,0,1,その他,その他
2024-09-27,エレクトロニック・アーツ,EA Sports FC 25,-,YES,ETC,エレクトロニック・アーツ,0,1,その他,その他
2024-10-08,コナミデジタルエンタテインメント,サイレントヒル2,-,YES,ETC,コナミデジタルエンタテインメント,0,1,その他,その他
2024-10-10,バンダイナムコエンターテインメント,ドラゴンボール Sparking! ZERO,-,YES,ETC,バンダイナムコエンターテインメント,0,1,その他,その他
2024-10-11,アトラス,メタファー:リファンタジオ,-,YES,ETC,アトラス,0,1,その他,その他
2024-10-17,コナミデジタルエンタテインメント,プロ野球スピリッツ2024-2025,-,,ETC,コナミデジタルエンタテインメント,0,1,その他,その他
2024-10-23,Mojang Studios,マインクラフト,-,YES,ETC,Mojang Studios,193_0m_128n,1,その他,その他
2024-10-24,コーエーテクモゲームス,三國志8 Remake,-,,ETC,コーエーテクモゲームス,0,1,その他,その他
2024-10-25,日本マイクロソフト(Xbox Game Studios),コール オブ デューティ ブラックオプス 6,-,YES,ETC,日本マイクロソフト(Xbox Game Studios),0,1,その他,その他
2024-10-25,セガ,ソニック × シャドウ ジェネレーションズ,-,YES,ETC,セガ,0,1,その他,その他
2024-12-19,"SURVIOS, INC",Alien: Rogue Incursion,-,,ETC,"SURVIOS, INC",0,1,その他,その他
2025-01-02,KURO GAMES,鳴潮,-,,ETC,KURO GAMES,0,1,その他,その他
2025-01-06,Yummy Games,プロジェクトタワー,-,,ETC,Yummy Games,0,1,その他,その他
2025-01-09,バンダイナムコエンターテインメント,FREEDOM WARS Remastered,-,,ETC,バンダイナムコエンターテインメント,0,1,その他,その他
2025-01-16,バンダイナムコエンターテインメントス,テイルズ オブ グレイセス エフ リマスター,-,YES,ETC,バンダイナムコエンターテインメントス,0,1,その他,その他
2025-01-17,コーエーテクモゲームス,真・三國無双 ORIGINS,38,YES,ACT,コーエーテクモゲームス,6853_0m_4957,1,タクティカルアクション,その他
2025-01-23,Binary Haze Interactive,ENDER MAGNOLIA: Bloom in the Mist,-,,ETC,Binary Haze Interactive,0,1,その他,その他
2025-01-23,バンダイナムコエンターテインメント,SYNDUALITY Echo of Ada,-,,ETC,バンダイナムコエンターテインメント,0,1,その他,その他
2025-02-05,PLAION,Kingdom Come: Deliverance II,-,,ETC,PLAION,0,1,その他,その他
2025-02-06,PLAYISM,Momodora: 月影のエンドロール,-,,ETC,PLAYISM,0,1,その他,その他
2025-02-11,2KFiraxis Games,シドマイヤーズ シヴィライゼーションVII,-,,ETC,2KFiraxis Games,0,1,その他,その他
2025-02-12,MARCER GAMES,Pyramids and Aliens: Escape Room,-,,ETC,MARCER GAMES,0,1,その他,その他
2025-02-13,The Fun Pimps,7 Days to Die,-,YES,ETC,The Fun Pimps,0,1,その他,その他
2025-02-13,DANGEN Entertainment,Recall: Empty Wishes,-,,ETC,DANGEN Entertainment,0,1,その他,その他
2025-02-13,Eggtart,メタルスーツ：カウンターアタック,-,,ETC,Eggtart,0,1,その他,その他
2025-02-13,PLAYISM,救国のスネジンカ,-,,ETC,PLAYISM,0,1,その他,その他
2025-02-13,コーエーテクモゲームス,無双:Abyss,-,,ETC,コーエーテクモゲームス,0,1,その他,その他
2025-02-13,集英社ゲームズ,都市伝説解体センター,-,,ETC,集英社ゲームズ,0,1,その他,その他
2025-02-20,Astrolabe Games,機動戦艦ガンドッグ 太陽系物語,-,,ETC,Astrolabe Games,0,1,その他,その他
2025-02-21,セガ,龍が如く8外伝 Pirates in Hawaii,-,YES,ETC,セガ,0,1,その他,その他
2025-02-28,カプコン,モンスターハンターワイルズ,-,YES,ETC,カプコン,0,1,その他,その他
2025-03-06,コナミ,幻想水滸伝 1&2 HDリマスター 門の紋章戦争 / デュナン統一戦争,-,,ETC,コナミ,0,1,その他,その他
2025-03-07,エレクトロニック・アーツ,スプリット・フィクション,-,,ETC,エレクトロニック・アーツ,0,1,その他,その他
2025-03-20,ユービーアイソフト,アサシン クリード シャドウズ,-,YES,ETC,ユービーアイソフト,0,1,その他,その他
2025-03-21,バンダイナムコエンターテインメント,BLEACH Rebirth of Souls,-,YES,ETC,バンダイナムコエンターテインメント,0,1,その他,その他
2025-03-21,コーエーテクモゲームス,ユミアのアトリエ ～追憶の錬金術士と幻創の地～,-,YES,ETC,コーエーテクモゲームス,6855_0m_4959,1,その他,その他
2025-03-27,コーエーテクモゲームス,Venus Vacation PRISM - DEAD OR ALIVE Xtreme -,-,YES,ETC,コーエーテクモゲームス,6857_0m_4960,1,その他,その他
2025-04-17,Beep Japan,Starship Troopers: Extermination,-,,ETC,Beep Japan,0,1,その他,その他
2025-04-17,ベセスダ・ソフトワークス,インディ・ジョーンズ/大いなる円環,-,,ETC,ベセスダ・ソフトワークス,6864_0m_4969,1,その他,その他
2025-04-17,セガ,ツーポイントミュージアム エクスプローラーエディション,-,,ETC,セガ,0,1,その他,その他
2025-04-24,Kepler Interactive / セガ,Clair Obscur: Expedition 33,-,,ETC,Kepler Interactive / セガ,0,1,その他,その他
2025-04-24,PQubeBeep Japan,ナノアポスル,-,,ETC,PQubeBeep Japan,0,1,その他,その他
2025-04-24,SNK,餓狼伝説 City of the Wolves,-,,ETC,SNK,0,1,その他,その他
2025-05-08,Silver Lining Interactive,Spirit of the North 2,-,YES,ETC,Silver Lining Interactive,0,1,その他,その他
2025-05-15,Game Source Entertainment,百剣討妖伝綺譚,-,,ETC,Game Source Entertainment,0,1,その他,その他
2025-05-22,Starbreeze Entertainment,Out of Sight,-,,ETC,Starbreeze Entertainment,0,1,その他,その他
2025-05-30,フロム・ソフトウェア,ELDEN RING NIGHTREIGN,-,,ETC,フロム・ソフトウェア,0,1,その他,その他
2025-06-05,ハチノヨン,DELTARUNE,-,,ETC,ハチノヨン,0,1,その他,その他
2025-06-17,Remedy Entertainment,FBC:Breakout,-,,ETC,Remedy Entertainment,0,1,その他,その他
2025-06-19,アトラス,RAIDOU Remastered: 超力兵団奇譚,-,YES,ETC,アトラス,0,1,その他,その他
2025-06-23,INTENSE,UNDERWARD,-,,ETC,INTENSE,0,1,その他,その他
2025-06-26,コジマプロダクション,DEATH STRANDING 2: ON THE BEACH,-,YES,ETC,コジマプロダクション,6844_0m_4948,1,その他,その他
2025-07-15,VOID Interactive,Ready or Not,-,,ETC,VOID Interactive,0,1,その他,その他
2025-07-15,Nordcurrent Labs,エリクスホルム：奪われた夢,-,,ETC,Nordcurrent Labs,0,1,その他,その他
2025-07-17,システムソフト・ベータ,大戦略SSB,-,,ETC,システムソフト・ベータ,0,1,その他,その他
2025-07-24,BEEP,コットンリブート ハイテンション!,-,,ETC,BEEP,0,1,その他,その他
2025-07-31,DotEmu,NINJA GAIDEN: Ragebound,-,,ETC,DotEmu,0,1,その他,その他
2025-08-01,Limited Run Games,オレっ!トンバ Special Edition,-,YES,ETC,Limited Run Games,0,1,その他,その他
2025-08-01,不明,鬼滅の刃 ヒノカミ血風譚2,-,,ETC,不明,0,1,その他,その他
2025-08-05,バンダイナムコエンターテインメント,DEATH NOTE Killer Within,-,,ETC,バンダイナムコエンターテインメント,0,1,その他,その他
2025-08-05,不明,Hello Kitty Island Adventure,-,,ETC,不明,0,1,その他,その他
2025-08-07,THQ Nordic Japan,Goat Simulator: Remastered,31,,SLG,THQ Nordic Japan,0,1,ヤギシミュレーター,その他
2025-08-07,3goo,RoboCop: Rogue City - Unfinished Business,-,,ETC,3goo,0,1,その他,その他
2025-08-07,コナミ,グラディウス オリジン コレクション,-,,ETC,コナミ,0,1,その他,その他
2025-08-07,賈船,バスレロエス インベージョン,-,YES,ETC,賈船,0,1,その他,その他
2025-08-08,ベセスダ・ソフトワークス,Heretic + Hexen,-,,ETC,ベセスダ・ソフトワークス,0,1,その他,その他
2025-08-08,2K,マフィア：オリジン ～裏切りの祖国,-,,ETC,2K,0,1,その他,その他
2025-08-18,松竹,BrokenLore: DON'T WATCH,-,,ETC,松竹,0,1,その他,その他
2025-08-19,TiMi Studios,Delta Force,-,,ETC,TiMi Studios,0,1,その他,その他
2025-08-19,Giant Squid,SWORD OF THE SEA,-,,ETC,Giant Squid,0,1,その他,その他
2025-08-20,スクウェア・エニックス,トライアングルストラテジー,-,,ETC,スクウェア・エニックス,0,1,その他,その他
2025-08-21,PQube,Discounty: ドタバタスーパー物語,-,,ETC,PQube,0,1,その他,その他
2025-08-21,ケムコ,ケムコRPGセレクションVol.14,-,YES,ETC,ケムコ,0,1,その他,その他
2025-08-21,Ubisoft,ザ・ローグ：プリンス オブ ペルシャ,-,,ETC,Ubisoft,6836_0m_4940,1,その他,その他
2025-08-21,日本ファルコム,英雄伝説 閃の軌跡III,33,YES,RPG,日本ファルコム,0,1,ストーリーRPG,その他
2025-08-21,コンパイルハート,魔法司書アリアナ ～七英傑の書～,-,YES,ETC,コンパイルハート,0,1,その他,その他
2025-08-28,バンダイナムコエンターテインメント,スーパーロボット大戦Y,-,,ETC,バンダイナムコエンターテインメント,1294_0m_1025,1,その他,その他
2025-08-28,コナミデジタルエンタテインメント,メタルギアソリッド デルタ: スネークイーター,-,YES,ETC,コナミデジタルエンタテインメント,0,1,その他,その他
2025-08-28,日本一ソフトウェア,連呪,-,YES,ETC,日本一ソフトウェア,0,1,その他,その他
2025-09-03,Reikon Games,METAL EDEN,-,,ETC,Reikon Games,0,1,その他,その他
2025-09-04,Nacon,Hell is Us,-,,ETC,Nacon,0,1,その他,その他
2025-09-04,架け橋ゲームズ,Hirogami,-,,ETC,架け橋ゲームズ,0,1,その他,その他
2025-09-04,不明,Mandragora: Whispers of the Witch Tree,-,,ETC,不明,0,1,その他,その他
2025-09-04,Hutlihut GamesFocus Entertainment,Void Crew,-,,ETC,Hutlihut GamesFocus Entertainment,0,1,その他,その他
2025-09-04,バンダイナムコエンターテインメント,みんなのGOLF WORLD,-,,ETC,バンダイナムコエンターテインメント,0,1,その他,その他
2025-09-05,Take-Two,NBA 2K26,-,,ETC,Take-Two,6821_0m_4924,1,その他,その他
2025-09-05,マーベラス,デモンエクスマキナ タイタニックサイオン,-,,ETC,マーベラス,0,1,その他,その他
2025-09-09,3goo,Firefighting Simulator: Ignite,-,,ETC,3goo,0,1,その他,その他
2025-09-18,エインシャント/SUPERDELUXE GAMES,アーシオン,-,,ETC,エインシャント/SUPERDELUXE GAMES,0,1,その他,その他
2025-09-18,バンダイナムコエンターテインメント,トワと神樹の祈り子たち,-,,ETC,バンダイナムコエンターテインメント,0,1,その他,その他
2025-09-18,MAGES.,五等分のプリンセス ～幻想と深淵と魔法学院～,-,,ETC,MAGES.,0,1,その他,その他
2025-09-19,スパイク・チュンソフト,Dying Light: The Beast,-,,ETC,スパイク・チュンソフト,0,1,その他,その他
2025-09-23,Devolver Digital,Baby Step,-,,ETC,Devolver Digital,0,1,その他,その他
2025-09-23,Gearbox Software,ボーダーランズ4,-,,ETC,Gearbox Software,0,1,その他,その他
2025-09-25,コナミデジタルエンタテインメント,サイレントヒルf,-,YES,ETC,コナミデジタルエンタテインメント,0,1,その他,その他
2025-09-25,セガ,ソニックレーシング クロスワールド,-,YES,ETC,セガ,0,1,その他,その他
2025-09-25,Teyon Japan,プレートアップ！,-,,ETC,Teyon Japan,0,1,その他,その他
2025-09-25,ハピネット,ポピープレイタイム トリプルパック,-,YES,ETC,ハピネット,0,1,その他,その他
2025-09-25,Eastasiasoft,範馬刃牙: Blood Arena,-,,ETC,Eastasiasoft,0,1,その他,その他
2025-09-26,エレクトロニック・アーツ,EA Sports FC 26,-,YES,ETC,エレクトロニック・アーツ,0,1,その他,その他
2025-09-26,不明,ホテル・バルセロナ,-,,ETC,不明,0,1,その他,その他
2025-09-26,コーエーテクモゲームス,紅の錬金術士と白の守護者 ～レスレリアーナのアトリエ～,-,YES,ETC,コーエーテクモゲームス,6856_0m_4961,1,その他,その他
2025-09-30,スクウェア・エニックス,ファイナルファンタジータクティクス - イヴァリース クロニクルズ,-,YES,ETC,スクウェア・エニックス,0,1,その他,その他
2025-10-01,Fictions,LEGO Party!,-,,ETC,Fictions,0,1,その他,その他
2025-10-01,Dovetail Games,Train Sim World 6,-,,ETC,Dovetail Games,0,1,その他,その他
2025-10-01,Skaule,マジカルデリカシー,-,,ETC,Skaule,0,1,その他,その他
2025-10-02,ソニー・コンピュータエンタテインメント,Ghost of Yōtei,-,YES,ETC,ソニー・コンピュータエンタテインメント,6845_0m_4949,1,その他,その他
2025-10-02,バンダイナムコエンターテインメント,デジモンストーリー タイムストレンジャー,-,YES,ETC,バンダイナムコエンターテインメント,0,1,その他,その他
2025-10-02,ケムコ,ハッピールートを終わらせて,-,YES,ETC,ケムコ,0,1,その他,その他
2025-10-02,ブシロード,魔法使いの嫁 盛夏の幻と夢見る旅路,-,,ETC,ブシロード,0,1,その他,その他
2025-10-05,サンソフト,野生のラスボスが現れた！～黒翼のサバイバー～,-,,ETC,サンソフト,0,1,その他,その他
2025-10-09,Dotemu,Absolum,-,YES,ETC,Dotemu,0,1,その他,その他
2025-10-09,賈船,PantyParty完成体,-,YES,ETC,賈船,0,1,その他,その他
2025-10-09,Teyon Japan,スペースコブラ:The Awakening,-,YES,ETC,Teyon Japan,0,1,その他,その他
2025-10-10,キュー・ゲームス,Dreams of Another,-,,ETC,キュー・ゲームス,0,1,その他,その他
2025-10-10,キュー・ゲームス,PixelJunk Eden 2,-,,ETC,キュー・ゲームス,0,1,その他,その他
2025-10-10,エレクトロニック・アーツ,バトルフィールド6,-,,ETC,エレクトロニック・アーツ,0,1,その他,その他
2025-10-10,バンダイナムコエンターテインメント,リトルナイトメア3（英語版）,-,,ETC,バンダイナムコエンターテインメント,0,1,その他,その他
2025-10-10,Game Source Entertainmen,ロスト イン ファンタランド,-,,ETC,Game Source Entertainmen,0,1,その他,その他
2025-10-14,ユービーアイソフト,ジャストダンス2026エディション,-,,ETC,ユービーアイソフト,0,1,その他,その他
2025-10-16,Devolver Digital,BALL x PIT,-,,ETC,Devolver Digital,0,1,その他,その他
2025-10-16,ハピネット,STARBITES,-,YES,ETC,ハピネット,0,1,その他,その他
2025-10-16,Future Friends Games,The Cabin Factory,-,,ETC,Future Friends Games,0,1,その他,その他
2025-10-17,Guarida Games,Kittengumi Shorts: Chapter 0,-,,ETC,Guarida Games,0,1,その他,その他
2025-10-21,Xbox Game Studios,NINJA GAIDEN 4,-,,ETC,Xbox Game Studios,0,1,その他,その他
2025-10-21,不明,ジュラシック・ワールド・エボリューション3,-,,ETC,不明,0,1,その他,その他
2025-10-22,Paradox InteractiveWhite Wolf,Vampire: The Masquerade – Bloodlines 2,-,,ETC,Paradox InteractiveWhite Wolf,0,1,その他,その他
2025-10-23,Annapurna Interactive,Bounty Star,-,,ETC,Annapurna Interactive,0,1,その他,その他
2025-10-23,Thunderful Publishing,GODBREAKERS,-,,ETC,Thunderful Publishing,0,1,その他,その他
2025-10-23,FuturLab,PowerWash Simulator 2,-,,ETC,FuturLab,0,1,その他,その他
2025-10-23,SOFTSOURCE,Tormented Souls （苦悶の魂）2,-,,ETC,SOFTSOURCE,6793_0m_4896,1,その他,その他
2025-10-23,H2 INTERACTIVE,ルーフトップス＆アリーズ: ザ・パルクールゲーム,-,,ETC,H2 INTERACTIVE,0,1,その他,その他
2025-10-23,バンダイナムコエンターテインメント,ワンス・アポン・ア・塊魂,-,,ETC,バンダイナムコエンターテインメント,0,1,その他,その他
2025-10-23,Dojo System S.L.,沈んだ森,-,,ETC,Dojo System S.L.,0,1,その他,その他
2025-10-23,Justdan International,速攻退職,-,,ETC,Justdan International,0,1,その他,その他
2025-10-24,Forever Entertainment,ザ・ハウス・オブ・ザ・デッド 2：リメイク,-,,ETC,Forever Entertainment,6786_0m_4889,1,その他,その他
2025-10-30,Embark Studios（英語版）,ARC Raiders,-,,ETC,Embark Studios（英語版）,0,1,その他,その他
2025-10-30,Xbox Game Studios,The Outer Worlds 2,-,,ETC,Xbox Game Studios,0,1,その他,その他
2025-10-30,セガ,Virtua Fighter 5 R.E.V.O. World Stage,-,,ETC,セガ,0,1,その他,その他
2025-10-30,スクウェア・エニックス,ウォブリーライフ,-,,ETC,スクウェア・エニックス,0,1,その他,その他
2025-10-30,バンダイナムコエンターテインメント,テイルズ オブ エクシリア リマスター,-,,ETC,バンダイナムコエンターテインメント,0,1,その他,その他
2025-10-30,スクウェア・エニックス,ドラゴンクエストI＆II,-,YES,ETC,スクウェア・エニックス,0,1,その他,その他
2025-10-31,ソニー・コンピュータエンタテインメント,Ghost of Yōtei,-,YES,ETC,ソニー・コンピュータエンタテインメント,6845_0m_4949,1,その他,その他
2025-10-31,ベセスダ・ソフトワークス/ゼニマックス・アジア,The Elder Scrolls IV: Oblivion Remastered,-,YES,ETC,ベセスダ・ソフトワークス/ゼニマックス・アジア,0,1,その他,その他
2025-11-04,CGI LAB SRL,ABYSS: BACKROOMS POOLS HORROR VR,-,,ETC,CGI LAB SRL,0,1,その他,その他
2025-11-04,Microsoft Corporation,Age of Empires IV ANNIVERSARY EDITION,-,,ETC,Microsoft Corporation,0,1,その他,その他
2025-11-05,The Game Bakers,Cairn,-,,ETC,The Game Bakers,0,1,その他,その他
2025-11-05,セガ,Football Manager 26 Console,-,YES,ETC,セガ,0,1,その他,その他
2025-11-07,Gamirror Gamesh,The Awakener：Forgotten Oath,-,,ETC,Gamirror Gamesh,0,1,その他,その他
2025-11-08,不明,Dark Deity 2,-,,ETC,不明,0,1,その他,その他
2025-11-11,エンハンス,Lumines Arise,-,,ETC,エンハンス,0,1,その他,その他
2025-11-12,Skybound Games,Goodnight Universe,-,,ETC,Skybound Games,0,1,その他,その他
2025-11-12,Devolver Digital,Possessor(s),-,,ETC,Devolver Digital,0,1,その他,その他
2025-11-13,3goo,RENNSPORT,-,,ETC,3goo,0,1,その他,その他
2025-11-13,intiny,しまった！ 美人に囲まれた！2,-,,ETC,intiny,0,1,その他,その他
2025-11-13,ユービーアイソフト,アノ 117: パックスロマーナ,-,,ETC,ユービーアイソフト,0,1,その他,その他
2025-11-13,コーエーテクモゲームス,ライザのアトリエ 〜常闇の女王と秘密の隠れ家〜 DX,-,,ETC,コーエーテクモゲームス,2954_0m_1652,1,その他,その他
2025-11-14,日本マイクロソフト(Xbox Game Studios),Call of Duty: Black Ops 7,-,YES,ETC,日本マイクロソフト(Xbox Game Studios),0,1,その他,その他
2025-11-14,ラタライカゲームス,VIDEOVERSE,-,,ETC,ラタライカゲームス,0,1,その他,その他
2025-11-14,レベルファイブ,イナズマイレブン 英雄たちのヴィクトリーロード,35,,SPT,レベルファイブ,0,1,収集・育成サッカーRPG,その他
2025-11-15,NETEASE INTERACTIVE ENTERTAINMENT PTE.LTD,風燕伝：Where Winds Meet,-,,ETC,NETEASE INTERACTIVE ENTERTAINMENT PTE.LTD,0,1,その他,その他
2025-11-18,PARCO GAMES,The Berlin Apartment,-,,ETC,PARCO GAMES,0,1,その他,その他
2025-11-18,THQ Nordic,スポンジ・ボブ：海の荒神たち,-,,ETC,THQ Nordic,0,1,その他,その他
2025-11-18,Untold TalesVARSAV Game Studios,ミツバチシミュレーター：蜂巣,-,,ETC,Untold TalesVARSAV Game Studios,0,1,その他,その他
2025-11-20,不明,Five Nights at Freddy's Into the Pit,-,,ETC,不明,0,1,その他,その他
2025-11-20,シティコネクション,R-Type Delta: HD Boosted,-,,ETC,シティコネクション,0,1,その他,その他
2025-11-20,セガGSC Game World,S.T.A.L.K.E.R. 2: Heart of Chornobyl,-,,ETC,セガGSC Game World,0,1,その他,その他
2025-11-20,マスティフ,エルドラドクリーチャーズ・シャドウフォール,-,,ETC,マスティフ,0,1,その他,その他
2025-11-25,セガGIANTS Software,Project Motor Racing,-,,ETC,セガGIANTS Software,0,1,その他,その他
2025-11-27,サイバーステップ,めろんぱーかー 〜キミがなんでも部の部長さん！〜,-,,ETC,サイバーステップ,0,1,その他,その他
2025-11-27,RS34,カラス,-,,ETC,RS34,0,1,その他,その他
2025-12-02,H2 INTERACTIVE,MARVEL Cosmic Invasion,-,,ETC,H2 INTERACTIVE,6828_0m_4931,1,その他,その他
2025-12-02,ロックスター・ゲームス,レッド・デッド・リデンプション,-,,ETC,ロックスター・ゲームス,0,1,その他,その他
2025-12-03,Blumhouse Games,SLEEP AWAKE,-,,ETC,Blumhouse Games,0,1,その他,その他
2025-12-04,ガンホー・オンライン・エンターテイメント,LET IT DIE: INFERNO,-,,ETC,ガンホー・オンライン・エンターテイメント,0,1,その他,その他
2025-12-04,スクウェア・エニックス,オクトパストラベラー0,-,,ETC,スクウェア・エニックス,0,1,その他,その他
2025-12-05,Vertigo Games,Thief VR: Legacy of Shadow,-,,ETC,Vertigo Games,0,1,その他,その他
2025-12-08,Xbox Game Studios,Microsoft Flight Simulator 2024（英語版）,32,,SPT,Xbox Game Studios,6820_0m_4923,1,野球,その他
2025-12-08,賈船,ウィングスオブエンドレス,-,YES,ETC,賈船,0,1,その他,その他
2025-12-08,セガ,龍が如く 極,34,,AADV,セガ,334_0m_279n,1,アクションアドベンチャー,その他
2025-12-08,セガ,龍が如く 極2,37,,AADV,セガ,1084_0m_903n,1,アクションアドベンチャー,その他
2025-12-11,シルバースタージャパン,遊んで強くなる！銀星囲碁・将棋・麻雀・チェスDX,-,,ETC,シルバースタージャパン,0,1,その他,その他
2025-12-12,Soft Source Publishing,Azura's Crystals,-,,ETC,Soft Source Publishing,0,1,その他,その他
2025-12-12,ケムコ,奇天烈相談ダイヤル,-,,ETC,ケムコ,0,1,その他,その他
2025-12-13,Eastasiasoft,軒轅剣外伝 穹之扉,-,,ETC,Eastasiasoft,0,1,その他,その他
2025-12-18,ケムコ,ケムコRPGセレクション Vol.4,-,,ETC,ケムコ,0,1,その他,その他
2026-01-01,Moon Studios,No Rest for the Wicked,-,,ETC,Moon Studios,0,1,その他,その他
2026-01-01,スパイク・チュンソフト,スーパーダンガンロンパ2x2,-,,ETC,スパイク・チュンソフト,0,1,その他,その他
2026-01-01,レベルファイブ,デカポリス,-,,ETC,レベルファイブ,0,1,その他,その他
2026-01-01,NEKCOM Games,昭和米国物語,-,,ETC,NEKCOM Games,0,1,その他,その他
2026-01-01,NetEase Games,無限大ANANTA,-,,ETC,NetEase Games,0,1,その他,その他
2026-01-09,ケムコ,ヒーローシーカーズ,-,,ETC,ケムコ,0,1,その他,その他
2026-01-15,Pocketpair Publishing,CASSETTE BOY,-,,ETC,Pocketpair Publishing,0,1,その他,その他
2026-01-16,松竹ゲームズ,BrokenLore: UNFOLLOW,-,,ETC,松竹ゲームズ,0,1,その他,その他
2026-01-22,GRYPH FRONTIER,アークナイツ：エンドフィールド,-,,ETC,GRYPH FRONTIER,0,1,その他,その他
2026-01-22,コーラス・ワールドワイド,ダークアトラス：インフェルナム,-,,ETC,コーラス・ワールドワイド,0,1,その他,その他
2026-01-22,セガ,プロサッカークラブをつくろう!2026,-,,ETC,セガ,0,1,その他,その他
2026-01-28,Netmarble,七つの大罪：Origin,-,,ETC,Netmarble,0,1,その他,その他
2026-01-29,バンダイナムコエンターテインメント,CODE VEIN II,-,,ETC,バンダイナムコエンターテインメント,6794_0m_4897,1,その他,その他
2026-01-29,Soft Source Publishing,DreadOut リマスター・コレクション,-,,ETC,Soft Source Publishing,0,1,その他,その他
2026-01-29,日本一ソフトウェア,凶乱マカイズム,-,,ETC,日本一ソフトウェア,6799_0m_4902,1,その他,その他
2026-02-05,スクウェア・エニックス,ドラゴンクエストVII Reimagined,36,,RPG,スクウェア・エニックス,6782_0m_4885,1,RPG,その他
2026-02-05,バンダイナムコエンターテインメント,僕のヒーローアカデミア All’s Justice,-,,ETC,バンダイナムコエンターテインメント,6800_0m_4903,1,その他,その他
2026-02-06,コーエーテクモゲームス,仁王3,36,,ARPG,コーエーテクモゲームス,6801_0m_4904,1,ダーク戦国アクションRPG,その他
2026-02-11,グラスホッパー・マニファクチュア,ロミオ・イズ・ア・デッドマン,-,,ETC,グラスホッパー・マニファクチュア,0,1,その他,その他
2026-02-12,"Limited Run Games, Inc.",JAWS: Retro Edition,-,,ETC,"Limited Run Games, Inc.",0,1,その他,その他
2026-02-12,セガ,龍が如く 極3 / 龍が如く3外伝 DARK TIES,36,,AADV,セガ,6784_0m_4887,1,アクションアドベンチャー,その他
2026-02-13,THQ Nordic,REANIMAL,32,,ADV,THQ Nordic,6805_0m_4908,1,ホラーアドベンチャー,その他
2026-02-13,マーベラス,龍の国 ルーンファクトリー,-,YES,ETC,マーベラス,0,1,その他,その他
2026-02-19,エディア,アーネスト・エバンス コレクション,-,,ETC,エディア,6785_0m_4888n,1,その他,その他
2026-02-24,PLAION,Tides of Tomorrow,-,,ETC,PLAION,0,1,その他,その他
2026-02-26,バンダイナムコエンターテインメント,テイルズ オブ ベルセリア リマスター,35,,RPG,バンダイナムコエンターテインメント,6812_0m_4915,1,君が君らしく生きるためのRPG,その他
2026-02-26,スパイク・チュンソフト,伊達鍵は眠らない – From AI：ソムニウムファイル,-,,ETC,スパイク・チュンソフト,0,1,その他,その他
2026-02-26,システムソフト・ベータ,大戦略SSB2,-,,ETC,システムソフト・ベータ,6814_0m_4917,1,その他,その他
2026-02-26,元気,首都高バトル,-,,ETC,元気,0,1,その他,その他
2026-02-27,カプコン,バイオハザード レクイエム,37,,ETC,カプコン,6816_0m_4919,1,サバイバルホラー,その他
2026-03-06,バンジー,Marathon,-,,ETC,バンジー,0,1,その他,その他
2026-03-12,グランゼーラ,R-TYPE TACTICS I・II COSMOS,-,YES,ETC,グランゼーラ,6818_0m_4921,1,その他,その他
2026-03-12,コーエーテクモゲームス,零 〜紅い蝶〜 REMAKE,31,,ADV,コーエーテクモゲームス,6858_0m_4962,1,和風ホラーアドベンチャー,その他
2026-03-13,カプコン,モンスターハンターストーリーズ3 〜運命の双竜〜,36,,RPG,カプコン,6819_0m_4922,1,RPG,その他
2026-03-19,シティコネクション,RUSHING BEAT X: Return Of Brawl Brothers,-,,ETC,シティコネクション,0,1,その他,その他
2026-03-20,Pearl Abyss,紅の砂漠,33,,AADV,Pearl Abyss,6826_0m_4929,1,アクションアドベンチャー,その他
2026-03-27,"Limited Run Games, Inc.",MARVEL MaXimum Collection,-,,ETC,"Limited Run Games, Inc.",0,1,その他,その他
2026-04-01,Xbox Game Studios,South of Midnight,-,,ETC,Xbox Game Studios,0,1,その他,その他
2026-04-02,Magic Pockets,Clean Up Earth,-,,ETC,Magic Pockets,0,1,その他,その他
2026-04-02,コナミ,Darwin's Paradox!,-,,ETC,コナミ,0,1,その他,その他
2026-04-02,PLAYISM,MotionRec,-,,ETC,PLAYISM,0,1,その他,その他
2026-04-08,ベセスダ・ソフトワークス,Starfield,-,,ETC,ベセスダ・ソフトワークス,0,1,その他,その他
2026-04-16,Shengtian Games,星の翼,-,,ETC,Shengtian Games,0,1,その他,その他
2026-04-23,サンソフト,GAME 最強の職業は勇者でも賢者でもなく鑑定士（仮）らしいですよ?〜地下迷宮と謎の少女〜,-,,ETC,サンソフト,0,1,その他,その他
2026-04-23,インティ・クリエイツ,ぼくらのキングダム 時食む果実といにしえの魔物,-,YES,ETC,インティ・クリエイツ,0,1,その他,その他
2026-04-24,カプコン,プラグマタ,37,,AADV,カプコン,6841_0m_4945,1,SFアクションアドベンチャー,その他
2026-04-29,Perfect World Games,NTE: Neverness to Everness,-,,ETC,Perfect World Games,0,1,その他,その他
2026-04-30,ソニー・インタラクティブエンタテインメント,SAROS,36,,ASHT,ソニー・インタラクティブエンタテインメント,6842_0m_4946,1,アクションシューティング,その他
2026-04-30,日本一ソフトウェア,シニガミ姫と異書館ノ怪物,-,,ETC,日本一ソフトウェア,6843_0m_4947,1,その他,その他
2026-05-14,Silver Lining Interactive,Outbound,-,YES,ETC,Silver Lining Interactive,0,1,その他,その他
2026-05-21,シティコネクション,FZ: Formation Z,-,YES,ETC,シティコネクション,6848_0m_4952,1,その他,その他
2026-05-21,コーラス・ワールドワイド,コーヒートーク トーキョー,-,,ETC,コーラス・ワールドワイド,0,1,その他,その他
2026-05-27,IO Interactive,007 First Light,-,,ETC,IO Interactive,0,1,その他,その他
2026-05-28,アクアプラス,うたわれるもの 白への道標,32,,RPG,アクアプラス,6910_0m_5015,1,RPG,その他
2026-05-28,インティ・クリエイツ,魔女ガミ-The Witch of Luludidea-,32,YES,ACT,インティ・クリエイツ,6850_0m_4954,1,横スクロールアクション,その他
2026-06-05,ケムコ,ヴィラン転生〜死亡確定の悪役モブに転生したけど2回も死にたくないので暗躍してやる!〜,-,,ETC,ケムコ,0,1,その他,その他
2026-06-18,スクウェア・エニックス,冒険家エリオットの千年物語,34,,ARPG,スクウェア・エニックス,6862_0m_4967,1,アクションRPG,その他
2026-06-19,EAスポーツ,EA Sports UFC 6,-,YES,ETC,EAスポーツ,6895_0m_5000,1,その他,その他
2026-06-25,アイディアファクトリー,Villion:Code,30,,RPG,アイディアファクトリー,0,1,RPG,その他
2026-07-02,Tozai Games,R-Type Dimensions III,-,YES,ETC,Tozai Games,0,1,その他,その他
2026-07-02,コナミ,がんばれゴエモン大集合!,-,YES,ETC,コナミ,0,1,その他,その他
2026-07-09,バンダイナムコエンターテインメント,Echoes of Aincrad,-,,ETC,バンダイナムコエンターテインメント,0,1,その他,その他
2026-07-09,Cygames,GRANBLUE FANTASY: Relink - Endless Ragnarok,-,YES,ETC,Cygames,0,1,その他,その他
2026-07-16,Bliss Brain Corporation,70年代風ロボットアニメ ゲッP-X,-,YES,ETC,Bliss Brain Corporation,0,1,その他,その他
2026-07-16,TVT,ラタタン,-,,ETC,TVT,0,1,その他,その他
2026-07-16,日本ファルコム,亰都ザナドゥ -桜花幻舞-,-,,ETC,日本ファルコム,0,1,その他,その他
2026-07-30,コーエーテクモゲームス,BLUE REFLECTION Quartet: 少女たちのキセキ,-,,ETC,コーエーテクモゲームス,0,1,その他,その他
2026-07-30,日本一ソフトウェア,ほの暮しの庭,-,,ETC,日本一ソフトウェア,0,1,その他,その他
2026-07-30,エディア,アレサCOLLECTION 1993-1995,-,YES,ETC,エディア,0,1,その他,その他
2026-08-04,Fictions,Beast of Reincarnation,-,,ETC,Fictions,0,1,その他,その他
2026-08-06,サクセス,コットンロックウィズユー,-,YES,ETC,サクセス,0,1,その他,その他
2026-08-07,ソニー・インタラクティブエンタテインメント,MARVEL Tōkon: Fighting Souls,-,,ETC,ソニー・インタラクティブエンタテインメント,0,1,その他,その他
2026-08-27,コナミ,METAL GEAR SOLID: MASTER COLLECTION Vol.2,-,,ETC,コナミ,0,1,その他,その他
2026-08-27,エレクトロニック・アーツ,STAR WARS ゼロ・カンパニー,-,,ETC,エレクトロニック・アーツ,0,1,その他,その他
2026-08-27,コナミ,スーパーボンバーマン コレクション,-,YES,ETC,コナミ,0,1,その他,その他
2026-08-27,アイディアファクトリー,超新時空ゲイム ネプテューヌ∞,-,,ETC,アイディアファクトリー,0,1,その他,その他
2026-09-03,Rebel Wolves,The Blood of Dawnwalker,-,,ETC,Rebel Wolves,0,1,その他,その他
2026-09-10,Alliance Arts,東方紅魔郷：New Classic ～ the Embodiment of Scarlet Devil.,-,,ETC,Alliance Arts,0,1,その他,その他
2026-09-15,ソニー・インタラクティブエンタテインメント,Marvel's Wolverine（英語版）,32,,SPT,ソニー・インタラクティブエンタテインメント,6820_0m_4923,1,野球,その他
2026-09-15,Jagex,RuneScape: Dragonwilds,-,,ETC,Jagex,0,1,その他,その他
2026-09-17,イザナギゲームズ,AKIBA LOST,-,,ETC,イザナギゲームズ,0,1,その他,その他
2026-09-17,日本ファルコム,空の軌跡 the 2nd,-,,ETC,日本ファルコム,0,1,その他,その他
2026-09-22,Funcom,Dune: Awakening,-,,ETC,Funcom,0,1,その他,その他
2026-09-24,Remedy Entertainment,CONTROL Resonant,-,,ETC,Remedy Entertainment,0,1,その他,その他
2026-09-24,日本一ソフトウェア,GOBBLE,-,,ETC,日本一ソフトウェア,0,1,その他,その他
2026-09-24,Milestone,HOT WHEELS Infinite Rush,-,,ETC,Milestone,0,1,その他,その他
2026-09-24,コナミデジタルエンタテインメント,サイレントヒル タウンフォール,-,,ETC,コナミデジタルエンタテインメント,0,1,その他,その他
2026-09-25,エレクトロニック・アーツ,EA Sports FC 27,-,YES,ETC,エレクトロニック・アーツ,0,1,その他,その他
2026-09-25,カプコン,鬼武者 Way of the Sword,-,YES,ETC,カプコン,0,1,その他,その他
2026-10-01,ユービーアイソフト,レイマン レジェンド リトールド,-,,ETC,ユービーアイソフト,0,1,その他,その他
2026-10-01,コーエーテクモゲームス,真・三國無双2 with 猛将伝 Remastered,-,,ETC,コーエーテクモゲームス,0,1,その他,その他
2026-10-02,バンダイナムコエンターテインメント,エースコンバット8 ウイングス・オブ・シーヴ,-,,ETC,バンダイナムコエンターテインメント,0,1,その他,その他
2026-10-06,Secret Mode,スター・ウォーズ：ギャラクティック・レーサー,-,,ETC,Secret Mode,0,1,その他,その他
2026-10-15,Atari,Disney•Pixar Toy Story: Retro Roundup!（英語版）,32,,SPT,Atari,6820_0m_4923,1,野球,その他
2026-10-15,バンダイナムコエンターテインメント,テイルズ オブ エターニア リマスター,-,YES,ETC,バンダイナムコエンターテインメント,0,1,その他,その他
2026-10-22,スクウェア・エニックス,ファイナルファンタジー レゾナンス,-,YES,ETC,スクウェア・エニックス,0,1,その他,その他
2026-10-23,日本マイクロソフト(Xbox Game Studios),Call of Duty: Modern Warfare 4,-,YES,ETC,日本マイクロソフト(Xbox Game Studios),0,1,その他,その他
2026-10-29,S-GAME,Phantom Blade Zero,-,,ETC,S-GAME,0,1,その他,その他
2026-11-12,Atari,Barbie Rewind（英語版）,32,,SPT,Atari,6820_0m_4923,1,野球,その他
2026-11-19,ロックスター・ゲームス,グランド・セフト・オートVI,-,YES,ETC,ロックスター・ゲームス,0,1,その他,その他
2026-12-03,スクウェア・エニックス,ドラゴンクエストモンスターズ4 枯れ木の国のビアンカ・フローラ,-,YES,ETC,スクウェア・エニックス,0,1,その他,その他
2027-01-01,スクウェア・エニックス,FINAL FANTASY VII REVELATION,-,,ETC,スクウェア・エニックス,0,1,その他,その他
2027-01-01,バンダイナムコエンターテインメント,GUNDAM ROGUE ORBIT,-,,ETC,バンダイナムコエンターテインメント,0,1,その他,その他
2027-01-01,UNSEEN,KEMURI,-,,ETC,UNSEEN,0,1,その他,その他
2027-01-01,Great Ape Games,The Lost Wild,-,,ETC,Great Ape Games,0,1,その他,その他
2027-01-01,不明,Until Dawn 2,-,,ETC,不明,0,1,その他,その他
2027-01-01,カプコン,バイオハザード RE:ベロニカ,-,,ETC,カプコン,0,1,その他,その他
2027-01-15,セガ,STRANGER THAN HEAVEN,-,,ETC,セガ,0,1,その他,その他
2027-02-13,Amazon Games,Tomb Raider: Legacy of Atlantis,-,,ETC,Amazon Games,0,1,その他,その他
2027-01-01,BLUE BOX Game Studios,Abandoned（英語版）,32,,SPT,BLUE BOX Game Studios,6820_0m_4923,1,野球,発売日未定
2027-01-01,パラドックスインタラクティブ,Cities: Skylines II,-,,ETC,パラドックスインタラクティブ,0,1,その他,発売日未定
2027-01-01,バンダイナムコエンターテインメント,Fate/EXTRA Record,-,,ETC,バンダイナムコエンターテインメント,0,1,その他,発売日未定
2027-01-01,テイクツー・インタラクティブ,Kerbal Space Program 2（英語版）,32,,SPT,テイクツー・インタラクティブ,6820_0m_4923,1,野球,発売日未定
2027-01-01,Neostream Interactive（英語版）,Little Devil Inside（英語版）,32,,SPT,Neostream Interactive（英語版）,6820_0m_4923,1,野球,発売日未定
2027-01-01,CREST,METALLIC CHILD,-,,ETC,CREST,0,1,その他,発売日未定
2027-01-01,Level Infinite,SYNCED,-,,ETC,Level Infinite,0,1,その他,発売日未定
2027-01-01,ソニー・インタラクティブエンタテインメント,Star Wars: Knights of the Old Republic REMAKE,-,,ETC,ソニー・インタラクティブエンタテインメント,0,1,その他,発売日未定
2027-01-01,WILD BUNCH Productions,アームドファンタジア,-,,ETC,WILD BUNCH Productions,0,1,その他,発売日未定
2027-01-01,未定,ペニーブラッド,-,,ETC,未定,0,1,その他,発売日未定
2027-01-01,Hypergryph,ポッピュコム,-,,ETC,Hypergryph,0,1,その他,発売日未定
2027-01-01,シティコネクション,彩京シューティングコレクション,-,,ETC,シティコネクション,0,1,その他,発売日未定
2027-01-01,JVCケンウッド・ビクターエンタテインメント,東京リベンジャーズ Last Mission,-,,ETC,JVCケンウッド・ビクターエンタテインメント,0,1,その他,発売日未定
