発売日,メーカー,タイトル,⭐クロスレビュー(評価),パッケージ併売,ジャンル,開発元,未使用,販売本数,プラットフォーム
2004-12-12,ソニー・コンピュータエンタテインメント,みんなのGOLF ポータブルEverybody's Golf PortableHot Shots Golf: Open Tee,2,YES,その他,ソニー・コンピュータエンタテインメント,0,1,PSP
2004-12-12,フロム・ソフトウェアAgetec505 Games,アーマード・コア フォーミュラフロント,2,,その他,フロム・ソフトウェアAgetec505 Games,0,1,PSP
2004-12-12,ナムコSCEE,リッジレーサーズRidge Racer,2,,その他,ナムコSCEE,0,1,PSP
2004-12-12,バンダイUbisoft,ルミネス -音と光の電飾パズル-Lumines,2,,その他,バンダイUbisoft,0,1,PSP
2004-12-12,カプコン,ヴァンパイア クロニクル ザ カオス タワーDarkstalkers Chronicle: The Chaos Tower,2,YES,その他,カプコン,0,1,PSP
2004-12-12,コナミ,麻雀格闘倶楽部,2,,その他,コナミ,0,1,PSP
2004-12-16,ナムコ,ことばのパズル もじぴったん大辞典,2,,その他,ナムコ,0,1,PSP
2004-12-16,サイバーフロントConspiracy Entertainment,ころん KOLLONUltimate Block Party,2,YES,その他,サイバーフロントConspiracy Entertainment,0,1,PSP
2004-12-16,ソニー・コンピュータエンタテインメント,どこでもいっしょ,2,,その他,ソニー・コンピュータエンタテインメント,0,1,PSP
2004-12-16,コナミ,メタルギアアシッド,2,,その他,コナミ,0,1,PSP
2004-12-16,コーエー,真・三國無双Dynasty Warriors,2,YES,その他,コーエー,0,1,PSP
2004-12-16,バンダイ,英雄伝説ガガーブトリロジー 白き魔女The Legend of Heroes II: Prophecy of the Moonlight Witch,2,,その他,バンダイ,0,1,PSP
2004-12-22,タイトー,パズルボブル ポケット,2,YES,その他,タイトー,0,1,PSP
2004-12-22,コーエー,麻雀大会,2,YES,その他,コーエー,0,1,PSP
2004-12-24,セガ,ぷよぷよフィーバー,2,,その他,セガ,0,1,PSP
2004-12-30,マーベラスインタラクティブ,AI囲碁,2,YES,その他,マーベラスインタラクティブ,0,1,PSP
2004-12-30,マーベラスインタラクティブ,AI麻雀,2,YES,その他,マーベラスインタラクティブ,0,1,PSP
2004-12-30,ソニー・コンピュータエンタテインメント,ピポサルアカデミーア どっさり!サルゲー大全集,2,YES,その他,ソニー・コンピュータエンタテインメント,0,1,PSP
2005-01-20,マーベラスインタラクティブ,AI将棋,2,YES,その他,マーベラスインタラクティブ,0,1,PSP
2005-01-27,ハドソン,煉獄 ザ・タワー・オブ・パーガトリー,2,,その他,ハドソン,0,1,PSP
2005-01-27,バンダイ,蒼穹のファフナー,2,,その他,バンダイ,0,1,PSP
2005-02-10,ソニー・コンピュータエンタテインメント,ポポロクロイス物語 ピエトロ王子の冒険,2,YES,その他,ソニー・コンピュータエンタテインメント,0,1,PSP
2005-02-17,音楽館,Mobile Train Simulator + 電車でGO! 東京急行編,2,,その他,音楽館,0,1,PSP
2005-02-24,ナムコ,ナムコミュージアム,2,,その他,ナムコ,0,1,PSP
2005-02-24,エレクトロニック・アーツ,ニード・フォー・スピード アンダーグラウンド ライバルズ,2,YES,その他,エレクトロニック・アーツ,0,1,PSP
2005-03-03,ナムコ,テイルズ オブ エターニア,2,,その他,ナムコ,0,1,PSP
2005-03-17,ソニー・コンピュータエンタテインメント,サルゲッチュP!Ape Escape: On the LooseApe Escape P,2,,その他,ソニー・コンピュータエンタテインメント,0,1,PSP
2005-03-24,ソニー・コンピュータエンタテインメント,BLEACH 〜ヒート・ザ・ソウル〜,2,,その他,ソニー・コンピュータエンタテインメント,0,1,PSP
2005-03-31,アイディアファクトリーNippon Ichi Software,新天魔界 〜GOC IV アナザサイド〜Generation of ChaosNew Demon World: GOCIV Another Side,2,,その他,アイディアファクトリーNippon Ichi Software,0,1,PSP
2005-04-01,コーエー,三國志V,2,YES,その他,コーエー,0,1,PSP
2005-04-07,ソニー・コンピュータエンタテインメント,WIPEOUT PURE,2,YES,その他,ソニー・コンピュータエンタテインメント,0,1,PSP
2005-04-07,コーエー,遙かなる時空の中で 彩絵手箱,2,,その他,コーエー,0,1,PSP
2005-04-21,ソニー・コンピュータエンタテインメント,ダービータイム,2,,その他,ソニー・コンピュータエンタテインメント,0,1,PSP
2005-04-21,元気Konami,首都高バトルStreet Supremacy,2,YES,その他,元気Konami,0,1,PSP
2005-04-28,ドラス,ドラスロット 主役は銭形,2,,その他,ドラス,0,1,PSP
2005-04-28,ナウプロダクション,彼岸島,2,,その他,ナウプロダクション,0,1,PSP
2005-05-12,タイトー,スペースインベーダーポケット,2,YES,その他,タイトー,0,1,PSP
2005-05-26,ナウプロダクションD3 Publisher,インテリジェント ライセンスPQ: Practical Intelligence Quotient,2,,その他,ナウプロダクションD3 Publisher,0,1,PSP
2005-06-02,バンダイ,英雄伝説ガガーブトリロジー 朱紅い雫The Legend of Heroes: A Tear of Vermillion,2,,その他,バンダイ,0,1,PSP
2005-06-16,アイドス,爆脳 BAKU-NOSmart Bomb,2,,その他,アイドス,0,1,PSP
2005-06-23,コナミ,CODED ARMS,2,,その他,コナミ,0,1,PSP
2005-06-23,ハドソン,ボンバーマン ぱにっくボンバー,2,,その他,ハドソン,0,1,PSP
2005-06-30,フロム・ソフトウェア,アドベンチャープレイヤー,2,,その他,フロム・ソフトウェア,0,1,PSP
2005-06-30,セガ,実戦パチスロ必勝法! 北斗の拳ポータブル,2,,その他,セガ,0,1,PSP
2005-06-30,コーエー,遙かなる時空の中で2,2,YES,その他,コーエー,0,1,PSP
2005-07-07,バンダイ,スクールランブル 〜姉さん事件です!〜,2,,その他,バンダイ,0,1,PSP
2005-07-21,ハドソン,スターソルジャー,2,,その他,ハドソン,0,1,PSP
2005-07-21,ソニー・コンピュータエンタテインメント,天地の門Kingdom of Paradise,2,,その他,ソニー・コンピュータエンタテインメント,0,1,PSP
2005-07-28,ソニー・コンピュータエンタテインメント,やるドラ ポータブル サンパギータ,2,,その他,ソニー・コンピュータエンタテインメント,0,1,PSP
2005-07-28,ソニー・コンピュータエンタテインメント,やるドラ ポータブル ダブルキャスト,2,YES,その他,ソニー・コンピュータエンタテインメント,0,1,PSP
2005-07-28,ソニー・コンピュータエンタテインメント,やるドラ ポータブル 季節を抱きしめて,2,YES,その他,ソニー・コンピュータエンタテインメント,0,1,PSP
2005-07-28,ソニー・コンピュータエンタテインメント,やるドラ ポータブル 雪割りの花,2,YES,その他,ソニー・コンピュータエンタテインメント,0,1,PSP
2005-07-28,ドラス,ドラスロット 巨人の星II,2,,その他,ドラス,0,1,PSP
2005-07-28,フロム・ソフトウェアSega,天誅 忍大全Tenchu: Time of the Assassins,2,,その他,フロム・ソフトウェアSega,0,1,PSP
2005-07-28,メトロ,実話怪談『新耳袋』一ノ章,2,,その他,メトロ,0,1,PSP
2005-07-28,クロスノーツ,戦国キャノン,2,,その他,クロスノーツ,0,1,PSP
2005-08-04,ソニー・コンピュータエンタテインメント,【Hg】ハイドリウムArcher Maclean's Mercury,2,,その他,ソニー・コンピュータエンタテインメント,0,1,PSP
2005-08-04,カプコン,ロックマンDASH 鋼の冒険心,2,YES,その他,カプコン,0,1,PSP
2005-08-04,ナムコ,太鼓の達人 ぽ〜たぶる,2,,その他,ナムコ,0,1,PSP
2005-08-11,バンダイ,機動戦士ガンダム ギレンの野望 ジオンの系譜,2,,その他,バンダイ,0,1,PSP
2005-08-25,コナミ,Twelve〜戦国封神伝〜,2,,その他,コナミ,0,1,PSP
2005-08-25,エレクトロニック・アーツ,タイガー・ウッズ PGA TOUR,2,,その他,エレクトロニック・アーツ,0,1,PSP
2005-08-25,カプコン,ブレス オブ ファイアIII,2,YES,その他,カプコン,0,1,PSP
2005-09-01,ソニー・コンピュータエンタテインメント,BLEACH 〜ヒート・ザ・ソウル2〜,2,,その他,ソニー・コンピュータエンタテインメント,0,1,PSP
2005-09-01,コーエー,信長の野望・天翔記,2,YES,その他,コーエー,0,1,PSP
2005-09-08,カプコン,ロックマンDASH2 エピソード2 大いなる遺産,2,YES,その他,カプコン,0,1,PSP
2005-09-15,コナミ,ワールドサッカーウイニングイレブン9 ユビキタスエヴォリューションPro Evolution Soccer 5,2,,その他,コナミ,0,1,PSP
2005-09-15,ソニー・コンピュータエンタテインメントAtariBandai,攻殻機動隊 STAND ALONE COMPLEX -狩人の領域-Ghost in the Shell: Stand Alone Complex,2,,その他,ソニー・コンピュータエンタテインメントAtariBandai,0,1,PSP
2005-09-22,バンダイ,ガンダム バトル タクティクス,2,,その他,バンダイ,0,1,PSP
2005-09-22,マーベラスインタラクティブ,スペースインベーダー ギャラクシービートSpace Invaders Evolution,2,,その他,マーベラスインタラクティブ,0,1,PSP
2005-09-22,ソニー・コンピュータエンタテインメント,フォーミュラワン2005 ポータブルF1 Grand Prix,2,,その他,ソニー・コンピュータエンタテインメント,0,1,PSP
2005-09-22,アトラス,プリンセスクラウン,2,YES,その他,アトラス,0,1,PSP
2005-09-29,セガ,GUILTY GEAR XX #RELOAD,2,,その他,セガ,0,1,PSP
2005-09-29,エレクトロニック・アーツ,NBAストリート ショウダウン,2,,その他,エレクトロニック・アーツ,0,1,PSP
2005-09-29,バンダイ,ギャラリーフェイク,2,,その他,バンダイ,0,1,PSP
2005-09-29,ハドソン,ピンボール,2,,その他,ハドソン,0,1,PSP
2005-09-29,タイトー,電車でGO!ポケット 山手線編,2,,その他,タイトー,0,1,PSP
2005-10-06,コーエー,三國志VI,2,YES,その他,コーエー,0,1,PSP
2005-10-20,エレクトロニック・アーツ,バーンアウト レジェンド,2,YES,その他,エレクトロニック・アーツ,0,1,PSP
2005-10-20,セガ,東北大学未来科学技術共同研究センター川島隆太教授監修 脳力トレーナー ポータブル,2,,その他,セガ,0,1,PSP
2005-10-27,アイディアファクトリー,新紀幻想 〜SSII アンリミテッドサイド〜Spectral Souls: Resurrection of the Ethereal Empires,2,,その他,アイディアファクトリー,0,1,PSP
2005-11-02,バンダイ,機動警察パトレイバー かむばっく ミニパト,2,,その他,バンダイ,0,1,PSP
2005-11-10,ソニー・コンピュータエンタテインメント,福福の島,2,YES,その他,ソニー・コンピュータエンタテインメント,0,1,PSP
2005-11-10,コーエー,金色のコルダ,2,YES,その他,コーエー,0,1,PSP
2005-11-17,ソニー・コンピュータエンタテインメント,TALKMAN,2,,その他,ソニー・コンピュータエンタテインメント,0,1,PSP
2005-11-17,フロム・ソフトウェア,アーマード・コア フォーミュラフロント インターナショナル,2,,その他,フロム・ソフトウェア,0,1,PSP
2005-11-23,マーベラスインタラクティブ,牧場物語 ハーベストムーン ボーイ&ガールHarvest Moon: Boy & Girl,2,YES,その他,マーベラスインタラクティブ,0,1,PSP
2005-11-24,エレクトロニック・アーツ,SSX On Tour ポータブル,2,,その他,エレクトロニック・アーツ,0,1,PSP
2005-11-24,セガ,ぷよぷよフィーバー2【チュー!】,2,,その他,セガ,0,1,PSP
2005-12-01,ビベンディユニバーサルゲームズ,クラッシュ・バンディクー がっちゃんこワールドCrash Tag Team Racing,2,,その他,ビベンディユニバーサルゲームズ,0,1,PSP
2005-12-01,カプコン,モンスターハンター ポータブルMonster Hunter Freedom,2,,その他,カプコン,0,1,PSP
2005-12-08,エレクトロニック・アーツ,NBAライブ06,2,,その他,エレクトロニック・アーツ,0,1,PSP
2005-12-08,コナミ,メタルギアアシッド2,2,,その他,コナミ,0,1,PSP
2005-12-08,コーエー,激・戦国無双Samurai Warriors: State of War,2,YES,その他,コーエー,0,1,PSP
2005-12-15,タイトー,EXIT,2,,その他,タイトー,0,1,PSP
2005-12-15,テクモ,KARAKURITokobot,2,YES,その他,テクモ,0,1,PSP
2005-12-15,カプコン,イレギュラーハンターXMega Man Maverick Hunter X,2,YES,その他,カプコン,0,1,PSP
2005-12-15,タイトー,ジェットでGO!ポケット,2,,その他,タイトー,0,1,PSP
2005-12-15,ソニー・コンピュータエンタテインメント,ピポサルアカデミ〜ア2 -あいあいサルゲ〜 ジャンケンバトル!-Ape Academy 2,2,YES,その他,ソニー・コンピュータエンタテインメント,0,1,PSP
2005-12-15,日本一ソフトウェア,流行り神PORTABLE 警視庁怪異事件ファイル,2,YES,その他,日本一ソフトウェア,0,1,PSP
2005-12-22,エレクトロニック・アーツ,FIFA06,2,,その他,エレクトロニック・アーツ,0,1,PSP
2005-12-22,エレクトロニック・アーツ,ニード・フォー・スピード モスト・ウォンテッド 5-1-0,2,YES,その他,エレクトロニック・アーツ,0,1,PSP
2005-12-22,ソニー・コンピュータエンタテインメント,バイトヘル2000WTF: Work Time Fun,2,YES,その他,ソニー・コンピュータエンタテインメント,0,1,PSP
2005-12-22,コーエー,信長の野望・将星録,2,YES,その他,コーエー,0,1,PSP
2005-12-22,ナムコ,僕の私の塊魂Me & My Katamari,2,,その他,ナムコ,0,1,PSP
2005-12-22,元気,大戦略 ポータブル,2,YES,その他,元気,0,1,PSP
2005-12-22,毎日コミュニケーションズ,最強 東大将棋 ポータブル,2,YES,その他,毎日コミュニケーションズ,0,1,PSP
2005-12-22,アトラス,真・女神転生デビルサマナー,2,YES,その他,アトラス,0,1,PSP
2005-12-22,タイトー,零式艦上戦闘記 征空王,2,,その他,タイトー,0,1,PSP
2005-12-29,ディースリー・パブリッシャー,SIMPLE2500シリーズポータブル!! Vol.1 THE テーブルゲーム,2,YES,その他,ディースリー・パブリッシャー,0,1,PSP
2005-12-29,アクアプラス,こみっくパーティー ポータブル,2,,その他,アクアプラス,0,1,PSP
2005-12-29,バンプレスト,スーパーロボット大戦MX ポータブル,2,,その他,バンプレスト,0,1,PSP
2006-01-05,タイトー,タイトーメモリーズ ポケット,2,YES,その他,タイトー,0,1,PSP
2006-01-12,バンダイ,英雄伝説ガガーブトリロジー 海の檻歌The Legend of Heroes III: Song of the Ocean,2,,その他,バンダイ,0,1,PSP
2006-01-19,スターフィッシュ・エスディ505 GamesUFO,くるくるカメレオンChameleonKameleon,2,YES,その他,スターフィッシュ・エスディ505 GamesUFO,0,1,PSP
2006-01-19,コナミ,イース -ナピシュテムの匣-Ys: The Ark of Napishtim,2,,その他,コナミ,0,1,PSP
2006-01-19,カプコン,ストリートファイターZERO3↑↑Street Fighter Alpha 3 Max,2,,その他,カプコン,0,1,PSP
2006-01-19,タイトー,電車でGO!ポケット 中央線編,2,,その他,タイトー,0,1,PSP
2006-01-26,ソニー・コンピュータエンタテインメント,やるドラ ポータブル BLOOD THE LAST VAMPIRE,2,,その他,ソニー・コンピュータエンタテインメント,0,1,PSP
2006-01-26,セガ,パワースマッシュ NEW GENERATIONVirtua Tennis: World Tour,2,,その他,セガ,0,1,PSP
2006-02-02,タイトー,呪医 Dr.杜馬丈太郎,2,,その他,タイトー,0,1,PSP
2006-02-09,コナミ,グラディウス ポータブルGradius Collection,2,,その他,コナミ,0,1,PSP
2006-02-09,エレクトロニック・アーツ,ザ・シムズ2 Dr.ドミニクの陰謀The Sims 2,2,,その他,エレクトロニック・アーツ,0,1,PSP
2006-02-09,コーエー,三國志VII,2,YES,その他,コーエー,0,1,PSP
2006-02-09,ナムコ,中原の覇者 -三国将星伝-,2,,その他,ナムコ,0,1,PSP
2006-02-16,エレクトロニック・アーツ,タイガー・ウッズ PGA TOUR 06,2,,その他,エレクトロニック・アーツ,0,1,PSP
2006-02-23,音楽館,Mobile Train Simulator 京成・都営浅草・京急線,2,,その他,音楽館,0,1,PSP
2006-02-23,ディースリー・パブリッシャー,SIMPLE2500シリーズポータブル!! Vol.2 THE テニスSuper Pocket Tennis,2,YES,その他,ディースリー・パブリッシャー,0,1,PSP
2006-02-23,バンダイ,キン肉マン マッスルジェネレーションズ,2,,その他,バンダイ,0,1,PSP
2006-02-23,アーテイン,ギャンブル コンファイトThe Con,2,,その他,アーテイン,0,1,PSP
2006-02-23,ユービーアイソフト,グリップシフト,2,,その他,ユービーアイソフト,0,1,PSP
2006-02-23,ドラス,ドラスロット 沖スロ王! パイオニア12,2,,その他,ドラス,0,1,PSP
2006-02-23,ナムコ,ナムコミュージアムVol.2,2,,その他,ナムコ,0,1,PSP
2006-02-23,ユービーアイソフト,フランティックス きらきら謎解き大冒険Frantix,2,,その他,ユービーアイソフト,0,1,PSP
2006-02-23,ソニー・コンピュータエンタテインメントAtlus,モンスターキングダム・ジュエルサモナー,2,YES,その他,ソニー・コンピュータエンタテインメントAtlus,0,1,PSP
2006-02-23,タイトー,大江戸千両箱,2,,その他,タイトー,0,1,PSP
2006-02-23,AQインタラクティブ,実録 鬼嫁日記 仕打ちに耐える夫の理不尽体験アドベンチャー,2,,その他,AQインタラクティブ,0,1,PSP
2006-02-23,コナミ,幻想水滸伝I&II,2,,その他,コナミ,0,1,PSP
2006-02-23,サンライズインタラクティブ,舞-HiME 爆裂! 風華学園激闘史?!,2,,その他,サンライズインタラクティブ,0,1,PSP
2006-02-23,セガ,頭文字D STREET STAGE,2,,その他,セガ,0,1,PSP
2006-03-02,スパイクSCEASCEE,PURSUIT FORCE 〜大追跡〜Pursuit Force,2,,その他,スパイクSCEASCEE,0,1,PSP
2006-03-02,コナミ,アイシールド21 ポータブルエディション,2,,その他,コナミ,0,1,PSP
2006-03-02,ソニー・コンピュータエンタテインメント,ダービータイム2006,2,,その他,ソニー・コンピュータエンタテインメント,0,1,PSP
2006-03-02,ソニー・コンピュータエンタテインメントNippon Ichi Software,ブレイドダンサー 〜千年の約束〜Blade Dancer: Lineage of Light,2,YES,その他,ソニー・コンピュータエンタテインメントNippon Ichi Software,0,1,PSP
2006-03-02,カプコン,ロックマンロックマンMega Man Powered Up,2,YES,その他,カプコン,0,1,PSP
2006-03-02,スクウェア・エニックス,ヴァルキリープロファイル -レナス-,2,,その他,スクウェア・エニックス,0,1,PSP
2006-03-02,大都技研,大都技研公式パチスロシミュレーター 押忍!番長 ポータブル,2,,その他,大都技研,0,1,PSP
2006-03-09,ソニー・コンピュータエンタテインメント,I.Q Mania,2,,その他,ソニー・コンピュータエンタテインメント,0,1,PSP
2006-03-09,スパイクNamco Bandai Games,WRCWRC: World Rally Championship,2,,その他,スパイクNamco Bandai Games,0,1,PSP
2006-03-09,ソニー・コンピュータエンタテインメント,XIコロシアム,2,,その他,ソニー・コンピュータエンタテインメント,0,1,PSP
2006-03-09,コナミ,ときめきメモリアル〜forever with you〜,2,,その他,コナミ,0,1,PSP
2006-03-09,セガ,サクラ大戦1&2,2,YES,その他,セガ,0,1,PSP
2006-03-09,コクヨ,ビズ体験シリーズ 起業道,2,,その他,コクヨ,0,1,PSP
2006-03-09,ソニー・コンピュータエンタテインメント,ボンバーマン 爆風戦隊ボンバーメ〜ン,2,,その他,ソニー・コンピュータエンタテインメント,0,1,PSP
2006-03-09,ソニー・コンピュータエンタテインメント,レミングス,2,YES,その他,ソニー・コンピュータエンタテインメント,0,1,PSP
2006-03-16,ディースリー・パブリッシャー,SIMPLE2500シリーズポータブル!! Vol.4 児玉光雄先生監修 THE 右脳ドリル,2,,その他,ディースリー・パブリッシャー,0,1,PSP
2006-03-23,ハドソン,くりぃむしちゅーも観ながらいろいろゴチャゴチャ言ってますけども…笑いのタマゴLサイズ（おひとり様何回でも）,2,,その他,ハドソン,0,1,PSP
2006-03-23,コナミSony Online Entertainment,アントールドレジェンド 〜ウナタカの勇剣〜Untold Legends: Brotherhood of the Blade,2,,その他,コナミSony Online Entertainment,0,1,PSP
2006-03-23,タイトー505 GamesMajesco Entertainment,ウルトラパズルボブル ポケットBust-A-Move DeluxeBust-A-Move Ghost,2,YES,その他,タイトー505 GamesMajesco Entertainment,0,1,PSP
2006-03-23,カプコン,ビューティフルジョー バトルカーニバル,2,,その他,カプコン,0,1,PSP
2006-03-23,サクセス,上海,2,,その他,サクセス,0,1,PSP
2006-03-23,コーエー,信長の野望・烈風伝 with パワーアップキット,2,YES,その他,コーエー,0,1,PSP
2006-03-23,コーエー,大航海時代IV ROTA NOVA,2,YES,その他,コーエー,0,1,PSP
2006-03-23,コーエー,真・三國無双 2nd EvolutionDynasty Warriors Vol. 2,2,YES,その他,コーエー,0,1,PSP
2006-03-30,バンダイ,NARUTO -ナルト- ナルティメットポータブルNaruto: Ultimate Ninja Heroes 2: The Phantom Fortress,2,,その他,バンダイ,0,1,PSP
2006-03-30,ディースリー・パブリッシャー,SIMPLE2500シリーズポータブル!! Vol.6 THE 戦車,2,YES,その他,ディースリー・パブリッシャー,0,1,PSP
2006-03-30,ERTAIN Corporation,メガミの笑壺,2,,その他,ERTAIN Corporation,0,1,PSP
2006-03-30,セガ,実戦パチスロ必勝法! アラジン2エボリューション ポータブル,2,,その他,セガ,0,1,PSP
2006-03-30,タイトー,電車でGO!ポケット 大阪環状線編,2,,その他,タイトー,0,1,PSP
2006-04-01,コナミデジタルエンタテインメント,実況パワフルプロ野球ポータブル,2,,その他,コナミデジタルエンタテインメント,0,1,PSP
2006-04-06,ディースリー・パブリッシャーPopCap Games,SIMPLE2500シリーズポータブル!! Vol.5 THE ブロックくずしクエスト 〜Dragonkingdom〜Beta Bloc,2,,その他,ディースリー・パブリッシャーPopCap Games,0,1,PSP
2006-04-06,エレクトロニック・アーツLucasArts,スター・ウォーズ バトルフロントII,2,,その他,エレクトロニック・アーツLucasArts,0,1,PSP
2006-04-06,バンダイナムコゲームス,交響詩篇エウレカセブン,2,,その他,バンダイナムコゲームス,0,1,PSP
2006-04-13,タイトー,本格四人打プロ麻雀 麻雀王 PORTABLE,2,,その他,タイトー,0,1,PSP
2006-04-20,ゼンリン,みんなの地図,2,,その他,ゼンリン,0,1,PSP
2006-04-20,バンダイナムコゲームス,ドラゴンボールZ 真武道会,2,,その他,バンダイナムコゲームス,0,1,PSP
2006-04-27,ディースリー・パブリッシャー,SIMPLE2500シリーズポータブル!! Vol.3 THE どこでも推理 〜IT探偵：全68の事件簿〜,2,YES,その他,ディースリー・パブリッシャー,0,1,PSP
2006-04-27,ユークス,THE DOG HAPPY LIFE 〜幸せワンコ生活第1弾〜,2,,その他,ユークス,0,1,PSP
2006-04-27,マーベラスインタラクティブRed Ant,イノセントライフ -新牧場物語-Innocent Life: A Futuristic Harvest Moon,2,YES,その他,マーベラスインタラクティブRed Ant,0,1,PSP
2006-04-27,ソニー・コンピュータエンタテインメントUbisoft,カズオGo! Sudoku,2,,その他,ソニー・コンピュータエンタテインメントUbisoft,0,1,PSP
2006-04-27,バンダイナムコゲームス,新世紀エヴァンゲリオン2 造られしセカイ -another cases-,2,,その他,バンダイナムコゲームス,0,1,PSP
2006-04-27,ハドソン,煉獄弐 The Stairway to H.E.A.V.E.N,2,,その他,ハドソン,0,1,PSP
2006-04-27,サンライズインタラクティブ,舞-HiME 鮮烈! 真 風華学園激闘史!!,2,,その他,サンライズインタラクティブ,0,1,PSP
2006-04-27,セガ,街 〜運命の交差点〜 特別編,2,,その他,セガ,0,1,PSP
2006-05-11,エレクトロニック・アーツ,007 ロシアより愛をこめてFrom Russia With Love,2,,その他,エレクトロニック・アーツ,0,1,PSP
2006-05-25,ソニー・コンピュータエンタテインメント,TALKMAN EURO -トークマン ヨーロッパ言語版-,2,,その他,ソニー・コンピュータエンタテインメント,0,1,PSP
2006-05-25,セガ,かまいたちの夜2 〜監獄島のわらべ唄〜 特別編,2,,その他,セガ,0,1,PSP
2006-05-25,アイディアファクトリー,イーディス メモリーズ 〜新天魔界 GOCV〜Aedis Eclipse: Generation of Chaos,2,,その他,アイディアファクトリー,0,1,PSP
2006-05-25,スクウェア・エニックス,ドラゴンクエスト&ファイナルファンタジー in いただきストリートポータブル,2,,その他,スクウェア・エニックス,0,1,PSP
2006-05-25,バンプレスト,マグナカルタ ポータブル,2,,その他,バンプレスト,0,1,PSP
2006-05-25,セガ,東北大学未来科学技術共同研究センター川島隆太教授監修 脳力トレーナー ポータブル2,2,,その他,セガ,0,1,PSP
2006-06-01,エレクトロニック・アーツ,2006 FIFA ワールドカップ ドイツ大会2006 FIFA World Cup,2,,その他,エレクトロニック・アーツ,0,1,PSP
2006-06-08,コーエー,ギタルマン ライブ!,2,YES,その他,コーエー,0,1,PSP
2006-06-08,大都技研,大都技研公式パチスロシミュレーター 吉宗 ポータブル,2,,その他,大都技研,0,1,PSP
2006-06-15,ソニー・コンピュータエンタテインメント,-どこでもいっしょ- レッツ学校!,2,,その他,ソニー・コンピュータエンタテインメント,0,1,PSP
2006-06-15,セガMidway Games,MYST,2,,その他,セガMidway Games,0,1,PSP
2006-06-15,エレクトロニック・アーツ,ぼくは航空管制官 エアポートヒーロー成田,2,,その他,エレクトロニック・アーツ,0,1,PSP
2006-06-22,サイバーフロント,コロコロころん,2,,その他,サイバーフロント,0,1,PSP
2006-06-22,セガ,ソニーコンピュータサイエンス研究所 茂木健一郎博士監修 脳に快感 アハ体験!,2,,その他,セガ,0,1,PSP
2006-06-22,アイディアファクトリー,リサと一緒に大陸横断 〜A列車で行こう〜,2,,その他,アイディアファクトリー,0,1,PSP
2006-06-29,日本ファルコムMastiff505 Games,ぐるみんGurumin: A Monstrous Adventure,2,YES,その他,日本ファルコムMastiff505 Games,0,1,PSP
2006-06-29,ソニー・コンピュータエンタテインメント,ぼくのなつやすみポータブル ムシムシ博士とてっぺん山の秘密!!,2,,その他,ソニー・コンピュータエンタテインメント,0,1,PSP
2006-06-29,カプコン,ファインダーラブ ほしのあき 南国トラブル ランデブー,2,,その他,カプコン,0,1,PSP
2006-06-29,カプコン,ファインダーラブ 原史奈 ふたりの ふたりで…。,2,,その他,カプコン,0,1,PSP
2006-06-29,カプコン,ファインダーラブ 工藤里紗 ファーストショットは君と。,2,,その他,カプコン,0,1,PSP
2006-07-06,コナミデジタルエンタテインメント,NANA すべては大魔王のお導き!?,2,,その他,コナミデジタルエンタテインメント,0,1,PSP
2006-07-06,バンダイナムコゲームス,RAIN WONDER TRIP,2,,その他,バンダイナムコゲームス,0,1,PSP
2006-07-06,THQジャパン,カーズ,2,,その他,THQジャパン,0,1,PSP
2006-07-06,ソニー・コンピュータエンタテインメントXseed Games,ブレイブストーリー 新たなる旅人Brave Story: New Traveler,2,,その他,ソニー・コンピュータエンタテインメントXseed Games,0,1,PSP
2006-07-06,バンダイナムコゲームス,鉄拳 DARK RESURRECTION,2,,その他,バンダイナムコゲームス,0,1,PSP
2006-07-13,バンダイナムコゲームス,クイズ機動戦士ガンダム 問・戦士DX,2,,その他,バンダイナムコゲームス,0,1,PSP
2006-07-13,セガ,ジュクゴン,2,,その他,セガ,0,1,PSP
2006-07-13,ソニー・コンピュータエンタテインメント,ロコロコ,2,YES,その他,ソニー・コンピュータエンタテインメント,0,1,PSP
2006-07-13,ハドソン,天外魔境 第四の黙示録,2,,その他,ハドソン,0,1,PSP
2006-07-20,ソニー・コンピュータエンタテインメント,BLEACH 〜ヒート・ザ・ソウル3〜,2,,その他,ソニー・コンピュータエンタテインメント,0,1,PSP
2006-07-20,バンプレスト,ウルトラマン Fighting Evolution 0,2,,その他,バンプレスト,0,1,PSP
2006-07-20,フロム・ソフトウェア,キングスフィールド アディショナル1,2,,その他,フロム・ソフトウェア,0,1,PSP
2006-07-20,ハドソンKonami,ボンバーマンポータブルBomberman,2,,その他,ハドソンKonami,0,1,PSP
2006-07-20,バンダイナムコゲームス,ポータブル・アイランド 手のひらのリゾート,2,,その他,バンダイナムコゲームス,0,1,PSP
2006-07-27,エンターブレイン,ダービースタリオンP,2,,その他,エンターブレイン,0,1,PSP
2006-07-27,タイトー,電車でGO!ポケット 東海道線編,2,,その他,タイトー,0,1,PSP
2006-08-03,元気,Carnage Heart PORTABLE,2,,その他,元気,0,1,PSP
2006-08-03,バンダイナムコゲームス,Every Extend Extra,2,,その他,バンダイナムコゲームス,0,1,PSP
2006-08-03,エレクトロニック・アーツ,FIFAストリート2,2,,その他,エレクトロニック・アーツ,0,1,PSP
2006-08-03,バンダイナムコゲームス,SDガンダム Gジェネレーション・ポータブル,2,,その他,バンダイナムコゲームス,0,1,PSP
2006-08-03,カプコン,極魔界村Ultimate Ghosts'n Goblins,2,,その他,カプコン,0,1,PSP
2006-08-10,サクセス,ナンプレ&お絵かきパズル,2,,その他,サクセス,0,1,PSP
2006-08-10,セガ,実戦パチスロ必勝法! 北斗の拳SE ポータブル,2,,その他,セガ,0,1,PSP
2006-08-10,ヤマサエンタテインメント,山佐Digiポータブル「祭りの達人 〜ウィンちゃんの夏祭り〜」,2,,その他,ヤマサエンタテインメント,0,1,PSP
2006-08-24,アークシステムワークス,GUILTY GEAR JUDGEMENTMajesco Entertainment,2,,その他,アークシステムワークス,0,1,PSP
2006-08-24,バンダイナムコゲームス,MotoGP,2,,その他,バンダイナムコゲームス,0,1,PSP
2006-08-24,ディースリー・パブリッシャー,SIMPLE2500シリーズポータブル!! Vol.7 THE どこでも漢字クイズ〜チャレンジ!漢字検定2006〜,2,,その他,ディースリー・パブリッシャー,0,1,PSP
2006-08-24,コーエー,ウイニングポスト6 2006,2,,その他,コーエー,0,1,PSP
2006-08-24,フロム・ソフトウェア,キングスフィールド アディショナル2,2,,その他,フロム・ソフトウェア,0,1,PSP
2006-08-24,ソニー・コンピュータエンタテインメントIgnition Entertainment,タマランMercury Meltdown,2,,その他,ソニー・コンピュータエンタテインメントIgnition Entertainment,0,1,PSP
2006-08-24,ディースリー・パブリッシャーDisney Interactive Studios,パイレーツ・オブ・カリビアン/デッドマンズ・チェストPirates of the Caribbean: At World's End,2,,その他,ディースリー・パブリッシャーDisney Interactive Studios,0,1,PSP
2006-08-24,インターチャネル,七田式トレーニング 右脳鍛錬ウノタン ポータブル,2,,その他,インターチャネル,0,1,PSP
2006-08-31,ビベンティユニバーサルゲームズ,MIAMI VICE THE GAME,2,,その他,ビベンティユニバーサルゲームズ,0,1,PSP
2006-08-31,マーベラスインタラクティブ,バブルボブル 〜マジカルタワー大作戦!!〜Bubble Bobble Evolution,2,,その他,マーベラスインタラクティブ,0,1,PSP
2006-08-31,マーベラスインタラクティブ,ヴァルハラナイツ,2,YES,その他,マーベラスインタラクティブ,0,1,PSP
2006-08-31,コーエー,太閤立志伝IV,2,YES,その他,コーエー,0,1,PSP
2006-09-07,ソニー・コンピュータエンタテインメント,BLOOD+ 〜ファイナルピース〜,2,,その他,ソニー・コンピュータエンタテインメント,0,1,PSP
2006-09-07,カプコン,カプコン クラシックス コレクションCapcom Classics Collection Reloaded,2,,その他,カプコン,0,1,PSP
2006-09-07,タイトー505 Games,カンガエル EXITExit 2,2,YES,その他,タイトー505 Games,0,1,PSP
2006-09-07,バンダイナムコゲームス,テイルズ オブ ファンタジア -フルボイス・エディション-,2,,その他,バンダイナムコゲームス,0,1,PSP
2006-09-07,マーベラスインタラクティブ,パイロットになろう! フライングオールスターズPilot Academy,2,,その他,マーベラスインタラクティブ,0,1,PSP
2006-09-07,バンダイナムコゲームス,太鼓の達人 ぽ〜たぶる2,2,,その他,バンダイナムコゲームス,0,1,PSP
2006-09-14,アイディアファクトリー,もえがく@ポータブル,2,,その他,アイディアファクトリー,0,1,PSP
2006-09-14,バンダイナムコゲームスSCEE,リッジレーサーズ2,2,,その他,バンダイナムコゲームスSCEE,0,1,PSP
2006-09-14,コナミデジタルエンタテインメント,遊☆戯☆王デュエルモンスターズGX タッグフォース,2,,その他,コナミデジタルエンタテインメント,0,1,PSP
2006-09-21,バンダイナムコゲームス,バウンティ ハウンズ,2,,その他,バンダイナムコゲームス,0,1,PSP
2006-09-21,アイレムソフトウェアエンジニアリングMajesco Entertainment,ブロックス倶楽部ポータブル with バンピートロットBlokus Portable: Steambot Championship,2,,その他,アイレムソフトウェアエンジニアリングMajesco Entertainment,0,1,PSP
2006-09-21,コナミデジタルエンタテインメント,メタルギアソリッド バンドデシネMetal Gear Solid: Digital Graphic Novel,2,YES,その他,コナミデジタルエンタテインメント,0,1,PSP
2006-09-28,アイディアファクトリー,ふしぎ遊戯 玄武開伝 外伝 鏡の巫女,2,,その他,アイディアファクトリー,0,1,PSP
2006-09-28,エレクトロニック・アーツ,ぼくは航空管制官 エアポートヒーロー那覇,2,,その他,エレクトロニック・アーツ,0,1,PSP
2006-09-28,コンパイルハートUbisoft,アストニシア ストーリー,2,,その他,コンパイルハートUbisoft,0,1,PSP
2006-09-28,タイトー,クロニクル オブ ダンジョンメーカーDungeon Maker: Hunting Ground,2,,その他,タイトー,0,1,PSP
2006-09-28,マーベラスインタラクティブ,フィッシュアイズポータブルReel Fishing: The Great Outdoors,2,YES,その他,マーベラスインタラクティブ,0,1,PSP
2006-09-28,アーテイン,ボクサーズロード2 ザ・リアル,2,,その他,アーテイン,0,1,PSP
2006-09-28,日本ファルコム,英雄伝説 空の軌跡FC,2,YES,その他,日本ファルコム,0,1,PSP
2006-09-28,コーエー,雀・三國無双,2,YES,その他,コーエー,0,1,PSP
2006-10-05,バンダイナムコゲームス,ガンダムバトルロワイヤル,2,,その他,バンダイナムコゲームス,0,1,PSP
2006-10-12,ユークスTHQ,エキサイティングプロレス7 SMACKDOWN! VS. RAW 2006WWE SmackDown! vs. Raw 2006,2,,その他,ユークスTHQ,0,1,PSP
2006-10-12,ジェネックス,プリンセスメーカー4 ポータブル,2,YES,その他,ジェネックス,0,1,PSP
2006-10-19,セガ,プラネタリウムクリエイター 大平貴之監修 ホームスター ポータブル,2,,その他,セガ,0,1,PSP
2006-10-19,ソニー・コンピュータエンタテインメント,天地の門2 武双伝,2,YES,その他,ソニー・コンピュータエンタテインメント,0,1,PSP
2006-10-26,ディースリー・パブリッシャー,SIMPLE2500シリーズポータブル!! Vol.8 THE どこでもギャル麻雀,2,YES,その他,ディースリー・パブリッシャー,0,1,PSP
2006-10-26,ユービーアイソフトSony Online Entertainment,アントールドレジェンド ウォーリアーズ・コード,2,,その他,ユービーアイソフトSony Online Entertainment,0,1,PSP
2006-10-26,バンダイナムコゲームス,エースコンバットX スカイズ・オブ・デセプション,2,,その他,バンダイナムコゲームス,0,1,PSP
2006-10-26,コナミデジタルエンタテインメントActivision,スパイダーマン2,2,,その他,コナミデジタルエンタテインメントActivision,0,1,PSP
2006-10-26,アイディアファクトリー,スペクトラル VS ジェネレーション,2,,その他,アイディアファクトリー,0,1,PSP
2006-10-26,タイトー,ヘブンズウィル,2,,その他,タイトー,0,1,PSP
2006-10-26,スパイク,忍道 焔Shinobido: Tales of the Ninja,2,,その他,スパイク,0,1,PSP
2006-11-16,ハドソン,SUDOKU 数独,2,,その他,ハドソン,0,1,PSP
2006-11-16,TAKUYO,ぷらすぷらむ2again ポータブル,2,YES,その他,TAKUYO,0,1,PSP
2006-11-16,コンパイルハート,ヴルカヌス,2,,その他,コンパイルハート,0,1,PSP
2006-11-22,ソニー・コンピュータエンタテインメント,JEANNE D'ARC,2,YES,その他,ソニー・コンピュータエンタテインメント,0,1,PSP
2006-11-22,スティング,Riviera 〜約束の地リヴィエラ〜Riviera: The Promised Land,2,,その他,スティング,0,1,PSP
2006-11-30,セガ,ソニーコンピュータサイエンス研究所 茂木健一郎博士監修 脳に快感 みんなでアハ体験!,2,,その他,セガ,0,1,PSP
2006-11-30,カプコン,パワーストーン ポータブルPower Stone Collection,2,,その他,カプコン,0,1,PSP
2006-11-30,セガ,己のダンジョン,2,,その他,セガ,0,1,PSP
2006-11-30,グローバル・A・エンタテインメント,悪代官漫遊記,2,,その他,グローバル・A・エンタテインメント,0,1,PSP
2006-11-30,日本一ソフトウェア,魔界戦記ディスガイア PORTABLEDisgaea: Afternoon of Darkness,2,,その他,日本一ソフトウェア,0,1,PSP
2006-12-07,ソニー・コンピュータエンタテインメント,サルゲッチュ ピポサルレーサー,2,YES,その他,ソニー・コンピュータエンタテインメント,0,1,PSP
2006-12-07,スパイクEidos Interactive,トゥームレイダー：レジェンド,2,,その他,スパイクEidos Interactive,0,1,PSP
2006-12-07,ソニー・コンピュータエンタテインメント,パラッパラッパー,2,,その他,ソニー・コンピュータエンタテインメント,0,1,PSP
2006-12-07,コナミデジタルエンタテインメント,麻雀格闘倶楽部 全国対戦版,2,,その他,コナミデジタルエンタテインメント,0,1,PSP
2006-12-14,エディア,MAPLUS ポータブルナビ,2,,その他,エディア,0,1,PSP
2006-12-14,ソニー・コンピュータエンタテインメント,P-kara,2,,その他,ソニー・コンピュータエンタテインメント,0,1,PSP
2006-12-14,インターチャネルCodemasters,TOCA レース ドライバー2 アルティメット レーシング シミュレーター,2,,その他,インターチャネルCodemasters,0,1,PSP
2006-12-14,コナミデジタルエンタテインメント,ワールドサッカー ウイニングイレブン10 ユビキタスエヴォリューションPro Evolution Soccer 6Pro Evolution Soccer 2007,2,,その他,コナミデジタルエンタテインメント,0,1,PSP
2006-12-14,セガ,京都大学 阿辻哲次教授監修 財団法人日本漢字能力検定協会協力 漢字トレーナー ポータブル,2,,その他,セガ,0,1,PSP
2006-12-14,元気,大戦略 ポータブル2,2,YES,その他,元気,0,1,PSP
2006-12-21,エレクトロニック・アーツ,NBAライブ07,2,,その他,エレクトロニック・アーツ,0,1,PSP
2006-12-21,ナウプロダクション,インテリジェント ライセンス2PQ2: Practical Intelligence Quotient 2,2,,その他,ナウプロダクション,0,1,PSP
2006-12-21,バンダイナムコゲームス,テイルズ オブ ザ ワールド レディアント マイソロジー,2,,その他,バンダイナムコゲームス,0,1,PSP
2006-12-21,エレクトロニック・アーツ,ニード・フォー・スピード オウン・ザ・シティー,2,YES,その他,エレクトロニック・アーツ,0,1,PSP
2006-12-21,コナミデジタルエンタテインメント,メタルギアソリッド ポータブル・オプス,2,YES,その他,コナミデジタルエンタテインメント,0,1,PSP
2006-12-21,毎日コミュニケーションズ,麻雀覇王ポータブル 雀荘バトル,2,YES,その他,毎日コミュニケーションズ,0,1,PSP
2006-12-28,ソニー・コンピュータエンタテインメント,フォーミュラワン2006 ポータブル,2,,その他,ソニー・コンピュータエンタテインメント,0,1,PSP
2007-01-11,バンダイナムコゲームスAtari,グンペイ リバースGunpey,2,,その他,バンダイナムコゲームスAtari,0,1,PSP
2007-01-18,エレクトロニック・アーツ,FIFA07,2,,その他,エレクトロニック・アーツ,0,1,PSP
2007-01-18,ソニー・コンピュータエンタテインメント,TALKMAN式 しゃべリンガル英会話,2,,その他,ソニー・コンピュータエンタテインメント,0,1,PSP
2007-01-18,スターフィッシュ・エスディ,ウィザードリィ エンパイアIII 〜覇王の系譜〜,2,,その他,スターフィッシュ・エスディ,0,1,PSP
2007-01-18,エレクトロニック・アーツ,ザ・シムズ2 ワンニャンペットライフ,2,,その他,エレクトロニック・アーツ,0,1,PSP
2007-01-18,ビベンティユニバーサルゲームズSierra Entertainment,マッハ -モディファイド・エアー・コンバット・ヒーローズ-,2,,その他,ビベンティユニバーサルゲームズSierra Entertainment,0,1,PSP
2007-01-25,アクアプラス,Routes PORTABLE,2,,その他,アクアプラス,0,1,PSP
2007-01-25,コナミデジタルエンタテインメント,ツインビー ポータブル,2,,その他,コナミデジタルエンタテインメント,0,1,PSP
2007-01-25,コナミデジタルエンタテインメント,パロディウス ポータブル,2,,その他,コナミデジタルエンタテインメント,0,1,PSP
2007-01-25,アーテインUFO Interactive Games,ロストレグナム 〜魔窟の皇帝〜Warriors of the Lost Empire,2,,その他,アーテインUFO Interactive Games,0,1,PSP
2007-01-25,コナミデジタルエンタテインメント,沙羅曼蛇 ポータブル,2,,その他,コナミデジタルエンタテインメント,0,1,PSP
2007-01-25,セガ,観て聴いて脳で感じてクロスワード天国,2,,その他,セガ,0,1,PSP
2007-02-01,コナミデジタルエンタテインメント,イース ナピシュテムの匣 特別版,2,,その他,コナミデジタルエンタテインメント,0,1,PSP
2007-02-08,マーベラスインタラクティブ,NEWレインボーアイランド ハーディガーディ大冒険!!Rainbow Islands Evolution,2,,その他,マーベラスインタラクティブ,0,1,PSP
2007-02-08,エレクトロニック・アーツ,メダルオブオナー ヒーローズ,2,YES,その他,エレクトロニック・アーツ,0,1,PSP
2007-02-15,プロトタイプ,Kanon,2,YES,その他,プロトタイプ,0,1,PSP
2007-02-15,エレクトロニック・アーツ,タイガー・ウッズ PGA TOUR 07,2,,その他,エレクトロニック・アーツ,0,1,PSP
2007-02-15,バンダイナムコゲームス,テイルズ オブ デスティニー2,2,,その他,バンダイナムコゲームス,0,1,PSP
2007-02-15,キューエンタテインメントBuena Vista Games,ルミネスII,2,,その他,キューエンタテインメントBuena Vista Games,0,1,PSP
2007-02-22,ディースリー・パブリッシャー,SIMPLE2500シリーズポータブル!! Vol.9 THEマイ・タクシー!,2,YES,その他,ディースリー・パブリッシャー,0,1,PSP
2007-02-22,THQジャパン,WWE 2007 SmackDown vs RawWWE SmackDown vs. Raw 2007,2,,その他,THQジャパン,0,1,PSP
2007-02-22,エレクトロニック・アーツ,ぼくは航空管制官 エアポートヒーロー新千歳,2,,その他,エレクトロニック・アーツ,0,1,PSP
2007-02-22,SNKプレイモアAtari,メタルスラッグコンプリートMetal Slug Anthology,2,YES,その他,SNKプレイモアAtari,0,1,PSP
2007-02-22,カプコン,モンスターハンターポータブル 2ndMonster Hunter Freedom 2,2,,その他,カプコン,0,1,PSP
2007-02-22,グローバル・A・エンタテインメント,悪代官漫遊記 正義の刃,2,,その他,グローバル・A・エンタテインメント,0,1,PSP
2007-03-21,セガ,ぷよぷよ! Puyopuyo 15th anniversary,2,,その他,セガ,0,1,PSP
2007-03-21,ハドソン,ボンバーマンランドポータブルBomberman Land,2,,その他,ハドソン,0,1,PSP
2007-03-21,コーエー,三國志VIII,2,YES,その他,コーエー,0,1,PSP
2007-04-05,コナミデジタルエンタテインメント,実況パワフルプロ野球ポータブル2,2,,その他,コナミデジタルエンタテインメント,0,1,PSP
2007-04-05,バンダイナムコゲームス,機動戦士ガンダムSEED 連合vs.Z.A.F.T. PORTABLE,2,,その他,バンダイナムコゲームス,0,1,PSP
2007-04-19,不明,とびだせ!トラぶる花札道中記,2,,その他,不明,0,1,PSP
2007-04-19,スクウェア・エニックス,ファイナルファンタジー,2,YES,その他,スクウェア・エニックス,0,1,PSP
2007-04-19,毎日コミュニケーションズ,一生遊べる 東大将棋 詰将棋道場,2,YES,その他,毎日コミュニケーションズ,0,1,PSP
2007-04-26,ゼンリン,みんなの地図2,2,,その他,ゼンリン,0,1,PSP
2007-05-10,スクウェア・エニックス,ファイナルファンタジータクティクス 獅子戦争Final Fantasy Tactics: The War of the Lions,2,YES,その他,スクウェア・エニックス,0,1,PSP
2007-05-17,TAKUYO,Little Aid ポータブル,2,YES,その他,TAKUYO,0,1,PSP
2007-05-24,ソニー・コンピュータエンタテインメント,BLEACH 〜ヒート・ザ・ソウル4〜,2,,その他,ソニー・コンピュータエンタテインメント,0,1,PSP
2007-05-24,THQジャパン,Juiced Eliminator,2,,その他,THQジャパン,0,1,PSP
2007-05-31,ソニー・コンピュータエンタテインメント,みんなのGOLF場 Vol.1,2,,その他,ソニー・コンピュータエンタテインメント,0,1,PSP
2007-06-07,バンダイナムコゲームスAtari,ドラゴンボールZ 真武道会2Dragon Ball Z: Shin Budokai - Another Road,2,,その他,バンダイナムコゲームスAtari,0,1,PSP
2007-06-07,スクウェア・エニックス,ファイナルファンタジーII,2,YES,その他,スクウェア・エニックス,0,1,PSP
2007-06-14,インターチャネルCodemasters,コリン マクレー ラリーColin McRae Rally 2005,2,,その他,インターチャネルCodemasters,0,1,PSP
2007-06-21,バンダイナムコゲームス,スマッシュコートテニス3,2,,その他,バンダイナムコゲームス,0,1,PSP
2007-06-28,ソニー・コンピュータエンタテインメント,TALKMAN式 しゃべリンガル英会話 for Kids,2,,その他,ソニー・コンピュータエンタテインメント,0,1,PSP
2007-06-28,TAKUYO,étude prologue 〜揺れ動く心のかたち〜 ポータブル,2,YES,その他,TAKUYO,0,1,PSP
2007-06-28,ジャレコ,ちゅ〜かな雀士てんほー牌娘 Remix,2,,その他,ジャレコ,0,1,PSP
2007-06-28,サイバーフロント,シークレット オブ エヴァンゲリオン ポータブル,2,YES,その他,サイバーフロント,0,1,PSP
2007-06-28,ソニー・コンピュータエンタテインメント,ラチェット&クランク5 激突!ドデカ銀河のミリミリ軍団Ratchet & Clank: Size Matters,2,YES,その他,ソニー・コンピュータエンタテインメント,0,1,PSP
2007-06-28,マイルストーン,目で右脳を鍛える速読術ポータブル,2,YES,その他,マイルストーン,0,1,PSP
2007-07-19,ディースリー・パブリッシャー,SIMPLE2500シリーズポータブル!! Vol.10 THE IQ CUBE 〜モヤっと頭をパズルでスッキリ!〜CubeCube: 3D Puzzle Mayhem,2,,その他,ディースリー・パブリッシャー,0,1,PSP
2007-07-19,アイレムソフトウェアエンジニアリングAgetec,"マワスケス based on ""Carton-kun""Puzzle Guzzle",2,,その他,アイレムソフトウェアエンジニアリングAgetec,0,1,PSP
2007-07-26,TAKUYO,for Symphony 〜with all one's heart〜 ポータブル,2,YES,その他,TAKUYO,0,1,PSP
2007-07-26,ジャレコ,アイドル雀士スーチーパイIII Remix,2,,その他,ジャレコ,0,1,PSP
2007-07-26,カプコンRockstar Games,グランド・セフト・オート・リバティーシティ・ストーリーズ,2,,その他,カプコンRockstar Games,0,1,PSP
2007-07-26,ソニー・コンピュータエンタテインメント,サルゲッチュ サルサル大作戦,2,YES,その他,ソニー・コンピュータエンタテインメント,0,1,PSP
2007-08-02,ソニー・コンピュータエンタテインメント,みんなのGOLF場 Vol.2,2,,その他,ソニー・コンピュータエンタテインメント,0,1,PSP
2007-08-02,カプコン,極魔界村 改,2,YES,その他,カプコン,0,1,PSP
2007-08-09,ゼンリン,みんなの地図2 地域版 中日本編,2,,その他,ゼンリン,0,1,PSP
2007-08-09,ゼンリン,みんなの地図2 地域版 東日本編,2,,その他,ゼンリン,0,1,PSP
2007-08-09,ゼンリン,みんなの地図2 地域版 西日本編,2,,その他,ゼンリン,0,1,PSP
2007-08-09,エディア,プロアトラストラベルガイド,2,,その他,エディア,0,1,PSP
2007-08-09,ソニー・コンピュータエンタテインメントXseed Games,ワイルドアームズ クロスファイアWild Arms XF,2,,その他,ソニー・コンピュータエンタテインメントXseed Games,0,1,PSP
2007-08-09,毎日コミュニケーションズ,将棋が強くなる 激指 定跡道場,2,YES,その他,毎日コミュニケーションズ,0,1,PSP
2007-08-16,プロトタイプ,SNOW -PORTABLE-,2,YES,その他,プロトタイプ,0,1,PSP
2007-08-23,日本一ソフトウェアNIS / Koei,ドラグナーズアリア 竜が眠るまで,2,YES,その他,日本一ソフトウェアNIS / Koei,0,1,PSP
2007-09-06,ソニー・コンピュータエンタテインメント,REZEL CROSS,2,YES,その他,ソニー・コンピュータエンタテインメント,0,1,PSP
2007-09-13,スクウェア・エニックス,クライシス コア ファイナルファンタジーVII,2,,その他,スクウェア・エニックス,0,1,PSP
2007-09-13,カプコン,フェイト/タイガーころしあむ,2,,その他,カプコン,0,1,PSP
2007-09-20,アイレムソフトウェアエンジニアリングAtlus,R-TYPE TACTICSR-Type Command,2,,その他,アイレムソフトウェアエンジニアリングAtlus,0,1,PSP
2007-09-20,エレクトロニック・アーツ,バーンアウト ドミネーター,2,YES,その他,エレクトロニック・アーツ,0,1,PSP
2007-09-20,コナミデジタルエンタテインメント,メタルギアソリッド ポータブル・オプス+,2,,その他,コナミデジタルエンタテインメント,0,1,PSP
2007-09-27,コナミデジタルエンタテインメント,CODED ARMS CONTAGION,2,,その他,コナミデジタルエンタテインメント,0,1,PSP
2007-09-27,ディースリー・パブリッシャー,SIMPLE2500シリーズポータブル!! Vol.11 THEパズルクエスト〜アガリアの騎士〜,2,,その他,ディースリー・パブリッシャー,0,1,PSP
2007-09-27,元気,湾岸ミッドナイト ポータブル,2,YES,その他,元気,0,1,PSP
2007-09-27,日本ファルコムXseed Games,英雄伝説 空の軌跡SCThe Legend of Heroes: Trails in the Sky SC,2,YES,その他,日本ファルコムXseed Games,0,1,PSP
2007-09-27,コナミデジタルエンタテインメント,遊☆戯☆王デュエルモンスターズGX タッグフォース2Yu-Gi-Oh! GX: Tag Force 2,2,,その他,コナミデジタルエンタテインメント,0,1,PSP
2007-10-04,ソニー・コンピュータエンタテインメント,みんなのGOLF場 Vol.3,2,,その他,ソニー・コンピュータエンタテインメント,0,1,PSP
2007-10-04,バンダイナムコゲームス,ガンダムバトルクロニクル,2,,その他,バンダイナムコゲームス,0,1,PSP
2007-10-18,スティング,Riviera 〜約束の地リヴィエラ〜 スペシャルエディション,2,,その他,スティング,0,1,PSP
2007-10-25,TAKUYO,怪盗アプリコット ポータブル,2,YES,その他,TAKUYO,0,1,PSP
2007-11-08,エレクトロニック・アーツ,NBAライブ08,2,,その他,エレクトロニック・アーツ,0,1,PSP
2007-11-08,ソニー・コンピュータエンタテインメント,みんなのGOLF場 Vol.4,2,,その他,ソニー・コンピュータエンタテインメント,0,1,PSP
2007-11-08,コナミデジタルエンタテインメント,悪魔城ドラキュラ XクロニクルCastlevania: The Dracula X Chronicles,2,,その他,コナミデジタルエンタテインメント,0,1,PSP
2007-11-15,AQインタラクティブ,アナタヲユルサナイ,2,,その他,AQインタラクティブ,0,1,PSP
2007-11-15,ハドソン,ダンジョンエクスプローラー 盟約の扉,2,,その他,ハドソン,0,1,PSP
2007-11-22,プロトタイプ,AIR,2,YES,その他,プロトタイプ,0,1,PSP
2007-11-29,日本一ソフトウェア,魔界戦記ディスガイア PORTABLE 通信対戦はじめました。,2,YES,その他,日本一ソフトウェア,0,1,PSP
2007-12-06,ソニー・コンピュータエンタテインメント,みんなのGOLFポータブル2Everybody's Golf Portable 2Hot Shots Golf: Open Tee 2,2,YES,その他,ソニー・コンピュータエンタテインメント,0,1,PSP
2007-12-06,グローバル・A・エンタテインメント,クロニクルオブダンジョンメーカーIIDungeon Maker II: The Hidden War,2,YES,その他,グローバル・A・エンタテインメント,0,1,PSP
2007-12-06,カプコンRockstar Games,グランド・セフト・オート・バイスシティ・ストーリーズ,2,,その他,カプコンRockstar Games,0,1,PSP
2007-12-06,コナミデジタルエンタテインメント,サイレントヒル ゼロSilent Hill: Origins,2,,その他,コナミデジタルエンタテインメント,0,1,PSP
2007-12-06,ソニー・コンピュータエンタテインメントNippon Ichi Software,"勇者のくせになまいきだ。Holy Invasion Of Privacy, Badman! What Did I Do To Deserve This?",2,YES,その他,ソニー・コンピュータエンタテインメントNippon Ichi Software,0,1,PSP
2007-12-06,毎日コミュニケーションズ,麻雀覇王ポータブル 段級バトル,2,YES,その他,毎日コミュニケーションズ,0,1,PSP
2007-12-13,ソニー・コンピュータエンタテインメント,TALKMAN TRAVEL,2,,その他,ソニー・コンピュータエンタテインメント,0,1,PSP
2007-12-20,ソニー・コンピュータエンタテインメント,-どこでもいっしょ- レッツ学校!トレーニング編,2,,その他,ソニー・コンピュータエンタテインメント,0,1,PSP
2007-12-20,エディア,MAPLUS ポータブルナビ2,2,,その他,エディア,0,1,PSP
2007-12-20,ソニー・コンピュータエンタテインメント,PATAPON,2,YES,その他,ソニー・コンピュータエンタテインメント,0,1,PSP
2007-12-20,ESP,はじめの一歩ポータブル VICTORIOUS SPIRITS,2,YES,その他,ESP,0,1,PSP
2007-12-20,日本ファルコム,空の軌跡マテリアルコレクションポータブル,2,,その他,日本ファルコム,0,1,PSP
2007-12-27,アーテインPlaylogic Entertainment,XYANIDE -ザイナイド-Xyanide Resurrection,2,,その他,アーテインPlaylogic Entertainment,0,1,PSP
2007-12-27,スクウェア・エニックス,スターオーシャン1 First Departure,2,,その他,スクウェア・エニックス,0,1,PSP
2007-12-27,バンダイナムコゲームス,涼宮ハルヒの約束,2,,その他,バンダイナムコゲームス,0,1,PSP
2008-01-10,グローバル・A・エンタテインメント,零式艦上戦闘記 弐,2,YES,その他,グローバル・A・エンタテインメント,0,1,PSP
2008-01-24,スティングAtlus505 Games,ユグドラ・ユニオン,2,YES,その他,スティングAtlus505 Games,0,1,PSP
2008-01-24,コナミデジタルエンタテインメント,ワールドサッカーウイニングイレブン2008 ユビキタスエヴォリューションPro Evolution Soccer 2008,2,,その他,コナミデジタルエンタテインメント,0,1,PSP
2008-01-31,セガ,SEGA RALLY REVO,2,,その他,セガ,0,1,PSP
2008-01-31,システムソフト・アルファー,太平洋の嵐 〜戦艦大和、暁に出撃す〜,2,YES,その他,システムソフト・アルファー,0,1,PSP
2008-02-07,ソニー・コンピュータエンタテインメント,Coded Soul -受け継がれしイデア-,2,YES,その他,ソニー・コンピュータエンタテインメント,0,1,PSP
2008-02-07,バンダイナムコゲームス,機動戦士ガンダム ギレンの野望 アクシズの脅威,2,,その他,バンダイナムコゲームス,0,1,PSP
2008-02-14,エレクトロニック・アーツ,メダル・オブ・オナー ヒーローズ2,2,YES,その他,エレクトロニック・アーツ,0,1,PSP
2008-02-21,タイトー,スペースインベーダーエクストリーム,2,,その他,タイトー,0,1,PSP
2008-02-21,コーエー,無双OROCHIWarriors Orochi,2,YES,その他,コーエー,0,1,PSP
2008-02-28,ソニー・コンピュータエンタテインメント,MyStylist,2,,その他,ソニー・コンピュータエンタテインメント,0,1,PSP
2008-03-19,バンダイナムコゲームス,テイルズ オブ リバース,2,,その他,バンダイナムコゲームス,0,1,PSP
2008-03-19,エレクトロニック・アーツ,ニード・フォー・スピード プロストリート,2,YES,その他,エレクトロニック・アーツ,0,1,PSP
2008-03-19,ソニー・コンピュータエンタテインメント,無限回廊Echochrome,2,YES,その他,ソニー・コンピュータエンタテインメント,0,1,PSP
2008-03-27,バンダイナムコゲームス,コードギアス 反逆のルルーシュ LOST COLORS,2,,その他,バンダイナムコゲームス,0,1,PSP
2008-03-27,ディースリー・パブリッシャー,デッドヘッドフレッド〜首なし探偵の悪夢〜,2,,その他,ディースリー・パブリッシャー,0,1,PSP
2008-03-27,スパイクEidos Interactive,トゥームレイダーアニバーサリー,2,,その他,スパイクEidos Interactive,0,1,PSP
2008-03-27,カプコン,モンスターハンターポータブル 2nd GMonster Hunter Freedom Unite,2,YES,その他,カプコン,0,1,PSP
2008-03-27,マーベラスエンターテイメント,海腹川背Portable,2,,その他,マーベラスエンターテイメント,0,1,PSP
2008-04-02,スクウェア・エニックス,スターオーシャン2 Second Evolution,2,,その他,スクウェア・エニックス,0,1,PSP
2008-04-10,サクセス,PSPナンプレ10000問,2,,その他,サクセス,0,1,PSP
2008-04-24,ソニー・コンピュータエンタテインメント,flOw,2,,その他,ソニー・コンピュータエンタテインメント,0,1,PSP
2008-04-24,ゼンリン,みんなの地図3,2,,その他,ゼンリン,0,1,PSP
2008-04-24,ヴューズ,ミステリートPORTABLE 〜八十神かおるの挑戦!,2,,その他,ヴューズ,0,1,PSP
2008-04-24,日本ファルコム,ヴァンテージマスターポータブル,2,YES,その他,日本ファルコム,0,1,PSP
2008-05-01,ソニー・コンピュータエンタテインメント,ニッポンのあそこで,2,YES,その他,ソニー・コンピュータエンタテインメント,0,1,PSP
2008-05-15,ソニー・コンピュータエンタテインメント,BLEACH 〜ヒート・ザ・ソウル5〜,2,,その他,ソニー・コンピュータエンタテインメント,0,1,PSP
2008-05-15,アイレムソフトウェアエンジニアリング,いくぜっ!源さん 〜夕焼け大工物語〜,2,,その他,アイレムソフトウェアエンジニアリング,0,1,PSP
2008-05-15,毎日コミュニケーションズ,競馬通ポータブル JRA公式データ22年分収録,2,,その他,毎日コミュニケーションズ,0,1,PSP
2008-05-22,システムソフト・アルファー,大戦略VII EXCEED,2,,その他,システムソフト・アルファー,0,1,PSP
2008-05-29,プロトタイプ,CLANNAD,2,,その他,プロトタイプ,0,1,PSP
2008-05-29,サイバーフロント,Memories Off,2,YES,その他,サイバーフロント,0,1,PSP
2008-05-29,サイバーフロント,Memories Off 2nd,2,YES,その他,サイバーフロント,0,1,PSP
2008-05-29,マーベラスエンターテイメントXseed Games,ヴァルハラナイツ2,2,YES,その他,マーベラスエンターテイメントXseed Games,0,1,PSP
2008-05-29,コナミデジタルエンタテインメント,実況パワフルプロ野球ポータブル3,2,,その他,コナミデジタルエンタテインメント,0,1,PSP
2008-06-12,TAKUYO,MEDICAL91ポータブル,2,YES,その他,TAKUYO,0,1,PSP
2008-06-19,バンダイナムコゲームス,スーパーロボット大戦A PORTABLE,2,,その他,バンダイナムコゲームス,0,1,PSP
2008-06-19,ソニー・コンピュータエンタテインメント,昇天ビート,2,,その他,ソニー・コンピュータエンタテインメント,0,1,PSP
2008-06-26,コーエー,ウイニングポスト6 2008,2,,その他,コーエー,0,1,PSP
2008-06-26,fonfun,ワールドネバーランド 2in1ポータブル 〜オルルド王国物語&プルト共和国物語〜,2,YES,その他,fonfun,0,1,PSP
2008-06-26,アクワイアAtlus,剣と魔法と学園モノ。Class of Heroes,2,YES,その他,アクワイアAtlus,0,1,PSP
2008-06-26,プロトタイプ,神曲奏界ポリフォニカ0〜4話フルパック,2,YES,その他,プロトタイプ,0,1,PSP
2008-07-03,ドラス,みんなで読書 名作&推理&怪談&文学,2,YES,その他,ドラス,0,1,PSP
2008-07-10,カプコン,ゴッド・オブ・ウォー 落日の悲愴曲God of War: Chains of Olympus,2,,その他,カプコン,0,1,PSP
2008-07-10,アイレムソフトウェアエンジニアリングAtlus,ポンコツ浪漫大活劇バンピートロット ビークルバトルトーナメントSteambot Chronicles: Battle Tournament,2,,その他,アイレムソフトウェアエンジニアリングAtlus,0,1,PSP
2008-07-10,サンライズインタラクティブ,新世紀GPXサイバーフォーミュラVS,2,,その他,サンライズインタラクティブ,0,1,PSP
2008-07-17,TAKUYO,ひめひび -Princess Days- ぽーたぶる,2,YES,その他,TAKUYO,0,1,PSP
2008-07-17,バンダイナムコゲームス,ガンダムバトルユニバース,2,,その他,バンダイナムコゲームス,0,1,PSP
2008-07-24,日本一ソフトウェア,インフィニットループ,2,YES,その他,日本一ソフトウェア,0,1,PSP
2008-07-24,アークシステムワークスAksys Games,ギルティギア イグゼクス アクセントコアプラス,2,,その他,アークシステムワークスAksys Games,0,1,PSP
2008-07-24,日本ファルコム,英雄伝説 空の軌跡 the 3rd,2,YES,その他,日本ファルコム,0,1,PSP
2008-07-31,ハドソン,PC Engine Best Collection 天外魔境コレクション,2,,その他,ハドソン,0,1,PSP
2008-07-31,ハドソン,PC Engine Best Collection 銀河お嬢様伝説コレクション,2,,その他,ハドソン,0,1,PSP
2008-07-31,TAKUYO,Panic Palette Portable,2,,その他,TAKUYO,0,1,PSP
2008-07-31,セガ,ファンタシースターポータブル,2,,その他,セガ,0,1,PSP
2008-08-07,日本一ソフトウェア,流行り神2ポータブル,2,YES,その他,日本一ソフトウェア,0,1,PSP
2008-08-14,サイバーフロント,Memories Off 〜それから〜,2,YES,その他,サイバーフロント,0,1,PSP
2008-08-14,セガ,クレイジータクシーダブルパンチCrazy Taxi: Fare Wars,2,YES,その他,セガ,0,1,PSP
2008-08-14,サイバーフロント,想い出にかわる君 〜Memories Off〜,2,YES,その他,サイバーフロント,0,1,PSP
2008-08-28,カプコン,フェイト/タイガーころしあむ アッパー,2,,その他,カプコン,0,1,PSP
2008-09-18,スパイク,侍道 Portable,2,,その他,スパイク,0,1,PSP
2008-09-18,マーベラスエンターテイメント,家庭教師ヒットマン REBORN! バトルアリーナ,2,YES,その他,マーベラスエンターテイメント,0,1,PSP
2008-09-20,コーエー,ネオ アンジェリーク SPECIAL,2,YES,その他,コーエー,0,1,PSP
2008-09-25,ハドソン,PC Engine Best Collection ソルジャーコレクション,2,,その他,ハドソン,0,1,PSP
2008-09-25,サイバーフロント,プリンセスメーカー5 ポータブル,2,YES,その他,サイバーフロント,0,1,PSP
2008-09-25,ガスト,マナケミア 〜学園の錬金術士たち〜PORTABLE＋Mana Khemia: Student Alliance,2,,その他,ガスト,0,1,PSP
2008-09-25,システムソフト・アルファー,大戦略 大東亜興亡史 〜トラ・トラ・トラ ワレ奇襲ニ成功セリ〜,2,,その他,システムソフト・アルファー,0,1,PSP
2008-10-02,マーベラスエンターテイメント,To LOVEる -とらぶる- ドキドキ!臨海学校編,2,YES,その他,マーベラスエンターテイメント,0,1,PSP
2008-10-02,マーベラスエンターテイメント,一騎当千 Eloquent Fist,2,YES,その他,マーベラスエンターテイメント,0,1,PSP
2008-10-09,バンダイナムコゲームス,マクロスエースフロンティア,2,,その他,バンダイナムコゲームス,0,1,PSP
2008-10-09,毎日コミュニケーションズ,梅沢由香里のやさしい囲碁,2,YES,その他,毎日コミュニケーションズ,0,1,PSP
2008-10-16,ソニー・コンピュータエンタテインメントNippon Ichi Software,"勇者のくせになまいきだor2What Did I Do To Deserve This, My Lord? 2",2,YES,その他,ソニー・コンピュータエンタテインメントNippon Ichi Software,0,1,PSP
2008-10-23,ソニー・コンピュータエンタテインメント,BLEACH 〜ソウル・カーニバル〜,2,,その他,ソニー・コンピュータエンタテインメント,0,1,PSP
2008-10-23,エレクトロニック・アーツ,NBAライブ09,2,,その他,エレクトロニック・アーツ,0,1,PSP
2008-10-23,DORASU,みんなで読書 ケータイ小説ですぅ〜,2,YES,その他,DORASU,0,1,PSP
2008-10-23,セガAtlus,ガーネットクロニクル 紅輝の魔石Crimson Gem Saga,2,,その他,セガAtlus,0,1,PSP
2008-10-23,ハドソン,萌える麻雀 もえじゃん!,2,,その他,ハドソン,0,1,PSP
2008-10-30,アイディアファクトリー,カルディナルアーク ポータブルNeverland Card Battles,2,,その他,アイディアファクトリー,0,1,PSP
2008-10-30,GNソフトウェア,水月 -すいげつ- 〜Portable〜,2,,その他,GNソフトウェア,0,1,PSP
2008-11-13,エレクトロニック・アーツ,FIFA 09 ワールドクラスサッカー,2,,その他,エレクトロニック・アーツ,0,1,PSP
2008-11-13,グローバルAエンタテインメント,ZERO PILOT 第三次世界大戦1946,2,YES,その他,グローバルAエンタテインメント,0,1,PSP
2008-11-13,アイレムソフトウェアエンジニアリング,戦国絵札遊戯 不如帰 -HOTOTOGISU- 乱,2,,その他,アイレムソフトウェアエンジニアリング,0,1,PSP
2008-11-13,グローバル・A・エンタテインメント,注文しようぜ!俺たちの世界,2,YES,その他,グローバル・A・エンタテインメント,0,1,PSP
2008-11-20,ソニー・コンピュータエンタテインメント,クランク&ラチェット マル秘ミッション☆イグニッション!Secret Agent Clank,2,YES,その他,ソニー・コンピュータエンタテインメント,0,1,PSP
2008-11-20,日本一ソフトウェア,プリニー 〜オレが主人公でイイんスか?〜Prinny: Can I Really Be the Hero?,2,YES,その他,日本一ソフトウェア,0,1,PSP
2008-11-20,バンダイナムコゲームス,機動戦士ガンダム ガンダムVS.ガンダム,2,,その他,バンダイナムコゲームス,0,1,PSP
2008-11-27,アルケミスト,ひぐらしデイブレイク Portable,2,,その他,アルケミスト,0,1,PSP
2008-11-27,ソニー・コンピュータエンタテインメント,パタポン2 ドンチャカ♪Patapon 2,2,YES,その他,ソニー・コンピュータエンタテインメント,0,1,PSP
2008-11-27,スパイク,喧嘩番長3 全国制覇Kenka Bancho: Badass Rumble,2,,その他,スパイク,0,1,PSP
2008-11-27,TAKUYO,星色のおくりもの Portable,2,,その他,TAKUYO,0,1,PSP
2008-11-27,コーエー,無双OROCHI 魔王再臨Warriors Orochi 2,2,YES,その他,コーエー,0,1,PSP
2008-11-27,システムソフト・アルファー,萌え萌え2次大戦(略)☆デラックス,2,,その他,システムソフト・アルファー,0,1,PSP
2008-11-27,コナミデジタルエンタテインメント,遊☆戯☆王デュエルモンスターズGX タッグフォース3Yu-Gi-Oh! GX: Tag Force 3,2,,その他,コナミデジタルエンタテインメント,0,1,PSP
2008-12-04,ソニー・コンピュータエンタテインメント,LocoRoco 2,2,YES,その他,ソニー・コンピュータエンタテインメント,0,1,PSP
2008-12-11,日本ファルコム,Zwei!!,2,YES,その他,日本ファルコム,0,1,PSP
2008-12-18,ソニー・コンピュータエンタテインメント,STAR STRIKE PORTABLESuper Stardust Portable,2,,その他,ソニー・コンピュータエンタテインメント,0,1,PSP
2008-12-18,ドラス,オツゲー 占イナンデス。,2,,その他,ドラス,0,1,PSP
2008-12-18,サクセス,クリムゾン・ルーム リバース,2,,その他,サクセス,0,1,PSP
2008-12-18,ガンホー・ワークス,ソルフェージュ 〜Sweet harmony〜,2,YES,その他,ガンホー・ワークス,0,1,PSP
2008-12-18,スクウェア・エニックス,ディシディア ファイナルファンタジー,2,YES,その他,スクウェア・エニックス,0,1,PSP
2008-12-18,エレクトロニック・アーツ,ニード・フォー・スピード アンダーカバー,2,YES,その他,エレクトロニック・アーツ,0,1,PSP
2008-12-18,エイチアイUbisoft,ハムスターチャンネルPetz Hamsterz Bunch,2,,その他,エイチアイUbisoft,0,1,PSP
2008-12-18,サクセス,最強将棋 BONANZA,2,,その他,サクセス,0,1,PSP
2008-12-18,アイディアファクトリー,緋色の欠片ポータブル,2,,その他,アイディアファクトリー,0,1,PSP
2008-12-25,TAKUYO,Cherry blossom 〜チェリーブロッサム〜 Portable,2,YES,その他,TAKUYO,0,1,PSP
2008-12-25,ベストメディア,俺たちのサバゲー PORTABLE,2,,その他,ベストメディア,0,1,PSP
2009-01-22,コーエー,Zill O’ll 〜infinite plus〜,2,YES,その他,コーエー,0,1,PSP
2009-01-22,インターチャネル,北斗の拳 ラオウ外伝 天の覇王,2,,その他,インターチャネル,0,1,PSP
2009-01-29,5pb.,Memories Off #5 とぎれたフィルム,2,YES,その他,5pb.,0,1,PSP
2009-01-29,バンダイナムコゲームス,ソウルイーター バトルレゾナンス,2,,その他,バンダイナムコゲームス,0,1,PSP
2009-01-29,バンダイナムコゲームス,テイルズ オブ ザ ワールド レディアント マイソロジー2,2,,その他,バンダイナムコゲームス,0,1,PSP
2009-01-29,コナミデジタルエンタテインメント,ワールドサッカー ウイニングイレブン 2009Pro Evolution Soccer 2009,2,,その他,コナミデジタルエンタテインメント,0,1,PSP
2009-02-05,ユービーアイソフト,ショーン・ホワイト スノーボード,2,YES,その他,ユービーアイソフト,0,1,PSP
2009-02-05,ゲームロフト,ブレインチャレンジ,2,,その他,ゲームロフト,0,1,PSP
2009-02-05,スパイクRockstar Games,ミッドナイトクラブ:L.A. リミックス,2,,その他,スパイクRockstar Games,0,1,PSP
2009-02-05,ソニー・コンピュータエンタテインメント,遠隔捜査 -真実への23日間-,2,YES,その他,ソニー・コンピュータエンタテインメント,0,1,PSP
2009-02-12,フロム・ソフトウェアUbisoft,天誅4Tenchu: Shadow Assassins,2,,その他,フロム・ソフトウェアUbisoft,0,1,PSP
2009-02-12,バンダイナムコゲームス,機動戦士ガンダム ギレンの野望 アクシズの脅威V,2,,その他,バンダイナムコゲームス,0,1,PSP
2009-02-19,バンダイナムコゲームス,THE IDOLM@STER SP パーフェクトサン,2,,その他,バンダイナムコゲームス,0,1,PSP
2009-02-19,バンダイナムコゲームス,THE IDOLM@STER SP ミッシングムーン,2,,その他,バンダイナムコゲームス,0,1,PSP
2009-02-19,バンダイナムコゲームス,THE IDOLM@STER SP ワンダリングスター,2,,その他,バンダイナムコゲームス,0,1,PSP
2009-02-26,サクセス,ドラゴンダンス,2,,その他,サクセス,0,1,PSP
2009-02-26,ガンホー・ワークス,ミマナ イアルクロニクル,2,YES,その他,ガンホー・ワークス,0,1,PSP
2009-02-26,5pb.,ユア・メモリーズオフ〜Girl's Style〜,2,,その他,5pb.,0,1,PSP
2009-02-26,ガジェットソフト,仮面のメイドガイ ボヨヨンバトルロワイヤル,2,,その他,ガジェットソフト,0,1,PSP
2009-02-26,コーエー,真・三國無双 MULTI RAIDDynasty Warriors: Strikeforce,2,YES,その他,コーエー,0,1,PSP
2009-02-26,コーエー,金色のコルダ2 f（フォルテ）,2,,その他,コーエー,0,1,PSP
2009-02-28,プロトタイプ,planetarian 〜ちいさなほしのゆめ〜,2,YES,その他,プロトタイプ,0,1,PSP
2009-03-12,サイバーフロント,Ever17 -the out of infinity- Premium Edition,2,YES,その他,サイバーフロント,0,1,PSP
2009-03-12,サイバーフロント,Never7 -the end of infinity-,2,YES,その他,サイバーフロント,0,1,PSP
2009-03-12,ソニー・コンピュータエンタテインメント,RESISTANCE〜報復の刻〜Resistance: Retribution,2,YES,その他,ソニー・コンピュータエンタテインメント,0,1,PSP
2009-03-19,ディンプル,あやかしびと -幻妖異聞録- PORTABLE,2,,その他,ディンプル,0,1,PSP
2009-03-19,ソニー・コンピュータエンタテインメント,サルゲッチュ ピポサル戦記Ape Quest,2,YES,その他,ソニー・コンピュータエンタテインメント,0,1,PSP
2009-03-19,バンダイナムコゲームス,ドラゴンボール エヴォリューション,2,,その他,バンダイナムコゲームス,0,1,PSP
2009-03-19,日本ファルコム,ブランディッシュ ダークレヴナント,2,YES,その他,日本ファルコム,0,1,PSP
2009-03-19,日本一ソフトウェア,夢想灯籠,2,YES,その他,日本一ソフトウェア,0,1,PSP
2009-03-19,プロトタイプ,智代アフター 〜It's a Wonderful Life〜 CSエディション,2,,その他,プロトタイプ,0,1,PSP
2009-03-19,マーベラスエンターテイメント,牧場物語 シュガー村とみんなの願いHarvest Moon: Hero of Leaf Valley,2,,その他,マーベラスエンターテイメント,0,1,PSP
2009-03-19,サイバーフロント,羊くんならキスしてあげる☆,2,YES,その他,サイバーフロント,0,1,PSP
2009-03-19,コーエー,遙かなる時空の中で3 with 十六夜記 愛蔵版,2,,その他,コーエー,0,1,PSP
2009-03-19,ガンホー・ワークス,零・超兄貴,2,YES,その他,ガンホー・ワークス,0,1,PSP
2009-03-26,アイディアファクトリー,ウィル・オ・ウィスプ ポータブル,2,,その他,アイディアファクトリー,0,1,PSP
2009-03-26,コナミデジタルエンタテインメント,サンデーVSマガジン 集結!頂上大決戦,2,,その他,コナミデジタルエンタテインメント,0,1,PSP
2009-03-26,コナミデジタルエンタテインメント,ハヤテのごとく!! ナイトメアパラダイス,2,,その他,コナミデジタルエンタテインメント,0,1,PSP
2009-03-26,システムソフト・アルファー,戦国天下統一,2,,その他,システムソフト・アルファー,0,1,PSP
2009-03-26,バンダイナムコゲームス,機動戦士ガンダム 戦場の絆ポータブル,2,,その他,バンダイナムコゲームス,0,1,PSP
2009-03-26,日本一ソフトウェア,魔界戦記ディスガイア2 PORTABLEDisgaea 2: Dark Hero Days,2,YES,その他,日本一ソフトウェア,0,1,PSP
2009-04-09,カプコン,戦国BASARA バトルヒーローズ,2,,その他,カプコン,0,1,PSP
2009-04-09,サイバーフロント,新世紀エヴァンゲリオン 鋼鉄のガールフレンド＜特別編＞ポータブル,2,YES,その他,サイバーフロント,0,1,PSP
2009-04-16,サイバーフロント,12RIVEN -the Ψcliminal of integral-,2,YES,その他,サイバーフロント,0,1,PSP
2009-04-16,サイバーフロント,Remember11 -the age of infinity-,2,YES,その他,サイバーフロント,0,1,PSP
2009-04-16,タカラトミー,ファンタジーゴルフ パンヤ PORTABLEPangYa: Fantasy Golf,2,,その他,タカラトミー,0,1,PSP
2009-04-16,毎日コミュニケーションズ,競馬通ポータブル2 JRA公式データ23年分収録,2,YES,その他,毎日コミュニケーションズ,0,1,PSP
2009-04-23,TAKUYO,ほしがりエンプーサ portable,2,YES,その他,TAKUYO,0,1,PSP
2009-04-23,グローバル・A・エンタテインメント,七魂 NANATAMA クロニクルオブダンジョンメーカー,2,YES,その他,グローバル・A・エンタテインメント,0,1,PSP
2009-04-23,アイレムソフトウェアエンジニアリング,絶体絶命都市3 -壊れゆく街と彼女の歌-,2,,その他,アイレムソフトウェアエンジニアリング,0,1,PSP
2009-04-23,サクセス,聞いて覚える英単語〜アルクのキクタン【Advanced】,2,,その他,サクセス,0,1,PSP
2009-04-23,サクセス,聞いて覚える英単語〜アルクのキクタン【Basic】,2,,その他,サクセス,0,1,PSP
2009-04-23,サクセス,聞いて覚える英単語〜アルクのキクタン【Entry】,2,,その他,サクセス,0,1,PSP
2009-04-29,システムソフト・アルファー,ティル・ナ・ノーグ 〜悠久の仁〜,2,,その他,システムソフト・アルファー,0,1,PSP
2009-04-29,アトラス,ペルソナShin Megami Tensei: Persona,2,YES,その他,アトラス,0,1,PSP
2009-04-30,プリンセスソフト,Φなる・あぷろーち2 〜1st priority〜ポータブル,2,,その他,プリンセスソフト,0,1,PSP
2009-04-30,バンダイナムコゲームス,とらドラ・ポータブル!,2,,その他,バンダイナムコゲームス,0,1,PSP
2009-05-14,ソニー・コンピュータエンタテインメント,BLEACH 〜ヒート・ザ・ソウル6〜,2,,その他,ソニー・コンピュータエンタテインメント,0,1,PSP
2009-05-14,アトラス,グローランサー,2,YES,その他,アトラス,0,1,PSP
2009-05-21,SNKプレイモア,SNK ARCADE CLASSICS Vol.1,2,,その他,SNKプレイモア,0,1,PSP
2009-05-28,アクアプラス,うたわれるもの PORTABLE,2,,その他,アクアプラス,0,1,PSP
2009-05-28,サクセス,ようこそ ひつじ村 ポータブルShepherd's Crossing,2,,その他,サクセス,0,1,PSP
2009-05-28,TAKUYO,ソラユメ portable,2,,その他,TAKUYO,0,1,PSP
2009-05-28,ドラス,ハローキティのハッピーアクセサリー,2,,その他,ドラス,0,1,PSP
2009-05-28,ガジェットソフト,バンブーブレード 〜“それから”の挑戦〜,2,,その他,ガジェットソフト,0,1,PSP
2009-05-28,5pb.,メモリーズオフ6 〜T-wave〜,2,YES,その他,5pb.,0,1,PSP
2009-05-28,マーベラスエンターテイメント,勇者30Half-Minute Hero,2,YES,その他,マーベラスエンターテイメント,0,1,PSP
2009-06-04,バンダイナムコゲームス,ヱヴァンゲリヲン:序,2,,その他,バンダイナムコゲームス,0,1,PSP
2009-06-04,マーベラスエンターテイメント,西村京太郎トラベルミステリー 悪逆の季節 東京〜南紀白浜連続殺人事件,2,,その他,マーベラスエンターテイメント,0,1,PSP
2009-06-11,ソニー・コンピュータエンタテインメント,Everyday Shooter,2,,その他,ソニー・コンピュータエンタテインメント,0,1,PSP
2009-06-11,フロム・ソフトウェア,己の信ずる道を征け,2,,その他,フロム・ソフトウェア,0,1,PSP
2009-06-11,サイバーフロント,新世紀エヴァンゲリオン 鋼鉄のガールフレンド 2nd ポータブル,2,YES,その他,サイバーフロント,0,1,PSP
2009-06-18,カプコン,Fate/Unlimited Codes Portable,2,,その他,カプコン,0,1,PSP
2009-06-18,ソニー・コンピュータエンタテインメント,クルトンNumblast,2,,その他,ソニー・コンピュータエンタテインメント,0,1,PSP
2009-06-18,ソニー・コンピュータエンタテインメント,銃声とダイヤモンド,2,YES,その他,ソニー・コンピュータエンタテインメント,0,1,PSP
2009-06-25,5pb.,Memories Off After Rain,2,YES,その他,5pb.,0,1,PSP
2009-06-25,GNソフトウェア,Piaキャロットへようこそ!! G.P. 〜学園プリンセス〜 Portable,2,,その他,GNソフトウェア,0,1,PSP
2009-06-25,テイジイエル,この青空に約束を― てのひらのらくえん,2,YES,その他,テイジイエル,0,1,PSP
2009-06-25,ドラス,ドラスロット ハナハナ祭りダ!!,2,,その他,ドラス,0,1,PSP
2009-06-25,マーベラスエンターテイメント,ヴァルハラナイツ2 バトルスタンス,2,,その他,マーベラスエンターテイメント,0,1,PSP
2009-06-25,アクワイアGaijinworks,剣と魔法と学園モノ。2Class of Heroes 2,2,YES,その他,アクワイアGaijinworks,0,1,PSP
2009-07-02,ソニー・コンピュータエンタテインメント,ぼくのなつやすみ4 瀬戸内少年探偵団「ボクと秘密の地図」,2,,その他,ソニー・コンピュータエンタテインメント,0,1,PSP
2009-07-02,セガ,初音ミク -Project DIVA-,2,,その他,セガ,0,1,PSP
2009-07-09,スパイク2K Sports,MLB 2K9Major League Baseball 2K9,2,,その他,スパイク2K Sports,0,1,PSP
2009-07-09,GAE,世界はあたしでまわってる 光と闇のプリンセス,2,YES,その他,GAE,0,1,PSP
2009-07-16,日本ファルコムXSEED Games,イースI&IIクロニクルズ,2,YES,その他,日本ファルコムXSEED Games,0,1,PSP
2009-07-23,ガンホー・ワークス,(PW)Project Witch,2,,その他,ガンホー・ワークス,0,1,PSP
2009-07-23,アイレムソフトウェアエンジニアリング,なりそこない英雄譚〜太陽と月の物語〜,2,,その他,アイレムソフトウェアエンジニアリング,0,1,PSP
2009-07-23,アイディアファクトリーAksys Games,ブレイジングソウルズ アクセレイト,2,,その他,アイディアファクトリーAksys Games,0,1,PSP
2009-07-23,アークシステムワークス,蘭島物語 レアランドストーリー 少女の約定,2,YES,その他,アークシステムワークス,0,1,PSP
2009-07-30,フロム・ソフトウェアAgetec,ARMORED CORE 3 Portable,2,,その他,フロム・ソフトウェアAgetec,0,1,PSP
2009-07-30,アクアプラス,ToHeart PORTABLE,2,,その他,アクアプラス,0,1,PSP
2009-07-30,アクアプラス,ToHeart2 PORTABLE,2,,その他,アクアプラス,0,1,PSP
2009-07-30,ブロッコリー,新世紀エヴァンゲリオン バトルオーケストラ PORTABLE,2,YES,その他,ブロッコリー,0,1,PSP
2009-08-06,アークシステムワークス,STRIKERS 1945 PLUS Portable,2,,その他,アークシステムワークス,0,1,PSP
2009-08-06,バンダイナムコゲームス,テイルズ オブ バーサス,2,,その他,バンダイナムコゲームス,0,1,PSP
2009-08-06,日本一ソフトウェア,流行り神3 警視庁怪異事件ファイル,2,YES,その他,日本一ソフトウェア,0,1,PSP
2009-08-20,コナミデジタルエンタテインメント,おおかみかくし,2,,その他,コナミデジタルエンタテインメント,0,1,PSP
2009-08-20,プロトタイプ,ハートの国のアリス,2,,その他,プロトタイプ,0,1,PSP
2009-08-20,毎日コミュニケーションズ,最強 東大将棋デラックス,2,,その他,毎日コミュニケーションズ,0,1,PSP
2009-08-20,コーエー,金色のコルダ2 f アンコール,2,,その他,コーエー,0,1,PSP
2009-08-27,バンダイナムコゲームス,ソウルキャリバー Broken Destiny,2,,その他,バンダイナムコゲームス,0,1,PSP
2009-08-27,ヴューズ,十次元立方体サイファーPORTABLE,2,,その他,ヴューズ,0,1,PSP
2009-08-27,フロム・ソフトウェア,忍者活劇 天誅 参 Portable,2,,その他,フロム・ソフトウェア,0,1,PSP
2009-08-27,システムソフト・アルファー,現代大戦略〜一触即発・軍事バランス崩壊〜,2,,その他,システムソフト・アルファー,0,1,PSP
2009-08-27,アイディアファクトリーAksys Games,薄桜鬼 ポータブルHakuoki: Demon of the Fleeting Blossom,2,,その他,アイディアファクトリーAksys Games,0,1,PSP
2009-09-03,ディースリー・パブリッシャー,SIMPLE2500シリーズPortable!! Vol.12 THE 歩兵2 〜戦友よ、先に逝け〜,2,YES,その他,ディースリー・パブリッシャー,0,1,PSP
2009-09-03,スパイク,侍道2ポータブル,2,,その他,スパイク,0,1,PSP
2009-09-03,マーベラスエンターテイメント,山村美紗サスペンス 京都鞍馬山荘殺人事件,2,,その他,マーベラスエンターテイメント,0,1,PSP
2009-09-10,エディア,MAPLUSポータブルナビ3,2,,その他,エディア,0,1,PSP
2009-09-17,スパイク,428 〜封鎖された渋谷で〜,2,,その他,スパイク,0,1,PSP
2009-09-17,5pb.,Memories Off #5 encore,2,YES,その他,5pb.,0,1,PSP
2009-09-17,5pb.,Memories Off 〜それから again〜,2,YES,その他,5pb.,0,1,PSP
2009-09-17,日本ファルコムXseed Games,イースセブン,2,YES,その他,日本ファルコムXseed Games,0,1,PSP
2009-09-17,コーエー,太閤立志伝V,2,,その他,コーエー,0,1,PSP
2009-09-17,コナミデジタルエンタテインメント,実況パワフルプロ野球ポータブル4,2,,その他,コナミデジタルエンタテインメント,0,1,PSP
2009-09-17,マーベラスエンターテイメント,家庭教師ヒットマンREBORN! バトルアリーナ2 スピリットバースト,2,YES,その他,マーベラスエンターテイメント,0,1,PSP
2009-09-17,アークシステムワークス,探偵 神宮寺三郎 灰とダイヤモンド,2,YES,その他,アークシステムワークス,0,1,PSP
2009-09-17,コナミデジタルエンタテインメント,遊☆戯☆王ファイブディーズ タッグフォース4,2,,その他,コナミデジタルエンタテインメント,0,1,PSP
2009-09-17,日本一ソフトウェア,雨格子の館 Portable 一柳和、最初の受難,2,YES,その他,日本一ソフトウェア,0,1,PSP
2009-10-01,GNソフトウェア,Like Life every hour,2,,その他,GNソフトウェア,0,1,PSP
2009-10-01,ソニー・コンピュータエンタテインメント,みんなのスッキリHot Shots ShortiesEverybody's Stress Buster,2,YES,その他,ソニー・コンピュータエンタテインメント,0,1,PSP
2009-10-01,コーエー,ウイニングポスト7 2009,2,YES,その他,コーエー,0,1,PSP
2009-10-01,ソニー・コンピュータエンタテインメント,グランツーリスモ,2,YES,その他,ソニー・コンピュータエンタテインメント,0,1,PSP
2009-10-01,コナミデジタルエンタテインメント,シャドウ オブ メモリーズ,2,,その他,コナミデジタルエンタテインメント,0,1,PSP
2009-10-01,スクウェア・エニックス,テグザーネオ,2,,その他,スクウェア・エニックス,0,1,PSP
2009-10-01,バンダイナムコゲームス,マクロスアルティメットフロンティア,2,,その他,バンダイナムコゲームス,0,1,PSP
2009-10-01,ガスト,マナケミア2 〜おちた学園と錬金術士たち〜PORTABLE+,2,,その他,ガスト,0,1,PSP
2009-10-08,ディースリー・パブリッシャー,アトムAstro Boy: The Video Game,2,,その他,ディースリー・パブリッシャー,0,1,PSP
2009-10-08,ハドソン,鉄のラインバレル,2,,その他,ハドソン,0,1,PSP
2009-10-15,スパイク2K Sports,NBA 2K10,2,,その他,スパイク2K Sports,0,1,PSP
2009-10-15,テクモ,アンデッドナイツ,2,YES,その他,テクモ,0,1,PSP
2009-10-15,コーエー,遙かなる時空の中で3 運命の迷宮 愛蔵版,2,,その他,コーエー,0,1,PSP
2009-10-15,バンダイナムコゲームス,鋼の錬金術師 FULLMETAL ALCHEMIST 背中を託せし者,2,,その他,バンダイナムコゲームス,0,1,PSP
2009-10-22,エレクトロニック・アーツ,FIFA 10 ワールドクラス サッカー,2,,その他,エレクトロニック・アーツ,0,1,PSP
2009-10-22,日本一ソフトウェア,アンティフォナの聖歌姫 〜天使の楽譜 Op.A〜,2,YES,その他,日本一ソフトウェア,0,1,PSP
2009-10-22,コーエー,真・三國無双5 Special,2,YES,その他,コーエー,0,1,PSP
2009-10-29,スクウェア・エニックス,CRYSTAL DEFENDERS,2,,その他,スクウェア・エニックス,0,1,PSP
2009-10-29,ヴューズ,ぷりサガ! PORTABLE,2,,その他,ヴューズ,0,1,PSP
2009-10-29,スターフィッシュ・エスディ,エルミナージュII 〜双生の女神と運命の大地〜,2,,その他,スターフィッシュ・エスディ,0,1,PSP
2009-10-29,スパイク,喧嘩番長ポータブル,2,,その他,スパイク,0,1,PSP
2009-10-29,5pb.,大正野球娘。〜乙女達之青春日記〜,2,,その他,5pb.,0,1,PSP
2009-10-30,ハドソン,エレメンタルモンスターTD ポータブルCreature Defense,2,,その他,ハドソン,0,1,PSP
2009-11-01,スクウェア・エニックス,DISSIDIA FINAL FANTASY UNIVERSAL TUNING,2,YES,その他,スクウェア・エニックス,0,1,PSP
2009-11-01,ソニー・コンピュータエンタテインメント,LocoRoco -Midnight Carnival-,2,,その他,ソニー・コンピュータエンタテインメント,0,1,PSP
2009-11-01,ソニー・コンピュータエンタテインメント,MotorStorm Raging IceMotorStorm: Arctic Edge,2,YES,その他,ソニー・コンピュータエンタテインメント,0,1,PSP
2009-11-01,ソニー・コンピュータエンタテインメント,PixelJunk モンスターズ デラックス,2,,その他,ソニー・コンピュータエンタテインメント,0,1,PSP
2009-11-01,エレクトロニック・アーツ,TETRIS,2,,その他,エレクトロニック・アーツ,0,1,PSP
2009-11-01,日本一ソフトウェア,ディスガイア インフィニット,2,YES,その他,日本一ソフトウェア,0,1,PSP
2009-11-01,アトラス,ペルソナ3ポータブルShin Megami Tensei: Persona 3,2,YES,その他,アトラス,0,1,PSP
2009-11-01,ソニー・コンピュータエンタテインメント,時限回廊Echoshift,2,YES,その他,ソニー・コンピュータエンタテインメント,0,1,PSP
2009-11-05,コードマスターズ,Colin McRae:DiRT 2DiRT 2,2,YES,その他,コードマスターズ,0,1,PSP
2009-11-05,エレクトロニック・アーツ,NBAライブ10,2,,その他,エレクトロニック・アーツ,0,1,PSP
2009-11-05,ドラス,みんなで読書 源氏物語+ちょっとだけ文学,2,,その他,ドラス,0,1,PSP
2009-11-11,ソニー・コンピュータエンタテインメント,週刊トロ・ステーション,2,,その他,ソニー・コンピュータエンタテインメント,0,1,PSP
2009-11-12,セガ,J.LEAGUE プロサッカークラブをつくろう! 6,2,,その他,セガ,0,1,PSP
2009-11-12,ガンホー・ワークスXseed Games,LUNAR -HARMONY of SILVER STAR-Lunar: Silver Star Harmony,2,YES,その他,ガンホー・ワークスXseed Games,0,1,PSP
2009-11-12,コーエー,WARSHIP GUNNER 2 PORTABLE,2,,その他,コーエー,0,1,PSP
2009-11-12,AQインタラクティブ,ひぐらしの哭く頃に 雀,2,,その他,AQインタラクティブ,0,1,PSP
2009-11-12,アトラス,エクシズ・フォルス,2,YES,その他,アトラス,0,1,PSP
2009-11-12,エレクトロニック・アーツ,ニードフォースピード シフト,2,,その他,エレクトロニック・アーツ,0,1,PSP
2009-11-12,バンダイナムコゲームス,バトルスピリッツ 輝石の覇者,2,,その他,バンダイナムコゲームス,0,1,PSP
2009-11-12,システムソフト・アルファー,戦極姫〜戦乱に舞う乙女達〜,2,,その他,システムソフト・アルファー,0,1,PSP
2009-11-19,フロム・ソフトウェア,ARMORED CORE SILENT LINE Portable,2,,その他,フロム・ソフトウェア,0,1,PSP
2009-11-19,ドラス,みんなで読書 捕物帳 半七&右門&安吾&顎十郎&旗本退屈男,2,,その他,ドラス,0,1,PSP
2009-11-19,ゼンリン,みんなのナビ,2,,その他,ゼンリン,0,1,PSP
2009-11-19,ソニー・コンピュータエンタテインメント,ジャック×ダクスター 〜エルフとイタチの大冒険〜Jak and Daxter: The Lost Frontier,2,YES,その他,ソニー・コンピュータエンタテインメント,0,1,PSP
2009-11-26,5pb.,Lの季節 ダブルポケット,2,,その他,5pb.,0,1,PSP
2009-11-26,アイディアファクトリー,いつかこの手が穢れる時に -SPECTRAL FORCE LEGACY-,2,,その他,アイディアファクトリー,0,1,PSP
2009-11-26,加賀クリエイト,ひぐらしデイブレイク Portable MEGA EDITION,2,YES,その他,加賀クリエイト,0,1,PSP
2009-11-26,セガ,ぷよぷよ7,2,,その他,セガ,0,1,PSP
2009-11-26,日本一ソフトウェア,ラ・ピュセル†ラグナロック,2,YES,その他,日本一ソフトウェア,0,1,PSP
2009-11-26,プロトタイプ,学園ヘヴン BOY'S LOVE SCRAMBLE!,2,,その他,プロトタイプ,0,1,PSP
2009-11-26,角川書店,山田悠介ワールド「パズル -ぼくらの48時間戦争-」,2,,その他,角川書店,0,1,PSP
2009-12-03,コナミデジタルエンタテインメント,ときめきメモリアル4,2,YES,その他,コナミデジタルエンタテインメント,0,1,PSP
2009-12-03,セガ,ファンタシースターポータブル2,2,,その他,セガ,0,1,PSP
2009-12-03,ソニー・コンピュータエンタテインメント,リトルビッグプラネット ポータブル,2,YES,その他,ソニー・コンピュータエンタテインメント,0,1,PSP
2009-12-03,バンダイナムコゲームス,機動戦士ガンダム ガンダムVS.ガンダムNEXT PLUS,2,,その他,バンダイナムコゲームス,0,1,PSP
2009-12-10,ソニー・コンピュータエンタテインメント,BLEACH ソウル・カーニバル2,2,YES,その他,ソニー・コンピュータエンタテインメント,0,1,PSP
2009-12-10,バンダイナムコゲームス,NARUTO-ナルト-疾風伝 ナルティメットアクセル3Naruto Shippuden: Ultimate Ninja Heroes 3,2,,その他,バンダイナムコゲームス,0,1,PSP
2009-12-10,アイレム,R-TYPE TACTICS II -Operation BITTER CHOCOLATE-,2,,その他,アイレム,0,1,PSP
2009-12-10,コナミデジタルエンタテインメント,ワールドサッカー ウイニングイレブン 2010Pro Evolution Soccer 2010,2,,その他,コナミデジタルエンタテインメント,0,1,PSP
2009-12-10,GAE,大空軍 DAIKUUGUN,2,YES,その他,GAE,0,1,PSP
2009-12-10,フロム・ソフトウェア,風雲新撰組 幕末伝 ポータブル,2,,その他,フロム・ソフトウェア,0,1,PSP
2009-12-17,コードマスターズ,F1 2009,2,YES,その他,コードマスターズ,0,1,PSP
2009-12-17,GNソフトウェア,あかね色に染まる坂 ぽーたぶる,2,,その他,GNソフトウェア,0,1,PSP
2009-12-17,バンダイナムコゲームス,クイーンズブレイド スパイラルカオス,2,,その他,バンダイナムコゲームス,0,1,PSP
2009-12-17,ブロッコリー,ダイスダイス◆ファンタジア,2,YES,その他,ブロッコリー,0,1,PSP
2009-12-17,日本一ソフトウェア,奈落の城 PORTABLE 一柳和、2度目の受難,2,YES,その他,日本一ソフトウェア,0,1,PSP
2009-12-22,エム・ティー・オー,KURULIN FUSION,2,,その他,エム・ティー・オー,0,1,PSP
2009-12-23,ディースリー・パブリッシャー,SIMPLE2500シリーズ Portable!! Vol.13 THE悪魔ハンターズ〜エクソシスター〜,2,YES,その他,ディースリー・パブリッシャー,0,1,PSP
2009-12-23,角川書店,らき☆すた ネットアイドル・マイスター,2,,その他,角川書店,0,1,PSP
2009-12-23,ユービーアイソフト,アサシン クリード ブラッドライン,2,,その他,ユービーアイソフト,0,1,PSP
2009-12-23,SNKプレイモアIgnition Entertainment,メタルスラッグXX,2,YES,その他,SNKプレイモアIgnition Entertainment,0,1,PSP
2009-12-24,タイトー,ダライアスバースト,2,YES,その他,タイトー,0,1,PSP
2009-12-24,GNソフトウェア,マギウステイル エタニティ 〜世界樹と恋する魔法使い〜,2,,その他,GNソフトウェア,0,1,PSP
2009-12-24,サイバーフロント,水の旋律,2,YES,その他,サイバーフロント,0,1,PSP
2010-01-09,スクウェア・エニックス,キングダム ハーツ バース バイ スリープ,2,,その他,スクウェア・エニックス,0,1,PSP
2010-01-14,ゲームロフト,ヒーローオブスパルタ,2,,その他,ゲームロフト,0,1,PSP
2010-01-14,アクワイアAksys Games,剣闘士 グラディエータービギンズGladiator Begins,2,YES,その他,アクワイアAksys Games,0,1,PSP
2010-01-14,バンダイナムコゲームス,鉄拳6,2,,その他,バンダイナムコゲームス,0,1,PSP
2010-01-14,毎日コミュニケーションズ,麻雀覇王 バトルロイヤルII,2,YES,その他,毎日コミュニケーションズ,0,1,PSP
2010-01-21,セガ,戦場のヴァルキュリア2 ガリア王立士官学校Valkyria Chronicles II,2,,その他,セガ,0,1,PSP
2010-01-21,スクウェア・エニックス,本気で学ぶ LECで合格る 宅地建物取引主任者 ポータブル,2,YES,その他,スクウェア・エニックス,0,1,PSP
2010-01-21,スクウェア・エニックス,本気で学ぶ LECで合格る 日商簿記3級 ポータブル,2,YES,その他,スクウェア・エニックス,0,1,PSP
2010-01-21,コーエー,真・三國無双5 Empires,2,,その他,コーエー,0,1,PSP
2010-01-21,バンダイナムコゲームス,魔法少女リリカルなのはA's PORTABLE -THE BATTLE OF ACES-,2,,その他,バンダイナムコゲームス,0,1,PSP
2010-01-25,ソニーマーケティング,x-Radar Portable,2,YES,その他,ソニーマーケティング,0,1,PSP
2010-01-28,5pb.,11eyes CrossOver,2,,その他,5pb.,0,1,PSP
2010-01-28,ディンプル,るぷぷキューブ ルプ★さらだ ぽ〜たぶる …またたび,2,,その他,ディンプル,0,1,PSP
2010-01-28,アイディアファクトリー,アルコバレーノ! ポータブル,2,,その他,アイディアファクトリー,0,1,PSP
2010-01-28,スパイク,不思議のダンジョン 風来のシレン3 ポータブル,2,,その他,スパイク,0,1,PSP
2010-01-28,フロム・ソフトウェア,忍者活劇 天誅 紅 ポータブル,2,,その他,フロム・ソフトウェア,0,1,PSP
2010-01-28,角川書店,未来日記-13人目の日記所有者-,2,,その他,角川書店,0,1,PSP
2010-01-28,ディースリー・パブリッシャー,街ingメーカー3×逃走中,2,,その他,ディースリー・パブリッシャー,0,1,PSP
2010-01-28,ベストメディア,電撃のピロト〜天空の絆〜,2,,その他,ベストメディア,0,1,PSP
2010-02-04,バンダイナムコゲームス,ゴッドイーター,2,,その他,バンダイナムコゲームス,0,1,PSP
2010-02-04,コナミデジタルエンタテインメント,ポップンミュージック ポータブル,2,,その他,コナミデジタルエンタテインメント,0,1,PSP
2010-02-04,ディースリー・パブリッシャー,密室のサクリファイス,2,YES,その他,ディースリー・パブリッシャー,0,1,PSP
2010-02-04,システムソフト・アルファー,萌え萌え2次大戦(略)2［chu?♪］,2,,その他,システムソフト・アルファー,0,1,PSP
2010-02-11,ソニー・コンピュータエンタテインメント,SOCOM: U.S. Navy SEALs PortableSOCOM U.S. Navy SEALs: Fireteam Bravo 3,2,YES,その他,ソニー・コンピュータエンタテインメント,0,1,PSP
2010-02-18,ソニー・コンピュータエンタテインメント,100万トンのバラバラPatchwork Heroes,2,YES,その他,ソニー・コンピュータエンタテインメント,0,1,PSP
2010-02-18,ディースリー・パブリッシャー,Last Escort-Club Katze-,2,,その他,ディースリー・パブリッシャー,0,1,PSP
2010-02-18,日本一ソフトウェア,クラシックダンジョン 〜扶翼の魔装陣〜,2,YES,その他,日本一ソフトウェア,0,1,PSP
2010-02-18,ドラス,スロッターマニアP 哲也 -雀聖と呼ばれた男-新宿VS上野,2,,その他,ドラス,0,1,PSP
2010-02-18,ホープムーン,フラッシュモーター・カレン,2,,その他,ホープムーン,0,1,PSP
2010-02-18,角川書店,伝説の勇者の伝説 -LEGENDARY SAGA-,2,,その他,角川書店,0,1,PSP
2010-02-18,フロム・ソフトウェア,天誅4 Plus,2,,その他,フロム・ソフトウェア,0,1,PSP
2010-02-18,シルバースタージャパン,銀星将棋PORTABLE,2,YES,その他,シルバースタージャパン,0,1,PSP
2010-02-19,ベストメディア,対戦リバーシ,2,,その他,ベストメディア,0,1,PSP
2010-02-25,アークシステムワークスAksys Games,BLAZBLUE PortableBlazBlue: Calamity Trigger Portable,2,,その他,アークシステムワークスAksys Games,0,1,PSP
2010-02-25,サイバーフロント,CROSS†CHANNEL 〜To all people〜,2,,その他,サイバーフロント,0,1,PSP
2010-02-25,コナミデジタルエンタテインメント,GTI Club ワールド シティ レースGTI Club Supermini Festa!,2,,その他,コナミデジタルエンタテインメント,0,1,PSP
2010-02-25,タイトー,QIX++,2,YES,その他,タイトー,0,1,PSP
2010-02-25,アルケミスト,のーふぇいと! 〜only the power of will〜,2,YES,その他,アルケミスト,0,1,PSP
2010-02-25,TAKUYO,ひめひび-New Princess Days!!- 続！二学期 ぽーたぶる,2,YES,その他,TAKUYO,0,1,PSP
2010-02-25,ソニー・コンピュータエンタテインメント,みんなのテニス ポータブルHot Shots Tennis: Get a Grip,2,YES,その他,ソニー・コンピュータエンタテインメント,0,1,PSP
2010-02-25,コナミデジタルエンタテインメント,パワプロ サクセス・レジェンズ,2,,その他,コナミデジタルエンタテインメント,0,1,PSP
2010-02-25,GNソフトウェア,フェアリーライフ ミラクルデイズ,2,,その他,GNソフトウェア,0,1,PSP
2010-02-25,ゲームロフト,レッツ!ゴルフ,2,,その他,ゲームロフト,0,1,PSP
2010-02-25,スパイク,喧嘩番長4 一年戦争,2,,その他,スパイク,0,1,PSP
2010-02-25,角川書店,夜明け前より瑠璃色な PORTABLE,2,,その他,角川書店,0,1,PSP
2010-02-25,マーベラスエンターテイメント,家庭教師ヒットマンREBORN！絆のタッグバトル,2,YES,その他,マーベラスエンターテイメント,0,1,PSP
2010-02-25,サイバーフロント,水の旋律2 〜緋の記憶〜,2,YES,その他,サイバーフロント,0,1,PSP
2010-02-25,日本一ソフトウェア,氷の墓標 一柳和、3度目の受難,2,YES,その他,日本一ソフトウェア,0,1,PSP
2010-02-25,コーエー,金色のコルダ3,2,,その他,コーエー,0,1,PSP
2010-03-04,バンダイナムコゲームス,.hack//Link,2,,その他,バンダイナムコゲームス,0,1,PSP
2010-03-04,フロム・ソフトウェア,ARMORED CORE LAST RAVEN Portable,2,,その他,フロム・ソフトウェア,0,1,PSP
2010-03-04,ソニー・コンピュータエンタテインメント,THE EYE OF JUDGMENT 神託のウィザードThe Eye of Judgment: Legends,2,YES,その他,ソニー・コンピュータエンタテインメント,0,1,PSP
2010-03-04,コナミデジタルエンタテインメント,テガミバチ こころ紡ぐ者へ,2,,その他,コナミデジタルエンタテインメント,0,1,PSP
2010-03-11,ソニー・コンピュータエンタテインメント,ぽっちゃり☆プリンセス ポータブルFat Princess: Fistful of Cake,2,,その他,ソニー・コンピュータエンタテインメント,0,1,PSP
2010-03-11,サイバーフロントRockstar Games,グランド・セフト・オート・チャイナタウンウォーズ,2,,その他,サイバーフロントRockstar Games,0,1,PSP
2010-03-11,バンダイナムコゲームス,バトルスピリッツ ヒーローズソウル,2,,その他,バンダイナムコゲームス,0,1,PSP
2010-03-11,ソニー・コンピュータエンタテインメント,勇者のくせになまいきだ:3DNo Heroes Allowed!,2,YES,その他,ソニー・コンピュータエンタテインメント,0,1,PSP
2010-03-11,サイバーフロント,暁のアマネカと蒼い巨神〜パシテア文明研究会興亡記〜,2,YES,その他,サイバーフロント,0,1,PSP
2010-03-11,コーエー,真・三國無双 MULTI RAID 2,2,YES,その他,コーエー,0,1,PSP
2010-03-11,日本一ソフトウェア,絶対ヒーロー改造計画Z.H.P. Unlosing Ranger VS. Darkdeath Evilman,2,YES,その他,日本一ソフトウェア,0,1,PSP
2010-03-18,北電子,We Love JUGGLER,2,,その他,北電子,0,1,PSP
2010-03-18,ドラス,みんなの指圧 痛みも疲れもスッキリ?!,2,YES,その他,ドラス,0,1,PSP
2010-03-18,バンダイナムコゲームス,ガンダムアサルトサヴァイブ,2,,その他,バンダイナムコゲームス,0,1,PSP
2010-03-18,エレクトロニック・アーツ,ダンテズ・インフェルノ 〜神曲 地獄篇〜Dante's Inferno,2,YES,その他,エレクトロニック・アーツ,0,1,PSP
2010-03-25,サイバーフロント,My Merry May with be,2,YES,その他,サイバーフロント,0,1,PSP
2010-03-25,コナミデジタルエンタテインメント,SILENT HILL -SHATTERED MEMORIES-,2,,その他,コナミデジタルエンタテインメント,0,1,PSP
2010-03-25,ディースリー・パブリッシャー,VitaminZ Revolution,2,,その他,ディースリー・パブリッシャー,0,1,PSP
2010-03-25,角川書店,そらのおとしもの -ドキドキサマーバケーション-,2,,その他,角川書店,0,1,PSP
2010-03-25,アークシステムワークス,オセロ,2,YES,その他,アークシステムワークス,0,1,PSP
2010-03-25,角川書店,バーストエラー イブ・ザ・ファースト,2,,その他,角川書店,0,1,PSP
2010-03-25,日本一ソフトウェア,"プリニー2 〜特攻遊戯! 暁のパンツ大作戦ッス!!〜Prinny 2: Dawn of Operation Panties, Dood!",2,YES,その他,日本一ソフトウェア,0,1,PSP
2010-03-25,不明,初音ミク -Project DIVA- 追加楽曲集デラックスパック1 ミクうた、おかわり,2,,その他,不明,0,1,PSP
2010-03-25,アルケミスト,咲-Saki- Portable,2,,その他,アルケミスト,0,1,PSP
2010-03-25,ラッセル,天神乱漫 Happy Go Lucky!!,2,YES,その他,ラッセル,0,1,PSP
2010-04-01,ホープムーン,ZODIAC-ゾディアック-,2,,その他,ホープムーン,0,1,PSP
2010-04-01,コナミデジタルエンタテインメント,プロ野球スピリッツ2010,2,,その他,コナミデジタルエンタテインメント,0,1,PSP
2010-04-02,テクモ,デッド オア アライブ パラダイス,2,YES,その他,テクモ,0,1,PSP
2010-04-08,サイバーフロント,Monochrome,2,YES,その他,サイバーフロント,0,1,PSP
2010-04-08,ガスト,ユーディーのアトリエ 〜グラムナートの錬金術士〜 囚われの守人,2,YES,その他,ガスト,0,1,PSP
2010-04-12,リズTOSE,進め!守れ!戦え!Susume Tactics!,2,,その他,リズTOSE,0,1,PSP
2010-04-15,トムクリエイト,アースセイバーPlus 隕石爆破大作戦,2,,その他,トムクリエイト,0,1,PSP
2010-04-15,毎日コミュニケーションズ,将棋ワールドチャンピオン 激指ポータブル,2,YES,その他,毎日コミュニケーションズ,0,1,PSP
2010-04-15,アイディアファクトリー,蒼黒の楔 緋色の欠片3 ポータブル,2,,その他,アイディアファクトリー,0,1,PSP
2010-04-22,GNソフトウェア,Canvas3 〜七色の奇跡〜,2,,その他,GNソフトウェア,0,1,PSP
2010-04-22,ソニー・コンピュータエンタテインメント,SAVE THE EARTH,2,,その他,ソニー・コンピュータエンタテインメント,0,1,PSP
2010-04-22,ソニー・コンピュータエンタテインメント,とんずらっこ,2,,その他,ソニー・コンピュータエンタテインメント,0,1,PSP
2010-04-22,角川書店,ひまわり -Pebble in the Sky- ポータブル,2,,その他,角川書店,0,1,PSP
2010-04-22,日本ファルコム,イース -フェルガナの誓い-Ys: The Oath in Felghana,2,YES,その他,日本ファルコム,0,1,PSP
2010-04-22,アトラス,ナイツ・イン・ザ・ナイトメアKnights in the Nightmare,2,YES,その他,アトラス,0,1,PSP
2010-04-22,ソニー・コンピュータエンタテインメント,バイトヘル「2」パック,2,,その他,ソニー・コンピュータエンタテインメント,0,1,PSP
2010-04-22,ソニー・コンピュータエンタテインメント,バイトヘル思いやりパック,2,,その他,ソニー・コンピュータエンタテインメント,0,1,PSP
2010-04-22,ソニー・コンピュータエンタテインメント,メイクドラマベースボール,2,,その他,ソニー・コンピュータエンタテインメント,0,1,PSP
2010-04-22,角川書店,リアルロデ PORTABLE,2,,その他,角川書店,0,1,PSP
2010-04-22,アイディアファクトリー,原宿探偵学園 スチールウッド,2,,その他,アイディアファクトリー,0,1,PSP
2010-04-22,ソニー・コンピュータエンタテインメント,将棋,2,,その他,ソニー・コンピュータエンタテインメント,0,1,PSP
2010-04-22,アトラス,東京鬼祓師 鴉乃杜學園奇譚,2,YES,その他,アトラス,0,1,PSP
2010-04-22,ソニー・コンピュータエンタテインメント,突撃!戦車隊!,2,,その他,ソニー・コンピュータエンタテインメント,0,1,PSP
2010-04-28,アスキー・メディアワークス,マリッジロワイヤル プリズムストーリー,2,,その他,アスキー・メディアワークス,0,1,PSP
2010-04-28,マーベラスエンターテイメント,一騎当千 クロスインパクト,2,,その他,マーベラスエンターテイメント,0,1,PSP
2010-04-28,花梨エンターテイメント,絶対迷宮グリム 〜七つの鍵と楽園の乙女〜,2,,その他,花梨エンターテイメント,0,1,PSP
2010-04-29,コナミデジタルエンタテインメント,メタルギアソリッド ピースウォーカー,2,YES,その他,コナミデジタルエンタテインメント,0,1,PSP
2010-04-29,アルケミスト,乙女はお姉さまに恋してる portable,2,YES,その他,アルケミスト,0,1,PSP
2010-04-30,ゲームロフト,Uno,2,,その他,ゲームロフト,0,1,PSP
2010-05-13,エレクトロニック・アーツ,2010 FIFA ワールドカップ 南アフリカ大会,2,,その他,エレクトロニック・アーツ,0,1,PSP
2010-05-13,ソニー・コンピュータエンタテインメント,クイズ アニマニア,2,,その他,ソニー・コンピュータエンタテインメント,0,1,PSP
2010-05-13,ソニー・コンピュータエンタテインメント,マカロンリバーシ,2,,その他,ソニー・コンピュータエンタテインメント,0,1,PSP
2010-05-13,ソニー・コンピュータエンタテインメント,ユビスター,2,,その他,ソニー・コンピュータエンタテインメント,0,1,PSP
2010-05-13,アイディアファクトリー,薄桜鬼遊戯録,2,,その他,アイディアファクトリー,0,1,PSP
2010-05-20,アイディアファクトリー,B′s-LOGパーティー♪,2,,その他,アイディアファクトリー,0,1,PSP
2010-05-20,アイディアファクトリー,もっとNUGA-CEL（ヌガ・セル）!,2,,その他,アイディアファクトリー,0,1,PSP
2010-05-20,コナミデジタルエンタテインメント,ワールドサッカー ウイニングイレブン2010 蒼き侍の挑戦,2,,その他,コナミデジタルエンタテインメント,0,1,PSP
2010-05-20,アイディアファクトリー,乙女的恋革命★ラブレボ!!Portable,2,,その他,アイディアファクトリー,0,1,PSP
2010-05-20,シルバースタージャパン,銀星囲碁ポータブル,2,YES,その他,シルバースタージャパン,0,1,PSP
2010-05-20,バンダイナムコゲームス,鋼の錬金術師FULLMETAL ALCHEMIST約束の日へ,2,,その他,バンダイナムコゲームス,0,1,PSP
2010-05-27,イエティ,シークレットゲーム PORTABLE,2,,その他,イエティ,0,1,PSP
2010-05-27,コンパイルハート,ソ・ラ・ノ・ヲ・ト 乙女ノ五重奏（クインテット）,2,,その他,コンパイルハート,0,1,PSP
2010-05-27,ソニー・コンピュータエンタテインメント,バイトヘル情熱パック,2,,その他,ソニー・コンピュータエンタテインメント,0,1,PSP
2010-05-27,ラッセル,ファイト一発!充電ちゃん!!CC,2,,その他,ラッセル,0,1,PSP
2010-05-27,アトラス,ブレイズ・ユニオン,2,YES,その他,アトラス,0,1,PSP
2010-06-03,プロトタイプ,CLANNAD-クラナド- 光見守る坂道で 上巻,2,YES,その他,プロトタイプ,0,1,PSP
2010-06-03,コナミデジタルエンタテインメント,FAIRY TAIL PORTABLE GUILD,2,,その他,コナミデジタルエンタテインメント,0,1,PSP
2010-06-03,ディースリー・パブリッシャー,必勝パチンコ★パチスロ攻略シリーズPortable Vol.1 新世紀エヴァンゲリオン〜魂の軌跡〜,2,,その他,ディースリー・パブリッシャー,0,1,PSP
2010-06-10,ソニー・コンピュータエンタテインメント,くのいち伝説,2,,その他,ソニー・コンピュータエンタテインメント,0,1,PSP
2010-06-10,ソニー・コンピュータエンタテインメント,バトルピンボール,2,,その他,ソニー・コンピュータエンタテインメント,0,1,PSP
2010-06-10,ソニー・コンピュータエンタテインメント,ワンツーボート レーシング,2,,その他,ソニー・コンピュータエンタテインメント,0,1,PSP
2010-06-10,アイディアファクトリー,ワンド オブ フォーチュン ポータブル,2,,その他,アイディアファクトリー,0,1,PSP
2010-06-17,ソニー・コンピュータエンタテインメント,ピヨタマ,2,,その他,ソニー・コンピュータエンタテインメント,0,1,PSP
2010-06-24,5pb,CHAOS;HEAD NOAH,2,YES,その他,5pb,0,1,PSP
2010-06-24,アイディアファクトリー／サンクチュアリ,D.C. Girl's Symphony Pocket 〜ダ・カーポ〜 ガールズシンフォニーポケット,2,,その他,アイディアファクトリー／サンクチュアリ,0,1,PSP
2010-06-24,honeybee,Starry☆Sky〜in Spring〜Portable,2,,その他,honeybee,0,1,PSP
2010-06-24,ブロッコリー,うたの☆プリンスさまっ♪,2,,その他,ブロッコリー,0,1,PSP
2010-06-24,ソニー・コンピュータエンタテインメント,ぼくのなつやすみポータブル2 ナゾナゾ姉妹と沈没船の秘密!,2,,その他,ソニー・コンピュータエンタテインメント,0,1,PSP
2010-06-24,エレクトロニック・アーツ,アーミー オブ ツー：The40thDay ポータブル,2,,その他,エレクトロニック・アーツ,0,1,PSP
2010-06-24,SNKプレイモア,ザ・キング・オブ・ファイターズポータブル'94〜'98チャプター・オブ・オロチThe King of Fighters Collection: The Orochi Saga,2,YES,その他,SNKプレイモア,0,1,PSP
2010-06-24,角川書店,ナルキッソス〜もしも明日があるなら〜Portable,2,,その他,角川書店,0,1,PSP
2010-06-24,ソニー・コンピュータエンタテインメント,バイトヘル運動パック,2,,その他,ソニー・コンピュータエンタテインメント,0,1,PSP
2010-06-24,ユービーアイソフト,プリンス・オブ・ペルシャ 忘却の砂,2,YES,その他,ユービーアイソフト,0,1,PSP
2010-06-24,システムソフト・アルファー,大戦略パーフェクト〜戦場の覇者〜,2,,その他,システムソフト・アルファー,0,1,PSP
2010-06-25,アクワイア,バクマツ☆維新伝,2,,その他,アクワイア,0,1,PSP
2010-07-01,不明,初音ミク -Project DIVA- 追加楽曲集デラックスパック2 もっとおかわり、リン・レン ルカ,2,,その他,不明,0,1,PSP
2010-07-01,パオン,大都技研公式パチスロシミュレーター 押忍!操・鮪伝説 PORTABLE,2,YES,その他,パオン,0,1,PSP
2010-07-01,アイディアファクトリー,華ヤカ哉、我ガ一族,2,,その他,アイディアファクトリー,0,1,PSP
2010-07-08,ソニー・コンピュータエンタテインメント,Double Smash,2,,その他,ソニー・コンピュータエンタテインメント,0,1,PSP
2010-07-08,ハムスター,ザ・コンビニ ポータブル,2,YES,その他,ハムスター,0,1,PSP
2010-07-08,アイディアファクトリーKonami,ジカンデファンタジアJikandia: The Timeless Land,2,,その他,アイディアファクトリーKonami,0,1,PSP
2010-07-08,ソニー・コンピュータエンタテインメント,ラーメン油天国,2,,その他,ソニー・コンピュータエンタテインメント,0,1,PSP
2010-07-08,ソニー・コンピュータエンタテインメント,恋のキューピッド,2,,その他,ソニー・コンピュータエンタテインメント,0,1,PSP
2010-07-08,ソニー・コンピュータエンタテインメント,積み立て!スイーツ工房,2,,その他,ソニー・コンピュータエンタテインメント,0,1,PSP
2010-07-08,ソニー・コンピュータエンタテインメント,羊防衛軍,2,,その他,ソニー・コンピュータエンタテインメント,0,1,PSP
2010-07-15,プロトタイプ,CLANNAD -クラナド- 光見守る坂道で 下巻,2,YES,その他,プロトタイプ,0,1,PSP
2010-07-15,バンダイナムコゲームス,NARUTO -ナルト- 疾風伝 キズナドライブ,2,,その他,バンダイナムコゲームス,0,1,PSP
2010-07-15,ドラス,ハローキティといっしょ! ブロッククラッシュ123!!,2,,その他,ドラス,0,1,PSP
2010-07-15,カプコン,ラストランカー,2,YES,その他,カプコン,0,1,PSP
2010-07-15,コナミデジタルエンタテインメント,実況パワフルプロ野球2010,2,,その他,コナミデジタルエンタテインメント,0,1,PSP
2010-07-15,ハドソン,桃太郎電鉄タッグマッチ 友情・努力・勝利の巻!,2,,その他,ハドソン,0,1,PSP
2010-07-15,コナミデジタルエンタテインメント,武装神姫 バトルマスターズ,2,,その他,コナミデジタルエンタテインメント,0,1,PSP
2010-07-22,マーベラスエンターテイメント,Fate/EXTRA,2,,その他,マーベラスエンターテイメント,0,1,PSP
2010-07-22,ソニー・コンピュータエンタテインメント,トリックロジック シーズン1,2,YES,その他,ソニー・コンピュータエンタテインメント,0,1,PSP
2010-07-22,ソニー・コンピュータエンタテインメント,バイトヘルドキドキパック,2,,その他,ソニー・コンピュータエンタテインメント,0,1,PSP
2010-07-22,ソニー・コンピュータエンタテインメント,バイトヘル職人パック,2,,その他,ソニー・コンピュータエンタテインメント,0,1,PSP
2010-07-28,ベストメディア,対戦将棋,2,,その他,ベストメディア,0,1,PSP
2010-07-29,ラッセル,GA 芸術科アートデザインクラス Slapstick WONDERLAND,2,,その他,ラッセル,0,1,PSP
2010-07-29,ソニー・コンピュータエンタテインメント,ModNation 無限のカート王国 ポータブルModNation Racers,2,YES,その他,ソニー・コンピュータエンタテインメント,0,1,PSP
2010-07-29,アイディアファクトリー,S.Y.K 〜新説西遊記〜 ポータブル,2,,その他,アイディアファクトリー,0,1,PSP
2010-07-29,TAKUYO,TAKUYO MIX BOX 〜ファーストアニバーサリー〜,2,,その他,TAKUYO,0,1,PSP
2010-07-29,日本ファルコム,イースvs.空の軌跡 オルタナティブ・サーガ,2,YES,その他,日本ファルコム,0,1,PSP
2010-07-29,日本一ソフトウェア,セカンドノベル 〜彼女の夏、15分の記憶〜,2,YES,その他,日本一ソフトウェア,0,1,PSP
2010-07-29,SNKプレイモア,ネオジオヒーローズ 〜アルティメット シューティング〜,2,YES,その他,SNKプレイモア,0,1,PSP
2010-07-29,セガ,初音ミク -Project DIVA- 2nd,2,YES,その他,セガ,0,1,PSP
2010-07-29,アルケミスト,恋する乙女と守護の楯 Portable,2,YES,その他,アルケミスト,0,1,PSP
2010-08-05,ディースリー・パブリッシャー,STORM LOVER,2,,その他,ディースリー・パブリッシャー,0,1,PSP
2010-08-05,バンダイナムコゲームス,テイルズ オブ ファンタジア なりきりダンジョンX,2,,その他,バンダイナムコゲームス,0,1,PSP
2010-08-05,ベストメディア,俺たちのサバゲー VERSUS,2,,その他,ベストメディア,0,1,PSP
2010-08-10,ヒューネックス,美人時計ポータブル,2,,その他,ヒューネックス,0,1,PSP
2010-08-11,ソニー・コンピュータエンタテインメント,スイーツ工場は大忙し,2,,その他,ソニー・コンピュータエンタテインメント,0,1,PSP
2010-08-11,ソニー・コンピュータエンタテインメント,音色の品格,2,,その他,ソニー・コンピュータエンタテインメント,0,1,PSP
2010-08-12,サイバーフロント,アイドル雀士スーチーパイIV ぽ〜たぶる,2,YES,その他,サイバーフロント,0,1,PSP
2010-08-12,5pb.,コープスパーティー ブラッドカバー リピーティッドフィアー,2,YES,その他,5pb.,0,1,PSP
2010-08-12,サイバーフロント,家族計画,2,YES,その他,サイバーフロント,0,1,PSP
2010-08-19,ソニー・コンピュータエンタテインメント,バイトヘル格闘パック,2,,その他,ソニー・コンピュータエンタテインメント,0,1,PSP
2010-08-19,システムソフト・アルファー,真・マスターオブモンスターズFinal EX 〜無垢なる嘆き、天冥の災禍〜,2,,その他,システムソフト・アルファー,0,1,PSP
2010-08-19,アイディアファクトリー,真・翡翠の雫 緋色の欠片2 ポータブル,2,,その他,アイディアファクトリー,0,1,PSP
2010-08-26,テイクツー・インタラクティブ・ジャパン,MLB2K10,2,,その他,テイクツー・インタラクティブ・ジャパン,0,1,PSP
2010-08-26,マイルストーン,PROJECT CERBERUS,2,,その他,マイルストーン,0,1,PSP
2010-08-26,ディースリー・パブリッシャー,SIMPLE2000シリーズ Portable!! Vol.1 THE 麻雀,2,YES,その他,ディースリー・パブリッシャー,0,1,PSP
2010-08-26,ディースリー・パブリッシャー,SIMPLE2000シリーズ Portable!! Vol.2 THE 将棋,2,YES,その他,ディースリー・パブリッシャー,0,1,PSP
2010-08-26,ディースリー・パブリッシャー,SIMPLE2000シリーズ Portable!! Vol.3 THE ホントに頭を使うアクション 〜デッドヘッドフレッド〜,2,YES,その他,ディースリー・パブリッシャー,0,1,PSP
2010-08-26,GNソフトウェア,さくらさくら -HARU URARA-,2,,その他,GNソフトウェア,0,1,PSP
2010-08-26,バンダイナムコゲームス,エースコンバットX2 ジョイントアサルトAce Combat: Joint Assault,2,,その他,バンダイナムコゲームス,0,1,PSP
2010-08-26,ソニー・コンピュータエンタテインメント,グラビティ・クラッシュ ポータブル,2,,その他,ソニー・コンピュータエンタテインメント,0,1,PSP
2010-08-26,カプコン,モンハン日記 ぽかぽかアイルー村,2,YES,その他,カプコン,0,1,PSP
2010-08-26,アイディアファクトリー,二世の契り,2,,その他,アイディアファクトリー,0,1,PSP
2010-08-26,アイディアファクトリー,薄桜鬼 随想録 ポータブル,2,,その他,アイディアファクトリー,0,1,PSP
2010-08-31,ベストメディア,対戦チェス,2,,その他,ベストメディア,0,1,PSP
2010-09-02,ソニー・コンピュータエンタテインメント,BLEACH 〜ヒート・ザ・ソウル7〜,2,YES,その他,ソニー・コンピュータエンタテインメント,0,1,PSP
2010-09-02,角川ゲームス,いつものテーブル5,2,,その他,角川ゲームス,0,1,PSP
2010-09-02,角川ゲームス,いつものリバーシ,2,,その他,角川ゲームス,0,1,PSP
2010-09-02,角川ゲームス,いつもの大富豪,2,,その他,角川ゲームス,0,1,PSP
2010-09-02,角川ゲームス,いつもの将棋,2,,その他,角川ゲームス,0,1,PSP
2010-09-02,角川ゲームス,いつもの花札,2,,その他,角川ゲームス,0,1,PSP
2010-09-02,角川ゲームス,いつもの麻雀,2,,その他,角川ゲームス,0,1,PSP
2010-09-02,GNソフトウェア,ホワイトブレス パーフェクトエディション,2,,その他,GNソフトウェア,0,1,PSP
2010-09-09,ディースリー・パブリッシャー,VitaminX Evolution Plus,2,,その他,ディースリー・パブリッシャー,0,1,PSP
2010-09-09,アイレムソフトウェアエンジニアリング,戦国絵札遊戯 不如帰 大乱,2,,その他,アイレムソフトウェアエンジニアリング,0,1,PSP
2010-09-16,日本一ソフトウェア,BLUE ROSES 〜妖精と青い瞳の戦士たち〜,2,YES,その他,日本一ソフトウェア,0,1,PSP
2010-09-16,ソニー・コンピュータエンタテインメント,トリックロジック シーズン2,2,YES,その他,ソニー・コンピュータエンタテインメント,0,1,PSP
2010-09-16,ドラス,パチンカーマニアP CR 鉄拳伝タフ,2,,その他,ドラス,0,1,PSP
2010-09-16,コナミデジタルエンタテインメント,遊☆戯☆王ファイブディーズ タッグフォース5Yu-Gi-Oh! 5D's: Tag Force 5,2,,その他,コナミデジタルエンタテインメント,0,1,PSP
2010-09-22,システムプリズマ,DOT DEFENSE,2,,その他,システムプリズマ,0,1,PSP
2010-09-22,ヴューズ,R.U.R.U.R ル・ル・ル・ル －petit prince－,2,YES,その他,ヴューズ,0,1,PSP
2010-09-22,コーエーテクモゲームス,ウイニングポスト7 2010,2,,その他,コーエーテクモゲームス,0,1,PSP
2010-09-22,セガ,クロヒョウ 龍が如く新章,2,,その他,セガ,0,1,PSP
2010-09-22,アスキー・メディアワークス,デュラララ!! 3way standoff,2,,その他,アスキー・メディアワークス,0,1,PSP
2010-09-22,イエティ,真・恋姫†夢想 〜乙女繚乱☆三国志演義〜 呉編,2,,その他,イエティ,0,1,PSP
2010-09-22,プロトタイプ,花帰葬,2,,その他,プロトタイプ,0,1,PSP
2010-09-30,Maid meets Cat,L@ve once,2,,その他,Maid meets Cat,0,1,PSP
2010-09-30,honeybee,Starry☆Sky 〜in Summer〜 Portable,2,,その他,honeybee,0,1,PSP
2010-09-30,セガ,けいおん! 放課後ライブ!!,2,,その他,セガ,0,1,PSP
2010-09-30,アスキー・メディアワークス,ティンクル☆くるせいだーす GoGo!,2,,その他,アスキー・メディアワークス,0,1,PSP
2010-09-30,バンダイナムコゲームス,ドラゴンボール タッグバーサスDragon Ball Z: Tenkaichi Tag Team,2,,その他,バンダイナムコゲームス,0,1,PSP
2010-09-30,アイディアファクトリー,ヒイロノカケラ 新玉依姫伝承 ポータブル,2,,その他,アイディアファクトリー,0,1,PSP
2010-09-30,エレクトロニック・アーツ,マッデン NFL11（英語版）,2,,その他,エレクトロニック・アーツ,0,1,PSP
2010-09-30,角川書店,祝福のカンパネラ Portable,2,,その他,角川書店,0,1,PSP
2010-09-30,日本ファルコム,英雄伝説 零の軌跡,2,YES,その他,日本ファルコム,0,1,PSP
2010-10-07,ソニックパワードElectronic Arts,ぼくは航空管制官 エアポートヒーロー 羽田I am an Air Traffic Controller Airport Hero Tokyo,2,YES,その他,ソニックパワードElectronic Arts,0,1,PSP
2010-10-07,アクワイア,剣と魔法と学園モノ。3,2,YES,その他,アクワイア,0,1,PSP
2010-10-07,サイバーフロント,加奈 〜いもうと〜,2,YES,その他,サイバーフロント,0,1,PSP
2010-10-14,テイクツー・インタラクティブ・ジャパン2K Sports,NBA 2K11,2,,その他,テイクツー・インタラクティブ・ジャパン2K Sports,0,1,PSP
2010-10-14,5pb.,メモリーズオフ6 Next Relation,2,YES,その他,5pb.,0,1,PSP
2010-10-14,スクウェア・エニックス,ロード オブ アルカナ,2,YES,その他,スクウェア・エニックス,0,1,PSP
2010-10-21,エレクトロニック・アーツ,FIFA 11 ワールドクラスサッカーFIFA 11,2,YES,その他,エレクトロニック・アーツ,0,1,PSP
2010-10-21,ドラス,スロッターマニアP サンサンハナハナ＆サンサンオアシス,2,,その他,ドラス,0,1,PSP
2010-10-21,タカラトミー,メタルファイト ベイブレード ポータブル 超絶転生!バルカンホルセウス,2,,その他,タカラトミー,0,1,PSP
2010-10-21,ディースリー・パブリッシャー,密室のサクリファイス〜イトカ:ある閉鎖施設からの脱出〜,2,,その他,ディースリー・パブリッシャー,0,1,PSP
2010-10-28,角川書店,D.C.I&II P.S.P. 〜ダ・カーポI&II〜 プラスシチュエーション ポータブル,2,,その他,角川書店,0,1,PSP
2010-10-28,5pb.,Lucian Bee's RESURRECTION SUPERNOVA,2,,その他,5pb.,0,1,PSP
2010-10-28,5pb.,LucianBee's EVIL VIOLET,2,,その他,5pb.,0,1,PSP
2010-10-28,5pb.,LucianBee's JUSTICE YELLOW,2,,その他,5pb.,0,1,PSP
2010-10-28,revolution,つよきす2学期 −Portable−,2,YES,その他,revolution,0,1,PSP
2010-10-28,アートディンク,カルネージハート エクサ,2,YES,その他,アートディンク,0,1,PSP
2010-10-28,バンダイナムコゲームスD3 Publisher,ゴッドイーター バースト,2,,その他,バンダイナムコゲームスD3 Publisher,0,1,PSP
2010-10-28,ディースリー・パブリッシャー,ドリームクラブ・ポータブル,2,,その他,ディースリー・パブリッシャー,0,1,PSP
2010-10-28,日本一ソフトウェア,ファントム・ブレイブ PORTABLEPhantom Brave: The Hermuda Triangle,2,YES,その他,日本一ソフトウェア,0,1,PSP
2010-10-28,角川ゲームス,乃木坂春香の秘密 同人誌はじめました?,2,,その他,角川ゲームス,0,1,PSP
2010-10-28,毎日コミュニケーションズ,天頂の囲碁,2,YES,その他,毎日コミュニケーションズ,0,1,PSP
2010-10-28,毎日コミュニケーションズ,東大将棋 名人戦道場,2,,その他,毎日コミュニケーションズ,0,1,PSP
2010-10-28,イエティ,真・恋姫†夢想 〜乙女繚乱☆三国志演義〜 魏編,2,,その他,イエティ,0,1,PSP
2010-11-11,TAKUYO,カエル畑DEつかまえて ポータブル,2,,その他,TAKUYO,0,1,PSP
2010-11-11,ソニー・コンピュータエンタテインメント,ゴッド・オブ・ウォー 降誕の刻印God of War: Ghost of Sparta,2,YES,その他,ソニー・コンピュータエンタテインメント,0,1,PSP
2010-11-11,スクウェア・エニックス,タクティクスオウガ 運命の輪Tactics Ogre: Let Us Cling Together,2,YES,その他,スクウェア・エニックス,0,1,PSP
2010-11-11,アイディアファクトリー,恋愛番長 命短し、恋せよ乙女! Love is Power,2,,その他,アイディアファクトリー,0,1,PSP
2010-11-18,日本一ソフトウェア,クリミナルガールズ,2,YES,その他,日本一ソフトウェア,0,1,PSP
2010-11-18,コナミデジタルエンタテインメント,ワールドサッカー ウイニングイレブン 2011Pro Evolution Soccer 2011,2,,その他,コナミデジタルエンタテインメント,0,1,PSP
2010-11-18,アルティ,ワールド・ネバーランド 〜ナルル王国物語〜,2,,その他,アルティ,0,1,PSP
2010-11-18,ディースリー・パブリッシャー,必殺パチンコ★パチスロ攻略シリーズPortable Vol.2 CRヱヴァンゲリヲン 〜始まりの福音〜,2,,その他,ディースリー・パブリッシャー,0,1,PSP
2010-11-25,ハムスター,Arms'Heart,2,YES,その他,ハムスター,0,1,PSP
2010-11-25,Frima Studio inc.,Young Thor（英語版）,2,,その他,Frima Studio inc.,0,1,PSP
2010-11-25,コナミデジタルエンタテインメント,キングダム 一騎闘千の剣,2,YES,その他,コナミデジタルエンタテインメント,0,1,PSP
2010-11-25,スパイク,ダンガンロンパ 希望の学園と絶望の高校生,2,,その他,スパイク,0,1,PSP
2010-11-25,アクアプラス,ティアーズ・トゥ・ティアラ -花冠の大地- PORTABLE,2,,その他,アクアプラス,0,1,PSP
2010-11-25,ハムスター,ニコリの数独+ 第一集 〜数独 ぬりかべ へやわけ〜,2,YES,その他,ハムスター,0,1,PSP
2010-11-25,プロトタイプ,リトルバスターズ! Converted Edition,2,,その他,プロトタイプ,0,1,PSP
2010-11-25,イエティ,真・恋姫†夢想 〜乙女繚乱☆三国志演義〜 蜀編,2,,その他,イエティ,0,1,PSP
2010-11-25,ディースリー・パブリッシャー,維新恋華 龍馬外伝,2,,その他,ディースリー・パブリッシャー,0,1,PSP
2010-11-25,アイディアファクトリー,雅恋 〜MIYAKO〜,2,,その他,アイディアファクトリー,0,1,PSP
2010-12-01,カプコン,モンスターハンターポータブル 3rd,2,YES,その他,カプコン,0,1,PSP
2010-12-02,アイディアファクトリー,ワンド オブ フォーチュン 〜未来へのプロローグ〜 ポータブル,2,,その他,アイディアファクトリー,0,1,PSP
2010-12-02,バンダイナムコゲームス,仮面ライダー クライマックスヒーローズ オーズ,2,,その他,バンダイナムコゲームス,0,1,PSP
2010-12-02,システムソフト・アルファー,戦極姫2・嵐〜百華、戦乱辰風の如く〜,2,,その他,システムソフト・アルファー,0,1,PSP
2010-12-09,5pb.,ぱすてるチャイムContinue,2,YES,その他,5pb.,0,1,PSP
2010-12-09,ソニックパワード,ぼくは航空管制官 エアポートヒーロー 関空,2,YES,その他,ソニックパワード,0,1,PSP
2010-12-16,アイディアファクトリー,カヌチ 二つの翼,2,,その他,アイディアファクトリー,0,1,PSP
2010-12-16,セガ,シャイニング・ハーツ,2,YES,その他,セガ,0,1,PSP
2010-12-16,アクアプラス,ティアーズ・トゥ・ティアラ外伝 -アヴァロンの謎- PORTABLE,2,,その他,アクアプラス,0,1,PSP
2010-12-16,ブシロード,探偵オペラ ミルキィホームズ,2,,その他,ブシロード,0,1,PSP
2010-12-22,GNソフトウェア,77 〜beyond the Milky Way〜,2,,その他,GNソフトウェア,0,1,PSP
2010-12-22,honeybee,Starry☆Sky 〜in Autumn〜 Portable,2,,その他,honeybee,0,1,PSP
2010-12-22,スクウェア・エニックス,ザ・サード バースデイ,2,YES,その他,スクウェア・エニックス,0,1,PSP
2010-12-22,QuinRose,薔薇ノ木ニ薔薇ノ花咲ク,2,,その他,QuinRose,0,1,PSP
2010-12-22,コーエーテクモゲームス,遙かなる時空の中で4 愛蔵版,2,,その他,コーエーテクモゲームス,0,1,PSP
2010-12-23,バンダイナムコゲームス,AKB1/48 アイドルと恋したら…,2,,その他,バンダイナムコゲームス,0,1,PSP
2010-12-23,ブロッコリー,うたの☆プリンスさまっ♪-Amazing Aria-,2,,その他,ブロッコリー,0,1,PSP
2010-12-23,角川書店,らき☆すた 陵桜学園 桜藤祭 Portable,2,,その他,角川書店,0,1,PSP
2010-12-23,角川書店,咎狗の血 True Blood Portable,2,,その他,角川書店,0,1,PSP
2011-01-06,ドラス,スロッターマニアP マッハGoGoGoIII,2,,その他,ドラス,0,1,PSP
2011-01-06,ベストメディア,対戦銀ダンシューティング,2,,その他,ベストメディア,0,1,PSP
2011-01-13,バンダイナムコゲームス,アナザーセンチュリーズエピソード ポータブル,2,,その他,バンダイナムコゲームス,0,1,PSP
2011-01-13,ハムスター,ニコリの数独 +3 第二集 〜数独 カックロ 美術館 ひとりにしてくれ〜,2,YES,その他,ハムスター,0,1,PSP
2011-01-18,スクウェア・エニックス,ディシディア デュオデシム プロログス ファイナルファンタジー,2,,その他,スクウェア・エニックス,0,1,PSP
2011-01-20,スクウェア・エニックス,キングダム ハーツ バース バイ スリープ ファイナル ミックス,2,,その他,スクウェア・エニックス,0,1,PSP
2011-01-20,バンダイナムコゲームス,ヴィーナス&ブレイブス〜魔女と女神と滅びの予言〜,2,,その他,バンダイナムコゲームス,0,1,PSP
2011-01-27,5pb,CHAOS;HEAD らぶChu☆Chu!,2,,その他,5pb,0,1,PSP
2011-01-27,フリュー,つくものがたり,2,,その他,フリュー,0,1,PSP
2011-01-27,アスキー・メディアワークス,とある魔術の禁書目録,2,,その他,アスキー・メディアワークス,0,1,PSP
2011-01-27,バンダイナムコゲームス,俺の妹がこんなに可愛いわけがない ポータブル,2,,その他,バンダイナムコゲームス,0,1,PSP
2011-01-27,スパイク,喧嘩番長5 漢の法則,2,,その他,スパイク,0,1,PSP
2011-01-27,セガ,戦場のヴァルキュリア3,2,,その他,セガ,0,1,PSP
2011-02-03,アイディアファクトリー,デス・コネクション ポータブル,2,,その他,アイディアファクトリー,0,1,PSP
2011-02-03,バンダイナムコゲームス,マクロストライアングルフロンティア,2,,その他,バンダイナムコゲームス,0,1,PSP
2011-02-03,ガスト,ヴィオラートのアトリエ 〜グラムナートの錬金術士2〜 群青の思い出,2,YES,その他,ガスト,0,1,PSP
2011-02-03,ベストメディア,対戦チンチロリン,2,,その他,ベストメディア,0,1,PSP
2011-02-03,ソニー・コンピュータエンタテインメント,白騎士物語 -episode portable- ドグマ・ウォーズWhite Knight Chronicles: Origins,2,,その他,ソニー・コンピュータエンタテインメント,0,1,PSP
2011-02-10,ブロッコリー,うたの☆プリンスさまっ♪ -Sweet Serenade-,2,,その他,ブロッコリー,0,1,PSP
2011-02-10,バンダイナムコゲームス,テイルズ オブ ザ ワールド レディアント マイソロジー3,2,,その他,バンダイナムコゲームス,0,1,PSP
2011-02-10,プロトタイプ,学園ヘヴン おかわりっ!,2,,その他,プロトタイプ,0,1,PSP
2011-02-10,ベストメディア,対戦潜水艦スイーパー,2,,その他,ベストメディア,0,1,PSP
2011-02-10,毎日コミュニケーションズ,麻雀覇王ポータブル 段級バトルSpecial,2,YES,その他,毎日コミュニケーションズ,0,1,PSP
2011-02-17,サイバーフロントPM StudiosPentavision,DJMAX PORTABLE 3,2,YES,その他,サイバーフロントPM StudiosPentavision,0,1,PSP
2011-02-17,プロトタイプ,神曲奏界ポリフォニカ アフタースクール,2,,その他,プロトタイプ,0,1,PSP
2011-02-24,ブロッコリー,Black Robinia -ブラック ロビニア-,2,YES,その他,ブロッコリー,0,1,PSP
2011-02-24,Skyl-Com Ltd.,Hive Sweeper,2,,その他,Skyl-Com Ltd.,0,1,PSP
2011-02-24,バンダイナムコゲームス,SDガンダム GGENERATION WORLD,2,,その他,バンダイナムコゲームス,0,1,PSP
2011-02-24,ディースリー・パブリッシャー,VitaminXtoZ,2,,その他,ディースリー・パブリッシャー,0,1,PSP
2011-02-24,セガ,ファンタシースターポータブル2 インフィニティ,2,,その他,セガ,0,1,PSP
2011-02-24,パオン,大都技研公式パチスロシミュレーター 秘宝伝 〜封じられた女神〜,2,YES,その他,パオン,0,1,PSP
2011-02-24,コーエーテクモゲームス,遙かなる時空の中で5,2,,その他,コーエーテクモゲームス,0,1,PSP
2011-03-03,バンダイナムコゲームス,STAR DRIVER 輝きのタクト 銀河美少年伝説,2,,その他,バンダイナムコゲームス,0,1,PSP
2011-03-03,スクウェア・エニックス,ディシディア デュオデシム ファイナルファンタジーDissidia 012: Duodecim Final Fantasy,2,YES,その他,スクウェア・エニックス,0,1,PSP
2011-03-10,バンダイナムコゲームス,るろうに剣心 -明治剣客浪漫譚- 再閃,2,,その他,バンダイナムコゲームス,0,1,PSP
2011-03-10,サイバーフロント,ディアドロップス ディストーション,2,,その他,サイバーフロント,0,1,PSP
2011-03-10,ハムスター,ニコリの数独+3 第三集 〜数独 スリザーリンク ましゅ ヤギシン〜,2,YES,その他,ハムスター,0,1,PSP
2011-03-10,コナミデジタルエンタテインメント,フェアリーテイル ポータブルギルド2,2,,その他,コナミデジタルエンタテインメント,0,1,PSP
2011-03-10,コーエーテクモゲームス,三國志IX with パワーアップキット,2,,その他,コーエーテクモゲームス,0,1,PSP
2011-03-10,サイバーフロント,星空☆ぷらねっと one small step for…,2,,その他,サイバーフロント,0,1,PSP
2011-03-17,アイディアファクトリー,華鬼 〜恋い初める刻 永久の印〜,2,,その他,アイディアファクトリー,0,1,PSP
2011-03-24,日本一ソフトウェア,クラシックダンジョンX2ClaDun x2(Classic Dungeon X2),2,YES,その他,日本一ソフトウェア,0,1,PSP
2011-03-24,スクウェア・エニックス,ファイナルファンタジーIV コンプリートコレクション,2,YES,その他,スクウェア・エニックス,0,1,PSP
2011-03-24,アイディアファクトリー,学園ヘタリアPortable,2,,その他,アイディアファクトリー,0,1,PSP
2011-03-31,アークシステムワークス,BLAZBLUE CONTINUUM SHIFT IIAksys Games,2,,その他,アークシステムワークス,0,1,PSP
2011-03-31,ディースリー・パブリッシャー,お姉チャンバラSPECIAL,2,,その他,ディースリー・パブリッシャー,0,1,PSP
2011-03-31,角川ゲームス,エビコレ+ アマガミ,2,,その他,角川ゲームス,0,1,PSP
2011-03-31,QuinRose,クローバーの国のアリス,2,,その他,QuinRose,0,1,PSP
2011-04-07,アイディアファクトリー,Are you Alice?,2,,その他,アイディアファクトリー,0,1,PSP
2011-04-07,アルケミスト,Princess Frontier Portable,2,YES,その他,アルケミスト,0,1,PSP
2011-04-07,アイディアファクトリー,ガーネット・クレイドル ポータブル 〜鍵の姫巫女〜,2,,その他,アイディアファクトリー,0,1,PSP
2011-04-07,ディースリー・パブリッシャー,地球防衛軍2 PORTABLE,2,,その他,ディースリー・パブリッシャー,0,1,PSP
2011-04-12,リズ,続・進め!守れ!戦え!,2,,その他,リズ,0,1,PSP
2011-04-14,コナミデジタルエンタテインメント,プロ野球スピリッツ2011,2,,その他,コナミデジタルエンタテインメント,0,1,PSP
2011-04-14,アトラス,ペルソナ2 罪Shin Megami Tensei: Persona 2 Innocent sin,2,YES,その他,アトラス,0,1,PSP
2011-04-14,バンダイナムコゲームス,第2次スーパーロボット大戦Z 破界篇,2,YES,その他,バンダイナムコゲームス,0,1,PSP
2011-04-21,アイディアファクトリー,S.Y.K 〜蓮咲伝〜 Portable,2,,その他,アイディアファクトリー,0,1,PSP
2011-04-21,SNKプレイモア,SNKアーケードクラシックスゼロ,2,YES,その他,SNKプレイモア,0,1,PSP
2011-04-21,スパイク,ガチトラ! 〜暴れん坊教師 in High School〜,2,,その他,スパイク,0,1,PSP
2011-04-21,ディースリー・パブリッシャー,密室のサクリファイス〜ミキ:ハイテンションナイト〜,2,,その他,ディースリー・パブリッシャー,0,1,PSP
2011-04-28,ディズニー・インタラクティブ・スタジオ,SPLIT SECOND -スプリットセカンド-,2,,その他,ディズニー・インタラクティブ・スタジオ,0,1,PSP
2011-04-28,honeybee,Starry☆Sky 〜in Winter〜 ポータブル,2,,その他,honeybee,0,1,PSP
2011-04-28,QuinRose,あさき、ゆめみし,2,,その他,QuinRose,0,1,PSP
2011-04-28,ソニー・コンピュータエンタテインメント,パタポン3,2,YES,その他,ソニー・コンピュータエンタテインメント,0,1,PSP
2011-04-28,アルケミスト,乙女はお姉さまに恋してる Portable 〜2人のエルダー〜,2,YES,その他,アルケミスト,0,1,PSP
2011-04-28,イメージエポック,最後の約束の物語,2,YES,その他,イメージエポック,0,1,PSP
2011-05-12,テイクツー・インタラクティブ・ジャパン2K Sports,Major League Baseball 2K11,2,,その他,テイクツー・インタラクティブ・ジャパン2K Sports,0,1,PSP
2011-05-12,アイレム,どきどきすいこでん,2,,その他,アイレム,0,1,PSP
2011-05-12,バンダイナムコゲームス,涼宮ハルヒの追想,2,,その他,バンダイナムコゲームス,0,1,PSP
2011-05-19,アクワイア,AKIBA'S TRIP,2,YES,その他,アクワイア,0,1,PSP
2011-05-19,スターフィッシュ,エルミナージュOriginal 〜闇の巫女と神々の指輪〜Elminage Original,2,,その他,スターフィッシュ,0,1,PSP
2011-05-19,アトラス,グングニル -魔槍の軍神と英雄戦争-Gungnir,2,YES,その他,アトラス,0,1,PSP
2011-05-26,QuinRose,いざ出陣!恋戦,2,,その他,QuinRose,0,1,PSP
2011-05-26,アイレム,パチパラSLOT 〜パチスロスーパー海物語IN沖縄〜,2,,その他,アイレム,0,1,PSP
2011-05-26,サイバーフロント,メモリーズオフ ゆびきりの記憶,2,YES,その他,サイバーフロント,0,1,PSP
2011-06-09,ハムスター,ニコリの数独+3 第四集〜数独 ナンバーリンク 四角に切れ 橋をかけろ〜,2,YES,その他,ハムスター,0,1,PSP
2011-06-09,フィールズ,激アツ!! パチゲー魂 Portable VOL 1 「ヱヴァンゲリヲン〜真実の翼〜」,2,,その他,フィールズ,0,1,PSP
2011-06-16,TAKUYO,カエル畑DEつかまえて・夏 千木良参戦! ぽーたぶる,2,,その他,TAKUYO,0,1,PSP
2011-06-16,レベルファイブ,ダンボール戦機,2,,その他,レベルファイブ,0,1,PSP
2011-06-23,角川ゲームス,STEINS;GATE,2,YES,その他,角川ゲームス,0,1,PSP
2011-06-23,バンダイナムコゲームス,ガンダムメモリーズ 〜戦いの記憶〜,2,,その他,バンダイナムコゲームス,0,1,PSP
2011-06-23,アトラス,グロリア・ユニオン,2,YES,その他,アトラス,0,1,PSP
2011-06-23,QuinRose,マザーグースの秘密の館,2,,その他,QuinRose,0,1,PSP
2011-06-30,アクアプラス,ToHeart2 ダンジョントラベラーズ,2,,その他,アクアプラス,0,1,PSP
2011-06-30,COMFORT,ましろ色シンフォニー *mutsu-no-hana,2,,その他,COMFORT,0,1,PSP
2011-06-30,システムソフト・アルファー,出撃!! 乙女たちの戦場2〜天翔ける衝撃の絆〜,2,,その他,システムソフト・アルファー,0,1,PSP
2011-06-30,アイディアファクトリー,猛獣使いと王子様 ポータブル,2,,その他,アイディアファクトリー,0,1,PSP
2011-07-06,Nordcurrent,Urbanix,2,,その他,Nordcurrent,0,1,PSP
2011-07-06,Nordcurrent,フェーディング・シャドウ,2,,その他,Nordcurrent,0,1,PSP
2011-07-06,ベストメディア,対戦おばけチョイス,2,,その他,ベストメディア,0,1,PSP
2011-07-06,シルバースタージャパン,銀星詰将棋 PORTABLE,2,,その他,シルバースタージャパン,0,1,PSP
2011-07-07,アイディアファクトリー,マスケティア,2,,その他,アイディアファクトリー,0,1,PSP
2011-07-07,角川書店,涼宮ハルヒちゃんの麻雀,2,,その他,角川書店,0,1,PSP
2011-07-12,ライドオンジャパン,不思議の国の冒険酒場ポータブル,2,,その他,ライドオンジャパン,0,1,PSP
2011-07-14,フリューXseed Games,アンチェインブレイズ レクスUnchained Blades,2,YES,その他,フリューXseed Games,0,1,PSP
2011-07-14,アイディアファクトリー,ヒイロノカケラ 新玉依姫伝承 -Piece of Future-,2,,その他,アイディアファクトリー,0,1,PSP
2011-07-14,バンダイナムコゲームス,太鼓の達人 ぽ〜たぶる DX,2,,その他,バンダイナムコゲームス,0,1,PSP
2011-07-14,コナミデジタルエンタテインメント,実況パワフルプロ野球2011,2,,その他,コナミデジタルエンタテインメント,0,1,PSP
2011-07-21,アイディアファクトリー,二世の契り 想い出の先へ,2,,その他,アイディアファクトリー,0,1,PSP
2011-07-21,カプコン,戦国BASARA クロニクルヒーローズ,2,,その他,カプコン,0,1,PSP
2011-07-28,アルケミスト,さかあがりハリケーンPortable,2,YES,その他,アルケミスト,0,1,PSP
2011-07-28,バンプレスト,クイーンズゲイト スパイラルカオス,2,,その他,バンプレスト,0,1,PSP
2011-07-28,QuinRose,ハートの国のアリス・アニバーサリーVer 〜Wonderful Wonder World〜,2,,その他,QuinRose,0,1,PSP
2011-07-28,BOOST ON,世界でいちばんNGな恋 ふるはうす,2,,その他,BOOST ON,0,1,PSP
2011-07-28,角川書店,日常（宇宙人）,2,,その他,角川書店,0,1,PSP
2011-07-28,TAKUYO,死神と少女,2,,その他,TAKUYO,0,1,PSP
2011-07-28,アイディアファクトリー,薄桜鬼 黎明録 ポータブル,2,,その他,アイディアファクトリー,0,1,PSP
2011-08-04,セガ,J.LEAGUE プロサッカークラブをつくろう!7 EURO PLUS,2,,その他,セガ,0,1,PSP
2011-08-04,ディースリー・パブリッシャー,STORM LOVER 夏恋!!,2,,その他,ディースリー・パブリッシャー,0,1,PSP
2011-08-04,スターフィッシュ・エスディ,エルミナージュIII 〜暗黒の使徒と太陽の宮殿〜,2,,その他,スターフィッシュ・エスディ,0,1,PSP
2011-08-04,バンダイナムコゲームス,トリコ グルメサバイバル!,2,,その他,バンダイナムコゲームス,0,1,PSP
2011-08-04,コーエーテクモゲームス,信長の野望・蒼天録 with パワーアップキット,2,,その他,コーエーテクモゲームス,0,1,PSP
2011-08-04,マーベラスエンターテイメント,勇者30 SECOND,2,YES,その他,マーベラスエンターテイメント,0,1,PSP
2011-08-04,SilverStar,銀星将棋ポータブル 風雲龍虎雷伝,2,YES,その他,SilverStar,0,1,PSP
2011-08-10,カプコン,モンハン日記 ぽかぽかアイルー村G,2,,その他,カプコン,0,1,PSP
2011-08-11,ブロッコリー,うたの☆プリンスさまっ♪ Repeat,2,,その他,ブロッコリー,0,1,PSP
2011-08-18,アイディアファクトリー,AMNESIA,2,,その他,アイディアファクトリー,0,1,PSP
2011-08-18,アトラス,グローランサーIV オーバーリローデッドGrowlanser IV: Wayfarer of Time,2,YES,その他,アトラス,0,1,PSP
2011-08-18,フリュー,文明開華 葵座異聞録,2,YES,その他,フリュー,0,1,PSP
2011-08-25,BOOST ON,たんていぶ THE DETECTIVE CLUB -探偵と幽霊と怪盗と-,2,,その他,BOOST ON,0,1,PSP
2011-08-25,QuinRose,クリムゾン・エンパイア〜Circumstances to serve a noble〜,2,,その他,QuinRose,0,1,PSP
2011-08-25,アスキー・メディアワークス,デュラララ!! 3way standoff -alley-,2,,その他,アスキー・メディアワークス,0,1,PSP
2011-08-25,イメージエポックNIS America,ブラック★ロックシューター THE GAME,2,YES,その他,イメージエポックNIS America,0,1,PSP
2011-08-25,アルケミスト,快盗天使ツインエンジェル〜時とセカイの迷宮〜,2,,その他,アルケミスト,0,1,PSP
2011-08-25,ブシロード,探偵オペラ ミルキィホームズ 1.5 体験版 〜第1話「結成、ミルキィホームズ!」,2,,その他,ブシロード,0,1,PSP
2011-08-25,バンダイナムコゲームス,機動戦士ガンダム 新ギレンの野望,2,,その他,バンダイナムコゲームス,0,1,PSP
2011-08-25,コーエーテクモゲームス,真・三國無双6 Special,2,,その他,コーエーテクモゲームス,0,1,PSP
2011-09-01,マーベラスエンターテイメント,グランナイツヒストリー,2,,その他,マーベラスエンターテイメント,0,1,PSP
2011-09-01,5pb,コープスパーティー Book of Shadows,2,,その他,5pb,0,1,PSP
2011-09-01,タカラトミー,ナノダイバー,2,YES,その他,タカラトミー,0,1,PSP
2011-09-01,メディアファイブ,マル合格資格奪取! ITパスポート試験ポータブル,2,,その他,メディアファイブ,0,1,PSP
2011-09-01,システムソフト・アルファー,萌え萌え大戦争☆げんだいばーん+（ぷらす）,2,,その他,システムソフト・アルファー,0,1,PSP
2011-09-08,メディアファイブ,マル合格資格奪取! 基本情報技術者試験ポータブル,2,YES,その他,メディアファイブ,0,1,PSP
2011-09-08,メディアファイブ,マル合格資格奪取! 応用情報技術者試験ポータブル,2,YES,その他,メディアファイブ,0,1,PSP
2011-09-15,アイディアファクトリー,月華繚乱ROMANCE,2,,その他,アイディアファクトリー,0,1,PSP
2011-09-22,コナミデジタルエンタテインメント,武装神姫 バトルマスターズ Mk.2,2,,その他,コナミデジタルエンタテインメント,0,1,PSP
2011-09-22,コナミデジタルエンタテインメント,遊☆戯☆王ファイブディーズ タッグフォース6,2,YES,その他,コナミデジタルエンタテインメント,0,1,PSP
2011-09-29,サイバーフロント,code_18,2,,その他,サイバーフロント,0,1,PSP
2011-09-29,BOOST ON,たんていぶ THE DETECTIVE CLUB -暗号と密室と怪人と-,2,,その他,BOOST ON,0,1,PSP
2011-09-29,加賀クリエイト,デッドエンド Orchestral Manoeuvres in the Dead End,2,YES,その他,加賀クリエイト,0,1,PSP
2011-09-29,アイディアファクトリー,ワンド オブ フォーチュン2〜時空に沈む黙示録〜,2,,その他,アイディアファクトリー,0,1,PSP
2011-09-29,バンダイナムコゲームス,ヱヴァンゲリヲン新劇場版 -サウンドインパクト-,2,,その他,バンダイナムコゲームス,0,1,PSP
2011-09-29,ブシロード,探偵オペラ ミルキィホームズ 1.5 〜第2話「中華街の黄金鏡」,2,,その他,ブシロード,0,1,PSP
2011-09-29,サイバーフロント,白衣性恋愛症候群,2,,その他,サイバーフロント,0,1,PSP
2011-09-29,日本ファルコム,英雄伝説 碧の軌跡,2,,その他,日本ファルコム,0,1,PSP
2011-10-06,バンダイナムコゲームス,AKB1/48 アイドルとグアムで恋したら…,2,,その他,バンダイナムコゲームス,0,1,PSP
2011-10-06,QuinRose,お菓子な島のピーターパン 〜Sweet Never Land〜,2,,その他,QuinRose,0,1,PSP
2011-10-06,日本一ソフトウェア,ファントム・キングダム PORTABLE,2,YES,その他,日本一ソフトウェア,0,1,PSP
2011-10-06,BOOST ON,次の犠牲者をオシラセシマス -君とこの果てることのない暗闇を-,2,,その他,BOOST ON,0,1,PSP
2011-10-13,アイディアファクトリー,CLOCK ZERO 〜終焉の一秒〜 Portable,2,,その他,アイディアファクトリー,0,1,PSP
2011-10-13,エディア,MAPLUSポータブルナビ3 2011年度版,2,,その他,エディア,0,1,PSP
2011-10-13,アクワイア,剣と魔法と学園モノ。Final 〜新入生はお姫様!〜,2,YES,その他,アクワイア,0,1,PSP
2011-10-13,サイバーフロント,白銀のカルと蒼空の女王,2,,その他,サイバーフロント,0,1,PSP
2011-10-13,サイバーフロント,龍刻 RYU-KOKU,2,YES,その他,サイバーフロント,0,1,PSP
2011-10-20,エレクトロニック・アーツ,FIFA12 ワールドクラスサッカーFIFA 12,2,YES,その他,エレクトロニック・アーツ,0,1,PSP
2011-10-20,バンダイナムコゲームス,NARUTO -ナルト- 疾風伝 ナルティメットインパクトNaruto Shippuden: Ultimate Ninja Impact,2,,その他,バンダイナムコゲームス,0,1,PSP
2011-10-20,アルケミスト,うみねこのなく頃に Portable 1,2,YES,その他,アルケミスト,0,1,PSP
2011-10-20,コナミデジタルエンタテインメント,戦律のストラタス 第1話配信版,2,,その他,コナミデジタルエンタテインメント,0,1,PSP
2011-10-20,アイディアファクトリー,神なる君と,2,,その他,アイディアファクトリー,0,1,PSP
2011-10-27,テイクツー・インタラクティブ・ジャパン2K Sports,NBA 2K12,2,,その他,テイクツー・インタラクティブ・ジャパン2K Sports,0,1,PSP
2011-10-27,角川書店,R-15 ぽーたぶる,2,,その他,角川書店,0,1,PSP
2011-10-27,BOOST ON,たんていぶ THE DETECTIVE CLUB -廃部と絵画と爆弾と-,2,,その他,BOOST ON,0,1,PSP
2011-10-27,コンフォート,アルカナ・ファミリア -La storia della Arcana Famiglia-,2,,その他,コンフォート,0,1,PSP
2011-10-27,QuinRose,ジョーカーの国のアリス 〜Wonderful Wonder World〜,2,,その他,QuinRose,0,1,PSP
2011-10-27,スクウェア・エニックス,ファイナルファンタジー零式,2,YES,その他,スクウェア・エニックス,0,1,PSP
2011-10-27,ガンホー・オンライン・エンターテイメント,ラグナロク 〜光と闇の皇女〜Ragnarok Tactics,2,YES,その他,ガンホー・オンライン・エンターテイメント,0,1,PSP
2011-10-27,角川ゲームス,ロウきゅーぶ!,2,,その他,角川ゲームス,0,1,PSP
2011-10-27,コナミデジタルエンタテインメント,戦律のストラタス,2,,その他,コナミデジタルエンタテインメント,0,1,PSP
2011-10-27,ブシロード,探偵オペラ ミルキィホームズ 1.5 〜第3話「呪われし魔剣」,2,,その他,ブシロード,0,1,PSP
2011-10-27,BOOST ON,花と乙女に祝福を -春風の贈り物- portable,2,,その他,BOOST ON,0,1,PSP
2011-11-02,スパイク,メイド☆ぱらだいす 〜目指せ!メイドナンバーワン!〜,2,,その他,スパイク,0,1,PSP
2011-11-03,コナミデジタルエンタテインメント,ワールドサッカー ウイニングイレブン 2012Pro Evolution Soccer 2012,2,,その他,コナミデジタルエンタテインメント,0,1,PSP
2011-11-10,ソニー・コンピュータエンタテインメント,俺の屍を越えてゆけ,2,YES,その他,ソニー・コンピュータエンタテインメント,0,1,PSP
2011-11-10,セガ,初音ミク -Project DIVA- EXTEND,2,,その他,セガ,0,1,PSP
2011-11-17,アルケミスト,うみねこのなく頃に Portable 2,2,YES,その他,アルケミスト,0,1,PSP
2011-11-17,アイディアファクトリー,アンジェリーク 魔恋の六騎士,2,,その他,アイディアファクトリー,0,1,PSP
2011-11-17,QuinRose,マザーグースの秘密の館 〜BLUE LABEL〜,2,,その他,QuinRose,0,1,PSP
2011-11-17,GNソフトウェア,久遠の絆 再臨詔 -Portable-,2,,その他,GNソフトウェア,0,1,PSP
2011-11-23,GNソフトウェア,エターナル・エチュード Canvas4,2,,その他,GNソフトウェア,0,1,PSP
2011-11-23,ディースリー・パブリッシャー,スト☆マニ 〜Strobe☆Mania〜,2,,その他,ディースリー・パブリッシャー,0,1,PSP
2011-11-23,セガ,セブンスドラゴン2020,2,,その他,セガ,0,1,PSP
2011-11-23,スパイク,ダンガンロンパ 希望の学園と絶望の高校生 PSP the Best,2,,その他,スパイク,0,1,PSP
2011-11-23,レベルファイブ,ダンボール戦機 ブースト,2,YES,その他,レベルファイブ,0,1,PSP
2011-11-23,コナミデジタルエンタテインメント,ポップンミュージック ポータブル2,2,,その他,コナミデジタルエンタテインメント,0,1,PSP
2011-11-23,メディアファイブ,マル合格資格奪取!FPファイナンシャル・プランニング技能検定試験2級ポータブル,2,YES,その他,メディアファイブ,0,1,PSP
2011-11-23,メディアファイブ,マル合格資格奪取!FPファイナンシャル・プランニング技能検定試験3級ポータブル,2,,その他,メディアファイブ,0,1,PSP
2011-11-23,バンダイナムコゲームス,ヴァイスシュヴァルツ ポータブル ブーストシュヴァルツ,2,,その他,バンダイナムコゲームス,0,1,PSP
2011-11-23,バンダイナムコゲームス,ヴァイスシュヴァルツ ポータブル ブーストヴァイス,2,,その他,バンダイナムコゲームス,0,1,PSP
2011-11-23,セガ,戦場のヴァルキュリア3 EXTRA EDITION,2,,その他,セガ,0,1,PSP
2011-11-23,QuinRose,魔法使いとご主人様 New Ground 〜Wizard and The Master〜,2,,その他,QuinRose,0,1,PSP
2011-11-24,Skyl-Com Ltd.,Bunny Dodge,2,,その他,Skyl-Com Ltd.,0,1,PSP
2011-11-24,ブロッコリー,うたの☆プリンスさまっ♪ Music,2,,その他,ブロッコリー,0,1,PSP
2011-11-24,BOOST ON,たんていぶ THE DETECTIVE CLUB －失踪と反撃と大団円－,2,,その他,BOOST ON,0,1,PSP
2011-11-24,ブシロード,探偵オペラ ミルキィホームズ 1.5 〜第4話「アダムの涙」,2,,その他,ブシロード,0,1,PSP
2011-12-01,バンダイナムコゲームス,仮面ライダー クライマックスヒーローズ フォーゼ,2,,その他,バンダイナムコゲームス,0,1,PSP
2011-12-08,5pb.,BEYOND THE FUTURE -FIX THE TIME ARROWS-,2,,その他,5pb.,0,1,PSP
2011-12-08,サイバーフロント,こんねこ 〜Keep a memory green〜,2,,その他,サイバーフロント,0,1,PSP
2011-12-08,アスキー・メディアワークス,とある科学の超電磁砲,2,,その他,アスキー・メディアワークス,0,1,PSP
2011-12-08,BOOST ON,次の犠牲者をオシラセシマス －死と絶望を乗り越えて－,2,,その他,BOOST ON,0,1,PSP
2011-12-08,アイディアファクトリー,華ヤカ哉、我ガ一族 キネマモザイク,2,,その他,アイディアファクトリー,0,1,PSP
2011-12-15,セガ,ぷよぷよ!!,2,,その他,セガ,0,1,PSP
2011-12-15,セガ,初音ミク -Project DIVA- 2nd お買い得版,2,YES,その他,セガ,0,1,PSP
2011-12-15,サイバーフロント,魂響〜御霊送りの詩〜,2,,その他,サイバーフロント,0,1,PSP
2011-12-17,スクウェア・エニックス,ロード オブ アポカリプス,2,YES,その他,スクウェア・エニックス,0,1,PSP
2011-12-22,コナミデジタルエンタテインメント,FRONTIER GATE,2,,その他,コナミデジタルエンタテインメント,0,1,PSP
2011-12-22,角川ゲームス,いつか天魔の黒ウサギ －ポータブル－,2,,その他,角川ゲームス,0,1,PSP
2011-12-22,QuinRose,おもちゃ箱の国のアリス 〜Wonderful Wonder World〜,2,,その他,QuinRose,0,1,PSP
2011-12-22,メディアファイブ,マル合格資格奪取!社労士試験ポータブル,2,,その他,メディアファイブ,0,1,PSP
2011-12-22,システムソフト・アルファー,三極姫〜三国乱世・覇天の采配〜,2,,その他,システムソフト・アルファー,0,1,PSP
2011-12-22,ホープムーン,僕はキミだけを見つめる,2,,その他,ホープムーン,0,1,PSP
2011-12-22,コナミデジタルエンタテインメント,実況パワフルプロ野球2011決定版,2,,その他,コナミデジタルエンタテインメント,0,1,PSP
2011-12-22,サイバーフロント,想いのかけら -Close to-,2,,その他,サイバーフロント,0,1,PSP
2011-12-22,ブシロード,探偵オペラ ミルキィホームズ 1.5 〜第5話「女王からの誘い」,2,,その他,ブシロード,0,1,PSP
2011-12-22,バンダイナムコゲームス,魔法少女リリカルなのはA's PORTABLE -THE GEARS OF DESTINY-,2,,その他,バンダイナムコゲームス,0,1,PSP
2012-01-10,ベストメディア,対戦 妖怪ダウト,2,,その他,ベストメディア,0,1,PSP
2012-01-12,バンダイナムコゲームス,スーパーロボット大戦OGサーガ 魔装機神 THE LORD OF ELEMENTAL,2,,その他,バンダイナムコゲームス,0,1,PSP
2012-01-12,バンダイナムコゲームス,スーパーロボット大戦OGサーガ 魔装機神II REVELATION OF EVIL GOD,2,,その他,バンダイナムコゲームス,0,1,PSP
2012-01-19,バンダイナムコゲームス,ヒーローズファンタジア,2,,その他,バンダイナムコゲームス,0,1,PSP
2012-01-19,アイディアファクトリー,官能昔話 ポータブル,2,,その他,アイディアファクトリー,0,1,PSP
2012-01-26,アスガルド,Bullet Butlers -銃弾の彼方-,2,,その他,アスガルド,0,1,PSP
2012-01-26,BOOST ON,PhaseD 蒼華の章,2,,その他,BOOST ON,0,1,PSP
2012-01-26,メディアファイブ,マル合格資格奪取!中小企業診断士試験1 ポータブル,2,,その他,メディアファイブ,0,1,PSP
2012-01-26,メディアファイブ,マル合格資格奪取!中小企業診断士試験2 ポータブル,2,,その他,メディアファイブ,0,1,PSP
2012-01-26,アイディアファクトリー,恋愛番長2 MidnightLesson!!!,2,,その他,アイディアファクトリー,0,1,PSP
2012-01-26,バンダイナムコゲームス,機動戦士ガンダム 木馬の軌跡,2,,その他,バンダイナムコゲームス,0,1,PSP
2012-02-02,サイバーフロント,Gift -prism-,2,YES,その他,サイバーフロント,0,1,PSP
2012-02-02,角川ゲームス,フォトカノ,2,YES,その他,角川ゲームス,0,1,PSP
2012-02-09,ディースリー・パブリッシャー,VitaminX Detective B6,2,,その他,ディースリー・パブリッシャー,0,1,PSP
2012-02-09,コナミデジタルエンタテインメント,幻想水滸伝 紡がれし百年の時,2,,その他,コナミデジタルエンタテインメント,0,1,PSP
2012-02-09,アスガルド,次の犠牲者をオシラセシマス -崩壊する世界に死神と-,2,,その他,アスガルド,0,1,PSP
2012-02-16,プロトタイプ,あまつみそらに! 雲のはたてに,2,,その他,プロトタイプ,0,1,PSP
2012-02-16,アルティ,ワールド・ネバーランド 〜ククリア王国物語〜,2,,その他,アルティ,0,1,PSP
2012-02-16,コーエーテクモゲームス,戦国無双3Z Special,2,,その他,コーエーテクモゲームス,0,1,PSP
2012-02-23,QuinRose,12時の鐘とシンデレラ〜Halloween Wedding〜,2,,その他,QuinRose,0,1,PSP
2012-02-23,バンダイナムコゲームス,ねんどろいど じぇねれ〜しょん,2,,その他,バンダイナムコゲームス,0,1,PSP
2012-02-23,Nordcurrent,アーケード・エッセンシャルズ,2,,その他,Nordcurrent,0,1,PSP
2012-02-23,Giza10,オレは少女漫画家,2,,その他,Giza10,0,1,PSP
2012-02-23,Nordcurrent,キング・オブ・プール,2,,その他,Nordcurrent,0,1,PSP
2012-02-23,バンダイナムコゲームス,テイルズ オブ ザ ヒーローズ ツインブレイヴ,2,,その他,バンダイナムコゲームス,0,1,PSP
2012-02-23,アスガルド,フェイズD 白影の章,2,,その他,アスガルド,0,1,PSP
2012-02-23,メディアファイブ,マル合格資格奪取!宅建試験 ポータブル,2,,その他,メディアファイブ,0,1,PSP
2012-02-23,バンダイナムコゲームス,僕は友達が少ない ぽーたぶる,2,,その他,バンダイナムコゲームス,0,1,PSP
2012-02-23,アイディアファクトリー,猛獣使いと王子様〜Snow Bride〜 Portable,2,,その他,アイディアファクトリー,0,1,PSP
2012-02-23,5pb.,車輪の国、向日葵の少女,2,YES,その他,5pb.,0,1,PSP
2012-02-23,コーエーテクモゲームス,遙かなる時空の中で5 風花記,2,,その他,コーエーテクモゲームス,0,1,PSP
2012-03-01,バンダイナムコゲームス,グレイトバトル フルブラスト,2,,その他,バンダイナムコゲームス,0,1,PSP
2012-03-01,バンダイナムコゲームス,バトルドッジボール3,2,,その他,バンダイナムコゲームス,0,1,PSP
2012-03-08,サイバーフロント,永遠のアセリア -この大地の果てで-,2,,その他,サイバーフロント,0,1,PSP
2012-03-15,アイディアファクトリー,AMNESIA LATER,2,,その他,アイディアファクトリー,0,1,PSP
2012-03-15,コナミデジタルエンタテインメント,ときめきメモリアル Girl's Side Premium 〜3rd Story〜,2,YES,その他,コナミデジタルエンタテインメント,0,1,PSP
2012-03-15,コーエーテクモゲームス,ウイニングポスト7 2012,2,,その他,コーエーテクモゲームス,0,1,PSP
2012-03-15,セガ,シャイニング・ブレイド,2,YES,その他,セガ,0,1,PSP
2012-03-15,バンダイナムコゲームス,魔法少女まどか☆マギカ ポータブル,2,,その他,バンダイナムコゲームス,0,1,PSP
2012-03-22,サイバーフロントPentavision,DJMAX ポータブル ブラック スクエア,2,,その他,サイバーフロントPentavision,0,1,PSP
2012-03-22,コナミデジタルエンタテインメント,FAIRY TAIL ゼレフ覚醒,2,,その他,コナミデジタルエンタテインメント,0,1,PSP
2012-03-22,セガ,クロヒョウ2 龍が如く 阿修羅編,2,,その他,セガ,0,1,PSP
2012-03-22,メディアファイブ,マル合格資格奪取!TOEIC TEST ポータブル,2,,その他,メディアファイブ,0,1,PSP
2012-03-22,サイバーフロント,リトルウィッチ パルフェ 〜黒猫魔法店物語〜,2,,その他,サイバーフロント,0,1,PSP
2012-03-22,アイディアファクトリー,華鬼 〜夢のつづき〜,2,,その他,アイディアファクトリー,0,1,PSP
2012-03-22,アイディアファクトリー,薄桜鬼 幕末無双録,2,,その他,アイディアファクトリー,0,1,PSP
2012-03-29,アスガルド,てとてトライオン! TROPICAL,2,,その他,アスガルド,0,1,PSP
2012-03-29,アスガルド,フェイズD 黒聖の章,2,,その他,アスガルド,0,1,PSP
2012-03-29,コナミデジタルエンタテインメント,プロ野球スピリッツ2012,2,,その他,コナミデジタルエンタテインメント,0,1,PSP
2012-03-29,システムソフト・アルファー,戦極姫3〜天下を切り裂く光と影〜,2,,その他,システムソフト・アルファー,0,1,PSP
2012-03-29,QuinRose,逢魔時〜怪談ロマンス〜,2,,その他,QuinRose,0,1,PSP
2012-04-03,ハピネット,らぶ＠わん雀,2,,その他,ハピネット,0,1,PSP
2012-04-05,バンダイナムコゲームス,第2次スーパーロボット大戦Z 再世篇,2,,その他,バンダイナムコゲームス,0,1,PSP
2012-04-12,アイディアファクトリー,ARMEN NOIR portable,2,,その他,アイディアファクトリー,0,1,PSP
2012-04-12,サイバーフロント,PrincessEvangile PORTABLE,2,YES,その他,サイバーフロント,0,1,PSP
2012-04-12,アイディアファクトリー,エルクローネのアトリエ 〜Dear for Otomate〜,2,,その他,アイディアファクトリー,0,1,PSP
2012-04-19,バンダイナムコゲームス,名探偵コナン 過去からの前奏曲,2,,その他,バンダイナムコゲームス,0,1,PSP
2012-04-19,サイバーフロント,聖なるかな -オリハルコンの名の下に-,2,,その他,サイバーフロント,0,1,PSP
2012-04-19,アイディアファクトリー,雅恋 〜MIYAKO〜 あわゆきのうたげ,2,,その他,アイディアファクトリー,0,1,PSP
2012-04-24,イースマイル,俺に働けって言われても,2,,その他,イースマイル,0,1,PSP
2012-04-26,スパイク・チュンソフト,CONCEPTION 俺の子供を産んでくれ!,2,,その他,スパイク・チュンソフト,0,1,PSP
2012-04-26,テイクツー・インタラクティブ・ジャパン2K Sports,Major League Baseball 2K12,2,,その他,テイクツー・インタラクティブ・ジャパン2K Sports,0,1,PSP
2012-04-26,BOOST ON,Phase D 朱姫の章,2,,その他,BOOST ON,0,1,PSP
2012-04-26,レッド・エンタテインメント,Scared Rider Xechs I+FD ポータブル,2,,その他,レッド・エンタテインメント,0,1,PSP
2012-04-26,バンダイナムコゲームス,ゲームでも、パパのいうことを聞きなさい!,2,,その他,バンダイナムコゲームス,0,1,PSP
2012-04-26,5pb.,シュタインズ・ゲート比翼恋理のだーりん,2,,その他,5pb.,0,1,PSP
2012-04-26,角川ゲームス,未来日記 13人目の日記所有者 RE：WRITE,2,,その他,角川ゲームス,0,1,PSP
2012-04-26,バンダイナムコゲームス,青の祓魔師 幻刻の迷宮,2,,その他,バンダイナムコゲームス,0,1,PSP
2012-05-17,アイディアファクトリー,BROTHERS CONFLICT PASSION PINK,2,,その他,アイディアファクトリー,0,1,PSP
2012-05-17,アトラス,ペルソナ2 罰,2,YES,その他,アトラス,0,1,PSP
2012-05-17,メディアファイブ,マル合格資格奪取!証券外務員試験 ポータブル,2,,その他,メディアファイブ,0,1,PSP
2012-05-17,バンダイナムコゲームス,俺の妹がこんなに可愛いわけがない ポータブルが続くわけがない,2,,その他,バンダイナムコゲームス,0,1,PSP
2012-05-17,フリュー,文明開華 葵座異聞録 再演,2,,その他,フリュー,0,1,PSP
2012-05-24,ブロッコリー,うたの☆プリンスさまっ♪ Debut,2,,その他,ブロッコリー,0,1,PSP
2012-05-24,スターフィッシュ・エスディ,エルミナージュ ゴシック 〜ウルム・サギールと闇の儀式〜,2,,その他,スターフィッシュ・エスディ,0,1,PSP
2012-05-24,アイディアファクトリー,十三支演義 〜偃月三国伝〜,2,,その他,アイディアファクトリー,0,1,PSP
2012-05-24,GNソフトウェア,水月 弐 〜Portable〜,2,,その他,GNソフトウェア,0,1,PSP
2012-05-31,ネットレヴォ,つよきす3学期 Portable,2,,その他,ネットレヴォ,0,1,PSP
2012-05-31,QuinRose,アブナイ恋の捜査室,2,,その他,QuinRose,0,1,PSP
2012-05-31,アークシステムワークス,ファイ・ブレイン 絆のパズル,2,,その他,アークシステムワークス,0,1,PSP
2012-05-31,アークシステムワークス,ブレイブルー コンティミュアムシフト エクステンド,2,,その他,アークシステムワークス,0,1,PSP
2012-05-31,アークシステムワークス,マル合格資格奪取!ケアマネジャー試験 ポータブル,2,,その他,アークシステムワークス,0,1,PSP
2012-05-31,花梨エンターテイメント,断罪のマリア la Campanella,2,,その他,花梨エンターテイメント,0,1,PSP
2012-05-31,TAKUYO,神さまと恋ゴコロ,2,,その他,TAKUYO,0,1,PSP
2012-05-31,アイディアファクトリー,蒼黒の楔 緋色の欠片3 明日への扉,2,,その他,アイディアファクトリー,0,1,PSP
2012-06-07,ディースリー・パブリッシャー,STORM LOVER 快!!,2,,その他,ディースリー・パブリッシャー,0,1,PSP
2012-06-14,アクワイア,AKIBA'S TRIP PLUS,2,,その他,アクワイア,0,1,PSP
2012-06-14,アイディアファクトリーTOSE,バクダン★ハンダンSweet Fuse: At Your Side,2,,その他,アイディアファクトリーTOSE,0,1,PSP
2012-06-14,アルティ,ワールド・ネバーランド 〜ナルル王国物語〜,2,,その他,アルティ,0,1,PSP
2012-06-21,コンフォート,アルカナ・ファミリア －幽霊船の魔術師－,2,,その他,コンフォート,0,1,PSP
2012-06-21,スパイク・チュンソフト,喧嘩番長Bros. トーキョーバトルロイヤル,2,,その他,スパイク・チュンソフト,0,1,PSP
2012-06-28,light,Dies Irae 〜Amantes amentes〜,2,YES,その他,light,0,1,PSP
2012-06-28,BlueMoon,unENDing Bloody Call,2,,その他,BlueMoon,0,1,PSP
2012-06-28,QuinRose,アラビアンズ・ロスト〜The engagement on desert〜,2,,その他,QuinRose,0,1,PSP
2012-06-28,アイディアファクトリーNippon Ichi Software,ジェネレーション オブ カオス6Generation of Chaos: Pandora's Reflection,2,,その他,アイディアファクトリーNippon Ichi Software,0,1,PSP
2012-06-28,角川ゲームス,ストライクウィッチーズ -白銀の翼-,2,,その他,角川ゲームス,0,1,PSP
2012-06-28,サイバーフロント,白衣性恋愛症候群 RE:Therapy,2,YES,その他,サイバーフロント,0,1,PSP
2012-07-05,バンダイナムコゲームス,トリコ グルメサバイバル! 2,2,,その他,バンダイナムコゲームス,0,1,PSP
2012-07-05,アルケミスト,桜花センゴク Portable,2,,その他,アルケミスト,0,1,PSP
2012-07-19,カプコン,アイルーでパズルー,2,,その他,カプコン,0,1,PSP
2012-07-19,コンパイルハート,アガレスト戦記 Mariage,2,,その他,コンパイルハート,0,1,PSP
2012-07-19,アイディアファクトリー,キミカレ 〜新学期〜,2,,その他,アイディアファクトリー,0,1,PSP
2012-07-19,レベルファイブ,タイムトラベラーズ,2,,その他,レベルファイブ,0,1,PSP
2012-07-19,バンダイナムコゲームス,デジモンワールド リ:デジタイズ,2,,その他,バンダイナムコゲームス,0,1,PSP
2012-07-19,アイディアファクトリー,十鬼の絆 〜関ヶ原奇譚〜,2,,その他,アイディアファクトリー,0,1,PSP
2012-07-19,コナミデジタルエンタテインメント,実況パワフルプロ野球2012,2,,その他,コナミデジタルエンタテインメント,0,1,PSP
2012-07-19,アクワイア,新・剣と魔法と学園モノ。刻の学園,2,,その他,アクワイア,0,1,PSP
2012-07-19,コーエーテクモゲームス,無双OROCHI2 Special,2,,その他,コーエーテクモゲームス,0,1,PSP
2012-07-26,5pb.,DUNAMIS15,2,,その他,5pb.,0,1,PSP
2012-07-26,BOOST ON,しろくまベルスターズ♪ハッピーホリデーズ！,2,,その他,BOOST ON,0,1,PSP
2012-07-26,BOOST ON,クロノベルト -SchwarzOath-,2,,その他,BOOST ON,0,1,PSP
2012-07-26,QuinRose,グリム・ザ・バウンティハンター,2,,その他,QuinRose,0,1,PSP
2012-07-26,スパイク・チュンソフト,スーパーダンガンロンパ2 さよなら絶望学園,2,,その他,スパイク・チュンソフト,0,1,PSP
2012-07-26,PROTOTYPE,三国恋戦記〜オトメの兵法!〜,2,,その他,PROTOTYPE,0,1,PSP
2012-07-26,サイバーフロント,最果てのイマ PORTABLE,2,,その他,サイバーフロント,0,1,PSP
2012-07-26,日本ファルコム,那由多の軌跡,2,YES,その他,日本ファルコム,0,1,PSP
2012-08-02,BOOST ON,この部室は帰宅しない部が占拠しました。ぽーたぶる。 学園サマー・ウォーズ編,2,,その他,BOOST ON,0,1,PSP
2012-08-02,アルケミスト,それゆけ!ぶるにゃんマン Portable 〜とりもどせ! あいとせいぎときぼうのつにゃ缶〜,2,,その他,アルケミスト,0,1,PSP
2012-08-02,バンダイナムコゲームス,オール仮面ライダー ライダージェネレーション2,2,,その他,バンダイナムコゲームス,0,1,PSP
2012-08-02,5pb.,コープスパーティー -THE ANTHOLOGY- サチコの恋愛遊戯 Hysteric Birthday 2U,2,,その他,5pb.,0,1,PSP
2012-08-08,ブシロード,探偵オペラ ミルキィホームズ 1.5 〜第6話「ビハインド・ザ・マスク」,2,,その他,ブシロード,0,1,PSP
2012-08-09,アイディアファクトリー,L.G.S 〜新説 封神演義〜,2,,その他,アイディアファクトリー,0,1,PSP
2012-08-09,サイバーフロント,蒼い海のトリスティア ポータブル 〜ナノカ・フランカ発明工房記〜,2,,その他,サイバーフロント,0,1,PSP
2012-08-09,サイバーフロント,蒼い空のネオスフィア ポータブル 〜ナノカ・フランカ発明工房記2〜,2,,その他,サイバーフロント,0,1,PSP
2012-08-09,バンダイナムコゲームス,黒子のバスケ キセキの試合,2,,その他,バンダイナムコゲームス,0,1,PSP
2012-08-21,ホープムーン,ノゾミカナエタマエ 〜Daydream Reconstruct〜,2,,その他,ホープムーン,0,1,PSP
2012-08-23,バンダイナムコゲームス,化物語 ポータブル,2,,その他,バンダイナムコゲームス,0,1,PSP
2012-08-23,ブシロード,探偵オペラ ミルキィホームズ 2,2,YES,その他,ブシロード,0,1,PSP
2012-08-23,GNソフトウェア,涼風のメルト － days in the sanctuary －,2,,その他,GNソフトウェア,0,1,PSP
2012-08-30,ディースリー・パブリッシャー,Custom Drive,2,,その他,ディースリー・パブリッシャー,0,1,PSP
2012-08-30,5pb.,あの日見た花の名前を僕達はまだ知らない。,2,,その他,5pb.,0,1,PSP
2012-08-30,バンダイナムコゲームス,るろうに剣心 -明治剣客浪漫譚- 完醒,2,,その他,バンダイナムコゲームス,0,1,PSP
2012-08-30,ブロッコリー,恋戦隊LOVE＆PEACE THE P.S.P.〜パワー全開！スペシャル要素てんこもりでポータブル化大作戦である！〜,2,,その他,ブロッコリー,0,1,PSP
2012-08-30,バンダイナムコゲームス,機動戦士ガンダムAGE COSMIC DRIVE,2,,その他,バンダイナムコゲームス,0,1,PSP
2012-08-30,バンダイナムコゲームス,機動戦士ガンダムAGE UNIVERSE ACCEL,2,,その他,バンダイナムコゲームス,0,1,PSP
2012-08-30,アイディアファクトリー,源狼 GENROH,2,,その他,アイディアファクトリー,0,1,PSP
2012-08-30,BOOST ON,闇からのいざない TENEBRAE I,2,,その他,BOOST ON,0,1,PSP
2012-09-04,KEMCO,幻想クロニクルMystic Chronicles,2,,その他,KEMCO,0,1,PSP
2012-09-06,サイバーフロント,そらいろ Portable,2,,その他,サイバーフロント,0,1,PSP
2012-09-06,バンダイナムコゲームス,ロストヒーローズ,2,,その他,バンダイナムコゲームス,0,1,PSP
2012-09-13,バンダイナムコゲームス,アクセル・ワールド Stage1 -銀翼の覚醒-,2,,その他,バンダイナムコゲームス,0,1,PSP
2012-09-13,スターフィッシュ・エスディ,エルミナージュ異聞 アメノミハシラ,2,,その他,スターフィッシュ・エスディ,0,1,PSP
2012-09-13,サイバーフロント,シュクレ PORTABLE,2,,その他,サイバーフロント,0,1,PSP
2012-09-20,QuinRose,24時の鐘とシンデレラ 〜Halloween Wedding〜,2,,その他,QuinRose,0,1,PSP
2012-09-20,バンダイナムコゲームス,TIGER & BUNNY オンエアジャック!,2,,その他,バンダイナムコゲームス,0,1,PSP
2012-09-20,バンダイナムコゲームス,ハンター×ハンター ワンダーアドベンチャー,2,,その他,バンダイナムコゲームス,0,1,PSP
2012-09-20,スクウェア・エニックス,ファイナルファンタジーIII,2,,その他,スクウェア・エニックス,0,1,PSP
2012-09-20,5pb.,暁の護衛 トリニティ,2,,その他,5pb.,0,1,PSP
2012-09-20,アイディアファクトリー,白華の檻 〜緋色の欠片4〜,2,,その他,アイディアファクトリー,0,1,PSP
2012-09-27,バンダイナムコゲームス,SDガンダム GGENERATION OVER WORLD,2,,その他,バンダイナムコゲームス,0,1,PSP
2012-09-27,アスキー・メディアワークス,恋と選挙とチョコレート PORTABLE,2,,その他,アスキー・メディアワークス,0,1,PSP
2012-10-04,アイディアファクトリー,Confidential Money 〜300日で3000万ドル稼ぐ方法〜,2,,その他,アイディアファクトリー,0,1,PSP
2012-10-04,バンダイナムコゲームス,サモンナイト3,2,,その他,バンダイナムコゲームス,0,1,PSP
2012-10-04,イメージエポック,ソールトリガー,2,,その他,イメージエポック,0,1,PSP
2012-10-04,角川ゲームス,円卓の生徒 ザ・エターナル・レジェンド,2,YES,その他,角川ゲームス,0,1,PSP
2012-10-11,アイディアファクトリー,DIABOLIK LOVERS 〜Haunted dark bridal〜,2,,その他,アイディアファクトリー,0,1,PSP
2012-10-18,エレクトロニック・アーツ,FIFA 13,2,,その他,エレクトロニック・アーツ,0,1,PSP
2012-10-18,レベルファイブ,ダンボール戦機W,2,,その他,レベルファイブ,0,1,PSP
2012-10-18,スパイク・チュンソフト,不思議のダンジョン 風来のシレン4 plus 神の眼と悪魔のヘソ,2,,その他,スパイク・チュンソフト,0,1,PSP
2012-10-18,アイディアファクトリー,薄桜鬼 遊戯録 弐 祭囃子と隊士達,2,,その他,アイディアファクトリー,0,1,PSP
2012-10-25,GNソフトウェア,Piaキャロットへようこそ!!4 〜夏の記憶〜,2,,その他,GNソフトウェア,0,1,PSP
2012-10-25,BOOST ON,この部室は帰宅しない部が占拠しました。ぽーたぶる 学園ドッグ・イヤー編,2,,その他,BOOST ON,0,1,PSP
2012-10-25,バンダイナムコゲームス,アイドルマスター シャイニーフェスタ グルーヴィーチューン,2,,その他,バンダイナムコゲームス,0,1,PSP
2012-10-25,バンダイナムコゲームス,アイドルマスター シャイニーフェスタ ハニーサウンド,2,,その他,バンダイナムコゲームス,0,1,PSP
2012-10-25,バンダイナムコゲームス,アイドルマスター シャイニーフェスタ ファンキーノート,2,,その他,バンダイナムコゲームス,0,1,PSP
2012-10-25,QuinRose,百鬼夜行〜怪談ロマンス〜,2,,その他,QuinRose,0,1,PSP
2012-11-01,テイクツー・インタラクティブ・ジャパン2K Sports,NBA 2K13,2,,その他,テイクツー・インタラクティブ・ジャパン2K Sports,0,1,PSP
2012-11-01,システムプリズマ,かの☆やん 彼女がやんじゃったらどうするの？,2,,その他,システムプリズマ,0,1,PSP
2012-11-01,コナミデジタルエンタテインメント,ワールドサッカー ウイニングイレブン 2013Pro Evolution Soccer 2013,2,,その他,コナミデジタルエンタテインメント,0,1,PSP
2012-11-15,バンダイナムコゲームス,サモンナイト4,2,,その他,バンダイナムコゲームス,0,1,PSP
2012-11-22,バンダイナムコゲームス,ココロコネクト ヨチランダム,2,,その他,バンダイナムコゲームス,0,1,PSP
2012-11-22,アイディアファクトリー,ワンド オブ フォーチュン2 FD 〜君に捧げるエピローグ〜,2,,その他,アイディアファクトリー,0,1,PSP
2012-11-29,日本一ソフトウェア,MISSING PARTS the TANTEI STORIES Complete,2,YES,その他,日本一ソフトウェア,0,1,PSP
2012-11-29,フリュー,アンチェインブレイズ エクシヴ,2,,その他,フリュー,0,1,PSP
2012-11-29,QuinRose,スクール・ウォーズ,2,,その他,QuinRose,0,1,PSP
2012-11-29,バンダイナムコゲームス,仮面ライダー 超クライマックスヒーローズ,2,,その他,バンダイナムコゲームス,0,1,PSP
2012-11-29,ハピネット,君が主で執事が俺で 〜お仕え日記〜 ぽーたぶる,2,,その他,ハピネット,0,1,PSP
2012-11-29,角川ゲームス,恋は校則に縛られない!,2,,その他,角川ゲームス,0,1,PSP
2012-11-29,バンダイナムコゲームス,聖闘士星矢Ω アルティメットコスモ,2,,その他,バンダイナムコゲームス,0,1,PSP
2012-12-13,COMFORT,アルカナ・ファミリア -フェスタ・レガーロ!-,2,,その他,COMFORT,0,1,PSP
2012-12-13,GNソフトウェア,シュガーリィ ウィッシュ -Limited-,2,,その他,GNソフトウェア,0,1,PSP
2012-12-13,角川ゲームス,バカとテストと召喚獣 ポータブル,2,,その他,角川ゲームス,0,1,PSP
2012-12-13,コナミデジタルエンタテインメント,実況パワフルプロ野球2012決定版,2,,その他,コナミデジタルエンタテインメント,0,1,PSP
2012-12-20,バンダイナムコゲームス,AKB1/149 恋愛総選挙,2,,その他,バンダイナムコゲームス,0,1,PSP
2012-12-20,アイディアファクトリー,BLACK WOLVES SAGA -Last Hope-,2,,その他,アイディアファクトリー,0,1,PSP
2012-12-20,アイディアファクトリー,Glass Heart Princess,2,,その他,アイディアファクトリー,0,1,PSP
2012-12-20,Plan Peace,Solomon's Ring 〜火の章〜,2,,その他,Plan Peace,0,1,PSP
2012-12-20,5pb.,TOKYOヤマノテBOYS Portable HONEY MILK DISC,2,YES,その他,5pb.,0,1,PSP
2012-12-20,QuinRose,ダイヤの国のアリス 〜Wonderful Wonder World〜,2,,その他,QuinRose,0,1,PSP
2012-12-20,バンダイナムコゲームス,ワンピース ROMANCE DAWN 冒険の夜明け,2,,その他,バンダイナムコゲームス,0,1,PSP
2012-12-20,GNソフトウェア,屋根裏の彼女,2,,その他,GNソフトウェア,0,1,PSP
2012-12-20,アルケミスト,水平線まで何マイル? -ORIGINAL FLIGHT-,2,,その他,アルケミスト,0,1,PSP
2012-12-27,honeybee,Starry☆Sky 〜After Spring〜 Portable,2,,その他,honeybee,0,1,PSP
2013-01-17,バンダイナムコゲームス,デジモンアドベンチャー,2,,その他,バンダイナムコゲームス,0,1,PSP
2013-01-17,アイディアファクトリー,乙女的恋革命★ラブレボ!! 100kgからはじまる→恋物語,2,,その他,アイディアファクトリー,0,1,PSP
2013-01-17,サイバーフロント,黄昏のシンセミア portable,2,,その他,サイバーフロント,0,1,PSP
2013-01-24,5pb.,TOKYOヤマノテBOYS Portable SUPER MINT DISC,2,YES,その他,5pb.,0,1,PSP
2013-01-24,アイディアファクトリー,いっしょにごはん。PORTABLE,2,,その他,アイディアファクトリー,0,1,PSP
2013-01-24,アイレム,パチパラSLOT+ パチスロ大工の源さん 〜いくぜっ!炎の源祭編〜,2,,その他,アイレム,0,1,PSP
2013-01-24,バンダイナムコゲームス,銀魂のすごろく,2,,その他,バンダイナムコゲームス,0,1,PSP
2013-01-31,ディースリー・パブリッシャー,Vitamin Z Graduation,2,,その他,ディースリー・パブリッシャー,0,1,PSP
2013-01-31,バンダイナムコゲームス,アクセル・ワールド stage2 -加速の頂点-,2,,その他,バンダイナムコゲームス,0,1,PSP
2013-01-31,アルケミスト,恋愛0キロメートル Portable,2,,その他,アルケミスト,0,1,PSP
2013-01-31,グレフ,機装猟兵ガンハウンドEX,2,YES,その他,グレフ,0,1,PSP
2013-01-31,QuinRose,黄昏時 〜怪談ロマンス〜,2,,その他,QuinRose,0,1,PSP
2013-02-07,バンダイナムコゲームス,HEROES' VS,2,,その他,バンダイナムコゲームス,0,1,PSP
2013-02-14,角川ゲームス,さくら荘のペットな彼女,2,,その他,角川ゲームス,0,1,PSP
2013-02-14,バンダイナムコゲームス,バトルロボット魂,2,,その他,バンダイナムコゲームス,0,1,PSP
2013-02-14,コーエーテクモゲームス,遙かなる時空の中で 〜八葉抄〜,2,,その他,コーエーテクモゲームス,0,1,PSP
2013-02-21,5pb.,TOKYOヤマノテBOYS Portable DARK CHERRY DISC,2,,その他,5pb.,0,1,PSP
2013-02-21,バンダイナムコゲームス,とある魔術と科学の群奏活劇,2,,その他,バンダイナムコゲームス,0,1,PSP
2013-02-21,プロトタイプ,グリザイアの果実-LE FRUIT DE LA GRISAIA-,2,,その他,プロトタイプ,0,1,PSP
2013-02-21,アイディアファクトリー,デザート・キングダム ポータブル,2,,その他,アイディアファクトリー,0,1,PSP
2013-02-28,角川ゲームス,D.C.III 〜ダ・カーポIII プラス〜,2,YES,その他,角川ゲームス,0,1,PSP
2013-02-28,Plan Peace,Solomon's Ring 〜風の章〜,2,,その他,Plan Peace,0,1,PSP
2013-02-28,セガ,シャイニング・アーク,2,,その他,セガ,0,1,PSP
2013-02-28,サイバーフロント,ステラ☆シアター ポータブル,2,,その他,サイバーフロント,0,1,PSP
2013-03-07,ブロッコリー,うたの☆プリンスさまっ♪ All Star,2,,その他,ブロッコリー,0,1,PSP
2013-03-07,バンダイナムコゲームス,ウルトラマン オールスタークロニクル,2,,その他,バンダイナムコゲームス,0,1,PSP
2013-03-07,サイバーフロント,空を仰ぎて雲たかく Portable,2,,その他,サイバーフロント,0,1,PSP
2013-03-07,花梨エンターテイメント,英国探偵ミステリア,2,,その他,花梨エンターテイメント,0,1,PSP
2013-03-14,コナミデジタルエンタテインメント,FRONTIER GATE Boost+,2,,その他,コナミデジタルエンタテインメント,0,1,PSP
2013-03-14,コーエーテクモゲームス,ウイニングポスト7 2013,2,,その他,コーエーテクモゲームス,0,1,PSP
2013-03-14,バンダイナムコゲームス,ソードアート・オンライン -インフィニティ・モーメント-,2,,その他,バンダイナムコゲームス,0,1,PSP
2013-03-20,ディースリー・パブリッシャー,TIGER & BUNNY 〜HERO'S DAY〜,2,,その他,ディースリー・パブリッシャー,0,1,PSP
2013-03-20,コナミデジタルエンタテインメント,プロ野球スピリッツ2013,2,,その他,コナミデジタルエンタテインメント,0,1,PSP
2013-03-20,アイディアファクトリー,夏空のモノローグ portable,2,,その他,アイディアファクトリー,0,1,PSP
2013-03-28,マーベラスAQL,Fate/EXTRA CCC,2,,その他,マーベラスAQL,0,1,PSP
2013-03-28,パラフレ,Megpoid the music♯,2,,その他,パラフレ,0,1,PSP
2013-03-28,アイディアファクトリー,Princess Arthur,2,,その他,アイディアファクトリー,0,1,PSP
2013-03-28,honeybee,Starry☆Sky〜After Summer〜Portable,2,,その他,honeybee,0,1,PSP
2013-03-28,アクアプラス,ダンジョントラベラーズ2 王立図書館とマモノの封印,2,,その他,アクアプラス,0,1,PSP
2013-03-28,イエティ,リベリオンズ Secret Game 2nd stage,2,YES,その他,イエティ,0,1,PSP
2013-03-28,コーエーテクモゲームス,下天の華,2,,その他,コーエーテクモゲームス,0,1,PSP
2013-03-28,アルケミスト,学☆王 -THE ROYAL SEVEN STARS- ＋METEOR,2,,その他,アルケミスト,0,1,PSP
2013-03-28,QuinRose,死神稼業〜怪談ロマンス〜,2,,その他,QuinRose,0,1,PSP
2013-04-04,フリュー,はつカレっ☆恋愛デビュー宣言！,2,,その他,フリュー,0,1,PSP
2013-04-11,システムソフト・アルファー,三極姫2〜天下覇統・獅志の継承者〜,2,,その他,システムソフト・アルファー,0,1,PSP
2013-04-18,アイディアファクトリー,AMNESIA CROWD,2,,その他,アイディアファクトリー,0,1,PSP
2013-04-18,セガ,セブンスドラゴン2020-II,2,,その他,セガ,0,1,PSP
2013-04-18,TAKUYO,月影の鎖 -錯乱パラノイア-,2,,その他,TAKUYO,0,1,PSP
2013-04-18,BOOST ON,雀聖学園 クロノ★マジック,2,,その他,BOOST ON,0,1,PSP
2013-04-24,イースマイル,俺に働けって言われても 乙,2,,その他,イースマイル,0,1,PSP
2013-04-25,角川ゲームス,境界線上のホライゾン PORTABLE,2,YES,その他,角川ゲームス,0,1,PSP
2013-04-27,Plan Peace,Solomon's Ring 〜水の章〜,2,,その他,Plan Peace,0,1,PSP
2013-05-09,プロトタイプ,クドわふたー Converted Edition,2,,その他,プロトタイプ,0,1,PSP
2013-05-16,バンダイナムコゲームス,サモンナイト5,2,,その他,バンダイナムコゲームス,0,1,PSP
2013-05-23,QuinRose,0時の鐘とシンデレラ 〜Halloween Wedding〜,2,,その他,QuinRose,0,1,PSP
2013-05-23,TAKUYO,楽園男子,2,,その他,TAKUYO,0,1,PSP
2013-05-30,アイディアファクトリー,NORN9 ノルン+ノネット,2,,その他,アイディアファクトリー,0,1,PSP
2013-05-30,BOOST ON,雀聖歌姫 クロノ★スター,2,,その他,BOOST ON,0,1,PSP
2013-06-20,ディースリー・パブリッシャー,STORM LOVER 2nd,2,,その他,ディースリー・パブリッシャー,0,1,PSP
2013-06-20,角川ゲームス,ロウきゅーぶ！ ひみつのおとしもの,2,,その他,角川ゲームス,0,1,PSP
2013-06-20,アイディアファクトリー,恋花デイズ,2,,その他,アイディアファクトリー,0,1,PSP
2013-06-27,Plan Peace,Solomon's Ring 〜地の章〜,2,,その他,Plan Peace,0,1,PSP
2013-06-27,honeybee,Starry☆Sky〜After Autumn〜Portable,2,,その他,honeybee,0,1,PSP
2013-06-27,QuinRose,スクール・ウォーズ〜卒業戦線〜,2,,その他,QuinRose,0,1,PSP
2013-06-27,アイディアファクトリー,裏語 薄桜鬼,2,,その他,アイディアファクトリー,0,1,PSP
2013-06-27,コーエーテクモゲームス,討鬼伝,2,,その他,コーエーテクモゲームス,0,1,PSP
2013-06-27,アルケミスト,鬼ごっこ！ Portable,2,,その他,アルケミスト,0,1,PSP
2013-07-11,アイディアファクトリー,華ヤカ哉、我ガ一族 黄昏ポウラスタ,2,,その他,アイディアファクトリー,0,1,PSP
2013-07-18,アルケミスト,1/2 summer+,2,,その他,アルケミスト,0,1,PSP
2013-07-18,アイディアファクトリー,O*G*A 鬼ごっこロワイアル ハンターは孤島（フィールド）で恋をする,2,,その他,アイディアファクトリー,0,1,PSP
2013-07-18,バンダイナムコゲームス,スーパーロボット大戦Operation Extend,2,,その他,バンダイナムコゲームス,0,1,PSP
2013-07-25,QuinRose,ダイヤの国のアリス〜Wonderful Mirror World〜,2,,その他,QuinRose,0,1,PSP
2013-07-25,アイディアファクトリー,十鬼の絆 花結綴り,2,,その他,アイディアファクトリー,0,1,PSP
2013-08-01,アイディアファクトリー,しらつゆの怪,2,,その他,アイディアファクトリー,0,1,PSP
2013-08-08,ディースリー・パブリッシャー,VitaminR,2,,その他,ディースリー・パブリッシャー,0,1,PSP
2013-08-22,QuinRose,ロミオVSジュリエット,2,,その他,QuinRose,0,1,PSP
2013-08-29,加賀クリエイト,咲-Saki- 阿知賀編 episode of side-A Portable,2,,その他,加賀クリエイト,0,1,PSP
2013-08-29,角川ゲームス,生徒会の一存 Lv.2 PORTABLE,2,YES,その他,角川ゲームス,0,1,PSP
2013-09-05,ブロッコリー,うたの☆プリンスさまっ♪MUSIC2,2,,その他,ブロッコリー,0,1,PSP
2013-09-05,PIACCI,キサラギGOLD★STAR － NONSTOP GO GO!! －,2,,その他,PIACCI,0,1,PSP
2013-09-05,アイディアファクトリー,白華の檻 〜緋色の欠片4〜 四季の詩,2,,その他,アイディアファクトリー,0,1,PSP
2013-09-12,アイディアファクトリー,BROTHERS CONFLICT Brilliant Blue,2,,その他,アイディアファクトリー,0,1,PSP
2013-09-19,コーエーテクモゲームス,金色のコルダ3 フルボイス Special,2,,その他,コーエーテクモゲームス,0,1,PSP
2013-09-26,honeybee,Starry☆Sky〜After Winter〜Portable,2,,その他,honeybee,0,1,PSP
2013-09-26,ブロッコリー,明治東亰恋伽,2,,その他,ブロッコリー,0,1,PSP
2013-09-26,QuinRose,百物語〜怪談ロマンス〜,2,,その他,QuinRose,0,1,PSP
2013-10-17,エレクトロニック・アーツ,FIFA 14 ワールドクラス サッカー,2,,その他,エレクトロニック・アーツ,0,1,PSP
2013-10-17,セガ,Jリーグ プロサッカークラブをつくろう!8 EURO PLUS,2,,その他,セガ,0,1,PSP
2013-10-24,アイディアファクトリー,ディアボリック ラヴァーズ モア ブラッド,2,,その他,アイディアファクトリー,0,1,PSP
2013-10-24,コナミデジタルエンタテインメント,実況パワフルプロ野球2013,2,,その他,コナミデジタルエンタテインメント,0,1,PSP
2013-10-24,ブロッコリー,神々の悪戯,2,,その他,ブロッコリー,0,1,PSP
2013-10-29,KEMCOWorldWide Software,エンドオブアスピレイションEnd of Serenity,2,,その他,KEMCOWorldWide Software,0,1,PSP
2013-10-31,C-Territory,変態王子と笑わない猫。,2,,その他,C-Territory,0,1,PSP
2013-10-31,QuinRose,新装版 ハートの国のアリス 〜Wonderful Wonder World〜,2,,その他,QuinRose,0,1,PSP
2013-10-31,honeybee,青春はじめました!,2,,その他,honeybee,0,1,PSP
2013-11-07,アイディアファクトリー,Glass Heart Princess:PLATINUM,2,,その他,アイディアファクトリー,0,1,PSP
2013-11-14,コンフォート,アルカナ・ファミリア2,2,,その他,コンフォート,0,1,PSP
2013-11-14,バンダイナムコゲームス,ゴッドイーター2,2,,その他,バンダイナムコゲームス,0,1,PSP
2013-11-14,コナミデジタルエンタテインメント,ワールドサッカー ウイニングイレブン 2014Pro Evolution Soccer 2014,2,,その他,コナミデジタルエンタテインメント,0,1,PSP
2013-11-14,QuinRose,死神所業〜怪談ロマンス〜,2,,その他,QuinRose,0,1,PSP
2013-11-21,アイディアファクトリー,スノウ・バウンド・ランド,2,,その他,アイディアファクトリー,0,1,PSP
2013-11-21,5pb.,花咲くまにまに,2,,その他,5pb.,0,1,PSP
2013-11-28,アルケミスト,your diary＋,2,,その他,アルケミスト,0,1,PSP
2013-11-28,けろ枕,向日葵の教会と長い夏休み ‐extra vacation‐,2,,その他,けろ枕,0,1,PSP
2013-12-19,アルケミスト,俺の彼女のウラオモテ 〜Pure Sweet Heart〜,2,,その他,アルケミスト,0,1,PSP
2013-12-19,QuinRose,大正鬼譚,2,,その他,QuinRose,0,1,PSP
2013-12-19,TAKUYO,月影の鎖 ‐狂爛モラトリアム‐,2,,その他,TAKUYO,0,1,PSP
2013-12-26,アイディアファクトリー,ジュエリック・ナイトメア,2,,その他,アイディアファクトリー,0,1,PSP
2014-01-09,honeybee,部活彼氏シリーズ 放課後colorful＊step〜うんどうぶ!〜,2,,その他,honeybee,0,1,PSP
2014-01-16,プロトタイプ,蝶の毒 華の鎖 〜大正艶恋異聞〜,2,,その他,プロトタイプ,0,1,PSP
2014-01-23,アイディアファクトリー,-8（マイナスエイト）,2,,その他,アイディアファクトリー,0,1,PSP
2014-01-23,システムソフト・アルファー,戦極姫4〜争覇百計、花守る誓い〜,2,,その他,システムソフト・アルファー,0,1,PSP
2014-01-23,コーエーテクモゲームス,金色のコルダ3 Another Sky feat. 神南,2,,その他,コーエーテクモゲームス,0,1,PSP
2014-01-30,QuinRose,アラビアンズ・ダウト,2,,その他,QuinRose,0,1,PSP
2014-01-30,アルケミスト,スズノネセブン! Portable,2,,その他,アルケミスト,0,1,PSP
2014-01-30,アイディアファクトリー,忍び、恋うつつ,2,,その他,アイディアファクトリー,0,1,PSP
2014-02-13,noctiluca,あかやあかしやあやかしの,2,,その他,noctiluca,0,1,PSP
2014-02-27,アスガルド,いざ、出陣! 恋戦 第二幕〜甲斐編〜,2,,その他,アスガルド,0,1,PSP
2014-02-27,アスガルド,いざ、出陣! 恋戦 第二幕〜越後編〜,2,,その他,アスガルド,0,1,PSP
2014-02-27,コーエーテクモゲームス,下天の華 夢灯り,2,,その他,コーエーテクモゲームス,0,1,PSP
2014-02-27,ヒューネックス,大正メビウスライン PORTABLE,2,,その他,ヒューネックス,0,1,PSP
2014-02-27,マーベラスAQL,幕末Rock,2,,その他,マーベラスAQL,0,1,PSP
2014-02-27,ライアーソフト,紫影のソナーニル Refrain -What a beautiful memories-,2,,その他,ライアーソフト,0,1,PSP
2014-02-27,QuinRose,里見八犬伝〜八珠之記〜,2,,その他,QuinRose,0,1,PSP
2014-03-20,コナミデジタルエンタテインメント,プロ野球スピリッツ2014,2,,その他,コナミデジタルエンタテインメント,0,1,PSP
2014-03-20,ヒューネックス,越えざるは紅い花 〜大河は未来を紡ぐ〜,2,,その他,ヒューネックス,0,1,PSP
2014-03-27,QuinRose,ロミオ＆ジュリエット,2,,その他,QuinRose,0,1,PSP
2014-03-27,コーエーテクモゲームス,金色のコルダ3 AnotherSky feat.至誠館,2,,その他,コーエーテクモゲームス,0,1,PSP
2014-04-10,honeybee,部活彼氏シリーズ 放課後colorful＊step〜ぶんかぶ!〜,2,,その他,honeybee,0,1,PSP
2014-04-17,プロトタイプ,Rewrite,2,,その他,プロトタイプ,0,1,PSP
2014-04-17,アイディアファクトリー,十三支演義 偃月三国伝2,2,,その他,アイディアファクトリー,0,1,PSP
2014-04-24,アイディアファクトリー,クロノスタシア,2,,その他,アイディアファクトリー,0,1,PSP
2014-04-24,QuinRose,黒雪姫〜スノウ・ブラック〜,2,,その他,QuinRose,0,1,PSP
2014-05-22,コナミデジタルエンタテインメント,ワールドサッカー ウイニングイレブン 2014 蒼き侍の挑戦,2,,その他,コナミデジタルエンタテインメント,0,1,PSP
2014-05-29,ネットレヴォ,もっと姉、ちゃんとしようよっ! +PLUS,2,,その他,ネットレヴォ,0,1,PSP
2014-05-29,QuinRose,ハートの国のアリス 〜Wonderful Twin World〜,2,,その他,QuinRose,0,1,PSP
2014-06-26,QuinRose,BLACK CODE ブラック・コード,2,,その他,QuinRose,0,1,PSP
2014-07-31,アイディアファクトリー,Enkeltbillet（エンケルトビレット）,2,,その他,アイディアファクトリー,0,1,PSP
2014-07-31,システムソフト・アルファー,大戦略 大東亜興亡史 第二次世界大戦勃発! 枢軸軍対連合軍 全世界戦,2,,その他,システムソフト・アルファー,0,1,PSP
2014-07-31,QuinRose,魔女王,2,,その他,QuinRose,0,1,PSP
2014-08-07,アイディアファクトリー,裏語 薄桜鬼 〜暁の調べ〜,2,,その他,アイディアファクトリー,0,1,PSP
2014-08-28,コーエーテクモゲームス,討鬼伝 極,2,,その他,コーエーテクモゲームス,0,1,PSP
2014-09-25,マーベラス,幕末Rock 超魂,2,,その他,マーベラス,0,1,PSP
2014-09-25,QuinRose,里見八犬伝 浜路姫之記,2,,その他,QuinRose,0,1,PSP
2014-09-25,コーエーテクモゲームス,金色のコルダ3 Another Sky feat. 天音学園,2,,その他,コーエーテクモゲームス,0,1,PSP
2014-10-09,プロトタイプ,FLOWERS -Le volume sur printemps-,2,,その他,プロトタイプ,0,1,PSP
2014-10-23,ヒューネックス,プリPia 〜プリンスPiaキャロット〜,2,,その他,ヒューネックス,0,1,PSP
2014-10-30,プロトタイプ,グリザイアの迷宮 -LE LABYRINTHE DE LA GRISAIA-,2,,その他,プロトタイプ,0,1,PSP
2014-10-30,QuinRose,大正鬼譚 〜言ノ葉櫻〜,2,,その他,QuinRose,0,1,PSP
2014-10-30,アイディアファクトリー,学園K ‐Wonderful School Days‐,2,,その他,アイディアファクトリー,0,1,PSP
2014-11-20,花梨シャノアールオメガ,オメルタ 〜沈黙の掟〜 THE LEGACY,2,,その他,花梨シャノアールオメガ,0,1,PSP
2014-11-20,QuinRose,マーメイド・ゴシック,2,,その他,QuinRose,0,1,PSP
2014-12-04,QuinRose,黒雪姫 〜スノウ・マジック〜,2,,その他,QuinRose,0,1,PSP
2014-12-11,プロトタイプ,グリザイアの楽園 －LE EDEN DE LA GRISAIA－,2,,その他,プロトタイプ,0,1,PSP
2014-12-18,QuinRose,新装版 クローバーの国のアリス 〜Wonderful Wonder World〜,2,,その他,QuinRose,0,1,PSP
2015-01-22,estciel,カレイドイヴ,2,,その他,estciel,0,1,PSP
2015-01-22,コナミデジタルエンタテインメント,遊☆戯☆王アーク・ファイブ TAGFORCE SPECIAL,2,,その他,コナミデジタルエンタテインメント,0,1,PSP
2015-01-22,QuinRose,里見八犬伝 村雨丸之記,2,,その他,QuinRose,0,1,PSP
2015-03-12,ブロッコリー,うたの☆プリンスさまっ♪All Star After Secret,2,,その他,ブロッコリー,0,1,PSP
2015-03-12,コーエーテクモゲームス,遙かなる時空の中で6,2,,その他,コーエーテクモゲームス,0,1,PSP
2015-03-26,ムービック,宵夜森ノ姫,2,,その他,ムービック,0,1,PSP
2015-04-23,プロトタイプ,学園ヘブン2 〜DOUBLESCRAMBLE!〜,2,,その他,プロトタイプ,0,1,PSP
2015-04-23,ブロッコリー,明治東亰恋伽 トワヰライト・キス,2,,その他,ブロッコリー,0,1,PSP
2015-10-22,プロトタイプ,FLOWERS夏篇,2,,その他,プロトタイプ,0,1,PSP
2015-12-17,コーエーテクモゲームス,アンジェリーク ルトゥール,2,,その他,コーエーテクモゲームス,0,1,PSP
2015-12-23,プロトタイプ,ヴァルプルガの詩,2,,その他,プロトタイプ,0,1,PSP
2016-02-04,プロトタイプ,三国恋戦記〜思いでがえし〜CS Edition,2,,その他,プロトタイプ,0,1,PSP
2016-04-21,ブロッコリー,神々の悪戯(あそび) InFinite,2,,その他,ブロッコリー,0,1,PSP
