release_date,title,publisher,rating_scheme,rating,source_url
2023-01-05,Crime Secrets: 新紅色のユリ,Artifex Mundi,IARC,16+,https://ja.wikipedia.org/wiki/Nintendo_Switch%E3%81%AE%E3%82%B2%E3%83%BC%E3%83%A0%E3%82%BF%E3%82%A4%E3%83%88%E3%83%AB%E4%B8%80%E8%A6%A7_%282023%E5%B9%B4%29
2023-01-05,Blind Postman,DillyFrame,IARC,3+,https://ja.wikipedia.org/wiki/Nintendo_Switch%E3%81%AE%E3%82%B2%E3%83%BC%E3%83%A0%E3%82%BF%E3%82%A4%E3%83%88%E3%83%AB%E4%B8%80%E8%A6%A7_%282023%E5%B9%B4%29
2023-01-05,| Kawaii Slime Arena,eastasiasoft,IARC,12+,https://ja.wikipedia.org/wiki/Nintendo_Switch%E3%81%AE%E3%82%B2%E3%83%BC%E3%83%A0%E3%82%BF%E3%82%A4%E3%83%88%E3%83%AB%E4%B8%80%E8%A6%A7_%282023%E5%B9%B4%29
2023-01-05,エイジ・オブ・ヒーローズ:始まりの章,Green Sauce Games,IARC,3+,https://ja.wikipedia.org/wiki/Nintendo_Switch%E3%81%AE%E3%82%B2%E3%83%BC%E3%83%A0%E3%82%BF%E3%82%A4%E3%83%88%E3%83%AB%E4%B8%80%E8%A6%A7_%282023%E5%B9%B4%29
2023-01-05,ヘビゲーム,Peaksel,IARC,3+,https://ja.wikipedia.org/wiki/Nintendo_Switch%E3%81%AE%E3%82%B2%E3%83%BC%E3%83%A0%E3%82%BF%E3%82%A4%E3%83%88%E3%83%AB%E4%B8%80%E8%A6%A7_%282023%E5%B9%B4%29
2023-01-05,Lost Snowmen,Silen Games,IARC,3+,https://ja.wikipedia.org/wiki/Nintendo_Switch%E3%81%AE%E3%82%B2%E3%83%BC%E3%83%A0%E3%82%BF%E3%82%A4%E3%83%88%E3%83%AB%E4%B8%80%E8%A6%A7_%282023%E5%B9%B4%29
2023-01-05,チェスロイヤル,Silesia Games,IARC,3+,https://ja.wikipedia.org/wiki/Nintendo_Switch%E3%81%AE%E3%82%B2%E3%83%BC%E3%83%A0%E3%82%BF%E3%82%A4%E3%83%88%E3%83%AB%E4%B8%80%E8%A6%A7_%282023%E5%B9%B4%29
2023-01-05,Infected Run to Survive: Zombie Apocalypse Survival Story Shooter Dead Cry,VG Games,IARC,12+,https://ja.wikipedia.org/wiki/Nintendo_Switch%E3%81%AE%E3%82%B2%E3%83%BC%E3%83%A0%E3%82%BF%E3%82%A4%E3%83%88%E3%83%AB%E4%B8%80%E8%A6%A7_%282023%E5%B9%B4%29
2023-01-05,Backpack Twins,あまた,IARC,16+,https://ja.wikipedia.org/wiki/Nintendo_Switch%E3%81%AE%E3%82%B2%E3%83%BC%E3%83%A0%E3%82%BF%E3%82%A4%E3%83%88%E3%83%AB%E4%B8%80%E8%A6%A7_%282023%E5%B9%B4%29
2023-01-05,Elta7,ブルースピードスタジオ,IARC,3+,https://ja.wikipedia.org/wiki/Nintendo_Switch%E3%81%AE%E3%82%B2%E3%83%BC%E3%83%A0%E3%82%BF%E3%82%A4%E3%83%88%E3%83%AB%E4%B8%80%E8%A6%A7_%282023%E5%B9%B4%29
2023-01-06,Soulsland 「ソウルランド」,Nerd Games,IARC,12+,https://ja.wikipedia.org/wiki/Nintendo_Switch%E3%81%AE%E3%82%B2%E3%83%BC%E3%83%A0%E3%82%BF%E3%82%A4%E3%83%88%E3%83%AB%E4%B8%80%E8%A6%A7_%282023%E5%B9%B4%29
2023-01-12,サイレンタウンの子供たち Children of Silentown,Daedalic Entertainment,IARC,7+,https://ja.wikipedia.org/wiki/Nintendo_Switch%E3%81%AE%E3%82%B2%E3%83%BC%E3%83%A0%E3%82%BF%E3%82%A4%E3%83%88%E3%83%AB%E4%B8%80%E8%A6%A7_%282023%E5%B9%B4%29
2023-01-12,Fight of Steel: Infinity Warrior,Digital Crafter,IARC,3+,https://ja.wikipedia.org/wiki/Nintendo_Switch%E3%81%AE%E3%82%B2%E3%83%BC%E3%83%A0%E3%82%BF%E3%82%A4%E3%83%88%E3%83%AB%E4%B8%80%E8%A6%A7_%282023%E5%B9%B4%29
2023-01-12,Rush Rally Origins,eastasiasoft,CERO,A,https://ja.wikipedia.org/wiki/Nintendo_Switch%E3%81%AE%E3%82%B2%E3%83%BC%E3%83%A0%E3%82%BF%E3%82%A4%E3%83%88%E3%83%AB%E4%B8%80%E8%A6%A7_%282023%E5%B9%B4%29
2023-01-12,ムーンライダー:ガーディアンの逆襲,H2 INTERACTIVE,IARC,16+,https://ja.wikipedia.org/wiki/Nintendo_Switch%E3%81%AE%E3%82%B2%E3%83%BC%E3%83%A0%E3%82%BF%E3%82%A4%E3%83%88%E3%83%AB%E4%B8%80%E8%A6%A7_%282023%E5%B9%B4%29
2023-01-12,ドラゴノーカ,PLAYISM,IARC,16+,https://ja.wikipedia.org/wiki/Nintendo_Switch%E3%81%AE%E3%82%B2%E3%83%BC%E3%83%A0%E3%82%BF%E3%82%A4%E3%83%88%E3%83%AB%E4%B8%80%E8%A6%A7_%282023%E5%B9%B4%29
2023-01-12,Breakers Collection,QUByte Interactive,IARC,7+,https://ja.wikipedia.org/wiki/Nintendo_Switch%E3%81%AE%E3%82%B2%E3%83%BC%E3%83%A0%E3%82%BF%E3%82%A4%E3%83%88%E3%83%AB%E4%B8%80%E8%A6%A7_%282023%E5%B9%B4%29
2023-01-12,フューリーファイト:ギャングスタシティ,RedDeerGames,IARC,12+,https://ja.wikipedia.org/wiki/Nintendo_Switch%E3%81%AE%E3%82%B2%E3%83%BC%E3%83%A0%E3%82%BF%E3%82%A4%E3%83%88%E3%83%AB%E4%B8%80%E8%A6%A7_%282023%E5%B9%B4%29
2023-01-12,地下ダンジョン,RedDeerGames,IARC,16+,https://ja.wikipedia.org/wiki/Nintendo_Switch%E3%81%AE%E3%82%B2%E3%83%BC%E3%83%A0%E3%82%BF%E3%82%A4%E3%83%88%E3%83%AB%E4%B8%80%E8%A6%A7_%282023%E5%B9%B4%29
2023-01-12,ロミャオ:ひび割れた世界で,Silesia Games,IARC,3+,https://ja.wikipedia.org/wiki/Nintendo_Switch%E3%81%AE%E3%82%B2%E3%83%BC%E3%83%A0%E3%82%BF%E3%82%A4%E3%83%88%E3%83%AB%E4%B8%80%E8%A6%A7_%282023%E5%B9%B4%29
2023-01-12,Sunwards,xiaoxiao,IARC,12+,https://ja.wikipedia.org/wiki/Nintendo_Switch%E3%81%AE%E3%82%B2%E3%83%BC%E3%83%A0%E3%82%BF%E3%82%A4%E3%83%88%E3%83%AB%E4%B8%80%E8%A6%A7_%282023%E5%B9%B4%29
2023-01-12,Yeah!ファイティングガール,xiaoxiao,IARC,12+,https://ja.wikipedia.org/wiki/Nintendo_Switch%E3%81%AE%E3%82%B2%E3%83%BC%E3%83%A0%E3%82%BF%E3%82%A4%E3%83%88%E3%83%AB%E4%B8%80%E8%A6%A7_%282023%E5%B9%B4%29
2023-01-12,ニコリのパズルS へやわけ,ハムスター,IARC,3+,https://ja.wikipedia.org/wiki/Nintendo_Switch%E3%81%AE%E3%82%B2%E3%83%BC%E3%83%A0%E3%82%BF%E3%82%A4%E3%83%88%E3%83%AB%E4%B8%80%E8%A6%A7_%282023%E5%B9%B4%29
2023-01-12,Chasing Static,ラタライカゲームス,IARC,16+,https://ja.wikipedia.org/wiki/Nintendo_Switch%E3%81%AE%E3%82%B2%E3%83%BC%E3%83%A0%E3%82%BF%E3%82%A4%E3%83%88%E3%83%AB%E4%B8%80%E8%A6%A7_%282023%E5%B9%B4%29
2023-01-12,お名前なんだっけ? －大人も子供もかんたん楽しい名前当てクイズゲーム－,東京通信,IARC,12+,https://ja.wikipedia.org/wiki/Nintendo_Switch%E3%81%AE%E3%82%B2%E3%83%BC%E3%83%A0%E3%82%BF%E3%82%A4%E3%83%88%E3%83%AB%E4%B8%80%E8%A6%A7_%282023%E5%B9%B4%29
2023-01-12,理想と現実の差 －女子ギャップあるあるオトナラブコメイラストゲーム－,東京通信,IARC,12+,https://ja.wikipedia.org/wiki/Nintendo_Switch%E3%81%AE%E3%82%B2%E3%83%BC%E3%83%A0%E3%82%BF%E3%82%A4%E3%83%88%E3%83%AB%E4%B8%80%E8%A6%A7_%282023%E5%B9%B4%29
2023-01-13,ET VARGINHA,Nerd Games,IARC,7+,https://ja.wikipedia.org/wiki/Nintendo_Switch%E3%81%AE%E3%82%B2%E3%83%BC%E3%83%A0%E3%82%BF%E3%82%A4%E3%83%88%E3%83%AB%E4%B8%80%E8%A6%A7_%282023%E5%B9%B4%29
2023-01-13,Memorrha,StickyStoneStudio,IARC,3+,https://ja.wikipedia.org/wiki/Nintendo_Switch%E3%81%AE%E3%82%B2%E3%83%BC%E3%83%A0%E3%82%BF%E3%82%A4%E3%83%88%E3%83%AB%E4%B8%80%E8%A6%A7_%282023%E5%B9%B4%29
2023-01-19,スマイルモ,CFK,IARC,7+,https://ja.wikipedia.org/wiki/Nintendo_Switch%E3%81%AE%E3%82%B2%E3%83%BC%E3%83%A0%E3%82%BF%E3%82%A4%E3%83%88%E3%83%AB%E4%B8%80%E8%A6%A7_%282023%E5%B9%B4%29
2023-01-19,A Matter of Principle,DillyFrame,IARC,16+,https://ja.wikipedia.org/wiki/Nintendo_Switch%E3%81%AE%E3%82%B2%E3%83%BC%E3%83%A0%E3%82%BF%E3%82%A4%E3%83%88%E3%83%AB%E4%B8%80%E8%A6%A7_%282023%E5%B9%B4%29
2023-01-19,Wings of Bluestar,eastasiasoft,IARC,12+,https://ja.wikipedia.org/wiki/Nintendo_Switch%E3%81%AE%E3%82%B2%E3%83%BC%E3%83%A0%E3%82%BF%E3%82%A4%E3%83%88%E3%83%AB%E4%B8%80%E8%A6%A7_%282023%E5%B9%B4%29
2023-01-19,Rubber Bandits,Flashbulb,IARC,7+,https://ja.wikipedia.org/wiki/Nintendo_Switch%E3%81%AE%E3%82%B2%E3%83%BC%E3%83%A0%E3%82%BF%E3%82%A4%E3%83%88%E3%83%AB%E4%B8%80%E8%A6%A7_%282023%E5%B9%B4%29
2023-01-19,ドーナツ・ドド,Flynn's Arcade,IARC,7+,https://ja.wikipedia.org/wiki/Nintendo_Switch%E3%81%AE%E3%82%B2%E3%83%BC%E3%83%A0%E3%82%BF%E3%82%A4%E3%83%88%E3%83%AB%E4%B8%80%E8%A6%A7_%282023%E5%B9%B4%29
2023-01-19,Critical Zone,KORION,IARC,7+,https://ja.wikipedia.org/wiki/Nintendo_Switch%E3%81%AE%E3%82%B2%E3%83%BC%E3%83%A0%E3%82%BF%E3%82%A4%E3%83%88%E3%83%AB%E4%B8%80%E8%A6%A7_%282023%E5%B9%B4%29
2023-01-19,困った社員ちゃん －会社あるあるゆとりさとりZなイラストクイズ－,MASK,IARC,12+,https://ja.wikipedia.org/wiki/Nintendo_Switch%E3%81%AE%E3%82%B2%E3%83%BC%E3%83%A0%E3%82%BF%E3%82%A4%E3%83%88%E3%83%AB%E4%B8%80%E8%A6%A7_%282023%E5%B9%B4%29
2023-01-19,Car Parking Multiplayer,Olzhass Games,IARC,3+,https://ja.wikipedia.org/wiki/Nintendo_Switch%E3%81%AE%E3%82%B2%E3%83%BC%E3%83%A0%E3%82%BF%E3%82%A4%E3%83%88%E3%83%AB%E4%B8%80%E8%A6%A7_%282023%E5%B9%B4%29
2023-01-19,Graze Counter GM,Sanuk,IARC,7+,https://ja.wikipedia.org/wiki/Nintendo_Switch%E3%81%AE%E3%82%B2%E3%83%BC%E3%83%A0%E3%82%BF%E3%82%A4%E3%83%88%E3%83%AB%E4%B8%80%E8%A6%A7_%282023%E5%B9%B4%29
2023-01-19,スライドストーリー ネコジャーニー,Silesia Games,IARC,3+,https://ja.wikipedia.org/wiki/Nintendo_Switch%E3%81%AE%E3%82%B2%E3%83%BC%E3%83%A0%E3%82%BF%E3%82%A4%E3%83%88%E3%83%AB%E4%B8%80%E8%A6%A7_%282023%E5%B9%B4%29
2023-01-19,Minimal Move,TakoStudio,IARC,3+,https://ja.wikipedia.org/wiki/Nintendo_Switch%E3%81%AE%E3%82%B2%E3%83%BC%E3%83%A0%E3%82%BF%E3%82%A4%E3%83%88%E3%83%AB%E4%B8%80%E8%A6%A7_%282023%E5%B9%B4%29
2023-01-19,Counter Bottle Shooter-Pro Aim Master Target Bottle Shoot 3D Game Strike Pistol,VG Games,IARC,3+,https://ja.wikipedia.org/wiki/Nintendo_Switch%E3%81%AE%E3%82%B2%E3%83%BC%E3%83%A0%E3%82%BF%E3%82%A4%E3%83%88%E3%83%AB%E4%B8%80%E8%A6%A7_%282023%E5%B9%B4%29
2023-01-19,ラストコマンド,Winking,IARC,3+,https://ja.wikipedia.org/wiki/Nintendo_Switch%E3%81%AE%E3%82%B2%E3%83%BC%E3%83%A0%E3%82%BF%E3%82%A4%E3%83%88%E3%83%AB%E4%B8%80%E8%A6%A7_%282023%E5%B9%B4%29
2023-01-19,ペルソナ3 ポータブル,アトラス,CERO,C,https://ja.wikipedia.org/wiki/Nintendo_Switch%E3%81%AE%E3%82%B2%E3%83%BC%E3%83%A0%E3%82%BF%E3%82%A4%E3%83%88%E3%83%AB%E4%B8%80%E8%A6%A7_%282023%E5%B9%B4%29
2023-01-19,ペルソナ4 ザ・ゴールデン,不明,"","",https://ja.wikipedia.org/wiki/Nintendo_Switch%E3%81%AE%E3%82%B2%E3%83%BC%E3%83%A0%E3%82%BF%E3%82%A4%E3%83%88%E3%83%AB%E4%B8%80%E8%A6%A7_%282023%E5%B9%B4%29
2023-01-19,真夜中のかんしょく,レジスタ,CERO,A,https://ja.wikipedia.org/wiki/Nintendo_Switch%E3%81%AE%E3%82%B2%E3%83%BC%E3%83%A0%E3%82%BF%E3%82%A4%E3%83%88%E3%83%AB%E4%B8%80%E8%A6%A7_%282023%E5%B9%B4%29
2023-01-19,絶体絶命からの脱出 －謎解きクイズイラスト推理ミステリーゲーム－,東京通信,IARC,12+,https://ja.wikipedia.org/wiki/Nintendo_Switch%E3%81%AE%E3%82%B2%E3%83%BC%E3%83%A0%E3%82%BF%E3%82%A4%E3%83%88%E3%83%AB%E4%B8%80%E8%A6%A7_%282023%E5%B9%B4%29
2023-01-20,Demon Hunter: 新章,Artifex Mundi,IARC,12+,https://ja.wikipedia.org/wiki/Nintendo_Switch%E3%81%AE%E3%82%B2%E3%83%BC%E3%83%A0%E3%82%BF%E3%82%A4%E3%83%88%E3%83%AB%E4%B8%80%E8%A6%A7_%282023%E5%B9%B4%29
2023-01-20,Trenches,ラタライカゲームス,IARC,16+,https://ja.wikipedia.org/wiki/Nintendo_Switch%E3%81%AE%E3%82%B2%E3%83%BC%E3%83%A0%E3%82%BF%E3%82%A4%E3%83%88%E3%83%AB%E4%B8%80%E8%A6%A7_%282023%E5%B9%B4%29
2023-01-26,Uphill Rush Water Park Racing,7Levels,IARC,3+,https://ja.wikipedia.org/wiki/Nintendo_Switch%E3%81%AE%E3%82%B2%E3%83%BC%E3%83%A0%E3%82%BF%E3%82%A4%E3%83%88%E3%83%AB%E4%B8%80%E8%A6%A7_%282023%E5%B9%B4%29
2023-01-26,South of the Circle,11 bit studios,IARC,16+,https://ja.wikipedia.org/wiki/Nintendo_Switch%E3%81%AE%E3%82%B2%E3%83%BC%E3%83%A0%E3%82%BF%E3%82%A4%E3%83%88%E3%83%AB%E4%B8%80%E8%A6%A7_%282023%E5%B9%B4%29
2023-01-26,Grammarian Ltd,ALGOROCKS,IARC,3+,https://ja.wikipedia.org/wiki/Nintendo_Switch%E3%81%AE%E3%82%B2%E3%83%BC%E3%83%A0%E3%82%BF%E3%82%A4%E3%83%88%E3%83%AB%E4%B8%80%E8%A6%A7_%282023%E5%B9%B4%29
2023-01-26,Clunky Hero,Chaosmonger Studio,IARC,12+,https://ja.wikipedia.org/wiki/Nintendo_Switch%E3%81%AE%E3%82%B2%E3%83%BC%E3%83%A0%E3%82%BF%E3%82%A4%E3%83%88%E3%83%AB%E4%B8%80%E8%A6%A7_%282023%E5%B9%B4%29
2023-01-26,VELONE,Daedalic Entertainment,IARC,3+,https://ja.wikipedia.org/wiki/Nintendo_Switch%E3%81%AE%E3%82%B2%E3%83%BC%E3%83%A0%E3%82%BF%E3%82%A4%E3%83%88%E3%83%AB%E4%B8%80%E8%A6%A7_%282023%E5%B9%B4%29
2023-01-26,Chain Car Stunt Simulator - 3D Extreme Highway Car Driving Games,DEZVOLT GAMES,IARC,3+,https://ja.wikipedia.org/wiki/Nintendo_Switch%E3%81%AE%E3%82%B2%E3%83%BC%E3%83%A0%E3%82%BF%E3%82%A4%E3%83%88%E3%83%AB%E4%B8%80%E8%A6%A7_%282023%E5%B9%B4%29
2023-01-26,Cubic Light,DillyFrame,IARC,3+,https://ja.wikipedia.org/wiki/Nintendo_Switch%E3%81%AE%E3%82%B2%E3%83%BC%E3%83%A0%E3%82%BF%E3%82%A4%E3%83%88%E3%83%AB%E4%B8%80%E8%A6%A7_%282023%E5%B9%B4%29
2023-01-26,Sissa's Path,eastasiasoft,IARC,3+,https://ja.wikipedia.org/wiki/Nintendo_Switch%E3%81%AE%E3%82%B2%E3%83%BC%E3%83%A0%E3%82%BF%E3%82%A4%E3%83%88%E3%83%AB%E4%B8%80%E8%A6%A7_%282023%E5%B9%B4%29
2023-01-26,Mars Base,Freedom Games,IARC,7+,https://ja.wikipedia.org/wiki/Nintendo_Switch%E3%81%AE%E3%82%B2%E3%83%BC%E3%83%A0%E3%82%BF%E3%82%A4%E3%83%88%E3%83%AB%E4%B8%80%E8%A6%A7_%282023%E5%B9%B4%29
2023-01-26,ハーレムガール:イザベラ,Gamuzumi,IARC,12+,https://ja.wikipedia.org/wiki/Nintendo_Switch%E3%81%AE%E3%82%B2%E3%83%BC%E3%83%A0%E3%82%BF%E3%82%A4%E3%83%88%E3%83%AB%E4%B8%80%E8%A6%A7_%282023%E5%B9%B4%29
2023-01-26,Ginnung,halvardo13,IARC,3+,https://ja.wikipedia.org/wiki/Nintendo_Switch%E3%81%AE%E3%82%B2%E3%83%BC%E3%83%A0%E3%82%BF%E3%82%A4%E3%83%88%E3%83%AB%E4%B8%80%E8%A6%A7_%282023%E5%B9%B4%29
2023-01-26,Santa Claus Goblins Attack,Isaias Game Dev,IARC,3+,https://ja.wikipedia.org/wiki/Nintendo_Switch%E3%81%AE%E3%82%B2%E3%83%BC%E3%83%A0%E3%82%BF%E3%82%A4%E3%83%88%E3%83%AB%E4%B8%80%E8%A6%A7_%282023%E5%B9%B4%29
2023-01-26,Dobby×Escape: スプーキーアドベンチャー,LKMAD,IARC,3+,https://ja.wikipedia.org/wiki/Nintendo_Switch%E3%81%AE%E3%82%B2%E3%83%BC%E3%83%A0%E3%82%BF%E3%82%A4%E3%83%88%E3%83%AB%E4%B8%80%E8%A6%A7_%282023%E5%B9%B4%29
2023-01-26,人の心が読める心理学 －イラストで学べる深層心理人の心動物ペット心理イラストクイズ－,MASK,IARC,16+,https://ja.wikipedia.org/wiki/Nintendo_Switch%E3%81%AE%E3%82%B2%E3%83%BC%E3%83%A0%E3%82%BF%E3%82%A4%E3%83%88%E3%83%AB%E4%B8%80%E8%A6%A7_%282023%E5%B9%B4%29
2023-01-26,Tales of Shinobi Fantasy Magic Anime World Fight RPG Simulator,Midnight Works,IARC,7+,https://ja.wikipedia.org/wiki/Nintendo_Switch%E3%81%AE%E3%82%B2%E3%83%BC%E3%83%A0%E3%82%BF%E3%82%A4%E3%83%88%E3%83%AB%E4%B8%80%E8%A6%A7_%282023%E5%B9%B4%29
2023-01-26,Roller Drama,Open Lab,IARC,12+,https://ja.wikipedia.org/wiki/Nintendo_Switch%E3%81%AE%E3%82%B2%E3%83%BC%E3%83%A0%E3%82%BF%E3%82%A4%E3%83%88%E3%83%AB%E4%B8%80%E8%A6%A7_%282023%E5%B9%B4%29
2023-01-26,7 Days to End with You,PLAYISM,IARC,12+,https://ja.wikipedia.org/wiki/Nintendo_Switch%E3%81%AE%E3%82%B2%E3%83%BC%E3%83%A0%E3%82%BF%E3%82%A4%E3%83%88%E3%83%AB%E4%B8%80%E8%A6%A7_%282023%E5%B9%B4%29
2023-01-26,nOS ニューオペレーティングシステム,RedDeerGames,IARC,3+,https://ja.wikipedia.org/wiki/Nintendo_Switch%E3%81%AE%E3%82%B2%E3%83%BC%E3%83%A0%E3%82%BF%E3%82%A4%E3%83%88%E3%83%AB%E4%B8%80%E8%A6%A7_%282023%E5%B9%B4%29
2023-01-26,ゾディアキャッツ,Silesia Games,IARC,3+,https://ja.wikipedia.org/wiki/Nintendo_Switch%E3%81%AE%E3%82%B2%E3%83%BC%E3%83%A0%E3%82%BF%E3%82%A4%E3%83%88%E3%83%AB%E4%B8%80%E8%A6%A7_%282023%E5%B9%B4%29
2023-01-26,PIPELINE PANIC,SOFT SOURCE,IARC,3+,https://ja.wikipedia.org/wiki/Nintendo_Switch%E3%81%AE%E3%82%B2%E3%83%BC%E3%83%A0%E3%82%BF%E3%82%A4%E3%83%88%E3%83%AB%E4%B8%80%E8%A6%A7_%282023%E5%B9%B4%29
2023-01-26,Magic Klondike,Soroka Games,IARC,3+,https://ja.wikipedia.org/wiki/Nintendo_Switch%E3%81%AE%E3%82%B2%E3%83%BC%E3%83%A0%E3%82%BF%E3%82%A4%E3%83%88%E3%83%AB%E4%B8%80%E8%A6%A7_%282023%E5%B9%B4%29
2023-01-26,Color Grid カラーグリッド,ハイブリッド・スクアード,IARC,3+,https://ja.wikipedia.org/wiki/Nintendo_Switch%E3%81%AE%E3%82%B2%E3%83%BC%E3%83%A0%E3%82%BF%E3%82%A4%E3%83%88%E3%83%AB%E4%B8%80%E8%A6%A7_%282023%E5%B9%B4%29
2023-01-26,オッドボーラーズ,ユービーアイソフト,CERO,A,https://ja.wikipedia.org/wiki/Nintendo_Switch%E3%81%AE%E3%82%B2%E3%83%BC%E3%83%A0%E3%82%BF%E3%82%A4%E3%83%88%E3%83%AB%E4%B8%80%E8%A6%A7_%282023%E5%B9%B4%29
2023-01-26,ヤミコレ 量産型ヤミカノコレクション －ドキッと胸キュン地雷系ヤンデレ女子恋愛ギャルゲー－,東京通信,IARC,16+,https://ja.wikipedia.org/wiki/Nintendo_Switch%E3%81%AE%E3%82%B2%E3%83%BC%E3%83%A0%E3%82%BF%E3%82%A4%E3%83%88%E3%83%AB%E4%B8%80%E8%A6%A7_%282023%E5%B9%B4%29
2023-01-26,歪んだ日々のサイコホラー －意味がわかると怖い妖怪都市伝説ミステリー－,東京通信,IARC,12+,https://ja.wikipedia.org/wiki/Nintendo_Switch%E3%81%AE%E3%82%B2%E3%83%BC%E3%83%A0%E3%82%BF%E3%82%A4%E3%83%88%E3%83%AB%E4%B8%80%E8%A6%A7_%282023%E5%B9%B4%29
2023-01-27,不思議の国の夜:白ウサギの日記,ラタライカゲームス,IARC,12+,https://ja.wikipedia.org/wiki/Nintendo_Switch%E3%81%AE%E3%82%B2%E3%83%BC%E3%83%A0%E3%82%BF%E3%82%A4%E3%83%88%E3%83%AB%E4%B8%80%E8%A6%A7_%282023%E5%B9%B4%29
2023-01-31,Trek to Yomi,Devolver Digital,CERO,Z,https://ja.wikipedia.org/wiki/Nintendo_Switch%E3%81%AE%E3%82%B2%E3%83%BC%E3%83%A0%E3%82%BF%E3%82%A4%E3%83%88%E3%83%AB%E4%B8%80%E8%A6%A7_%282023%E5%B9%B4%29
2023-01-31,PowerWash Simulator,スクウェア・エニックス,CERO,A,https://ja.wikipedia.org/wiki/Nintendo_Switch%E3%81%AE%E3%82%B2%E3%83%BC%E3%83%A0%E3%82%BF%E3%82%A4%E3%83%88%E3%83%AB%E4%B8%80%E8%A6%A7_%282023%E5%B9%B4%29
2023-02-02,Hippo: 赤ずきんちゃん,17Studio,IARC,3+,https://ja.wikipedia.org/wiki/Nintendo_Switch%E3%81%AE%E3%82%B2%E3%83%BC%E3%83%A0%E3%82%BF%E3%82%A4%E3%83%88%E3%83%AB%E4%B8%80%E8%A6%A7_%282023%E5%B9%B4%29
2023-02-02,Words in Word,17Studio,IARC,3+,https://ja.wikipedia.org/wiki/Nintendo_Switch%E3%81%AE%E3%82%B2%E3%83%BC%E3%83%A0%E3%82%BF%E3%82%A4%E3%83%88%E3%83%AB%E4%B8%80%E8%A6%A7_%282023%E5%B9%B4%29
2023-02-02,勇者よ急げ!Brave's Rage,Astrolabe Games,IARC,3+,https://ja.wikipedia.org/wiki/Nintendo_Switch%E3%81%AE%E3%82%B2%E3%83%BC%E3%83%A0%E3%82%BF%E3%82%A4%E3%83%88%E3%83%AB%E4%B8%80%E8%A6%A7_%282023%E5%B9%B4%29
2023-02-02,Cooking Tycoons 3: 3 in 1 Bundle,Baltoro Games,IARC,3+,https://ja.wikipedia.org/wiki/Nintendo_Switch%E3%81%AE%E3%82%B2%E3%83%BC%E3%83%A0%E3%82%BF%E3%82%A4%E3%83%88%E3%83%AB%E4%B8%80%E8%A6%A7_%282023%E5%B9%B4%29
2023-02-02,Foxy's Coin Hunt,Gametry,IARC,7+,https://ja.wikipedia.org/wiki/Nintendo_Switch%E3%81%AE%E3%82%B2%E3%83%BC%E3%83%A0%E3%82%BF%E3%82%A4%E3%83%88%E3%83%AB%E4%B8%80%E8%A6%A7_%282023%E5%B9%B4%29
2023-02-02,Samurai Warrior,Gametry,IARC,16+,https://ja.wikipedia.org/wiki/Nintendo_Switch%E3%81%AE%E3%82%B2%E3%83%BC%E3%83%A0%E3%82%BF%E3%82%A4%E3%83%88%E3%83%AB%E4%B8%80%E8%A6%A7_%282023%E5%B9%B4%29
2023-02-02,サクラ・キューピッド 〜くらえ!愛の弾丸〜,Gamuzumi,IARC,16+,https://ja.wikipedia.org/wiki/Nintendo_Switch%E3%81%AE%E3%82%B2%E3%83%BC%E3%83%A0%E3%82%BF%E3%82%A4%E3%83%88%E3%83%AB%E4%B8%80%E8%A6%A7_%282023%E5%B9%B4%29
2023-02-02,Lone Ruin,H2 INTERACTIVE,IARC,3+,https://ja.wikipedia.org/wiki/Nintendo_Switch%E3%81%AE%E3%82%B2%E3%83%BC%E3%83%A0%E3%82%BF%E3%82%A4%E3%83%88%E3%83%AB%E4%B8%80%E8%A6%A7_%282023%E5%B9%B4%29
2023-02-02,Hyper Shapes,JanduSoft,IARC,3+,https://ja.wikipedia.org/wiki/Nintendo_Switch%E3%81%AE%E3%82%B2%E3%83%BC%E3%83%A0%E3%82%BF%E3%82%A4%E3%83%88%E3%83%AB%E4%B8%80%E8%A6%A7_%282023%E5%B9%B4%29
2023-02-02,青春恋愛しようよ -かんたん胸キュンラブコメ恋愛ゲーム-,MASK,IARC,12+,https://ja.wikipedia.org/wiki/Nintendo_Switch%E3%81%AE%E3%82%B2%E3%83%BC%E3%83%A0%E3%82%BF%E3%82%A4%E3%83%88%E3%83%AB%E4%B8%80%E8%A6%A7_%282023%E5%B9%B4%29
2023-02-02,大人の恋愛DX -かんたんオトナ向け乙女の恋愛ゲーム-,MASK,IARC,12+,https://ja.wikipedia.org/wiki/Nintendo_Switch%E3%81%AE%E3%82%B2%E3%83%BC%E3%83%A0%E3%82%BF%E3%82%A4%E3%83%88%E3%83%AB%E4%B8%80%E8%A6%A7_%282023%E5%B9%B4%29
2023-02-02,東京あるあるSHOW －みんなで楽しい上京物語イラストクイズ－,MASK,IARC,12+,https://ja.wikipedia.org/wiki/Nintendo_Switch%E3%81%AE%E3%82%B2%E3%83%BC%E3%83%A0%E3%82%BF%E3%82%A4%E3%83%88%E3%83%AB%E4%B8%80%E8%A6%A7_%282023%E5%B9%B4%29
2023-02-02,エクストリーム ハイウェイ レーシング:リアル スピード ドライバー,Megame,IARC,3+,https://ja.wikipedia.org/wiki/Nintendo_Switch%E3%81%AE%E3%82%B2%E3%83%BC%E3%83%A0%E3%82%BF%E3%82%A4%E3%83%88%E3%83%AB%E4%B8%80%E8%A6%A7_%282023%E5%B9%B4%29
2023-02-02,ブロックを解除:カジュアル ブロック パズル,Megame,IARC,3+,https://ja.wikipedia.org/wiki/Nintendo_Switch%E3%81%AE%E3%82%B2%E3%83%BC%E3%83%A0%E3%82%BF%E3%82%A4%E3%83%88%E3%83%AB%E4%B8%80%E8%A6%A7_%282023%E5%B9%B4%29
2023-02-02,病院での恐怖:エスケープ ホラー ストーリー,Megame,IARC,12+,https://ja.wikipedia.org/wiki/Nintendo_Switch%E3%81%AE%E3%82%B2%E3%83%BC%E3%83%A0%E3%82%BF%E3%82%A4%E3%83%88%E3%83%AB%E4%B8%80%E8%A6%A7_%282023%E5%B9%B4%29
2023-02-02,レッドハンズ 2-プレイヤーゲーム,Peaksel,IARC,3+,https://ja.wikipedia.org/wiki/Nintendo_Switch%E3%81%AE%E3%82%B2%E3%83%BC%E3%83%A0%E3%82%BF%E3%82%A4%E3%83%88%E3%83%AB%E4%B8%80%E8%A6%A7_%282023%E5%B9%B4%29
2023-02-02,DRAINUS -ドレイナス- （英語版）,PLAYISM,IARC,7+,https://ja.wikipedia.org/wiki/Nintendo_Switch%E3%81%AE%E3%82%B2%E3%83%BC%E3%83%A0%E3%82%BF%E3%82%A4%E3%83%88%E3%83%AB%E4%B8%80%E8%A6%A7_%282023%E5%B9%B4%29
2023-02-02,クィアの天文部,RedDeerGames,IARC,12+,https://ja.wikipedia.org/wiki/Nintendo_Switch%E3%81%AE%E3%82%B2%E3%83%BC%E3%83%A0%E3%82%BF%E3%82%A4%E3%83%88%E3%83%AB%E4%B8%80%E8%A6%A7_%282023%E5%B9%B4%29
2023-02-02,スポーツ&遊び 泳ぐ,RedDeerGames,IARC,3+,https://ja.wikipedia.org/wiki/Nintendo_Switch%E3%81%AE%E3%82%B2%E3%83%BC%E3%83%A0%E3%82%BF%E3%82%A4%E3%83%88%E3%83%AB%E4%B8%80%E8%A6%A7_%282023%E5%B9%B4%29
2023-02-02,チョークの庭,RedDeerGames,IARC,3+,https://ja.wikipedia.org/wiki/Nintendo_Switch%E3%81%AE%E3%82%B2%E3%83%BC%E3%83%A0%E3%82%BF%E3%82%A4%E3%83%88%E3%83%AB%E4%B8%80%E8%A6%A7_%282023%E5%B9%B4%29
2023-02-02,へんなのさがし,RedDeerGames,IARC,3+,https://ja.wikipedia.org/wiki/Nintendo_Switch%E3%81%AE%E3%82%B2%E3%83%BC%E3%83%A0%E3%82%BF%E3%82%A4%E3%83%88%E3%83%AB%E4%B8%80%E8%A6%A7_%282023%E5%B9%B4%29
2023-02-02,もふもふ大群,RedDeerGames,IARC,16+,https://ja.wikipedia.org/wiki/Nintendo_Switch%E3%81%AE%E3%82%B2%E3%83%BC%E3%83%A0%E3%82%BF%E3%82%A4%E3%83%88%E3%83%AB%E4%B8%80%E8%A6%A7_%282023%E5%B9%B4%29
2023-02-02,Rhythm Sprout,tinyBuild Games,IARC,3+,https://ja.wikipedia.org/wiki/Nintendo_Switch%E3%81%AE%E3%82%B2%E3%83%BC%E3%83%A0%E3%82%BF%E3%82%A4%E3%83%88%E3%83%AB%E4%B8%80%E8%A6%A7_%282023%E5%B9%B4%29
2023-02-02,Beholder,Toplitz Productions,IARC,16+,https://ja.wikipedia.org/wiki/Nintendo_Switch%E3%81%AE%E3%82%B2%E3%83%BC%E3%83%A0%E3%82%BF%E3%82%A4%E3%83%88%E3%83%AB%E4%B8%80%E8%A6%A7_%282023%E5%B9%B4%29
2023-02-02,Chasing Light,Vittgen,IARC,16+,https://ja.wikipedia.org/wiki/Nintendo_Switch%E3%81%AE%E3%82%B2%E3%83%BC%E3%83%A0%E3%82%BF%E3%82%A4%E3%83%88%E3%83%AB%E4%B8%80%E8%A6%A7_%282023%E5%B9%B4%29
2023-02-02,ジャンボ空港物語,カイロソフト,IARC,3+,https://ja.wikipedia.org/wiki/Nintendo_Switch%E3%81%AE%E3%82%B2%E3%83%BC%E3%83%A0%E3%82%BF%E3%82%A4%E3%83%88%E3%83%AB%E4%B8%80%E8%A6%A7_%282023%E5%B9%B4%29
2023-02-02,姉恋ごっこ - Siblings Role-play -,サイバーステップ,IARC,16+,https://ja.wikipedia.org/wiki/Nintendo_Switch%E3%81%AE%E3%82%B2%E3%83%BC%E3%83%A0%E3%82%BF%E3%82%A4%E3%83%88%E3%83%AB%E4%B8%80%E8%A6%A7_%282023%E5%B9%B4%29
2023-02-02,パズルボブル2X/バスト ア ムーブ2 アーケードエディション & パズルボブル3/バスト ア ムーブ3 Sトリビュート,シティコネクション,IARC,3+,https://ja.wikipedia.org/wiki/Nintendo_Switch%E3%81%AE%E3%82%B2%E3%83%BC%E3%83%A0%E3%82%BF%E3%82%A4%E3%83%88%E3%83%AB%E4%B8%80%E8%A6%A7_%282023%E5%B9%B4%29
2023-02-02,ExitMan Deluxe,レイニーフロッグ,IARC,3+,https://ja.wikipedia.org/wiki/Nintendo_Switch%E3%81%AE%E3%82%B2%E3%83%BC%E3%83%A0%E3%82%BF%E3%82%A4%E3%83%88%E3%83%AB%E4%B8%80%E8%A6%A7_%282023%E5%B9%B4%29
2023-02-02,推色-オシイロ-,レジスタ,CERO,B,https://ja.wikipedia.org/wiki/Nintendo_Switch%E3%81%AE%E3%82%B2%E3%83%BC%E3%83%A0%E3%82%BF%E3%82%A4%E3%83%88%E3%83%AB%E4%B8%80%E8%A6%A7_%282023%E5%B9%B4%29
2023-02-02,魔物娘と不思議な冒険2〜2人の王と紡がれし約束〜,わくわくゲームズ,IARC,12+,https://ja.wikipedia.org/wiki/Nintendo_Switch%E3%81%AE%E3%82%B2%E3%83%BC%E3%83%A0%E3%82%BF%E3%82%A4%E3%83%88%E3%83%AB%E4%B8%80%E8%A6%A7_%282023%E5%B9%B4%29
2023-02-03,The Pathless,Annapurna Interactive,CERO,B,https://ja.wikipedia.org/wiki/Nintendo_Switch%E3%81%AE%E3%82%B2%E3%83%BC%E3%83%A0%E3%82%BF%E3%82%A4%E3%83%88%E3%83%AB%E4%B8%80%E8%A6%A7_%282023%E5%B9%B4%29
2023-02-03,Pets at Work,ラタライカゲームス,IARC,7+,https://ja.wikipedia.org/wiki/Nintendo_Switch%E3%81%AE%E3%82%B2%E3%83%BC%E3%83%A0%E3%82%BF%E3%82%A4%E3%83%88%E3%83%AB%E4%B8%80%E8%A6%A7_%282023%E5%B9%B4%29
2023-02-09,カブボーイの冒険 〜税金払うなんてイヤだ!〜,Digital Bards,IARC,7+,https://ja.wikipedia.org/wiki/Nintendo_Switch%E3%81%AE%E3%82%B2%E3%83%BC%E3%83%A0%E3%82%BF%E3%82%A4%E3%83%88%E3%83%AB%E4%B8%80%E8%A6%A7_%282023%E5%B9%B4%29
2023-02-09,バンブルビーリトルビーアドベンチャー,EpiXR Games,IARC,3+,https://ja.wikipedia.org/wiki/Nintendo_Switch%E3%81%AE%E3%82%B2%E3%83%BC%E3%83%A0%E3%82%BF%E3%82%A4%E3%83%88%E3%83%AB%E4%B8%80%E8%A6%A7_%282023%E5%B9%B4%29
2023-02-09,セブンスコート,MangaGamer,IARC,16+,https://ja.wikipedia.org/wiki/Nintendo_Switch%E3%81%AE%E3%82%B2%E3%83%BC%E3%83%A0%E3%82%BF%E3%82%A4%E3%83%88%E3%83%AB%E4%B8%80%E8%A6%A7_%282023%E5%B9%B4%29
2023-02-09,レッド・バード・アドベンチャー・クラシック・フィジクス・パズル,Megame,IARC,3+,https://ja.wikipedia.org/wiki/Nintendo_Switch%E3%81%AE%E3%82%B2%E3%83%BC%E3%83%A0%E3%82%BF%E3%82%A4%E3%83%88%E3%83%AB%E4%B8%80%E8%A6%A7_%282023%E5%B9%B4%29
2023-02-09,ロブ・リッチス,Megapop,IARC,3+,https://ja.wikipedia.org/wiki/Nintendo_Switch%E3%81%AE%E3%82%B2%E3%83%BC%E3%83%A0%E3%82%BF%E3%82%A4%E3%83%88%E3%83%AB%E4%B8%80%E8%A6%A7_%282023%E5%B9%B4%29
2023-02-09,Box Roulette Simulator - Boxing Battle Fight Combat for Nintendo Switch,Midnight Works,IARC,3+,https://ja.wikipedia.org/wiki/Nintendo_Switch%E3%81%AE%E3%82%B2%E3%83%BC%E3%83%A0%E3%82%BF%E3%82%A4%E3%83%88%E3%83%AB%E4%B8%80%E8%A6%A7_%282023%E5%B9%B4%29
2023-02-09,スーパーパズルパック 2,Mindscape,IARC,3+,https://ja.wikipedia.org/wiki/Nintendo_Switch%E3%81%AE%E3%82%B2%E3%83%BC%E3%83%A0%E3%82%BF%E3%82%A4%E3%83%88%E3%83%AB%E4%B8%80%E8%A6%A7_%282023%E5%B9%B4%29
2023-02-09,ロジカルに考えよう! ナンバープレース - バイナリ - スグル,Mindscape,IARC,3+,https://ja.wikipedia.org/wiki/Nintendo_Switch%E3%81%AE%E3%82%B2%E3%83%BC%E3%83%A0%E3%82%BF%E3%82%A4%E3%83%88%E3%83%AB%E4%B8%80%E8%A6%A7_%282023%E5%B9%B4%29
2023-02-09,Potion Permit,Phoenixx,IARC,12+,https://ja.wikipedia.org/wiki/Nintendo_Switch%E3%81%AE%E3%82%B2%E3%83%BC%E3%83%A0%E3%82%BF%E3%82%A4%E3%83%88%E3%83%AB%E4%B8%80%E8%A6%A7_%282023%E5%B9%B4%29
2023-02-09,Alice in Wonderland - A jigsaw puzzle tale,QUByte Interactive,IARC,3+,https://ja.wikipedia.org/wiki/Nintendo_Switch%E3%81%AE%E3%82%B2%E3%83%BC%E3%83%A0%E3%82%BF%E3%82%A4%E3%83%88%E3%83%AB%E4%B8%80%E8%A6%A7_%282023%E5%B9%B4%29
2023-02-09,nPaint,RedDeerGames,IARC,3+,https://ja.wikipedia.org/wiki/Nintendo_Switch%E3%81%AE%E3%82%B2%E3%83%BC%E3%83%A0%E3%82%BF%E3%82%A4%E3%83%88%E3%83%AB%E4%B8%80%E8%A6%A7_%282023%E5%B9%B4%29
2023-02-09,Jade Order,Tortuga Xel,IARC,7+,https://ja.wikipedia.org/wiki/Nintendo_Switch%E3%81%AE%E3%82%B2%E3%83%BC%E3%83%A0%E3%82%BF%E3%82%A4%E3%83%88%E3%83%AB%E4%B8%80%E8%A6%A7_%282023%E5%B9%B4%29
2023-02-09,Air Jet Fighter Combat - Europe Fly Plane Attack,VG Games,IARC,3+,https://ja.wikipedia.org/wiki/Nintendo_Switch%E3%81%AE%E3%82%B2%E3%83%BC%E3%83%A0%E3%82%BF%E3%82%A4%E3%83%88%E3%83%AB%E4%B8%80%E8%A6%A7_%282023%E5%B9%B4%29
2023-02-09,Kart Crazy Race Simulator Game,VG Games,IARC,3+,https://ja.wikipedia.org/wiki/Nintendo_Switch%E3%81%AE%E3%82%B2%E3%83%BC%E3%83%A0%E3%82%BF%E3%82%A4%E3%83%88%E3%83%AB%E4%B8%80%E8%A6%A7_%282023%E5%B9%B4%29
2023-02-09,Prison Tycoon: Under New Management,Ziggurat,IARC,12+,https://ja.wikipedia.org/wiki/Nintendo_Switch%E3%81%AE%E3%82%B2%E3%83%BC%E3%83%A0%E3%82%BF%E3%82%A4%E3%83%88%E3%83%AB%E4%B8%80%E8%A6%A7_%282023%E5%B9%B4%29
2023-02-09,Aragami,アークシステムワークス,CERO,D,https://ja.wikipedia.org/wiki/Nintendo_Switch%E3%81%AE%E3%82%B2%E3%83%BC%E3%83%A0%E3%82%BF%E3%82%A4%E3%83%88%E3%83%AB%E4%B8%80%E8%A6%A7_%282023%E5%B9%B4%29
2023-02-09,WBSC eBASEBALLパワフルプロ野球,KONAMI,IARC,3+,https://ja.wikipedia.org/wiki/Nintendo_Switch%E3%81%AE%E3%82%B2%E3%83%BC%E3%83%A0%E3%82%BF%E3%82%A4%E3%83%88%E3%83%AB%E4%B8%80%E8%A6%A7_%282023%E5%B9%B4%29
2023-02-09,ニコリのパズルS 橋をかけろ,ハムスター,IARC,3+,https://ja.wikipedia.org/wiki/Nintendo_Switch%E3%81%AE%E3%82%B2%E3%83%BC%E3%83%A0%E3%82%BF%E3%82%A4%E3%83%88%E3%83%AB%E4%B8%80%E8%A6%A7_%282023%E5%B9%B4%29
2023-02-09,マーセナリーズラメント 銀狼と巫女を廻る七つ星,ライドオンジャパン,CERO,B,https://ja.wikipedia.org/wiki/Nintendo_Switch%E3%81%AE%E3%82%B2%E3%83%BC%E3%83%A0%E3%82%BF%E3%82%A4%E3%83%88%E3%83%AB%E4%B8%80%E8%A6%A7_%282023%E5%B9%B4%29
2023-02-09,修羅場5秒前! －ドロドロな現場を推理で痛快スカッと成敗－,東京通信,IARC,12+,https://ja.wikipedia.org/wiki/Nintendo_Switch%E3%81%AE%E3%82%B2%E3%83%BC%E3%83%A0%E3%82%BF%E3%82%A4%E3%83%88%E3%83%AB%E4%B8%80%E8%A6%A7_%282023%E5%B9%B4%29
2023-02-09,ゲームボーイ Nintendo Classics,任天堂,CERO,B,https://ja.wikipedia.org/wiki/Nintendo_Switch%E3%81%AE%E3%82%B2%E3%83%BC%E3%83%A0%E3%82%BF%E3%82%A4%E3%83%88%E3%83%AB%E4%B8%80%E8%A6%A7_%282023%E5%B9%B4%29
2023-02-09,ゲームボーイアドバンス Nintendo Classics,不明,"",Nintendo Switch Online + 追加パック加入者限定ソフト,https://ja.wikipedia.org/wiki/Nintendo_Switch%E3%81%AE%E3%82%B2%E3%83%BC%E3%83%A0%E3%82%BF%E3%82%A4%E3%83%88%E3%83%AB%E4%B8%80%E8%A6%A7_%282023%E5%B9%B4%29
2023-02-09,メトロイドプライム リマスタード,任天堂,CERO,B,https://ja.wikipedia.org/wiki/Nintendo_Switch%E3%81%AE%E3%82%B2%E3%83%BC%E3%83%A0%E3%82%BF%E3%82%A4%E3%83%88%E3%83%AB%E4%B8%80%E8%A6%A7_%282023%E5%B9%B4%29
2023-02-10,ゴー・ゴー・ポーゴー・ガール,ラタライカゲームス,IARC,7+,https://ja.wikipedia.org/wiki/Nintendo_Switch%E3%81%AE%E3%82%B2%E3%83%BC%E3%83%A0%E3%82%BF%E3%82%A4%E3%83%88%E3%83%AB%E4%B8%80%E8%A6%A7_%282023%E5%B9%B4%29
2023-02-14,Falling Elevator - Hyper Casual Demolish Escape Survival Game,INSTAMARKETINGANDGAME,IARC,3+,https://ja.wikipedia.org/wiki/Nintendo_Switch%E3%81%AE%E3%82%B2%E3%83%BC%E3%83%A0%E3%82%BF%E3%82%A4%E3%83%88%E3%83%AB%E4%B8%80%E8%A6%A7_%282023%E5%B9%B4%29
2023-02-14,Spy Bros. (スパイブラザーズ),RAWRLAB,IARC,7+,https://ja.wikipedia.org/wiki/Nintendo_Switch%E3%81%AE%E3%82%B2%E3%83%BC%E3%83%A0%E3%82%BF%E3%82%A4%E3%83%88%E3%83%AB%E4%B8%80%E8%A6%A7_%282023%E5%B9%B4%29
2023-02-16,W.A.R.P.,7 Raven Studios,IARC,3+,https://ja.wikipedia.org/wiki/Nintendo_Switch%E3%81%AE%E3%82%B2%E3%83%BC%E3%83%A0%E3%82%BF%E3%82%A4%E3%83%88%E3%83%AB%E4%B8%80%E8%A6%A7_%282023%E5%B9%B4%29
2023-02-16,Galaxy Revo 2,Artem Kritinin,IARC,3+,https://ja.wikipedia.org/wiki/Nintendo_Switch%E3%81%AE%E3%82%B2%E3%83%BC%E3%83%A0%E3%82%BF%E3%82%A4%E3%83%88%E3%83%AB%E4%B8%80%E8%A6%A7_%282023%E5%B9%B4%29
2023-02-16,ソウル オブ クロノス,Astrolabe Games,IARC,3+,https://ja.wikipedia.org/wiki/Nintendo_Switch%E3%81%AE%E3%82%B2%E3%83%BC%E3%83%A0%E3%82%BF%E3%82%A4%E3%83%88%E3%83%AB%E4%B8%80%E8%A6%A7_%282023%E5%B9%B4%29
2023-02-16,米砂原醫院,DorsalFin Studio,IARC,16+,https://ja.wikipedia.org/wiki/Nintendo_Switch%E3%81%AE%E3%82%B2%E3%83%BC%E3%83%A0%E3%82%BF%E3%82%A4%E3%83%88%E3%83%AB%E4%B8%80%E8%A6%A7_%282023%E5%B9%B4%29
2023-02-16,Pocket Witch,eastasiasoft,IARC,7+,https://ja.wikipedia.org/wiki/Nintendo_Switch%E3%81%AE%E3%82%B2%E3%83%BC%E3%83%A0%E3%82%BF%E3%82%A4%E3%83%88%E3%83%AB%E4%B8%80%E8%A6%A7_%282023%E5%B9%B4%29
2023-02-16,ルートボックスシミュレーター クリムズンファイアー,EpiXR Games,IARC,7+,https://ja.wikipedia.org/wiki/Nintendo_Switch%E3%81%AE%E3%82%B2%E3%83%BC%E3%83%A0%E3%82%BF%E3%82%A4%E3%83%88%E3%83%AB%E4%B8%80%E8%A6%A7_%282023%E5%B9%B4%29
2023-02-16,ザ・レジェンド・オブ・グウェン,Flynn's Arcade,IARC,7+,https://ja.wikipedia.org/wiki/Nintendo_Switch%E3%81%AE%E3%82%B2%E3%83%BC%E3%83%A0%E3%82%BF%E3%82%A4%E3%83%88%E3%83%AB%E4%B8%80%E8%A6%A7_%282023%E5%B9%B4%29
2023-02-16,Blanc 白き旅,Gearbox Publishing,CERO,A,https://ja.wikipedia.org/wiki/Nintendo_Switch%E3%81%AE%E3%82%B2%E3%83%BC%E3%83%A0%E3%82%BF%E3%82%A4%E3%83%88%E3%83%AB%E4%B8%80%E8%A6%A7_%282023%E5%B9%B4%29
2023-02-16,Oddworld,Microids,IARC,12+,https://ja.wikipedia.org/wiki/Nintendo_Switch%E3%81%AE%E3%82%B2%E3%83%BC%E3%83%A0%E3%82%BF%E3%82%A4%E3%83%88%E3%83%AB%E4%B8%80%E8%A6%A7_%282023%E5%B9%B4%29
2023-02-16,バーディクト・ギルティ,PixelHeart,IARC,16+,https://ja.wikipedia.org/wiki/Nintendo_Switch%E3%81%AE%E3%82%B2%E3%83%BC%E3%83%A0%E3%82%BF%E3%82%A4%E3%83%88%E3%83%AB%E4%B8%80%E8%A6%A7_%282023%E5%B9%B4%29
2023-02-16,ドクタースマートのスペースアドベンチャー,RedDeerGames,IARC,3+,https://ja.wikipedia.org/wiki/Nintendo_Switch%E3%81%AE%E3%82%B2%E3%83%BC%E3%83%A0%E3%82%BF%E3%82%A4%E3%83%88%E3%83%AB%E4%B8%80%E8%A6%A7_%282023%E5%B9%B4%29
2023-02-16,ピアノ:学習と演奏,RedDeerGames,IARC,3+,https://ja.wikipedia.org/wiki/Nintendo_Switch%E3%81%AE%E3%82%B2%E3%83%BC%E3%83%A0%E3%82%BF%E3%82%A4%E3%83%88%E3%83%AB%E4%B8%80%E8%A6%A7_%282023%E5%B9%B4%29
2023-02-16,モザイククロニクル デラックス,RedDeerGames,IARC,3+,https://ja.wikipedia.org/wiki/Nintendo_Switch%E3%81%AE%E3%82%B2%E3%83%BC%E3%83%A0%E3%82%BF%E3%82%A4%E3%83%88%E3%83%AB%E4%B8%80%E8%A6%A7_%282023%E5%B9%B4%29
2023-02-16,砂塵とネオン,Rogue Games,IARC,16+,https://ja.wikipedia.org/wiki/Nintendo_Switch%E3%81%AE%E3%82%B2%E3%83%BC%E3%83%A0%E3%82%BF%E3%82%A4%E3%83%88%E3%83%AB%E4%B8%80%E8%A6%A7_%282023%E5%B9%B4%29
2023-02-16,Prizma Puzzle Prime,Silen Games,IARC,3+,https://ja.wikipedia.org/wiki/Nintendo_Switch%E3%81%AE%E3%82%B2%E3%83%BC%E3%83%A0%E3%82%BF%E3%82%A4%E3%83%88%E3%83%AB%E4%B8%80%E8%A6%A7_%282023%E5%B9%B4%29
2023-02-16,ジオメトリックスナイパー ブラッドインパリ,Silesia Games,IARC,16+,https://ja.wikipedia.org/wiki/Nintendo_Switch%E3%81%AE%E3%82%B2%E3%83%BC%E3%83%A0%E3%82%BF%E3%82%A4%E3%83%88%E3%83%AB%E4%B8%80%E8%A6%A7_%282023%E5%B9%B4%29
2023-02-16,Shark Attack: Fish Predator Ocean Sea Adventure Survival,VG Games,IARC,16+,https://ja.wikipedia.org/wiki/Nintendo_Switch%E3%81%AE%E3%82%B2%E3%83%BC%E3%83%A0%E3%82%BF%E3%82%A4%E3%83%88%E3%83%AB%E4%B8%80%E8%A6%A7_%282023%E5%B9%B4%29
2023-02-16,"Sniper Strike 3D - Secret elite mission warfare ""GHOST SQUAD""",VG Games,IARC,12+,https://ja.wikipedia.org/wiki/Nintendo_Switch%E3%81%AE%E3%82%B2%E3%83%BC%E3%83%A0%E3%82%BF%E3%82%A4%E3%83%88%E3%83%AB%E4%B8%80%E8%A6%A7_%282023%E5%B9%B4%29
2023-02-16,Stack Tower Up 3D Builder Simulator Don't Crash,VG Games,IARC,3+,https://ja.wikipedia.org/wiki/Nintendo_Switch%E3%81%AE%E3%82%B2%E3%83%BC%E3%83%A0%E3%82%BF%E3%82%A4%E3%83%88%E3%83%AB%E4%B8%80%E8%A6%A7_%282023%E5%B9%B4%29
2023-02-16,The Dwarf Kingdom - Magic World of War vs Orks and Dragon,VG Games,IARC,3+,https://ja.wikipedia.org/wiki/Nintendo_Switch%E3%81%AE%E3%82%B2%E3%83%BC%E3%83%A0%E3%82%BF%E3%82%A4%E3%83%88%E3%83%AB%E4%B8%80%E8%A6%A7_%282023%E5%B9%B4%29
2023-02-16,In Sound Mind,オーイズミ・アミュージオ,CERO,B,https://ja.wikipedia.org/wiki/Nintendo_Switch%E3%81%AE%E3%82%B2%E3%83%BC%E3%83%A0%E3%82%BF%E3%82%A4%E3%83%88%E3%83%AB%E4%B8%80%E8%A6%A7_%282023%E5%B9%B4%29
2023-02-16,キングズディセント,ケムコ,IARC,12+,https://ja.wikipedia.org/wiki/Nintendo_Switch%E3%81%AE%E3%82%B2%E3%83%BC%E3%83%A0%E3%82%BF%E3%82%A4%E3%83%88%E3%83%AB%E4%B8%80%E8%A6%A7_%282023%E5%B9%B4%29
2023-02-16,ホッピングガールこはねEX,ディー・オー,IARC,7+,https://ja.wikipedia.org/wiki/Nintendo_Switch%E3%81%AE%E3%82%B2%E3%83%BC%E3%83%A0%E3%82%BF%E3%82%A4%E3%83%88%E3%83%AB%E4%B8%80%E8%A6%A7_%282023%E5%B9%B4%29
2023-02-16,直観パズル 面積さがし,ハッピーミール,IARC,3+,https://ja.wikipedia.org/wiki/Nintendo_Switch%E3%81%AE%E3%82%B2%E3%83%BC%E3%83%A0%E3%82%BF%E3%82%A4%E3%83%88%E3%83%AB%E4%B8%80%E8%A6%A7_%282023%E5%B9%B4%29
2023-02-16,サイコロサイコ -セブンスヘブン-,レジスタ,CERO,Z,https://ja.wikipedia.org/wiki/Nintendo_Switch%E3%81%AE%E3%82%B2%E3%83%BC%E3%83%A0%E3%82%BF%E3%82%A4%E3%83%88%E3%83%AB%E4%B8%80%E8%A6%A7_%282023%E5%B9%B4%29
2023-02-16,荒れ果てた家からの脱出,レジスタ,CERO,A,https://ja.wikipedia.org/wiki/Nintendo_Switch%E3%81%AE%E3%82%B2%E3%83%BC%E3%83%A0%E3%82%BF%E3%82%A4%E3%83%88%E3%83%AB%E4%B8%80%E8%A6%A7_%282023%E5%B9%B4%29
2023-02-16,ホーンテッド・ガールズ,わくわくゲームズ,IARC,7+,https://ja.wikipedia.org/wiki/Nintendo_Switch%E3%81%AE%E3%82%B2%E3%83%BC%E3%83%A0%E3%82%BF%E3%82%A4%E3%83%88%E3%83%AB%E4%B8%80%E8%A6%A7_%282023%E5%B9%B4%29
2023-02-16,FirstQueen1 NEXT,呉ソフトウェア工房,IARC,7+,https://ja.wikipedia.org/wiki/Nintendo_Switch%E3%81%AE%E3%82%B2%E3%83%BC%E3%83%A0%E3%82%BF%E3%82%A4%E3%83%88%E3%83%AB%E4%B8%80%E8%A6%A7_%282023%E5%B9%B4%29
2023-02-20,My Life: Pet Vet,TREVA,IARC,3+,https://ja.wikipedia.org/wiki/Nintendo_Switch%E3%81%AE%E3%82%B2%E3%83%BC%E3%83%A0%E3%82%BF%E3%82%A4%E3%83%88%E3%83%AB%E4%B8%80%E8%A6%A7_%282023%E5%B9%B4%29
2023-02-20,Rush Hour Deluxe - The ultimate traffic jam game!,TREVA,IARC,3+,https://ja.wikipedia.org/wiki/Nintendo_Switch%E3%81%AE%E3%82%B2%E3%83%BC%E3%83%A0%E3%82%BF%E3%82%A4%E3%83%88%E3%83%AB%E4%B8%80%E8%A6%A7_%282023%E5%B9%B4%29
2023-02-21,"空のつくりかた -under the same sky, over the rainbow-",iMel,CERO,C,https://ja.wikipedia.org/wiki/Nintendo_Switch%E3%81%AE%E3%82%B2%E3%83%BC%E3%83%A0%E3%82%BF%E3%82%A4%E3%83%88%E3%83%AB%E4%B8%80%E8%A6%A7_%282023%E5%B9%B4%29
2023-02-21,年下彼女,iMel,CERO,C,https://ja.wikipedia.org/wiki/Nintendo_Switch%E3%81%AE%E3%82%B2%E3%83%BC%E3%83%A0%E3%82%BF%E3%82%A4%E3%83%88%E3%83%AB%E4%B8%80%E8%A6%A7_%282023%E5%B9%B4%29
2023-02-21,Seven Doors,Soedesco,IARC,7+,https://ja.wikipedia.org/wiki/Nintendo_Switch%E3%81%AE%E3%82%B2%E3%83%BC%E3%83%A0%E3%82%BF%E3%82%A4%E3%83%88%E3%83%AB%E4%B8%80%E8%A6%A7_%282023%E5%B9%B4%29
2023-02-22,プラネット・キューブ:エッジ,Firestoke,IARC,7+,https://ja.wikipedia.org/wiki/Nintendo_Switch%E3%81%AE%E3%82%B2%E3%83%BC%E3%83%A0%E3%82%BF%E3%82%A4%E3%83%88%E3%83%AB%E4%B8%80%E8%A6%A7_%282023%E5%B9%B4%29
2023-02-22,ブルブルウルフ,indienova,IARC,3+,https://ja.wikipedia.org/wiki/Nintendo_Switch%E3%81%AE%E3%82%B2%E3%83%BC%E3%83%A0%E3%82%BF%E3%82%A4%E3%83%88%E3%83%AB%E4%B8%80%E8%A6%A7_%282023%E5%B9%B4%29
2023-02-22,名門ポケット学院1,カイロソフト,CERO,A,https://ja.wikipedia.org/wiki/Nintendo_Switch%E3%81%AE%E3%82%B2%E3%83%BC%E3%83%A0%E3%82%BF%E3%82%A4%E3%83%88%E3%83%AB%E4%B8%80%E8%A6%A7_%282023%E5%B9%B4%29
2023-02-22,ピクセルライン2:イントゥパズルバース,レイニーフロッグ,IARC,3+,https://ja.wikipedia.org/wiki/Nintendo_Switch%E3%81%AE%E3%82%B2%E3%83%BC%E3%83%A0%E3%82%BF%E3%82%A4%E3%83%88%E3%83%AB%E4%B8%80%E8%A6%A7_%282023%E5%B9%B4%29
2023-02-23,Akka Arrh,Atari,IARC,3+,https://ja.wikipedia.org/wiki/Nintendo_Switch%E3%81%AE%E3%82%B2%E3%83%BC%E3%83%A0%E3%82%BF%E3%82%A4%E3%83%88%E3%83%AB%E4%B8%80%E8%A6%A7_%282023%E5%B9%B4%29
2023-02-23,Redemption Reapers,Binary Haze Interactive,CERO,D,https://ja.wikipedia.org/wiki/Nintendo_Switch%E3%81%AE%E3%82%B2%E3%83%BC%E3%83%A0%E3%82%BF%E3%82%A4%E3%83%88%E3%83%AB%E4%B8%80%E8%A6%A7_%282023%E5%B9%B4%29
2023-02-23,ホラーテールワン キドナパー,EpiXR Games,IARC,7+,https://ja.wikipedia.org/wiki/Nintendo_Switch%E3%81%AE%E3%82%B2%E3%83%BC%E3%83%A0%E3%82%BF%E3%82%A4%E3%83%88%E3%83%AB%E4%B8%80%E8%A6%A7_%282023%E5%B9%B4%29
2023-02-23,リモース・ザ・リスト,Feardemic,IARC,16+,https://ja.wikipedia.org/wiki/Nintendo_Switch%E3%81%AE%E3%82%B2%E3%83%BC%E3%83%A0%E3%82%BF%E3%82%A4%E3%83%88%E3%83%AB%E4%B8%80%E8%A6%A7_%282023%E5%B9%B4%29
2023-02-23,Tyrant's Blessing,Freedom Games,IARC,16+,https://ja.wikipedia.org/wiki/Nintendo_Switch%E3%81%AE%E3%82%B2%E3%83%BC%E3%83%A0%E3%82%BF%E3%82%A4%E3%83%88%E3%83%AB%E4%B8%80%E8%A6%A7_%282023%E5%B9%B4%29
2023-02-23,比翼の禽 -ひよくのとり-,iMel/『比翼の禽』製作委員会,CERO,C,https://ja.wikipedia.org/wiki/Nintendo_Switch%E3%81%AE%E3%82%B2%E3%83%BC%E3%83%A0%E3%82%BF%E3%82%A4%E3%83%88%E3%83%AB%E4%B8%80%E8%A6%A7_%282023%E5%B9%B4%29
2023-02-23,グリム・ガーディアンズ デーモンパージ,インティ・クリエイツ,CERO,D,https://ja.wikipedia.org/wiki/Nintendo_Switch%E3%81%AE%E3%82%B2%E3%83%BC%E3%83%A0%E3%82%BF%E3%82%A4%E3%83%88%E3%83%AB%E4%B8%80%E8%A6%A7_%282023%E5%B9%B4%29
2023-02-24,Offroad Moto Bike,Pix Arts,IARC,3+,https://ja.wikipedia.org/wiki/Nintendo_Switch%E3%81%AE%E3%82%B2%E3%83%BC%E3%83%A0%E3%82%BF%E3%82%A4%E3%83%88%E3%83%AB%E4%B8%80%E8%A6%A7_%282023%E5%B9%B4%29
2023-02-24,Dark Dungeon Warrior,SAT-BOX,IARC,12+,https://ja.wikipedia.org/wiki/Nintendo_Switch%E3%81%AE%E3%82%B2%E3%83%BC%E3%83%A0%E3%82%BF%E3%82%A4%E3%83%88%E3%83%AB%E4%B8%80%E8%A6%A7_%282023%E5%B9%B4%29
2023-02-24,Remains,SoloQ,IARC,3+,https://ja.wikipedia.org/wiki/Nintendo_Switch%E3%81%AE%E3%82%B2%E3%83%BC%E3%83%A0%E3%82%BF%E3%82%A4%E3%83%88%E3%83%AB%E4%B8%80%E8%A6%A7_%282023%E5%B9%B4%29
2023-02-24,Naught,Wild Sphere,IARC,7+,https://ja.wikipedia.org/wiki/Nintendo_Switch%E3%81%AE%E3%82%B2%E3%83%BC%E3%83%A0%E3%82%BF%E3%82%A4%E3%83%88%E3%83%AB%E4%B8%80%E8%A6%A7_%282023%E5%B9%B4%29
2023-02-24,催眠スクールデイズ - Hypnotic School Days -,サイバーステップ,IARC,16+,https://ja.wikipedia.org/wiki/Nintendo_Switch%E3%81%AE%E3%82%B2%E3%83%BC%E3%83%A0%E3%82%BF%E3%82%A4%E3%83%88%E3%83%AB%E4%B8%80%E8%A6%A7_%282023%E5%B9%B4%29
2023-02-24,没落陰陽絵巻 - Tale of the fallen Onmyoji -,サイバーステップ,IARC,16+,https://ja.wikipedia.org/wiki/Nintendo_Switch%E3%81%AE%E3%82%B2%E3%83%BC%E3%83%A0%E3%82%BF%E3%82%A4%E3%83%88%E3%83%AB%E4%B8%80%E8%A6%A7_%282023%E5%B9%B4%29
2023-02-24,ワールドウォー プロローグ,トローゼ,IARC,16+,https://ja.wikipedia.org/wiki/Nintendo_Switch%E3%81%AE%E3%82%B2%E3%83%BC%E3%83%A0%E3%82%BF%E3%82%A4%E3%83%88%E3%83%AB%E4%B8%80%E8%A6%A7_%282023%E5%B9%B4%29
2023-02-24,グリザイア ファントムトリガー 08,プロトタイプ,CERO,D,https://ja.wikipedia.org/wiki/Nintendo_Switch%E3%81%AE%E3%82%B2%E3%83%BC%E3%83%A0%E3%82%BF%E3%82%A4%E3%83%88%E3%83%AB%E4%B8%80%E8%A6%A7_%282023%E5%B9%B4%29
2023-02-24,ルートボックスライフプラス,ラタライカゲームス,IARC,7+,https://ja.wikipedia.org/wiki/Nintendo_Switch%E3%81%AE%E3%82%B2%E3%83%BC%E3%83%A0%E3%82%BF%E3%82%A4%E3%83%88%E3%83%AB%E4%B8%80%E8%A6%A7_%282023%E5%B9%B4%29
2023-03-02,Live Factory,17Studio,IARC,3+,https://ja.wikipedia.org/wiki/Nintendo_Switch%E3%81%AE%E3%82%B2%E3%83%BC%E3%83%A0%E3%82%BF%E3%82%A4%E3%83%88%E3%83%AB%E4%B8%80%E8%A6%A7_%282023%E5%B9%B4%29
2023-03-02,Pizza Tycoon,Assemble Entertainment,IARC,3+,https://ja.wikipedia.org/wiki/Nintendo_Switch%E3%81%AE%E3%82%B2%E3%83%BC%E3%83%A0%E3%82%BF%E3%82%A4%E3%83%88%E3%83%AB%E4%B8%80%E8%A6%A7_%282023%E5%B9%B4%29
2023-03-02,Looking for Aliens,ChiliDog Interactive,IARC,3+,https://ja.wikipedia.org/wiki/Nintendo_Switch%E3%81%AE%E3%82%B2%E3%83%BC%E3%83%A0%E3%82%BF%E3%82%A4%E3%83%88%E3%83%AB%E4%B8%80%E8%A6%A7_%282023%E5%B9%B4%29
2023-03-02,BROK the InvestiGator 名探偵ブロクと秘密の依頼,COWCAT,IARC,7+,https://ja.wikipedia.org/wiki/Nintendo_Switch%E3%81%AE%E3%82%B2%E3%83%BC%E3%83%A0%E3%82%BF%E3%82%A4%E3%83%88%E3%83%AB%E4%B8%80%E8%A6%A7_%282023%E5%B9%B4%29
2023-03-02,Ken Follett's The Pillars of the Earth,Daedalic Entertainment,IARC,16+,https://ja.wikipedia.org/wiki/Nintendo_Switch%E3%81%AE%E3%82%B2%E3%83%BC%E3%83%A0%E3%82%BF%E3%82%A4%E3%83%88%E3%83%AB%E4%B8%80%E8%A6%A7_%282023%E5%B9%B4%29
2023-03-02,Pretty Girls Breakers! PLUS,eastasiasoft,IARC,12+,https://ja.wikipedia.org/wiki/Nintendo_Switch%E3%81%AE%E3%82%B2%E3%83%BC%E3%83%A0%E3%82%BF%E3%82%A4%E3%83%88%E3%83%AB%E4%B8%80%E8%A6%A7_%282023%E5%B9%B4%29
2023-03-02,カームマインド3,EpiXR Games,IARC,3+,https://ja.wikipedia.org/wiki/Nintendo_Switch%E3%81%AE%E3%82%B2%E3%83%BC%E3%83%A0%E3%82%BF%E3%82%A4%E3%83%88%E3%83%AB%E4%B8%80%E8%A6%A7_%282023%E5%B9%B4%29
2023-03-02,Rytmos,Floppy Club,IARC,3+,https://ja.wikipedia.org/wiki/Nintendo_Switch%E3%81%AE%E3%82%B2%E3%83%BC%E3%83%A0%E3%82%BF%E3%82%A4%E3%83%88%E3%83%AB%E4%B8%80%E8%A6%A7_%282023%E5%B9%B4%29
2023-03-02,サクラ・マジカル・ガールズ,Gamuzumi,IARC,16+,https://ja.wikipedia.org/wiki/Nintendo_Switch%E3%81%AE%E3%82%B2%E3%83%BC%E3%83%A0%E3%82%BF%E3%82%A4%E3%83%88%E3%83%AB%E4%B8%80%E8%A6%A7_%282023%E5%B9%B4%29
2023-03-02,Rider Among Dead - Mad Zombie Killer Machine Survival,GOGAME CONSOLE PUBLISHER,IARC,7+,https://ja.wikipedia.org/wiki/Nintendo_Switch%E3%81%AE%E3%82%B2%E3%83%BC%E3%83%A0%E3%82%BF%E3%82%A4%E3%83%88%E3%83%AB%E4%B8%80%E8%A6%A7_%282023%E5%B9%B4%29
2023-03-02,正義の取り調べ,HERO GAME,IARC,3+,https://ja.wikipedia.org/wiki/Nintendo_Switch%E3%81%AE%E3%82%B2%E3%83%BC%E3%83%A0%E3%82%BF%E3%82%A4%E3%83%88%E3%83%AB%E4%B8%80%E8%A6%A7_%282023%E5%B9%B4%29
2023-03-02,Green Soldiers Heroes,Isaias Game Dev,IARC,3+,https://ja.wikipedia.org/wiki/Nintendo_Switch%E3%81%AE%E3%82%B2%E3%83%BC%E3%83%A0%E3%82%BF%E3%82%A4%E3%83%88%E3%83%AB%E4%B8%80%E8%A6%A7_%282023%E5%B9%B4%29
2023-03-02,A Fox and His Robot,Joshua Janik,IARC,7+,https://ja.wikipedia.org/wiki/Nintendo_Switch%E3%81%AE%E3%82%B2%E3%83%BC%E3%83%A0%E3%82%BF%E3%82%A4%E3%83%88%E3%83%AB%E4%B8%80%E8%A6%A7_%282023%E5%B9%B4%29
2023-03-02,Right and Down,mc2games,IARC,7+,https://ja.wikipedia.org/wiki/Nintendo_Switch%E3%81%AE%E3%82%B2%E3%83%BC%E3%83%A0%E3%82%BF%E3%82%A4%E3%83%88%E3%83%AB%E4%B8%80%E8%A6%A7_%282023%E5%B9%B4%29
2023-03-02,Midnight Drifter - Drift Racing Car Driving Simulator 2023 Speed Games,Midnight Works,IARC,3+,https://ja.wikipedia.org/wiki/Nintendo_Switch%E3%81%AE%E3%82%B2%E3%83%BC%E3%83%A0%E3%82%BF%E3%82%A4%E3%83%88%E3%83%AB%E4%B8%80%E8%A6%A7_%282023%E5%B9%B4%29
2023-03-02,Montezuma's Revenge,Nami Tentou,IARC,3+,https://ja.wikipedia.org/wiki/Nintendo_Switch%E3%81%AE%E3%82%B2%E3%83%BC%E3%83%A0%E3%82%BF%E3%82%A4%E3%83%88%E3%83%AB%E4%B8%80%E8%A6%A7_%282023%E5%B9%B4%29
2023-03-02,メグとばけもの,Odencat,IARC,12+,https://ja.wikipedia.org/wiki/Nintendo_Switch%E3%81%AE%E3%82%B2%E3%83%BC%E3%83%A0%E3%82%BF%E3%82%A4%E3%83%88%E3%83%AB%E4%B8%80%E8%A6%A7_%282023%E5%B9%B4%29
2023-03-02,Midnight is Lost,QUByte Interactive,IARC,3+,https://ja.wikipedia.org/wiki/Nintendo_Switch%E3%81%AE%E3%82%B2%E3%83%BC%E3%83%A0%E3%82%BF%E3%82%A4%E3%83%88%E3%83%AB%E4%B8%80%E8%A6%A7_%282023%E5%B9%B4%29
2023-03-02,ノートとステッカー,RedDeerGames,IARC,3+,https://ja.wikipedia.org/wiki/Nintendo_Switch%E3%81%AE%E3%82%B2%E3%83%BC%E3%83%A0%E3%82%BF%E3%82%A4%E3%83%88%E3%83%AB%E4%B8%80%E8%A6%A7_%282023%E5%B9%B4%29
2023-03-02,クレイジーペットショー:プロローグ,Ripples,IARC,12+,https://ja.wikipedia.org/wiki/Nintendo_Switch%E3%81%AE%E3%82%B2%E3%83%BC%E3%83%A0%E3%82%BF%E3%82%A4%E3%83%88%E3%83%AB%E4%B8%80%E8%A6%A7_%282023%E5%B9%B4%29
2023-03-02,Bus Driving Simulator 22,SC Ovilex Soft,IARC,3+,https://ja.wikipedia.org/wiki/Nintendo_Switch%E3%81%AE%E3%82%B2%E3%83%BC%E3%83%A0%E3%82%BF%E3%82%A4%E3%83%88%E3%83%AB%E4%B8%80%E8%A6%A7_%282023%E5%B9%B4%29
2023-03-02,チェスピル,Silesia Games,IARC,3+,https://ja.wikipedia.org/wiki/Nintendo_Switch%E3%81%AE%E3%82%B2%E3%83%BC%E3%83%A0%E3%82%BF%E3%82%A4%E3%83%88%E3%83%AB%E4%B8%80%E8%A6%A7_%282023%E5%B9%B4%29
2023-03-02,アフターソート,Studio Moondowner,IARC,12+,https://ja.wikipedia.org/wiki/Nintendo_Switch%E3%81%AE%E3%82%B2%E3%83%BC%E3%83%A0%E3%82%BF%E3%82%A4%E3%83%88%E3%83%AB%E4%B8%80%E8%A6%A7_%282023%E5%B9%B4%29
2023-03-02,Frog Hop,Tiny Warrior Games,IARC,3+,https://ja.wikipedia.org/wiki/Nintendo_Switch%E3%81%AE%E3%82%B2%E3%83%BC%E3%83%A0%E3%82%BF%E3%82%A4%E3%83%88%E3%83%AB%E4%B8%80%E8%A6%A7_%282023%E5%B9%B4%29
2023-03-02,ゆうえんち夢物語,カイロソフト,IARC,3+,https://ja.wikipedia.org/wiki/Nintendo_Switch%E3%81%AE%E3%82%B2%E3%83%BC%E3%83%A0%E3%82%BF%E3%82%A4%E3%83%88%E3%83%AB%E4%B8%80%E8%A6%A7_%282023%E5%B9%B4%29
2023-03-02,壁ドン彼氏 〜真夏のチャラ男〜,カエルエックス,CERO,B,https://ja.wikipedia.org/wiki/Nintendo_Switch%E3%81%AE%E3%82%B2%E3%83%BC%E3%83%A0%E3%82%BF%E3%82%A4%E3%83%88%E3%83%AB%E4%B8%80%E8%A6%A7_%282023%E5%B9%B4%29
2023-03-02,ヴァナリス・タクティクス,コーラス・ワールドワイド,IARC,12+,https://ja.wikipedia.org/wiki/Nintendo_Switch%E3%81%AE%E3%82%B2%E3%83%BC%E3%83%A0%E3%82%BF%E3%82%A4%E3%83%88%E3%83%AB%E4%B8%80%E8%A6%A7_%282023%E5%B9%B4%29
2023-03-02,クトゥルフ神話RPG 水晶の呼び声 Plus,レジスタ,CERO,B,https://ja.wikipedia.org/wiki/Nintendo_Switch%E3%81%AE%E3%82%B2%E3%83%BC%E3%83%A0%E3%82%BF%E3%82%A4%E3%83%88%E3%83%AB%E4%B8%80%E8%A6%A7_%282023%E5%B9%B4%29
2023-03-02,スーパートイカーズオフロード,賈船,CERO,A,https://ja.wikipedia.org/wiki/Nintendo_Switch%E3%81%AE%E3%82%B2%E3%83%BC%E3%83%A0%E3%82%BF%E3%82%A4%E3%83%88%E3%83%AB%E4%B8%80%E8%A6%A7_%282023%E5%B9%B4%29
2023-03-02,イタズラな消しゴム －新感覚ひっかけなぞとき脳トレパズルゲーム－,東京通信,IARC,12+,https://ja.wikipedia.org/wiki/Nintendo_Switch%E3%81%AE%E3%82%B2%E3%83%BC%E3%83%A0%E3%82%BF%E3%82%A4%E3%83%88%E3%83%AB%E4%B8%80%E8%A6%A7_%282023%E5%B9%B4%29
2023-03-02,お隣さん －ホラーとサスペンスな意味がわかると怖い謎解きスリルミステリー－,東京通信,IARC,12+,https://ja.wikipedia.org/wiki/Nintendo_Switch%E3%81%AE%E3%82%B2%E3%83%BC%E3%83%A0%E3%82%BF%E3%82%A4%E3%83%88%E3%83%AB%E4%B8%80%E8%A6%A7_%282023%E5%B9%B4%29
2023-03-02,カワイイだけじゃダメ? －メンヘラ彼女の地雷系ヤンデレ乙女恋愛ギャルゲーム－,東京通信,IARC,12+,https://ja.wikipedia.org/wiki/Nintendo_Switch%E3%81%AE%E3%82%B2%E3%83%BC%E3%83%A0%E3%82%BF%E3%82%A4%E3%83%88%E3%83%AB%E4%B8%80%E8%A6%A7_%282023%E5%B9%B4%29
2023-03-02,きせかえSWEET CLOSET －大人も楽しいかんたんガールズコーデファッションゲーム－,東京通信,IARC,12+,https://ja.wikipedia.org/wiki/Nintendo_Switch%E3%81%AE%E3%82%B2%E3%83%BC%E3%83%A0%E3%82%BF%E3%82%A4%E3%83%88%E3%83%AB%E4%B8%80%E8%A6%A7_%282023%E5%B9%B4%29
2023-03-02,ミステリーの扉 ナゾトキの時間2 －スリルサスペンスな謎解き推理脱出ゲーム－,東京通信,IARC,12+,https://ja.wikipedia.org/wiki/Nintendo_Switch%E3%81%AE%E3%82%B2%E3%83%BC%E3%83%A0%E3%82%BF%E3%82%A4%E3%83%88%E3%83%AB%E4%B8%80%E8%A6%A7_%282023%E5%B9%B4%29
2023-03-02,紙がない!,宮澤卓宏,IARC,3+,https://ja.wikipedia.org/wiki/Nintendo_Switch%E3%81%AE%E3%82%B2%E3%83%BC%E3%83%A0%E3%82%BF%E3%82%A4%E3%83%88%E3%83%AB%E4%B8%80%E8%A6%A7_%282023%E5%B9%B4%29
2023-03-03,ヴォイドスクラッパーズ,8BitSkull,IARC,16+,https://ja.wikipedia.org/wiki/Nintendo_Switch%E3%81%AE%E3%82%B2%E3%83%BC%E3%83%A0%E3%82%BF%E3%82%A4%E3%83%88%E3%83%AB%E4%B8%80%E8%A6%A7_%282023%E5%B9%B4%29
2023-03-03,The Atla Archives,Elushis,IARC,16+,https://ja.wikipedia.org/wiki/Nintendo_Switch%E3%81%AE%E3%82%B2%E3%83%BC%E3%83%A0%E3%82%BF%E3%82%A4%E3%83%88%E3%83%AB%E4%B8%80%E8%A6%A7_%282023%E5%B9%B4%29
2023-03-03,笑顔の錬金術師,ケムコ,IARC,3+,https://ja.wikipedia.org/wiki/Nintendo_Switch%E3%81%AE%E3%82%B2%E3%83%BC%E3%83%A0%E3%82%BF%E3%82%A4%E3%83%88%E3%83%AB%E4%B8%80%E8%A6%A7_%282023%E5%B9%B4%29
2023-03-03,ルクちゃんのハートバルーン,ジー・モード,IARC,3+,https://ja.wikipedia.org/wiki/Nintendo_Switch%E3%81%AE%E3%82%B2%E3%83%BC%E3%83%A0%E3%82%BF%E3%82%A4%E3%83%88%E3%83%AB%E4%B8%80%E8%A6%A7_%282023%E5%B9%B4%29
2023-03-07,棄海:忘れられた深海都市,ハピネット,IARC,3+,https://ja.wikipedia.org/wiki/Nintendo_Switch%E3%81%AE%E3%82%B2%E3%83%BC%E3%83%A0%E3%82%BF%E3%82%A4%E3%83%88%E3%83%AB%E4%B8%80%E8%A6%A7_%282023%E5%B9%B4%29
2023-03-09,花火工場からの脱出,AlignmentSharp,IARC,3+,https://ja.wikipedia.org/wiki/Nintendo_Switch%E3%81%AE%E3%82%B2%E3%83%BC%E3%83%A0%E3%82%BF%E3%82%A4%E3%83%88%E3%83%AB%E4%B8%80%E8%A6%A7_%282023%E5%B9%B4%29
2023-03-09,Plan B from Outer Space: A Bavarian Odyssey,Assemble Entertainment,IARC,3+,https://ja.wikipedia.org/wiki/Nintendo_Switch%E3%81%AE%E3%82%B2%E3%83%BC%E3%83%A0%E3%82%BF%E3%82%A4%E3%83%88%E3%83%AB%E4%B8%80%E8%A6%A7_%282023%E5%B9%B4%29
2023-03-09,Caverns of Mars,Atari,IARC,3+,https://ja.wikipedia.org/wiki/Nintendo_Switch%E3%81%AE%E3%82%B2%E3%83%BC%E3%83%A0%E3%82%BF%E3%82%A4%E3%83%88%E3%83%AB%E4%B8%80%E8%A6%A7_%282023%E5%B9%B4%29
2023-03-09,ドラッグ王子とマトリ姫 for Nintendo Switch,coly,CERO,C,https://ja.wikipedia.org/wiki/Nintendo_Switch%E3%81%AE%E3%82%B2%E3%83%BC%E3%83%A0%E3%82%BF%E3%82%A4%E3%83%88%E3%83%AB%E4%B8%80%E8%A6%A7_%282023%E5%B9%B4%29
2023-03-09,Ala Mobile,CVi Games,IARC,3+,https://ja.wikipedia.org/wiki/Nintendo_Switch%E3%81%AE%E3%82%B2%E3%83%BC%E3%83%A0%E3%82%BF%E3%82%A4%E3%83%88%E3%83%AB%E4%B8%80%E8%A6%A7_%282023%E5%B9%B4%29
2023-03-09,The Last Spell,DANGEN Entertainment/The Arcade Crew,IARC,16+,https://ja.wikipedia.org/wiki/Nintendo_Switch%E3%81%AE%E3%82%B2%E3%83%BC%E3%83%A0%E3%82%BF%E3%82%A4%E3%83%88%E3%83%AB%E4%B8%80%E8%A6%A7_%282023%E5%B9%B4%29
2023-03-09,Gunborg: Dark Matters,eastasiasoft,IARC,12+,https://ja.wikipedia.org/wiki/Nintendo_Switch%E3%81%AE%E3%82%B2%E3%83%BC%E3%83%A0%E3%82%BF%E3%82%A4%E3%83%88%E3%83%AB%E4%B8%80%E8%A6%A7_%282023%E5%B9%B4%29
2023-03-09,シャーロック・ホームズの遺言,Frogwares,IARC,16+,https://ja.wikipedia.org/wiki/Nintendo_Switch%E3%81%AE%E3%82%B2%E3%83%BC%E3%83%A0%E3%82%BF%E3%82%A4%E3%83%88%E3%83%AB%E4%B8%80%E8%A6%A7_%282023%E5%B9%B4%29
2023-03-09,雲上のフェアリーテイル,iMel,CERO,D,https://ja.wikipedia.org/wiki/Nintendo_Switch%E3%81%AE%E3%82%B2%E3%83%BC%E3%83%A0%E3%82%BF%E3%82%A4%E3%83%88%E3%83%AB%E4%B8%80%E8%A6%A7_%282023%E5%B9%B4%29
2023-03-09,Outcasts of Dungeon: Epic Magic World Fight Rogue Game Simulator,Midnight Works,IARC,3+,https://ja.wikipedia.org/wiki/Nintendo_Switch%E3%81%AE%E3%82%B2%E3%83%BC%E3%83%A0%E3%82%BF%E3%82%A4%E3%83%88%E3%83%AB%E4%B8%80%E8%A6%A7_%282023%E5%B9%B4%29
2023-03-09,Train Life: A Railway Simulator,Nacon,IARC,3+,https://ja.wikipedia.org/wiki/Nintendo_Switch%E3%81%AE%E3%82%B2%E3%83%BC%E3%83%A0%E3%82%BF%E3%82%A4%E3%83%88%E3%83%AB%E4%B8%80%E8%A6%A7_%282023%E5%B9%B4%29
2023-03-09,数字パズルゲーム ずっと,Peaksel,IARC,3+,https://ja.wikipedia.org/wiki/Nintendo_Switch%E3%81%AE%E3%82%B2%E3%83%BC%E3%83%A0%E3%82%BF%E3%82%A4%E3%83%88%E3%83%AB%E4%B8%80%E8%A6%A7_%282023%E5%B9%B4%29
2023-03-09,Mari & Bayu: The Road Home,Plug In Digital,IARC,7+,https://ja.wikipedia.org/wiki/Nintendo_Switch%E3%81%AE%E3%82%B2%E3%83%BC%E3%83%A0%E3%82%BF%E3%82%A4%E3%83%88%E3%83%AB%E4%B8%80%E8%A6%A7_%282023%E5%B9%B4%29
2023-03-09,Railway Islands - Puzzle,QUByte Interactive,IARC,3+,https://ja.wikipedia.org/wiki/Nintendo_Switch%E3%81%AE%E3%82%B2%E3%83%BC%E3%83%A0%E3%82%BF%E3%82%A4%E3%83%88%E3%83%AB%E4%B8%80%E8%A6%A7_%282023%E5%B9%B4%29
2023-03-09,パッケージラッシュ,RedDeerGames,IARC,3+,https://ja.wikipedia.org/wiki/Nintendo_Switch%E3%81%AE%E3%82%B2%E3%83%BC%E3%83%A0%E3%82%BF%E3%82%A4%E3%83%88%E3%83%AB%E4%B8%80%E8%A6%A7_%282023%E5%B9%B4%29
2023-03-09,宇宙の尻尾,RedDeerGames,IARC,7+,https://ja.wikipedia.org/wiki/Nintendo_Switch%E3%81%AE%E3%82%B2%E3%83%BC%E3%83%A0%E3%82%BF%E3%82%A4%E3%83%88%E3%83%AB%E4%B8%80%E8%A6%A7_%282023%E5%B9%B4%29
2023-03-09,Super Ninja Miner,Silen Games,IARC,7+,https://ja.wikipedia.org/wiki/Nintendo_Switch%E3%81%AE%E3%82%B2%E3%83%BC%E3%83%A0%E3%82%BF%E3%82%A4%E3%83%88%E3%83%AB%E4%B8%80%E8%A6%A7_%282023%E5%B9%B4%29
2023-03-09,Super Hero Fighting Legends : Anime Mortal Battle,VG Games,IARC,7+,https://ja.wikipedia.org/wiki/Nintendo_Switch%E3%81%AE%E3%82%B2%E3%83%BC%E3%83%A0%E3%82%BF%E3%82%A4%E3%83%88%E3%83%AB%E4%B8%80%E8%A6%A7_%282023%E5%B9%B4%29
2023-03-09,ちっぴーとのっぽー なかよしコンビのわくわく工場,peakvox/オーツー,IARC,3+,https://ja.wikipedia.org/wiki/Nintendo_Switch%E3%81%AE%E3%82%B2%E3%83%BC%E3%83%A0%E3%82%BF%E3%82%A4%E3%83%88%E3%83%AB%E4%B8%80%E8%A6%A7_%282023%E5%B9%B4%29
2023-03-09,草食系男子の言いなり入院生活 - A passive boy at the Huntress clinic -,サイバーステップ,IARC,16+,https://ja.wikipedia.org/wiki/Nintendo_Switch%E3%81%AE%E3%82%B2%E3%83%BC%E3%83%A0%E3%82%BF%E3%82%A4%E3%83%88%E3%83%AB%E4%B8%80%E8%A6%A7_%282023%E5%B9%B4%29
2023-03-09,Mystic Gate,ズー,IARC,7+,https://ja.wikipedia.org/wiki/Nintendo_Switch%E3%81%AE%E3%82%B2%E3%83%BC%E3%83%A0%E3%82%BF%E3%82%A4%E3%83%88%E3%83%AB%E4%B8%80%E8%A6%A7_%282023%E5%B9%B4%29
2023-03-09,パラノマサイト FILE23 本所七不思議,スクウェア・エニックス,CERO,D,https://ja.wikipedia.org/wiki/Nintendo_Switch%E3%81%AE%E3%82%B2%E3%83%BC%E3%83%A0%E3%82%BF%E3%82%A4%E3%83%88%E3%83%AB%E4%B8%80%E8%A6%A7_%282023%E5%B9%B4%29
2023-03-09,ニコリのパズルS ましゅ,ハムスター,IARC,3+,https://ja.wikipedia.org/wiki/Nintendo_Switch%E3%81%AE%E3%82%B2%E3%83%BC%E3%83%A0%E3%82%BF%E3%82%A4%E3%83%88%E3%83%AB%E4%B8%80%E8%A6%A7_%282023%E5%B9%B4%29
2023-03-09,ゼイ オールウェイズ ラン,レイニーフロッグ,IARC,16+,https://ja.wikipedia.org/wiki/Nintendo_Switch%E3%81%AE%E3%82%B2%E3%83%BC%E3%83%A0%E3%82%BF%E3%82%A4%E3%83%88%E3%83%AB%E4%B8%80%E8%A6%A7_%282023%E5%B9%B4%29
2023-03-09,WHY I was Born,レジスタ,CERO,B,https://ja.wikipedia.org/wiki/Nintendo_Switch%E3%81%AE%E3%82%B2%E3%83%BC%E3%83%A0%E3%82%BF%E3%82%A4%E3%83%88%E3%83%AB%E4%B8%80%E8%A6%A7_%282023%E5%B9%B4%29
2023-03-09,猫様のからくりガーデンからの脱出,レジスタ,CERO,A,https://ja.wikipedia.org/wiki/Nintendo_Switch%E3%81%AE%E3%82%B2%E3%83%BC%E3%83%A0%E3%82%BF%E3%82%A4%E3%83%88%E3%83%AB%E4%B8%80%E8%A6%A7_%282023%E5%B9%B4%29
2023-03-09,息子のおヨメさま ―ワケアリ妻は地雷系泥沼ストーリー―,東京通信,IARC,12+,https://ja.wikipedia.org/wiki/Nintendo_Switch%E3%81%AE%E3%82%B2%E3%83%BC%E3%83%A0%E3%82%BF%E3%82%A4%E3%83%88%E3%83%AB%E4%B8%80%E8%A6%A7_%282023%E5%B9%B4%29
2023-03-09,名探偵のナゾトキ推理 ―スリルとサスペンスの事件解決謎解きゲーム―,東京通信,IARC,12+,https://ja.wikipedia.org/wiki/Nintendo_Switch%E3%81%AE%E3%82%B2%E3%83%BC%E3%83%A0%E3%82%BF%E3%82%A4%E3%83%88%E3%83%AB%E4%B8%80%E8%A6%A7_%282023%E5%B9%B4%29
2023-03-10,ミソロジー・ワイフ・マージャン,Gamuzumi,IARC,12+,https://ja.wikipedia.org/wiki/Nintendo_Switch%E3%81%AE%E3%82%B2%E3%83%BC%E3%83%A0%E3%82%BF%E3%82%A4%E3%83%88%E3%83%AB%E4%B8%80%E8%A6%A7_%282023%E5%B9%B4%29
2023-03-10,emoji Kart Racer,Joindots,IARC,3+,https://ja.wikipedia.org/wiki/Nintendo_Switch%E3%81%AE%E3%82%B2%E3%83%BC%E3%83%A0%E3%82%BF%E3%82%A4%E3%83%88%E3%83%AB%E4%B8%80%E8%A6%A7_%282023%E5%B9%B4%29
2023-03-15,ヴァーナルエッジ,Plug In Digital,IARC,12+,https://ja.wikipedia.org/wiki/Nintendo_Switch%E3%81%AE%E3%82%B2%E3%83%BC%E3%83%A0%E3%82%BF%E3%82%A4%E3%83%88%E3%83%AB%E4%B8%80%E8%A6%A7_%282023%E5%B9%B4%29
2023-03-15,カブトクワガタ,小学館,CERO,A,https://ja.wikipedia.org/wiki/Nintendo_Switch%E3%81%AE%E3%82%B2%E3%83%BC%E3%83%A0%E3%82%BF%E3%82%A4%E3%83%88%E3%83%AB%E4%B8%80%E8%A6%A7_%282023%E5%B9%B4%29
2023-03-16,Unmatched,Acram Digital,IARC,12+,https://ja.wikipedia.org/wiki/Nintendo_Switch%E3%81%AE%E3%82%B2%E3%83%BC%E3%83%A0%E3%82%BF%E3%82%A4%E3%83%88%E3%83%AB%E4%B8%80%E8%A6%A7_%282023%E5%B9%B4%29
2023-03-16,「スチーム:富へのレール」公式版,Acram Digital,IARC,3+,https://ja.wikipedia.org/wiki/Nintendo_Switch%E3%81%AE%E3%82%B2%E3%83%BC%E3%83%A0%E3%82%BF%E3%82%A4%E3%83%88%E3%83%AB%E4%B8%80%E8%A6%A7_%282023%E5%B9%B4%29
2023-03-16,Bear and Breakfast,Armor Games Studios,IARC,7+,https://ja.wikipedia.org/wiki/Nintendo_Switch%E3%81%AE%E3%82%B2%E3%83%BC%E3%83%A0%E3%82%BF%E3%82%A4%E3%83%88%E3%83%AB%E4%B8%80%E8%A6%A7_%282023%E5%B9%B4%29
2023-03-16,Demon Hunter: 向こう側からの記録,Artifex Mundi,IARC,12+,https://ja.wikipedia.org/wiki/Nintendo_Switch%E3%81%AE%E3%82%B2%E3%83%BC%E3%83%A0%E3%82%BF%E3%82%A4%E3%83%88%E3%83%AB%E4%B8%80%E8%A6%A7_%282023%E5%B9%B4%29
2023-03-16,Figment 2: Creed Valley,Bedtime Digital,IARC,7+,https://ja.wikipedia.org/wiki/Nintendo_Switch%E3%81%AE%E3%82%B2%E3%83%BC%E3%83%A0%E3%82%BF%E3%82%A4%E3%83%88%E3%83%AB%E4%B8%80%E8%A6%A7_%282023%E5%B9%B4%29
2023-03-16,ATONE: Heart of the Elder Tree,Beep,IARC,16+,https://ja.wikipedia.org/wiki/Nintendo_Switch%E3%81%AE%E3%82%B2%E3%83%BC%E3%83%A0%E3%82%BF%E3%82%A4%E3%83%88%E3%83%AB%E4%B8%80%E8%A6%A7_%282023%E5%B9%B4%29
2023-03-16,激走!便座レース -Toilet Shooting Star-,Da-Soft,IARC,3+,https://ja.wikipedia.org/wiki/Nintendo_Switch%E3%81%AE%E3%82%B2%E3%83%BC%E3%83%A0%E3%82%BF%E3%82%A4%E3%83%88%E3%83%AB%E4%B8%80%E8%A6%A7_%282023%E5%B9%B4%29
2023-03-16,Life of Delta,Daedalic Entertainment,IARC,3+,https://ja.wikipedia.org/wiki/Nintendo_Switch%E3%81%AE%E3%82%B2%E3%83%BC%E3%83%A0%E3%82%BF%E3%82%A4%E3%83%88%E3%83%AB%E4%B8%80%E8%A6%A7_%282023%E5%B9%B4%29
2023-03-16,NONO ADVENTURE,Dawid Poleszczuk,IARC,3+,https://ja.wikipedia.org/wiki/Nintendo_Switch%E3%81%AE%E3%82%B2%E3%83%BC%E3%83%A0%E3%82%BF%E3%82%A4%E3%83%88%E3%83%AB%E4%B8%80%E8%A6%A7_%282023%E5%B9%B4%29
2023-03-16,Tricky Thief,eastasiasoft,IARC,3+,https://ja.wikipedia.org/wiki/Nintendo_Switch%E3%81%AE%E3%82%B2%E3%83%BC%E3%83%A0%E3%82%BF%E3%82%A4%E3%83%88%E3%83%AB%E4%B8%80%E8%A6%A7_%282023%E5%B9%B4%29
2023-03-16,Zapling Bygone,eastasiasoft,IARC,12+,https://ja.wikipedia.org/wiki/Nintendo_Switch%E3%81%AE%E3%82%B2%E3%83%BC%E3%83%A0%E3%82%BF%E3%82%A4%E3%83%88%E3%83%AB%E4%B8%80%E8%A6%A7_%282023%E5%B9%B4%29
2023-03-16,タンキータンクス2,EpiXR Games,IARC,3+,https://ja.wikipedia.org/wiki/Nintendo_Switch%E3%81%AE%E3%82%B2%E3%83%BC%E3%83%A0%E3%82%BF%E3%82%A4%E3%83%88%E3%83%AB%E4%B8%80%E8%A6%A7_%282023%E5%B9%B4%29
2023-03-16,ルートボックスシミュレーター ヒアローズオブザダークエージ,EpiXR Games,IARC,3+,https://ja.wikipedia.org/wiki/Nintendo_Switch%E3%81%AE%E3%82%B2%E3%83%BC%E3%83%A0%E3%82%BF%E3%82%A4%E3%83%88%E3%83%AB%E4%B8%80%E8%A6%A7_%282023%E5%B9%B4%29
2023-03-16,Blocky Farm,Forever Entertainment,IARC,3+,https://ja.wikipedia.org/wiki/Nintendo_Switch%E3%81%AE%E3%82%B2%E3%83%BC%E3%83%A0%E3%82%BF%E3%82%A4%E3%83%88%E3%83%AB%E4%B8%80%E8%A6%A7_%282023%E5%B9%B4%29
2023-03-16,テント・アンド・ツリー,Frozax Games,IARC,3+,https://ja.wikipedia.org/wiki/Nintendo_Switch%E3%81%AE%E3%82%B2%E3%83%BC%E3%83%A0%E3%82%BF%E3%82%A4%E3%83%88%E3%83%AB%E4%B8%80%E8%A6%A7_%282023%E5%B9%B4%29
2023-03-16,Amber City〜秋の都〜,Gamera Games,IARC,3+,https://ja.wikipedia.org/wiki/Nintendo_Switch%E3%81%AE%E3%82%B2%E3%83%BC%E3%83%A0%E3%82%BF%E3%82%A4%E3%83%88%E3%83%AB%E4%B8%80%E8%A6%A7_%282023%E5%B9%B4%29
2023-03-16,Labyrinth Runner - Horror Escape Survive Simulator,GOGAME CONSOLE PUBLISHER,IARC,12+,https://ja.wikipedia.org/wiki/Nintendo_Switch%E3%81%AE%E3%82%B2%E3%83%BC%E3%83%A0%E3%82%BF%E3%82%A4%E3%83%88%E3%83%AB%E4%B8%80%E8%A6%A7_%282023%E5%B9%B4%29
2023-03-16,バックビート,Ichigoichie,IARC,3+,https://ja.wikipedia.org/wiki/Nintendo_Switch%E3%81%AE%E3%82%B2%E3%83%BC%E3%83%A0%E3%82%BF%E3%82%A4%E3%83%88%E3%83%AB%E4%B8%80%E8%A6%A7_%282023%E5%B9%B4%29
2023-03-16,アポカリプシス,Klabater,IARC,12+,https://ja.wikipedia.org/wiki/Nintendo_Switch%E3%81%AE%E3%82%B2%E3%83%BC%E3%83%A0%E3%82%BF%E3%82%A4%E3%83%88%E3%83%AB%E4%B8%80%E8%A6%A7_%282023%E5%B9%B4%29
2023-03-16,ビッグ ファーマ,Klabater,IARC,3+,https://ja.wikipedia.org/wiki/Nintendo_Switch%E3%81%AE%E3%82%B2%E3%83%BC%E3%83%A0%E3%82%BF%E3%82%A4%E3%83%88%E3%83%AB%E4%B8%80%E8%A6%A7_%282023%E5%B9%B4%29
2023-03-16,ヘルプ ウィル カム トゥモロー,Klabater,IARC,16+,https://ja.wikipedia.org/wiki/Nintendo_Switch%E3%81%AE%E3%82%B2%E3%83%BC%E3%83%A0%E3%82%BF%E3%82%A4%E3%83%88%E3%83%AB%E4%B8%80%E8%A6%A7_%282023%E5%B9%B4%29
2023-03-16,Asterix & Obelix: Slap them All!,Microids,IARC,7+,https://ja.wikipedia.org/wiki/Nintendo_Switch%E3%81%AE%E3%82%B2%E3%83%BC%E3%83%A0%E3%82%BF%E3%82%A4%E3%83%88%E3%83%AB%E4%B8%80%E8%A6%A7_%282023%E5%B9%B4%29
2023-03-16,My Universe - My Baby Dragon,Microids,IARC,3+,https://ja.wikipedia.org/wiki/Nintendo_Switch%E3%81%AE%E3%82%B2%E3%83%BC%E3%83%A0%E3%82%BF%E3%82%A4%E3%83%88%E3%83%AB%E4%B8%80%E8%A6%A7_%282023%E5%B9%B4%29
2023-03-16,My Universe - Puppies and Kittens,Microids,IARC,3+,https://ja.wikipedia.org/wiki/Nintendo_Switch%E3%81%AE%E3%82%B2%E3%83%BC%E3%83%A0%E3%82%BF%E3%82%A4%E3%83%88%E3%83%AB%E4%B8%80%E8%A6%A7_%282023%E5%B9%B4%29
2023-03-16,毎日続けてぐんぐん伸びる 宮本式フラッシュ暗算S,ORENDA,IARC,3+,https://ja.wikipedia.org/wiki/Nintendo_Switch%E3%81%AE%E3%82%B2%E3%83%BC%E3%83%A0%E3%82%BF%E3%82%A4%E3%83%88%E3%83%AB%E4%B8%80%E8%A6%A7_%282023%E5%B9%B4%29
2023-03-16,チタニウム ハウンド,OverGamez,IARC,7+,https://ja.wikipedia.org/wiki/Nintendo_Switch%E3%81%AE%E3%82%B2%E3%83%BC%E3%83%A0%E3%82%BF%E3%82%A4%E3%83%88%E3%83%AB%E4%B8%80%E8%A6%A7_%282023%E5%B9%B4%29
2023-03-16,SUBWAY MIDNIGHT -サブウェイミッドナイト-,PLAYISM,IARC,16+,https://ja.wikipedia.org/wiki/Nintendo_Switch%E3%81%AE%E3%82%B2%E3%83%BC%E3%83%A0%E3%82%BF%E3%82%A4%E3%83%88%E3%83%AB%E4%B8%80%E8%A6%A7_%282023%E5%B9%B4%29
2023-03-16,Sherlock Purr,Prison Games,IARC,3+,https://ja.wikipedia.org/wiki/Nintendo_Switch%E3%81%AE%E3%82%B2%E3%83%BC%E3%83%A0%E3%82%BF%E3%82%A4%E3%83%88%E3%83%AB%E4%B8%80%E8%A6%A7_%282023%E5%B9%B4%29
2023-03-16,My Little Prince - A jigsaw puzzle tale,QUByte Interactive,IARC,3+,https://ja.wikipedia.org/wiki/Nintendo_Switch%E3%81%AE%E3%82%B2%E3%83%BC%E3%83%A0%E3%82%BF%E3%82%A4%E3%83%88%E3%83%AB%E4%B8%80%E8%A6%A7_%282023%E5%B9%B4%29
2023-03-16,キュートでコワイ,RedDeerGames,IARC,12+,https://ja.wikipedia.org/wiki/Nintendo_Switch%E3%81%AE%E3%82%B2%E3%83%BC%E3%83%A0%E3%82%BF%E3%82%A4%E3%83%88%E3%83%AB%E4%B8%80%E8%A6%A7_%282023%E5%B9%B4%29
2023-03-16,ザ・トレフリックファミリー.,RedDeerGames,IARC,3+,https://ja.wikipedia.org/wiki/Nintendo_Switch%E3%81%AE%E3%82%B2%E3%83%BC%E3%83%A0%E3%82%BF%E3%82%A4%E3%83%88%E3%83%AB%E4%B8%80%E8%A6%A7_%282023%E5%B9%B4%29
2023-03-16,PIRATED CODE: ADMIN EDITION,SOFT SOURCE,IARC,12+,https://ja.wikipedia.org/wiki/Nintendo_Switch%E3%81%AE%E3%82%B2%E3%83%BC%E3%83%A0%E3%82%BF%E3%82%A4%E3%83%88%E3%83%AB%E4%B8%80%E8%A6%A7_%282023%E5%B9%B4%29
2023-03-16,Tiny Troopers: Global Ops,SOFT SOURCE,CERO,B,https://ja.wikipedia.org/wiki/Nintendo_Switch%E3%81%AE%E3%82%B2%E3%83%BC%E3%83%A0%E3%82%BF%E3%82%A4%E3%83%88%E3%83%AB%E4%B8%80%E8%A6%A7_%282023%E5%B9%B4%29
2023-03-16,ポップリング,Sprytosaur,IARC,3+,https://ja.wikipedia.org/wiki/Nintendo_Switch%E3%81%AE%E3%82%B2%E3%83%BC%E3%83%A0%E3%82%BF%E3%82%A4%E3%83%88%E3%83%AB%E4%B8%80%E8%A6%A7_%282023%E5%B9%B4%29
2023-03-16,Loop,Team Chili,IARC,7+,https://ja.wikipedia.org/wiki/Nintendo_Switch%E3%81%AE%E3%82%B2%E3%83%BC%E3%83%A0%E3%82%BF%E3%82%A4%E3%83%88%E3%83%AB%E4%B8%80%E8%A6%A7_%282023%E5%B9%B4%29
2023-03-16,"Gangster Life: Criminal Untold, Cars, Theft, Police",VG Games,IARC,16+,https://ja.wikipedia.org/wiki/Nintendo_Switch%E3%81%AE%E3%82%B2%E3%83%BC%E3%83%A0%E3%82%BF%E3%82%A4%E3%83%88%E3%83%AB%E4%B8%80%E8%A6%A7_%282023%E5%B9%B4%29
2023-03-16,Zombie Garden vs Plants Defence - Battle Craft and Survival Simulator Game,VG Games,IARC,3+,https://ja.wikipedia.org/wiki/Nintendo_Switch%E3%81%AE%E3%82%B2%E3%83%BC%E3%83%A0%E3%82%BF%E3%82%A4%E3%83%88%E3%83%AB%E4%B8%80%E8%A6%A7_%282023%E5%B9%B4%29
2023-03-16,第51戦隊「Squad 51 vs. the Flying Saucers」,WhisperGames,IARC,7+,https://ja.wikipedia.org/wiki/Nintendo_Switch%E3%81%AE%E3%82%B2%E3%83%BC%E3%83%A0%E3%82%BF%E3%82%A4%E3%83%88%E3%83%AB%E4%B8%80%E8%A6%A7_%282023%E5%B9%B4%29
2023-03-16,Terminal Velocity (ゲーム),Ziggurat,IARC,7+,https://ja.wikipedia.org/wiki/Nintendo_Switch%E3%81%AE%E3%82%B2%E3%83%BC%E3%83%A0%E3%82%BF%E3%82%A4%E3%83%88%E3%83%AB%E4%B8%80%E8%A6%A7_%282023%E5%B9%B4%29
2023-03-16,ビタースイート - 家出少女とワケあり同棲生活 - Bitter-Sweet Cohabitation,サイバーステップ,IARC,16+,https://ja.wikipedia.org/wiki/Nintendo_Switch%E3%81%AE%E3%82%B2%E3%83%BC%E3%83%A0%E3%82%BF%E3%82%A4%E3%83%88%E3%83%AB%E4%B8%80%E8%A6%A7_%282023%E5%B9%B4%29
2023-03-16,ARK: Dinosaur Discovery,スパイク・チュンソフト,CERO,A,https://ja.wikipedia.org/wiki/Nintendo_Switch%E3%81%AE%E3%82%B2%E3%83%BC%E3%83%A0%E3%82%BF%E3%82%A4%E3%83%88%E3%83%AB%E4%B8%80%E8%A6%A7_%282023%E5%B9%B4%29
2023-03-16,イキすぎ!?ビフォーアフター ―謎解き推理とオトナなJKギャルゲーム―,東京通信,IARC,12+,https://ja.wikipedia.org/wiki/Nintendo_Switch%E3%81%AE%E3%82%B2%E3%83%BC%E3%83%A0%E3%82%BF%E3%82%A4%E3%83%88%E3%83%AB%E4%B8%80%E8%A6%A7_%282023%E5%B9%B4%29
2023-03-16,脱走中 ―逃走した犯人を探せ！絵探しクイズゲーム―,東京通信,IARC,12+,https://ja.wikipedia.org/wiki/Nintendo_Switch%E3%81%AE%E3%82%B2%E3%83%BC%E3%83%A0%E3%82%BF%E3%82%A4%E3%83%88%E3%83%AB%E4%B8%80%E8%A6%A7_%282023%E5%B9%B4%29
2023-03-16,直感!ひらめきお絵かきクイズ ―頭の体操かんたん楽しい謎解き脳トレゲーム―,東京通信,IARC,3+,https://ja.wikipedia.org/wiki/Nintendo_Switch%E3%81%AE%E3%82%B2%E3%83%BC%E3%83%A0%E3%82%BF%E3%82%A4%E3%83%88%E3%83%AB%E4%B8%80%E8%A6%A7_%282023%E5%B9%B4%29
2023-03-20,もふもふバトル,Cosmic Publishing,IARC,3+,https://ja.wikipedia.org/wiki/Nintendo_Switch%E3%81%AE%E3%82%B2%E3%83%BC%E3%83%A0%E3%82%BF%E3%82%A4%E3%83%88%E3%83%AB%E4%B8%80%E8%A6%A7_%282023%E5%B9%B4%29
2023-03-22,Unheard －罪の代弁－,505 Games,CERO,C,https://ja.wikipedia.org/wiki/Nintendo_Switch%E3%81%AE%E3%82%B2%E3%83%BC%E3%83%A0%E3%82%BF%E3%82%A4%E3%83%88%E3%83%AB%E4%B8%80%E8%A6%A7_%282023%E5%B9%B4%29
2023-03-22,Have a Nice Death,Gearbox Publishing,IARC,12+,https://ja.wikipedia.org/wiki/Nintendo_Switch%E3%81%AE%E3%82%B2%E3%83%BC%E3%83%A0%E3%82%BF%E3%82%A4%E3%83%88%E3%83%AB%E4%B8%80%E8%A6%A7_%282023%E5%B9%B4%29
2023-03-23,Scramballed!,11Sheep,IARC,3+,https://ja.wikipedia.org/wiki/Nintendo_Switch%E3%81%AE%E3%82%B2%E3%83%BC%E3%83%A0%E3%82%BF%E3%82%A4%E3%83%88%E3%83%AB%E4%B8%80%E8%A6%A7_%282023%E5%B9%B4%29
2023-03-23,千手英雄,BitCA,IARC,3+,https://ja.wikipedia.org/wiki/Nintendo_Switch%E3%81%AE%E3%82%B2%E3%83%BC%E3%83%A0%E3%82%BF%E3%82%A4%E3%83%88%E3%83%AB%E4%B8%80%E8%A6%A7_%282023%E5%B9%B4%29
2023-03-23,イージーレッド2,Corvostudio di Amadei Marco,IARC,16+,https://ja.wikipedia.org/wiki/Nintendo_Switch%E3%81%AE%E3%82%B2%E3%83%BC%E3%83%A0%E3%82%BF%E3%82%A4%E3%83%88%E3%83%AB%E4%B8%80%E8%A6%A7_%282023%E5%B9%B4%29
2023-03-23,ニューモリション,Denda Games,IARC,3+,https://ja.wikipedia.org/wiki/Nintendo_Switch%E3%81%AE%E3%82%B2%E3%83%BC%E3%83%A0%E3%82%BF%E3%82%A4%E3%83%88%E3%83%AB%E4%B8%80%E8%A6%A7_%282023%E5%B9%B4%29
2023-03-23,Monorail Stories,Freedom Games,IARC,7+,https://ja.wikipedia.org/wiki/Nintendo_Switch%E3%81%AE%E3%82%B2%E3%83%BC%E3%83%A0%E3%82%BF%E3%82%A4%E3%83%88%E3%83%AB%E4%B8%80%E8%A6%A7_%282023%E5%B9%B4%29
2023-03-23,スシ・バー・エクスプレス,Funbox Media,IARC,3+,https://ja.wikipedia.org/wiki/Nintendo_Switch%E3%81%AE%E3%82%B2%E3%83%BC%E3%83%A0%E3%82%BF%E3%82%A4%E3%83%88%E3%83%AB%E4%B8%80%E8%A6%A7_%282023%E5%B9%B4%29
2023-03-23,Song of Memories,Future Tech Lab,IARC,7+,https://ja.wikipedia.org/wiki/Nintendo_Switch%E3%81%AE%E3%82%B2%E3%83%BC%E3%83%A0%E3%82%BF%E3%82%A4%E3%83%88%E3%83%AB%E4%B8%80%E8%A6%A7_%282023%E5%B9%B4%29
2023-03-23,Kung Fury: Street Rage - Ultimate Edition,Hello There Games,IARC,16+,https://ja.wikipedia.org/wiki/Nintendo_Switch%E3%81%AE%E3%82%B2%E3%83%BC%E3%83%A0%E3%82%BF%E3%82%A4%E3%83%88%E3%83%AB%E4%B8%80%E8%A6%A7_%282023%E5%B9%B4%29
2023-03-23,少年探偵団と丘の上の奇妙なカラクリ屋敷,KADOKAWA,CERO,A,https://ja.wikipedia.org/wiki/Nintendo_Switch%E3%81%AE%E3%82%B2%E3%83%BC%E3%83%A0%E3%82%BF%E3%82%A4%E3%83%88%E3%83%AB%E4%B8%80%E8%A6%A7_%282023%E5%B9%B4%29
2023-03-23,SUBNET - 脱出部屋の冒険,M9 Games,IARC,12+,https://ja.wikipedia.org/wiki/Nintendo_Switch%E3%81%AE%E3%82%B2%E3%83%BC%E3%83%A0%E3%82%BF%E3%82%A4%E3%83%88%E3%83%AB%E4%B8%80%E8%A6%A7_%282023%E5%B9%B4%29
2023-03-23,エア・ホッケー・アーケード・カジュアル・ボード・ゲーム,Megame,IARC,3+,https://ja.wikipedia.org/wiki/Nintendo_Switch%E3%81%AE%E3%82%B2%E3%83%BC%E3%83%A0%E3%82%BF%E3%82%A4%E3%83%88%E3%83%AB%E4%B8%80%E8%A6%A7_%282023%E5%B9%B4%29
2023-03-23,Rakuen,Morizora Studios,IARC,7+,https://ja.wikipedia.org/wiki/Nintendo_Switch%E3%81%AE%E3%82%B2%E3%83%BC%E3%83%A0%E3%82%BF%E3%82%A4%E3%83%88%E3%83%AB%E4%B8%80%E8%A6%A7_%282023%E5%B9%B4%29
2023-03-23,ジュラ島 魚つりのたび,RedDeerGames,IARC,3+,https://ja.wikipedia.org/wiki/Nintendo_Switch%E3%81%AE%E3%82%B2%E3%83%BC%E3%83%A0%E3%82%BF%E3%82%A4%E3%83%88%E3%83%AB%E4%B8%80%E8%A6%A7_%282023%E5%B9%B4%29
2023-03-23,よちよちマイペット,RedDeerGames,IARC,3+,https://ja.wikipedia.org/wiki/Nintendo_Switch%E3%81%AE%E3%82%B2%E3%83%BC%E3%83%A0%E3%82%BF%E3%82%A4%E3%83%88%E3%83%AB%E4%B8%80%E8%A6%A7_%282023%E5%B9%B4%29
2023-03-23,ghostpia シーズンワン,room6,IARC,16+,https://ja.wikipedia.org/wiki/Nintendo_Switch%E3%81%AE%E3%82%B2%E3%83%BC%E3%83%A0%E3%82%BF%E3%82%A4%E3%83%88%E3%83%AB%E4%B8%80%E8%A6%A7_%282023%E5%B9%B4%29
2023-03-23,APSULOV: END OF GODS,SOFT SOURCE,CERO,Z,https://ja.wikipedia.org/wiki/Nintendo_Switch%E3%81%AE%E3%82%B2%E3%83%BC%E3%83%A0%E3%82%BF%E3%82%A4%E3%83%88%E3%83%AB%E4%B8%80%E8%A6%A7_%282023%E5%B9%B4%29
2023-03-23,クライムバスターズ ストライクエリア,トローゼ,IARC,16+,https://ja.wikipedia.org/wiki/Nintendo_Switch%E3%81%AE%E3%82%B2%E3%83%BC%E3%83%A0%E3%82%BF%E3%82%A4%E3%83%88%E3%83%AB%E4%B8%80%E8%A6%A7_%282023%E5%B9%B4%29
2023-03-23,地下水路からの脱出,レジスタ,CERO,A,https://ja.wikipedia.org/wiki/Nintendo_Switch%E3%81%AE%E3%82%B2%E3%83%BC%E3%83%A0%E3%82%BF%E3%82%A4%E3%83%88%E3%83%AB%E4%B8%80%E8%A6%A7_%282023%E5%B9%B4%29
2023-03-23,ドコにいる?非常口のピクトさん―遊べて学べる暇つぶし絵探しイラストクイズ脳トレゲーム―,東京通信,IARC,3+,https://ja.wikipedia.org/wiki/Nintendo_Switch%E3%81%AE%E3%82%B2%E3%83%BC%E3%83%A0%E3%82%BF%E3%82%A4%E3%83%88%E3%83%AB%E4%B8%80%E8%A6%A7_%282023%E5%B9%B4%29
2023-03-23,ヤンデレ裏カノ地雷ちゃん―量産型ヤミ系女子恋愛ギャルゲーム―,東京通信,IARC,12+,https://ja.wikipedia.org/wiki/Nintendo_Switch%E3%81%AE%E3%82%B2%E3%83%BC%E3%83%A0%E3%82%BF%E3%82%A4%E3%83%88%E3%83%AB%E4%B8%80%E8%A6%A7_%282023%E5%B9%B4%29
2023-03-24,Storyteller,Annapurna Interactive,IARC,16+,https://ja.wikipedia.org/wiki/Nintendo_Switch%E3%81%AE%E3%82%B2%E3%83%BC%E3%83%A0%E3%82%BF%E3%82%A4%E3%83%88%E3%83%AB%E4%B8%80%E8%A6%A7_%282023%E5%B9%B4%29
2023-03-28,MLB: The Show,MLBAM,IARC,3+,https://ja.wikipedia.org/wiki/Nintendo_Switch%E3%81%AE%E3%82%B2%E3%83%BC%E3%83%A0%E3%82%BF%E3%82%A4%E3%83%88%E3%83%AB%E4%B8%80%E8%A6%A7_%282023%E5%B9%B4%29
2023-03-30,Formula Retro Racing: World Tour,CGA Studio Games,IARC,3+,https://ja.wikipedia.org/wiki/Nintendo_Switch%E3%81%AE%E3%82%B2%E3%83%BC%E3%83%A0%E3%82%BF%E3%82%A4%E3%83%88%E3%83%AB%E4%B8%80%E8%A6%A7_%282023%E5%B9%B4%29
2023-03-30,Colossal Cave,Cygnus Entertainment,IARC,7+,https://ja.wikipedia.org/wiki/Nintendo_Switch%E3%81%AE%E3%82%B2%E3%83%BC%E3%83%A0%E3%82%BF%E3%82%A4%E3%83%88%E3%83%AB%E4%B8%80%E8%A6%A7_%282023%E5%B9%B4%29
2023-03-30,Root: A Game of Woodland Might and Right,Dire Wolf Digital,IARC,7+,https://ja.wikipedia.org/wiki/Nintendo_Switch%E3%81%AE%E3%82%B2%E3%83%BC%E3%83%A0%E3%82%BF%E3%82%A4%E3%83%88%E3%83%AB%E4%B8%80%E8%A6%A7_%282023%E5%B9%B4%29
2023-03-30,ポケットペンギンDX: レトロスタイルの冒険,Dog Biscuit Studios,IARC,3+,https://ja.wikipedia.org/wiki/Nintendo_Switch%E3%81%AE%E3%82%B2%E3%83%BC%E3%83%A0%E3%82%BF%E3%82%A4%E3%83%88%E3%83%AB%E4%B8%80%E8%A6%A7_%282023%E5%B9%B4%29
2023-03-30,Super Cyborg スーパー・サイボーグ,Drageus Games,IARC,7+,https://ja.wikipedia.org/wiki/Nintendo_Switch%E3%81%AE%E3%82%B2%E3%83%BC%E3%83%A0%E3%82%BF%E3%82%A4%E3%83%88%E3%83%AB%E4%B8%80%E8%A6%A7_%282023%E5%B9%B4%29
2023-03-30,RunBean Galactic,eastasiasoft,IARC,7+,https://ja.wikipedia.org/wiki/Nintendo_Switch%E3%81%AE%E3%82%B2%E3%83%BC%E3%83%A0%E3%82%BF%E3%82%A4%E3%83%88%E3%83%AB%E4%B8%80%E8%A6%A7_%282023%E5%B9%B4%29
2023-03-30,Anyaroth: The Queen's Tyranny アニャーロス 女王の専制政治,Firenut,IARC,7+,https://ja.wikipedia.org/wiki/Nintendo_Switch%E3%81%AE%E3%82%B2%E3%83%BC%E3%83%A0%E3%82%BF%E3%82%A4%E3%83%88%E3%83%AB%E4%B8%80%E8%A6%A7_%282023%E5%B9%B4%29
2023-03-30,Papertris,Flynn's Arcade,IARC,3+,https://ja.wikipedia.org/wiki/Nintendo_Switch%E3%81%AE%E3%82%B2%E3%83%BC%E3%83%A0%E3%82%BF%E3%82%A4%E3%83%88%E3%83%AB%E4%B8%80%E8%A6%A7_%282023%E5%B9%B4%29
2023-03-30,Bounce Journey,Gametry,IARC,3+,https://ja.wikipedia.org/wiki/Nintendo_Switch%E3%81%AE%E3%82%B2%E3%83%BC%E3%83%A0%E3%82%BF%E3%82%A4%E3%83%88%E3%83%AB%E4%B8%80%E8%A6%A7_%282023%E5%B9%B4%29
2023-03-30,サクラ・ネコ計算機,Gamuzumi,IARC,12+,https://ja.wikipedia.org/wiki/Nintendo_Switch%E3%81%AE%E3%82%B2%E3%83%BC%E3%83%A0%E3%82%BF%E3%82%A4%E3%83%88%E3%83%AB%E4%B8%80%E8%A6%A7_%282023%E5%B9%B4%29
2023-03-30,Madness Brutal Fighting - Mortal Fight Battle Attack Multiplayer,GOGAME CONSOLE PUBLISHER,IARC,3+,https://ja.wikipedia.org/wiki/Nintendo_Switch%E3%81%AE%E3%82%B2%E3%83%BC%E3%83%A0%E3%82%BF%E3%82%A4%E3%83%88%E3%83%AB%E4%B8%80%E8%A6%A7_%282023%E5%B9%B4%29
2023-03-30,Gripper グリッパー,Heart Core,IARC,12+,https://ja.wikipedia.org/wiki/Nintendo_Switch%E3%81%AE%E3%82%B2%E3%83%BC%E3%83%A0%E3%82%BF%E3%82%A4%E3%83%88%E3%83%AB%E4%B8%80%E8%A6%A7_%282023%E5%B9%B4%29
2023-03-30,アスカさんはなびかない,iMel,CERO,C,https://ja.wikipedia.org/wiki/Nintendo_Switch%E3%81%AE%E3%82%B2%E3%83%BC%E3%83%A0%E3%82%BF%E3%82%A4%E3%83%88%E3%83%AB%E4%B8%80%E8%A6%A7_%282023%E5%B9%B4%29
2023-03-30,ユキイロサイン,iMel,CERO,C,https://ja.wikipedia.org/wiki/Nintendo_Switch%E3%81%AE%E3%82%B2%E3%83%BC%E3%83%A0%E3%82%BF%E3%82%A4%E3%83%88%E3%83%AB%E4%B8%80%E8%A6%A7_%282023%E5%B9%B4%29
2023-03-30,Dashing Orange,JanduSoft,IARC,3+,https://ja.wikipedia.org/wiki/Nintendo_Switch%E3%81%AE%E3%82%B2%E3%83%BC%E3%83%A0%E3%82%BF%E3%82%A4%E3%83%88%E3%83%AB%E4%B8%80%E8%A6%A7_%282023%E5%B9%B4%29
2023-03-30,Kingdom of Aurelia: Mystery of the Poisoned Dagger,Joindots,IARC,12+,https://ja.wikipedia.org/wiki/Nintendo_Switch%E3%81%AE%E3%82%B2%E3%83%BC%E3%83%A0%E3%82%BF%E3%82%A4%E3%83%88%E3%83%AB%E4%B8%80%E8%A6%A7_%282023%E5%B9%B4%29
2023-03-30,Saga of Sins,Just For Games,IARC,7+,https://ja.wikipedia.org/wiki/Nintendo_Switch%E3%81%AE%E3%82%B2%E3%83%BC%E3%83%A0%E3%82%BF%E3%82%A4%E3%83%88%E3%83%AB%E4%B8%80%E8%A6%A7_%282023%E5%B9%B4%29
2023-03-30,Regular Factory: Escape Room,mc2games,IARC,3+,https://ja.wikipedia.org/wiki/Nintendo_Switch%E3%81%AE%E3%82%B2%E3%83%BC%E3%83%A0%E3%82%BF%E3%82%A4%E3%83%88%E3%83%AB%E4%B8%80%E8%A6%A7_%282023%E5%B9%B4%29
2023-03-30,Tormentor - Action Fire Counter Shooter Game 2023 Gun Strike Simulator,Midnight Works,IARC,7+,https://ja.wikipedia.org/wiki/Nintendo_Switch%E3%81%AE%E3%82%B2%E3%83%BC%E3%83%A0%E3%82%BF%E3%82%A4%E3%83%88%E3%83%AB%E4%B8%80%E8%A6%A7_%282023%E5%B9%B4%29
2023-03-30,Ultimate Anime Jigsaw Puzzle,NAISU,IARC,12+,https://ja.wikipedia.org/wiki/Nintendo_Switch%E3%81%AE%E3%82%B2%E3%83%BC%E3%83%A0%E3%82%BF%E3%82%A4%E3%83%88%E3%83%AB%E4%B8%80%E8%A6%A7_%282023%E5%B9%B4%29
2023-03-30,That's My Family: Family Fun Night,Plug In Digital,IARC,3+,https://ja.wikipedia.org/wiki/Nintendo_Switch%E3%81%AE%E3%82%B2%E3%83%BC%E3%83%A0%E3%82%BF%E3%82%A4%E3%83%88%E3%83%AB%E4%B8%80%E8%A6%A7_%282023%E5%B9%B4%29
2023-03-30,Blade Assault,PM Studios,CERO,B,https://ja.wikipedia.org/wiki/Nintendo_Switch%E3%81%AE%E3%82%B2%E3%83%BC%E3%83%A0%E3%82%BF%E3%82%A4%E3%83%88%E3%83%AB%E4%B8%80%E8%A6%A7_%282023%E5%B9%B4%29
2023-03-30,重装機兵ヴァルケン DECLASSIFIED,Rainmaker Productions,IARC,12+,https://ja.wikipedia.org/wiki/Nintendo_Switch%E3%81%AE%E3%82%B2%E3%83%BC%E3%83%A0%E3%82%BF%E3%82%A4%E3%83%88%E3%83%AB%E4%B8%80%E8%A6%A7_%282023%E5%B9%B4%29
2023-03-30,ポッペの大冒険,RedDeerGames,IARC,3+,https://ja.wikipedia.org/wiki/Nintendo_Switch%E3%81%AE%E3%82%B2%E3%83%BC%E3%83%A0%E3%82%BF%E3%82%A4%E3%83%88%E3%83%AB%E4%B8%80%E8%A6%A7_%282023%E5%B9%B4%29
2023-03-30,バードアンドブロック 2,Sprakelsoft,IARC,3+,https://ja.wikipedia.org/wiki/Nintendo_Switch%E3%81%AE%E3%82%B2%E3%83%BC%E3%83%A0%E3%82%BF%E3%82%A4%E3%83%88%E3%83%AB%E4%B8%80%E8%A6%A7_%282023%E5%B9%B4%29
2023-03-30,DREDGE,Team17,CERO,B,https://ja.wikipedia.org/wiki/Nintendo_Switch%E3%81%AE%E3%82%B2%E3%83%BC%E3%83%A0%E3%82%BF%E3%82%A4%E3%83%88%E3%83%AB%E4%B8%80%E8%A6%A7_%282023%E5%B9%B4%29
2023-03-30,カナ・クエスト,Whitethorn Digital,IARC,3+,https://ja.wikipedia.org/wiki/Nintendo_Switch%E3%81%AE%E3%82%B2%E3%83%BC%E3%83%A0%E3%82%BF%E3%82%A4%E3%83%88%E3%83%AB%E4%B8%80%E8%A6%A7_%282023%E5%B9%B4%29
2023-03-30,名門ポケット学院3,カイロソフト,IARC,3+,https://ja.wikipedia.org/wiki/Nintendo_Switch%E3%81%AE%E3%82%B2%E3%83%BC%E3%83%A0%E3%82%BF%E3%82%A4%E3%83%88%E3%83%AB%E4%B8%80%E8%A6%A7_%282023%E5%B9%B4%29
2023-03-30,The Guise,ラタライカゲームス,IARC,16+,https://ja.wikipedia.org/wiki/Nintendo_Switch%E3%81%AE%E3%82%B2%E3%83%BC%E3%83%A0%E3%82%BF%E3%82%A4%E3%83%88%E3%83%AB%E4%B8%80%E8%A6%A7_%282023%E5%B9%B4%29
2023-03-30,PIANOFORTE,レジスタ,CERO,B,https://ja.wikipedia.org/wiki/Nintendo_Switch%E3%81%AE%E3%82%B2%E3%83%BC%E3%83%A0%E3%82%BF%E3%82%A4%E3%83%88%E3%83%AB%E4%B8%80%E8%A6%A7_%282023%E5%B9%B4%29
2023-03-30,ライクドリーマー,わくわくゲームズ,IARC,12+,https://ja.wikipedia.org/wiki/Nintendo_Switch%E3%81%AE%E3%82%B2%E3%83%BC%E3%83%A0%E3%82%BF%E3%82%A4%E3%83%88%E3%83%AB%E4%B8%80%E8%A6%A7_%282023%E5%B9%B4%29
2023-03-31,Rafa's World,GAME NACIONAL,IARC,3+,https://ja.wikipedia.org/wiki/Nintendo_Switch%E3%81%AE%E3%82%B2%E3%83%BC%E3%83%A0%E3%82%BF%E3%82%A4%E3%83%88%E3%83%AB%E4%B8%80%E8%A6%A7_%282023%E5%B9%B4%29
2023-03-31,Infinite Guitars,Humble Games,IARC,7+,https://ja.wikipedia.org/wiki/Nintendo_Switch%E3%81%AE%E3%82%B2%E3%83%BC%E3%83%A0%E3%82%BF%E3%82%A4%E3%83%88%E3%83%AB%E4%B8%80%E8%A6%A7_%282023%E5%B9%B4%29
2023-03-31,Mayhem in Single Valley,tinyBuild Games,IARC,12+,https://ja.wikipedia.org/wiki/Nintendo_Switch%E3%81%AE%E3%82%B2%E3%83%BC%E3%83%A0%E3%82%BF%E3%82%A4%E3%83%88%E3%83%AB%E4%B8%80%E8%A6%A7_%282023%E5%B9%B4%29
2023-03-31,Billy 101,ラタライカゲームス,IARC,7+,https://ja.wikipedia.org/wiki/Nintendo_Switch%E3%81%AE%E3%82%B2%E3%83%BC%E3%83%A0%E3%82%BF%E3%82%A4%E3%83%88%E3%83%AB%E4%B8%80%E8%A6%A7_%282023%E5%B9%B4%29
2023-04-04,Road 96,Plaion,IARC,16+,https://ja.wikipedia.org/wiki/Nintendo_Switch%E3%81%AE%E3%82%B2%E3%83%BC%E3%83%A0%E3%82%BF%E3%82%A4%E3%83%88%E3%83%AB%E4%B8%80%E8%A6%A7_%282023%E5%B9%B4%29
2023-04-06,Eventide: スラブの寓話,Artifex Mundi,IARC,7+,https://ja.wikipedia.org/wiki/Nintendo_Switch%E3%81%AE%E3%82%B2%E3%83%BC%E3%83%A0%E3%82%BF%E3%82%A4%E3%83%88%E3%83%AB%E4%B8%80%E8%A6%A7_%282023%E5%B9%B4%29
2023-04-06,Hell Pie,Beep,IARC,16+,https://ja.wikipedia.org/wiki/Nintendo_Switch%E3%81%AE%E3%82%B2%E3%83%BC%E3%83%A0%E3%82%BF%E3%82%A4%E3%83%88%E3%83%AB%E4%B8%80%E8%A6%A7_%282023%E5%B9%B4%29
2023-04-06,Pretty Girls Tile Match,eastasiasoft,IARC,12+,https://ja.wikipedia.org/wiki/Nintendo_Switch%E3%81%AE%E3%82%B2%E3%83%BC%E3%83%A0%E3%82%BF%E3%82%A4%E3%83%88%E3%83%AB%E4%B8%80%E8%A6%A7_%282023%E5%B9%B4%29
2023-04-06,Goroons,Epopeia Games,IARC,3+,https://ja.wikipedia.org/wiki/Nintendo_Switch%E3%81%AE%E3%82%B2%E3%83%BC%E3%83%A0%E3%82%BF%E3%82%A4%E3%83%88%E3%83%AB%E4%B8%80%E8%A6%A7_%282023%E5%B9%B4%29
2023-04-06,IIN,Epopeia Games,IARC,3+,https://ja.wikipedia.org/wiki/Nintendo_Switch%E3%81%AE%E3%82%B2%E3%83%BC%E3%83%A0%E3%82%BF%E3%82%A4%E3%83%88%E3%83%AB%E4%B8%80%E8%A6%A7_%282023%E5%B9%B4%29
2023-04-06,"Tactics V: ""Obsidian Brigade""",FNG Studios,IARC,7+,https://ja.wikipedia.org/wiki/Nintendo_Switch%E3%81%AE%E3%82%B2%E3%83%BC%E3%83%A0%E3%82%BF%E3%82%A4%E3%83%88%E3%83%AB%E4%B8%80%E8%A6%A7_%282023%E5%B9%B4%29
2023-04-06,Mystic Warriors Battleground,Gametry,IARC,7+,https://ja.wikipedia.org/wiki/Nintendo_Switch%E3%81%AE%E3%82%B2%E3%83%BC%E3%83%A0%E3%82%BF%E3%82%A4%E3%83%88%E3%83%AB%E4%B8%80%E8%A6%A7_%282023%E5%B9%B4%29
2023-04-06,Nightshade Ninja Warrior,Gametry,IARC,16+,https://ja.wikipedia.org/wiki/Nintendo_Switch%E3%81%AE%E3%82%B2%E3%83%BC%E3%83%A0%E3%82%BF%E3%82%A4%E3%83%88%E3%83%AB%E4%B8%80%E8%A6%A7_%282023%E5%B9%B4%29
2023-04-06,Hei,Goca Games,IARC,3+,https://ja.wikipedia.org/wiki/Nintendo_Switch%E3%81%AE%E3%82%B2%E3%83%BC%E3%83%A0%E3%82%BF%E3%82%A4%E3%83%88%E3%83%AB%E4%B8%80%E8%A6%A7_%282023%E5%B9%B4%29
2023-04-06,TacTac Prologue,Goca Games,IARC,3+,https://ja.wikipedia.org/wiki/Nintendo_Switch%E3%81%AE%E3%82%B2%E3%83%BC%E3%83%A0%E3%82%BF%E3%82%A4%E3%83%88%E3%83%AB%E4%B8%80%E8%A6%A7_%282023%E5%B9%B4%29
2023-04-06,フュージョンシフト,halvardo13,IARC,7+,https://ja.wikipedia.org/wiki/Nintendo_Switch%E3%81%AE%E3%82%B2%E3%83%BC%E3%83%A0%E3%82%BF%E3%82%A4%E3%83%88%E3%83%AB%E4%B8%80%E8%A6%A7_%282023%E5%B9%B4%29
2023-04-06,Gemini,indienova,CERO,A,https://ja.wikipedia.org/wiki/Nintendo_Switch%E3%81%AE%E3%82%B2%E3%83%BC%E3%83%A0%E3%82%BF%E3%82%A4%E3%83%88%E3%83%AB%E4%B8%80%E8%A6%A7_%282023%E5%B9%B4%29
2023-04-06,Waves Running Simulator - Surfing Hyper Runner Casual 3D Games,INSTAMARKETINGANDGAME,IARC,3+,https://ja.wikipedia.org/wiki/Nintendo_Switch%E3%81%AE%E3%82%B2%E3%83%BC%E3%83%A0%E3%82%BF%E3%82%A4%E3%83%88%E3%83%AB%E4%B8%80%E8%A6%A7_%282023%E5%B9%B4%29
2023-04-06,Cube Farmer,Isaias Game Dev,IARC,3+,https://ja.wikipedia.org/wiki/Nintendo_Switch%E3%81%AE%E3%82%B2%E3%83%BC%E3%83%A0%E3%82%BF%E3%82%A4%E3%83%88%E3%83%AB%E4%B8%80%E8%A6%A7_%282023%E5%B9%B4%29
2023-04-06,Pupperazzi,Kitfox Games,IARC,3+,https://ja.wikipedia.org/wiki/Nintendo_Switch%E3%81%AE%E3%82%B2%E3%83%BC%E3%83%A0%E3%82%BF%E3%82%A4%E3%83%88%E3%83%AB%E4%B8%80%E8%A6%A7_%282023%E5%B9%B4%29
2023-04-06,7人目のゲスト,Liron Barzilai,IARC,12+,https://ja.wikipedia.org/wiki/Nintendo_Switch%E3%81%AE%E3%82%B2%E3%83%BC%E3%83%A0%E3%82%BF%E3%82%A4%E3%83%88%E3%83%AB%E4%B8%80%E8%A6%A7_%282023%E5%B9%B4%29
2023-04-06,アハ!写真で間違い探し－遊べて学べる!かんたん楽しい脳トレクイズゲーム－,MASK,IARC,3+,https://ja.wikipedia.org/wiki/Nintendo_Switch%E3%81%AE%E3%82%B2%E3%83%BC%E3%83%A0%E3%82%BF%E3%82%A4%E3%83%88%E3%83%AB%E4%B8%80%E8%A6%A7_%282023%E5%B9%B4%29
2023-04-06,ゆるっと学べるクラシック－大人も子供も楽しく教養音楽脳トレクイズ－,MASK,IARC,3+,https://ja.wikipedia.org/wiki/Nintendo_Switch%E3%81%AE%E3%82%B2%E3%83%BC%E3%83%A0%E3%82%BF%E3%82%A4%E3%83%88%E3%83%AB%E4%B8%80%E8%A6%A7_%282023%E5%B9%B4%29
2023-04-06,Between Time: Escape Room,mc2games,IARC,3+,https://ja.wikipedia.org/wiki/Nintendo_Switch%E3%81%AE%E3%82%B2%E3%83%BC%E3%83%A0%E3%82%BF%E3%82%A4%E3%83%88%E3%83%AB%E4%B8%80%E8%A6%A7_%282023%E5%B9%B4%29
2023-04-06,コネクト・ドット・パズル クラシック・カジュアル・アーケード,Megame,IARC,3+,https://ja.wikipedia.org/wiki/Nintendo_Switch%E3%81%AE%E3%82%B2%E3%83%BC%E3%83%A0%E3%82%BF%E3%82%A4%E3%83%88%E3%83%AB%E4%B8%80%E8%A6%A7_%282023%E5%B9%B4%29
2023-04-06,ザ・シューティング・レンジ・スリー・ディー:シューティング・ギャラリー・シミュレーター,Megame,IARC,3+,https://ja.wikipedia.org/wiki/Nintendo_Switch%E3%81%AE%E3%82%B2%E3%83%BC%E3%83%A0%E3%82%BF%E3%82%A4%E3%83%88%E3%83%AB%E4%B8%80%E8%A6%A7_%282023%E5%B9%B4%29
2023-04-06,Volley Pals,NAISU,IARC,3+,https://ja.wikipedia.org/wiki/Nintendo_Switch%E3%81%AE%E3%82%B2%E3%83%BC%E3%83%A0%E3%82%BF%E3%82%A4%E3%83%88%E3%83%AB%E4%B8%80%E8%A6%A7_%282023%E5%B9%B4%29
2023-04-06,Curse of the Sea Rats,Phoenixx,CERO,B,https://ja.wikipedia.org/wiki/Nintendo_Switch%E3%81%AE%E3%82%B2%E3%83%BC%E3%83%A0%E3%82%BF%E3%82%A4%E3%83%88%E3%83%AB%E4%B8%80%E8%A6%A7_%282023%E5%B9%B4%29
2023-04-06,溶鉄のマルフーシャ,PLAYISM,IARC,12+,https://ja.wikipedia.org/wiki/Nintendo_Switch%E3%81%AE%E3%82%B2%E3%83%BC%E3%83%A0%E3%82%BF%E3%82%A4%E3%83%88%E3%83%AB%E4%B8%80%E8%A6%A7_%282023%E5%B9%B4%29
2023-04-06,こどものためのぬりえ,RedDeerGames,IARC,3+,https://ja.wikipedia.org/wiki/Nintendo_Switch%E3%81%AE%E3%82%B2%E3%83%BC%E3%83%A0%E3%82%BF%E3%82%A4%E3%83%88%E3%83%AB%E4%B8%80%E8%A6%A7_%282023%E5%B9%B4%29
2023-04-06,ねこごっち バーチャルペット,RedDeerGames,IARC,3+,https://ja.wikipedia.org/wiki/Nintendo_Switch%E3%81%AE%E3%82%B2%E3%83%BC%E3%83%A0%E3%82%BF%E3%82%A4%E3%83%88%E3%83%AB%E4%B8%80%E8%A6%A7_%282023%E5%B9%B4%29
2023-04-06,ボレアル テネブレー デラックス,RedDeerGames,IARC,16+,https://ja.wikipedia.org/wiki/Nintendo_Switch%E3%81%AE%E3%82%B2%E3%83%BC%E3%83%A0%E3%82%BF%E3%82%A4%E3%83%88%E3%83%AB%E4%B8%80%E8%A6%A7_%282023%E5%B9%B4%29
2023-04-06,A Light in the Dark,Sekai Games,IARC,16+,https://ja.wikipedia.org/wiki/Nintendo_Switch%E3%81%AE%E3%82%B2%E3%83%BC%E3%83%A0%E3%82%BF%E3%82%A4%E3%83%88%E3%83%AB%E4%B8%80%E8%A6%A7_%282023%E5%B9%B4%29
2023-04-06,Batora: Lost Haven,Team17,IARC,12+,https://ja.wikipedia.org/wiki/Nintendo_Switch%E3%81%AE%E3%82%B2%E3%83%BC%E3%83%A0%E3%82%BF%E3%82%A4%E3%83%88%E3%83%AB%E4%B8%80%E8%A6%A7_%282023%E5%B9%B4%29
2023-04-06,スチール ディファイヤ,ラタライカゲームス,IARC,7+,https://ja.wikipedia.org/wiki/Nintendo_Switch%E3%81%AE%E3%82%B2%E3%83%BC%E3%83%A0%E3%82%BF%E3%82%A4%E3%83%88%E3%83%AB%E4%B8%80%E8%A6%A7_%282023%E5%B9%B4%29
2023-04-06,ウィッチエクスプローラー,レジスタ,CERO,C,https://ja.wikipedia.org/wiki/Nintendo_Switch%E3%81%AE%E3%82%B2%E3%83%BC%E3%83%A0%E3%82%BF%E3%82%A4%E3%83%88%E3%83%AB%E4%B8%80%E8%A6%A7_%282023%E5%B9%B4%29
2023-04-06,2択で恋して胸キュン－かんたん恋愛シミュレーション量産少女なラブコメギャルゲーム－,東京通信,IARC,12+,https://ja.wikipedia.org/wiki/Nintendo_Switch%E3%81%AE%E3%82%B2%E3%83%BC%E3%83%A0%E3%82%BF%E3%82%A4%E3%83%88%E3%83%AB%E4%B8%80%E8%A6%A7_%282023%E5%B9%B4%29
2023-04-06,ナゾトキ脳トレBrainQuiz－なぞなぞパズルでひらめきイラストクイズ－,東京通信,IARC,3+,https://ja.wikipedia.org/wiki/Nintendo_Switch%E3%81%AE%E3%82%B2%E3%83%BC%E3%83%A0%E3%82%BF%E3%82%A4%E3%83%88%E3%83%AB%E4%B8%80%E8%A6%A7_%282023%E5%B9%B4%29
2023-04-07,バベルの図書館,Neon Doctrine,IARC,12+,https://ja.wikipedia.org/wiki/Nintendo_Switch%E3%81%AE%E3%82%B2%E3%83%BC%E3%83%A0%E3%82%BF%E3%82%A4%E3%83%88%E3%83%AB%E4%B8%80%E8%A6%A7_%282023%E5%B9%B4%29
2023-04-07,通夜,Taiga,IARC,12+,https://ja.wikipedia.org/wiki/Nintendo_Switch%E3%81%AE%E3%82%B2%E3%83%BC%E3%83%A0%E3%82%BF%E3%82%A4%E3%83%88%E3%83%AB%E4%B8%80%E8%A6%A7_%282023%E5%B9%B4%29
2023-04-07,Bumballon,ラタライカゲームス,IARC,7+,https://ja.wikipedia.org/wiki/Nintendo_Switch%E3%81%AE%E3%82%B2%E3%83%BC%E3%83%A0%E3%82%BF%E3%82%A4%E3%83%88%E3%83%AB%E4%B8%80%E8%A6%A7_%282023%E5%B9%B4%29
2023-04-11,Sherlock Holmes: The Awakened,Frogwares,IARC,16+,https://ja.wikipedia.org/wiki/Nintendo_Switch%E3%81%AE%E3%82%B2%E3%83%BC%E3%83%A0%E3%82%BF%E3%82%A4%E3%83%88%E3%83%AB%E4%B8%80%E8%A6%A7_%282023%E5%B9%B4%29
2023-04-12,トロン:アイデンティティー,Bithell Games,IARC,12+,https://ja.wikipedia.org/wiki/Nintendo_Switch%E3%81%AE%E3%82%B2%E3%83%BC%E3%83%A0%E3%82%BF%E3%82%A4%E3%83%88%E3%83%AB%E4%B8%80%E8%A6%A7_%282023%E5%B9%B4%29
2023-04-13,Repit,17Studio,IARC,3+,https://ja.wikipedia.org/wiki/Nintendo_Switch%E3%81%AE%E3%82%B2%E3%83%BC%E3%83%A0%E3%82%BF%E3%82%A4%E3%83%88%E3%83%AB%E4%B8%80%E8%A6%A7_%282023%E5%B9%B4%29
2023-04-13,Hidden in Plain Sight,Adam Spragg Games,IARC,7+,https://ja.wikipedia.org/wiki/Nintendo_Switch%E3%81%AE%E3%82%B2%E3%83%BC%E3%83%A0%E3%82%BF%E3%82%A4%E3%83%88%E3%83%AB%E4%B8%80%E8%A6%A7_%282023%E5%B9%B4%29
2023-04-13,JarataireRPG,AlignmentSharp,IARC,12+,https://ja.wikipedia.org/wiki/Nintendo_Switch%E3%81%AE%E3%82%B2%E3%83%BC%E3%83%A0%E3%82%BF%E3%82%A4%E3%83%88%E3%83%AB%E4%B8%80%E8%A6%A7_%282023%E5%B9%B4%29
2023-04-13,The Innsmouth Case,Assemble Entertainment,IARC,12+,https://ja.wikipedia.org/wiki/Nintendo_Switch%E3%81%AE%E3%82%B2%E3%83%BC%E3%83%A0%E3%82%BF%E3%82%A4%E3%83%88%E3%83%AB%E4%B8%80%E8%A6%A7_%282023%E5%B9%B4%29
2023-04-13,トレイ・レーサーズ!,Bit Loom,IARC,3+,https://ja.wikipedia.org/wiki/Nintendo_Switch%E3%81%AE%E3%82%B2%E3%83%BC%E3%83%A0%E3%82%BF%E3%82%A4%E3%83%88%E3%83%AB%E4%B8%80%E8%A6%A7_%282023%E5%B9%B4%29
2023-04-13,Wildfrost,Chucklefish,IARC,7+,https://ja.wikipedia.org/wiki/Nintendo_Switch%E3%81%AE%E3%82%B2%E3%83%BC%E3%83%A0%E3%82%BF%E3%82%A4%E3%83%88%E3%83%AB%E4%B8%80%E8%A6%A7_%282023%E5%B9%B4%29
2023-04-13,Parkour Jump Adventure - Simulator Stunt Tycoon Escape Kid Super Hero World Games,DEZVOLT GAMES,IARC,3+,https://ja.wikipedia.org/wiki/Nintendo_Switch%E3%81%AE%E3%82%B2%E3%83%BC%E3%83%A0%E3%82%BF%E3%82%A4%E3%83%88%E3%83%AB%E4%B8%80%E8%A6%A7_%282023%E5%B9%B4%29
2023-04-13,Racing in Car - Night Traffic Highway Driving Games Mechanic Simulator 2023 for Kids,DEZVOLT GAMES,IARC,3+,https://ja.wikipedia.org/wiki/Nintendo_Switch%E3%81%AE%E3%82%B2%E3%83%BC%E3%83%A0%E3%82%BF%E3%82%A4%E3%83%88%E3%83%AB%E4%B8%80%E8%A6%A7_%282023%E5%B9%B4%29
2023-04-13,Hentai: Young Valkyries,eastasiasoft,CERO,D,https://ja.wikipedia.org/wiki/Nintendo_Switch%E3%81%AE%E3%82%B2%E3%83%BC%E3%83%A0%E3%82%BF%E3%82%A4%E3%83%88%E3%83%AB%E4%B8%80%E8%A6%A7_%282023%E5%B9%B4%29
2023-04-13,Hyper-5,eastasiasoft,IARC,12+,https://ja.wikipedia.org/wiki/Nintendo_Switch%E3%81%AE%E3%82%B2%E3%83%BC%E3%83%A0%E3%82%BF%E3%82%A4%E3%83%88%E3%83%AB%E4%B8%80%E8%A6%A7_%282023%E5%B9%B4%29
2023-04-13,ヒカルの城 Ep1,House of Pandas,IARC,7+,https://ja.wikipedia.org/wiki/Nintendo_Switch%E3%81%AE%E3%82%B2%E3%83%BC%E3%83%A0%E3%82%BF%E3%82%A4%E3%83%88%E3%83%AB%E4%B8%80%E8%A6%A7_%282023%E5%B9%B4%29
2023-04-13,ウィー ザ レボリューション,Klabater,IARC,12+,https://ja.wikipedia.org/wiki/Nintendo_Switch%E3%81%AE%E3%82%B2%E3%83%BC%E3%83%A0%E3%82%BF%E3%82%A4%E3%83%88%E3%83%AB%E4%B8%80%E8%A6%A7_%282023%E5%B9%B4%29
2023-04-13,ゆるっと学べる世界遺産－楽しく教養絶景脳トレ博識クイズ－,MASK,IARC,3+,https://ja.wikipedia.org/wiki/Nintendo_Switch%E3%81%AE%E3%82%B2%E3%83%BC%E3%83%A0%E3%82%BF%E3%82%A4%E3%83%88%E3%83%AB%E4%B8%80%E8%A6%A7_%282023%E5%B9%B4%29
2023-04-13,ダイアモンドマインド,Peaksel,IARC,3+,https://ja.wikipedia.org/wiki/Nintendo_Switch%E3%81%AE%E3%82%B2%E3%83%BC%E3%83%A0%E3%82%BF%E3%82%A4%E3%83%88%E3%83%AB%E4%B8%80%E8%A6%A7_%282023%E5%B9%B4%29
2023-04-13,Bugvasion TD,Play2Chill,IARC,7+,https://ja.wikipedia.org/wiki/Nintendo_Switch%E3%81%AE%E3%82%B2%E3%83%BC%E3%83%A0%E3%82%BF%E3%82%A4%E3%83%88%E3%83%AB%E4%B8%80%E8%A6%A7_%282023%E5%B9%B4%29
2023-04-13,Sokolor,QUByte Interactive,IARC,3+,https://ja.wikipedia.org/wiki/Nintendo_Switch%E3%81%AE%E3%82%B2%E3%83%BC%E3%83%A0%E3%82%BF%E3%82%A4%E3%83%88%E3%83%AB%E4%B8%80%E8%A6%A7_%282023%E5%B9%B4%29
2023-04-13,こどものための記憶ゲーム,RedDeerGames,IARC,3+,https://ja.wikipedia.org/wiki/Nintendo_Switch%E3%81%AE%E3%82%B2%E3%83%BC%E3%83%A0%E3%82%BF%E3%82%A4%E3%83%88%E3%83%AB%E4%B8%80%E8%A6%A7_%282023%E5%B9%B4%29
2023-04-13,ミックス島:リミックスプラス,RedDeerGames,IARC,7+,https://ja.wikipedia.org/wiki/Nintendo_Switch%E3%81%AE%E3%82%B2%E3%83%BC%E3%83%A0%E3%82%BF%E3%82%A4%E3%83%88%E3%83%AB%E4%B8%80%E8%A6%A7_%282023%E5%B9%B4%29
2023-04-13,Truck Simulator USA,SC Ovilex Soft,IARC,3+,https://ja.wikipedia.org/wiki/Nintendo_Switch%E3%81%AE%E3%82%B2%E3%83%BC%E3%83%A0%E3%82%BF%E3%82%A4%E3%83%88%E3%83%AB%E4%B8%80%E8%A6%A7_%282023%E5%B9%B4%29
2023-04-13,15イン1ソリティア,Silesia Games,IARC,3+,https://ja.wikipedia.org/wiki/Nintendo_Switch%E3%81%AE%E3%82%B2%E3%83%BC%E3%83%A0%E3%82%BF%E3%82%A4%E3%83%88%E3%83%AB%E4%B8%80%E8%A6%A7_%282023%E5%B9%B4%29
2023-04-13,クレイジーお絵かき ―かんたん謎解きひらめき脳トレパズルクイズ―,TT,IARC,12+,https://ja.wikipedia.org/wiki/Nintendo_Switch%E3%81%AE%E3%82%B2%E3%83%BC%E3%83%A0%E3%82%BF%E3%82%A4%E3%83%88%E3%83%AB%E4%B8%80%E8%A6%A7_%282023%E5%B9%B4%29
2023-04-13,ナゾトキの部屋－ナゾトキの時間3 スリルサスペンスな謎解き脱出ミステリー推理ゲーム－,TT,IARC,12+,https://ja.wikipedia.org/wiki/Nintendo_Switch%E3%81%AE%E3%82%B2%E3%83%BC%E3%83%A0%E3%82%BF%E3%82%A4%E3%83%88%E3%83%AB%E4%B8%80%E8%A6%A7_%282023%E5%B9%B4%29
2023-04-13,究極の選択!?ヤバめな心理テスト－当たる!占い性格診断で深層心理がわかっちゃう!?－,TT,IARC,12+,https://ja.wikipedia.org/wiki/Nintendo_Switch%E3%81%AE%E3%82%B2%E3%83%BC%E3%83%A0%E3%82%BF%E3%82%A4%E3%83%88%E3%83%AB%E4%B8%80%E8%A6%A7_%282023%E5%B9%B4%29
2023-04-13,〜ハズレ転生〜 最底辺から始める異世界経営 - Isekai Junior Manager -,サイバーステップ,IARC,16+,https://ja.wikipedia.org/wiki/Nintendo_Switch%E3%81%AE%E3%82%B2%E3%83%BC%E3%83%A0%E3%82%BF%E3%82%A4%E3%83%88%E3%83%AB%E4%B8%80%E8%A6%A7_%282023%E5%B9%B4%29
2023-04-13,どうぶつしょうぎ,シルバースタージャパン,CERO,A,https://ja.wikipedia.org/wiki/Nintendo_Switch%E3%81%AE%E3%82%B2%E3%83%BC%E3%83%A0%E3%82%BF%E3%82%A4%E3%83%88%E3%83%AB%E4%B8%80%E8%A6%A7_%282023%E5%B9%B4%29
2023-04-13,ニコリのパズルS 四角に切れ,ハムスター,IARC,3+,https://ja.wikipedia.org/wiki/Nintendo_Switch%E3%81%AE%E3%82%B2%E3%83%BC%E3%83%A0%E3%82%BF%E3%82%A4%E3%83%88%E3%83%AB%E4%B8%80%E8%A6%A7_%282023%E5%B9%B4%29
2023-04-13,ヘルベッティ,レイニーフロッグ,IARC,12+,https://ja.wikipedia.org/wiki/Nintendo_Switch%E3%81%AE%E3%82%B2%E3%83%BC%E3%83%A0%E3%82%BF%E3%82%A4%E3%83%88%E3%83%AB%E4%B8%80%E8%A6%A7_%282023%E5%B9%B4%29
2023-04-13,IGS Classic Arcade Collection,鈊象電子,IARC,12+,https://ja.wikipedia.org/wiki/Nintendo_Switch%E3%81%AE%E3%82%B2%E3%83%BC%E3%83%A0%E3%82%BF%E3%82%A4%E3%83%88%E3%83%AB%E4%B8%80%E8%A6%A7_%282023%E5%B9%B4%29
2023-04-14,Ultra Pixel Survive,ラタライカゲームス,IARC,7+,https://ja.wikipedia.org/wiki/Nintendo_Switch%E3%81%AE%E3%82%B2%E3%83%BC%E3%83%A0%E3%82%BF%E3%82%A4%E3%83%88%E3%83%AB%E4%B8%80%E8%A6%A7_%282023%E5%B9%B4%29
2023-04-15,ブレイブダンジョン 正義の意味,INSIDE SYSTEM,CERO,A,https://ja.wikipedia.org/wiki/Nintendo_Switch%E3%81%AE%E3%82%B2%E3%83%BC%E3%83%A0%E3%82%BF%E3%82%A4%E3%83%88%E3%83%AB%E4%B8%80%E8%A6%A7_%282023%E5%B9%B4%29
2023-04-15,デュエマであそぼう!!!,タカラトミー,CERO,A,https://ja.wikipedia.org/wiki/Nintendo_Switch%E3%81%AE%E3%82%B2%E3%83%BC%E3%83%A0%E3%82%BF%E3%82%A4%E3%83%88%E3%83%AB%E4%B8%80%E8%A6%A7_%282023%E5%B9%B4%29
2023-04-18,ディズニー スピードストーム,ゲームロフト,IARC,3+,https://ja.wikipedia.org/wiki/Nintendo_Switch%E3%81%AE%E3%82%B2%E3%83%BC%E3%83%A0%E3%82%BF%E3%82%A4%E3%83%88%E3%83%AB%E4%B8%80%E8%A6%A7_%282023%E5%B9%B4%29
2023-04-19,メイジシーカー:リーグ・オブ・レジェンド ストーリー,Riot Forge,CERO,B,https://ja.wikipedia.org/wiki/Nintendo_Switch%E3%81%AE%E3%82%B2%E3%83%BC%E3%83%A0%E3%82%BF%E3%82%A4%E3%83%88%E3%83%AB%E4%B8%80%E8%A6%A7_%282023%E5%B9%B4%29
2023-04-20,The Longing,ASHGAMES,IARC,12+,https://ja.wikipedia.org/wiki/Nintendo_Switch%E3%81%AE%E3%82%B2%E3%83%BC%E3%83%A0%E3%82%BF%E3%82%A4%E3%83%88%E3%83%AB%E4%B8%80%E8%A6%A7_%282023%E5%B9%B4%29
2023-04-20,Lifeslide,Dreamteck,IARC,3+,https://ja.wikipedia.org/wiki/Nintendo_Switch%E3%81%AE%E3%82%B2%E3%83%BC%E3%83%A0%E3%82%BF%E3%82%A4%E3%83%88%E3%83%AB%E4%B8%80%E8%A6%A7_%282023%E5%B9%B4%29
2023-04-20,Moe Waifu H,eastasiasoft,IARC,12+,https://ja.wikipedia.org/wiki/Nintendo_Switch%E3%81%AE%E3%82%B2%E3%83%BC%E3%83%A0%E3%82%BF%E3%82%A4%E3%83%88%E3%83%AB%E4%B8%80%E8%A6%A7_%282023%E5%B9%B4%29
2023-04-20,Teslagrad 2,H2 INTERACTIVE,IARC,3+,https://ja.wikipedia.org/wiki/Nintendo_Switch%E3%81%AE%E3%82%B2%E3%83%BC%E3%83%A0%E3%82%BF%E3%82%A4%E3%83%88%E3%83%AB%E4%B8%80%E8%A6%A7_%282023%E5%B9%B4%29
2023-04-20,君の未来,HERO GAME,IARC,3+,https://ja.wikipedia.org/wiki/Nintendo_Switch%E3%81%AE%E3%82%B2%E3%83%BC%E3%83%A0%E3%82%BF%E3%82%A4%E3%83%88%E3%83%AB%E4%B8%80%E8%A6%A7_%282023%E5%B9%B4%29
2023-04-20,Panic Porcupine,HOF Studios,IARC,3+,https://ja.wikipedia.org/wiki/Nintendo_Switch%E3%81%AE%E3%82%B2%E3%83%BC%E3%83%A0%E3%82%BF%E3%82%A4%E3%83%88%E3%83%AB%E4%B8%80%E8%A6%A7_%282023%E5%B9%B4%29
2023-04-20,Fortress Building Puzzle - Galaxy Cube Tower Simulator Game,INSTAMARKETINGANDGAME,IARC,3+,https://ja.wikipedia.org/wiki/Nintendo_Switch%E3%81%AE%E3%82%B2%E3%83%BC%E3%83%A0%E3%82%BF%E3%82%A4%E3%83%88%E3%83%AB%E4%B8%80%E8%A6%A7_%282023%E5%B9%B4%29
2023-04-20,War Tank Machine Battle Vehicle Simulator - Fight World Wars WWII Mechanic Troopers Royale Driving,INSTAMARKETINGANDGAME,IARC,3+,https://ja.wikipedia.org/wiki/Nintendo_Switch%E3%81%AE%E3%82%B2%E3%83%BC%E3%83%A0%E3%82%BF%E3%82%A4%E3%83%88%E3%83%AB%E4%B8%80%E8%A6%A7_%282023%E5%B9%B4%29
2023-04-20,Namariel Legends: Iron Lord Collectors Edition,Joindots,IARC,7+,https://ja.wikipedia.org/wiki/Nintendo_Switch%E3%81%AE%E3%82%B2%E3%83%BC%E3%83%A0%E3%82%BF%E3%82%A4%E3%83%88%E3%83%AB%E4%B8%80%E8%A6%A7_%282023%E5%B9%B4%29
2023-04-20,TVのヒミツ－業界あるあるを探せ！かんたん楽しい暇つぶしイラストクイズ脳トレゲーム－,MASK,IARC,12+,https://ja.wikipedia.org/wiki/Nintendo_Switch%E3%81%AE%E3%82%B2%E3%83%BC%E3%83%A0%E3%82%BF%E3%82%A4%E3%83%88%E3%83%AB%E4%B8%80%E8%A6%A7_%282023%E5%B9%B4%29
2023-04-20,あるある○○さんを探せ!－みんなで遊べるかんたん暇つぶしイラストクイズ脳トレゲーム－,MASK,IARC,12+,https://ja.wikipedia.org/wiki/Nintendo_Switch%E3%81%AE%E3%82%B2%E3%83%BC%E3%83%A0%E3%82%BF%E3%82%A4%E3%83%88%E3%83%AB%E4%B8%80%E8%A6%A7_%282023%E5%B9%B4%29
2023-04-20,ハラスメントに気をつけて －社会で役立つマナー講座学習クイズゲーム－,MASK,IARC,12+,https://ja.wikipedia.org/wiki/Nintendo_Switch%E3%81%AE%E3%82%B2%E3%83%BC%E3%83%A0%E3%82%BF%E3%82%A4%E3%83%88%E3%83%AB%E4%B8%80%E8%A6%A7_%282023%E5%B9%B4%29
2023-04-20,Alicia Griffith: Lakeside Murder Collector's Edition,Ocean Media,IARC,7+,https://ja.wikipedia.org/wiki/Nintendo_Switch%E3%81%AE%E3%82%B2%E3%83%BC%E3%83%A0%E3%82%BF%E3%82%A4%E3%83%88%E3%83%AB%E4%B8%80%E8%A6%A7_%282023%E5%B9%B4%29
2023-04-20,算数ファイト - マルチプレイヤーゲーム,Peaksel,IARC,3+,https://ja.wikipedia.org/wiki/Nintendo_Switch%E3%81%AE%E3%82%B2%E3%83%BC%E3%83%A0%E3%82%BF%E3%82%A4%E3%83%88%E3%83%AB%E4%B8%80%E8%A6%A7_%282023%E5%B9%B4%29
2023-04-20,Park Story,Person of Interests,IARC,7+,https://ja.wikipedia.org/wiki/Nintendo_Switch%E3%81%AE%E3%82%B2%E3%83%BC%E3%83%A0%E3%82%BF%E3%82%A4%E3%83%88%E3%83%AB%E4%B8%80%E8%A6%A7_%282023%E5%B9%B4%29
2023-04-20,Wild Dogs,QUByte Interactive,IARC,3+,https://ja.wikipedia.org/wiki/Nintendo_Switch%E3%81%AE%E3%82%B2%E3%83%BC%E3%83%A0%E3%82%BF%E3%82%A4%E3%83%88%E3%83%AB%E4%B8%80%E8%A6%A7_%282023%E5%B9%B4%29
2023-04-20,Mr. Sun's Hatbox,Raw Fury,IARC,12+,https://ja.wikipedia.org/wiki/Nintendo_Switch%E3%81%AE%E3%82%B2%E3%83%BC%E3%83%A0%E3%82%BF%E3%82%A4%E3%83%88%E3%83%AB%E4%B8%80%E8%A6%A7_%282023%E5%B9%B4%29
2023-04-20,カーベージ,RedDeerGames,IARC,3+,https://ja.wikipedia.org/wiki/Nintendo_Switch%E3%81%AE%E3%82%B2%E3%83%BC%E3%83%A0%E3%82%BF%E3%82%A4%E3%83%88%E3%83%AB%E4%B8%80%E8%A6%A7_%282023%E5%B9%B4%29
2023-04-20,ナチョカド,RedDeerGames,IARC,3+,https://ja.wikipedia.org/wiki/Nintendo_Switch%E3%81%AE%E3%82%B2%E3%83%BC%E3%83%A0%E3%82%BF%E3%82%A4%E3%83%88%E3%83%AB%E4%B8%80%E8%A6%A7_%282023%E5%B9%B4%29
2023-04-20,Five Nights at Freddy's: Security Breach,Steel Wool Games,IARC,12+,https://ja.wikipedia.org/wiki/Nintendo_Switch%E3%81%AE%E3%82%B2%E3%83%BC%E3%83%A0%E3%82%BF%E3%82%A4%E3%83%88%E3%83%AB%E4%B8%80%E8%A6%A7_%282023%E5%B9%B4%29
2023-04-20,シャンチー,Studio Amateur,IARC,3+,https://ja.wikipedia.org/wiki/Nintendo_Switch%E3%81%AE%E3%82%B2%E3%83%BC%E3%83%A0%E3%82%BF%E3%82%A4%E3%83%88%E3%83%AB%E4%B8%80%E8%A6%A7_%282023%E5%B9%B4%29
2023-04-20,お姉さんが食べたいのはキミの…－イケないギリギリちょっぴりオトナな胸キュンゲーム－,TT,IARC,3+,https://ja.wikipedia.org/wiki/Nintendo_Switch%E3%81%AE%E3%82%B2%E3%83%BC%E3%83%A0%E3%82%BF%E3%82%A4%E3%83%88%E3%83%AB%E4%B8%80%E8%A6%A7_%282023%E5%B9%B4%29
2023-04-20,彼女はイライラ地雷ガール－ヤンデレ裏カノ女子量産型ヤミカノ恋愛ゲーム－,TT,IARC,12+,https://ja.wikipedia.org/wiki/Nintendo_Switch%E3%81%AE%E3%82%B2%E3%83%BC%E3%83%A0%E3%82%BF%E3%82%A4%E3%83%88%E3%83%AB%E4%B8%80%E8%A6%A7_%282023%E5%B9%B4%29
2023-04-20,絶滅の日食,TuanisApps,IARC,7+,https://ja.wikipedia.org/wiki/Nintendo_Switch%E3%81%AE%E3%82%B2%E3%83%BC%E3%83%A0%E3%82%BF%E3%82%A4%E3%83%88%E3%83%AB%E4%B8%80%E8%A6%A7_%282023%E5%B9%B4%29
2023-04-20,FINAL FANTASY,スクウェア・エニックス,CERO,A,https://ja.wikipedia.org/wiki/Nintendo_Switch%E3%81%AE%E3%82%B2%E3%83%BC%E3%83%A0%E3%82%BF%E3%82%A4%E3%83%88%E3%83%AB%E4%B8%80%E8%A6%A7_%282023%E5%B9%B4%29
2023-04-20,FINAL FANTASY II,不明,"","",https://ja.wikipedia.org/wiki/Nintendo_Switch%E3%81%AE%E3%82%B2%E3%83%BC%E3%83%A0%E3%82%BF%E3%82%A4%E3%83%88%E3%83%AB%E4%B8%80%E8%A6%A7_%282023%E5%B9%B4%29
2023-04-20,FINAL FANTASY III,不明,"","",https://ja.wikipedia.org/wiki/Nintendo_Switch%E3%81%AE%E3%82%B2%E3%83%BC%E3%83%A0%E3%82%BF%E3%82%A4%E3%83%88%E3%83%AB%E4%B8%80%E8%A6%A7_%282023%E5%B9%B4%29
2023-04-20,FINAL FANTASY IV,不明,"","",https://ja.wikipedia.org/wiki/Nintendo_Switch%E3%81%AE%E3%82%B2%E3%83%BC%E3%83%A0%E3%82%BF%E3%82%A4%E3%83%88%E3%83%AB%E4%B8%80%E8%A6%A7_%282023%E5%B9%B4%29
2023-04-20,FINAL FANTASY V,不明,"","",https://ja.wikipedia.org/wiki/Nintendo_Switch%E3%81%AE%E3%82%B2%E3%83%BC%E3%83%A0%E3%82%BF%E3%82%A4%E3%83%88%E3%83%AB%E4%B8%80%E8%A6%A7_%282023%E5%B9%B4%29
2023-04-20,FINAL FANTASY VI,不明,"","",https://ja.wikipedia.org/wiki/Nintendo_Switch%E3%81%AE%E3%82%B2%E3%83%BC%E3%83%A0%E3%82%BF%E3%82%A4%E3%83%88%E3%83%AB%E4%B8%80%E8%A6%A7_%282023%E5%B9%B4%29
2023-04-20,LOST EPIC,ワンオアエイト,IARC,16+,https://ja.wikipedia.org/wiki/Nintendo_Switch%E3%81%AE%E3%82%B2%E3%83%BC%E3%83%A0%E3%82%BF%E3%82%A4%E3%83%88%E3%83%AB%E4%B8%80%E8%A6%A7_%282023%E5%B9%B4%29
2023-04-21,Itorah,Assemble Entertainment,IARC,3+,https://ja.wikipedia.org/wiki/Nintendo_Switch%E3%81%AE%E3%82%B2%E3%83%BC%E3%83%A0%E3%82%BF%E3%82%A4%E3%83%88%E3%83%AB%E4%B8%80%E8%A6%A7_%282023%E5%B9%B4%29
2023-04-21,Light of Life,ラタライカゲームス,IARC,7+,https://ja.wikipedia.org/wiki/Nintendo_Switch%E3%81%AE%E3%82%B2%E3%83%BC%E3%83%A0%E3%82%BF%E3%82%A4%E3%83%88%E3%83%AB%E4%B8%80%E8%A6%A7_%282023%E5%B9%B4%29
2023-04-22,Jump Challenge!,SOURCE BYTE,IARC,7+,https://ja.wikipedia.org/wiki/Nintendo_Switch%E3%81%AE%E3%82%B2%E3%83%BC%E3%83%A0%E3%82%BF%E3%82%A4%E3%83%88%E3%83%AB%E4%B8%80%E8%A6%A7_%282023%E5%B9%B4%29
2023-04-25,Strayed Lights,Embers,IARC,12+,https://ja.wikipedia.org/wiki/Nintendo_Switch%E3%81%AE%E3%82%B2%E3%83%BC%E3%83%A0%E3%82%BF%E3%82%A4%E3%83%88%E3%83%AB%E4%B8%80%E8%A6%A7_%282023%E5%B9%B4%29
2023-04-25,マジカルドロップ6,Forever Entertainment,IARC,3+,https://ja.wikipedia.org/wiki/Nintendo_Switch%E3%81%AE%E3%82%B2%E3%83%BC%E3%83%A0%E3%82%BF%E3%82%A4%E3%83%88%E3%83%AB%E4%B8%80%E8%A6%A7_%282023%E5%B9%B4%29
2023-04-26,Aliens: Fireteam Elite,ユビタス,IARC,16+,https://ja.wikipedia.org/wiki/Nintendo_Switch%E3%81%AE%E3%82%B2%E3%83%BC%E3%83%A0%E3%82%BF%E3%82%A4%E3%83%88%E3%83%AB%E4%B8%80%E8%A6%A7_%282023%E5%B9%B4%29
2023-04-27,Pixel Cup Soccer - Ultimate Edition,BATOVI Games,IARC,3+,https://ja.wikipedia.org/wiki/Nintendo_Switch%E3%81%AE%E3%82%B2%E3%83%BC%E3%83%A0%E3%82%BF%E3%82%A4%E3%83%88%E3%83%AB%E4%B8%80%E8%A6%A7_%282023%E5%B9%B4%29
2023-04-27,A Musical Story,eastasiasoft,CERO,C,https://ja.wikipedia.org/wiki/Nintendo_Switch%E3%81%AE%E3%82%B2%E3%83%BC%E3%83%A0%E3%82%BF%E3%82%A4%E3%83%88%E3%83%AB%E4%B8%80%E8%A6%A7_%282023%E5%B9%B4%29
2023-04-27,Neko Rescue Tale,eastasiasoft,IARC,3+,https://ja.wikipedia.org/wiki/Nintendo_Switch%E3%81%AE%E3%82%B2%E3%83%BC%E3%83%A0%E3%82%BF%E3%82%A4%E3%83%88%E3%83%AB%E4%B8%80%E8%A6%A7_%282023%E5%B9%B4%29
2023-04-27,Tetragon,ESDigital Games,IARC,7+,https://ja.wikipedia.org/wiki/Nintendo_Switch%E3%81%AE%E3%82%B2%E3%83%BC%E3%83%A0%E3%82%BF%E3%82%A4%E3%83%88%E3%83%AB%E4%B8%80%E8%A6%A7_%282023%E5%B9%B4%29
2023-04-27,ガジェット 2,Funbox Media,IARC,3+,https://ja.wikipedia.org/wiki/Nintendo_Switch%E3%81%AE%E3%82%B2%E3%83%BC%E3%83%A0%E3%82%BF%E3%82%A4%E3%83%88%E3%83%AB%E4%B8%80%E8%A6%A7_%282023%E5%B9%B4%29
2023-04-27,アフターイメージ,H2 INTERACTIVE,CERO,B,https://ja.wikipedia.org/wiki/Nintendo_Switch%E3%81%AE%E3%82%B2%E3%83%BC%E3%83%A0%E3%82%BF%E3%82%A4%E3%83%88%E3%83%AB%E4%B8%80%E8%A6%A7_%282023%E5%B9%B4%29
2023-04-27,アマミエ-longing for you-,iMel,CERO,C,https://ja.wikipedia.org/wiki/Nintendo_Switch%E3%81%AE%E3%82%B2%E3%83%BC%E3%83%A0%E3%82%BF%E3%82%A4%E3%83%88%E3%83%AB%E4%B8%80%E8%A6%A7_%282023%E5%B9%B4%29
2023-04-27,Ultimate Shot - 3D Real Strike Shouter Counter FPS Simulator Games,INSTAMARKETINGANDGAME,IARC,7+,https://ja.wikipedia.org/wiki/Nintendo_Switch%E3%81%AE%E3%82%B2%E3%83%BC%E3%83%A0%E3%82%BF%E3%82%A4%E3%83%88%E3%83%AB%E4%B8%80%E8%A6%A7_%282023%E5%B9%B4%29
2023-04-27,Dobby×Escape: パイレーツアドベンチャー,LKMAD,IARC,3+,https://ja.wikipedia.org/wiki/Nintendo_Switch%E3%81%AE%E3%82%B2%E3%83%BC%E3%83%A0%E3%82%BF%E3%82%A4%E3%83%88%E3%83%AB%E4%B8%80%E8%A6%A7_%282023%E5%B9%B4%29
2023-04-27,マッチ・パズル クラシック・ロジック・アーケード,Megame,IARC,3+,https://ja.wikipedia.org/wiki/Nintendo_Switch%E3%81%AE%E3%82%B2%E3%83%BC%E3%83%A0%E3%82%BF%E3%82%A4%E3%83%88%E3%83%AB%E4%B8%80%E8%A6%A7_%282023%E5%B9%B4%29
2023-04-27,Bramble: The Mountain King,Merge Games,CERO,D,https://ja.wikipedia.org/wiki/Nintendo_Switch%E3%81%AE%E3%82%B2%E3%83%BC%E3%83%A0%E3%82%BF%E3%82%A4%E3%83%88%E3%83%AB%E4%B8%80%E8%A6%A7_%282023%E5%B9%B4%29
2023-04-27,Van Van Up - Car Driving Games Ultimate Experience Simulator,Midnight Works,IARC,3+,https://ja.wikipedia.org/wiki/Nintendo_Switch%E3%81%AE%E3%82%B2%E3%83%BC%E3%83%A0%E3%82%BF%E3%82%A4%E3%83%88%E3%83%AB%E4%B8%80%E8%A6%A7_%282023%E5%B9%B4%29
2023-04-27,Zombie Dead Smasher - World Simulator Kill Strike Gun Shooter 3D Poly Games 2023,Midnight Works,IARC,3+,https://ja.wikipedia.org/wiki/Nintendo_Switch%E3%81%AE%E3%82%B2%E3%83%BC%E3%83%A0%E3%82%BF%E3%82%A4%E3%83%88%E3%83%AB%E4%B8%80%E8%A6%A7_%282023%E5%B9%B4%29
2023-04-27,アル管理人の恋,PLiCy,IARC,12+,https://ja.wikipedia.org/wiki/Nintendo_Switch%E3%81%AE%E3%82%B2%E3%83%BC%E3%83%A0%E3%82%BF%E3%82%A4%E3%83%88%E3%83%AB%E4%B8%80%E8%A6%A7_%282023%E5%B9%B4%29
2023-04-27,Cyber Neon Bundle,QUByte Interactive,IARC,7+,https://ja.wikipedia.org/wiki/Nintendo_Switch%E3%81%AE%E3%82%B2%E3%83%BC%E3%83%A0%E3%82%BF%E3%82%A4%E3%83%88%E3%83%AB%E4%B8%80%E8%A6%A7_%282023%E5%B9%B4%29
2023-04-27,こどものためのピアノ,RedDeerGames,IARC,3+,https://ja.wikipedia.org/wiki/Nintendo_Switch%E3%81%AE%E3%82%B2%E3%83%BC%E3%83%A0%E3%82%BF%E3%82%A4%E3%83%88%E3%83%AB%E4%B8%80%E8%A6%A7_%282023%E5%B9%B4%29
2023-04-27,仲間,RedDeerGames,IARC,3+,https://ja.wikipedia.org/wiki/Nintendo_Switch%E3%81%AE%E3%82%B2%E3%83%BC%E3%83%A0%E3%82%BF%E3%82%A4%E3%83%88%E3%83%AB%E4%B8%80%E8%A6%A7_%282023%E5%B9%B4%29
2023-04-27,Bubble Puzzler,RuWaMo Games,IARC,3+,https://ja.wikipedia.org/wiki/Nintendo_Switch%E3%81%AE%E3%82%B2%E3%83%BC%E3%83%A0%E3%82%BF%E3%82%A4%E3%83%88%E3%83%AB%E4%B8%80%E8%A6%A7_%282023%E5%B9%B4%29
2023-04-27,Chef,Sabec,IARC,3+,https://ja.wikipedia.org/wiki/Nintendo_Switch%E3%81%AE%E3%82%B2%E3%83%BC%E3%83%A0%E3%82%BF%E3%82%A4%E3%83%88%E3%83%AB%E4%B8%80%E8%A6%A7_%282023%E5%B9%B4%29
2023-04-27,ボクらの消しゴム落とし3 世界編,SAT-BOX,CERO,A,https://ja.wikipedia.org/wiki/Nintendo_Switch%E3%81%AE%E3%82%B2%E3%83%BC%E3%83%A0%E3%82%BF%E3%82%A4%E3%83%88%E3%83%AB%E4%B8%80%E8%A6%A7_%282023%E5%B9%B4%29
2023-04-27,Driving School Simulator,SC Ovilex Soft,IARC,12+,https://ja.wikipedia.org/wiki/Nintendo_Switch%E3%81%AE%E3%82%B2%E3%83%BC%E3%83%A0%E3%82%BF%E3%82%A4%E3%83%88%E3%83%AB%E4%B8%80%E8%A6%A7_%282023%E5%B9%B4%29
2023-04-27,Mangavania,Sometimes You,IARC,7+,https://ja.wikipedia.org/wiki/Nintendo_Switch%E3%81%AE%E3%82%B2%E3%83%BC%E3%83%A0%E3%82%BF%E3%82%A4%E3%83%88%E3%83%AB%E4%B8%80%E8%A6%A7_%282023%E5%B9%B4%29
2023-04-27,ナゾトキ推理!有罪?無罪?－脳トレクイズ謎解きミステリー脱出ゲーム－,TT,IARC,12+,https://ja.wikipedia.org/wiki/Nintendo_Switch%E3%81%AE%E3%82%B2%E3%83%BC%E3%83%A0%E3%82%BF%E3%82%A4%E3%83%88%E3%83%AB%E4%B8%80%E8%A6%A7_%282023%E5%B9%B4%29
2023-04-27,意味がわかると怖い写真－謎解きミステリー都市伝説ホラーゲーム－,TT,IARC,12+,https://ja.wikipedia.org/wiki/Nintendo_Switch%E3%81%AE%E3%82%B2%E3%83%BC%E3%83%A0%E3%82%BF%E3%82%A4%E3%83%88%E3%83%AB%E4%B8%80%E8%A6%A7_%282023%E5%B9%B4%29
2023-04-27,DESTA: 狭間の記憶,ustwo,IARC,7+,https://ja.wikipedia.org/wiki/Nintendo_Switch%E3%81%AE%E3%82%B2%E3%83%BC%E3%83%A0%E3%82%BF%E3%82%A4%E3%83%88%E3%83%AB%E4%B8%80%E8%A6%A7_%282023%E5%B9%B4%29
2023-04-27,開店コンビニ日記,カイロソフト,IARC,3+,https://ja.wikipedia.org/wiki/Nintendo_Switch%E3%81%AE%E3%82%B2%E3%83%BC%E3%83%A0%E3%82%BF%E3%82%A4%E3%83%88%E3%83%AB%E4%B8%80%E8%A6%A7_%282023%E5%B9%B4%29
2023-04-27,定時制の人妻JK - Married Girls' Night School -,サイバーステップ,IARC,12+,https://ja.wikipedia.org/wiki/Nintendo_Switch%E3%81%AE%E3%82%B2%E3%83%BC%E3%83%A0%E3%82%BF%E3%82%A4%E3%83%88%E3%83%AB%E4%B8%80%E8%A6%A7_%282023%E5%B9%B4%29
2023-04-27,美少女ストリーマーの秘密恋愛 - Secret romance with streamer girls -,サイバーステップ,IARC,16+,https://ja.wikipedia.org/wiki/Nintendo_Switch%E3%81%AE%E3%82%B2%E3%83%BC%E3%83%A0%E3%82%BF%E3%82%A4%E3%83%88%E3%83%AB%E4%B8%80%E8%A6%A7_%282023%E5%B9%B4%29
2023-04-27,バックギャモンPRO for Nintendo Switch,サクセス,CERO,A,https://ja.wikipedia.org/wiki/Nintendo_Switch%E3%81%AE%E3%82%B2%E3%83%BC%E3%83%A0%E3%82%BF%E3%82%A4%E3%83%88%E3%83%AB%E4%B8%80%E8%A6%A7_%282023%E5%B9%B4%29
2023-04-27,ピクロスS9,ジュピター,IARC,3+,https://ja.wikipedia.org/wiki/Nintendo_Switch%E3%81%AE%E3%82%B2%E3%83%BC%E3%83%A0%E3%82%BF%E3%82%A4%E3%83%88%E3%83%AB%E4%B8%80%E8%A6%A7_%282023%E5%B9%B4%29
2023-04-27,ブレイズ・ユニオン BLAZE UNION -STORY TO REACH THE FUTURE-,スティング,CERO,B,https://ja.wikipedia.org/wiki/Nintendo_Switch%E3%81%AE%E3%82%B2%E3%83%BC%E3%83%A0%E3%82%BF%E3%82%A4%E3%83%88%E3%83%AB%E4%B8%80%E8%A6%A7_%282023%E5%B9%B4%29
2023-04-27,ビビッター for Nintendo Switch,そらいろ,IARC,7+,https://ja.wikipedia.org/wiki/Nintendo_Switch%E3%81%AE%E3%82%B2%E3%83%BC%E3%83%A0%E3%82%BF%E3%82%A4%E3%83%88%E3%83%AB%E4%B8%80%E8%A6%A7_%282023%E5%B9%B4%29
2023-04-27,Almightree: The Last Dreamer,ヒューネックス,IARC,3+,https://ja.wikipedia.org/wiki/Nintendo_Switch%E3%81%AE%E3%82%B2%E3%83%BC%E3%83%A0%E3%82%BF%E3%82%A4%E3%83%88%E3%83%AB%E4%B8%80%E8%A6%A7_%282023%E5%B9%B4%29
2023-04-27,さかだちの街,フライハイワークス,IARC,3+,https://ja.wikipedia.org/wiki/Nintendo_Switch%E3%81%AE%E3%82%B2%E3%83%BC%E3%83%A0%E3%82%BF%E3%82%A4%E3%83%88%E3%83%AB%E4%B8%80%E8%A6%A7_%282023%E5%B9%B4%29
2023-04-27,ニンジャスマッシャー!,フライハイワークス,IARC,3+,https://ja.wikipedia.org/wiki/Nintendo_Switch%E3%81%AE%E3%82%B2%E3%83%BC%E3%83%A0%E3%82%BF%E3%82%A4%E3%83%88%E3%83%AB%E4%B8%80%E8%A6%A7_%282023%E5%B9%B4%29
2023-04-27,猫様のしもべ,レジスタ,CERO,A,https://ja.wikipedia.org/wiki/Nintendo_Switch%E3%81%AE%E3%82%B2%E3%83%BC%E3%83%A0%E3%82%BF%E3%82%A4%E3%83%88%E3%83%AB%E4%B8%80%E8%A6%A7_%282023%E5%B9%B4%29
2023-04-27,44 Minutes in Nightmare,曽和高志,IARC,12+,https://ja.wikipedia.org/wiki/Nintendo_Switch%E3%81%AE%E3%82%B2%E3%83%BC%E3%83%A0%E3%82%BF%E3%82%A4%E3%83%88%E3%83%AB%E4%B8%80%E8%A6%A7_%282023%E5%B9%B4%29
2023-04-28,Omega Strikers,Odyssey Interactive,IARC,3+,https://ja.wikipedia.org/wiki/Nintendo_Switch%E3%81%AE%E3%82%B2%E3%83%BC%E3%83%A0%E3%82%BF%E3%82%A4%E3%83%88%E3%83%AB%E4%B8%80%E8%A6%A7_%282023%E5%B9%B4%29
2023-04-28,百獣エスケープ,woof,IARC,3+,https://ja.wikipedia.org/wiki/Nintendo_Switch%E3%81%AE%E3%82%B2%E3%83%BC%E3%83%A0%E3%82%BF%E3%82%A4%E3%83%88%E3%83%AB%E4%B8%80%E8%A6%A7_%282023%E5%B9%B4%29
2023-04-28,イハナシの魔女,ケムコ,IARC,12+,https://ja.wikipedia.org/wiki/Nintendo_Switch%E3%81%AE%E3%82%B2%E3%83%BC%E3%83%A0%E3%82%BF%E3%82%A4%E3%83%88%E3%83%AB%E4%B8%80%E8%A6%A7_%282023%E5%B9%B4%29
2023-04-28,ヴァーニーレイク,コーラス・ワールドワイド,IARC,12+,https://ja.wikipedia.org/wiki/Nintendo_Switch%E3%81%AE%E3%82%B2%E3%83%BC%E3%83%A0%E3%82%BF%E3%82%A4%E3%83%88%E3%83%AB%E4%B8%80%E8%A6%A7_%282023%E5%B9%B4%29
2023-04-28,超アロイレンジャー,ハイスコア,IARC,3+,https://ja.wikipedia.org/wiki/Nintendo_Switch%E3%81%AE%E3%82%B2%E3%83%BC%E3%83%A0%E3%82%BF%E3%82%A4%E3%83%88%E3%83%AB%E4%B8%80%E8%A6%A7_%282023%E5%B9%B4%29
2023-04-28,カラーブレイカーズ みんなでペイントバトル,レオフル,IARC,3+,https://ja.wikipedia.org/wiki/Nintendo_Switch%E3%81%AE%E3%82%B2%E3%83%BC%E3%83%A0%E3%82%BF%E3%82%A4%E3%83%88%E3%83%AB%E4%B8%80%E8%A6%A7_%282023%E5%B9%B4%29
2023-04-30,Terra Flame,TERARIN GAMES,IARC,3+,https://ja.wikipedia.org/wiki/Nintendo_Switch%E3%81%AE%E3%82%B2%E3%83%BC%E3%83%A0%E3%82%BF%E3%82%A4%E3%83%88%E3%83%AB%E4%B8%80%E8%A6%A7_%282023%E5%B9%B4%29
2023-05-02,しんじゃった彼女－危機回避×謎解き脱出ちょっとホラーで恋愛なゲーム－,MASK,IARC,12+,https://ja.wikipedia.org/wiki/Nintendo_Switch%E3%81%AE%E3%82%B2%E3%83%BC%E3%83%A0%E3%82%BF%E3%82%A4%E3%83%88%E3%83%AB%E4%B8%80%E8%A6%A7_%282023%E5%B9%B4%29
2023-05-02,ちょっと××な私の日常－危機脱出!?逆転の謎解きライフ－,MASK,IARC,3+,https://ja.wikipedia.org/wiki/Nintendo_Switch%E3%81%AE%E3%82%B2%E3%83%BC%E3%83%A0%E3%82%BF%E3%82%A4%E3%83%88%E3%83%AB%E4%B8%80%E8%A6%A7_%282023%E5%B9%B4%29
2023-05-02,ゆるっと学べる世界の絵画－楽しく学べる美術芸術雑学教養博識クイズ－,MASK,IARC,3+,https://ja.wikipedia.org/wiki/Nintendo_Switch%E3%81%AE%E3%82%B2%E3%83%BC%E3%83%A0%E3%82%BF%E3%82%A4%E3%83%88%E3%83%AB%E4%B8%80%E8%A6%A7_%282023%E5%B9%B4%29
2023-05-02,青春!部活あるある－なつかし学校暇つぶし絵探し脳トレクイズ－,MASK,IARC,3+,https://ja.wikipedia.org/wiki/Nintendo_Switch%E3%81%AE%E3%82%B2%E3%83%BC%E3%83%A0%E3%82%BF%E3%82%A4%E3%83%88%E3%83%AB%E4%B8%80%E8%A6%A7_%282023%E5%B9%B4%29
2023-05-02,Weeping Willow - Detective Visual Novel,Sometimes You,IARC,16+,https://ja.wikipedia.org/wiki/Nintendo_Switch%E3%81%AE%E3%82%B2%E3%83%BC%E3%83%A0%E3%82%BF%E3%82%A4%E3%83%88%E3%83%AB%E4%B8%80%E8%A6%A7_%282023%E5%B9%B4%29
2023-05-02,ライフ イズ ストレンジ リマスター コレクション,スクウェア・エニックス,CERO,D,https://ja.wikipedia.org/wiki/Nintendo_Switch%E3%81%AE%E3%82%B2%E3%83%BC%E3%83%A0%E3%82%BF%E3%82%A4%E3%83%88%E3%83%AB%E4%B8%80%E8%A6%A7_%282023%E5%B9%B4%29
2023-05-02,ライフ イズ ストレンジ2,スクウェア・エニックス,CERO,D,https://ja.wikipedia.org/wiki/Nintendo_Switch%E3%81%AE%E3%82%B2%E3%83%BC%E3%83%A0%E3%82%BF%E3%82%A4%E3%83%88%E3%83%AB%E4%B8%80%E8%A6%A7_%282023%E5%B9%B4%29
2023-05-04,POST VOID,H2 INTERACTIVE,IARC,16+,https://ja.wikipedia.org/wiki/Nintendo_Switch%E3%81%AE%E3%82%B2%E3%83%BC%E3%83%A0%E3%82%BF%E3%82%A4%E3%83%88%E3%83%AB%E4%B8%80%E8%A6%A7_%282023%E5%B9%B4%29
2023-05-05,グルタ,ラタライカゲームス,IARC,7+,https://ja.wikipedia.org/wiki/Nintendo_Switch%E3%81%AE%E3%82%B2%E3%83%BC%E3%83%A0%E3%82%BF%E3%82%A4%E3%83%88%E3%83%AB%E4%B8%80%E8%A6%A7_%282023%E5%B9%B4%29
2023-05-11,Poosh XL,Adamvision Studios,IARC,3+,https://ja.wikipedia.org/wiki/Nintendo_Switch%E3%81%AE%E3%82%B2%E3%83%BC%E3%83%A0%E3%82%BF%E3%82%A4%E3%83%88%E3%83%AB%E4%B8%80%E8%A6%A7_%282023%E5%B9%B4%29
2023-05-11,Hola! Reversi,BigWhitePlanet,IARC,3+,https://ja.wikipedia.org/wiki/Nintendo_Switch%E3%81%AE%E3%82%B2%E3%83%BC%E3%83%A0%E3%82%BF%E3%82%A4%E3%83%88%E3%83%AB%E4%B8%80%E8%A6%A7_%282023%E5%B9%B4%29
2023-05-11,エレメンタルウォー2,Clockwork Origins,IARC,7+,https://ja.wikipedia.org/wiki/Nintendo_Switch%E3%81%AE%E3%82%B2%E3%83%BC%E3%83%A0%E3%82%BF%E3%82%A4%E3%83%88%E3%83%AB%E4%B8%80%E8%A6%A7_%282023%E5%B9%B4%29
2023-05-11,Color Pals,eastasiasoft,IARC,3+,https://ja.wikipedia.org/wiki/Nintendo_Switch%E3%81%AE%E3%82%B2%E3%83%BC%E3%83%A0%E3%82%BF%E3%82%A4%E3%83%88%E3%83%AB%E4%B8%80%E8%A6%A7_%282023%E5%B9%B4%29
2023-05-11,Pretty Girls 2048 Strike,eastasiasoft,IARC,12+,https://ja.wikipedia.org/wiki/Nintendo_Switch%E3%81%AE%E3%82%B2%E3%83%BC%E3%83%A0%E3%82%BF%E3%82%A4%E3%83%88%E3%83%AB%E4%B8%80%E8%A6%A7_%282023%E5%B9%B4%29
2023-05-11,リープフロムヘル,EpiXR Games,IARC,3+,https://ja.wikipedia.org/wiki/Nintendo_Switch%E3%81%AE%E3%82%B2%E3%83%BC%E3%83%A0%E3%82%BF%E3%82%A4%E3%83%88%E3%83%AB%E4%B8%80%E8%A6%A7_%282023%E5%B9%B4%29
2023-05-11,サクラ・ゲーマー,Gamuzumi,IARC,16+,https://ja.wikipedia.org/wiki/Nintendo_Switch%E3%81%AE%E3%82%B2%E3%83%BC%E3%83%A0%E3%82%BF%E3%82%A4%E3%83%88%E3%83%AB%E4%B8%80%E8%A6%A7_%282023%E5%B9%B4%29
2023-05-11,Virtual Families Cook Off: 第2章 農場ライフ,Gogii Games,IARC,3+,https://ja.wikipedia.org/wiki/Nintendo_Switch%E3%81%AE%E3%82%B2%E3%83%BC%E3%83%A0%E3%82%BF%E3%82%A4%E3%83%88%E3%83%AB%E4%B8%80%E8%A6%A7_%282023%E5%B9%B4%29
2023-05-11,"Baby Phone 3 in 1 for Kids, Puzzle, Animal, Funny, Parent, Coloring",INSTAMARKETINGANDGAME,IARC,3+,https://ja.wikipedia.org/wiki/Nintendo_Switch%E3%81%AE%E3%82%B2%E3%83%BC%E3%83%A0%E3%82%BF%E3%82%A4%E3%83%88%E3%83%AB%E4%B8%80%E8%A6%A7_%282023%E5%B9%B4%29
2023-05-11,SHAPENEON CHAOS,Isaias Game Dev,IARC,3+,https://ja.wikipedia.org/wiki/Nintendo_Switch%E3%81%AE%E3%82%B2%E3%83%BC%E3%83%A0%E3%82%BF%E3%82%A4%E3%83%88%E3%83%AB%E4%B8%80%E8%A6%A7_%282023%E5%B9%B4%29
2023-05-11,Fallen Knight - フォールンナイト -,Phoenixx,IARC,7+,https://ja.wikipedia.org/wiki/Nintendo_Switch%E3%81%AE%E3%82%B2%E3%83%BC%E3%83%A0%E3%82%BF%E3%82%A4%E3%83%88%E3%83%AB%E4%B8%80%E8%A6%A7_%282023%E5%B9%B4%29
2023-05-11,Pixel Driver,Pretty Fly Games,IARC,3+,https://ja.wikipedia.org/wiki/Nintendo_Switch%E3%81%AE%E3%82%B2%E3%83%BC%E3%83%A0%E3%82%BF%E3%82%A4%E3%83%88%E3%83%AB%E4%B8%80%E8%A6%A7_%282023%E5%B9%B4%29
2023-05-11,Rainbow Runner,Prison Games,IARC,3+,https://ja.wikipedia.org/wiki/Nintendo_Switch%E3%81%AE%E3%82%B2%E3%83%BC%E3%83%A0%E3%82%BF%E3%82%A4%E3%83%88%E3%83%AB%E4%B8%80%E8%A6%A7_%282023%E5%B9%B4%29
2023-05-11,Hentai World,RedDeerGames,IARC,12+,https://ja.wikipedia.org/wiki/Nintendo_Switch%E3%81%AE%E3%82%B2%E3%83%BC%E3%83%A0%E3%82%BF%E3%82%A4%E3%83%88%E3%83%AB%E4%B8%80%E8%A6%A7_%282023%E5%B9%B4%29
2023-05-11,ちっちゃなドラゴン物語,RedDeerGames,IARC,7+,https://ja.wikipedia.org/wiki/Nintendo_Switch%E3%81%AE%E3%82%B2%E3%83%BC%E3%83%A0%E3%82%BF%E3%82%A4%E3%83%88%E3%83%AB%E4%B8%80%E8%A6%A7_%282023%E5%B9%B4%29
2023-05-11,ピクセルぬりえ2,RedDeerGames,IARC,3+,https://ja.wikipedia.org/wiki/Nintendo_Switch%E3%81%AE%E3%82%B2%E3%83%BC%E3%83%A0%E3%82%BF%E3%82%A4%E3%83%88%E3%83%AB%E4%B8%80%E8%A6%A7_%282023%E5%B9%B4%29
2023-05-11,広がる未来に,RedDeerGames,IARC,7+,https://ja.wikipedia.org/wiki/Nintendo_Switch%E3%81%AE%E3%82%B2%E3%83%BC%E3%83%A0%E3%82%BF%E3%82%A4%E3%83%88%E3%83%AB%E4%B8%80%E8%A6%A7_%282023%E5%B9%B4%29
2023-05-11,アーベックシティービルダー,RockGame,IARC,3+,https://ja.wikipedia.org/wiki/Nintendo_Switch%E3%81%AE%E3%82%B2%E3%83%BC%E3%83%A0%E3%82%BF%E3%82%A4%E3%83%88%E3%83%AB%E4%B8%80%E8%A6%A7_%282023%E5%B9%B4%29
2023-05-11,エアプレーン フライト シミュレーター,SC Ovilex Soft,IARC,3+,https://ja.wikipedia.org/wiki/Nintendo_Switch%E3%81%AE%E3%82%B2%E3%83%BC%E3%83%A0%E3%82%BF%E3%82%A4%E3%83%88%E3%83%AB%E4%B8%80%E8%A6%A7_%282023%E5%B9%B4%29
2023-05-11,ゾンボバスターアドバンス,Silesia Games,IARC,7+,https://ja.wikipedia.org/wiki/Nintendo_Switch%E3%81%AE%E3%82%B2%E3%83%BC%E3%83%A0%E3%82%BF%E3%82%A4%E3%83%88%E3%83%AB%E4%B8%80%E8%A6%A7_%282023%E5%B9%B4%29
2023-05-11,Garden Simulator,Toplitz Productions,IARC,3+,https://ja.wikipedia.org/wiki/Nintendo_Switch%E3%81%AE%E3%82%B2%E3%83%BC%E3%83%A0%E3%82%BF%E3%82%A4%E3%83%88%E3%83%AB%E4%B8%80%E8%A6%A7_%282023%E5%B9%B4%29
2023-05-11,とじうはナイト ドラキュラのリベンジ,TuanisApps,IARC,12+,https://ja.wikipedia.org/wiki/Nintendo_Switch%E3%81%AE%E3%82%B2%E3%83%BC%E3%83%A0%E3%82%BF%E3%82%A4%E3%83%88%E3%83%AB%E4%B8%80%E8%A6%A7_%282023%E5%B9%B4%29
2023-05-11,戦場のフーガ2,サイバーコネクトツー,IARC,12+,https://ja.wikipedia.org/wiki/Nintendo_Switch%E3%81%AE%E3%82%B2%E3%83%BC%E3%83%A0%E3%82%BF%E3%82%A4%E3%83%88%E3%83%AB%E4%B8%80%E8%A6%A7_%282023%E5%B9%B4%29
2023-05-11,THE DARK PICTURES,バンダイナムコエンターテインメント,CERO,D,https://ja.wikipedia.org/wiki/Nintendo_Switch%E3%81%AE%E3%82%B2%E3%83%BC%E3%83%A0%E3%82%BF%E3%82%A4%E3%83%88%E3%83%AB%E4%B8%80%E8%A6%A7_%282023%E5%B9%B4%29
2023-05-11,Gematombe,ラタライカゲームス,IARC,7+,https://ja.wikipedia.org/wiki/Nintendo_Switch%E3%81%AE%E3%82%B2%E3%83%BC%E3%83%A0%E3%82%BF%E3%82%A4%E3%83%88%E3%83%AB%E4%B8%80%E8%A6%A7_%282023%E5%B9%B4%29
2023-05-11,ローション侍 for Nintendo Switch,烈帝国,IARC,3+,https://ja.wikipedia.org/wiki/Nintendo_Switch%E3%81%AE%E3%82%B2%E3%83%BC%E3%83%A0%E3%82%BF%E3%82%A4%E3%83%88%E3%83%AB%E4%B8%80%E8%A6%A7_%282023%E5%B9%B4%29
2023-05-13,Despot's Game,tinyBuild Games,IARC,16+,https://ja.wikipedia.org/wiki/Nintendo_Switch%E3%81%AE%E3%82%B2%E3%83%BC%E3%83%A0%E3%82%BF%E3%82%A4%E3%83%88%E3%83%AB%E4%B8%80%E8%A6%A7_%282023%E5%B9%B4%29
2023-05-17,World Championship Boxing Manager 2,Ziggurat,IARC,12+,https://ja.wikipedia.org/wiki/Nintendo_Switch%E3%81%AE%E3%82%B2%E3%83%BC%E3%83%A0%E3%82%BF%E3%82%A4%E3%83%88%E3%83%AB%E4%B8%80%E8%A6%A7_%282023%E5%B9%B4%29
2023-05-18,911: Cannibal,17Studio,IARC,16+,https://ja.wikipedia.org/wiki/Nintendo_Switch%E3%81%AE%E3%82%B2%E3%83%BC%E3%83%A0%E3%82%BF%E3%82%A4%E3%83%88%E3%83%AB%E4%B8%80%E8%A6%A7_%282023%E5%B9%B4%29
2023-05-18,ピクセルボーイ・ロストインザキャッスル,AppsGears,IARC,7+,https://ja.wikipedia.org/wiki/Nintendo_Switch%E3%81%AE%E3%82%B2%E3%83%BC%E3%83%A0%E3%82%BF%E3%82%A4%E3%83%88%E3%83%AB%E4%B8%80%E8%A6%A7_%282023%E5%B9%B4%29
2023-05-18,バイオプロトタイプ,BD Games,IARC,3+,https://ja.wikipedia.org/wiki/Nintendo_Switch%E3%81%AE%E3%82%B2%E3%83%BC%E3%83%A0%E3%82%BF%E3%82%A4%E3%83%88%E3%83%AB%E4%B8%80%E8%A6%A7_%282023%E5%B9%B4%29
2023-05-18,Trifox,eastasiasoft,IARC,7+,https://ja.wikipedia.org/wiki/Nintendo_Switch%E3%81%AE%E3%82%B2%E3%83%BC%E3%83%A0%E3%82%BF%E3%82%A4%E3%83%88%E3%83%AB%E4%B8%80%E8%A6%A7_%282023%E5%B9%B4%29
2023-05-18,Murtop,Flynn's Arcade,IARC,7+,https://ja.wikipedia.org/wiki/Nintendo_Switch%E3%81%AE%E3%82%B2%E3%83%BC%E3%83%A0%E3%82%BF%E3%82%A4%E3%83%88%E3%83%AB%E4%B8%80%E8%A6%A7_%282023%E5%B9%B4%29
2023-05-18,Rubberduck Wave Racer,Joindots,IARC,3+,https://ja.wikipedia.org/wiki/Nintendo_Switch%E3%81%AE%E3%82%B2%E3%83%BC%E3%83%A0%E3%82%BF%E3%82%A4%E3%83%88%E3%83%AB%E4%B8%80%E8%A6%A7_%282023%E5%B9%B4%29
2023-05-18,ランキングならべて常識クイズ－楽しく学べる雑学教養脳トレクイズ－,MASK,IARC,3+,https://ja.wikipedia.org/wiki/Nintendo_Switch%E3%81%AE%E3%82%B2%E3%83%BC%E3%83%A0%E3%82%BF%E3%82%A4%E3%83%88%E3%83%AB%E4%B8%80%E8%A6%A7_%282023%E5%B9%B4%29
2023-05-18,ファインド・ザ・ペア クラシック・メモリー・パズル,Megame,IARC,3+,https://ja.wikipedia.org/wiki/Nintendo_Switch%E3%81%AE%E3%82%B2%E3%83%BC%E3%83%A0%E3%82%BF%E3%82%A4%E3%83%88%E3%83%AB%E4%B8%80%E8%A6%A7_%282023%E5%B9%B4%29
2023-05-18,マジック・バブル・シューター・クラシック・バブルズ・アーケード,Megame,IARC,3+,https://ja.wikipedia.org/wiki/Nintendo_Switch%E3%81%AE%E3%82%B2%E3%83%BC%E3%83%A0%E3%82%BF%E3%82%A4%E3%83%88%E3%83%AB%E4%B8%80%E8%A6%A7_%282023%E5%B9%B4%29
2023-05-18,Theft Ride Legacy,Prison Games,IARC,3+,https://ja.wikipedia.org/wiki/Nintendo_Switch%E3%81%AE%E3%82%B2%E3%83%BC%E3%83%A0%E3%82%BF%E3%82%A4%E3%83%88%E3%83%AB%E4%B8%80%E8%A6%A7_%282023%E5%B9%B4%29
2023-05-18,SUPER NO ONE LIVES UNDER THE LIGHTHOUSE,Puppet Combo,IARC,16+,https://ja.wikipedia.org/wiki/Nintendo_Switch%E3%81%AE%E3%82%B2%E3%83%BC%E3%83%A0%E3%82%BF%E3%82%A4%E3%83%88%E3%83%AB%E4%B8%80%E8%A6%A7_%282023%E5%B9%B4%29
2023-05-18,Herodes,QUByte Interactive,IARC,7+,https://ja.wikipedia.org/wiki/Nintendo_Switch%E3%81%AE%E3%82%B2%E3%83%BC%E3%83%A0%E3%82%BF%E3%82%A4%E3%83%88%E3%83%AB%E4%B8%80%E8%A6%A7_%282023%E5%B9%B4%29
2023-05-18,俺の有休恋物語,qureate,CERO,D,https://ja.wikipedia.org/wiki/Nintendo_Switch%E3%81%AE%E3%82%B2%E3%83%BC%E3%83%A0%E3%82%BF%E3%82%A4%E3%83%88%E3%83%AB%E4%B8%80%E8%A6%A7_%282023%E5%B9%B4%29
2023-05-18,アンアライブ 010,RandomSpin Games,IARC,12+,https://ja.wikipedia.org/wiki/Nintendo_Switch%E3%81%AE%E3%82%B2%E3%83%BC%E3%83%A0%E3%82%BF%E3%82%A4%E3%83%88%E3%83%AB%E4%B8%80%E8%A6%A7_%282023%E5%B9%B4%29
2023-05-18,メカニック8230 イルグロトからの脱出,RedDeerGames,IARC,16+,https://ja.wikipedia.org/wiki/Nintendo_Switch%E3%81%AE%E3%82%B2%E3%83%BC%E3%83%A0%E3%82%BF%E3%82%A4%E3%83%88%E3%83%AB%E4%B8%80%E8%A6%A7_%282023%E5%B9%B4%29
2023-05-18,恋してドキドキchoice メッセ&デート－かんたん恋愛シミュレーション胸キュン乙女ゲーム－,TT,IARC,3+,https://ja.wikipedia.org/wiki/Nintendo_Switch%E3%81%AE%E3%82%B2%E3%83%BC%E3%83%A0%E3%82%BF%E3%82%A4%E3%83%88%E3%83%AB%E4%B8%80%E8%A6%A7_%282023%E5%B9%B4%29
2023-05-18,絶対見てはいけない写真,TT,IARC,12+,https://ja.wikipedia.org/wiki/Nintendo_Switch%E3%81%AE%E3%82%B2%E3%83%BC%E3%83%A0%E3%82%BF%E3%82%A4%E3%83%88%E3%83%AB%E4%B8%80%E8%A6%A7_%282023%E5%B9%B4%29
2023-05-18,Animal Shelter Simulator,Ultimate Games,IARC,3+,https://ja.wikipedia.org/wiki/Nintendo_Switch%E3%81%AE%E3%82%B2%E3%83%BC%E3%83%A0%E3%82%BF%E3%82%A4%E3%83%88%E3%83%AB%E4%B8%80%E8%A6%A7_%282023%E5%B9%B4%29
2023-05-18,ピ.エクス,ZenBerry Games,IARC,3+,https://ja.wikipedia.org/wiki/Nintendo_Switch%E3%81%AE%E3%82%B2%E3%83%BC%E3%83%A0%E3%82%BF%E3%82%A4%E3%83%88%E3%83%AB%E4%B8%80%E8%A6%A7_%282023%E5%B9%B4%29
2023-05-18,ニコリのパズルS ナンバーリンク,ハムスター,IARC,3+,https://ja.wikipedia.org/wiki/Nintendo_Switch%E3%81%AE%E3%82%B2%E3%83%BC%E3%83%A0%E3%82%BF%E3%82%A4%E3%83%88%E3%83%AB%E4%B8%80%E8%A6%A7_%282023%E5%B9%B4%29
2023-05-18,Little Disaster,ラタライカゲームス,IARC,7+,https://ja.wikipedia.org/wiki/Nintendo_Switch%E3%81%AE%E3%82%B2%E3%83%BC%E3%83%A0%E3%82%BF%E3%82%A4%E3%83%88%E3%83%AB%E4%B8%80%E8%A6%A7_%282023%E5%B9%B4%29
2023-05-18,インフィニ,レイニーフロッグ,CERO,B,https://ja.wikipedia.org/wiki/Nintendo_Switch%E3%81%AE%E3%82%B2%E3%83%BC%E3%83%A0%E3%82%BF%E3%82%A4%E3%83%88%E3%83%AB%E4%B8%80%E8%A6%A7_%282023%E5%B9%B4%29
2023-05-18,月明かりの館からの脱出,レジスタ,CERO,A,https://ja.wikipedia.org/wiki/Nintendo_Switch%E3%81%AE%E3%82%B2%E3%83%BC%E3%83%A0%E3%82%BF%E3%82%A4%E3%83%88%E3%83%AB%E4%B8%80%E8%A6%A7_%282023%E5%B9%B4%29
2023-05-19,改造町人シュビビンマン,Shinyuden,IARC,7+,https://ja.wikipedia.org/wiki/Nintendo_Switch%E3%81%AE%E3%82%B2%E3%83%BC%E3%83%A0%E3%82%BF%E3%82%A4%E3%83%88%E3%83%AB%E4%B8%80%E8%A6%A7_%282023%E5%B9%B4%29
2023-05-19,レゴ 2K ドライブ,テイクツー・インタラクティブ・ジャパン,CERO,B,https://ja.wikipedia.org/wiki/Nintendo_Switch%E3%81%AE%E3%82%B2%E3%83%BC%E3%83%A0%E3%82%BF%E3%82%A4%E3%83%88%E3%83%AB%E4%B8%80%E8%A6%A7_%282023%E5%B9%B4%29
2023-05-21,Million Shells,FlyteCatEmotion,IARC,12+,https://ja.wikipedia.org/wiki/Nintendo_Switch%E3%81%AE%E3%82%B2%E3%83%BC%E3%83%A0%E3%82%BF%E3%82%A4%E3%83%88%E3%83%AB%E4%B8%80%E8%A6%A7_%282023%E5%B9%B4%29
2023-05-22,Terracotta,Freedom Games,IARC,7+,https://ja.wikipedia.org/wiki/Nintendo_Switch%E3%81%AE%E3%82%B2%E3%83%BC%E3%83%A0%E3%82%BF%E3%82%A4%E3%83%88%E3%83%AB%E4%B8%80%E8%A6%A7_%282023%E5%B9%B4%29
2023-05-23,"Warhammer 40,000: Boltgun",Focus Entertainment,CERO,Z,https://ja.wikipedia.org/wiki/Nintendo_Switch%E3%81%AE%E3%82%B2%E3%83%BC%E3%83%A0%E3%82%BF%E3%82%A4%E3%83%88%E3%83%AB%E4%B8%80%E8%A6%A7_%282023%E5%B9%B4%29
2023-05-23,グリッチバスターズ:スタックオンユー,Skybound Entertainment,IARC,3+,https://ja.wikipedia.org/wiki/Nintendo_Switch%E3%81%AE%E3%82%B2%E3%83%BC%E3%83%A0%E3%82%BF%E3%82%A4%E3%83%88%E3%83%AB%E4%B8%80%E8%A6%A7_%282023%E5%B9%B4%29
2023-05-24,コンバージェンス:リーグ・オブ・レジェンド ストーリー,Riot Forge,CERO,B,https://ja.wikipedia.org/wiki/Nintendo_Switch%E3%81%AE%E3%82%B2%E3%83%BC%E3%83%A0%E3%82%BF%E3%82%A4%E3%83%88%E3%83%AB%E4%B8%80%E8%A6%A7_%282023%E5%B9%B4%29
2023-05-25,TT アイル オブ マン ライド オン ザ エッジ3,3goo,CERO,A,https://ja.wikipedia.org/wiki/Nintendo_Switch%E3%81%AE%E3%82%B2%E3%83%BC%E3%83%A0%E3%82%BF%E3%82%A4%E3%83%88%E3%83%AB%E4%B8%80%E8%A6%A7_%282023%E5%B9%B4%29
2023-05-25,Skye Tales,4J Studios,IARC,3+,https://ja.wikipedia.org/wiki/Nintendo_Switch%E3%81%AE%E3%82%B2%E3%83%BC%E3%83%A0%E3%82%BF%E3%82%A4%E3%83%88%E3%83%AB%E4%B8%80%E8%A6%A7_%282023%E5%B9%B4%29
2023-05-25,RINA:RhythmERROR,BD Games,IARC,3+,https://ja.wikipedia.org/wiki/Nintendo_Switch%E3%81%AE%E3%82%B2%E3%83%BC%E3%83%A0%E3%82%BF%E3%82%A4%E3%83%88%E3%83%AB%E4%B8%80%E8%A6%A7_%282023%E5%B9%B4%29
2023-05-25,Hentai Girls: Adventure Clicker,eastasiasoft,CERO,D,https://ja.wikipedia.org/wiki/Nintendo_Switch%E3%81%AE%E3%82%B2%E3%83%BC%E3%83%A0%E3%82%BF%E3%82%A4%E3%83%88%E3%83%AB%E4%B8%80%E8%A6%A7_%282023%E5%B9%B4%29
2023-05-25,TORINTO,eastasiasoft,IARC,7+,https://ja.wikipedia.org/wiki/Nintendo_Switch%E3%81%AE%E3%82%B2%E3%83%BC%E3%83%A0%E3%82%BF%E3%82%A4%E3%83%88%E3%83%AB%E4%B8%80%E8%A6%A7_%282023%E5%B9%B4%29
2023-05-25,ファンタジータワーディフェンス,EpiXR Games,IARC,3+,https://ja.wikipedia.org/wiki/Nintendo_Switch%E3%81%AE%E3%82%B2%E3%83%BC%E3%83%A0%E3%82%BF%E3%82%A4%E3%83%88%E3%83%AB%E4%B8%80%E8%A6%A7_%282023%E5%B9%B4%29
2023-05-25,Nightmare Reaper,Feardemic,IARC,16+,https://ja.wikipedia.org/wiki/Nintendo_Switch%E3%81%AE%E3%82%B2%E3%83%BC%E3%83%A0%E3%82%BF%E3%82%A4%E3%83%88%E3%83%AB%E4%B8%80%E8%A6%A7_%282023%E5%B9%B4%29
2023-05-25,Legendary Tales: 奪われた人生,FIVE-BN STUDIO,IARC,7+,https://ja.wikipedia.org/wiki/Nintendo_Switch%E3%81%AE%E3%82%B2%E3%83%BC%E3%83%A0%E3%82%BF%E3%82%A4%E3%83%88%E3%83%AB%E4%B8%80%E8%A6%A7_%282023%E5%B9%B4%29
2023-05-25,Hello Goodboy,Freedom Games,IARC,3+,https://ja.wikipedia.org/wiki/Nintendo_Switch%E3%81%AE%E3%82%B2%E3%83%BC%E3%83%A0%E3%82%BF%E3%82%A4%E3%83%88%E3%83%AB%E4%B8%80%E8%A6%A7_%282023%E5%B9%B4%29
2023-05-25,To The Rescue!,Freedom Games,IARC,3+,https://ja.wikipedia.org/wiki/Nintendo_Switch%E3%81%AE%E3%82%B2%E3%83%BC%E3%83%A0%E3%82%BF%E3%82%A4%E3%83%88%E3%83%AB%E4%B8%80%E8%A6%A7_%282023%E5%B9%B4%29
2023-05-25,ワイフの宇宙征服,Gamuzumi,IARC,7+,https://ja.wikipedia.org/wiki/Nintendo_Switch%E3%81%AE%E3%82%B2%E3%83%BC%E3%83%A0%E3%82%BF%E3%82%A4%E3%83%88%E3%83%AB%E4%B8%80%E8%A6%A7_%282023%E5%B9%B4%29
2023-05-25,Cop Police Escape Racing Zone Clash,GOGAME CONSOLE PUBLISHER,IARC,3+,https://ja.wikipedia.org/wiki/Nintendo_Switch%E3%81%AE%E3%82%B2%E3%83%BC%E3%83%A0%E3%82%BF%E3%82%A4%E3%83%88%E3%83%AB%E4%B8%80%E8%A6%A7_%282023%E5%B9%B4%29
2023-05-25,レーザー・ブレーン・パズル クラシック・ロジック・アーケード,Megame,IARC,3+,https://ja.wikipedia.org/wiki/Nintendo_Switch%E3%81%AE%E3%82%B2%E3%83%BC%E3%83%A0%E3%82%BF%E3%82%A4%E3%83%88%E3%83%AB%E4%B8%80%E8%A6%A7_%282023%E5%B9%B4%29
2023-05-25,NoEvidence - Scary Horror Quest Survival Story,Midnight Works,IARC,7+,https://ja.wikipedia.org/wiki/Nintendo_Switch%E3%81%AE%E3%82%B2%E3%83%BC%E3%83%A0%E3%82%BF%E3%82%A4%E3%83%88%E3%83%AB%E4%B8%80%E8%A6%A7_%282023%E5%B9%B4%29
2023-05-25,Fights in Tight Spaces,Mode 7,IARC,16+,https://ja.wikipedia.org/wiki/Nintendo_Switch%E3%81%AE%E3%82%B2%E3%83%BC%E3%83%A0%E3%82%BF%E3%82%A4%E3%83%88%E3%83%AB%E4%B8%80%E8%A6%A7_%282023%E5%B9%B4%29
2023-05-25,Super Night Riders,neko.works,IARC,3+,https://ja.wikipedia.org/wiki/Nintendo_Switch%E3%81%AE%E3%82%B2%E3%83%BC%E3%83%A0%E3%82%BF%E3%82%A4%E3%83%88%E3%83%AB%E4%B8%80%E8%A6%A7_%282023%E5%B9%B4%29
2023-05-25,The Case of the Golden Idol,Playstack,IARC,12+,https://ja.wikipedia.org/wiki/Nintendo_Switch%E3%81%AE%E3%82%B2%E3%83%BC%E3%83%A0%E3%82%BF%E3%82%A4%E3%83%88%E3%83%AB%E4%B8%80%E8%A6%A7_%282023%E5%B9%B4%29
2023-05-25,Pulling No Punches,QUByte Interactive,IARC,16+,https://ja.wikipedia.org/wiki/Nintendo_Switch%E3%81%AE%E3%82%B2%E3%83%BC%E3%83%A0%E3%82%BF%E3%82%A4%E3%83%88%E3%83%AB%E4%B8%80%E8%A6%A7_%282023%E5%B9%B4%29
2023-05-25,Undergrave,QUByte Interactive,IARC,7+,https://ja.wikipedia.org/wiki/Nintendo_Switch%E3%81%AE%E3%82%B2%E3%83%BC%E3%83%A0%E3%82%BF%E3%82%A4%E3%83%88%E3%83%AB%E4%B8%80%E8%A6%A7_%282023%E5%B9%B4%29
2023-05-25,Cassette Beasts,Raw Fury,IARC,7+,https://ja.wikipedia.org/wiki/Nintendo_Switch%E3%81%AE%E3%82%B2%E3%83%BC%E3%83%A0%E3%82%BF%E3%82%A4%E3%83%88%E3%83%AB%E4%B8%80%E8%A6%A7_%282023%E5%B9%B4%29
2023-05-25,盲目の預言者,RedDeerGames,IARC,16+,https://ja.wikipedia.org/wiki/Nintendo_Switch%E3%81%AE%E3%82%B2%E3%83%BC%E3%83%A0%E3%82%BF%E3%82%A4%E3%83%88%E3%83%AB%E4%B8%80%E8%A6%A7_%282023%E5%B9%B4%29
2023-05-25,Dino Puzzler World: 恐竜パズルワールド,RuWaMo Games,IARC,3+,https://ja.wikipedia.org/wiki/Nintendo_Switch%E3%81%AE%E3%82%B2%E3%83%BC%E3%83%A0%E3%82%BF%E3%82%A4%E3%83%88%E3%83%AB%E4%B8%80%E8%A6%A7_%282023%E5%B9%B4%29
2023-05-25,ギャラクシーチャンピオンテレビ,Silesia Games,IARC,7+,https://ja.wikipedia.org/wiki/Nintendo_Switch%E3%81%AE%E3%82%B2%E3%83%BC%E3%83%A0%E3%82%BF%E3%82%A4%E3%83%88%E3%83%AB%E4%B8%80%E8%A6%A7_%282023%E5%B9%B4%29
2023-05-25,キャズム ザ・リフト,SNEG,IARC,16+,https://ja.wikipedia.org/wiki/Nintendo_Switch%E3%81%AE%E3%82%B2%E3%83%BC%E3%83%A0%E3%82%BF%E3%82%A4%E3%83%88%E3%83%AB%E4%B8%80%E8%A6%A7_%282023%E5%B9%B4%29
2023-05-25,Terror of Hemasaurus,SOFT SOURCE,CERO,D,https://ja.wikipedia.org/wiki/Nintendo_Switch%E3%81%AE%E3%82%B2%E3%83%BC%E3%83%A0%E3%82%BF%E3%82%A4%E3%83%88%E3%83%AB%E4%B8%80%E8%A6%A7_%282023%E5%B9%B4%29
2023-05-25,Paper Dominoes,Soroka Games,IARC,3+,https://ja.wikipedia.org/wiki/Nintendo_Switch%E3%81%AE%E3%82%B2%E3%83%BC%E3%83%A0%E3%82%BF%E3%82%A4%E3%83%88%E3%83%AB%E4%B8%80%E8%A6%A7_%282023%E5%B9%B4%29
2023-05-25,ANIMALITY,Tendokore,IARC,3+,https://ja.wikipedia.org/wiki/Nintendo_Switch%E3%81%AE%E3%82%B2%E3%83%BC%E3%83%A0%E3%82%BF%E3%82%A4%E3%83%88%E3%83%AB%E4%B8%80%E8%A6%A7_%282023%E5%B9%B4%29
2023-05-25,ピクセルぬりえ〜コレクション3〜,ToastieLabs,IARC,3+,https://ja.wikipedia.org/wiki/Nintendo_Switch%E3%81%AE%E3%82%B2%E3%83%BC%E3%83%A0%E3%82%BF%E3%82%A4%E3%83%88%E3%83%AB%E4%B8%80%E8%A6%A7_%282023%E5%B9%B4%29
2023-05-25,ゲームでらくらく脳トレ－簡単ひらめきクイズやりこみ暇つぶしパズル－,TT,IARC,3+,https://ja.wikipedia.org/wiki/Nintendo_Switch%E3%81%AE%E3%82%B2%E3%83%BC%E3%83%A0%E3%82%BF%E3%82%A4%E3%83%88%E3%83%AB%E4%B8%80%E8%A6%A7_%282023%E5%B9%B4%29
2023-05-25,超難問ナゾトキ挑戦状－スリルとサスペンスの本格推理ミステリー－,TT,IARC,12+,https://ja.wikipedia.org/wiki/Nintendo_Switch%E3%81%AE%E3%82%B2%E3%83%BC%E3%83%A0%E3%82%BF%E3%82%A4%E3%83%88%E3%83%AB%E4%B8%80%E8%A6%A7_%282023%E5%B9%B4%29
2023-05-25,バットボーイ,X PLUS,IARC,7+,https://ja.wikipedia.org/wiki/Nintendo_Switch%E3%81%AE%E3%82%B2%E3%83%BC%E3%83%A0%E3%82%BF%E3%82%A4%E3%83%88%E3%83%AB%E4%B8%80%E8%A6%A7_%282023%E5%B9%B4%29
2023-05-25,アプリヴァル モノノ村開拓日記,アネラゲームスタジオ,IARC,3+,https://ja.wikipedia.org/wiki/Nintendo_Switch%E3%81%AE%E3%82%B2%E3%83%BC%E3%83%A0%E3%82%BF%E3%82%A4%E3%83%88%E3%83%AB%E4%B8%80%E8%A6%A7_%282023%E5%B9%B4%29
2023-05-25,Last Labyrinth -Lucidity Lost-,あまた,CERO,D,https://ja.wikipedia.org/wiki/Nintendo_Switch%E3%81%AE%E3%82%B2%E3%83%BC%E3%83%A0%E3%82%BF%E3%82%A4%E3%83%88%E3%83%AB%E4%B8%80%E8%A6%A7_%282023%E5%B9%B4%29
2023-05-25,おいでませ、こくりさん,サイバーステップ,IARC,7+,https://ja.wikipedia.org/wiki/Nintendo_Switch%E3%81%AE%E3%82%B2%E3%83%BC%E3%83%A0%E3%82%BF%E3%82%A4%E3%83%88%E3%83%AB%E4%B8%80%E8%A6%A7_%282023%E5%B9%B4%29
2023-05-25,ワールドウォー コンバットガーディアン,トローゼ,IARC,16+,https://ja.wikipedia.org/wiki/Nintendo_Switch%E3%81%AE%E3%82%B2%E3%83%BC%E3%83%A0%E3%82%BF%E3%82%A4%E3%83%88%E3%83%AB%E4%B8%80%E8%A6%A7_%282023%E5%B9%B4%29
2023-05-25,最後の恋、僕にください,ボルテージ,IARC,16+,https://ja.wikipedia.org/wiki/Nintendo_Switch%E3%81%AE%E3%82%B2%E3%83%BC%E3%83%A0%E3%82%BF%E3%82%A4%E3%83%88%E3%83%AB%E4%B8%80%E8%A6%A7_%282023%E5%B9%B4%29
2023-05-25,スターガニアン,レジスタ,CERO,A,https://ja.wikipedia.org/wiki/Nintendo_Switch%E3%81%AE%E3%82%B2%E3%83%BC%E3%83%A0%E3%82%BF%E3%82%A4%E3%83%88%E3%83%AB%E4%B8%80%E8%A6%A7_%282023%E5%B9%B4%29
2023-05-26,Maquette,Annapurna Interactive,CERO,A,https://ja.wikipedia.org/wiki/Nintendo_Switch%E3%81%AE%E3%82%B2%E3%83%BC%E3%83%A0%E3%82%BF%E3%82%A4%E3%83%88%E3%83%AB%E4%B8%80%E8%A6%A7_%282023%E5%B9%B4%29
2023-05-26,Protodroid DeLTA,Humble Games,IARC,7+,https://ja.wikipedia.org/wiki/Nintendo_Switch%E3%81%AE%E3%82%B2%E3%83%BC%E3%83%A0%E3%82%BF%E3%82%A4%E3%83%88%E3%83%AB%E4%B8%80%E8%A6%A7_%282023%E5%B9%B4%29
2023-05-26,No Place Like Home,Merge Games,IARC,7+,https://ja.wikipedia.org/wiki/Nintendo_Switch%E3%81%AE%E3%82%B2%E3%83%BC%E3%83%A0%E3%82%BF%E3%82%A4%E3%83%88%E3%83%AB%E4%B8%80%E8%A6%A7_%282023%E5%B9%B4%29
2023-05-26,エンシェントハンター,ケムコ,CERO,A,https://ja.wikipedia.org/wiki/Nintendo_Switch%E3%81%AE%E3%82%B2%E3%83%BC%E3%83%A0%E3%82%BF%E3%82%A4%E3%83%88%E3%83%AB%E4%B8%80%E8%A6%A7_%282023%E5%B9%B4%29
2023-05-26,REPLIKATOR,ラタライカゲームス,IARC,7+,https://ja.wikipedia.org/wiki/Nintendo_Switch%E3%81%AE%E3%82%B2%E3%83%BC%E3%83%A0%E3%82%BF%E3%82%A4%E3%83%88%E3%83%AB%E4%B8%80%E8%A6%A7_%282023%E5%B9%B4%29
2023-06-01,Hidden Bunny,DillyFrame,IARC,3+,https://ja.wikipedia.org/wiki/Nintendo_Switch%E3%81%AE%E3%82%B2%E3%83%BC%E3%83%A0%E3%82%BF%E3%82%A4%E3%83%88%E3%83%AB%E4%B8%80%E8%A6%A7_%282023%E5%B9%B4%29
2023-06-01,LASERPITIUM,eastasiasoft,IARC,3+,https://ja.wikipedia.org/wiki/Nintendo_Switch%E3%81%AE%E3%82%B2%E3%83%BC%E3%83%A0%E3%82%BF%E3%82%A4%E3%83%88%E3%83%AB%E4%B8%80%E8%A6%A7_%282023%E5%B9%B4%29
2023-06-01,Skautfold: Shrouded in Sanity,eastasiasoft,IARC,16+,https://ja.wikipedia.org/wiki/Nintendo_Switch%E3%81%AE%E3%82%B2%E3%83%BC%E3%83%A0%E3%82%BF%E3%82%A4%E3%83%88%E3%83%AB%E4%B8%80%E8%A6%A7_%282023%E5%B9%B4%29
2023-06-01,ザフライングトラベラー ザ ロストヒーロー,EpiXR Games,IARC,3+,https://ja.wikipedia.org/wiki/Nintendo_Switch%E3%81%AE%E3%82%B2%E3%83%BC%E3%83%A0%E3%82%BF%E3%82%A4%E3%83%88%E3%83%AB%E4%B8%80%E8%A6%A7_%282023%E5%B9%B4%29
2023-06-01,Legendary Tales: 大惨事,FIVE-BN STUDIO,IARC,7+,https://ja.wikipedia.org/wiki/Nintendo_Switch%E3%81%AE%E3%82%B2%E3%83%BC%E3%83%A0%E3%82%BF%E3%82%A4%E3%83%88%E3%83%AB%E4%B8%80%E8%A6%A7_%282023%E5%B9%B4%29
2023-06-01,Beat Them Up - Street Fight Band Simulator,GOGAME CONSOLE PUBLISHER,IARC,3+,https://ja.wikipedia.org/wiki/Nintendo_Switch%E3%81%AE%E3%82%B2%E3%83%BC%E3%83%A0%E3%82%BF%E3%82%A4%E3%83%88%E3%83%AB%E4%B8%80%E8%A6%A7_%282023%E5%B9%B4%29
2023-06-01,Highway Traffic Racer - Car Racing Simulator,GOGAME CONSOLE PUBLISHER,IARC,3+,https://ja.wikipedia.org/wiki/Nintendo_Switch%E3%81%AE%E3%82%B2%E3%83%BC%E3%83%A0%E3%82%BF%E3%82%A4%E3%83%88%E3%83%AB%E4%B8%80%E8%A6%A7_%282023%E5%B9%B4%29
2023-06-01,Fall of the New Age - Collectors Edition,Joindots,IARC,7+,https://ja.wikipedia.org/wiki/Nintendo_Switch%E3%81%AE%E3%82%B2%E3%83%BC%E3%83%A0%E3%82%BF%E3%82%A4%E3%83%88%E3%83%AB%E4%B8%80%E8%A6%A7_%282023%E5%B9%B4%29
2023-06-01,ならべてクイズことわざつくろ－楽しく学べる雑学教養脳トレクイズ－,MASK,IARC,3+,https://ja.wikipedia.org/wiki/Nintendo_Switch%E3%81%AE%E3%82%B2%E3%83%BC%E3%83%A0%E3%82%BF%E3%82%A4%E3%83%88%E3%83%AB%E4%B8%80%E8%A6%A7_%282023%E5%B9%B4%29
2023-06-01,Zero-G Gunfight,Nejcraft,IARC,7+,https://ja.wikipedia.org/wiki/Nintendo_Switch%E3%81%AE%E3%82%B2%E3%83%BC%E3%83%A0%E3%82%BF%E3%82%A4%E3%83%88%E3%83%AB%E4%B8%80%E8%A6%A7_%282023%E5%B9%B4%29
2023-06-01,Constellations,RAWRLAB,IARC,3+,https://ja.wikipedia.org/wiki/Nintendo_Switch%E3%81%AE%E3%82%B2%E3%83%BC%E3%83%A0%E3%82%BF%E3%82%A4%E3%83%88%E3%83%AB%E4%B8%80%E8%A6%A7_%282023%E5%B9%B4%29
2023-06-01,セブンホライゾン,RedDeerGames,IARC,3+,https://ja.wikipedia.org/wiki/Nintendo_Switch%E3%81%AE%E3%82%B2%E3%83%BC%E3%83%A0%E3%82%BF%E3%82%A4%E3%83%88%E3%83%AB%E4%B8%80%E8%A6%A7_%282023%E5%B9%B4%29
2023-06-01,恐怖の監禁ハウス (Homebody),Rogue Games,IARC,16+,https://ja.wikipedia.org/wiki/Nintendo_Switch%E3%81%AE%E3%82%B2%E3%83%BC%E3%83%A0%E3%82%BF%E3%82%A4%E3%83%88%E3%83%AB%E4%B8%80%E8%A6%A7_%282023%E5%B9%B4%29
2023-06-01,ポリスシミュレーター 2023,SC Ovilex Soft,IARC,7+,https://ja.wikipedia.org/wiki/Nintendo_Switch%E3%81%AE%E3%82%B2%E3%83%BC%E3%83%A0%E3%82%BF%E3%82%A4%E3%83%88%E3%83%AB%E4%B8%80%E8%A6%A7_%282023%E5%B9%B4%29
2023-06-01,Pool Together,Soroka Games,IARC,3+,https://ja.wikipedia.org/wiki/Nintendo_Switch%E3%81%AE%E3%82%B2%E3%83%BC%E3%83%A0%E3%82%BF%E3%82%A4%E3%83%88%E3%83%AB%E4%B8%80%E8%A6%A7_%282023%E5%B9%B4%29
2023-06-01,Killer Frequency,Team17,CERO,C,https://ja.wikipedia.org/wiki/Nintendo_Switch%E3%81%AE%E3%82%B2%E3%83%BC%E3%83%A0%E3%82%BF%E3%82%A4%E3%83%88%E3%83%AB%E4%B8%80%E8%A6%A7_%282023%E5%B9%B4%29
2023-06-01,HEXAPODA,TOMAGameStudio,IARC,12+,https://ja.wikipedia.org/wiki/Nintendo_Switch%E3%81%AE%E3%82%B2%E3%83%BC%E3%83%A0%E3%82%BF%E3%82%A4%E3%83%88%E3%83%AB%E4%B8%80%E8%A6%A7_%282023%E5%B9%B4%29
2023-06-01,Boxville,Triomatica Games,IARC,3+,https://ja.wikipedia.org/wiki/Nintendo_Switch%E3%81%AE%E3%82%B2%E3%83%BC%E3%83%A0%E3%82%BF%E3%82%A4%E3%83%88%E3%83%AB%E4%B8%80%E8%A6%A7_%282023%E5%B9%B4%29
2023-06-01,イイワケどっち!?－ギリギリパズル学習パーティーゲーム－,TT,IARC,12+,https://ja.wikipedia.org/wiki/Nintendo_Switch%E3%81%AE%E3%82%B2%E3%83%BC%E3%83%A0%E3%82%BF%E3%82%A4%E3%83%88%E3%83%AB%E4%B8%80%E8%A6%A7_%282023%E5%B9%B4%29
2023-06-01,コロコロハーリィ,woof,IARC,3+,https://ja.wikipedia.org/wiki/Nintendo_Switch%E3%81%AE%E3%82%B2%E3%83%BC%E3%83%A0%E3%82%BF%E3%82%A4%E3%83%88%E3%83%AB%E4%B8%80%E8%A6%A7_%282023%E5%B9%B4%29
2023-06-01,肉食ギャルは清純派!? 〜 Innocent Stuck-Up Girls! 〜,サイバーステップ,IARC,16+,https://ja.wikipedia.org/wiki/Nintendo_Switch%E3%81%AE%E3%82%B2%E3%83%BC%E3%83%A0%E3%82%BF%E3%82%A4%E3%83%88%E3%83%AB%E4%B8%80%E8%A6%A7_%282023%E5%B9%B4%29
2023-06-01,背信カノジョ〜Girlfriend's Betrayal〜,サイバーステップ,IARC,16+,https://ja.wikipedia.org/wiki/Nintendo_Switch%E3%81%AE%E3%82%B2%E3%83%BC%E3%83%A0%E3%82%BF%E3%82%A4%E3%83%88%E3%83%AB%E4%B8%80%E8%A6%A7_%282023%E5%B9%B4%29
2023-06-01,ニコリのパズルS ヤジリン,ハムスター,IARC,3+,https://ja.wikipedia.org/wiki/Nintendo_Switch%E3%81%AE%E3%82%B2%E3%83%BC%E3%83%A0%E3%82%BF%E3%82%A4%E3%83%88%E3%83%AB%E4%B8%80%E8%A6%A7_%282023%E5%B9%B4%29
2023-06-01,GyroGunner,レジスタ,CERO,A,https://ja.wikipedia.org/wiki/Nintendo_Switch%E3%81%AE%E3%82%B2%E3%83%BC%E3%83%A0%E3%82%BF%E3%82%A4%E3%83%88%E3%83%AB%E4%B8%80%E8%A6%A7_%282023%E5%B9%B4%29
2023-06-03,Super Mega Baseball,エレクトロニック・アーツ,CERO,A,https://ja.wikipedia.org/wiki/Nintendo_Switch%E3%81%AE%E3%82%B2%E3%83%BC%E3%83%A0%E3%82%BF%E3%82%A4%E3%83%88%E3%83%AB%E4%B8%80%E8%A6%A7_%282023%E5%B9%B4%29
2023-06-08,Eastern Exorcist,Bilibili HK,IARC,16+,https://ja.wikipedia.org/wiki/Nintendo_Switch%E3%81%AE%E3%82%B2%E3%83%BC%E3%83%A0%E3%82%BF%E3%82%A4%E3%83%88%E3%83%AB%E4%B8%80%E8%A6%A7_%282023%E5%B9%B4%29
2023-06-08,Bleak Sword DX,Devolver Digital,IARC,16+,https://ja.wikipedia.org/wiki/Nintendo_Switch%E3%81%AE%E3%82%B2%E3%83%BC%E3%83%A0%E3%82%BF%E3%82%A4%E3%83%88%E3%83%AB%E4%B8%80%E8%A6%A7_%282023%E5%B9%B4%29
2023-06-08,Cubic Figures 2,DillyFrame,IARC,3+,https://ja.wikipedia.org/wiki/Nintendo_Switch%E3%81%AE%E3%82%B2%E3%83%BC%E3%83%A0%E3%82%BF%E3%82%A4%E3%83%88%E3%83%AB%E4%B8%80%E8%A6%A7_%282023%E5%B9%B4%29
2023-06-08,Kovox Pitch,eastasiasoft,IARC,3+,https://ja.wikipedia.org/wiki/Nintendo_Switch%E3%81%AE%E3%82%B2%E3%83%BC%E3%83%A0%E3%82%BF%E3%82%A4%E3%83%88%E3%83%AB%E4%B8%80%E8%A6%A7_%282023%E5%B9%B4%29
2023-06-08,SENSEs: Midnight,eastasiasoft,IARC,16+,https://ja.wikipedia.org/wiki/Nintendo_Switch%E3%81%AE%E3%82%B2%E3%83%BC%E3%83%A0%E3%82%BF%E3%82%A4%E3%83%88%E3%83%AB%E4%B8%80%E8%A6%A7_%282023%E5%B9%B4%29
2023-06-08,アビア・コーポレーション,Elusor,IARC,3+,https://ja.wikipedia.org/wiki/Nintendo_Switch%E3%81%AE%E3%82%B2%E3%83%BC%E3%83%A0%E3%82%BF%E3%82%A4%E3%83%88%E3%83%AB%E4%B8%80%E8%A6%A7_%282023%E5%B9%B4%29
2023-06-08,サクラ・ダンジョン 〜美しき激闘〜,Gamuzumi,IARC,16+,https://ja.wikipedia.org/wiki/Nintendo_Switch%E3%81%AE%E3%82%B2%E3%83%BC%E3%83%A0%E3%82%BF%E3%82%A4%E3%83%88%E3%83%AB%E4%B8%80%E8%A6%A7_%282023%E5%B9%B4%29
2023-06-08,Nocturnal,H2 INTERACTIVE,IARC,16+,https://ja.wikipedia.org/wiki/Nintendo_Switch%E3%81%AE%E3%82%B2%E3%83%BC%E3%83%A0%E3%82%BF%E3%82%A4%E3%83%88%E3%83%AB%E4%B8%80%E8%A6%A7_%282023%E5%B9%B4%29
2023-06-08,勇気の推理 海苔3 バランスの良い食事,HERO GAME,IARC,3+,https://ja.wikipedia.org/wiki/Nintendo_Switch%E3%81%AE%E3%82%B2%E3%83%BC%E3%83%A0%E3%82%BF%E3%82%A4%E3%83%88%E3%83%AB%E4%B8%80%E8%A6%A7_%282023%E5%B9%B4%29
2023-06-08,エンジェルシンフォニー,HUNTERS,IARC,3+,https://ja.wikipedia.org/wiki/Nintendo_Switch%E3%81%AE%E3%82%B2%E3%83%BC%E3%83%A0%E3%82%BF%E3%82%A4%E3%83%88%E3%83%AB%E4%B8%80%E8%A6%A7_%282023%E5%B9%B4%29
2023-06-08,アートな絵探しアドベンチャー－イラストクイズで冒険と脳トレの旅へ!－,MASK,IARC,3+,https://ja.wikipedia.org/wiki/Nintendo_Switch%E3%81%AE%E3%82%B2%E3%83%BC%E3%83%A0%E3%82%BF%E3%82%A4%E3%83%88%E3%83%AB%E4%B8%80%E8%A6%A7_%282023%E5%B9%B4%29
2023-06-08,完全犯罪ミステリー－本格謎解き推理サスペンスゲーム－,MASK,IARC,12+,https://ja.wikipedia.org/wiki/Nintendo_Switch%E3%81%AE%E3%82%B2%E3%83%BC%E3%83%A0%E3%82%BF%E3%82%A4%E3%83%88%E3%83%AB%E4%B8%80%E8%A6%A7_%282023%E5%B9%B4%29
2023-06-08,本当にあったリアルおとぎ話－みんなの暇潰しトンデモヤバめな笑える話－,MASK,IARC,12+,https://ja.wikipedia.org/wiki/Nintendo_Switch%E3%81%AE%E3%82%B2%E3%83%BC%E3%83%A0%E3%82%BF%E3%82%A4%E3%83%88%E3%83%AB%E4%B8%80%E8%A6%A7_%282023%E5%B9%B4%29
2023-06-08,ムーブ・ザ・ボックス クラシック・ブロック・パズル,Megame,IARC,3+,https://ja.wikipedia.org/wiki/Nintendo_Switch%E3%81%AE%E3%82%B2%E3%83%BC%E3%83%A0%E3%82%BF%E3%82%A4%E3%83%88%E3%83%AB%E4%B8%80%E8%A6%A7_%282023%E5%B9%B4%29
2023-06-08,100ドアゲーム - 脱出ゲーム,Peaksel,IARC,3+,https://ja.wikipedia.org/wiki/Nintendo_Switch%E3%81%AE%E3%82%B2%E3%83%BC%E3%83%A0%E3%82%BF%E3%82%A4%E3%83%88%E3%83%AB%E4%B8%80%E8%A6%A7_%282023%E5%B9%B4%29
2023-06-08,MotoGP 23,Plaion,IARC,3+,https://ja.wikipedia.org/wiki/Nintendo_Switch%E3%81%AE%E3%82%B2%E3%83%BC%E3%83%A0%E3%82%BF%E3%82%A4%E3%83%88%E3%83%AB%E4%B8%80%E8%A6%A7_%282023%E5%B9%B4%29
2023-06-08,Talk to Strangers,QUByte Interactive,IARC,7+,https://ja.wikipedia.org/wiki/Nintendo_Switch%E3%81%AE%E3%82%B2%E3%83%BC%E3%83%A0%E3%82%BF%E3%82%A4%E3%83%88%E3%83%AB%E4%B8%80%E8%A6%A7_%282023%E5%B9%B4%29
2023-06-08,Inhabit,RAWRLAB,IARC,3+,https://ja.wikipedia.org/wiki/Nintendo_Switch%E3%81%AE%E3%82%B2%E3%83%BC%E3%83%A0%E3%82%BF%E3%82%A4%E3%83%88%E3%83%AB%E4%B8%80%E8%A6%A7_%282023%E5%B9%B4%29
2023-06-08,いぬごっち:バーチャルペット,RedDeerGames,IARC,3+,https://ja.wikipedia.org/wiki/Nintendo_Switch%E3%81%AE%E3%82%B2%E3%83%BC%E3%83%A0%E3%82%BF%E3%82%A4%E3%83%88%E3%83%AB%E4%B8%80%E8%A6%A7_%282023%E5%B9%B4%29
2023-06-08,魔剣インキュバス,Sanuk,IARC,12+,https://ja.wikipedia.org/wiki/Nintendo_Switch%E3%81%AE%E3%82%B2%E3%83%BC%E3%83%A0%E3%82%BF%E3%82%A4%E3%83%88%E3%83%AB%E4%B8%80%E8%A6%A7_%282023%E5%B9%B4%29
2023-06-08,ウルトラフードメス,Silesia Games,IARC,3+,https://ja.wikipedia.org/wiki/Nintendo_Switch%E3%81%AE%E3%82%B2%E3%83%BC%E3%83%A0%E3%82%BF%E3%82%A4%E3%83%88%E3%83%AB%E4%B8%80%E8%A6%A7_%282023%E5%B9%B4%29
2023-06-08,Clive 'N' Wrench,SOFT SOURCE,CERO,B,https://ja.wikipedia.org/wiki/Nintendo_Switch%E3%81%AE%E3%82%B2%E3%83%BC%E3%83%A0%E3%82%BF%E3%82%A4%E3%83%88%E3%83%AB%E4%B8%80%E8%A6%A7_%282023%E5%B9%B4%29
2023-06-08,アタマが冴える超IQ－かしこくなるひらめき謎解き脳トレクイズ－,TT,IARC,3+,https://ja.wikipedia.org/wiki/Nintendo_Switch%E3%81%AE%E3%82%B2%E3%83%BC%E3%83%A0%E3%82%BF%E3%82%A4%E3%83%88%E3%83%AB%E4%B8%80%E8%A6%A7_%282023%E5%B9%B4%29
2023-06-08,アハ!アートな間違い探し－遊べて学べる!楽しい脳トレ美術クイズゲーム－,TT,IARC,3+,https://ja.wikipedia.org/wiki/Nintendo_Switch%E3%81%AE%E3%82%B2%E3%83%BC%E3%83%A0%E3%82%BF%E3%82%A4%E3%83%88%E3%83%AB%E4%B8%80%E8%A6%A7_%282023%E5%B9%B4%29
2023-06-08,置くだけ脳トレ指IPPON－パズルでかんたん謎解きひらめきクイズ－,TT,IARC,3+,https://ja.wikipedia.org/wiki/Nintendo_Switch%E3%81%AE%E3%82%B2%E3%83%BC%E3%83%A0%E3%82%BF%E3%82%A4%E3%83%88%E3%83%AB%E4%B8%80%E8%A6%A7_%282023%E5%B9%B4%29
2023-06-08,Speed Crew,Wild Fields,IARC,3+,https://ja.wikipedia.org/wiki/Nintendo_Switch%E3%81%AE%E3%82%B2%E3%83%BC%E3%83%A0%E3%82%BF%E3%82%A4%E3%83%88%E3%83%AB%E4%B8%80%E8%A6%A7_%282023%E5%B9%B4%29
2023-06-08,初音ミク 不思議なホシと願いのかけら,クリプトン・フューチャー・メディア,IARC,3+,https://ja.wikipedia.org/wiki/Nintendo_Switch%E3%81%AE%E3%82%B2%E3%83%BC%E3%83%A0%E3%82%BF%E3%82%A4%E3%83%88%E3%83%AB%E4%B8%80%E8%A6%A7_%282023%E5%B9%B4%29
2023-06-08,スーパーバトル戦車,シルバースタージャパン,CERO,A,https://ja.wikipedia.org/wiki/Nintendo_Switch%E3%81%AE%E3%82%B2%E3%83%BC%E3%83%A0%E3%82%BF%E3%82%A4%E3%83%88%E3%83%AB%E4%B8%80%E8%A6%A7_%282023%E5%B9%B4%29
2023-06-08,ウーポー 私のおうちはどこ?,レイニーフロッグ,IARC,3+,https://ja.wikipedia.org/wiki/Nintendo_Switch%E3%81%AE%E3%82%B2%E3%83%BC%E3%83%A0%E3%82%BF%E3%82%A4%E3%83%88%E3%83%AB%E4%B8%80%E8%A6%A7_%282023%E5%B9%B4%29
2023-06-09,Eastern Euro Truck Simulator: Real Offroad Car Driving Game Sim 4x4 Mud,INSTAMARKETINGANDGAME,IARC,3+,https://ja.wikipedia.org/wiki/Nintendo_Switch%E3%81%AE%E3%82%B2%E3%83%BC%E3%83%A0%E3%82%BF%E3%82%A4%E3%83%88%E3%83%AB%E4%B8%80%E8%A6%A7_%282023%E5%B9%B4%29
2023-06-09,Cat Souls,ラタライカゲームス,IARC,7+,https://ja.wikipedia.org/wiki/Nintendo_Switch%E3%81%AE%E3%82%B2%E3%83%BC%E3%83%A0%E3%82%BF%E3%82%A4%E3%83%88%E3%83%AB%E4%B8%80%E8%A6%A7_%282023%E5%B9%B4%29
2023-06-10,Smushi Come Home,Mooneye Studios,IARC,3+,https://ja.wikipedia.org/wiki/Nintendo_Switch%E3%81%AE%E3%82%B2%E3%83%BC%E3%83%A0%E3%82%BF%E3%82%A4%E3%83%88%E3%83%AB%E4%B8%80%E8%A6%A7_%282023%E5%B9%B4%29
2023-06-14,Dordogne,Focus Entertainment,IARC,3+,https://ja.wikipedia.org/wiki/Nintendo_Switch%E3%81%AE%E3%82%B2%E3%83%BC%E3%83%A0%E3%82%BF%E3%82%A4%E3%83%88%E3%83%AB%E4%B8%80%E8%A6%A7_%282023%E5%B9%B4%29
2023-06-15,Ghost Files: 見えない犯人を捜せ,Artifex Mundi,IARC,12+,https://ja.wikipedia.org/wiki/Nintendo_Switch%E3%81%AE%E3%82%B2%E3%83%BC%E3%83%A0%E3%82%BF%E3%82%A4%E3%83%88%E3%83%AB%E4%B8%80%E8%A6%A7_%282023%E5%B9%B4%29
2023-06-15,Brave Soldier - Invasion of Cyborgs,eastasiasoft,IARC,7+,https://ja.wikipedia.org/wiki/Nintendo_Switch%E3%81%AE%E3%82%B2%E3%83%BC%E3%83%A0%E3%82%BF%E3%82%A4%E3%83%88%E3%83%AB%E4%B8%80%E8%A6%A7_%282023%E5%B9%B4%29
2023-06-15,Cavity Busters,eastasiasoft,IARC,7+,https://ja.wikipedia.org/wiki/Nintendo_Switch%E3%81%AE%E3%82%B2%E3%83%BC%E3%83%A0%E3%82%BF%E3%82%A4%E3%83%88%E3%83%AB%E4%B8%80%E8%A6%A7_%282023%E5%B9%B4%29
2023-06-15,Lost Lands: 砂に捕らわれた者,FIVE-BN STUDIO,IARC,7+,https://ja.wikipedia.org/wiki/Nintendo_Switch%E3%81%AE%E3%82%B2%E3%83%BC%E3%83%A0%E3%82%BF%E3%82%A4%E3%83%88%E3%83%AB%E4%B8%80%E8%A6%A7_%282023%E5%B9%B4%29
2023-06-15,Gramik Paint Roller,Isaias Game Dev,IARC,3+,https://ja.wikipedia.org/wiki/Nintendo_Switch%E3%81%AE%E3%82%B2%E3%83%BC%E3%83%A0%E3%82%BF%E3%82%A4%E3%83%88%E3%83%AB%E4%B8%80%E8%A6%A7_%282023%E5%B9%B4%29
2023-06-15,Hoppy Hop,Josyan,IARC,3+,https://ja.wikipedia.org/wiki/Nintendo_Switch%E3%81%AE%E3%82%B2%E3%83%BC%E3%83%A0%E3%82%BF%E3%82%A4%E3%83%88%E3%83%AB%E4%B8%80%E8%A6%A7_%282023%E5%B9%B4%29
2023-06-15,ちょこっとスタディ 身近なことば－かんたん雑学楽しく学べる教養脳トレクイズ－,MASK,IARC,3+,https://ja.wikipedia.org/wiki/Nintendo_Switch%E3%81%AE%E3%82%B2%E3%83%BC%E3%83%A0%E3%82%BF%E3%82%A4%E3%83%88%E3%83%AB%E4%B8%80%E8%A6%A7_%282023%E5%B9%B4%29
2023-06-15,ProtoCorgi,Plaion,IARC,7+,https://ja.wikipedia.org/wiki/Nintendo_Switch%E3%81%AE%E3%82%B2%E3%83%BC%E3%83%A0%E3%82%BF%E3%82%A4%E3%83%88%E3%83%AB%E4%B8%80%E8%A6%A7_%282023%E5%B9%B4%29
2023-06-15,SUPER STAY OUT OF THE HOUSE,Puppet Combo,IARC,16+,https://ja.wikipedia.org/wiki/Nintendo_Switch%E3%81%AE%E3%82%B2%E3%83%BC%E3%83%A0%E3%82%BF%E3%82%A4%E3%83%88%E3%83%AB%E4%B8%80%E8%A6%A7_%282023%E5%B9%B4%29
2023-06-15,Beat 'Em Up Archives (QUByte Classics),QUByte Interactive,IARC,7+,https://ja.wikipedia.org/wiki/Nintendo_Switch%E3%81%AE%E3%82%B2%E3%83%BC%E3%83%A0%E3%82%BF%E3%82%A4%E3%83%88%E3%83%AB%E4%B8%80%E8%A6%A7_%282023%E5%B9%B4%29
2023-06-15,悲しみの洞窟,RedDeerGames,IARC,7+,https://ja.wikipedia.org/wiki/Nintendo_Switch%E3%81%AE%E3%82%B2%E3%83%BC%E3%83%A0%E3%82%BF%E3%82%A4%E3%83%88%E3%83%AB%E4%B8%80%E8%A6%A7_%282023%E5%B9%B4%29
2023-06-15,ドラッグレースシミュレーター,SC Ovilex Soft,IARC,3+,https://ja.wikipedia.org/wiki/Nintendo_Switch%E3%81%AE%E3%82%B2%E3%83%BC%E3%83%A0%E3%82%BF%E3%82%A4%E3%83%88%E3%83%AB%E4%B8%80%E8%A6%A7_%282023%E5%B9%B4%29
2023-06-15,サマーデイズ ティリーズテイル,Silesia Games,IARC,3+,https://ja.wikipedia.org/wiki/Nintendo_Switch%E3%81%AE%E3%82%B2%E3%83%BC%E3%83%A0%E3%82%BF%E3%82%A4%E3%83%88%E3%83%AB%E4%B8%80%E8%A6%A7_%282023%E5%B9%B4%29
2023-06-15,Pandemic 1993,Taiga,IARC,16+,https://ja.wikipedia.org/wiki/Nintendo_Switch%E3%81%AE%E3%82%B2%E3%83%BC%E3%83%A0%E3%82%BF%E3%82%A4%E3%83%88%E3%83%AB%E4%B8%80%E8%A6%A7_%282023%E5%B9%B4%29
2023-06-15,ゾッとする怖い都市伝説－謎解き都市伝説×怪異ホラーミステリー－,TT,IARC,12+,https://ja.wikipedia.org/wiki/Nintendo_Switch%E3%81%AE%E3%82%B2%E3%83%BC%E3%83%A0%E3%82%BF%E3%82%A4%E3%83%88%E3%83%AB%E4%B8%80%E8%A6%A7_%282023%E5%B9%B4%29
2023-06-15,BIRDIE WING -Golf Girls' Story-,WOWWOW Technology,IARC,3+,https://ja.wikipedia.org/wiki/Nintendo_Switch%E3%81%AE%E3%82%B2%E3%83%BC%E3%83%A0%E3%82%BF%E3%82%A4%E3%83%88%E3%83%AB%E4%B8%80%E8%A6%A7_%282023%E5%B9%B4%29
2023-06-15,つくろう!ゴルフの森,カイロソフト,IARC,3+,https://ja.wikipedia.org/wiki/Nintendo_Switch%E3%81%AE%E3%82%B2%E3%83%BC%E3%83%A0%E3%82%BF%E3%82%A4%E3%83%88%E3%83%AB%E4%B8%80%E8%A6%A7_%282023%E5%B9%B4%29
2023-06-16,島々鉄道局 (Tails of Trainspot),Poly Poly Games,IARC,3+,https://ja.wikipedia.org/wiki/Nintendo_Switch%E3%81%AE%E3%82%B2%E3%83%BC%E3%83%A0%E3%82%BF%E3%82%A4%E3%83%88%E3%83%AB%E4%B8%80%E8%A6%A7_%282023%E5%B9%B4%29
2023-06-20,The Last Hero of Nostalgaia,Coatsink Software,IARC,16+,https://ja.wikipedia.org/wiki/Nintendo_Switch%E3%81%AE%E3%82%B2%E3%83%BC%E3%83%A0%E3%82%BF%E3%82%A4%E3%83%88%E3%83%AB%E4%B8%80%E8%A6%A7_%282023%E5%B9%B4%29
2023-06-22,Moon Raider ムーン・レイダー,Drageus Games,IARC,7+,https://ja.wikipedia.org/wiki/Nintendo_Switch%E3%81%AE%E3%82%B2%E3%83%BC%E3%83%A0%E3%82%BF%E3%82%A4%E3%83%88%E3%83%AB%E4%B8%80%E8%A6%A7_%282023%E5%B9%B4%29
2023-06-22,Neko Secret Homecoming,eastasiasoft,CERO,D,https://ja.wikipedia.org/wiki/Nintendo_Switch%E3%81%AE%E3%82%B2%E3%83%BC%E3%83%A0%E3%82%BF%E3%82%A4%E3%83%88%E3%83%AB%E4%B8%80%E8%A6%A7_%282023%E5%B9%B4%29
2023-06-22,Robolt,eastasiasoft,IARC,7+,https://ja.wikipedia.org/wiki/Nintendo_Switch%E3%81%AE%E3%82%B2%E3%83%BC%E3%83%A0%E3%82%BF%E3%82%A4%E3%83%88%E3%83%AB%E4%B8%80%E8%A6%A7_%282023%E5%B9%B4%29
2023-06-22,Ramp Car Racing,Gametry,IARC,3+,https://ja.wikipedia.org/wiki/Nintendo_Switch%E3%81%AE%E3%82%B2%E3%83%BC%E3%83%A0%E3%82%BF%E3%82%A4%E3%83%88%E3%83%AB%E4%B8%80%E8%A6%A7_%282023%E5%B9%B4%29
2023-06-22,Auralux: 星座,Grove Street Games,IARC,3+,https://ja.wikipedia.org/wiki/Nintendo_Switch%E3%81%AE%E3%82%B2%E3%83%BC%E3%83%A0%E3%82%BF%E3%82%A4%E3%83%88%E3%83%AB%E4%B8%80%E8%A6%A7_%282023%E5%B9%B4%29
2023-06-22,Nova Lands,HypeTrain Digital,IARC,3+,https://ja.wikipedia.org/wiki/Nintendo_Switch%E3%81%AE%E3%82%B2%E3%83%BC%E3%83%A0%E3%82%BF%E3%82%A4%E3%83%88%E3%83%AB%E4%B8%80%E8%A6%A7_%282023%E5%B9%B4%29
2023-06-22,こんなところに?みーつけた!－ひらめき!遊んで脳トレアイテム探し!－,MASK,IARC,3+,https://ja.wikipedia.org/wiki/Nintendo_Switch%E3%81%AE%E3%82%B2%E3%83%BC%E3%83%A0%E3%82%BF%E3%82%A4%E3%83%88%E3%83%AB%E4%B8%80%E8%A6%A7_%282023%E5%B9%B4%29
2023-06-22,ものしりクイズ 世界のどうぶつ－学べる雑学教養豆知識学習ゲーム－,MASK,IARC,3+,https://ja.wikipedia.org/wiki/Nintendo_Switch%E3%81%AE%E3%82%B2%E3%83%BC%E3%83%A0%E3%82%BF%E3%82%A4%E3%83%88%E3%83%AB%E4%B8%80%E8%A6%A7_%282023%E5%B9%B4%29
2023-06-22,メディーバル・ロイヤル・チェス クラシック・ボード・ゲーム,Megame,IARC,3+,https://ja.wikipedia.org/wiki/Nintendo_Switch%E3%81%AE%E3%82%B2%E3%83%BC%E3%83%A0%E3%82%BF%E3%82%A4%E3%83%88%E3%83%AB%E4%B8%80%E8%A6%A7_%282023%E5%B9%B4%29
2023-06-22,Doodle World Deluxe,Nami Tentou,IARC,3+,https://ja.wikipedia.org/wiki/Nintendo_Switch%E3%81%AE%E3%82%B2%E3%83%BC%E3%83%A0%E3%82%BF%E3%82%A4%E3%83%88%E3%83%AB%E4%B8%80%E8%A6%A7_%282023%E5%B9%B4%29
2023-06-22,Orebody: Binder's Tale,Nami Tentou,IARC,7+,https://ja.wikipedia.org/wiki/Nintendo_Switch%E3%81%AE%E3%82%B2%E3%83%BC%E3%83%A0%E3%82%BF%E3%82%A4%E3%83%88%E3%83%AB%E4%B8%80%E8%A6%A7_%282023%E5%B9%B4%29
2023-06-22,アリスシスターズ,PixelHeart,IARC,3+,https://ja.wikipedia.org/wiki/Nintendo_Switch%E3%81%AE%E3%82%B2%E3%83%BC%E3%83%A0%E3%82%BF%E3%82%A4%E3%83%88%E3%83%AB%E4%B8%80%E8%A6%A7_%282023%E5%B9%B4%29
2023-06-22,nPiano,RedDeerGames,IARC,3+,https://ja.wikipedia.org/wiki/Nintendo_Switch%E3%81%AE%E3%82%B2%E3%83%BC%E3%83%A0%E3%82%BF%E3%82%A4%E3%83%88%E3%83%AB%E4%B8%80%E8%A6%A7_%282023%E5%B9%B4%29
2023-06-22,スカイキャラバン,RedDeerGames,IARC,12+,https://ja.wikipedia.org/wiki/Nintendo_Switch%E3%81%AE%E3%82%B2%E3%83%BC%E3%83%A0%E3%82%BF%E3%82%A4%E3%83%88%E3%83%AB%E4%B8%80%E8%A6%A7_%282023%E5%B9%B4%29
2023-06-22,Unimime - Unicycle Madness,Roflcopter Ink,IARC,3+,https://ja.wikipedia.org/wiki/Nintendo_Switch%E3%81%AE%E3%82%B2%E3%83%BC%E3%83%A0%E3%82%BF%E3%82%A4%E3%83%88%E3%83%AB%E4%B8%80%E8%A6%A7_%282023%E5%B9%B4%29
2023-06-22,Rice Bowl Restaurant,SOFT SOURCE,IARC,3+,https://ja.wikipedia.org/wiki/Nintendo_Switch%E3%81%AE%E3%82%B2%E3%83%BC%E3%83%A0%E3%82%BF%E3%82%A4%E3%83%88%E3%83%AB%E4%B8%80%E8%A6%A7_%282023%E5%B9%B4%29
2023-06-22,マーブルボールフレンズ,STP WORKS,IARC,3+,https://ja.wikipedia.org/wiki/Nintendo_Switch%E3%81%AE%E3%82%B2%E3%83%BC%E3%83%A0%E3%82%BF%E3%82%A4%E3%83%88%E3%83%AB%E4%B8%80%E8%A6%A7_%282023%E5%B9%B4%29
2023-06-22,ダイヤモンド★ガール 〜恋の本気レッスン〜,オペラハウス,IARC,12+,https://ja.wikipedia.org/wiki/Nintendo_Switch%E3%81%AE%E3%82%B2%E3%83%BC%E3%83%A0%E3%82%BF%E3%82%A4%E3%83%88%E3%83%AB%E4%B8%80%E8%A6%A7_%282023%E5%B9%B4%29
2023-06-22,プリンセスクローゼット 〜オシャレと恋で私は変わる〜,不明,"","",https://ja.wikipedia.org/wiki/Nintendo_Switch%E3%81%AE%E3%82%B2%E3%83%BC%E3%83%A0%E3%82%BF%E3%82%A4%E3%83%88%E3%83%AB%E4%B8%80%E8%A6%A7_%282023%E5%B9%B4%29
2023-06-22,変貌カレシ 〜魅惑の香水〜,不明,"","",https://ja.wikipedia.org/wiki/Nintendo_Switch%E3%81%AE%E3%82%B2%E3%83%BC%E3%83%A0%E3%82%BF%E3%82%A4%E3%83%88%E3%83%AB%E4%B8%80%E8%A6%A7_%282023%E5%B9%B4%29
2023-06-22,あまあま人妻包囲網 - Stuck With Naughty Housewives -,サイバーステップ,IARC,16+,https://ja.wikipedia.org/wiki/Nintendo_Switch%E3%81%AE%E3%82%B2%E3%83%BC%E3%83%A0%E3%82%BF%E3%82%A4%E3%83%88%E3%83%AB%E4%B8%80%E8%A6%A7_%282023%E5%B9%B4%29
2023-06-22,美人姉妹と入れ替わり生活 -Becoming Your Beautiful Cousin-,サイバーステップ,IARC,16+,https://ja.wikipedia.org/wiki/Nintendo_Switch%E3%81%AE%E3%82%B2%E3%83%BC%E3%83%A0%E3%82%BF%E3%82%A4%E3%83%88%E3%83%AB%E4%B8%80%E8%A6%A7_%282023%E5%B9%B4%29
2023-06-22,The Wonderful One: After School Hero,プラチナゲームズ,IARC,3+,https://ja.wikipedia.org/wiki/Nintendo_Switch%E3%81%AE%E3%82%B2%E3%83%BC%E3%83%A0%E3%82%BF%E3%82%A4%E3%83%88%E3%83%AB%E4%B8%80%E8%A6%A7_%282023%E5%B9%B4%29
2023-06-22,ピクミン1,任天堂,CERO,A,https://ja.wikipedia.org/wiki/Nintendo_Switch%E3%81%AE%E3%82%B2%E3%83%BC%E3%83%A0%E3%82%BF%E3%82%A4%E3%83%88%E3%83%AB%E4%B8%80%E8%A6%A7_%282023%E5%B9%B4%29
2023-06-22,ピクミン2,●,"","",https://ja.wikipedia.org/wiki/Nintendo_Switch%E3%81%AE%E3%82%B2%E3%83%BC%E3%83%A0%E3%82%BF%E3%82%A4%E3%83%88%E3%83%AB%E4%B8%80%E8%A6%A7_%282023%E5%B9%B4%29
2023-06-23,Dr. Fetus' Mean Meat Machine - ドクター・フィータス・ミーン・ミート・マシーン,Headup Games,IARC,7+,https://ja.wikipedia.org/wiki/Nintendo_Switch%E3%81%AE%E3%82%B2%E3%83%BC%E3%83%A0%E3%82%BF%E3%82%A4%E3%83%88%E3%83%AB%E4%B8%80%E8%A6%A7_%282023%E5%B9%B4%29
2023-06-23,"Farming Simulator - Farm, Tractor, Experience Logic Games Nintendo Switch Edition",INSTAMARKETINGANDGAME,IARC,3+,https://ja.wikipedia.org/wiki/Nintendo_Switch%E3%81%AE%E3%82%B2%E3%83%BC%E3%83%A0%E3%82%BF%E3%82%A4%E3%83%88%E3%83%AB%E4%B8%80%E8%A6%A7_%282023%E5%B9%B4%29
2023-06-23,トリックス・マジシャン,ラタライカゲームス,IARC,7+,https://ja.wikipedia.org/wiki/Nintendo_Switch%E3%81%AE%E3%82%B2%E3%83%BC%E3%83%A0%E3%82%BF%E3%82%A4%E3%83%88%E3%83%AB%E4%B8%80%E8%A6%A7_%282023%E5%B9%B4%29
2023-06-24,"Hooligan Simulator - San Gangster Andreas Fight for City, Battle Gangs, Shooter, Police",DEZVOLT GAMES,IARC,12+,https://ja.wikipedia.org/wiki/Nintendo_Switch%E3%81%AE%E3%82%B2%E3%83%BC%E3%83%A0%E3%82%BF%E3%82%A4%E3%83%88%E3%83%AB%E4%B8%80%E8%A6%A7_%282023%E5%B9%B4%29
2023-06-27,ゾンビ・オブ・ザ・ドット,ケムコ,CERO,C,https://ja.wikipedia.org/wiki/Nintendo_Switch%E3%81%AE%E3%82%B2%E3%83%BC%E3%83%A0%E3%82%BF%E3%82%A4%E3%83%88%E3%83%AB%E4%B8%80%E8%A6%A7_%282023%E5%B9%B4%29
2023-06-27,SOULVARS,集英社ゲームズ,IARC,3+,https://ja.wikipedia.org/wiki/Nintendo_Switch%E3%81%AE%E3%82%B2%E3%83%BC%E3%83%A0%E3%82%BF%E3%82%A4%E3%83%88%E3%83%AB%E4%B8%80%E8%A6%A7_%282023%E5%B9%B4%29
2023-06-29,Shootvaders: The Beginning,7 Raven Studios,IARC,3+,https://ja.wikipedia.org/wiki/Nintendo_Switch%E3%81%AE%E3%82%B2%E3%83%BC%E3%83%A0%E3%82%BF%E3%82%A4%E3%83%88%E3%83%AB%E4%B8%80%E8%A6%A7_%282023%E5%B9%B4%29
2023-06-29,第二次世界大戦: バンカーシミュレーター,Art Games Studio,IARC,16+,https://ja.wikipedia.org/wiki/Nintendo_Switch%E3%81%AE%E3%82%B2%E3%83%BC%E3%83%A0%E3%82%BF%E3%82%A4%E3%83%88%E3%83%AB%E4%B8%80%E8%A6%A7_%282023%E5%B9%B4%29
2023-06-29,The Medium,Bloober Team,CERO,C,https://ja.wikipedia.org/wiki/Nintendo_Switch%E3%81%AE%E3%82%B2%E3%83%BC%E3%83%A0%E3%82%BF%E3%82%A4%E3%83%88%E3%83%AB%E4%B8%80%E8%A6%A7_%282023%E5%B9%B4%29
2023-06-29,The Lara Croft Collection,Feral Interactive,IARC,12+,https://ja.wikipedia.org/wiki/Nintendo_Switch%E3%81%AE%E3%82%B2%E3%83%BC%E3%83%A0%E3%82%BF%E3%82%A4%E3%83%88%E3%83%AB%E4%B8%80%E8%A6%A7_%282023%E5%B9%B4%29
2023-06-29,クラシックレーサーズエリート,Funbox Media,IARC,3+,https://ja.wikipedia.org/wiki/Nintendo_Switch%E3%81%AE%E3%82%B2%E3%83%BC%E3%83%A0%E3%82%BF%E3%82%A4%E3%83%88%E3%83%AB%E4%B8%80%E8%A6%A7_%282023%E5%B9%B4%29
2023-06-29,色彩感覚テスト－アートな教養脳トレ常識IQチェック－,MASK,IARC,3+,https://ja.wikipedia.org/wiki/Nintendo_Switch%E3%81%AE%E3%82%B2%E3%83%BC%E3%83%A0%E3%82%BF%E3%82%A4%E3%83%88%E3%83%AB%E4%B8%80%E8%A6%A7_%282023%E5%B9%B4%29
2023-06-29,マウンテン・クライム・ドライバー リアル・フィジクス・アーケード・レーシング,Megame,IARC,3+,https://ja.wikipedia.org/wiki/Nintendo_Switch%E3%81%AE%E3%82%B2%E3%83%BC%E3%83%A0%E3%82%BF%E3%82%A4%E3%83%88%E3%83%AB%E4%B8%80%E8%A6%A7_%282023%E5%B9%B4%29
2023-06-29,Mahjong Woods,Ocean Media,IARC,3+,https://ja.wikipedia.org/wiki/Nintendo_Switch%E3%81%AE%E3%82%B2%E3%83%BC%E3%83%A0%E3%82%BF%E3%82%A4%E3%83%88%E3%83%AB%E4%B8%80%E8%A6%A7_%282023%E5%B9%B4%29
2023-06-29,Abandon Ship,Plug In Digital,IARC,7+,https://ja.wikipedia.org/wiki/Nintendo_Switch%E3%81%AE%E3%82%B2%E3%83%BC%E3%83%A0%E3%82%BF%E3%82%A4%E3%83%88%E3%83%AB%E4%B8%80%E8%A6%A7_%282023%E5%B9%B4%29
2023-06-29,Superfidos,Red Suit Studios,IARC,3+,https://ja.wikipedia.org/wiki/Nintendo_Switch%E3%81%AE%E3%82%B2%E3%83%BC%E3%83%A0%E3%82%BF%E3%82%A4%E3%83%88%E3%83%AB%E4%B8%80%E8%A6%A7_%282023%E5%B9%B4%29
2023-06-29,ブルードスター,Schmidthoffer David,IARC,7+,https://ja.wikipedia.org/wiki/Nintendo_Switch%E3%81%AE%E3%82%B2%E3%83%BC%E3%83%A0%E3%82%BF%E3%82%A4%E3%83%88%E3%83%AB%E4%B8%80%E8%A6%A7_%282023%E5%B9%B4%29
2023-06-29,Quick Race,SOURCE BYTE,IARC,3+,https://ja.wikipedia.org/wiki/Nintendo_Switch%E3%81%AE%E3%82%B2%E3%83%BC%E3%83%A0%E3%82%BF%E3%82%A4%E3%83%88%E3%83%AB%E4%B8%80%E8%A6%A7_%282023%E5%B9%B4%29
2023-06-29,SHIMAZU,SPACEFARER GAMES,IARC,7+,https://ja.wikipedia.org/wiki/Nintendo_Switch%E3%81%AE%E3%82%B2%E3%83%BC%E3%83%A0%E3%82%BF%E3%82%A4%E3%83%88%E3%83%AB%E4%B8%80%E8%A6%A7_%282023%E5%B9%B4%29
2023-06-29,Your Computer Might Be At Risk,Tenebris Studio,IARC,16+,https://ja.wikipedia.org/wiki/Nintendo_Switch%E3%81%AE%E3%82%B2%E3%83%BC%E3%83%A0%E3%82%BF%E3%82%A4%E3%83%88%E3%83%AB%E4%B8%80%E8%A6%A7_%282023%E5%B9%B4%29
2023-06-29,最恐ホラー 悪夢のトビラ－意味がわかると怖い謎解き都市伝説怪談推理ゲーム－,TT,IARC,12+,https://ja.wikipedia.org/wiki/Nintendo_Switch%E3%81%AE%E3%82%B2%E3%83%BC%E3%83%A0%E3%82%BF%E3%82%A4%E3%83%88%E3%83%AB%E4%B8%80%E8%A6%A7_%282023%E5%B9%B4%29
2023-06-29,眠れぬ夜の未解決ミステリー－スリルとサスペンスの謎解き推理探偵脱出ゲーム－,TT,IARC,16+,https://ja.wikipedia.org/wiki/Nintendo_Switch%E3%81%AE%E3%82%B2%E3%83%BC%E3%83%A0%E3%82%BF%E3%82%A4%E3%83%88%E3%83%AB%E4%B8%80%E8%A6%A7_%282023%E5%B9%B4%29
2023-06-29,Placid Plastic Duck Simulator,Tunnel Vision,IARC,3+,https://ja.wikipedia.org/wiki/Nintendo_Switch%E3%81%AE%E3%82%B2%E3%83%BC%E3%83%A0%E3%82%BF%E3%82%A4%E3%83%88%E3%83%AB%E4%B8%80%E8%A6%A7_%282023%E5%B9%B4%29
2023-06-29,結合男子,スクウェア・エニックス,CERO,B,https://ja.wikipedia.org/wiki/Nintendo_Switch%E3%81%AE%E3%82%B2%E3%83%BC%E3%83%A0%E3%82%BF%E3%82%A4%E3%83%88%E3%83%AB%E4%B8%80%E8%A6%A7_%282023%E5%B9%B4%29
2023-06-29,ピコンティア,フライハイワークス,IARC,3+,https://ja.wikipedia.org/wiki/Nintendo_Switch%E3%81%AE%E3%82%B2%E3%83%BC%E3%83%A0%E3%82%BF%E3%82%A4%E3%83%88%E3%83%AB%E4%B8%80%E8%A6%A7_%282023%E5%B9%B4%29
2023-06-29,警察署からの脱出,レジスタ,CERO,A,https://ja.wikipedia.org/wiki/Nintendo_Switch%E3%81%AE%E3%82%B2%E3%83%BC%E3%83%A0%E3%82%BF%E3%82%A4%E3%83%88%E3%83%AB%E4%B8%80%E8%A6%A7_%282023%E5%B9%B4%29
2023-06-29,走れ!中間管理職,レジスタ,CERO,A,https://ja.wikipedia.org/wiki/Nintendo_Switch%E3%81%AE%E3%82%B2%E3%83%BC%E3%83%A0%E3%82%BF%E3%82%A4%E3%83%88%E3%83%AB%E4%B8%80%E8%A6%A7_%282023%E5%B9%B4%29
2023-06-30,パズル ガールズ Puzzle Girls,Nerd Games,IARC,16+,https://ja.wikipedia.org/wiki/Nintendo_Switch%E3%81%AE%E3%82%B2%E3%83%BC%E3%83%A0%E3%82%BF%E3%82%A4%E3%83%88%E3%83%AB%E4%B8%80%E8%A6%A7_%282023%E5%B9%B4%29
2023-06-30,AEW Fight Forever,THQ Nordic ジャパン,CERO,C,https://ja.wikipedia.org/wiki/Nintendo_Switch%E3%81%AE%E3%82%B2%E3%83%BC%E3%83%A0%E3%82%BF%E3%82%A4%E3%83%88%E3%83%AB%E4%B8%80%E8%A6%A7_%282023%E5%B9%B4%29
2023-06-30,ChronoBreach Ultra,ラタライカゲームス,IARC,7+,https://ja.wikipedia.org/wiki/Nintendo_Switch%E3%81%AE%E3%82%B2%E3%83%BC%E3%83%A0%E3%82%BF%E3%82%A4%E3%83%88%E3%83%AB%E4%B8%80%E8%A6%A7_%282023%E5%B9%B4%29
2023-07-04,The Settlers,ユービーアイソフト,CERO,B,https://ja.wikipedia.org/wiki/Nintendo_Switch%E3%81%AE%E3%82%B2%E3%83%BC%E3%83%A0%E3%82%BF%E3%82%A4%E3%83%88%E3%83%AB%E4%B8%80%E8%A6%A7_%282023%E5%B9%B4%29
2023-07-06,Bunker 21 Extended Edition,17Studio,IARC,16+,https://ja.wikipedia.org/wiki/Nintendo_Switch%E3%81%AE%E3%82%B2%E3%83%BC%E3%83%A0%E3%82%BF%E3%82%A4%E3%83%88%E3%83%AB%E4%B8%80%E8%A6%A7_%282023%E5%B9%B4%29
2023-07-06,EchoBlade,eastasiasoft,IARC,16+,https://ja.wikipedia.org/wiki/Nintendo_Switch%E3%81%AE%E3%82%B2%E3%83%BC%E3%83%A0%E3%82%BF%E3%82%A4%E3%83%88%E3%83%AB%E4%B8%80%E8%A6%A7_%282023%E5%B9%B4%29
2023-07-06,Mr. Brocco & Co.,ESDigital Games,IARC,3+,https://ja.wikipedia.org/wiki/Nintendo_Switch%E3%81%AE%E3%82%B2%E3%83%BC%E3%83%A0%E3%82%BF%E3%82%A4%E3%83%88%E3%83%AB%E4%B8%80%E8%A6%A7_%282023%E5%B9%B4%29
2023-07-06,City Limits,JanduSoft,IARC,3+,https://ja.wikipedia.org/wiki/Nintendo_Switch%E3%81%AE%E3%82%B2%E3%83%BC%E3%83%A0%E3%82%BF%E3%82%A4%E3%83%88%E3%83%AB%E4%B8%80%E8%A6%A7_%282023%E5%B9%B4%29
2023-07-06,電卓メーカー:ぼくのでんたく,kids room,IARC,3+,https://ja.wikipedia.org/wiki/Nintendo_Switch%E3%81%AE%E3%82%B2%E3%83%BC%E3%83%A0%E3%82%BF%E3%82%A4%E3%83%88%E3%83%AB%E4%B8%80%E8%A6%A7_%282023%E5%B9%B4%29
2023-07-06,Mage & Monsters,Malvzach Games,IARC,3+,https://ja.wikipedia.org/wiki/Nintendo_Switch%E3%81%AE%E3%82%B2%E3%83%BC%E3%83%A0%E3%82%BF%E3%82%A4%E3%83%88%E3%83%AB%E4%B8%80%E8%A6%A7_%282023%E5%B9%B4%29
2023-07-06,あの子を沼らせる恋のモテ心理学－悪用厳禁モテ度診断恋愛学習ゲーム－,MASK,IARC,3+,https://ja.wikipedia.org/wiki/Nintendo_Switch%E3%81%AE%E3%82%B2%E3%83%BC%E3%83%A0%E3%82%BF%E3%82%A4%E3%83%88%E3%83%AB%E4%B8%80%E8%A6%A7_%282023%E5%B9%B4%29
2023-07-06,ファミリー・ジグソー・パズル クラシック・モザイク・パズルズ,Megame,IARC,3+,https://ja.wikipedia.org/wiki/Nintendo_Switch%E3%81%AE%E3%82%B2%E3%83%BC%E3%83%A0%E3%82%BF%E3%82%A4%E3%83%88%E3%83%AB%E4%B8%80%E8%A6%A7_%282023%E5%B9%B4%29
2023-07-06,Necrosmith,Merge Games,IARC,16+,https://ja.wikipedia.org/wiki/Nintendo_Switch%E3%81%AE%E3%82%B2%E3%83%BC%E3%83%A0%E3%82%BF%E3%82%A4%E3%83%88%E3%83%AB%E4%B8%80%E8%A6%A7_%282023%E5%B9%B4%29
2023-07-06,センチメンタルデスループ,qureate,CERO,D,https://ja.wikipedia.org/wiki/Nintendo_Switch%E3%81%AE%E3%82%B2%E3%83%BC%E3%83%A0%E3%82%BF%E3%82%A4%E3%83%88%E3%83%AB%E4%B8%80%E8%A6%A7_%282023%E5%B9%B4%29
2023-07-06,レインボースネーク,RandomSpin Games,IARC,3+,https://ja.wikipedia.org/wiki/Nintendo_Switch%E3%81%AE%E3%82%B2%E3%83%BC%E3%83%A0%E3%82%BF%E3%82%A4%E3%83%88%E3%83%AB%E4%B8%80%E8%A6%A7_%282023%E5%B9%B4%29
2023-07-06,剣と骨2,RedDeerGames,IARC,12+,https://ja.wikipedia.org/wiki/Nintendo_Switch%E3%81%AE%E3%82%B2%E3%83%BC%E3%83%A0%E3%82%BF%E3%82%A4%E3%83%88%E3%83%AB%E4%B8%80%E8%A6%A7_%282023%E5%B9%B4%29
2023-07-06,Super Box Delivery: Beyond the Horizon,Revulo Games,IARC,3+,https://ja.wikipedia.org/wiki/Nintendo_Switch%E3%81%AE%E3%82%B2%E3%83%BC%E3%83%A0%E3%82%BF%E3%82%A4%E3%83%88%E3%83%AB%E4%B8%80%E8%A6%A7_%282023%E5%B9%B4%29
2023-07-06,The Past Within,Rusty Lake,IARC,12+,https://ja.wikipedia.org/wiki/Nintendo_Switch%E3%81%AE%E3%82%B2%E3%83%BC%E3%83%A0%E3%82%BF%E3%82%A4%E3%83%88%E3%83%AB%E4%B8%80%E8%A6%A7_%282023%E5%B9%B4%29
2023-07-06,スペース ラインズ:パズル アドベンチャー,RuWaMo Games,IARC,3+,https://ja.wikipedia.org/wiki/Nintendo_Switch%E3%81%AE%E3%82%B2%E3%83%BC%E3%83%A0%E3%82%BF%E3%82%A4%E3%83%88%E3%83%AB%E4%B8%80%E8%A6%A7_%282023%E5%B9%B4%29
2023-07-06,ネイチャーパズル,RuWaMo Games,IARC,3+,https://ja.wikipedia.org/wiki/Nintendo_Switch%E3%81%AE%E3%82%B2%E3%83%BC%E3%83%A0%E3%82%BF%E3%82%A4%E3%83%88%E3%83%AB%E4%B8%80%E8%A6%A7_%282023%E5%B9%B4%29
2023-07-06,Richman,SOFTSTAR ENTERTAINMENT,IARC,3+,https://ja.wikipedia.org/wiki/Nintendo_Switch%E3%81%AE%E3%82%B2%E3%83%BC%E3%83%A0%E3%82%BF%E3%82%A4%E3%83%88%E3%83%AB%E4%B8%80%E8%A6%A7_%282023%E5%B9%B4%29
2023-07-06,メダル オブ ガーディアンズ,STP WORKS,IARC,3+,https://ja.wikipedia.org/wiki/Nintendo_Switch%E3%81%AE%E3%82%B2%E3%83%BC%E3%83%A0%E3%82%BF%E3%82%A4%E3%83%88%E3%83%AB%E4%B8%80%E8%A6%A7_%282023%E5%B9%B4%29
2023-07-06,ドキドキサプライズ－オトナなハプニングを楽しむラッキートラブルラブコメクイズ－,TT,IARC,16+,https://ja.wikipedia.org/wiki/Nintendo_Switch%E3%81%AE%E3%82%B2%E3%83%BC%E3%83%A0%E3%82%BF%E3%82%A4%E3%83%88%E3%83%AB%E4%B8%80%E8%A6%A7_%282023%E5%B9%B4%29
2023-07-06,MOVING BLOCKS THE IDENTICONS CHALLENGE,TuanisApps,IARC,3+,https://ja.wikipedia.org/wiki/Nintendo_Switch%E3%81%AE%E3%82%B2%E3%83%BC%E3%83%A0%E3%82%BF%E3%82%A4%E3%83%88%E3%83%AB%E4%B8%80%E8%A6%A7_%282023%E5%B9%B4%29
2023-07-06,サイドビューゴルフ,グランゼーラ,IARC,3+,https://ja.wikipedia.org/wiki/Nintendo_Switch%E3%81%AE%E3%82%B2%E3%83%BC%E3%83%A0%E3%82%BF%E3%82%A4%E3%83%88%E3%83%AB%E4%B8%80%E8%A6%A7_%282023%E5%B9%B4%29
2023-07-06,ギミック! Special Edition,シティコネクション,CERO,A,https://ja.wikipedia.org/wiki/Nintendo_Switch%E3%81%AE%E3%82%B2%E3%83%BC%E3%83%A0%E3%82%BF%E3%82%A4%E3%83%88%E3%83%AB%E4%B8%80%E8%A6%A7_%282023%E5%B9%B4%29
2023-07-06,Still There,ハイブリッド・スクアード,IARC,16+,https://ja.wikipedia.org/wiki/Nintendo_Switch%E3%81%AE%E3%82%B2%E3%83%BC%E3%83%A0%E3%82%BF%E3%82%A4%E3%83%88%E3%83%AB%E4%B8%80%E8%A6%A7_%282023%E5%B9%B4%29
2023-07-06,幻砂,ブルースピードスタジオ,IARC,3+,https://ja.wikipedia.org/wiki/Nintendo_Switch%E3%81%AE%E3%82%B2%E3%83%BC%E3%83%A0%E3%82%BF%E3%82%A4%E3%83%88%E3%83%AB%E4%B8%80%E8%A6%A7_%282023%E5%B9%B4%29
2023-07-06,幻覚,レジスタ,CERO,B,https://ja.wikipedia.org/wiki/Nintendo_Switch%E3%81%AE%E3%82%B2%E3%83%BC%E3%83%A0%E3%82%BF%E3%82%A4%E3%83%88%E3%83%AB%E4%B8%80%E8%A6%A7_%282023%E5%B9%B4%29
2023-07-07,Feeble Light,eastasiasoft,IARC,3+,https://ja.wikipedia.org/wiki/Nintendo_Switch%E3%81%AE%E3%82%B2%E3%83%BC%E3%83%A0%E3%82%BF%E3%82%A4%E3%83%88%E3%83%AB%E4%B8%80%E8%A6%A7_%282023%E5%B9%B4%29
2023-07-07,Garlic,ラタライカゲームス,IARC,12+,https://ja.wikipedia.org/wiki/Nintendo_Switch%E3%81%AE%E3%82%B2%E3%83%BC%E3%83%A0%E3%82%BF%E3%82%A4%E3%83%88%E3%83%AB%E4%B8%80%E8%A6%A7_%282023%E5%B9%B4%29
2023-07-13,Chaos Galaxy,2P Games,IARC,3+,https://ja.wikipedia.org/wiki/Nintendo_Switch%E3%81%AE%E3%82%B2%E3%83%BC%E3%83%A0%E3%82%BF%E3%82%A4%E3%83%88%E3%83%AB%E4%B8%80%E8%A6%A7_%282023%E5%B9%B4%29
2023-07-13,Manic Mechanics,4J Studios,IARC,3+,https://ja.wikipedia.org/wiki/Nintendo_Switch%E3%81%AE%E3%82%B2%E3%83%BC%E3%83%A0%E3%82%BF%E3%82%A4%E3%83%88%E3%83%AB%E4%B8%80%E8%A6%A7_%282023%E5%B9%B4%29
2023-07-13,ロボット VS,Blacksmith DoubleCircle,IARC,7+,https://ja.wikipedia.org/wiki/Nintendo_Switch%E3%81%AE%E3%82%B2%E3%83%BC%E3%83%A0%E3%82%BF%E3%82%A4%E3%83%88%E3%83%AB%E4%B8%80%E8%A6%A7_%282023%E5%B9%B4%29
2023-07-13,Subway Simulator - Underground Train Ride Station Ultimate Driving Games,DEZVOLT GAMES,IARC,7+,https://ja.wikipedia.org/wiki/Nintendo_Switch%E3%81%AE%E3%82%B2%E3%83%BC%E3%83%A0%E3%82%BF%E3%82%A4%E3%83%88%E3%83%AB%E4%B8%80%E8%A6%A7_%282023%E5%B9%B4%29
2023-07-13,Super Trunko Go,eastasiasoft,IARC,7+,https://ja.wikipedia.org/wiki/Nintendo_Switch%E3%81%AE%E3%82%B2%E3%83%BC%E3%83%A0%E3%82%BF%E3%82%A4%E3%83%88%E3%83%AB%E4%B8%80%E8%A6%A7_%282023%E5%B9%B4%29
2023-07-13,Toadomination,ESDigital Games,IARC,16+,https://ja.wikipedia.org/wiki/Nintendo_Switch%E3%81%AE%E3%82%B2%E3%83%BC%E3%83%A0%E3%82%BF%E3%82%A4%E3%83%88%E3%83%AB%E4%B8%80%E8%A6%A7_%282023%E5%B9%B4%29
2023-07-13,メラトニン,Half Asleep,IARC,7+,https://ja.wikipedia.org/wiki/Nintendo_Switch%E3%81%AE%E3%82%B2%E3%83%BC%E3%83%A0%E3%82%BF%E3%82%A4%E3%83%88%E3%83%AB%E4%B8%80%E8%A6%A7_%282023%E5%B9%B4%29
2023-07-13,どんなかんじ?いーかんじ－難読漢字楽しく学習脳トレひらめきクイズ－,MASK,IARC,3+,https://ja.wikipedia.org/wiki/Nintendo_Switch%E3%81%AE%E3%82%B2%E3%83%BC%E3%83%A0%E3%82%BF%E3%82%A4%E3%83%88%E3%83%AB%E4%B8%80%E8%A6%A7_%282023%E5%B9%B4%29
2023-07-13,親子で学ぶSDGs－2択で楽しく雑学教養豆知識学習クイズ－,MASK,IARC,3+,https://ja.wikipedia.org/wiki/Nintendo_Switch%E3%81%AE%E3%82%B2%E3%83%BC%E3%83%A0%E3%82%BF%E3%82%A4%E3%83%88%E3%83%AB%E4%B8%80%E8%A6%A7_%282023%E5%B9%B4%29
2023-07-13,クラフティング・ブロック・ワールド マジック・ダンジョンズ・アドベンチャー,Megame,IARC,7+,https://ja.wikipedia.org/wiki/Nintendo_Switch%E3%81%AE%E3%82%B2%E3%83%BC%E3%83%A0%E3%82%BF%E3%82%A4%E3%83%88%E3%83%AB%E4%B8%80%E8%A6%A7_%282023%E5%B9%B4%29
2023-07-13,OXENFREE,Netflix,IARC,12+,https://ja.wikipedia.org/wiki/Nintendo_Switch%E3%81%AE%E3%82%B2%E3%83%BC%E3%83%A0%E3%82%BF%E3%82%A4%E3%83%88%E3%83%AB%E4%B8%80%E8%A6%A7_%282023%E5%B9%B4%29
2023-07-13,邪神ドラクソス,QUByte Interactive,IARC,3+,https://ja.wikipedia.org/wiki/Nintendo_Switch%E3%81%AE%E3%82%B2%E3%83%BC%E3%83%A0%E3%82%BF%E3%82%A4%E3%83%88%E3%83%AB%E4%B8%80%E8%A6%A7_%282023%E5%B9%B4%29
2023-07-13,ロードバスル2,RandomSpin Games,IARC,3+,https://ja.wikipedia.org/wiki/Nintendo_Switch%E3%81%AE%E3%82%B2%E3%83%BC%E3%83%A0%E3%82%BF%E3%82%A4%E3%83%88%E3%83%AB%E4%B8%80%E8%A6%A7_%282023%E5%B9%B4%29
2023-07-13,Hentai Girls,RedDeerGames,IARC,12+,https://ja.wikipedia.org/wiki/Nintendo_Switch%E3%81%AE%E3%82%B2%E3%83%BC%E3%83%A0%E3%82%BF%E3%82%A4%E3%83%88%E3%83%AB%E4%B8%80%E8%A6%A7_%282023%E5%B9%B4%29
2023-07-13,アニマルパズルワールド,RuWaMo Games,IARC,3+,https://ja.wikipedia.org/wiki/Nintendo_Switch%E3%81%AE%E3%82%B2%E3%83%BC%E3%83%A0%E3%82%BF%E3%82%A4%E3%83%88%E3%83%AB%E4%B8%80%E8%A6%A7_%282023%E5%B9%B4%29
2023-07-13,Summer Party Time,SAT-BOX,IARC,3+,https://ja.wikipedia.org/wiki/Nintendo_Switch%E3%81%AE%E3%82%B2%E3%83%BC%E3%83%A0%E3%82%BF%E3%82%A4%E3%83%88%E3%83%AB%E4%B8%80%E8%A6%A7_%282023%E5%B9%B4%29
2023-07-13,Sacred Zodongga Defense,SOFT SOURCE,IARC,7+,https://ja.wikipedia.org/wiki/Nintendo_Switch%E3%81%AE%E3%82%B2%E3%83%BC%E3%83%A0%E3%82%BF%E3%82%A4%E3%83%88%E3%83%AB%E4%B8%80%E8%A6%A7_%282023%E5%B9%B4%29
2023-07-13,The Last Worker,SOFT SOURCE,CERO,C,https://ja.wikipedia.org/wiki/Nintendo_Switch%E3%81%AE%E3%82%B2%E3%83%BC%E3%83%A0%E3%82%BF%E3%82%A4%E3%83%88%E3%83%AB%E4%B8%80%E8%A6%A7_%282023%E5%B9%B4%29
2023-07-13,Remnants of Naezith,Tolga Ay,IARC,7+,https://ja.wikipedia.org/wiki/Nintendo_Switch%E3%81%AE%E3%82%B2%E3%83%BC%E3%83%A0%E3%82%BF%E3%82%A4%E3%83%88%E3%83%AB%E4%B8%80%E8%A6%A7_%282023%E5%B9%B4%29
2023-07-13,早押しクイズアカデミア－1人でめざせハイスコア!2人で対決4択クイズバトル－,TT,IARC,3+,https://ja.wikipedia.org/wiki/Nintendo_Switch%E3%81%AE%E3%82%B2%E3%83%BC%E3%83%A0%E3%82%BF%E3%82%A4%E3%83%88%E3%83%AB%E4%B8%80%E8%A6%A7_%282023%E5%B9%B4%29
2023-07-13,ゆるゆる劇場-劇場版-完結編三部作,カエルパンダ,CERO,A,https://ja.wikipedia.org/wiki/Nintendo_Switch%E3%81%AE%E3%82%B2%E3%83%BC%E3%83%A0%E3%82%BF%E3%82%A4%E3%83%88%E3%83%AB%E4%B8%80%E8%A6%A7_%282023%E5%B9%B4%29
2023-07-13,メンヘラオタ姫サークル - Needy Princess Nerd Club -,サイバーステップ,IARC,16+,https://ja.wikipedia.org/wiki/Nintendo_Switch%E3%81%AE%E3%82%B2%E3%83%BC%E3%83%A0%E3%82%BF%E3%82%A4%E3%83%88%E3%83%AB%E4%B8%80%E8%A6%A7_%282023%E5%B9%B4%29
2023-07-13,年上お姉さんの恋愛トレーニング 〜Elder Sister's Love Training〜,サイバーステップ,IARC,16+,https://ja.wikipedia.org/wiki/Nintendo_Switch%E3%81%AE%E3%82%B2%E3%83%BC%E3%83%A0%E3%82%BF%E3%82%A4%E3%83%88%E3%83%AB%E4%B8%80%E8%A6%A7_%282023%E5%B9%B4%29
2023-07-13,アイレッツ 漂流の天空島,テヨンジャパン,IARC,7+,https://ja.wikipedia.org/wiki/Nintendo_Switch%E3%81%AE%E3%82%B2%E3%83%BC%E3%83%A0%E3%82%BF%E3%82%A4%E3%83%88%E3%83%AB%E4%B8%80%E8%A6%A7_%282023%E5%B9%B4%29
2023-07-13,ニコリのパズルS ひとりにしてくれ,ハムスター,IARC,3+,https://ja.wikipedia.org/wiki/Nintendo_Switch%E3%81%AE%E3%82%B2%E3%83%BC%E3%83%A0%E3%82%BF%E3%82%A4%E3%83%88%E3%83%AB%E4%B8%80%E8%A6%A7_%282023%E5%B9%B4%29
2023-07-14,UltraGoodness,ラタライカゲームス,IARC,16+,https://ja.wikipedia.org/wiki/Nintendo_Switch%E3%81%AE%E3%82%B2%E3%83%BC%E3%83%A0%E3%82%BF%E3%82%A4%E3%83%88%E3%83%AB%E4%B8%80%E8%A6%A7_%282023%E5%B9%B4%29
2023-07-14,ワンダリング DX: 1-1モブの逆襲,レオフル,IARC,3+,https://ja.wikipedia.org/wiki/Nintendo_Switch%E3%81%AE%E3%82%B2%E3%83%BC%E3%83%A0%E3%82%BF%E3%82%A4%E3%83%88%E3%83%AB%E4%B8%80%E8%A6%A7_%282023%E5%B9%B4%29
2023-07-18,REMEDIUM: Sentinels,ESDigital Games,IARC,16+,https://ja.wikipedia.org/wiki/Nintendo_Switch%E3%81%AE%E3%82%B2%E3%83%BC%E3%83%A0%E3%82%BF%E3%82%A4%E3%83%88%E3%83%AB%E4%B8%80%E8%A6%A7_%282023%E5%B9%B4%29
2023-07-19,Agriculture,eastasiasoft,IARC,3+,https://ja.wikipedia.org/wiki/Nintendo_Switch%E3%81%AE%E3%82%B2%E3%83%BC%E3%83%A0%E3%82%BF%E3%82%A4%E3%83%88%E3%83%AB%E4%B8%80%E8%A6%A7_%282023%E5%B9%B4%29
2023-07-19,Madshot,HOOK,IARC,16+,https://ja.wikipedia.org/wiki/Nintendo_Switch%E3%81%AE%E3%82%B2%E3%83%BC%E3%83%A0%E3%82%BF%E3%82%A4%E3%83%88%E3%83%AB%E4%B8%80%E8%A6%A7_%282023%E5%B9%B4%29
2023-07-19,スピリットハンター:無限の大群,subSilico,IARC,7+,https://ja.wikipedia.org/wiki/Nintendo_Switch%E3%81%AE%E3%82%B2%E3%83%BC%E3%83%A0%E3%82%BF%E3%82%A4%E3%83%88%E3%83%AB%E4%B8%80%E8%A6%A7_%282023%E5%B9%B4%29
2023-07-20,闇夜永夢,Astrolabe Games,IARC,12+,https://ja.wikipedia.org/wiki/Nintendo_Switch%E3%81%AE%E3%82%B2%E3%83%BC%E3%83%A0%E3%82%BF%E3%82%A4%E3%83%88%E3%83%AB%E4%B8%80%E8%A6%A7_%282023%E5%B9%B4%29
2023-07-20,リンク・ザ・キューブ,battyRabbit,IARC,3+,https://ja.wikipedia.org/wiki/Nintendo_Switch%E3%81%AE%E3%82%B2%E3%83%BC%E3%83%A0%E3%82%BF%E3%82%A4%E3%83%88%E3%83%AB%E4%B8%80%E8%A6%A7_%282023%E5%B9%B4%29
2023-07-20,セーリング エラ,Bilibili HK,IARC,12+,https://ja.wikipedia.org/wiki/Nintendo_Switch%E3%81%AE%E3%82%B2%E3%83%BC%E3%83%A0%E3%82%BF%E3%82%A4%E3%83%88%E3%83%AB%E4%B8%80%E8%A6%A7_%282023%E5%B9%B4%29
2023-07-20,フォレストファイヤー,Chute Apps,IARC,16+,https://ja.wikipedia.org/wiki/Nintendo_Switch%E3%81%AE%E3%82%B2%E3%83%BC%E3%83%A0%E3%82%BF%E3%82%A4%E3%83%88%E3%83%AB%E4%B8%80%E8%A6%A7_%282023%E5%B9%B4%29
2023-07-20,Dungeons of Aether,Dan Fornace,IARC,3+,https://ja.wikipedia.org/wiki/Nintendo_Switch%E3%81%AE%E3%82%B2%E3%83%BC%E3%83%A0%E3%82%BF%E3%82%A4%E3%83%88%E3%83%AB%E4%B8%80%E8%A6%A7_%282023%E5%B9%B4%29
2023-07-20,MetaDude,DillyFrame,IARC,12+,https://ja.wikipedia.org/wiki/Nintendo_Switch%E3%81%AE%E3%82%B2%E3%83%BC%E3%83%A0%E3%82%BF%E3%82%A4%E3%83%88%E3%83%AB%E4%B8%80%E8%A6%A7_%282023%E5%B9%B4%29
2023-07-20,Might & Magic: Clash of Heroes - Definitive Edition,DotEmu,IARC,3+,https://ja.wikipedia.org/wiki/Nintendo_Switch%E3%81%AE%E3%82%B2%E3%83%BC%E3%83%A0%E3%82%BF%E3%82%A4%E3%83%88%E3%83%AB%E4%B8%80%E8%A6%A7_%282023%E5%B9%B4%29
2023-07-20,The Creepy Syndrome,eastasiasoft,IARC,16+,https://ja.wikipedia.org/wiki/Nintendo_Switch%E3%81%AE%E3%82%B2%E3%83%BC%E3%83%A0%E3%82%BF%E3%82%A4%E3%83%88%E3%83%AB%E4%B8%80%E8%A6%A7_%282023%E5%B9%B4%29
2023-07-20,Wathitdew Record Game Studio BATTLEFIELD,Elushis,IARC,7+,https://ja.wikipedia.org/wiki/Nintendo_Switch%E3%81%AE%E3%82%B2%E3%83%BC%E3%83%A0%E3%82%BF%E3%82%A4%E3%83%88%E3%83%AB%E4%B8%80%E8%A6%A7_%282023%E5%B9%B4%29
2023-07-20,ハイパーテンション,Erik Games,IARC,3+,https://ja.wikipedia.org/wiki/Nintendo_Switch%E3%81%AE%E3%82%B2%E3%83%BC%E3%83%A0%E3%82%BF%E3%82%A4%E3%83%88%E3%83%AB%E4%B8%80%E8%A6%A7_%282023%E5%B9%B4%29
2023-07-20,The Snow Fable: Mystery of the Flame,ESDigital Games,IARC,3+,https://ja.wikipedia.org/wiki/Nintendo_Switch%E3%81%AE%E3%82%B2%E3%83%BC%E3%83%A0%E3%82%BF%E3%82%A4%E3%83%88%E3%83%AB%E4%B8%80%E8%A6%A7_%282023%E5%B9%B4%29
2023-07-20,Words of Wisdom,ESDigital Games,IARC,16+,https://ja.wikipedia.org/wiki/Nintendo_Switch%E3%81%AE%E3%82%B2%E3%83%BC%E3%83%A0%E3%82%BF%E3%82%A4%E3%83%88%E3%83%AB%E4%B8%80%E8%A6%A7_%282023%E5%B9%B4%29
2023-07-20,ニューヨーク・ミステリーズ: アートの力,FIVE-BN STUDIO,IARC,7+,https://ja.wikipedia.org/wiki/Nintendo_Switch%E3%81%AE%E3%82%B2%E3%83%BC%E3%83%A0%E3%82%BF%E3%82%A4%E3%83%88%E3%83%AB%E4%B8%80%E8%A6%A7_%282023%E5%B9%B4%29
2023-07-20,ガジェット 3,Funbox Media,IARC,3+,https://ja.wikipedia.org/wiki/Nintendo_Switch%E3%81%AE%E3%82%B2%E3%83%BC%E3%83%A0%E3%82%BF%E3%82%A4%E3%83%88%E3%83%AB%E4%B8%80%E8%A6%A7_%282023%E5%B9%B4%29
2023-07-20,終末ハンター,Gameplay First,IARC,12+,https://ja.wikipedia.org/wiki/Nintendo_Switch%E3%81%AE%E3%82%B2%E3%83%BC%E3%83%A0%E3%82%BF%E3%82%A4%E3%83%88%E3%83%AB%E4%B8%80%E8%A6%A7_%282023%E5%B9%B4%29
2023-07-20,Lucy Got Problems,Gamuzumi,IARC,16+,https://ja.wikipedia.org/wiki/Nintendo_Switch%E3%81%AE%E3%82%B2%E3%83%BC%E3%83%A0%E3%82%BF%E3%82%A4%E3%83%88%E3%83%AB%E4%B8%80%E8%A6%A7_%282023%E5%B9%B4%29
2023-07-20,Whispike Survivors - Sword of the Necromancer,Grimorio of Games,IARC,3+,https://ja.wikipedia.org/wiki/Nintendo_Switch%E3%81%AE%E3%82%B2%E3%83%BC%E3%83%A0%E3%82%BF%E3%82%A4%E3%83%88%E3%83%AB%E4%B8%80%E8%A6%A7_%282023%E5%B9%B4%29
2023-07-20,Hospital Doctor - Fix me up for KIDS (Boys & Girls),INSTAMARKETINGANDGAME,IARC,7+,https://ja.wikipedia.org/wiki/Nintendo_Switch%E3%81%AE%E3%82%B2%E3%83%BC%E3%83%A0%E3%82%BF%E3%82%A4%E3%83%88%E3%83%AB%E4%B8%80%E8%A6%A7_%282023%E5%B9%B4%29
2023-07-20,Police Cop Hot Pursuit - Car Racing Driving Simulator Real,INSTAMARKETINGANDGAME,IARC,7+,https://ja.wikipedia.org/wiki/Nintendo_Switch%E3%81%AE%E3%82%B2%E3%83%BC%E3%83%A0%E3%82%BF%E3%82%A4%E3%83%88%E3%83%AB%E4%B8%80%E8%A6%A7_%282023%E5%B9%B4%29
2023-07-20,Witch's Pranks: Frog's Fortune,Joindots,IARC,7+,https://ja.wikipedia.org/wiki/Nintendo_Switch%E3%81%AE%E3%82%B2%E3%83%BC%E3%83%A0%E3%82%BF%E3%82%A4%E3%83%88%E3%83%AB%E4%B8%80%E8%A6%A7_%282023%E5%B9%B4%29
2023-07-20,たこパ サバイバル,KIMIDORI SOFT,IARC,3+,https://ja.wikipedia.org/wiki/Nintendo_Switch%E3%81%AE%E3%82%B2%E3%83%BC%E3%83%A0%E3%82%BF%E3%82%A4%E3%83%88%E3%83%AB%E4%B8%80%E8%A6%A7_%282023%E5%B9%B4%29
2023-07-20,ふしぎな実験クイズ!－二択でわかるおもしろ自由研究!－,MASK,IARC,3+,https://ja.wikipedia.org/wiki/Nintendo_Switch%E3%81%AE%E3%82%B2%E3%83%BC%E3%83%A0%E3%82%BF%E3%82%A4%E3%83%88%E3%83%AB%E4%B8%80%E8%A6%A7_%282023%E5%B9%B4%29
2023-07-20,もっと知りたい宇宙のハテナ－ゲームで楽しく雑学教養豆知識学習2択クイズ－,MASK,IARC,3+,https://ja.wikipedia.org/wiki/Nintendo_Switch%E3%81%AE%E3%82%B2%E3%83%BC%E3%83%A0%E3%82%BF%E3%82%A4%E3%83%88%E3%83%AB%E4%B8%80%E8%A6%A7_%282023%E5%B9%B4%29
2023-07-20,ものしりクイズ いろいろ植物－学べる雑学教養豆知識学習ゲーム－,MASK,IARC,3+,https://ja.wikipedia.org/wiki/Nintendo_Switch%E3%81%AE%E3%82%B2%E3%83%BC%E3%83%A0%E3%82%BF%E3%82%A4%E3%83%88%E3%83%AB%E4%B8%80%E8%A6%A7_%282023%E5%B9%B4%29
2023-07-20,ウッド キューブ ブロック:クラシック カジュアル パズル,Megame,IARC,3+,https://ja.wikipedia.org/wiki/Nintendo_Switch%E3%81%AE%E3%82%B2%E3%83%BC%E3%83%A0%E3%82%BF%E3%82%A4%E3%83%88%E3%83%AB%E4%B8%80%E8%A6%A7_%282023%E5%B9%B4%29
2023-07-20,ブリード アーケード・アリーナ・シューター,Megame,IARC,12+,https://ja.wikipedia.org/wiki/Nintendo_Switch%E3%81%AE%E3%82%B2%E3%83%BC%E3%83%A0%E3%82%BF%E3%82%A4%E3%83%88%E3%83%AB%E4%B8%80%E8%A6%A7_%282023%E5%B9%B4%29
2023-07-20,Robo Revenge Squad,Mill Games,IARC,7+,https://ja.wikipedia.org/wiki/Nintendo_Switch%E3%81%AE%E3%82%B2%E3%83%BC%E3%83%A0%E3%82%BF%E3%82%A4%E3%83%88%E3%83%AB%E4%B8%80%E8%A6%A7_%282023%E5%B9%B4%29
2023-07-20,パンチ・ア・バンチ,No Gravity Games,IARC,7+,https://ja.wikipedia.org/wiki/Nintendo_Switch%E3%81%AE%E3%82%B2%E3%83%BC%E3%83%A0%E3%82%BF%E3%82%A4%E3%83%88%E3%83%AB%E4%B8%80%E8%A6%A7_%282023%E5%B9%B4%29
2023-07-20,Cramped Room of Death,Pikii,IARC,7+,https://ja.wikipedia.org/wiki/Nintendo_Switch%E3%81%AE%E3%82%B2%E3%83%BC%E3%83%A0%E3%82%BF%E3%82%A4%E3%83%88%E3%83%AB%E4%B8%80%E8%A6%A7_%282023%E5%B9%B4%29
2023-07-20,カワイイガールズ時計,RedDeerGames,IARC,12+,https://ja.wikipedia.org/wiki/Nintendo_Switch%E3%81%AE%E3%82%B2%E3%83%BC%E3%83%A0%E3%82%BF%E3%82%A4%E3%83%88%E3%83%AB%E4%B8%80%E8%A6%A7_%282023%E5%B9%B4%29
2023-07-20,ディー・コープ,RedDeerGames,IARC,3+,https://ja.wikipedia.org/wiki/Nintendo_Switch%E3%81%AE%E3%82%B2%E3%83%BC%E3%83%A0%E3%82%BF%E3%82%A4%E3%83%88%E3%83%AB%E4%B8%80%E8%A6%A7_%282023%E5%B9%B4%29
2023-07-20,Vaccine Rebirth - イビルループ,RNC,IARC,16+,https://ja.wikipedia.org/wiki/Nintendo_Switch%E3%81%AE%E3%82%B2%E3%83%BC%E3%83%A0%E3%82%BF%E3%82%A4%E3%83%88%E3%83%AB%E4%B8%80%E8%A6%A7_%282023%E5%B9%B4%29
2023-07-20,爆裂武装バルビークル,Sanuk,IARC,3+,https://ja.wikipedia.org/wiki/Nintendo_Switch%E3%81%AE%E3%82%B2%E3%83%BC%E3%83%A0%E3%82%BF%E3%82%A4%E3%83%88%E3%83%AB%E4%B8%80%E8%A6%A7_%282023%E5%B9%B4%29
2023-07-20,マイダイコン - Daikon Simulator,Shinyuden,IARC,3+,https://ja.wikipedia.org/wiki/Nintendo_Switch%E3%81%AE%E3%82%B2%E3%83%BC%E3%83%A0%E3%82%BF%E3%82%A4%E3%83%88%E3%83%AB%E4%B8%80%E8%A6%A7_%282023%E5%B9%B4%29
2023-07-20,Crowded Mysteries,Silesia Games,IARC,12+,https://ja.wikipedia.org/wiki/Nintendo_Switch%E3%81%AE%E3%82%B2%E3%83%BC%E3%83%A0%E3%82%BF%E3%82%A4%E3%83%88%E3%83%AB%E4%B8%80%E8%A6%A7_%282023%E5%B9%B4%29
2023-07-20,OctaFight,Silesia Games,IARC,7+,https://ja.wikipedia.org/wiki/Nintendo_Switch%E3%81%AE%E3%82%B2%E3%83%BC%E3%83%A0%E3%82%BF%E3%82%A4%E3%83%88%E3%83%AB%E4%B8%80%E8%A6%A7_%282023%E5%B9%B4%29
2023-07-20,Ghosty,SPACEFARER GAMES,IARC,3+,https://ja.wikipedia.org/wiki/Nintendo_Switch%E3%81%AE%E3%82%B2%E3%83%BC%E3%83%A0%E3%82%BF%E3%82%A4%E3%83%88%E3%83%AB%E4%B8%80%E8%A6%A7_%282023%E5%B9%B4%29
2023-07-20,スイーツプッシャーフレンズ,STP WORKS,IARC,3+,https://ja.wikipedia.org/wiki/Nintendo_Switch%E3%81%AE%E3%82%B2%E3%83%BC%E3%83%A0%E3%82%BF%E3%82%A4%E3%83%88%E3%83%AB%E4%B8%80%E8%A6%A7_%282023%E5%B9%B4%29
2023-07-20,カームウォーターズ,Tayanna Studios,IARC,16+,https://ja.wikipedia.org/wiki/Nintendo_Switch%E3%81%AE%E3%82%B2%E3%83%BC%E3%83%A0%E3%82%BF%E3%82%A4%E3%83%88%E3%83%AB%E4%B8%80%E8%A6%A7_%282023%E5%B9%B4%29
2023-07-20,もっと!ゆるっと学べるクラシック－大人も子供も楽しく教養音楽脳トレクイズ－,TT,IARC,3+,https://ja.wikipedia.org/wiki/Nintendo_Switch%E3%81%AE%E3%82%B2%E3%83%BC%E3%83%A0%E3%82%BF%E3%82%A4%E3%83%88%E3%83%AB%E4%B8%80%E8%A6%A7_%282023%E5%B9%B4%29
2023-07-20,証拠隠滅屋－完全犯罪作ります本格謎解き推理サスペンスゲーム－,TT,IARC,16+,https://ja.wikipedia.org/wiki/Nintendo_Switch%E3%81%AE%E3%82%B2%E3%83%BC%E3%83%A0%E3%82%BF%E3%82%A4%E3%83%88%E3%83%AB%E4%B8%80%E8%A6%A7_%282023%E5%B9%B4%29
2023-07-20,藍天衛士-Blue Guardians-,Ugamehome Technology,IARC,3+,https://ja.wikipedia.org/wiki/Nintendo_Switch%E3%81%AE%E3%82%B2%E3%83%BC%E3%83%A0%E3%82%BF%E3%82%A4%E3%83%88%E3%83%AB%E4%B8%80%E8%A6%A7_%282023%E5%B9%B4%29
2023-07-20,Athanasy,Valkyrie Initiative,IARC,12+,https://ja.wikipedia.org/wiki/Nintendo_Switch%E3%81%AE%E3%82%B2%E3%83%BC%E3%83%A0%E3%82%BF%E3%82%A4%E3%83%88%E3%83%AB%E4%B8%80%E8%A6%A7_%282023%E5%B9%B4%29
2023-07-20,Deep Space Shooter,Valkyrie Initiative,IARC,3+,https://ja.wikipedia.org/wiki/Nintendo_Switch%E3%81%AE%E3%82%B2%E3%83%BC%E3%83%A0%E3%82%BF%E3%82%A4%E3%83%88%E3%83%AB%E4%B8%80%E8%A6%A7_%282023%E5%B9%B4%29
2023-07-20,The Excrawlers,Valkyrie Initiative,IARC,12+,https://ja.wikipedia.org/wiki/Nintendo_Switch%E3%81%AE%E3%82%B2%E3%83%BC%E3%83%A0%E3%82%BF%E3%82%A4%E3%83%88%E3%83%AB%E4%B8%80%E8%A6%A7_%282023%E5%B9%B4%29
2023-07-20,Hunahpu Quest. Mechanoid,Valkyrie Initiative,IARC,16+,https://ja.wikipedia.org/wiki/Nintendo_Switch%E3%81%AE%E3%82%B2%E3%83%BC%E3%83%A0%E3%82%BF%E3%82%A4%E3%83%88%E3%83%AB%E4%B8%80%E8%A6%A7_%282023%E5%B9%B4%29
2023-07-20,OMNIMUS,Valkyrie Initiative,IARC,12+,https://ja.wikipedia.org/wiki/Nintendo_Switch%E3%81%AE%E3%82%B2%E3%83%BC%E3%83%A0%E3%82%BF%E3%82%A4%E3%83%88%E3%83%AB%E4%B8%80%E8%A6%A7_%282023%E5%B9%B4%29
2023-07-20,The Sin,Valkyrie Initiative,IARC,16+,https://ja.wikipedia.org/wiki/Nintendo_Switch%E3%81%AE%E3%82%B2%E3%83%BC%E3%83%A0%E3%82%BF%E3%82%A4%E3%83%88%E3%83%AB%E4%B8%80%E8%A6%A7_%282023%E5%B9%B4%29
2023-07-20,Stones Keeper,Valkyrie Initiative,IARC,12+,https://ja.wikipedia.org/wiki/Nintendo_Switch%E3%81%AE%E3%82%B2%E3%83%BC%E3%83%A0%E3%82%BF%E3%82%A4%E3%83%88%E3%83%AB%E4%B8%80%E8%A6%A7_%282023%E5%B9%B4%29
2023-07-20,みんなで空気読み。コロコロコミックVer. コロコロコミック読みますか?それとも空気読みますか?,ジー・モード,IARC,3+,https://ja.wikipedia.org/wiki/Nintendo_Switch%E3%81%AE%E3%82%B2%E3%83%BC%E3%83%A0%E3%82%BF%E3%82%A4%E3%83%88%E3%83%AB%E4%B8%80%E8%A6%A7_%282023%E5%B9%B4%29
2023-07-20,どこかで見た“あのゲー”ムたちを棒人間で作ってみたけれど、果たしてあなたはクリアできるのか?,ディースリー・パブリッシャー,CERO,A,https://ja.wikipedia.org/wiki/Nintendo_Switch%E3%81%AE%E3%82%B2%E3%83%BC%E3%83%A0%E3%82%BF%E3%82%A4%E3%83%88%E3%83%AB%E4%B8%80%E8%A6%A7_%282023%E5%B9%B4%29
2023-07-20,the Spirit and the Mouse 精霊とネズミのおはなし,テヨンジャパン,IARC,3+,https://ja.wikipedia.org/wiki/Nintendo_Switch%E3%81%AE%E3%82%B2%E3%83%BC%E3%83%A0%E3%82%BF%E3%82%A4%E3%83%88%E3%83%AB%E4%B8%80%E8%A6%A7_%282023%E5%B9%B4%29
2023-07-20,マスカレード・キス〜危険な駆け引き〜,ボルテージ,IARC,16+,https://ja.wikipedia.org/wiki/Nintendo_Switch%E3%81%AE%E3%82%B2%E3%83%BC%E3%83%A0%E3%82%BF%E3%82%A4%E3%83%88%E3%83%AB%E4%B8%80%E8%A6%A7_%282023%E5%B9%B4%29
2023-07-21,男クロス:ブレークアップ!,eastasiasoft,IARC,16+,https://ja.wikipedia.org/wiki/Nintendo_Switch%E3%81%AE%E3%82%B2%E3%83%BC%E3%83%A0%E3%82%BF%E3%82%A4%E3%83%88%E3%83%AB%E4%B8%80%E8%A6%A7_%282023%E5%B9%B4%29
2023-07-21,Puzzle Boys,Nerd Games,IARC,3+,https://ja.wikipedia.org/wiki/Nintendo_Switch%E3%81%AE%E3%82%B2%E3%83%BC%E3%83%A0%E3%82%BF%E3%82%A4%E3%83%88%E3%83%AB%E4%B8%80%E8%A6%A7_%282023%E5%B9%B4%29
2023-07-21,Punch Club 2: Fast Forward,tinyBuild Games,IARC,12+,https://ja.wikipedia.org/wiki/Nintendo_Switch%E3%81%AE%E3%82%B2%E3%83%BC%E3%83%A0%E3%82%BF%E3%82%A4%E3%83%88%E3%83%AB%E4%B8%80%E8%A6%A7_%282023%E5%B9%B4%29
2023-07-21,Sephonie,ラタライカゲームス,IARC,7+,https://ja.wikipedia.org/wiki/Nintendo_Switch%E3%81%AE%E3%82%B2%E3%83%BC%E3%83%A0%E3%82%BF%E3%82%A4%E3%83%88%E3%83%AB%E4%B8%80%E8%A6%A7_%282023%E5%B9%B4%29
2023-07-25,Magic Exposure,eastasiasoft,IARC,16+,https://ja.wikipedia.org/wiki/Nintendo_Switch%E3%81%AE%E3%82%B2%E3%83%BC%E3%83%A0%E3%82%BF%E3%82%A4%E3%83%88%E3%83%AB%E4%B8%80%E8%A6%A7_%282023%E5%B9%B4%29
2023-07-25,Heist Force: 強盗フォース,Halva Studio,IARC,3+,https://ja.wikipedia.org/wiki/Nintendo_Switch%E3%81%AE%E3%82%B2%E3%83%BC%E3%83%A0%E3%82%BF%E3%82%A4%E3%83%88%E3%83%AB%E4%B8%80%E8%A6%A7_%282023%E5%B9%B4%29
2023-07-27,Operate Now: Hospital,7Levels,IARC,3+,https://ja.wikipedia.org/wiki/Nintendo_Switch%E3%81%AE%E3%82%B2%E3%83%BC%E3%83%A0%E3%82%BF%E3%82%A4%E3%83%88%E3%83%AB%E4%B8%80%E8%A6%A7_%282023%E5%B9%B4%29
2023-07-27,Mr. Run and Jump,Atari,IARC,3+,https://ja.wikipedia.org/wiki/Nintendo_Switch%E3%81%AE%E3%82%B2%E3%83%BC%E3%83%A0%E3%82%BF%E3%82%A4%E3%83%88%E3%83%AB%E4%B8%80%E8%A6%A7_%282023%E5%B9%B4%29
2023-07-27,Zombie Hunter: D-Day,CFK,IARC,16+,https://ja.wikipedia.org/wiki/Nintendo_Switch%E3%81%AE%E3%82%B2%E3%83%BC%E3%83%A0%E3%82%BF%E3%82%A4%E3%83%88%E3%83%AB%E4%B8%80%E8%A6%A7_%282023%E5%B9%B4%29
2023-07-27,Demonic Supremacy,ChiliDog Interactive,IARC,12+,https://ja.wikipedia.org/wiki/Nintendo_Switch%E3%81%AE%E3%82%B2%E3%83%BC%E3%83%A0%E3%82%BF%E3%82%A4%E3%83%88%E3%83%AB%E4%B8%80%E8%A6%A7_%282023%E5%B9%B4%29
2023-07-27,お届け!ダッキー宅配便,C.T. Matthews,IARC,3+,https://ja.wikipedia.org/wiki/Nintendo_Switch%E3%81%AE%E3%82%B2%E3%83%BC%E3%83%A0%E3%82%BF%E3%82%A4%E3%83%88%E3%83%AB%E4%B8%80%E8%A6%A7_%282023%E5%B9%B4%29
2023-07-27,Patrick's Parabox,Draknek,IARC,3+,https://ja.wikipedia.org/wiki/Nintendo_Switch%E3%81%AE%E3%82%B2%E3%83%BC%E3%83%A0%E3%82%BF%E3%82%A4%E3%83%88%E3%83%AB%E4%B8%80%E8%A6%A7_%282023%E5%B9%B4%29
2023-07-27,仙劍宿屋2,eastasiasoft,IARC,3+,https://ja.wikipedia.org/wiki/Nintendo_Switch%E3%81%AE%E3%82%B2%E3%83%BC%E3%83%A0%E3%82%BF%E3%82%A4%E3%83%88%E3%83%AB%E4%B8%80%E8%A6%A7_%282023%E5%B9%B4%29
2023-07-27,イーエスピー,Funalter Games,CERO,A,https://ja.wikipedia.org/wiki/Nintendo_Switch%E3%81%AE%E3%82%B2%E3%83%BC%E3%83%A0%E3%82%BF%E3%82%A4%E3%83%88%E3%83%AB%E4%B8%80%E8%A6%A7_%282023%E5%B9%B4%29
2023-07-27,Double Dragon Gaiden: Rise of the Dragons,Maximum Games,CERO,B,https://ja.wikipedia.org/wiki/Nintendo_Switch%E3%81%AE%E3%82%B2%E3%83%BC%E3%83%A0%E3%82%BF%E3%82%A4%E3%83%88%E3%83%AB%E4%B8%80%E8%A6%A7_%282023%E5%B9%B4%29
2023-07-27,巨匠の目,Pat Naoum,IARC,3+,https://ja.wikipedia.org/wiki/Nintendo_Switch%E3%81%AE%E3%82%B2%E3%83%BC%E3%83%A0%E3%82%BF%E3%82%A4%E3%83%88%E3%83%AB%E4%B8%80%E8%A6%A7_%282023%E5%B9%B4%29
2023-07-27,Animal Farm Parking,Prison Games,IARC,3+,https://ja.wikipedia.org/wiki/Nintendo_Switch%E3%81%AE%E3%82%B2%E3%83%BC%E3%83%A0%E3%82%BF%E3%82%A4%E3%83%88%E3%83%AB%E4%B8%80%E8%A6%A7_%282023%E5%B9%B4%29
2023-07-27,Mega Ramp Moto - Dirt Bike Stunts Simulator,VG Games,IARC,3+,https://ja.wikipedia.org/wiki/Nintendo_Switch%E3%81%AE%E3%82%B2%E3%83%BC%E3%83%A0%E3%82%BF%E3%82%A4%E3%83%88%E3%83%AB%E4%B8%80%E8%A6%A7_%282023%E5%B9%B4%29
2023-07-27,探険わんぱく動物園,カイロソフト,IARC,3+,https://ja.wikipedia.org/wiki/Nintendo_Switch%E3%81%AE%E3%82%B2%E3%83%BC%E3%83%A0%E3%82%BF%E3%82%A4%E3%83%88%E3%83%AB%E4%B8%80%E8%A6%A7_%282023%E5%B9%B4%29
2023-07-27,PixelJunk Scrappers Deluxe,キュー・ゲームス,IARC,3+,https://ja.wikipedia.org/wiki/Nintendo_Switch%E3%81%AE%E3%82%B2%E3%83%BC%E3%83%A0%E3%82%BF%E3%82%A4%E3%83%88%E3%83%AB%E4%B8%80%E8%A6%A7_%282023%E5%B9%B4%29
2023-07-27,ハイパートルクレーシング,グランゼーラ,IARC,3+,https://ja.wikipedia.org/wiki/Nintendo_Switch%E3%81%AE%E3%82%B2%E3%83%BC%E3%83%A0%E3%82%BF%E3%82%A4%E3%83%88%E3%83%AB%E4%B8%80%E8%A6%A7_%282023%E5%B9%B4%29
2023-07-27,エイリアン ウォー2 ドッグファイト,ゲームミュージアム,IARC,3+,https://ja.wikipedia.org/wiki/Nintendo_Switch%E3%81%AE%E3%82%B2%E3%83%BC%E3%83%A0%E3%82%BF%E3%82%A4%E3%83%88%E3%83%AB%E4%B8%80%E8%A6%A7_%282023%E5%B9%B4%29
2023-07-27,フランク&ドレイク,コーラス・ワールドワイド,IARC,16+,https://ja.wikipedia.org/wiki/Nintendo_Switch%E3%81%AE%E3%82%B2%E3%83%BC%E3%83%A0%E3%82%BF%E3%82%A4%E3%83%88%E3%83%AB%E4%B8%80%E8%A6%A7_%282023%E5%B9%B4%29
2023-07-27,カウンターデルタ 2 イースタン クライシス,トローゼ,IARC,16+,https://ja.wikipedia.org/wiki/Nintendo_Switch%E3%81%AE%E3%82%B2%E3%83%BC%E3%83%A0%E3%82%BF%E3%82%A4%E3%83%88%E3%83%AB%E4%B8%80%E8%A6%A7_%282023%E5%B9%B4%29
2023-07-27,ルナ&モンスターズタワーディフェンス 〜奪われた魔法の王国〜,ルナのしっぽクリエイティブ,IARC,3+,https://ja.wikipedia.org/wiki/Nintendo_Switch%E3%81%AE%E3%82%B2%E3%83%BC%E3%83%A0%E3%82%BF%E3%82%A4%E3%83%88%E3%83%AB%E4%B8%80%E8%A6%A7_%282023%E5%B9%B4%29
2023-07-28,The Entropy Centre,Playstack,IARC,7+,https://ja.wikipedia.org/wiki/Nintendo_Switch%E3%81%AE%E3%82%B2%E3%83%BC%E3%83%A0%E3%82%BF%E3%82%A4%E3%83%88%E3%83%AB%E4%B8%80%E8%A6%A7_%282023%E5%B9%B4%29
2023-07-28,Working Hard Collection,ラタライカゲームス,IARC,7+,https://ja.wikipedia.org/wiki/Nintendo_Switch%E3%81%AE%E3%82%B2%E3%83%BC%E3%83%A0%E3%82%BF%E3%82%A4%E3%83%88%E3%83%AB%E4%B8%80%E8%A6%A7_%282023%E5%B9%B4%29
2023-07-31,PSYCHIC ECLIPSE-サイキックイクリプス- reload,C-Garden NEXT-B,IARC,16+,https://ja.wikipedia.org/wiki/Nintendo_Switch%E3%81%AE%E3%82%B2%E3%83%BC%E3%83%A0%E3%82%BF%E3%82%A4%E3%83%88%E3%83%AB%E4%B8%80%E8%A6%A7_%282023%E5%B9%B4%29
2023-08-02,モーリの夢楽園,OKJOY,IARC,3+,https://ja.wikipedia.org/wiki/Nintendo_Switch%E3%81%AE%E3%82%B2%E3%83%BC%E3%83%A0%E3%82%BF%E3%82%A4%E3%83%88%E3%83%AB%E4%B8%80%E8%A6%A7_%282023%E5%B9%B4%29
2023-08-03,錬金POIPOI SS,AlignmentSharp,IARC,7+,https://ja.wikipedia.org/wiki/Nintendo_Switch%E3%81%AE%E3%82%B2%E3%83%BC%E3%83%A0%E3%82%BF%E3%82%A4%E3%83%88%E3%83%AB%E4%B8%80%E8%A6%A7_%282023%E5%B9%B4%29
2023-08-03,Cooking Arena,Baltoro Games,IARC,3+,https://ja.wikipedia.org/wiki/Nintendo_Switch%E3%81%AE%E3%82%B2%E3%83%BC%E3%83%A0%E3%82%BF%E3%82%A4%E3%83%88%E3%83%AB%E4%B8%80%E8%A6%A7_%282023%E5%B9%B4%29
2023-08-03,サイドディサイド,Blue Volcano,IARC,3+,https://ja.wikipedia.org/wiki/Nintendo_Switch%E3%81%AE%E3%82%B2%E3%83%BC%E3%83%A0%E3%82%BF%E3%82%A4%E3%83%88%E3%83%AB%E4%B8%80%E8%A6%A7_%282023%E5%B9%B4%29
2023-08-03,Super Geisha Neon,ChiliDog Interactive,IARC,16+,https://ja.wikipedia.org/wiki/Nintendo_Switch%E3%81%AE%E3%82%B2%E3%83%BC%E3%83%A0%E3%82%BF%E3%82%A4%E3%83%88%E3%83%AB%E4%B8%80%E8%A6%A7_%282023%E5%B9%B4%29
2023-08-03,"Wash Simulator - Clean Garage, House, Cars Business Tycoons",DEZVOLT GAMES,IARC,12+,https://ja.wikipedia.org/wiki/Nintendo_Switch%E3%81%AE%E3%82%B2%E3%83%BC%E3%83%A0%E3%82%BF%E3%82%A4%E3%83%88%E3%83%AB%E4%B8%80%E8%A6%A7_%282023%E5%B9%B4%29
2023-08-03,The Red Exile - Survival Horror,eastasiasoft,IARC,16+,https://ja.wikipedia.org/wiki/Nintendo_Switch%E3%81%AE%E3%82%B2%E3%83%BC%E3%83%A0%E3%82%BF%E3%82%A4%E3%83%88%E3%83%AB%E4%B8%80%E8%A6%A7_%282023%E5%B9%B4%29
2023-08-03,タイニー・ソー,Gameforge 4D,IARC,7+,https://ja.wikipedia.org/wiki/Nintendo_Switch%E3%81%AE%E3%82%B2%E3%83%BC%E3%83%A0%E3%82%BF%E3%82%A4%E3%83%88%E3%83%AB%E4%B8%80%E8%A6%A7_%282023%E5%B9%B4%29
2023-08-03,アイドルカフェを経営しませんか?3,Gamuzumi,IARC,16+,https://ja.wikipedia.org/wiki/Nintendo_Switch%E3%81%AE%E3%82%B2%E3%83%BC%E3%83%A0%E3%82%BF%E3%82%A4%E3%83%88%E3%83%AB%E4%B8%80%E8%A6%A7_%282023%E5%B9%B4%29
2023-08-03,ロストエッグ3 ザ・ファイナル,KIMIDORI SOFT,IARC,3+,https://ja.wikipedia.org/wiki/Nintendo_Switch%E3%81%AE%E3%82%B2%E3%83%BC%E3%83%A0%E3%82%BF%E3%82%A4%E3%83%88%E3%83%AB%E4%B8%80%E8%A6%A7_%282023%E5%B9%B4%29
2023-08-03,ゆるっと学べる名作文学－知りたい教養小説の名著をおさらい脳トレクイズ－,MASK,IARC,3+,https://ja.wikipedia.org/wiki/Nintendo_Switch%E3%81%AE%E3%82%B2%E3%83%BC%E3%83%A0%E3%82%BF%E3%82%A4%E3%83%88%E3%83%AB%E4%B8%80%E8%A6%A7_%282023%E5%B9%B4%29
2023-08-03,小学生のうちに覚えたい英単語－身につく差がつく幼児向け英語学習教養クイズ－,MASK,IARC,3+,https://ja.wikipedia.org/wiki/Nintendo_Switch%E3%81%AE%E3%82%B2%E3%83%BC%E3%83%A0%E3%82%BF%E3%82%A4%E3%83%88%E3%83%AB%E4%B8%80%E8%A6%A7_%282023%E5%B9%B4%29
2023-08-03,Wizardry School: Escape Room,mc2games,IARC,3+,https://ja.wikipedia.org/wiki/Nintendo_Switch%E3%81%AE%E3%82%B2%E3%83%BC%E3%83%A0%E3%82%BF%E3%82%A4%E3%83%88%E3%83%AB%E4%B8%80%E8%A6%A7_%282023%E5%B9%B4%29
2023-08-03,Nova Strike,Nacon,IARC,3+,https://ja.wikipedia.org/wiki/Nintendo_Switch%E3%81%AE%E3%82%B2%E3%83%BC%E3%83%A0%E3%82%BF%E3%82%A4%E3%83%88%E3%83%AB%E4%B8%80%E8%A6%A7_%282023%E5%B9%B4%29
2023-08-03,バベル号ガイドブック,Pixmain,IARC,3+,https://ja.wikipedia.org/wiki/Nintendo_Switch%E3%81%AE%E3%82%B2%E3%83%BC%E3%83%A0%E3%82%BF%E3%82%A4%E3%83%88%E3%83%AB%E4%B8%80%E8%A6%A7_%282023%E5%B9%B4%29
2023-08-03,Adore,QUByte Interactive,IARC,7+,https://ja.wikipedia.org/wiki/Nintendo_Switch%E3%81%AE%E3%82%B2%E3%83%BC%E3%83%A0%E3%82%BF%E3%82%A4%E3%83%88%E3%83%AB%E4%B8%80%E8%A6%A7_%282023%E5%B9%B4%29
2023-08-03,Flutter Away フラッターアウェイ,Runaway Play,IARC,3+,https://ja.wikipedia.org/wiki/Nintendo_Switch%E3%81%AE%E3%82%B2%E3%83%BC%E3%83%A0%E3%82%BF%E3%82%A4%E3%83%88%E3%83%AB%E4%B8%80%E8%A6%A7_%282023%E5%B9%B4%29
2023-08-03,Brotato,Seaven Studio,IARC,7+,https://ja.wikipedia.org/wiki/Nintendo_Switch%E3%81%AE%E3%82%B2%E3%83%BC%E3%83%A0%E3%82%BF%E3%82%A4%E3%83%88%E3%83%AB%E4%B8%80%E8%A6%A7_%282023%E5%B9%B4%29
2023-08-03,ビジュアルクイズこれな〜んだ?－写真で脳トレひらめきクイズゲーム－,TT,IARC,3+,https://ja.wikipedia.org/wiki/Nintendo_Switch%E3%81%AE%E3%82%B2%E3%83%BC%E3%83%A0%E3%82%BF%E3%82%A4%E3%83%88%E3%83%AB%E4%B8%80%E8%A6%A7_%282023%E5%B9%B4%29
2023-08-03,禁断の事故物件－お隣さん全員ワケアリやばいヤツ都市伝説怪談ホラー－,TT,IARC,16+,https://ja.wikipedia.org/wiki/Nintendo_Switch%E3%81%AE%E3%82%B2%E3%83%BC%E3%83%A0%E3%82%BF%E3%82%A4%E3%83%88%E3%83%AB%E4%B8%80%E8%A6%A7_%282023%E5%B9%B4%29
2023-08-03,漫画で探偵ミステリー－意味がわかると怖いナゾトキ脱出リアル推理ゲーム－,TT,IARC,16+,https://ja.wikipedia.org/wiki/Nintendo_Switch%E3%81%AE%E3%82%B2%E3%83%BC%E3%83%A0%E3%82%BF%E3%82%A4%E3%83%88%E3%83%AB%E4%B8%80%E8%A6%A7_%282023%E5%B9%B4%29
2023-08-03,Venba,Visai Games,IARC,7+,https://ja.wikipedia.org/wiki/Nintendo_Switch%E3%81%AE%E3%82%B2%E3%83%BC%E3%83%A0%E3%82%BF%E3%82%A4%E3%83%88%E3%83%AB%E4%B8%80%E8%A6%A7_%282023%E5%B9%B4%29
2023-08-03,DELTAZEAL,トライアングル・サービス,IARC,7+,https://ja.wikipedia.org/wiki/Nintendo_Switch%E3%81%AE%E3%82%B2%E3%83%BC%E3%83%A0%E3%82%BF%E3%82%A4%E3%83%88%E3%83%AB%E4%B8%80%E8%A6%A7_%282023%E5%B9%B4%29
2023-08-03,Raindrop Sprinters,メディアスケープ,IARC,7+,https://ja.wikipedia.org/wiki/Nintendo_Switch%E3%81%AE%E3%82%B2%E3%83%BC%E3%83%A0%E3%82%BF%E3%82%A4%E3%83%88%E3%83%AB%E4%B8%80%E8%A6%A7_%282023%E5%B9%B4%29
2023-08-03,猫様の古民家からの脱出,レジスタ,CERO,A,https://ja.wikipedia.org/wiki/Nintendo_Switch%E3%81%AE%E3%82%B2%E3%83%BC%E3%83%A0%E3%82%BF%E3%82%A4%E3%83%88%E3%83%AB%E4%B8%80%E8%A6%A7_%282023%E5%B9%B4%29
2023-08-03,こっそり召喚士,わくわくゲームズ,IARC,7+,https://ja.wikipedia.org/wiki/Nintendo_Switch%E3%81%AE%E3%82%B2%E3%83%BC%E3%83%A0%E3%82%BF%E3%82%A4%E3%83%88%E3%83%AB%E4%B8%80%E8%A6%A7_%282023%E5%B9%B4%29
2023-08-04,GIGABASH,Passion Republic Games,IARC,12+,https://ja.wikipedia.org/wiki/Nintendo_Switch%E3%81%AE%E3%82%B2%E3%83%BC%E3%83%A0%E3%82%BF%E3%82%A4%E3%83%88%E3%83%AB%E4%B8%80%E8%A6%A7_%282023%E5%B9%B4%29
2023-08-05,X-Force Under Attack,Cube Games,IARC,7+,https://ja.wikipedia.org/wiki/Nintendo_Switch%E3%81%AE%E3%82%B2%E3%83%BC%E3%83%A0%E3%82%BF%E3%82%A4%E3%83%88%E3%83%AB%E4%B8%80%E8%A6%A7_%282023%E5%B9%B4%29
2023-08-10,伝創記,As-key,CERO,C,https://ja.wikipedia.org/wiki/Nintendo_Switch%E3%81%AE%E3%82%B2%E3%83%BC%E3%83%A0%E3%82%BF%E3%82%A4%E3%83%88%E3%83%AB%E4%B8%80%E8%A6%A7_%282023%E5%B9%B4%29
2023-08-10,ゾンビスープ,Astrolabe Games,IARC,7+,https://ja.wikipedia.org/wiki/Nintendo_Switch%E3%81%AE%E3%82%B2%E3%83%BC%E3%83%A0%E3%82%BF%E3%82%A4%E3%83%88%E3%83%AB%E4%B8%80%E8%A6%A7_%282023%E5%B9%B4%29
2023-08-10,Fluffy Milo,eastasiasoft,IARC,3+,https://ja.wikipedia.org/wiki/Nintendo_Switch%E3%81%AE%E3%82%B2%E3%83%BC%E3%83%A0%E3%82%BF%E3%82%A4%E3%83%88%E3%83%AB%E4%B8%80%E8%A6%A7_%282023%E5%B9%B4%29
2023-08-10,Neon Blight,Freedom Games,IARC,16+,https://ja.wikipedia.org/wiki/Nintendo_Switch%E3%81%AE%E3%82%B2%E3%83%BC%E3%83%A0%E3%82%BF%E3%82%A4%E3%83%88%E3%83%AB%E4%B8%80%E8%A6%A7_%282023%E5%B9%B4%29
2023-08-10,ザ・リワインダー〜黄泉からの旅人〜,Gamera Games,IARC,16+,https://ja.wikipedia.org/wiki/Nintendo_Switch%E3%81%AE%E3%82%B2%E3%83%BC%E3%83%A0%E3%82%BF%E3%82%A4%E3%83%88%E3%83%AB%E4%B8%80%E8%A6%A7_%282023%E5%B9%B4%29
2023-08-10,Unidentified Falling Objects,Gearbox Publishing,IARC,7+,https://ja.wikipedia.org/wiki/Nintendo_Switch%E3%81%AE%E3%82%B2%E3%83%BC%E3%83%A0%E3%82%BF%E3%82%A4%E3%83%88%E3%83%AB%E4%B8%80%E8%A6%A7_%282023%E5%B9%B4%29
2023-08-10,Stray Gods: The Roleplaying Musical,Humble Games,IARC,12+,https://ja.wikipedia.org/wiki/Nintendo_Switch%E3%81%AE%E3%82%B2%E3%83%BC%E3%83%A0%E3%82%BF%E3%82%A4%E3%83%88%E3%83%AB%E4%B8%80%E8%A6%A7_%282023%E5%B9%B4%29
2023-08-10,マイケルの不思議な冒険,HUNTERS,IARC,3+,https://ja.wikipedia.org/wiki/Nintendo_Switch%E3%81%AE%E3%82%B2%E3%83%BC%E3%83%A0%E3%82%BF%E3%82%A4%E3%83%88%E3%83%AB%E4%B8%80%E8%A6%A7_%282023%E5%B9%B4%29
2023-08-10,ゆるっと学べる哲学－楽しく学べる雑学大人の教養博識クイズ－,MASK,IARC,3+,https://ja.wikipedia.org/wiki/Nintendo_Switch%E3%81%AE%E3%82%B2%E3%83%BC%E3%83%A0%E3%82%BF%E3%82%A4%E3%83%88%E3%83%AB%E4%B8%80%E8%A6%A7_%282023%E5%B9%B4%29
2023-08-10,Wroom Wroom Puzzles,Prison Games,IARC,3+,https://ja.wikipedia.org/wiki/Nintendo_Switch%E3%81%AE%E3%82%B2%E3%83%BC%E3%83%A0%E3%82%BF%E3%82%A4%E3%83%88%E3%83%AB%E4%B8%80%E8%A6%A7_%282023%E5%B9%B4%29
2023-08-10,世界の中心で回る,SAT-BOX,IARC,3+,https://ja.wikipedia.org/wiki/Nintendo_Switch%E3%81%AE%E3%82%B2%E3%83%BC%E3%83%A0%E3%82%BF%E3%82%A4%E3%83%88%E3%83%AB%E4%B8%80%E8%A6%A7_%282023%E5%B9%B4%29
2023-08-10,Running Fable,Seashell Studio,IARC,3+,https://ja.wikipedia.org/wiki/Nintendo_Switch%E3%81%AE%E3%82%B2%E3%83%BC%E3%83%A0%E3%82%BF%E3%82%A4%E3%83%88%E3%83%AB%E4%B8%80%E8%A6%A7_%282023%E5%B9%B4%29
2023-08-10,Bright Lights of Svetlov,Sometimes You,IARC,3+,https://ja.wikipedia.org/wiki/Nintendo_Switch%E3%81%AE%E3%82%B2%E3%83%BC%E3%83%A0%E3%82%BF%E3%82%A4%E3%83%88%E3%83%AB%E4%B8%80%E8%A6%A7_%282023%E5%B9%B4%29
2023-08-10,Mondealy,Valkyrie Initiative,IARC,12+,https://ja.wikipedia.org/wiki/Nintendo_Switch%E3%81%AE%E3%82%B2%E3%83%BC%E3%83%A0%E3%82%BF%E3%82%A4%E3%83%88%E3%83%AB%E4%B8%80%E8%A6%A7_%282023%E5%B9%B4%29
2023-08-10,つぐのひ,ゲームマガジン,IARC,12+,https://ja.wikipedia.org/wiki/Nintendo_Switch%E3%81%AE%E3%82%B2%E3%83%BC%E3%83%A0%E3%82%BF%E3%82%A4%E3%83%88%E3%83%AB%E4%B8%80%E8%A6%A7_%282023%E5%B9%B4%29
2023-08-10,女性国家乗っ取り計画 - 盗賊の俺が王になる - Female Nation Takeover -,サイバーステップ,IARC,16+,https://ja.wikipedia.org/wiki/Nintendo_Switch%E3%81%AE%E3%82%B2%E3%83%BC%E3%83%A0%E3%82%BF%E3%82%A4%E3%83%88%E3%83%AB%E4%B8%80%E8%A6%A7_%282023%E5%B9%B4%29
2023-08-10,Wild Legion,ブルースピードスタジオ,IARC,3+,https://ja.wikipedia.org/wiki/Nintendo_Switch%E3%81%AE%E3%82%B2%E3%83%BC%E3%83%A0%E3%82%BF%E3%82%A4%E3%83%88%E3%83%AB%E4%B8%80%E8%A6%A7_%282023%E5%B9%B4%29
2023-08-10,違う冬のぼくら,講談社,IARC,12+,https://ja.wikipedia.org/wiki/Nintendo_Switch%E3%81%AE%E3%82%B2%E3%83%BC%E3%83%A0%E3%82%BF%E3%82%A4%E3%83%88%E3%83%AB%E4%B8%80%E8%A6%A7_%282023%E5%B9%B4%29
2023-08-11,Quake II,ベセスダ・ソフトワークス,CERO,D,https://ja.wikipedia.org/wiki/Nintendo_Switch%E3%81%AE%E3%82%B2%E3%83%BC%E3%83%A0%E3%82%BF%E3%82%A4%E3%83%88%E3%83%AB%E4%B8%80%E8%A6%A7_%282023%E5%B9%B4%29
2023-08-15,Moving Out,Team17,CERO,A,https://ja.wikipedia.org/wiki/Nintendo_Switch%E3%81%AE%E3%82%B2%E3%83%BC%E3%83%A0%E3%82%BF%E3%82%A4%E3%83%88%E3%83%AB%E4%B8%80%E8%A6%A7_%282023%E5%B9%B4%29
2023-08-15,Black Skylands,tinyBuild Games,IARC,16+,https://ja.wikipedia.org/wiki/Nintendo_Switch%E3%81%AE%E3%82%B2%E3%83%BC%E3%83%A0%E3%82%BF%E3%82%A4%E3%83%88%E3%83%AB%E4%B8%80%E8%A6%A7_%282023%E5%B9%B4%29
2023-08-17,Quantum (ゲーム),Atari,IARC,3+,https://ja.wikipedia.org/wiki/Nintendo_Switch%E3%81%AE%E3%82%B2%E3%83%BC%E3%83%A0%E3%82%BF%E3%82%A4%E3%83%88%E3%83%AB%E4%B8%80%E8%A6%A7_%282023%E5%B9%B4%29
2023-08-17,The Cosmic Wheel Sisterhood,Devolver Digital,CERO,D,https://ja.wikipedia.org/wiki/Nintendo_Switch%E3%81%AE%E3%82%B2%E3%83%BC%E3%83%A0%E3%82%BF%E3%82%A4%E3%83%88%E3%83%AB%E4%B8%80%E8%A6%A7_%282023%E5%B9%B4%29
2023-08-17,ザフライングトラベラー フローオブタイム,EpiXR Games,IARC,7+,https://ja.wikipedia.org/wiki/Nintendo_Switch%E3%81%AE%E3%82%B2%E3%83%BC%E3%83%A0%E3%82%BF%E3%82%A4%E3%83%88%E3%83%AB%E4%B8%80%E8%A6%A7_%282023%E5%B9%B4%29
2023-08-17,FR Master - Formula Racing Simulator,INSTAMARKETINGANDGAME,IARC,3+,https://ja.wikipedia.org/wiki/Nintendo_Switch%E3%81%AE%E3%82%B2%E3%83%BC%E3%83%A0%E3%82%BF%E3%82%A4%E3%83%88%E3%83%AB%E4%B8%80%E8%A6%A7_%282023%E5%B9%B4%29
2023-08-17,Marble It Up! Ultra,Marble It Up,IARC,3+,https://ja.wikipedia.org/wiki/Nintendo_Switch%E3%81%AE%E3%82%B2%E3%83%BC%E3%83%A0%E3%82%BF%E3%82%A4%E3%83%88%E3%83%AB%E4%B8%80%E8%A6%A7_%282023%E5%B9%B4%29
2023-08-17,おくだけスタディ ハングル基礎単語－指一本で韓国語かんたん勉強学習知育ゲーム－,MASK,IARC,3+,https://ja.wikipedia.org/wiki/Nintendo_Switch%E3%81%AE%E3%82%B2%E3%83%BC%E3%83%A0%E3%82%BF%E3%82%A4%E3%83%88%E3%83%AB%E4%B8%80%E8%A6%A7_%282023%E5%B9%B4%29
2023-08-17,もっと知りたいカラダのハテナ－ゲームで楽しく人体のふしぎ雑学教養豆知識学習クイズ－,MASK,IARC,3+,https://ja.wikipedia.org/wiki/Nintendo_Switch%E3%81%AE%E3%82%B2%E3%83%BC%E3%83%A0%E3%82%BF%E3%82%A4%E3%83%88%E3%83%AB%E4%B8%80%E8%A6%A7_%282023%E5%B9%B4%29
2023-08-17,もっと知りたい日本の名城－ゲームで楽しく歴史日本史雑学教養豆知識学習クイズ－,MASK,IARC,3+,https://ja.wikipedia.org/wiki/Nintendo_Switch%E3%81%AE%E3%82%B2%E3%83%BC%E3%83%A0%E3%82%BF%E3%82%A4%E3%83%88%E3%83%AB%E4%B8%80%E8%A6%A7_%282023%E5%B9%B4%29
2023-08-17,今日から使える必勝ビジネス心理学－悪用厳禁社会人攻略法学習ゲーム－,MASK,IARC,3+,https://ja.wikipedia.org/wiki/Nintendo_Switch%E3%81%AE%E3%82%B2%E3%83%BC%E3%83%A0%E3%82%BF%E3%82%A4%E3%83%88%E3%83%AB%E4%B8%80%E8%A6%A7_%282023%E5%B9%B4%29
2023-08-17,脳を鍛える! 絶景写真で間違い探し－世界を旅する脳トレ脳活教養学習パズル－,MASK,IARC,3+,https://ja.wikipedia.org/wiki/Nintendo_Switch%E3%81%AE%E3%82%B2%E3%83%BC%E3%83%A0%E3%82%BF%E3%82%A4%E3%83%88%E3%83%AB%E4%B8%80%E8%A6%A7_%282023%E5%B9%B4%29
2023-08-17,呪 恐怖の写真－アハ…ホラーで奇妙な都市伝説ミステリー－,MASK,IARC,12+,https://ja.wikipedia.org/wiki/Nintendo_Switch%E3%81%AE%E3%82%B2%E3%83%BC%E3%83%A0%E3%82%BF%E3%82%A4%E3%83%88%E3%83%AB%E4%B8%80%E8%A6%A7_%282023%E5%B9%B4%29
2023-08-17,Vampire Survivors,poncle,IARC,12+,https://ja.wikipedia.org/wiki/Nintendo_Switch%E3%81%AE%E3%82%B2%E3%83%BC%E3%83%A0%E3%82%BF%E3%82%A4%E3%83%88%E3%83%AB%E4%B8%80%E8%A6%A7_%282023%E5%B9%B4%29
2023-08-17,Hidden Shapes: Cat Realm + Trick or Cats,QUByte Interactive,IARC,3+,https://ja.wikipedia.org/wiki/Nintendo_Switch%E3%81%AE%E3%82%B2%E3%83%BC%E3%83%A0%E3%82%BF%E3%82%A4%E3%83%88%E3%83%AB%E4%B8%80%E8%A6%A7_%282023%E5%B9%B4%29
2023-08-17,アニメガールズ,RedDeerGames,IARC,12+,https://ja.wikipedia.org/wiki/Nintendo_Switch%E3%81%AE%E3%82%B2%E3%83%BC%E3%83%A0%E3%82%BF%E3%82%A4%E3%83%88%E3%83%AB%E4%B8%80%E8%A6%A7_%282023%E5%B9%B4%29
2023-08-17,にゃんこの城,Silesia Games,IARC,7+,https://ja.wikipedia.org/wiki/Nintendo_Switch%E3%81%AE%E3%82%B2%E3%83%BC%E3%83%A0%E3%82%BF%E3%82%A4%E3%83%88%E3%83%AB%E4%B8%80%E8%A6%A7_%282023%E5%B9%B4%29
2023-08-17,Satay Shop Tycoon,SOFT SOURCE,IARC,3+,https://ja.wikipedia.org/wiki/Nintendo_Switch%E3%81%AE%E3%82%B2%E3%83%BC%E3%83%A0%E3%82%BF%E3%82%A4%E3%83%88%E3%83%AB%E4%B8%80%E8%A6%A7_%282023%E5%B9%B4%29
2023-08-17,Astro Flame: Starfighter,Sometimes You,IARC,12+,https://ja.wikipedia.org/wiki/Nintendo_Switch%E3%81%AE%E3%82%B2%E3%83%BC%E3%83%A0%E3%82%BF%E3%82%A4%E3%83%88%E3%83%AB%E4%B8%80%E8%A6%A7_%282023%E5%B9%B4%29
2023-08-17,クリーピーテイル:イングリッドの罪滅ぼし,Sometimes You,IARC,16+,https://ja.wikipedia.org/wiki/Nintendo_Switch%E3%81%AE%E3%82%B2%E3%83%BC%E3%83%A0%E3%82%BF%E3%82%A4%E3%83%88%E3%83%AB%E4%B8%80%E8%A6%A7_%282023%E5%B9%B4%29
2023-08-17,謎解きIQクイズ－アタマが冴える暇つぶしひらめき脳トレパズル－,TT,IARC,3+,https://ja.wikipedia.org/wiki/Nintendo_Switch%E3%81%AE%E3%82%B2%E3%83%BC%E3%83%A0%E3%82%BF%E3%82%A4%E3%83%88%E3%83%AB%E4%B8%80%E8%A6%A7_%282023%E5%B9%B4%29
2023-08-17,境界領域,シルバースタージャパン,CERO,B,https://ja.wikipedia.org/wiki/Nintendo_Switch%E3%81%AE%E3%82%B2%E3%83%BC%E3%83%A0%E3%82%BF%E3%82%A4%E3%83%88%E3%83%AB%E4%B8%80%E8%A6%A7_%282023%E5%B9%B4%29
2023-08-17,レッド・デッド・リデンプション,テイクツー・インタラクティブ・ジャパン,CERO,Z,https://ja.wikipedia.org/wiki/Nintendo_Switch%E3%81%AE%E3%82%B2%E3%83%BC%E3%83%A0%E3%82%BF%E3%82%A4%E3%83%88%E3%83%AB%E4%B8%80%E8%A6%A7_%282023%E5%B9%B4%29
2023-08-17,SHINOBI NON GRATA,フライハイワークス,IARC,7+,https://ja.wikipedia.org/wiki/Nintendo_Switch%E3%81%AE%E3%82%B2%E3%83%BC%E3%83%A0%E3%82%BF%E3%82%A4%E3%83%88%E3%83%AB%E4%B8%80%E8%A6%A7_%282023%E5%B9%B4%29
2023-08-18,Bomb Rush Cyberfunk,Team Reptile,IARC,12+,https://ja.wikipedia.org/wiki/Nintendo_Switch%E3%81%AE%E3%82%B2%E3%83%BC%E3%83%A0%E3%82%BF%E3%82%A4%E3%83%88%E3%83%AB%E4%B8%80%E8%A6%A7_%282023%E5%B9%B4%29
2023-08-18,Hello Engineer,tinyBuild Games,IARC,7+,https://ja.wikipedia.org/wiki/Nintendo_Switch%E3%81%AE%E3%82%B2%E3%83%BC%E3%83%A0%E3%82%BF%E3%82%A4%E3%83%88%E3%83%AB%E4%B8%80%E8%A6%A7_%282023%E5%B9%B4%29
2023-08-18,鋼鉄幻想記クロムウルフ,ケムコ,CERO,B,https://ja.wikipedia.org/wiki/Nintendo_Switch%E3%81%AE%E3%82%B2%E3%83%BC%E3%83%A0%E3%82%BF%E3%82%A4%E3%83%88%E3%83%AB%E4%B8%80%E8%A6%A7_%282023%E5%B9%B4%29
2023-08-23,Virgo Versus The Zodiac,Serenity Forge,IARC,7+,https://ja.wikipedia.org/wiki/Nintendo_Switch%E3%81%AE%E3%82%B2%E3%83%BC%E3%83%A0%E3%82%BF%E3%82%A4%E3%83%88%E3%83%AB%E4%B8%80%E8%A6%A7_%282023%E5%B9%B4%29
2023-08-24,Hentai Project,17Studio,IARC,12+,https://ja.wikipedia.org/wiki/Nintendo_Switch%E3%81%AE%E3%82%B2%E3%83%BC%E3%83%A0%E3%82%BF%E3%82%A4%E3%83%88%E3%83%AB%E4%B8%80%E8%A6%A7_%282023%E5%B9%B4%29
2023-08-24,My Nonogram Waifu: Forbidden Love,Dawid Poleszczuk,IARC,12+,https://ja.wikipedia.org/wiki/Nintendo_Switch%E3%81%AE%E3%82%B2%E3%83%BC%E3%83%A0%E3%82%BF%E3%82%A4%E3%83%88%E3%83%AB%E4%B8%80%E8%A6%A7_%282023%E5%B9%B4%29
2023-08-24,Giant Wishes,eastasiasoft,CERO,C,https://ja.wikipedia.org/wiki/Nintendo_Switch%E3%81%AE%E3%82%B2%E3%83%BC%E3%83%A0%E3%82%BF%E3%82%A4%E3%83%88%E3%83%AB%E4%B8%80%E8%A6%A7_%282023%E5%B9%B4%29
2023-08-24,Shotgun King: The Final Checkmate,H2 INTERACTIVE,IARC,12+,https://ja.wikipedia.org/wiki/Nintendo_Switch%E3%81%AE%E3%82%B2%E3%83%BC%E3%83%A0%E3%82%BF%E3%82%A4%E3%83%88%E3%83%AB%E4%B8%80%E8%A6%A7_%282023%E5%B9%B4%29
2023-08-24,King of the Hat,Hat Games,IARC,7+,https://ja.wikipedia.org/wiki/Nintendo_Switch%E3%81%AE%E3%82%B2%E3%83%BC%E3%83%A0%E3%82%BF%E3%82%A4%E3%83%88%E3%83%AB%E4%B8%80%E8%A6%A7_%282023%E5%B9%B4%29
2023-08-24,サブオクト,KrzysztofPodsada,IARC,3+,https://ja.wikipedia.org/wiki/Nintendo_Switch%E3%81%AE%E3%82%B2%E3%83%BC%E3%83%A0%E3%82%BF%E3%82%A4%E3%83%88%E3%83%AB%E4%B8%80%E8%A6%A7_%282023%E5%B9%B4%29
2023-08-24,BLあるある－絶対に見たことがある共感MAXボーイズラブ漫画ゲーム－,MASK,IARC,12+,https://ja.wikipedia.org/wiki/Nintendo_Switch%E3%81%AE%E3%82%B2%E3%83%BC%E3%83%A0%E3%82%BF%E3%82%A4%E3%83%88%E3%83%AB%E4%B8%80%E8%A6%A7_%282023%E5%B9%B4%29
2023-08-24,ナゾトキ少年探偵団－みんなの謎解き学園冒険ミステリー事件簿－,MASK,IARC,3+,https://ja.wikipedia.org/wiki/Nintendo_Switch%E3%81%AE%E3%82%B2%E3%83%BC%E3%83%A0%E3%82%BF%E3%82%A4%E3%83%88%E3%83%AB%E4%B8%80%E8%A6%A7_%282023%E5%B9%B4%29
2023-08-24,ブレーブ・ボー・アーチャー プリンセス・レスキュー・シミュレーター,Megame,IARC,7+,https://ja.wikipedia.org/wiki/Nintendo_Switch%E3%81%AE%E3%82%B2%E3%83%BC%E3%83%A0%E3%82%BF%E3%82%A4%E3%83%88%E3%83%AB%E4%B8%80%E8%A6%A7_%282023%E5%B9%B4%29
2023-08-24,ワード・サーチ・パズル ファインド・ザ・ワーズ,Megame,IARC,3+,https://ja.wikipedia.org/wiki/Nintendo_Switch%E3%81%AE%E3%82%B2%E3%83%BC%E3%83%A0%E3%82%BF%E3%82%A4%E3%83%88%E3%83%AB%E4%B8%80%E8%A6%A7_%282023%E5%B9%B4%29
2023-08-24,Island Cities,Mens Sana Interactive,IARC,3+,https://ja.wikipedia.org/wiki/Nintendo_Switch%E3%81%AE%E3%82%B2%E3%83%BC%E3%83%A0%E3%82%BF%E3%82%A4%E3%83%88%E3%83%AB%E4%B8%80%E8%A6%A7_%282023%E5%B9%B4%29
2023-08-24,アニメパラダイス,RedDeerGames,IARC,12+,https://ja.wikipedia.org/wiki/Nintendo_Switch%E3%81%AE%E3%82%B2%E3%83%BC%E3%83%A0%E3%82%BF%E3%82%A4%E3%83%88%E3%83%AB%E4%B8%80%E8%A6%A7_%282023%E5%B9%B4%29
2023-08-24,野生ごっち:バーチャルペット,RedDeerGames,IARC,3+,https://ja.wikipedia.org/wiki/Nintendo_Switch%E3%81%AE%E3%82%B2%E3%83%BC%E3%83%A0%E3%82%BF%E3%82%A4%E3%83%88%E3%83%AB%E4%B8%80%E8%A6%A7_%282023%E5%B9%B4%29
2023-08-24,机でバスケ2,SAT-BOX,IARC,3+,https://ja.wikipedia.org/wiki/Nintendo_Switch%E3%81%AE%E3%82%B2%E3%83%BC%E3%83%A0%E3%82%BF%E3%82%A4%E3%83%88%E3%83%AB%E4%B8%80%E8%A6%A7_%282023%E5%B9%B4%29
2023-08-24,アリス・エスケイプト!,Sekai Games,IARC,3+,https://ja.wikipedia.org/wiki/Nintendo_Switch%E3%81%AE%E3%82%B2%E3%83%BC%E3%83%A0%E3%82%BF%E3%82%A4%E3%83%88%E3%83%AB%E4%B8%80%E8%A6%A7_%282023%E5%B9%B4%29
2023-08-24,シシ〜悠久の前奏曲〜,Shishi Studios,IARC,3+,https://ja.wikipedia.org/wiki/Nintendo_Switch%E3%81%AE%E3%82%B2%E3%83%BC%E3%83%A0%E3%82%BF%E3%82%A4%E3%83%88%E3%83%AB%E4%B8%80%E8%A6%A7_%282023%E5%B9%B4%29
2023-08-24,アガレスト戦記,アイディアファクトリー,CERO,C,https://ja.wikipedia.org/wiki/Nintendo_Switch%E3%81%AE%E3%82%B2%E3%83%BC%E3%83%A0%E3%82%BF%E3%82%A4%E3%83%88%E3%83%AB%E4%B8%80%E8%A6%A7_%282023%E5%B9%B4%29
2023-08-24,年上お姉さんを独り占めしたい! - Possessing My Older Sister -,サイバーステップ,IARC,16+,https://ja.wikipedia.org/wiki/Nintendo_Switch%E3%81%AE%E3%82%B2%E3%83%BC%E3%83%A0%E3%82%BF%E3%82%A4%E3%83%88%E3%83%AB%E4%B8%80%E8%A6%A7_%282023%E5%B9%B4%29
2023-08-24,ニコリのパズルS カックロ,ハムスター,IARC,3+,https://ja.wikipedia.org/wiki/Nintendo_Switch%E3%81%AE%E3%82%B2%E3%83%BC%E3%83%A0%E3%82%BF%E3%82%A4%E3%83%88%E3%83%AB%E4%B8%80%E8%A6%A7_%282023%E5%B9%B4%29
2023-08-25,探しものは、夏ですか。,ケムコ,IARC,3+,https://ja.wikipedia.org/wiki/Nintendo_Switch%E3%81%AE%E3%82%B2%E3%83%BC%E3%83%A0%E3%82%BF%E3%82%A4%E3%83%88%E3%83%AB%E4%B8%80%E8%A6%A7_%282023%E5%B9%B4%29
2023-08-25,リトルデビル ぼくの養親子間戦争,レオフル,IARC,3+,https://ja.wikipedia.org/wiki/Nintendo_Switch%E3%81%AE%E3%82%B2%E3%83%BC%E3%83%A0%E3%82%BF%E3%82%A4%E3%83%88%E3%83%AB%E4%B8%80%E8%A6%A7_%282023%E5%B9%B4%29
2023-08-29,アガサ・クリスティ : エルキュール・ポアロ - ロンドン事件簿,Microids,IARC,12+,https://ja.wikipedia.org/wiki/Nintendo_Switch%E3%81%AE%E3%82%B2%E3%83%BC%E3%83%A0%E3%82%BF%E3%82%A4%E3%83%88%E3%83%AB%E4%B8%80%E8%A6%A7_%282023%E5%B9%B4%29
2023-08-30,Sea of Stars,Sabotage Studio,CERO,A,https://ja.wikipedia.org/wiki/Nintendo_Switch%E3%81%AE%E3%82%B2%E3%83%BC%E3%83%A0%E3%82%BF%E3%82%A4%E3%83%88%E3%83%AB%E4%B8%80%E8%A6%A7_%282023%E5%B9%B4%29
2023-08-31,1997,17Studio,IARC,16+,https://ja.wikipedia.org/wiki/Nintendo_Switch%E3%81%AE%E3%82%B2%E3%83%BC%E3%83%A0%E3%82%BF%E3%82%A4%E3%83%88%E3%83%AB%E4%B8%80%E8%A6%A7_%282023%E5%B9%B4%29
2023-08-31,It's a Wrap!,AMC Games,IARC,7+,https://ja.wikipedia.org/wiki/Nintendo_Switch%E3%81%AE%E3%82%B2%E3%83%BC%E3%83%A0%E3%82%BF%E3%82%A4%E3%83%88%E3%83%AB%E4%B8%80%E8%A6%A7_%282023%E5%B9%B4%29
2023-08-31,Eventide 2: 魔術師の鏡,Artifex Mundi,IARC,7+,https://ja.wikipedia.org/wiki/Nintendo_Switch%E3%81%AE%E3%82%B2%E3%83%BC%E3%83%A0%E3%82%BF%E3%82%A4%E3%83%88%E3%83%AB%E4%B8%80%E8%A6%A7_%282023%E5%B9%B4%29
2023-08-31,Atari 50: The Anniversary Celebration,Atari,CERO,D,https://ja.wikipedia.org/wiki/Nintendo_Switch%E3%81%AE%E3%82%B2%E3%83%BC%E3%83%A0%E3%82%BF%E3%82%A4%E3%83%88%E3%83%AB%E4%B8%80%E8%A6%A7_%282023%E5%B9%B4%29
2023-08-31,恐竜 種類と名称,Cooking & Publishing,IARC,3+,https://ja.wikipedia.org/wiki/Nintendo_Switch%E3%81%AE%E3%82%B2%E3%83%BC%E3%83%A0%E3%82%BF%E3%82%A4%E3%83%88%E3%83%AB%E4%B8%80%E8%A6%A7_%282023%E5%B9%B4%29
2023-08-31,女鬼橋 開魂路,eastasiasoft,CERO,C,https://ja.wikipedia.org/wiki/Nintendo_Switch%E3%81%AE%E3%82%B2%E3%83%BC%E3%83%A0%E3%82%BF%E3%82%A4%E3%83%88%E3%83%AB%E4%B8%80%E8%A6%A7_%282023%E5%B9%B4%29
2023-08-31,Farming Tractor Simulator 2023: Drive Combine & Trucks,GameToTop Corp.,IARC,3+,https://ja.wikipedia.org/wiki/Nintendo_Switch%E3%81%AE%E3%82%B2%E3%83%BC%E3%83%A0%E3%82%BF%E3%82%A4%E3%83%88%E3%83%AB%E4%B8%80%E8%A6%A7_%282023%E5%B9%B4%29
2023-08-31,Forklift Simulator 2023,Halva Studio,IARC,3+,https://ja.wikipedia.org/wiki/Nintendo_Switch%E3%81%AE%E3%82%B2%E3%83%BC%E3%83%A0%E3%82%BF%E3%82%A4%E3%83%88%E3%83%AB%E4%B8%80%E8%A6%A7_%282023%E5%B9%B4%29
2023-08-31,物の形,Hyper Three Studio,IARC,3+,https://ja.wikipedia.org/wiki/Nintendo_Switch%E3%81%AE%E3%82%B2%E3%83%BC%E3%83%A0%E3%82%BF%E3%82%A4%E3%83%88%E3%83%AB%E4%B8%80%E8%A6%A7_%282023%E5%B9%B4%29
2023-08-31,親子で学ぶ防災－2択で楽しく雑学教養豆知識学習クイズ－,MASK,IARC,3+,https://ja.wikipedia.org/wiki/Nintendo_Switch%E3%81%AE%E3%82%B2%E3%83%BC%E3%83%A0%E3%82%BF%E3%82%A4%E3%83%88%E3%83%AB%E4%B8%80%E8%A6%A7_%282023%E5%B9%B4%29
2023-08-31,ジェリー・フルーツ・アドベンチャー マジック・マッチ・スリー・パズル,Megame,IARC,3+,https://ja.wikipedia.org/wiki/Nintendo_Switch%E3%81%AE%E3%82%B2%E3%83%BC%E3%83%A0%E3%82%BF%E3%82%A4%E3%83%88%E3%83%AB%E4%B8%80%E8%A6%A7_%282023%E5%B9%B4%29
2023-08-31,キャットロード,No Gravity Games,IARC,3+,https://ja.wikipedia.org/wiki/Nintendo_Switch%E3%81%AE%E3%82%B2%E3%83%BC%E3%83%A0%E3%82%BF%E3%82%A4%E3%83%88%E3%83%AB%E4%B8%80%E8%A6%A7_%282023%E5%B9%B4%29
2023-08-31,Startup Company Console Edition,Playasia,IARC,3+,https://ja.wikipedia.org/wiki/Nintendo_Switch%E3%81%AE%E3%82%B2%E3%83%BC%E3%83%A0%E3%82%BF%E3%82%A4%E3%83%88%E3%83%AB%E4%B8%80%E8%A6%A7_%282023%E5%B9%B4%29
2023-08-31,Gourmet Warriors (QUByte Classics),QUByte Interactive,IARC,7+,https://ja.wikipedia.org/wiki/Nintendo_Switch%E3%81%AE%E3%82%B2%E3%83%BC%E3%83%A0%E3%82%BF%E3%82%A4%E3%83%88%E3%83%AB%E4%B8%80%E8%A6%A7_%282023%E5%B9%B4%29
2023-08-31,Dissolved - Chapter One,Timothee Paez,IARC,16+,https://ja.wikipedia.org/wiki/Nintendo_Switch%E3%81%AE%E3%82%B2%E3%83%BC%E3%83%A0%E3%82%BF%E3%82%A4%E3%83%88%E3%83%AB%E4%B8%80%E8%A6%A7_%282023%E5%B9%B4%29
2023-08-31,Sqroma,Woum,IARC,3+,https://ja.wikipedia.org/wiki/Nintendo_Switch%E3%81%AE%E3%82%B2%E3%83%BC%E3%83%A0%E3%82%BF%E3%82%A4%E3%83%88%E3%83%AB%E4%B8%80%E8%A6%A7_%282023%E5%B9%B4%29
2023-08-31,大海賊クエスト島DX,カイロソフト,IARC,7+,https://ja.wikipedia.org/wiki/Nintendo_Switch%E3%81%AE%E3%82%B2%E3%83%BC%E3%83%A0%E3%82%BF%E3%82%A4%E3%83%88%E3%83%AB%E4%B8%80%E8%A6%A7_%282023%E5%B9%B4%29
2023-08-31,NecroBoy : Path to Evilship,グラビティゲームアライズ,IARC,7+,https://ja.wikipedia.org/wiki/Nintendo_Switch%E3%81%AE%E3%82%B2%E3%83%BC%E3%83%A0%E3%82%BF%E3%82%A4%E3%83%88%E3%83%AB%E4%B8%80%E8%A6%A7_%282023%E5%B9%B4%29
2023-08-31,OU,ジー・モード,IARC,3+,https://ja.wikipedia.org/wiki/Nintendo_Switch%E3%81%AE%E3%82%B2%E3%83%BC%E3%83%A0%E3%82%BF%E3%82%A4%E3%83%88%E3%83%AB%E4%B8%80%E8%A6%A7_%282023%E5%B9%B4%29
2023-08-31,マサラドライブ,ハッピーミール,IARC,3+,https://ja.wikipedia.org/wiki/Nintendo_Switch%E3%81%AE%E3%82%B2%E3%83%BC%E3%83%A0%E3%82%BF%E3%82%A4%E3%83%88%E3%83%AB%E4%B8%80%E8%A6%A7_%282023%E5%B9%B4%29
2023-08-31,焼肉シミュレーター,フライハイワークス,IARC,3+,https://ja.wikipedia.org/wiki/Nintendo_Switch%E3%81%AE%E3%82%B2%E3%83%BC%E3%83%A0%E3%82%BF%E3%82%A4%E3%83%88%E3%83%AB%E4%B8%80%E8%A6%A7_%282023%E5%B9%B4%29
2023-08-31,ニュークリア・ブレイズ,レイニーフロッグ,IARC,7+,https://ja.wikipedia.org/wiki/Nintendo_Switch%E3%81%AE%E3%82%B2%E3%83%BC%E3%83%A0%E3%82%BF%E3%82%A4%E3%83%88%E3%83%AB%E4%B8%80%E8%A6%A7_%282023%E5%B9%B4%29
2023-09-01,男クロス:ドロップアウト!,eastasiasoft,IARC,16+,https://ja.wikipedia.org/wiki/Nintendo_Switch%E3%81%AE%E3%82%B2%E3%83%BC%E3%83%A0%E3%82%BF%E3%82%A4%E3%83%88%E3%83%AB%E4%B8%80%E8%A6%A7_%282023%E5%B9%B4%29
2023-09-01,トライン5:ぜんまい仕掛けの陰謀,THQ Nordic ジャパン,CERO,B,https://ja.wikipedia.org/wiki/Nintendo_Switch%E3%81%AE%E3%82%B2%E3%83%BC%E3%83%A0%E3%82%BF%E3%82%A4%E3%83%88%E3%83%AB%E4%B8%80%E8%A6%A7_%282023%E5%B9%B4%29
2023-09-01,ガストロ・フォース,ラタライカゲームス,IARC,16+,https://ja.wikipedia.org/wiki/Nintendo_Switch%E3%81%AE%E3%82%B2%E3%83%BC%E3%83%A0%E3%82%BF%E3%82%A4%E3%83%88%E3%83%AB%E4%B8%80%E8%A6%A7_%282023%E5%B9%B4%29
2023-09-06,Chants of Sennaar,Focus Entertainment,IARC,7+,https://ja.wikipedia.org/wiki/Nintendo_Switch%E3%81%AE%E3%82%B2%E3%83%BC%E3%83%A0%E3%82%BF%E3%82%A4%E3%83%88%E3%83%AB%E4%B8%80%E8%A6%A7_%282023%E5%B9%B4%29
2023-09-07,The Myth Seekers: バルカンの遺産,Artifex Mundi,IARC,7+,https://ja.wikipedia.org/wiki/Nintendo_Switch%E3%81%AE%E3%82%B2%E3%83%BC%E3%83%A0%E3%82%BF%E3%82%A4%E3%83%88%E3%83%AB%E4%B8%80%E8%A6%A7_%282023%E5%B9%B4%29
2023-09-07,タトゥー そしてその意味,Cooking & Publishing,IARC,7+,https://ja.wikipedia.org/wiki/Nintendo_Switch%E3%81%AE%E3%82%B2%E3%83%BC%E3%83%A0%E3%82%BF%E3%82%A4%E3%83%88%E3%83%AB%E4%B8%80%E8%A6%A7_%282023%E5%B9%B4%29
2023-09-07,The Making of Karateka,Digital Eclipse,IARC,12+,https://ja.wikipedia.org/wiki/Nintendo_Switch%E3%81%AE%E3%82%B2%E3%83%BC%E3%83%A0%E3%82%BF%E3%82%A4%E3%83%88%E3%83%AB%E4%B8%80%E8%A6%A7_%282023%E5%B9%B4%29
2023-09-07,Escape from Terror City,eastasiasoft,IARC,3+,https://ja.wikipedia.org/wiki/Nintendo_Switch%E3%81%AE%E3%82%B2%E3%83%BC%E3%83%A0%E3%82%BF%E3%82%A4%E3%83%88%E3%83%AB%E4%B8%80%E8%A6%A7_%282023%E5%B9%B4%29
2023-09-07,インターザスカイ,EpiXR Games,IARC,3+,https://ja.wikipedia.org/wiki/Nintendo_Switch%E3%81%AE%E3%82%B2%E3%83%BC%E3%83%A0%E3%82%BF%E3%82%A4%E3%83%88%E3%83%AB%E4%B8%80%E8%A6%A7_%282023%E5%B9%B4%29
2023-09-07,Cube Merge 2048,Halva Studio,IARC,3+,https://ja.wikipedia.org/wiki/Nintendo_Switch%E3%81%AE%E3%82%B2%E3%83%BC%E3%83%A0%E3%82%BF%E3%82%A4%E3%83%88%E3%83%AB%E4%B8%80%E8%A6%A7_%282023%E5%B9%B4%29
2023-09-07,カガクな発明と発見のクイズ－ノーベル賞とイグノーベル賞の世界－,MASK,IARC,3+,https://ja.wikipedia.org/wiki/Nintendo_Switch%E3%81%AE%E3%82%B2%E3%83%BC%E3%83%A0%E3%82%BF%E3%82%A4%E3%83%88%E3%83%AB%E4%B8%80%E8%A6%A7_%282023%E5%B9%B4%29
2023-09-07,くるくるパズル 日本の歴史－ならべてかんたん日本史学習雑学教養勉強ゲーム－,MASK,IARC,3+,https://ja.wikipedia.org/wiki/Nintendo_Switch%E3%81%AE%E3%82%B2%E3%83%BC%E3%83%A0%E3%82%BF%E3%82%A4%E3%83%88%E3%83%AB%E4%B8%80%E8%A6%A7_%282023%E5%B9%B4%29
2023-09-07,パイプラインパズル－パイプをつなげ!かしこくなるひらめき脳トレゲーム－,MASK,IARC,3+,https://ja.wikipedia.org/wiki/Nintendo_Switch%E3%81%AE%E3%82%B2%E3%83%BC%E3%83%A0%E3%82%BF%E3%82%A4%E3%83%88%E3%83%AB%E4%B8%80%E8%A6%A7_%282023%E5%B9%B4%29
2023-09-07,ゆるっと学べる星座と神話－楽しく学べる雑学芸術大人の教養脳トレクイズ－,MASK,IARC,3+,https://ja.wikipedia.org/wiki/Nintendo_Switch%E3%81%AE%E3%82%B2%E3%83%BC%E3%83%A0%E3%82%BF%E3%82%A4%E3%83%88%E3%83%AB%E4%B8%80%E8%A6%A7_%282023%E5%B9%B4%29
2023-09-07,The Many Pieces of Mr. Coo,MERIDIEM GAMES,IARC,7+,https://ja.wikipedia.org/wiki/Nintendo_Switch%E3%81%AE%E3%82%B2%E3%83%BC%E3%83%A0%E3%82%BF%E3%82%A4%E3%83%88%E3%83%AB%E4%B8%80%E8%A6%A7_%282023%E5%B9%B4%29
2023-09-07,Spectator 観察者,Neko Machine,IARC,7+,https://ja.wikipedia.org/wiki/Nintendo_Switch%E3%81%AE%E3%82%B2%E3%83%BC%E3%83%A0%E3%82%BF%E3%82%A4%E3%83%88%E3%83%AB%E4%B8%80%E8%A6%A7_%282023%E5%B9%B4%29
2023-09-07,SUPER NIGHT AT THE GATES OF HELL,Puppet Combo,IARC,12+,https://ja.wikipedia.org/wiki/Nintendo_Switch%E3%81%AE%E3%82%B2%E3%83%BC%E3%83%A0%E3%82%BF%E3%82%A4%E3%83%88%E3%83%AB%E4%B8%80%E8%A6%A7_%282023%E5%B9%B4%29
2023-09-07,めばえの谷,RedDeerGames,IARC,3+,https://ja.wikipedia.org/wiki/Nintendo_Switch%E3%81%AE%E3%82%B2%E3%83%BC%E3%83%A0%E3%82%BF%E3%82%A4%E3%83%88%E3%83%AB%E4%B8%80%E8%A6%A7_%282023%E5%B9%B4%29
2023-09-07,全国一般人常識チェック－4択教養雑学常識脳トレバラエティークイズ－,TT,IARC,3+,https://ja.wikipedia.org/wiki/Nintendo_Switch%E3%81%AE%E3%82%B2%E3%83%BC%E3%83%A0%E3%82%BF%E3%82%A4%E3%83%88%E3%83%AB%E4%B8%80%E8%A6%A7_%282023%E5%B9%B4%29
2023-09-07,House Flipper,Ultimate Games,IARC,3+,https://ja.wikipedia.org/wiki/Nintendo_Switch%E3%81%AE%E3%82%B2%E3%83%BC%E3%83%A0%E3%82%BF%E3%82%A4%E3%83%88%E3%83%AB%E4%B8%80%E8%A6%A7_%282023%E5%B9%B4%29
2023-09-07,Colorful Boi,Webnetic,IARC,3+,https://ja.wikipedia.org/wiki/Nintendo_Switch%E3%81%AE%E3%82%B2%E3%83%BC%E3%83%A0%E3%82%BF%E3%82%A4%E3%83%88%E3%83%AB%E4%B8%80%E8%A6%A7_%282023%E5%B9%B4%29
2023-09-07,Forest Crash Party,アポローン,IARC,3+,https://ja.wikipedia.org/wiki/Nintendo_Switch%E3%81%AE%E3%82%B2%E3%83%BC%E3%83%A0%E3%82%BF%E3%82%A4%E3%83%88%E3%83%AB%E4%B8%80%E8%A6%A7_%282023%E5%B9%B4%29
2023-09-07,ぬりえであそぼう サンリオキャラクターズ,イマジニア,CERO,A,https://ja.wikipedia.org/wiki/Nintendo_Switch%E3%81%AE%E3%82%B2%E3%83%BC%E3%83%A0%E3%82%BF%E3%82%A4%E3%83%88%E3%83%AB%E4%B8%80%E8%A6%A7_%282023%E5%B9%B4%29
2023-09-07,嘘からはじまる,マメクジラ,IARC,3+,https://ja.wikipedia.org/wiki/Nintendo_Switch%E3%81%AE%E3%82%B2%E3%83%BC%E3%83%A0%E3%82%BF%E3%82%A4%E3%83%88%E3%83%AB%E4%B8%80%E8%A6%A7_%282023%E5%B9%B4%29
2023-09-07,赤魔女のアシナ,ラタライカゲームス,IARC,12+,https://ja.wikipedia.org/wiki/Nintendo_Switch%E3%81%AE%E3%82%B2%E3%83%BC%E3%83%A0%E3%82%BF%E3%82%A4%E3%83%88%E3%83%AB%E4%B8%80%E8%A6%A7_%282023%E5%B9%B4%29
2023-09-12,Full Void,OutOfTheBit,IARC,7+,https://ja.wikipedia.org/wiki/Nintendo_Switch%E3%81%AE%E3%82%B2%E3%83%BC%E3%83%A0%E3%82%BF%E3%82%A4%E3%83%88%E3%83%AB%E4%B8%80%E8%A6%A7_%282023%E5%B9%B4%29
2023-09-14,Summum Aeterna,Aeternum Game Studios,IARC,12+,https://ja.wikipedia.org/wiki/Nintendo_Switch%E3%81%AE%E3%82%B2%E3%83%BC%E3%83%A0%E3%82%BF%E3%82%A4%E3%83%88%E3%83%AB%E4%B8%80%E8%A6%A7_%282023%E5%B9%B4%29
2023-09-14,DYNABLASTER,BBG Entertainment,IARC,3+,https://ja.wikipedia.org/wiki/Nintendo_Switch%E3%81%AE%E3%82%B2%E3%83%BC%E3%83%A0%E3%82%BF%E3%82%A4%E3%83%88%E3%83%AB%E4%B8%80%E8%A6%A7_%282023%E5%B9%B4%29
2023-09-14,Gunbrella,Devolver Digital,CERO,C,https://ja.wikipedia.org/wiki/Nintendo_Switch%E3%81%AE%E3%82%B2%E3%83%BC%E3%83%A0%E3%82%BF%E3%82%A4%E3%83%88%E3%83%AB%E4%B8%80%E8%A6%A7_%282023%E5%B9%B4%29
2023-09-14,City of Beats,Freedom Games,IARC,7+,https://ja.wikipedia.org/wiki/Nintendo_Switch%E3%81%AE%E3%82%B2%E3%83%BC%E3%83%A0%E3%82%BF%E3%82%A4%E3%83%88%E3%83%AB%E4%B8%80%E8%A6%A7_%282023%E5%B9%B4%29
2023-09-14,Skateboard Drifting with Maxwell Cat: The Game Simulator,GameToTop Corp.,IARC,7+,https://ja.wikipedia.org/wiki/Nintendo_Switch%E3%81%AE%E3%82%B2%E3%83%BC%E3%83%A0%E3%82%BF%E3%82%A4%E3%83%88%E3%83%AB%E4%B8%80%E8%A6%A7_%282023%E5%B9%B4%29
2023-09-14,Champion of Fighters,Gametry,IARC,12+,https://ja.wikipedia.org/wiki/Nintendo_Switch%E3%81%AE%E3%82%B2%E3%83%BC%E3%83%A0%E3%82%BF%E3%82%A4%E3%83%88%E3%83%AB%E4%B8%80%E8%A6%A7_%282023%E5%B9%B4%29
2023-09-14,Word Quest,Gametry,IARC,3+,https://ja.wikipedia.org/wiki/Nintendo_Switch%E3%81%AE%E3%82%B2%E3%83%BC%E3%83%A0%E3%82%BF%E3%82%A4%E3%83%88%E3%83%AB%E4%B8%80%E8%A6%A7_%282023%E5%B9%B4%29
2023-09-14,Escape Academy,iam8bit,IARC,7+,https://ja.wikipedia.org/wiki/Nintendo_Switch%E3%81%AE%E3%82%B2%E3%83%BC%E3%83%A0%E3%82%BF%E3%82%A4%E3%83%88%E3%83%AB%E4%B8%80%E8%A6%A7_%282023%E5%B9%B4%29
2023-09-14,Cube Airport,Isaias Game Dev,IARC,3+,https://ja.wikipedia.org/wiki/Nintendo_Switch%E3%81%AE%E3%82%B2%E3%83%BC%E3%83%A0%E3%82%BF%E3%82%A4%E3%83%88%E3%83%AB%E4%B8%80%E8%A6%A7_%282023%E5%B9%B4%29
2023-09-14,スウジアッタ!－脳トレイラストひらめき絵探しクイズ－,MASK,IARC,12+,https://ja.wikipedia.org/wiki/Nintendo_Switch%E3%81%AE%E3%82%B2%E3%83%BC%E3%83%A0%E3%82%BF%E3%82%A4%E3%83%88%E3%83%AB%E4%B8%80%E8%A6%A7_%282023%E5%B9%B4%29
2023-09-14,小学生あたりまえテスト－たのしく予習復習!クイズで学べる教養学習－,MASK,IARC,3+,https://ja.wikipedia.org/wiki/Nintendo_Switch%E3%81%AE%E3%82%B2%E3%83%BC%E3%83%A0%E3%82%BF%E3%82%A4%E3%83%88%E3%83%AB%E4%B8%80%E8%A6%A7_%282023%E5%B9%B4%29
2023-09-14,脳を鍛える! にゃんこ写真で間違い探し－猫ネコ癒しの脳トレ脳活教養学習パズル－,MASK,IARC,3+,https://ja.wikipedia.org/wiki/Nintendo_Switch%E3%81%AE%E3%82%B2%E3%83%BC%E3%83%A0%E3%82%BF%E3%82%A4%E3%83%88%E3%83%AB%E4%B8%80%E8%A6%A7_%282023%E5%B9%B4%29
2023-09-14,星のカケラ殺人事件－スリルとサスペンスの本格謎解き推理ミステリー－,MASK,IARC,12+,https://ja.wikipedia.org/wiki/Nintendo_Switch%E3%81%AE%E3%82%B2%E3%83%BC%E3%83%A0%E3%82%BF%E3%82%A4%E3%83%88%E3%83%AB%E4%B8%80%E8%A6%A7_%282023%E5%B9%B4%29
2023-09-14,ガジェット警部 - マッドタイム・パーティー,Microids,IARC,3+,https://ja.wikipedia.org/wiki/Nintendo_Switch%E3%81%AE%E3%82%B2%E3%83%BC%E3%83%A0%E3%82%BF%E3%82%A4%E3%83%88%E3%83%AB%E4%B8%80%E8%A6%A7_%282023%E5%B9%B4%29
2023-09-14,League Of Champions Soccer 2024,Pix Arts,IARC,3+,https://ja.wikipedia.org/wiki/Nintendo_Switch%E3%81%AE%E3%82%B2%E3%83%BC%E3%83%A0%E3%82%BF%E3%82%A4%E3%83%88%E3%83%AB%E4%B8%80%E8%A6%A7_%282023%E5%B9%B4%29
2023-09-14,Teocida + Estigma,QUByte Interactive,IARC,16+,https://ja.wikipedia.org/wiki/Nintendo_Switch%E3%81%AE%E3%82%B2%E3%83%BC%E3%83%A0%E3%82%BF%E3%82%A4%E3%83%88%E3%83%AB%E4%B8%80%E8%A6%A7_%282023%E5%B9%B4%29
2023-09-14,Item Tower,RandomSpin Games,IARC,3+,https://ja.wikipedia.org/wiki/Nintendo_Switch%E3%81%AE%E3%82%B2%E3%83%BC%E3%83%A0%E3%82%BF%E3%82%A4%E3%83%88%E3%83%AB%E4%B8%80%E8%A6%A7_%282023%E5%B9%B4%29
2023-09-14,ワイヤーリップス,RandomSpin Games,IARC,12+,https://ja.wikipedia.org/wiki/Nintendo_Switch%E3%81%AE%E3%82%B2%E3%83%BC%E3%83%A0%E3%82%BF%E3%82%A4%E3%83%88%E3%83%AB%E4%B8%80%E8%A6%A7_%282023%E5%B9%B4%29
2023-09-14,Bingo,Sabec,IARC,3+,https://ja.wikipedia.org/wiki/Nintendo_Switch%E3%81%AE%E3%82%B2%E3%83%BC%E3%83%A0%E3%82%BF%E3%82%A4%E3%83%88%E3%83%AB%E4%B8%80%E8%A6%A7_%282023%E5%B9%B4%29
2023-09-14,Railed Up,Timothee Paez,IARC,12+,https://ja.wikipedia.org/wiki/Nintendo_Switch%E3%81%AE%E3%82%B2%E3%83%BC%E3%83%A0%E3%82%BF%E3%82%A4%E3%83%88%E3%83%AB%E4%B8%80%E8%A6%A7_%282023%E5%B9%B4%29
2023-09-14,意味がわかるとゾッとするマンガ－意味怖謎解き都市伝説怪談ゲーム－,TT,IARC,16+,https://ja.wikipedia.org/wiki/Nintendo_Switch%E3%81%AE%E3%82%B2%E3%83%BC%E3%83%A0%E3%82%BF%E3%82%A4%E3%83%88%E3%83%AB%E4%B8%80%E8%A6%A7_%282023%E5%B9%B4%29
2023-09-14,限界色彩感覚テスト hard－アートな教養脳トレ常識IQチェック－,TT,IARC,3+,https://ja.wikipedia.org/wiki/Nintendo_Switch%E3%81%AE%E3%82%B2%E3%83%BC%E3%83%A0%E3%82%BF%E3%82%A4%E3%83%88%E3%83%AB%E4%B8%80%E8%A6%A7_%282023%E5%B9%B4%29
2023-09-14,ハラキリゲイシャガールズ!,フロンティアワークス,IARC,7+,https://ja.wikipedia.org/wiki/Nintendo_Switch%E3%81%AE%E3%82%B2%E3%83%BC%E3%83%A0%E3%82%BF%E3%82%A4%E3%83%88%E3%83%AB%E4%B8%80%E8%A6%A7_%282023%E5%B9%B4%29
2023-09-14,ラブラブスクールデイズ,わくわくゲームズ,IARC,12+,https://ja.wikipedia.org/wiki/Nintendo_Switch%E3%81%AE%E3%82%B2%E3%83%BC%E3%83%A0%E3%82%BF%E3%82%A4%E3%83%88%E3%83%AB%E4%B8%80%E8%A6%A7_%282023%E5%B9%B4%29
2023-09-15,Solar Ash,Annapurna Interactive,CERO,B,https://ja.wikipedia.org/wiki/Nintendo_Switch%E3%81%AE%E3%82%B2%E3%83%BC%E3%83%A0%E3%82%BF%E3%82%A4%E3%83%88%E3%83%AB%E4%B8%80%E8%A6%A7_%282023%E5%B9%B4%29
2023-09-15,Horizon Chase 2,Epic Games,IARC,3+,https://ja.wikipedia.org/wiki/Nintendo_Switch%E3%81%AE%E3%82%B2%E3%83%BC%E3%83%A0%E3%82%BF%E3%82%A4%E3%83%88%E3%83%AB%E4%B8%80%E8%A6%A7_%282023%E5%B9%B4%29
2023-09-15,TROUPE,GAME NACIONAL,IARC,12+,https://ja.wikipedia.org/wiki/Nintendo_Switch%E3%81%AE%E3%82%B2%E3%83%BC%E3%83%A0%E3%82%BF%E3%82%A4%E3%83%88%E3%83%AB%E4%B8%80%E8%A6%A7_%282023%E5%B9%B4%29
2023-09-15,サクラ・MMO エクストラ 〜新たなる挑戦〜,Gamuzumi,IARC,16+,https://ja.wikipedia.org/wiki/Nintendo_Switch%E3%81%AE%E3%82%B2%E3%83%BC%E3%83%A0%E3%82%BF%E3%82%A4%E3%83%88%E3%83%AB%E4%B8%80%E8%A6%A7_%282023%E5%B9%B4%29
2023-09-15,Trombone Champ,Holy Wow Studios,IARC,3+,https://ja.wikipedia.org/wiki/Nintendo_Switch%E3%81%AE%E3%82%B2%E3%83%BC%E3%83%A0%E3%82%BF%E3%82%A4%E3%83%88%E3%83%AB%E4%B8%80%E8%A6%A7_%282023%E5%B9%B4%29
2023-09-15,AK-xolotl,Playstack,IARC,12+,https://ja.wikipedia.org/wiki/Nintendo_Switch%E3%81%AE%E3%82%B2%E3%83%BC%E3%83%A0%E3%82%BF%E3%82%A4%E3%83%88%E3%83%AB%E4%B8%80%E8%A6%A7_%282023%E5%B9%B4%29
2023-09-15,異世界輪舞 〜御社も異世界もブラックなのでここから先はホワイトライフを目指します!〜,ケムコ,CERO,B,https://ja.wikipedia.org/wiki/Nintendo_Switch%E3%81%AE%E3%82%B2%E3%83%BC%E3%83%A0%E3%82%BF%E3%82%A4%E3%83%88%E3%83%AB%E4%B8%80%E8%A6%A7_%282023%E5%B9%B4%29
2023-09-15,Super Brawl Rush,ラタライカゲームス,IARC,16+,https://ja.wikipedia.org/wiki/Nintendo_Switch%E3%81%AE%E3%82%B2%E3%83%BC%E3%83%A0%E3%82%BF%E3%82%A4%E3%83%88%E3%83%AB%E4%B8%80%E8%A6%A7_%282023%E5%B9%B4%29
2023-09-15,F-ZERO 99,任天堂,CERO,A,https://ja.wikipedia.org/wiki/Nintendo_Switch%E3%81%AE%E3%82%B2%E3%83%BC%E3%83%A0%E3%82%BF%E3%82%A4%E3%83%88%E3%83%AB%E4%B8%80%E8%A6%A7_%282023%E5%B9%B4%29
2023-09-19,薔薇と椿 〜お豪華絢爛版〜,PLAYISM,IARC,16+,https://ja.wikipedia.org/wiki/Nintendo_Switch%E3%81%AE%E3%82%B2%E3%83%BC%E3%83%A0%E3%82%BF%E3%82%A4%E3%83%88%E3%83%AB%E4%B8%80%E8%A6%A7_%282023%E5%B9%B4%29
2023-09-19,ペルシャと魔法の迷宮塔 〜アラビアンニャイト編〜,ビサイド,IARC,7+,https://ja.wikipedia.org/wiki/Nintendo_Switch%E3%81%AE%E3%82%B2%E3%83%BC%E3%83%A0%E3%82%BF%E3%82%A4%E3%83%88%E3%83%AB%E4%B8%80%E8%A6%A7_%282023%E5%B9%B4%29
2023-09-20,Rayland 2,eastasiasoft,IARC,3+,https://ja.wikipedia.org/wiki/Nintendo_Switch%E3%81%AE%E3%82%B2%E3%83%BC%E3%83%A0%E3%82%BF%E3%82%A4%E3%83%88%E3%83%AB%E4%B8%80%E8%A6%A7_%282023%E5%B9%B4%29
2023-09-21,Days of Doom,Atari,IARC,7+,https://ja.wikipedia.org/wiki/Nintendo_Switch%E3%81%AE%E3%82%B2%E3%83%BC%E3%83%A0%E3%82%BF%E3%82%A4%E3%83%88%E3%83%AB%E4%B8%80%E8%A6%A7_%282023%E5%B9%B4%29
2023-09-21,Bro Falls DELUXE,Boros Bros,IARC,3+,https://ja.wikipedia.org/wiki/Nintendo_Switch%E3%81%AE%E3%82%B2%E3%83%BC%E3%83%A0%E3%82%BF%E3%82%A4%E3%83%88%E3%83%AB%E4%B8%80%E8%A6%A7_%282023%E5%B9%B4%29
2023-09-21,スーパーハンドの大冒険!,Devm Games,IARC,7+,https://ja.wikipedia.org/wiki/Nintendo_Switch%E3%81%AE%E3%82%B2%E3%83%BC%E3%83%A0%E3%82%BF%E3%82%A4%E3%83%88%E3%83%AB%E4%B8%80%E8%A6%A7_%282023%E5%B9%B4%29
2023-09-21,Kind Heart Defenders,DX Gameworks,IARC,3+,https://ja.wikipedia.org/wiki/Nintendo_Switch%E3%81%AE%E3%82%B2%E3%83%BC%E3%83%A0%E3%82%BF%E3%82%A4%E3%83%88%E3%83%AB%E4%B8%80%E8%A6%A7_%282023%E5%B9%B4%29
2023-09-21,Evil Wizard,E-Home,IARC,12+,https://ja.wikipedia.org/wiki/Nintendo_Switch%E3%81%AE%E3%82%B2%E3%83%BC%E3%83%A0%E3%82%BF%E3%82%A4%E3%83%88%E3%83%AB%E4%B8%80%E8%A6%A7_%282023%E5%B9%B4%29
2023-09-21,Alchemy Garden,eastasiasoft,IARC,3+,https://ja.wikipedia.org/wiki/Nintendo_Switch%E3%81%AE%E3%82%B2%E3%83%BC%E3%83%A0%E3%82%BF%E3%82%A4%E3%83%88%E3%83%AB%E4%B8%80%E8%A6%A7_%282023%E5%B9%B4%29
2023-09-21,アニメクエスト ミスティックメイデンズ,EpiXR Games,IARC,12+,https://ja.wikipedia.org/wiki/Nintendo_Switch%E3%81%AE%E3%82%B2%E3%83%BC%E3%83%A0%E3%82%BF%E3%82%A4%E3%83%88%E3%83%AB%E4%B8%80%E8%A6%A7_%282023%E5%B9%B4%29
2023-09-21,シュガータンクス,EpiXR Games,IARC,3+,https://ja.wikipedia.org/wiki/Nintendo_Switch%E3%81%AE%E3%82%B2%E3%83%BC%E3%83%A0%E3%82%BF%E3%82%A4%E3%83%88%E3%83%AB%E4%B8%80%E8%A6%A7_%282023%E5%B9%B4%29
2023-09-21,Warriors of the Nile 〜太陽の勇士〜 2,Gamera Games,IARC,7+,https://ja.wikipedia.org/wiki/Nintendo_Switch%E3%81%AE%E3%82%B2%E3%83%BC%E3%83%A0%E3%82%BF%E3%82%A4%E3%83%88%E3%83%AB%E4%B8%80%E8%A6%A7_%282023%E5%B9%B4%29
2023-09-21,Galaxy Battle,Gametry,IARC,7+,https://ja.wikipedia.org/wiki/Nintendo_Switch%E3%81%AE%E3%82%B2%E3%83%BC%E3%83%A0%E3%82%BF%E3%82%A4%E3%83%88%E3%83%AB%E4%B8%80%E8%A6%A7_%282023%E5%B9%B4%29
2023-09-21,サクラ・フォックス・アドベンチャー,Gamuzumi,IARC,16+,https://ja.wikipedia.org/wiki/Nintendo_Switch%E3%81%AE%E3%82%B2%E3%83%BC%E3%83%A0%E3%82%BF%E3%82%A4%E3%83%88%E3%83%AB%E4%B8%80%E8%A6%A7_%282023%E5%B9%B4%29
2023-09-21,The Crisis Zone,Halva Studio,IARC,7+,https://ja.wikipedia.org/wiki/Nintendo_Switch%E3%81%AE%E3%82%B2%E3%83%BC%E3%83%A0%E3%82%BF%E3%82%A4%E3%83%88%E3%83%AB%E4%B8%80%E8%A6%A7_%282023%E5%B9%B4%29
2023-09-21,ALTF4,HIKE,IARC,16+,https://ja.wikipedia.org/wiki/Nintendo_Switch%E3%81%AE%E3%82%B2%E3%83%BC%E3%83%A0%E3%82%BF%E3%82%A4%E3%83%88%E3%83%AB%E4%B8%80%E8%A6%A7_%282023%E5%B9%B4%29
2023-09-21,ちがうのどーれだ?－1か所間違い探しで脳トレ脳活アハ活ひらめきパズル－,MASK,IARC,3+,https://ja.wikipedia.org/wiki/Nintendo_Switch%E3%81%AE%E3%82%B2%E3%83%BC%E3%83%A0%E3%82%BF%E3%82%A4%E3%83%88%E3%83%AB%E4%B8%80%E8%A6%A7_%282023%E5%B9%B4%29
2023-09-21,マーダーワークブック－証拠を集めて犯人を探せ!探偵謎解き推理ミステリー－,MASK,IARC,12+,https://ja.wikipedia.org/wiki/Nintendo_Switch%E3%81%AE%E3%82%B2%E3%83%BC%E3%83%A0%E3%82%BF%E3%82%A4%E3%83%88%E3%83%AB%E4%B8%80%E8%A6%A7_%282023%E5%B9%B4%29
2023-09-21,何に見える?診断－心理が読める脳活だまし絵おもしろ性格テスト－,MASK,IARC,3+,https://ja.wikipedia.org/wiki/Nintendo_Switch%E3%81%AE%E3%82%B2%E3%83%BC%E3%83%A0%E3%82%BF%E3%82%A4%E3%83%88%E3%83%AB%E4%B8%80%E8%A6%A7_%282023%E5%B9%B4%29
2023-09-21,マジック・ドーナツ・アドベンチャー ライン・マッチ・スリー・パズル,Megame,IARC,3+,https://ja.wikipedia.org/wiki/Nintendo_Switch%E3%81%AE%E3%82%B2%E3%83%BC%E3%83%A0%E3%82%BF%E3%82%A4%E3%83%88%E3%83%AB%E4%B8%80%E8%A6%A7_%282023%E5%B9%B4%29
2023-09-21,Cry Babies Magic Tears: The Big Game,Merge Games,IARC,3+,https://ja.wikipedia.org/wiki/Nintendo_Switch%E3%81%AE%E3%82%B2%E3%83%BC%E3%83%A0%E3%82%BF%E3%82%A4%E3%83%88%E3%83%AB%E4%B8%80%E8%A6%A7_%282023%E5%B9%B4%29
2023-09-21,Fresh Start,Merge Games,IARC,3+,https://ja.wikipedia.org/wiki/Nintendo_Switch%E3%81%AE%E3%82%B2%E3%83%BC%E3%83%A0%E3%82%BF%E3%82%A4%E3%83%88%E3%83%AB%E4%B8%80%E8%A6%A7_%282023%E5%B9%B4%29
2023-09-21,Operation Wolf Returns: First Mission,Microids,IARC,12+,https://ja.wikipedia.org/wiki/Nintendo_Switch%E3%81%AE%E3%82%B2%E3%83%BC%E3%83%A0%E3%82%BF%E3%82%A4%E3%83%88%E3%83%AB%E4%B8%80%E8%A6%A7_%282023%E5%B9%B4%29
2023-09-21,ペーパーマン:冒険の配達,Mindscape,IARC,3+,https://ja.wikipedia.org/wiki/Nintendo_Switch%E3%81%AE%E3%82%B2%E3%83%BC%E3%83%A0%E3%82%BF%E3%82%A4%E3%83%88%E3%83%AB%E4%B8%80%E8%A6%A7_%282023%E5%B9%B4%29
2023-09-21,Crimson Song,Nejcraft,IARC,16+,https://ja.wikipedia.org/wiki/Nintendo_Switch%E3%81%AE%E3%82%B2%E3%83%BC%E3%83%A0%E3%82%BF%E3%82%A4%E3%83%88%E3%83%AB%E4%B8%80%E8%A6%A7_%282023%E5%B9%B4%29
2023-09-21,廃深2,qureate,CERO,D,https://ja.wikipedia.org/wiki/Nintendo_Switch%E3%81%AE%E3%82%B2%E3%83%BC%E3%83%A0%E3%82%BF%E3%82%A4%E3%83%88%E3%83%AB%E4%B8%80%E8%A6%A7_%282023%E5%B9%B4%29
2023-09-21,お姫様バブル話,RuWaMo Games,IARC,3+,https://ja.wikipedia.org/wiki/Nintendo_Switch%E3%81%AE%E3%82%B2%E3%83%BC%E3%83%A0%E3%82%BF%E3%82%A4%E3%83%88%E3%83%AB%E4%B8%80%E8%A6%A7_%282023%E5%B9%B4%29
2023-09-21,台北大空襲 Raid on Taihoku,SOFTSTAR ENTERTAINMENT,IARC,3+,https://ja.wikipedia.org/wiki/Nintendo_Switch%E3%81%AE%E3%82%B2%E3%83%BC%E3%83%A0%E3%82%BF%E3%82%A4%E3%83%88%E3%83%AB%E4%B8%80%E8%A6%A7_%282023%E5%B9%B4%29
2023-09-21,Earthshine,Sometimes You,IARC,3+,https://ja.wikipedia.org/wiki/Nintendo_Switch%E3%81%AE%E3%82%B2%E3%83%BC%E3%83%A0%E3%82%BF%E3%82%A4%E3%83%88%E3%83%AB%E4%B8%80%E8%A6%A7_%282023%E5%B9%B4%29
2023-09-21,Pan-Dimensional Conga Combat,Thalamus Digital,IARC,3+,https://ja.wikipedia.org/wiki/Nintendo_Switch%E3%81%AE%E3%82%B2%E3%83%BC%E3%83%A0%E3%82%BF%E3%82%A4%E3%83%88%E3%83%AB%E4%B8%80%E8%A6%A7_%282023%E5%B9%B4%29
2023-09-21,△とXのナゾトキ －パズルでかんたん脳トレひらめきクイズ－,TT,IARC,3+,https://ja.wikipedia.org/wiki/Nintendo_Switch%E3%81%AE%E3%82%B2%E3%83%BC%E3%83%A0%E3%82%BF%E3%82%A4%E3%83%88%E3%83%AB%E4%B8%80%E8%A6%A7_%282023%E5%B9%B4%29
2023-09-21,Fragment's Note2+,ウルクスヘブン,IARC,16+,https://ja.wikipedia.org/wiki/Nintendo_Switch%E3%81%AE%E3%82%B2%E3%83%BC%E3%83%A0%E3%82%BF%E3%82%A4%E3%83%88%E3%83%AB%E4%B8%80%E8%A6%A7_%282023%E5%B9%B4%29
2023-09-21,おためし契約彼女 -Probationary Girlfriend-,サイバーステップ,IARC,16+,https://ja.wikipedia.org/wiki/Nintendo_Switch%E3%81%AE%E3%82%B2%E3%83%BC%E3%83%A0%E3%82%BF%E3%82%A4%E3%83%88%E3%83%AB%E4%B8%80%E8%A6%A7_%282023%E5%B9%B4%29
2023-09-21,ハッピーパパサポート!〜Sugar Daddy Support〜,サイバーステップ,IARC,16+,https://ja.wikipedia.org/wiki/Nintendo_Switch%E3%81%AE%E3%82%B2%E3%83%BC%E3%83%A0%E3%82%BF%E3%82%A4%E3%83%88%E3%83%AB%E4%B8%80%E8%A6%A7_%282023%E5%B9%B4%29
2023-09-21,ファイナルエクセリオン,シティコネクション,IARC,3+,https://ja.wikipedia.org/wiki/Nintendo_Switch%E3%81%AE%E3%82%B2%E3%83%BC%E3%83%A0%E3%82%BF%E3%82%A4%E3%83%88%E3%83%AB%E4%B8%80%E8%A6%A7_%282023%E5%B9%B4%29
2023-09-21,チクタクパペット,テンカイゲームズ,IARC,7+,https://ja.wikipedia.org/wiki/Nintendo_Switch%E3%81%AE%E3%82%B2%E3%83%BC%E3%83%A0%E3%82%BF%E3%82%A4%E3%83%88%E3%83%AB%E4%B8%80%E8%A6%A7_%282023%E5%B9%B4%29
2023-09-21,Dogfight:ソーセージボンバー空中戦,ハイブリッド・スクアード,IARC,3+,https://ja.wikipedia.org/wiki/Nintendo_Switch%E3%81%AE%E3%82%B2%E3%83%BC%E3%83%A0%E3%82%BF%E3%82%A4%E3%83%88%E3%83%AB%E4%B8%80%E8%A6%A7_%282023%E5%B9%B4%29
2023-09-22,Shuyan Saga,ESDigital Games,IARC,12+,https://ja.wikipedia.org/wiki/Nintendo_Switch%E3%81%AE%E3%82%B2%E3%83%BC%E3%83%A0%E3%82%BF%E3%82%A4%E3%83%88%E3%83%AB%E4%B8%80%E8%A6%A7_%282023%E5%B9%B4%29
2023-09-22,改造町人シュビビンマン2 -新たなる敵-,Shinyuden,IARC,7+,https://ja.wikipedia.org/wiki/Nintendo_Switch%E3%81%AE%E3%82%B2%E3%83%BC%E3%83%A0%E3%82%BF%E3%82%A4%E3%83%88%E3%83%AB%E4%B8%80%E8%A6%A7_%282023%E5%B9%B4%29
2023-09-23,スーパー桃太郎電鉄,KONAMI,CERO,A,https://ja.wikipedia.org/wiki/Nintendo_Switch%E3%81%AE%E3%82%B2%E3%83%BC%E3%83%A0%E3%82%BF%E3%82%A4%E3%83%88%E3%83%AB%E4%B8%80%E8%A6%A7_%282023%E5%B9%B4%29
2023-09-25,ロボダンク,Jollypunch Games,IARC,3+,https://ja.wikipedia.org/wiki/Nintendo_Switch%E3%81%AE%E3%82%B2%E3%83%BC%E3%83%A0%E3%82%BF%E3%82%A4%E3%83%88%E3%83%AB%E4%B8%80%E8%A6%A7_%282023%E5%B9%B4%29
2023-09-26,ミネコのナイトマーケット,Humble Games,IARC,3+,https://ja.wikipedia.org/wiki/Nintendo_Switch%E3%81%AE%E3%82%B2%E3%83%BC%E3%83%A0%E3%82%BF%E3%82%A4%E3%83%88%E3%83%AB%E4%B8%80%E8%A6%A7_%282023%E5%B9%B4%29
2023-09-26,Paleo Pines,Maximum Games,IARC,3+,https://ja.wikipedia.org/wiki/Nintendo_Switch%E3%81%AE%E3%82%B2%E3%83%BC%E3%83%A0%E3%82%BF%E3%82%A4%E3%83%88%E3%83%AB%E4%B8%80%E8%A6%A7_%282023%E5%B9%B4%29
2023-09-27,Abomi Nation,DANGEN Entertainment,IARC,3+,https://ja.wikipedia.org/wiki/Nintendo_Switch%E3%81%AE%E3%82%B2%E3%83%BC%E3%83%A0%E3%82%BF%E3%82%A4%E3%83%88%E3%83%AB%E4%B8%80%E8%A6%A7_%282023%E5%B9%B4%29
2023-09-28,クマ吉の爆誕☆破壊神,AlignmentSharp,IARC,7+,https://ja.wikipedia.org/wiki/Nintendo_Switch%E3%81%AE%E3%82%B2%E3%83%BC%E3%83%A0%E3%82%BF%E3%82%A4%E3%83%88%E3%83%AB%E4%B8%80%E8%A6%A7_%282023%E5%B9%B4%29
2023-09-28,Fall of Porcupine,Assemble Entertainment,IARC,7+,https://ja.wikipedia.org/wiki/Nintendo_Switch%E3%81%AE%E3%82%B2%E3%83%BC%E3%83%A0%E3%82%BF%E3%82%A4%E3%83%88%E3%83%AB%E4%B8%80%E8%A6%A7_%282023%E5%B9%B4%29
2023-09-28,Firefighting Simulator - The Squad,Astragon,CERO,B,https://ja.wikipedia.org/wiki/Nintendo_Switch%E3%81%AE%E3%82%B2%E3%83%BC%E3%83%A0%E3%82%BF%E3%82%A4%E3%83%88%E3%83%AB%E4%B8%80%E8%A6%A7_%282023%E5%B9%B4%29
2023-09-28,30XX,Batterystaple,IARC,7+,https://ja.wikipedia.org/wiki/Nintendo_Switch%E3%81%AE%E3%82%B2%E3%83%BC%E3%83%A0%E3%82%BF%E3%82%A4%E3%83%88%E3%83%AB%E4%B8%80%E8%A6%A7_%282023%E5%B9%B4%29
2023-09-28,WFO World Football Online,Brain Connected,IARC,3+,https://ja.wikipedia.org/wiki/Nintendo_Switch%E3%81%AE%E3%82%B2%E3%83%BC%E3%83%A0%E3%82%BF%E3%82%A4%E3%83%88%E3%83%AB%E4%B8%80%E8%A6%A7_%282023%E5%B9%B4%29
2023-09-28,Before The Night,CFK,CERO,C,https://ja.wikipedia.org/wiki/Nintendo_Switch%E3%81%AE%E3%82%B2%E3%83%BC%E3%83%A0%E3%82%BF%E3%82%A4%E3%83%88%E3%83%AB%E4%B8%80%E8%A6%A7_%282023%E5%B9%B4%29
2023-09-28,Suicide Guy: The Lost Dreams,ChubbyPixel,IARC,7+,https://ja.wikipedia.org/wiki/Nintendo_Switch%E3%81%AE%E3%82%B2%E3%83%BC%E3%83%A0%E3%82%BF%E3%82%A4%E3%83%88%E3%83%AB%E4%B8%80%E8%A6%A7_%282023%E5%B9%B4%29
2023-09-28,CyberTD,Clockwork Origins,IARC,7+,https://ja.wikipedia.org/wiki/Nintendo_Switch%E3%81%AE%E3%82%B2%E3%83%BC%E3%83%A0%E3%82%BF%E3%82%A4%E3%83%88%E3%83%AB%E4%B8%80%E8%A6%A7_%282023%E5%B9%B4%29
2023-09-28,ヴァンパイア:ザ・マスカレード スワンソング,DMM GAMES/EXNOA,CERO,Z,https://ja.wikipedia.org/wiki/Nintendo_Switch%E3%81%AE%E3%82%B2%E3%83%BC%E3%83%A0%E3%82%BF%E3%82%A4%E3%83%88%E3%83%AB%E4%B8%80%E8%A6%A7_%282023%E5%B9%B4%29
2023-09-28,Betomis,eastasiasoft,IARC,3+,https://ja.wikipedia.org/wiki/Nintendo_Switch%E3%81%AE%E3%82%B2%E3%83%BC%E3%83%A0%E3%82%BF%E3%82%A4%E3%83%88%E3%83%AB%E4%B8%80%E8%A6%A7_%282023%E5%B9%B4%29
2023-09-28,アニメポリパズル 未来の女の子,EpiXR Games,IARC,12+,https://ja.wikipedia.org/wiki/Nintendo_Switch%E3%81%AE%E3%82%B2%E3%83%BC%E3%83%A0%E3%82%BF%E3%82%A4%E3%83%88%E3%83%AB%E4%B8%80%E8%A6%A7_%282023%E5%B9%B4%29
2023-09-28,ボーティータンクス,EpiXR Games,IARC,3+,https://ja.wikipedia.org/wiki/Nintendo_Switch%E3%81%AE%E3%82%B2%E3%83%BC%E3%83%A0%E3%82%BF%E3%82%A4%E3%83%88%E3%83%AB%E4%B8%80%E8%A6%A7_%282023%E5%B9%B4%29
2023-09-28,Afterdream,Feardemic,IARC,12+,https://ja.wikipedia.org/wiki/Nintendo_Switch%E3%81%AE%E3%82%B2%E3%83%BC%E3%83%A0%E3%82%BF%E3%82%A4%E3%83%88%E3%83%AB%E4%B8%80%E8%A6%A7_%282023%E5%B9%B4%29
2023-09-28,Sentry City,Flynn's Arcade,IARC,7+,https://ja.wikipedia.org/wiki/Nintendo_Switch%E3%81%AE%E3%82%B2%E3%83%BC%E3%83%A0%E3%82%BF%E3%82%A4%E3%83%88%E3%83%AB%E4%B8%80%E8%A6%A7_%282023%E5%B9%B4%29
2023-09-28,Detail Detective,Gametry,IARC,3+,https://ja.wikipedia.org/wiki/Nintendo_Switch%E3%81%AE%E3%82%B2%E3%83%BC%E3%83%A0%E3%82%BF%E3%82%A4%E3%83%88%E3%83%AB%E4%B8%80%E8%A6%A7_%282023%E5%B9%B4%29
2023-09-28,Dungeons and Goblins,Gametry,IARC,7+,https://ja.wikipedia.org/wiki/Nintendo_Switch%E3%81%AE%E3%82%B2%E3%83%BC%E3%83%A0%E3%82%BF%E3%82%A4%E3%83%88%E3%83%AB%E4%B8%80%E8%A6%A7_%282023%E5%B9%B4%29
2023-09-28,Ty the Tasmanian Tiger,Krome Studios,IARC,3+,https://ja.wikipedia.org/wiki/Nintendo_Switch%E3%81%AE%E3%82%B2%E3%83%BC%E3%83%A0%E3%82%BF%E3%82%A4%E3%83%88%E3%83%AB%E4%B8%80%E8%A6%A7_%282023%E5%B9%B4%29
2023-09-28,アート強盗 - エスケープルームアドベンチャー,M9 Games,IARC,7+,https://ja.wikipedia.org/wiki/Nintendo_Switch%E3%81%AE%E3%82%B2%E3%83%BC%E3%83%A0%E3%82%BF%E3%82%A4%E3%83%88%E3%83%AB%E4%B8%80%E8%A6%A7_%282023%E5%B9%B4%29
2023-09-28,○×常識力検定－ホント?ウソ?2択でかんたん雑学教養豆知識学習クイズ－,MASK,IARC,3+,https://ja.wikipedia.org/wiki/Nintendo_Switch%E3%81%AE%E3%82%B2%E3%83%BC%E3%83%A0%E3%82%BF%E3%82%A4%E3%83%88%E3%83%AB%E4%B8%80%E8%A6%A7_%282023%E5%B9%B4%29
2023-09-28,1分見るだけ! 名画で記憶力テスト－アートで脳トレ!脳活アハ活教養美術ゲーム－,MASK,IARC,3+,https://ja.wikipedia.org/wiki/Nintendo_Switch%E3%81%AE%E3%82%B2%E3%83%BC%E3%83%A0%E3%82%BF%E3%82%A4%E3%83%88%E3%83%AB%E4%B8%80%E8%A6%A7_%282023%E5%B9%B4%29
2023-09-28,フェアリー・アフターライト,マスティフ (企業),IARC,12+,https://ja.wikipedia.org/wiki/Nintendo_Switch%E3%81%AE%E3%82%B2%E3%83%BC%E3%83%A0%E3%82%BF%E3%82%A4%E3%83%88%E3%83%AB%E4%B8%80%E8%A6%A7_%282023%E5%B9%B4%29
2023-09-28,ドルフィンスピリット:海のミッション,Microids,IARC,3+,https://ja.wikipedia.org/wiki/Nintendo_Switch%E3%81%AE%E3%82%B2%E3%83%BC%E3%83%A0%E3%82%BF%E3%82%A4%E3%83%88%E3%83%AB%E4%B8%80%E8%A6%A7_%282023%E5%B9%B4%29
2023-09-28,Hilm,pbp,IARC,3+,https://ja.wikipedia.org/wiki/Nintendo_Switch%E3%81%AE%E3%82%B2%E3%83%BC%E3%83%A0%E3%82%BF%E3%82%A4%E3%83%88%E3%83%AB%E4%B8%80%E8%A6%A7_%282023%E5%B9%B4%29
2023-09-28,Ancient Mahjong,Pix Arts,IARC,3+,https://ja.wikipedia.org/wiki/Nintendo_Switch%E3%81%AE%E3%82%B2%E3%83%BC%E3%83%A0%E3%82%BF%E3%82%A4%E3%83%88%E3%83%AB%E4%B8%80%E8%A6%A7_%282023%E5%B9%B4%29
2023-09-28,Digitris,Pix Arts,IARC,3+,https://ja.wikipedia.org/wiki/Nintendo_Switch%E3%81%AE%E3%82%B2%E3%83%BC%E3%83%A0%E3%82%BF%E3%82%A4%E3%83%88%E3%83%AB%E4%B8%80%E8%A6%A7_%282023%E5%B9%B4%29
2023-09-28,Hidden Gems: Volume One,Pixel Games UK,IARC,7+,https://ja.wikipedia.org/wiki/Nintendo_Switch%E3%81%AE%E3%82%B2%E3%83%BC%E3%83%A0%E3%82%BF%E3%82%A4%E3%83%88%E3%83%AB%E4%B8%80%E8%A6%A7_%282023%E5%B9%B4%29
2023-09-28,Chipmonk!,QUByte Interactive,IARC,7+,https://ja.wikipedia.org/wiki/Nintendo_Switch%E3%81%AE%E3%82%B2%E3%83%BC%E3%83%A0%E3%82%BF%E3%82%A4%E3%83%88%E3%83%AB%E4%B8%80%E8%A6%A7_%282023%E5%B9%B4%29
2023-09-28,Tetropunk,RandomSpin Games,IARC,3+,https://ja.wikipedia.org/wiki/Nintendo_Switch%E3%81%AE%E3%82%B2%E3%83%BC%E3%83%A0%E3%82%BF%E3%82%A4%E3%83%88%E3%83%AB%E4%B8%80%E8%A6%A7_%282023%E5%B9%B4%29
2023-09-28,Pizza Possum,Raw Fury,IARC,3+,https://ja.wikipedia.org/wiki/Nintendo_Switch%E3%81%AE%E3%82%B2%E3%83%BC%E3%83%A0%E3%82%BF%E3%82%A4%E3%83%88%E3%83%AB%E4%B8%80%E8%A6%A7_%282023%E5%B9%B4%29
2023-09-28,ディフレクター,RedDeerGames,IARC,7+,https://ja.wikipedia.org/wiki/Nintendo_Switch%E3%81%AE%E3%82%B2%E3%83%BC%E3%83%A0%E3%82%BF%E3%82%A4%E3%83%88%E3%83%AB%E4%B8%80%E8%A6%A7_%282023%E5%B9%B4%29
2023-09-28,CounterAttack: Uprising,Relative Games,IARC,7+,https://ja.wikipedia.org/wiki/Nintendo_Switch%E3%81%AE%E3%82%B2%E3%83%BC%E3%83%A0%E3%82%BF%E3%82%A4%E3%83%88%E3%83%AB%E4%B8%80%E8%A6%A7_%282023%E5%B9%B4%29
2023-09-28,Indoor Kickball,Snow Day Software,IARC,3+,https://ja.wikipedia.org/wiki/Nintendo_Switch%E3%81%AE%E3%82%B2%E3%83%BC%E3%83%A0%E3%82%BF%E3%82%A4%E3%83%88%E3%83%AB%E4%B8%80%E8%A6%A7_%282023%E5%B9%B4%29
2023-09-28,バトルシー,Soroka Games,IARC,3+,https://ja.wikipedia.org/wiki/Nintendo_Switch%E3%81%AE%E3%82%B2%E3%83%BC%E3%83%A0%E3%82%BF%E3%82%A4%E3%83%88%E3%83%AB%E4%B8%80%E8%A6%A7_%282023%E5%B9%B4%29
2023-09-28,Easy Japanesey,Thalamus Digital,IARC,3+,https://ja.wikipedia.org/wiki/Nintendo_Switch%E3%81%AE%E3%82%B2%E3%83%BC%E3%83%A0%E3%82%BF%E3%82%A4%E3%83%88%E3%83%AB%E4%B8%80%E8%A6%A7_%282023%E5%B9%B4%29
2023-09-28,Easy Japanesey 2,不明,"","",https://ja.wikipedia.org/wiki/Nintendo_Switch%E3%81%AE%E3%82%B2%E3%83%BC%E3%83%A0%E3%82%BF%E3%82%A4%E3%83%88%E3%83%AB%E4%B8%80%E8%A6%A7_%282023%E5%B9%B4%29
2023-09-28,Easy Japanesey 3,不明,"","",https://ja.wikipedia.org/wiki/Nintendo_Switch%E3%81%AE%E3%82%B2%E3%83%BC%E3%83%A0%E3%82%BF%E3%82%A4%E3%83%88%E3%83%AB%E4%B8%80%E8%A6%A7_%282023%E5%B9%B4%29
2023-09-28,Retro Kart Rush,TuanisApps,IARC,7+,https://ja.wikipedia.org/wiki/Nintendo_Switch%E3%81%AE%E3%82%B2%E3%83%BC%E3%83%A0%E3%82%BF%E3%82%A4%E3%83%88%E3%83%AB%E4%B8%80%E8%A6%A7_%282023%E5%B9%B4%29
2023-09-28,フリークの森,Wildbus Studio,IARC,16+,https://ja.wikipedia.org/wiki/Nintendo_Switch%E3%81%AE%E3%82%B2%E3%83%BC%E3%83%A0%E3%82%BF%E3%82%A4%E3%83%88%E3%83%AB%E4%B8%80%E8%A6%A7_%282023%E5%B9%B4%29
2023-09-28,ホーンテッドゾンビ スローター 2,トローゼ,IARC,16+,https://ja.wikipedia.org/wiki/Nintendo_Switch%E3%81%AE%E3%82%B2%E3%83%BC%E3%83%A0%E3%82%BF%E3%82%A4%E3%83%88%E3%83%AB%E4%B8%80%E8%A6%A7_%282023%E5%B9%B4%29
2023-09-28,僕のヒーローアカデミア ULTRA RUMBLE,バンダイナムコエンターテインメント,CERO,B,https://ja.wikipedia.org/wiki/Nintendo_Switch%E3%81%AE%E3%82%B2%E3%83%BC%E3%83%A0%E3%82%BF%E3%82%A4%E3%83%88%E3%83%AB%E4%B8%80%E8%A6%A7_%282023%E5%B9%B4%29
2023-09-28,ANGEL WHISPER〜あるゲーム作家が遺したサスペンスアドベンチャー,マメクジラ,IARC,7+,https://ja.wikipedia.org/wiki/Nintendo_Switch%E3%81%AE%E3%82%B2%E3%83%BC%E3%83%A0%E3%82%BF%E3%82%A4%E3%83%88%E3%83%AB%E4%B8%80%E8%A6%A7_%282023%E5%B9%B4%29
2023-09-30,COCOON,Annapurna Interactive,CERO,A,https://ja.wikipedia.org/wiki/Nintendo_Switch%E3%81%AE%E3%82%B2%E3%83%BC%E3%83%A0%E3%82%BF%E3%82%A4%E3%83%88%E3%83%AB%E4%B8%80%E8%A6%A7_%282023%E5%B9%B4%29
2023-10-05,プチシール物語 (A Tiny Sticker Tale),Ogre Pixel,IARC,3+,https://ja.wikipedia.org/wiki/Nintendo_Switch%E3%81%AE%E3%82%B2%E3%83%BC%E3%83%A0%E3%82%BF%E3%82%A4%E3%83%88%E3%83%AB%E4%B8%80%E8%A6%A7_%282023%E5%B9%B4%29
2023-10-05,Tough Law,Cledman Games,IARC,7+,https://ja.wikipedia.org/wiki/Nintendo_Switch%E3%81%AE%E3%82%B2%E3%83%BC%E3%83%A0%E3%82%BF%E3%82%A4%E3%83%88%E3%83%AB%E4%B8%80%E8%A6%A7_%282023%E5%B9%B4%29
2023-10-05,ザ・ミーニング・オブ・ドリームズ,Cooking & Publishing,IARC,3+,https://ja.wikipedia.org/wiki/Nintendo_Switch%E3%81%AE%E3%82%B2%E3%83%BC%E3%83%A0%E3%82%BF%E3%82%A4%E3%83%88%E3%83%AB%E4%B8%80%E8%A6%A7_%282023%E5%B9%B4%29
2023-10-05,ダーク・アメリカン・ホラー・ストーリー,Cooking & Publishing,IARC,7+,https://ja.wikipedia.org/wiki/Nintendo_Switch%E3%81%AE%E3%82%B2%E3%83%BC%E3%83%A0%E3%82%BF%E3%82%A4%E3%83%88%E3%83%AB%E4%B8%80%E8%A6%A7_%282023%E5%B9%B4%29
2023-10-05,BlackJack Waifu Tour,eastasiasoft,CERO,C,https://ja.wikipedia.org/wiki/Nintendo_Switch%E3%81%AE%E3%82%B2%E3%83%BC%E3%83%A0%E3%82%BF%E3%82%A4%E3%83%88%E3%83%AB%E4%B8%80%E8%A6%A7_%282023%E5%B9%B4%29
2023-10-05,Diorama Dungeoncrawl - Master of the Living Castle,eastasiasoft,IARC,3+,https://ja.wikipedia.org/wiki/Nintendo_Switch%E3%81%AE%E3%82%B2%E3%83%BC%E3%83%A0%E3%82%BF%E3%82%A4%E3%83%88%E3%83%AB%E4%B8%80%E8%A6%A7_%282023%E5%B9%B4%29
2023-10-05,Lord of the Click: Interstellar Wars,ESDigital Games,IARC,7+,https://ja.wikipedia.org/wiki/Nintendo_Switch%E3%81%AE%E3%82%B2%E3%83%BC%E3%83%A0%E3%82%BF%E3%82%A4%E3%83%88%E3%83%AB%E4%B8%80%E8%A6%A7_%282023%E5%B9%B4%29
2023-10-05,フロントミッション セカンド:リメイク,Forever Entertainment,IARC,12+,https://ja.wikipedia.org/wiki/Nintendo_Switch%E3%81%AE%E3%82%B2%E3%83%BC%E3%83%A0%E3%82%BF%E3%82%A4%E3%83%88%E3%83%AB%E4%B8%80%E8%A6%A7_%282023%E5%B9%B4%29
2023-10-05,BLACK WITCHCRAFT,HIKE,IARC,12+,https://ja.wikipedia.org/wiki/Nintendo_Switch%E3%81%AE%E3%82%B2%E3%83%BC%E3%83%A0%E3%82%BF%E3%82%A4%E3%83%88%E3%83%AB%E4%B8%80%E8%A6%A7_%282023%E5%B9%B4%29
2023-10-05,サンシャインマナー,Hound Picked Games,IARC,16+,https://ja.wikipedia.org/wiki/Nintendo_Switch%E3%81%AE%E3%82%B2%E3%83%BC%E3%83%A0%E3%82%BF%E3%82%A4%E3%83%88%E3%83%AB%E4%B8%80%E8%A6%A7_%282023%E5%B9%B4%29
2023-10-05,まちがいさがし大捜査線－脳を鍛える犯人追跡謎解き探偵推理パズル－,MASK,IARC,12+,https://ja.wikipedia.org/wiki/Nintendo_Switch%E3%81%AE%E3%82%B2%E3%83%BC%E3%83%A0%E3%82%BF%E3%82%A4%E3%83%88%E3%83%AB%E4%B8%80%E8%A6%A7_%282023%E5%B9%B4%29
2023-10-05,Halloween Games for Toddlers and Babies,McPeppergames,IARC,3+,https://ja.wikipedia.org/wiki/Nintendo_Switch%E3%81%AE%E3%82%B2%E3%83%BC%E3%83%A0%E3%82%BF%E3%82%A4%E3%83%88%E3%83%AB%E4%B8%80%E8%A6%A7_%282023%E5%B9%B4%29
2023-10-05,Shy Cats Hidden Orchestra,Mens Sana Interactive,IARC,3+,https://ja.wikipedia.org/wiki/Nintendo_Switch%E3%81%AE%E3%82%B2%E3%83%BC%E3%83%A0%E3%82%BF%E3%82%A4%E3%83%88%E3%83%AB%E4%B8%80%E8%A6%A7_%282023%E5%B9%B4%29
2023-10-05,The Sisters 2 - Road to Fame,Microids,IARC,7+,https://ja.wikipedia.org/wiki/Nintendo_Switch%E3%81%AE%E3%82%B2%E3%83%BC%E3%83%A0%E3%82%BF%E3%82%A4%E3%83%88%E3%83%AB%E4%B8%80%E8%A6%A7_%282023%E5%B9%B4%29
2023-10-05,サバイバー - キャストアウェイ・アイランド,Microids,IARC,3+,https://ja.wikipedia.org/wiki/Nintendo_Switch%E3%81%AE%E3%82%B2%E3%83%BC%E3%83%A0%E3%82%BF%E3%82%A4%E3%83%88%E3%83%AB%E4%B8%80%E8%A6%A7_%282023%E5%B9%B4%29
2023-10-05,Asterix & Obelix: Heroes,Nacon,IARC,7+,https://ja.wikipedia.org/wiki/Nintendo_Switch%E3%81%AE%E3%82%B2%E3%83%BC%E3%83%A0%E3%82%BF%E3%82%A4%E3%83%88%E3%83%AB%E4%B8%80%E8%A6%A7_%282023%E5%B9%B4%29
2023-10-05,Park Racer,Pix Arts,IARC,3+,https://ja.wikipedia.org/wiki/Nintendo_Switch%E3%81%AE%E3%82%B2%E3%83%BC%E3%83%A0%E3%82%BF%E3%82%A4%E3%83%88%E3%83%AB%E4%B8%80%E8%A6%A7_%282023%E5%B9%B4%29
2023-10-05,フリーキートリップ,RedDeerGames,IARC,7+,https://ja.wikipedia.org/wiki/Nintendo_Switch%E3%81%AE%E3%82%B2%E3%83%BC%E3%83%A0%E3%82%BF%E3%82%A4%E3%83%88%E3%83%AB%E4%B8%80%E8%A6%A7_%282023%E5%B9%B4%29
2023-10-05,My Little Universe,SayGames,IARC,7+,https://ja.wikipedia.org/wiki/Nintendo_Switch%E3%81%AE%E3%82%B2%E3%83%BC%E3%83%A0%E3%82%BF%E3%82%A4%E3%83%88%E3%83%AB%E4%B8%80%E8%A6%A7_%282023%E5%B9%B4%29
2023-10-05,サプフライデリバリーシミュレーター,SOURCE BYTE,IARC,3+,https://ja.wikipedia.org/wiki/Nintendo_Switch%E3%81%AE%E3%82%B2%E3%83%BC%E3%83%A0%E3%82%BF%E3%82%A4%E3%83%88%E3%83%AB%E4%B8%80%E8%A6%A7_%282023%E5%B9%B4%29
2023-10-05,schleich Puzzles FARM WORLD,Wild River Games,IARC,3+,https://ja.wikipedia.org/wiki/Nintendo_Switch%E3%81%AE%E3%82%B2%E3%83%BC%E3%83%A0%E3%82%BF%E3%82%A4%E3%83%88%E3%83%AB%E4%B8%80%E8%A6%A7_%282023%E5%B9%B4%29
2023-10-05,艶が〜る 〜維新の裏の恋模様〜,オペラハウス,IARC,7+,https://ja.wikipedia.org/wiki/Nintendo_Switch%E3%81%AE%E3%82%B2%E3%83%BC%E3%83%A0%E3%82%BF%E3%82%A4%E3%83%88%E3%83%AB%E4%B8%80%E8%A6%A7_%282023%E5%B9%B4%29
2023-10-05,喫茶ブレンド物語,カイロソフト,IARC,3+,https://ja.wikipedia.org/wiki/Nintendo_Switch%E3%81%AE%E3%82%B2%E3%83%BC%E3%83%A0%E3%82%BF%E3%82%A4%E3%83%88%E3%83%AB%E4%B8%80%E8%A6%A7_%282023%E5%B9%B4%29
2023-10-05,ダライアス EXTRA Ver.,タイトー,CERO,A,https://ja.wikipedia.org/wiki/Nintendo_Switch%E3%81%AE%E3%82%B2%E3%83%BC%E3%83%A0%E3%82%BF%E3%82%A4%E3%83%88%E3%83%AB%E4%B8%80%E8%A6%A7_%282023%E5%B9%B4%29
2023-10-05,THE DARK PICTURES,バンダイナムコエンターテインメント,CERO,D,https://ja.wikipedia.org/wiki/Nintendo_Switch%E3%81%AE%E3%82%B2%E3%83%BC%E3%83%A0%E3%82%BF%E3%82%A4%E3%83%88%E3%83%AB%E4%B8%80%E8%A6%A7_%282023%E5%B9%B4%29
2023-10-06,ボーダーランズ3 アルティメット・エディション,テイクツー・インタラクティブ・ジャパン,CERO,Z,https://ja.wikipedia.org/wiki/Nintendo_Switch%E3%81%AE%E3%82%B2%E3%83%BC%E3%83%A0%E3%82%BF%E3%82%A4%E3%83%88%E3%83%AB%E4%B8%80%E8%A6%A7_%282023%E5%B9%B4%29
2023-10-12,NOISZ re://COLLECTION G,Anarch Entertainment,IARC,12+,https://ja.wikipedia.org/wiki/Nintendo_Switch%E3%81%AE%E3%82%B2%E3%83%BC%E3%83%A0%E3%82%BF%E3%82%A4%E3%83%88%E3%83%AB%E4%B8%80%E8%A6%A7_%282023%E5%B9%B4%29
2023-10-12,Eventide 3: 伝説の遺産,Artifex Mundi,IARC,7+,https://ja.wikipedia.org/wiki/Nintendo_Switch%E3%81%AE%E3%82%B2%E3%83%BC%E3%83%A0%E3%82%BF%E3%82%A4%E3%83%88%E3%83%AB%E4%B8%80%E8%A6%A7_%282023%E5%B9%B4%29
2023-10-12,Haunted House,Atari,IARC,7+,https://ja.wikipedia.org/wiki/Nintendo_Switch%E3%81%AE%E3%82%B2%E3%83%BC%E3%83%A0%E3%82%BF%E3%82%A4%E3%83%88%E3%83%AB%E4%B8%80%E8%A6%A7_%282023%E5%B9%B4%29
2023-10-12,あにまるす - すみかとおどろき,Cooking & Publishing,IARC,3+,https://ja.wikipedia.org/wiki/Nintendo_Switch%E3%81%AE%E3%82%B2%E3%83%BC%E3%83%A0%E3%82%BF%E3%82%A4%E3%83%88%E3%83%AB%E4%B8%80%E8%A6%A7_%282023%E5%B9%B4%29
2023-10-12,Saltsea Chronicles,Die Gute Fabrik,IARC,7+,https://ja.wikipedia.org/wiki/Nintendo_Switch%E3%81%AE%E3%82%B2%E3%83%BC%E3%83%A0%E3%82%BF%E3%82%A4%E3%83%88%E3%83%AB%E4%B8%80%E8%A6%A7_%282023%E5%B9%B4%29
2023-10-12,RedRaptor,eastasiasoft,IARC,7+,https://ja.wikipedia.org/wiki/Nintendo_Switch%E3%81%AE%E3%82%B2%E3%83%BC%E3%83%A0%E3%82%BF%E3%82%A4%E3%83%88%E3%83%AB%E4%B8%80%E8%A6%A7_%282023%E5%B9%B4%29
2023-10-12,Company of Heroes Collection,Feral Interactive,IARC,16+,https://ja.wikipedia.org/wiki/Nintendo_Switch%E3%81%AE%E3%82%B2%E3%83%BC%E3%83%A0%E3%82%BF%E3%82%A4%E3%83%88%E3%83%AB%E4%B8%80%E8%A6%A7_%282023%E5%B9%B4%29
2023-10-12,Kittengumi: The Sakabato's Thief,GammeraNest,IARC,3+,https://ja.wikipedia.org/wiki/Nintendo_Switch%E3%81%AE%E3%82%B2%E3%83%BC%E3%83%A0%E3%82%BF%E3%82%A4%E3%83%88%E3%83%AB%E4%B8%80%E8%A6%A7_%282023%E5%B9%B4%29
2023-10-12,古代遺跡 - エジプト,Green Sauce Games,IARC,3+,https://ja.wikipedia.org/wiki/Nintendo_Switch%E3%81%AE%E3%82%B2%E3%83%BC%E3%83%A0%E3%82%BF%E3%82%A4%E3%83%88%E3%83%AB%E4%B8%80%E8%A6%A7_%282023%E5%B9%B4%29
2023-10-12,ドワブ 〜鍛冶屋のこびっちょ〜,Half Human Games,IARC,7+,https://ja.wikipedia.org/wiki/Nintendo_Switch%E3%81%AE%E3%82%B2%E3%83%BC%E3%83%A0%E3%82%BF%E3%82%A4%E3%83%88%E3%83%AB%E4%B8%80%E8%A6%A7_%282023%E5%B9%B4%29
2023-10-12,Brutalism22,Marginalact,IARC,12+,https://ja.wikipedia.org/wiki/Nintendo_Switch%E3%81%AE%E3%82%B2%E3%83%BC%E3%83%A0%E3%82%BF%E3%82%A4%E3%83%88%E3%83%AB%E4%B8%80%E8%A6%A7_%282023%E5%B9%B4%29
2023-10-12,禁断の心霊写真－霊視スマホで見つけ出せ!謎解き都市伝説怪談ホラーゲーム－,MASK,IARC,12+,https://ja.wikipedia.org/wiki/Nintendo_Switch%E3%81%AE%E3%82%B2%E3%83%BC%E3%83%A0%E3%82%BF%E3%82%A4%E3%83%88%E3%83%AB%E4%B8%80%E8%A6%A7_%282023%E5%B9%B4%29
2023-10-12,転生異世界RPGからの脱出－ニートの勇者が世界を救う!?脱出謎解きアドベンチャー－,MASK,IARC,12+,https://ja.wikipedia.org/wiki/Nintendo_Switch%E3%81%AE%E3%82%B2%E3%83%BC%E3%83%A0%E3%82%BF%E3%82%A4%E3%83%88%E3%83%AB%E4%B8%80%E8%A6%A7_%282023%E5%B9%B4%29
2023-10-12,ブレーク・ザ・グラース・カップ ブレーキング・フィジクス・パズル,Megame,IARC,3+,https://ja.wikipedia.org/wiki/Nintendo_Switch%E3%81%AE%E3%82%B2%E3%83%BC%E3%83%A0%E3%82%BF%E3%82%A4%E3%83%88%E3%83%AB%E4%B8%80%E8%A6%A7_%282023%E5%B9%B4%29
2023-10-12,イーハー!きょうりゅうぼくじょう - 大救出作戦,Microids,IARC,3+,https://ja.wikipedia.org/wiki/Nintendo_Switch%E3%81%AE%E3%82%B2%E3%83%BC%E3%83%A0%E3%82%BF%E3%82%A4%E3%83%88%E3%83%AB%E4%B8%80%E8%A6%A7_%282023%E5%B9%B4%29
2023-10-12,Survival Quiz CITY おまつり編,Phoenixx,CERO,A,https://ja.wikipedia.org/wiki/Nintendo_Switch%E3%81%AE%E3%82%B2%E3%83%BC%E3%83%A0%E3%82%BF%E3%82%A4%E3%83%88%E3%83%AB%E4%B8%80%E8%A6%A7_%282023%E5%B9%B4%29
2023-10-12,アステブロス,PixelHeart,IARC,7+,https://ja.wikipedia.org/wiki/Nintendo_Switch%E3%81%AE%E3%82%B2%E3%83%BC%E3%83%A0%E3%82%BF%E3%82%A4%E3%83%88%E3%83%AB%E4%B8%80%E8%A6%A7_%282023%E5%B9%B4%29
2023-10-12,弾丸ロデオ,RedDeerGames,IARC,16+,https://ja.wikipedia.org/wiki/Nintendo_Switch%E3%81%AE%E3%82%B2%E3%83%BC%E3%83%A0%E3%82%BF%E3%82%A4%E3%83%88%E3%83%AB%E4%B8%80%E8%A6%A7_%282023%E5%B9%B4%29
2023-10-12,Paint It,Soroka Games,IARC,3+,https://ja.wikipedia.org/wiki/Nintendo_Switch%E3%81%AE%E3%82%B2%E3%83%BC%E3%83%A0%E3%82%BF%E3%82%A4%E3%83%88%E3%83%AB%E4%B8%80%E8%A6%A7_%282023%E5%B9%B4%29
2023-10-12,滴るあの娘 〜Drenched Girls〜,サイバーステップ,IARC,16+,https://ja.wikipedia.org/wiki/Nintendo_Switch%E3%81%AE%E3%82%B2%E3%83%BC%E3%83%A0%E3%82%BF%E3%82%A4%E3%83%88%E3%83%AB%E4%B8%80%E8%A6%A7_%282023%E5%B9%B4%29
2023-10-12,デジプラコレクション まるごと鉄道!ミニ 〜JR東日本編〜,ジー・モード,IARC,3+,https://ja.wikipedia.org/wiki/Nintendo_Switch%E3%81%AE%E3%82%B2%E3%83%BC%E3%83%A0%E3%82%BF%E3%82%A4%E3%83%88%E3%83%AB%E4%B8%80%E8%A6%A7_%282023%E5%B9%B4%29
2023-10-12,レジェンドオブシャドウ マスクオブザフォース,トローゼ,IARC,7+,https://ja.wikipedia.org/wiki/Nintendo_Switch%E3%81%AE%E3%82%B2%E3%83%BC%E3%83%A0%E3%82%BF%E3%82%A4%E3%83%88%E3%83%AB%E4%B8%80%E8%A6%A7_%282023%E5%B9%B4%29
2023-10-13,サクラ・エイリアン1 〜宇宙からの来訪者〜,Gamuzumi,IARC,16+,https://ja.wikipedia.org/wiki/Nintendo_Switch%E3%81%AE%E3%82%B2%E3%83%BC%E3%83%A0%E3%82%BF%E3%82%A4%E3%83%88%E3%83%AB%E4%B8%80%E8%A6%A7_%282023%E5%B9%B4%29
2023-10-13,アルファディアI&II,ケムコ,CERO,B,https://ja.wikipedia.org/wiki/Nintendo_Switch%E3%81%AE%E3%82%B2%E3%83%BC%E3%83%A0%E3%82%BF%E3%82%A4%E3%83%88%E3%83%AB%E4%B8%80%E8%A6%A7_%282023%E5%B9%B4%29
2023-10-17,Kingdom (ゲーム),Raw Fury,IARC,7+,https://ja.wikipedia.org/wiki/Nintendo_Switch%E3%81%AE%E3%82%B2%E3%83%BC%E3%83%A0%E3%82%BF%E3%82%A4%E3%83%88%E3%83%AB%E4%B8%80%E8%A6%A7_%282023%E5%B9%B4%29
2023-10-17,A Boy and His Blob: Retro Collection,Ziggurat,IARC,7+,https://ja.wikipedia.org/wiki/Nintendo_Switch%E3%81%AE%E3%82%B2%E3%83%BC%E3%83%A0%E3%82%BF%E3%82%A4%E3%83%88%E3%83%AB%E4%B8%80%E8%A6%A7_%282023%E5%B9%B4%29
2023-10-18,Kona (ゲーム),Plaion,IARC,16+,https://ja.wikipedia.org/wiki/Nintendo_Switch%E3%81%AE%E3%82%B2%E3%83%BC%E3%83%A0%E3%82%BF%E3%82%A4%E3%83%88%E3%83%AB%E4%B8%80%E8%A6%A7_%282023%E5%B9%B4%29
2023-10-19,Hentai Tales Vol. 1: Hitomi and Strange Forest,17Studio,IARC,12+,https://ja.wikipedia.org/wiki/Nintendo_Switch%E3%81%AE%E3%82%B2%E3%83%BC%E3%83%A0%E3%82%BF%E3%82%A4%E3%83%88%E3%83%AB%E4%B8%80%E8%A6%A7_%282023%E5%B9%B4%29
2023-10-19,Soviet Project,17Studio,IARC,16+,https://ja.wikipedia.org/wiki/Nintendo_Switch%E3%81%AE%E3%82%B2%E3%83%BC%E3%83%A0%E3%82%BF%E3%82%A4%E3%83%88%E3%83%AB%E4%B8%80%E8%A6%A7_%282023%E5%B9%B4%29
2023-10-19,Druidwalker - ドルイドウォーカー,AbsoDev,IARC,3+,https://ja.wikipedia.org/wiki/Nintendo_Switch%E3%81%AE%E3%82%B2%E3%83%BC%E3%83%A0%E3%82%BF%E3%82%A4%E3%83%88%E3%83%AB%E4%B8%80%E8%A6%A7_%282023%E5%B9%B4%29
2023-10-19,おもちゃ箱パズル,Bearded Ants,IARC,3+,https://ja.wikipedia.org/wiki/Nintendo_Switch%E3%81%AE%E3%82%B2%E3%83%BC%E3%83%A0%E3%82%BF%E3%82%A4%E3%83%88%E3%83%AB%E4%B8%80%E8%A6%A7_%282023%E5%B9%B4%29
2023-10-19,暖雪 (Warm Snow),Bilibili HK,IARC,16+,https://ja.wikipedia.org/wiki/Nintendo_Switch%E3%81%AE%E3%82%B2%E3%83%BC%E3%83%A0%E3%82%BF%E3%82%A4%E3%83%88%E3%83%AB%E4%B8%80%E8%A6%A7_%282023%E5%B9%B4%29
2023-10-19,Ball laB II,eastasiasoft,IARC,3+,https://ja.wikipedia.org/wiki/Nintendo_Switch%E3%81%AE%E3%82%B2%E3%83%BC%E3%83%A0%E3%82%BF%E3%82%A4%E3%83%88%E3%83%AB%E4%B8%80%E8%A6%A7_%282023%E5%B9%B4%29
2023-10-19,ビッシュ・バッシュ・ボット,Firestoke,IARC,7+,https://ja.wikipedia.org/wiki/Nintendo_Switch%E3%81%AE%E3%82%B2%E3%83%BC%E3%83%A0%E3%82%BF%E3%82%A4%E3%83%88%E3%83%AB%E4%B8%80%E8%A6%A7_%282023%E5%B9%B4%29
2023-10-19,Mail Time,Freedom Games,IARC,3+,https://ja.wikipedia.org/wiki/Nintendo_Switch%E3%81%AE%E3%82%B2%E3%83%BC%E3%83%A0%E3%82%BF%E3%82%A4%E3%83%88%E3%83%AB%E4%B8%80%E8%A6%A7_%282023%E5%B9%B4%29
2023-10-19,Favela Zombie Shooter,Halva Studio,IARC,12+,https://ja.wikipedia.org/wiki/Nintendo_Switch%E3%81%AE%E3%82%B2%E3%83%BC%E3%83%A0%E3%82%BF%E3%82%A4%E3%83%88%E3%83%AB%E4%B8%80%E8%A6%A7_%282023%E5%B9%B4%29
2023-10-19,スーパーアルティメットファイターズ,HUNTERS,IARC,12+,https://ja.wikipedia.org/wiki/Nintendo_Switch%E3%81%AE%E3%82%B2%E3%83%BC%E3%83%A0%E3%82%BF%E3%82%A4%E3%83%88%E3%83%AB%E4%B8%80%E8%A6%A7_%282023%E5%B9%B4%29
2023-10-19,Need for Spirit Drink & Drive Simulator,INSTAMARKETINGANDGAME,IARC,3+,https://ja.wikipedia.org/wiki/Nintendo_Switch%E3%81%AE%E3%82%B2%E3%83%BC%E3%83%A0%E3%82%BF%E3%82%A4%E3%83%88%E3%83%AB%E4%B8%80%E8%A6%A7_%282023%E5%B9%B4%29
2023-10-19,はっけん! おしごとなーんだ?－こども向けはじめてものしり学習知育クイズ－,MASK,IARC,3+,https://ja.wikipedia.org/wiki/Nintendo_Switch%E3%81%AE%E3%82%B2%E3%83%BC%E3%83%A0%E3%82%BF%E3%82%A4%E3%83%88%E3%83%AB%E4%B8%80%E8%A6%A7_%282023%E5%B9%B4%29
2023-10-19,もっとひろがる! 小学生のうちに覚えたい英単語－身につく差がつく幼児向け英語学習教養クイズ－,MASK,IARC,3+,https://ja.wikipedia.org/wiki/Nintendo_Switch%E3%81%AE%E3%82%B2%E3%83%BC%E3%83%A0%E3%82%BF%E3%82%A4%E3%83%88%E3%83%AB%E4%B8%80%E8%A6%A7_%282023%E5%B9%B4%29
2023-10-19,怪異輪廻からの脱出－脳トレ×脱出ゲーム!脳活謎解き推理サスペンス－,MASK,IARC,12+,https://ja.wikipedia.org/wiki/Nintendo_Switch%E3%81%AE%E3%82%B2%E3%83%BC%E3%83%A0%E3%82%BF%E3%82%A4%E3%83%88%E3%83%AB%E4%B8%80%E8%A6%A7_%282023%E5%B9%B4%29
2023-10-19,恐怖の脳トレ－心霊画像でアハ活脳活間違い探しホラーゲーム－,MASK,IARC,12+,https://ja.wikipedia.org/wiki/Nintendo_Switch%E3%81%AE%E3%82%B2%E3%83%BC%E3%83%A0%E3%82%BF%E3%82%A4%E3%83%88%E3%83%AB%E4%B8%80%E8%A6%A7_%282023%E5%B9%B4%29
2023-10-19,厨二編 漢字でどう書くの?－読める例文つき選ばれし者のための学習教養勉強パズル－,MASK,IARC,3+,https://ja.wikipedia.org/wiki/Nintendo_Switch%E3%81%AE%E3%82%B2%E3%83%BC%E3%83%A0%E3%82%BF%E3%82%A4%E3%83%88%E3%83%AB%E4%B8%80%E8%A6%A7_%282023%E5%B9%B4%29
2023-10-19,フーズボール・リーグ・カップ アーケード・テーブル・フットボール・シミュレーター,Megame,IARC,3+,https://ja.wikipedia.org/wiki/Nintendo_Switch%E3%81%AE%E3%82%B2%E3%83%BC%E3%83%A0%E3%82%BF%E3%82%A4%E3%83%88%E3%83%AB%E4%B8%80%E8%A6%A7_%282023%E5%B9%B4%29
2023-10-19,Animal Hospital,Nacon,IARC,3+,https://ja.wikipedia.org/wiki/Nintendo_Switch%E3%81%AE%E3%82%B2%E3%83%BC%E3%83%A0%E3%82%BF%E3%82%A4%E3%83%88%E3%83%AB%E4%B8%80%E8%A6%A7_%282023%E5%B9%B4%29
2023-10-19,Spirit of the Island,Plug In Digital,IARC,7+,https://ja.wikipedia.org/wiki/Nintendo_Switch%E3%81%AE%E3%82%B2%E3%83%BC%E3%83%A0%E3%82%BF%E3%82%A4%E3%83%88%E3%83%AB%E4%B8%80%E8%A6%A7_%282023%E5%B9%B4%29
2023-10-19,Jujubos,QUByte Interactive,IARC,3+,https://ja.wikipedia.org/wiki/Nintendo_Switch%E3%81%AE%E3%82%B2%E3%83%BC%E3%83%A0%E3%82%BF%E3%82%A4%E3%83%88%E3%83%AB%E4%B8%80%E8%A6%A7_%282023%E5%B9%B4%29
2023-10-19,お庭のちっちゃいおともだち,RedDeerGames,IARC,3+,https://ja.wikipedia.org/wiki/Nintendo_Switch%E3%81%AE%E3%82%B2%E3%83%BC%E3%83%A0%E3%82%BF%E3%82%A4%E3%83%88%E3%83%AB%E4%B8%80%E8%A6%A7_%282023%E5%B9%B4%29
2023-10-19,和階堂真の事件簿 TRILOGY DELUXE,room6,IARC,12+,https://ja.wikipedia.org/wiki/Nintendo_Switch%E3%81%AE%E3%82%B2%E3%83%BC%E3%83%A0%E3%82%BF%E3%82%A4%E3%83%88%E3%83%AB%E4%B8%80%E8%A6%A7_%282023%E5%B9%B4%29
2023-10-19,バブルショットファーム,RuWaMo Games,IARC,3+,https://ja.wikipedia.org/wiki/Nintendo_Switch%E3%81%AE%E3%82%B2%E3%83%BC%E3%83%A0%E3%82%BF%E3%82%A4%E3%83%88%E3%83%AB%E4%B8%80%E8%A6%A7_%282023%E5%B9%B4%29
2023-10-19,Illuminaria,Selva Interactive,IARC,3+,https://ja.wikipedia.org/wiki/Nintendo_Switch%E3%81%AE%E3%82%B2%E3%83%BC%E3%83%A0%E3%82%BF%E3%82%A4%E3%83%88%E3%83%AB%E4%B8%80%E8%A6%A7_%282023%E5%B9%B4%29
2023-10-19,Hidden Cats in London,Silesia Games,IARC,3+,https://ja.wikipedia.org/wiki/Nintendo_Switch%E3%81%AE%E3%82%B2%E3%83%BC%E3%83%A0%E3%82%BF%E3%82%A4%E3%83%88%E3%83%AB%E4%B8%80%E8%A6%A7_%282023%E5%B9%B4%29
2023-10-19,XALADIA: Rise of the Space Pirates X2,アクワイア,IARC,3+,https://ja.wikipedia.org/wiki/Nintendo_Switch%E3%81%AE%E3%82%B2%E3%83%BC%E3%83%A0%E3%82%BF%E3%82%A4%E3%83%88%E3%83%AB%E4%B8%80%E8%A6%A7_%282023%E5%B9%B4%29
2023-10-19,鬼鎮村の危険な因襲 - Dangerous Village Tradition -,サイバーステップ,IARC,16+,https://ja.wikipedia.org/wiki/Nintendo_Switch%E3%81%AE%E3%82%B2%E3%83%BC%E3%83%A0%E3%82%BF%E3%82%A4%E3%83%88%E3%83%AB%E4%B8%80%E8%A6%A7_%282023%E5%B9%B4%29
2023-10-20,別世界の麻雀少女,eastasiasoft,IARC,12+,https://ja.wikipedia.org/wiki/Nintendo_Switch%E3%81%AE%E3%82%B2%E3%83%BC%E3%83%A0%E3%82%BF%E3%82%A4%E3%83%88%E3%83%AB%E4%B8%80%E8%A6%A7_%282023%E5%B9%B4%29
2023-10-20,Ghostbusters: Spirits Unleashed,IllFonic,IARC,12+,https://ja.wikipedia.org/wiki/Nintendo_Switch%E3%81%AE%E3%82%B2%E3%83%BC%E3%83%A0%E3%82%BF%E3%82%A4%E3%83%88%E3%83%AB%E4%B8%80%E8%A6%A7_%282023%E5%B9%B4%29
2023-10-20,NeonPowerUp!,ラタライカゲームス,IARC,7+,https://ja.wikipedia.org/wiki/Nintendo_Switch%E3%81%AE%E3%82%B2%E3%83%BC%E3%83%A0%E3%82%BF%E3%82%A4%E3%83%88%E3%83%AB%E4%B8%80%E8%A6%A7_%282023%E5%B9%B4%29
2023-10-26,ニャン蔵&クマ吉のフラワーガーデンを作ろう,AlignmentSharp,IARC,3+,https://ja.wikipedia.org/wiki/Nintendo_Switch%E3%81%AE%E3%82%B2%E3%83%BC%E3%83%A0%E3%82%BF%E3%82%A4%E3%83%88%E3%83%AB%E4%B8%80%E8%A6%A7_%282023%E5%B9%B4%29
2023-10-26,Barbie DreamHouse Adventures,Budge Studios,IARC,3+,https://ja.wikipedia.org/wiki/Nintendo_Switch%E3%81%AE%E3%82%B2%E3%83%BC%E3%83%A0%E3%82%BF%E3%82%A4%E3%83%88%E3%83%AB%E4%B8%80%E8%A6%A7_%282023%E5%B9%B4%29
2023-10-26,完璧な一日,Coconut Island Games,IARC,3+,https://ja.wikipedia.org/wiki/Nintendo_Switch%E3%81%AE%E3%82%B2%E3%83%BC%E3%83%A0%E3%82%BF%E3%82%A4%E3%83%88%E3%83%AB%E4%B8%80%E8%A6%A7_%282023%E5%B9%B4%29
2023-10-26,いろとそのいみ,Cooking & Publishing,IARC,3+,https://ja.wikipedia.org/wiki/Nintendo_Switch%E3%81%AE%E3%82%B2%E3%83%BC%E3%83%A0%E3%82%BF%E3%82%A4%E3%83%88%E3%83%AB%E4%B8%80%E8%A6%A7_%282023%E5%B9%B4%29
2023-10-26,ペイントボール3 - キャンディマッチファクトリー,Crazysoft,IARC,3+,https://ja.wikipedia.org/wiki/Nintendo_Switch%E3%81%AE%E3%82%B2%E3%83%BC%E3%83%A0%E3%82%BF%E3%82%A4%E3%83%88%E3%83%AB%E4%B8%80%E8%A6%A7_%282023%E5%B9%B4%29
2023-10-26,Hamster on Rails,DX Gameworks,IARC,3+,https://ja.wikipedia.org/wiki/Nintendo_Switch%E3%81%AE%E3%82%B2%E3%83%BC%E3%83%A0%E3%82%BF%E3%82%A4%E3%83%88%E3%83%AB%E4%B8%80%E8%A6%A7_%282023%E5%B9%B4%29
2023-10-26,Composer World,Dynamic Voltage Games,IARC,3+,https://ja.wikipedia.org/wiki/Nintendo_Switch%E3%81%AE%E3%82%B2%E3%83%BC%E3%83%A0%E3%82%BF%E3%82%A4%E3%83%88%E3%83%AB%E4%B8%80%E8%A6%A7_%282023%E5%B9%B4%29
2023-10-26,Swapshot,eastasiasoft,IARC,7+,https://ja.wikipedia.org/wiki/Nintendo_Switch%E3%81%AE%E3%82%B2%E3%83%BC%E3%83%A0%E3%82%BF%E3%82%A4%E3%83%88%E3%83%AB%E4%B8%80%E8%A6%A7_%282023%E5%B9%B4%29
2023-10-26,ペーパーダッシュゴーストハント,EpiXR Games,IARC,7+,https://ja.wikipedia.org/wiki/Nintendo_Switch%E3%81%AE%E3%82%B2%E3%83%BC%E3%83%A0%E3%82%BF%E3%82%A4%E3%83%88%E3%83%AB%E4%B8%80%E8%A6%A7_%282023%E5%B9%B4%29
2023-10-26,ホラーギャラリー,EpiXR Games,IARC,16+,https://ja.wikipedia.org/wiki/Nintendo_Switch%E3%81%AE%E3%82%B2%E3%83%BC%E3%83%A0%E3%82%BF%E3%82%A4%E3%83%88%E3%83%AB%E4%B8%80%E8%A6%A7_%282023%E5%B9%B4%29
2023-10-26,ホラーテールワン キドナパー2,EpiXR Games,IARC,16+,https://ja.wikipedia.org/wiki/Nintendo_Switch%E3%81%AE%E3%82%B2%E3%83%BC%E3%83%A0%E3%82%BF%E3%82%A4%E3%83%88%E3%83%AB%E4%B8%80%E8%A6%A7_%282023%E5%B9%B4%29
2023-10-26,Bus Simulator 2023: City Driver,GameToTop Corp.,IARC,3+,https://ja.wikipedia.org/wiki/Nintendo_Switch%E3%81%AE%E3%82%B2%E3%83%BC%E3%83%A0%E3%82%BF%E3%82%A4%E3%83%88%E3%83%AB%E4%B8%80%E8%A6%A7_%282023%E5%B9%B4%29
2023-10-26,Wetory,Gravity,IARC,3+,https://ja.wikipedia.org/wiki/Nintendo_Switch%E3%81%AE%E3%82%B2%E3%83%BC%E3%83%A0%E3%82%BF%E3%82%A4%E3%83%88%E3%83%AB%E4%B8%80%E8%A6%A7_%282023%E5%B9%B4%29
2023-10-26,ドリーム・オブ・ゲイシャ,Green Sauce Games,IARC,3+,https://ja.wikipedia.org/wiki/Nintendo_Switch%E3%81%AE%E3%82%B2%E3%83%BC%E3%83%A0%E3%82%BF%E3%82%A4%E3%83%88%E3%83%AB%E4%B8%80%E8%A6%A7_%282023%E5%B9%B4%29
2023-10-26,Black Book,HypeTrain Digital,IARC,12+,https://ja.wikipedia.org/wiki/Nintendo_Switch%E3%81%AE%E3%82%B2%E3%83%BC%E3%83%A0%E3%82%BF%E3%82%A4%E3%83%88%E3%83%AB%E4%B8%80%E8%A6%A7_%282023%E5%B9%B4%29
2023-10-26,ルミエルマグナ,Infinite Game,IARC,12+,https://ja.wikipedia.org/wiki/Nintendo_Switch%E3%81%AE%E3%82%B2%E3%83%BC%E3%83%A0%E3%82%BF%E3%82%A4%E3%83%88%E3%83%AB%E4%B8%80%E8%A6%A7_%282023%E5%B9%B4%29
2023-10-26,Varenje - Don't Touch The Berries,JoyBits,IARC,7+,https://ja.wikipedia.org/wiki/Nintendo_Switch%E3%81%AE%E3%82%B2%E3%83%BC%E3%83%A0%E3%82%BF%E3%82%A4%E3%83%88%E3%83%AB%E4%B8%80%E8%A6%A7_%282023%E5%B9%B4%29
2023-10-26,30 Sport Games in 1,Just For Games,IARC,3+,https://ja.wikipedia.org/wiki/Nintendo_Switch%E3%81%AE%E3%82%B2%E3%83%BC%E3%83%A0%E3%82%BF%E3%82%A4%E3%83%88%E3%83%AB%E4%B8%80%E8%A6%A7_%282023%E5%B9%B4%29
2023-10-26,Kraken Odyssey,Just For Games,IARC,3+,https://ja.wikipedia.org/wiki/Nintendo_Switch%E3%81%AE%E3%82%B2%E3%83%BC%E3%83%A0%E3%82%BF%E3%82%A4%E3%83%88%E3%83%AB%E4%B8%80%E8%A6%A7_%282023%E5%B9%B4%29
2023-10-26,WWII Tanks Battle - World War 2 Heroes Troopers Machines Sim,Midnight Works,IARC,7+,https://ja.wikipedia.org/wiki/Nintendo_Switch%E3%81%AE%E3%82%B2%E3%83%BC%E3%83%A0%E3%82%BF%E3%82%A4%E3%83%88%E3%83%AB%E4%B8%80%E8%A6%A7_%282023%E5%B9%B4%29
2023-10-26,Gordian Quest,Modus Games,IARC,12+,https://ja.wikipedia.org/wiki/Nintendo_Switch%E3%81%AE%E3%82%B2%E3%83%BC%E3%83%A0%E3%82%BF%E3%82%A4%E3%83%88%E3%83%AB%E4%B8%80%E8%A6%A7_%282023%E5%B9%B4%29
2023-10-26,Skábma - Snowfall,Plug In Digital,IARC,7+,https://ja.wikipedia.org/wiki/Nintendo_Switch%E3%81%AE%E3%82%B2%E3%83%BC%E3%83%A0%E3%82%BF%E3%82%A4%E3%83%88%E3%83%AB%E4%B8%80%E8%A6%A7_%282023%E5%B9%B4%29
2023-10-26,HELLO KITTYとなかまたち ハピネスパレード,Rogue Games,IARC,3+,https://ja.wikipedia.org/wiki/Nintendo_Switch%E3%81%AE%E3%82%B2%E3%83%BC%E3%83%A0%E3%82%BF%E3%82%A4%E3%83%88%E3%83%AB%E4%B8%80%E8%A6%A7_%282023%E5%B9%B4%29
2023-10-26,DESOLATIUM,Soedesco,IARC,16+,https://ja.wikipedia.org/wiki/Nintendo_Switch%E3%81%AE%E3%82%B2%E3%83%BC%E3%83%A0%E3%82%BF%E3%82%A4%E3%83%88%E3%83%AB%E4%B8%80%E8%A6%A7_%282023%E5%B9%B4%29
2023-10-26,Hero Survival,Sometimes You,IARC,3+,https://ja.wikipedia.org/wiki/Nintendo_Switch%E3%81%AE%E3%82%B2%E3%83%BC%E3%83%A0%E3%82%BF%E3%82%A4%E3%83%88%E3%83%AB%E4%B8%80%E8%A6%A7_%282023%E5%B9%B4%29
2023-10-26,選択の衝突:あなたはどちらを選びますか,SOURCE BYTE,IARC,3+,https://ja.wikipedia.org/wiki/Nintendo_Switch%E3%81%AE%E3%82%B2%E3%83%BC%E3%83%A0%E3%82%BF%E3%82%A4%E3%83%88%E3%83%AB%E4%B8%80%E8%A6%A7_%282023%E5%B9%B4%29
2023-10-26,Spin Rhythm XD,Super Spin Digital,IARC,7+,https://ja.wikipedia.org/wiki/Nintendo_Switch%E3%81%AE%E3%82%B2%E3%83%BC%E3%83%A0%E3%82%BF%E3%82%A4%E3%83%88%E3%83%AB%E4%B8%80%E8%A6%A7_%282023%E5%B9%B4%29
2023-10-26,Blasphemous,Team17,CERO,D,https://ja.wikipedia.org/wiki/Nintendo_Switch%E3%81%AE%E3%82%B2%E3%83%BC%E3%83%A0%E3%82%BF%E3%82%A4%E3%83%88%E3%83%AB%E4%B8%80%E8%A6%A7_%282023%E5%B9%B4%29
2023-10-26,Seaside Driving,Tendokore,IARC,3+,https://ja.wikipedia.org/wiki/Nintendo_Switch%E3%81%AE%E3%82%B2%E3%83%BC%E3%83%A0%E3%82%BF%E3%82%A4%E3%83%88%E3%83%AB%E4%B8%80%E8%A6%A7_%282023%E5%B9%B4%29
2023-10-26,Tappy Word,Thalamus Digital,IARC,3+,https://ja.wikipedia.org/wiki/Nintendo_Switch%E3%81%AE%E3%82%B2%E3%83%BC%E3%83%A0%E3%82%BF%E3%82%A4%E3%83%88%E3%83%AB%E4%B8%80%E8%A6%A7_%282023%E5%B9%B4%29
2023-10-26,Tappy Word 2,不明,"","",https://ja.wikipedia.org/wiki/Nintendo_Switch%E3%81%AE%E3%82%B2%E3%83%BC%E3%83%A0%E3%82%BF%E3%82%A4%E3%83%88%E3%83%AB%E4%B8%80%E8%A6%A7_%282023%E5%B9%B4%29
2023-10-26,Tappy Word 3,不明,"","",https://ja.wikipedia.org/wiki/Nintendo_Switch%E3%81%AE%E3%82%B2%E3%83%BC%E3%83%A0%E3%82%BF%E3%82%A4%E3%83%88%E3%83%AB%E4%B8%80%E8%A6%A7_%282023%E5%B9%B4%29
2023-10-26,Tappy Word Infinite,不明,"","",https://ja.wikipedia.org/wiki/Nintendo_Switch%E3%81%AE%E3%82%B2%E3%83%BC%E3%83%A0%E3%82%BF%E3%82%A4%E3%83%88%E3%83%AB%E4%B8%80%E8%A6%A7_%282023%E5%B9%B4%29
2023-10-26,Wet Steps,Valkyrie Initiative,IARC,12+,https://ja.wikipedia.org/wiki/Nintendo_Switch%E3%81%AE%E3%82%B2%E3%83%BC%E3%83%A0%E3%82%BF%E3%82%A4%E3%83%88%E3%83%AB%E4%B8%80%E8%A6%A7_%282023%E5%B9%B4%29
2023-10-26,DINOSAURS: Mission Dino Camp,Wild River Games,IARC,7+,https://ja.wikipedia.org/wiki/Nintendo_Switch%E3%81%AE%E3%82%B2%E3%83%BC%E3%83%A0%E3%82%BF%E3%82%A4%E3%83%88%E3%83%AB%E4%B8%80%E8%A6%A7_%282023%E5%B9%B4%29
2023-10-26,Omen of Sorrow,ウニコ,CERO,B,https://ja.wikipedia.org/wiki/Nintendo_Switch%E3%81%AE%E3%82%B2%E3%83%BC%E3%83%A0%E3%82%BF%E3%82%A4%E3%83%88%E3%83%AB%E4%B8%80%E8%A6%A7_%282023%E5%B9%B4%29
2023-10-26,アイドル麻雀 ファイナルロマンス4 Remaster,シティコネクション,CERO,D,https://ja.wikipedia.org/wiki/Nintendo_Switch%E3%81%AE%E3%82%B2%E3%83%BC%E3%83%A0%E3%82%BF%E3%82%A4%E3%83%88%E3%83%AB%E4%B8%80%E8%A6%A7_%282023%E5%B9%B4%29
2023-10-26,デイヴ・ザ・ダイバー,ネクソン,IARC,7+,https://ja.wikipedia.org/wiki/Nintendo_Switch%E3%81%AE%E3%82%B2%E3%83%BC%E3%83%A0%E3%82%BF%E3%82%A4%E3%83%88%E3%83%AB%E4%B8%80%E8%A6%A7_%282023%E5%B9%B4%29
2023-10-26,スライムの大いなる野望,フライハイワークス,IARC,12+,https://ja.wikipedia.org/wiki/Nintendo_Switch%E3%81%AE%E3%82%B2%E3%83%BC%E3%83%A0%E3%82%BF%E3%82%A4%E3%83%88%E3%83%AB%E4%B8%80%E8%A6%A7_%282023%E5%B9%B4%29
2023-10-26,even if TEMPEST 連なるときの暁,ボルテージ,IARC,16+,https://ja.wikipedia.org/wiki/Nintendo_Switch%E3%81%AE%E3%82%B2%E3%83%BC%E3%83%A0%E3%82%BF%E3%82%A4%E3%83%88%E3%83%AB%E4%B8%80%E8%A6%A7_%282023%E5%B9%B4%29
2023-10-26,SPACE STORESHIP,わくわくゲームズ,IARC,3+,https://ja.wikipedia.org/wiki/Nintendo_Switch%E3%81%AE%E3%82%B2%E3%83%BC%E3%83%A0%E3%82%BF%E3%82%A4%E3%83%88%E3%83%AB%E4%B8%80%E8%A6%A7_%282023%E5%B9%B4%29
2023-10-27,Alive Paint,eastasiasoft,IARC,3+,https://ja.wikipedia.org/wiki/Nintendo_Switch%E3%81%AE%E3%82%B2%E3%83%BC%E3%83%A0%E3%82%BF%E3%82%A4%E3%83%88%E3%83%AB%E4%B8%80%E8%A6%A7_%282023%E5%B9%B4%29
2023-10-27,トラック レース クライミング,Nerd Games,IARC,3+,https://ja.wikipedia.org/wiki/Nintendo_Switch%E3%81%AE%E3%82%B2%E3%83%BC%E3%83%A0%E3%82%BF%E3%82%A4%E3%83%88%E3%83%AB%E4%B8%80%E8%A6%A7_%282023%E5%B9%B4%29
2023-10-31,恋愛綺談 存在しない夏,Cyberisle,IARC,3+,https://ja.wikipedia.org/wiki/Nintendo_Switch%E3%81%AE%E3%82%B2%E3%83%BC%E3%83%A0%E3%82%BF%E3%82%A4%E3%83%88%E3%83%AB%E4%B8%80%E8%A6%A7_%282023%E5%B9%B4%29
2023-10-31,Headbangers: Rhythm Royale,Team17,IARC,7+,https://ja.wikipedia.org/wiki/Nintendo_Switch%E3%81%AE%E3%82%B2%E3%83%BC%E3%83%A0%E3%82%BF%E3%82%A4%E3%83%88%E3%83%AB%E4%B8%80%E8%A6%A7_%282023%E5%B9%B4%29
2023-11-01,Ninja or Die: Shadow of the Sun,マーベラス,IARC,7+,https://ja.wikipedia.org/wiki/Nintendo_Switch%E3%81%AE%E3%82%B2%E3%83%BC%E3%83%A0%E3%82%BF%E3%82%A4%E3%83%88%E3%83%AB%E4%B8%80%E8%A6%A7_%282023%E5%B9%B4%29
2023-11-02,RollerCoaster Tycoon Adventures Deluxe,Atari,CERO,A,https://ja.wikipedia.org/wiki/Nintendo_Switch%E3%81%AE%E3%82%B2%E3%83%BC%E3%83%A0%E3%82%BF%E3%82%A4%E3%83%88%E3%83%AB%E4%B8%80%E8%A6%A7_%282023%E5%B9%B4%29
2023-11-02,Garden In!,Bonus Stage Publishing,IARC,3+,https://ja.wikipedia.org/wiki/Nintendo_Switch%E3%81%AE%E3%82%B2%E3%83%BC%E3%83%A0%E3%82%BF%E3%82%A4%E3%83%88%E3%83%AB%E4%B8%80%E8%A6%A7_%282023%E5%B9%B4%29
2023-11-02,PAWfectly Designed,COMMANDO PANDA,IARC,3+,https://ja.wikipedia.org/wiki/Nintendo_Switch%E3%81%AE%E3%82%B2%E3%83%BC%E3%83%A0%E3%82%BF%E3%82%A4%E3%83%88%E3%83%AB%E4%B8%80%E8%A6%A7_%282023%E5%B9%B4%29
2023-11-02,Gargoyles (ゲーム),Disney Electronic Content,IARC,7+,https://ja.wikipedia.org/wiki/Nintendo_Switch%E3%81%AE%E3%82%B2%E3%83%BC%E3%83%A0%E3%82%BF%E3%82%A4%E3%83%88%E3%83%AB%E4%B8%80%E8%A6%A7_%282023%E5%B9%B4%29
2023-11-02,Alpha Particle,eastasiasoft,IARC,7+,https://ja.wikipedia.org/wiki/Nintendo_Switch%E3%81%AE%E3%82%B2%E3%83%BC%E3%83%A0%E3%82%BF%E3%82%A4%E3%83%88%E3%83%AB%E4%B8%80%E8%A6%A7_%282023%E5%B9%B4%29
2023-11-02,チキンジャーニー,loonyware,IARC,3+,https://ja.wikipedia.org/wiki/Nintendo_Switch%E3%81%AE%E3%82%B2%E3%83%BC%E3%83%A0%E3%82%BF%E3%82%A4%E3%83%88%E3%83%AB%E4%B8%80%E8%A6%A7_%282023%E5%B9%B4%29
2023-11-02,くるくるパズル 世界史B－ならべてかんたん世界史学習雑学教養勉強ゲーム－,MASK,IARC,3+,https://ja.wikipedia.org/wiki/Nintendo_Switch%E3%81%AE%E3%82%B2%E3%83%BC%E3%83%A0%E3%82%BF%E3%82%A4%E3%83%88%E3%83%AB%E4%B8%80%E8%A6%A7_%282023%E5%B9%B4%29
2023-11-02,迷子の子猫ちゃん－このネコどこだ?癒やしの脳トレ脳活アハ活イラスト探し－,MASK,IARC,3+,https://ja.wikipedia.org/wiki/Nintendo_Switch%E3%81%AE%E3%82%B2%E3%83%BC%E3%83%A0%E3%82%BF%E3%82%A4%E3%83%88%E3%83%AB%E4%B8%80%E8%A6%A7_%282023%E5%B9%B4%29
2023-11-02,Eigengrau,Maus Games,IARC,3+,https://ja.wikipedia.org/wiki/Nintendo_Switch%E3%81%AE%E3%82%B2%E3%83%BC%E3%83%A0%E3%82%BF%E3%82%A4%E3%83%88%E3%83%AB%E4%B8%80%E8%A6%A7_%282023%E5%B9%B4%29
2023-11-02,My Little Car Wash,McPeppergames,IARC,3+,https://ja.wikipedia.org/wiki/Nintendo_Switch%E3%81%AE%E3%82%B2%E3%83%BC%E3%83%A0%E3%82%BF%E3%82%A4%E3%83%88%E3%83%AB%E4%B8%80%E8%A6%A7_%282023%E5%B9%B4%29
2023-11-02,シティー・パーキング・ドライバー ドロー・ザ・パース・シミュレーター,Megame,IARC,3+,https://ja.wikipedia.org/wiki/Nintendo_Switch%E3%81%AE%E3%82%B2%E3%83%BC%E3%83%A0%E3%82%BF%E3%82%A4%E3%83%88%E3%83%AB%E4%B8%80%E8%A6%A7_%282023%E5%B9%B4%29
2023-11-02,ストリート・バスケットボール・クラブ スポーツ・スロー・シミュレーター,Megame,IARC,3+,https://ja.wikipedia.org/wiki/Nintendo_Switch%E3%81%AE%E3%82%B2%E3%83%BC%E3%83%A0%E3%82%BF%E3%82%A4%E3%83%88%E3%83%AB%E4%B8%80%E8%A6%A7_%282023%E5%B9%B4%29
2023-11-02,The Smurfs 2: グリーンストーンのとりこ,Microids,IARC,7+,https://ja.wikipedia.org/wiki/Nintendo_Switch%E3%81%AE%E3%82%B2%E3%83%BC%E3%83%A0%E3%82%BF%E3%82%A4%E3%83%88%E3%83%AB%E4%B8%80%E8%A6%A7_%282023%E5%B9%B4%29
2023-11-02,White Wings ホワイトウィングス,moesoft,IARC,12+,https://ja.wikipedia.org/wiki/Nintendo_Switch%E3%81%AE%E3%82%B2%E3%83%BC%E3%83%A0%E3%82%BF%E3%82%A4%E3%83%88%E3%83%AB%E4%B8%80%E8%A6%A7_%282023%E5%B9%B4%29
2023-11-02,FX・ユニット雪 変身エンジン,PixelHeart,IARC,7+,https://ja.wikipedia.org/wiki/Nintendo_Switch%E3%81%AE%E3%82%B2%E3%83%BC%E3%83%A0%E3%82%BF%E3%82%A4%E3%83%88%E3%83%AB%E4%B8%80%E8%A6%A7_%282023%E5%B9%B4%29
2023-11-02,Rally Racing: Cars & Drift Mania,RandomSpin Games,IARC,3+,https://ja.wikipedia.org/wiki/Nintendo_Switch%E3%81%AE%E3%82%B2%E3%83%BC%E3%83%A0%E3%82%BF%E3%82%A4%E3%83%88%E3%83%AB%E4%B8%80%E8%A6%A7_%282023%E5%B9%B4%29
2023-11-02,Hentai Party,RedDeerGames,IARC,12+,https://ja.wikipedia.org/wiki/Nintendo_Switch%E3%81%AE%E3%82%B2%E3%83%BC%E3%83%A0%E3%82%BF%E3%82%A4%E3%83%88%E3%83%AB%E4%B8%80%E8%A6%A7_%282023%E5%B9%B4%29
2023-11-02,ワンナイトバーレスク,RedDeerGames,IARC,16+,https://ja.wikipedia.org/wiki/Nintendo_Switch%E3%81%AE%E3%82%B2%E3%83%BC%E3%83%A0%E3%82%BF%E3%82%A4%E3%83%88%E3%83%AB%E4%B8%80%E8%A6%A7_%282023%E5%B9%B4%29
2023-11-02,ヌヌの唄:リーグ・オブ・レジェンド ストーリー,Riot Forge,CERO,B,https://ja.wikipedia.org/wiki/Nintendo_Switch%E3%81%AE%E3%82%B2%E3%83%BC%E3%83%A0%E3%82%BF%E3%82%A4%E3%83%88%E3%83%AB%E4%B8%80%E8%A6%A7_%282023%E5%B9%B4%29
2023-11-02,Garden Story ガーデンストーリー,Rose City Games,IARC,3+,https://ja.wikipedia.org/wiki/Nintendo_Switch%E3%81%AE%E3%82%B2%E3%83%BC%E3%83%A0%E3%82%BF%E3%82%A4%E3%83%88%E3%83%AB%E4%B8%80%E8%A6%A7_%282023%E5%B9%B4%29
2023-11-02,Makeup Artist,Sabec,IARC,3+,https://ja.wikipedia.org/wiki/Nintendo_Switch%E3%81%AE%E3%82%B2%E3%83%BC%E3%83%A0%E3%82%BF%E3%82%A4%E3%83%88%E3%83%AB%E4%B8%80%E8%A6%A7_%282023%E5%B9%B4%29
2023-11-02,ジオメトリックブラザーズ,SAT-BOX,IARC,3+,https://ja.wikipedia.org/wiki/Nintendo_Switch%E3%81%AE%E3%82%B2%E3%83%BC%E3%83%A0%E3%82%BF%E3%82%A4%E3%83%88%E3%83%AB%E4%B8%80%E8%A6%A7_%282023%E5%B9%B4%29
2023-11-02,Fusion Paradox,Sometimes You,IARC,3+,https://ja.wikipedia.org/wiki/Nintendo_Switch%E3%81%AE%E3%82%B2%E3%83%BC%E3%83%A0%E3%82%BF%E3%82%A4%E3%83%88%E3%83%AB%E4%B8%80%E8%A6%A7_%282023%E5%B9%B4%29
2023-11-02,amazin' Mage,SPACEFARER GAMES,IARC,3+,https://ja.wikipedia.org/wiki/Nintendo_Switch%E3%81%AE%E3%82%B2%E3%83%BC%E3%83%A0%E3%82%BF%E3%82%A4%E3%83%88%E3%83%AB%E4%B8%80%E8%A6%A7_%282023%E5%B9%B4%29
2023-11-02,Alien Hominid HD,The Behemoth,IARC,16+,https://ja.wikipedia.org/wiki/Nintendo_Switch%E3%81%AE%E3%82%B2%E3%83%BC%E3%83%A0%E3%82%BF%E3%82%A4%E3%83%88%E3%83%AB%E4%B8%80%E8%A6%A7_%282023%E5%B9%B4%29
2023-11-02,Alien Hominid Invasion,不明,"",Flashゲーム『Alien Hominid』のリメイク。,https://ja.wikipedia.org/wiki/Nintendo_Switch%E3%81%AE%E3%82%B2%E3%83%BC%E3%83%A0%E3%82%BF%E3%82%A4%E3%83%88%E3%83%AB%E4%B8%80%E8%A6%A7_%282023%E5%B9%B4%29
2023-11-02,おくだけドリル 小学6年生漢字－パズルで楽しく国語マスター学習勉強教養ゲーム－,TT,IARC,3+,https://ja.wikipedia.org/wiki/Nintendo_Switch%E3%81%AE%E3%82%B2%E3%83%BC%E3%83%A0%E3%82%BF%E3%82%A4%E3%83%88%E3%83%AB%E4%B8%80%E8%A6%A7_%282023%E5%B9%B4%29
2023-11-02,はじめての英語 タイピング&パズル－キーボード配列も学べる幼児向け学習勉強ゲーム－,TT,IARC,3+,https://ja.wikipedia.org/wiki/Nintendo_Switch%E3%81%AE%E3%82%B2%E3%83%BC%E3%83%A0%E3%82%BF%E3%82%A4%E3%83%88%E3%83%AB%E4%B8%80%E8%A6%A7_%282023%E5%B9%B4%29
2023-11-02,Ember Knights,Twin Sails,IARC,7+,https://ja.wikipedia.org/wiki/Nintendo_Switch%E3%81%AE%E3%82%B2%E3%83%BC%E3%83%A0%E3%82%BF%E3%82%A4%E3%83%88%E3%83%AB%E4%B8%80%E8%A6%A7_%282023%E5%B9%B4%29
2023-11-02,タマ&フレンズ スリーマッチパズル,カエルエックス,CERO,A,https://ja.wikipedia.org/wiki/Nintendo_Switch%E3%81%AE%E3%82%B2%E3%83%BC%E3%83%A0%E3%82%BF%E3%82%A4%E3%83%88%E3%83%AB%E4%B8%80%E8%A6%A7_%282023%E5%B9%B4%29
2023-11-02,ワールドウォー D-デイ PART ONE,トローゼ,IARC,16+,https://ja.wikipedia.org/wiki/Nintendo_Switch%E3%81%AE%E3%82%B2%E3%83%BC%E3%83%A0%E3%82%BF%E3%82%A4%E3%83%88%E3%83%AB%E4%B8%80%E8%A6%A7_%282023%E5%B9%B4%29
2023-11-03,Thirsty Suitors,Annapurna Interactive,CERO,C,https://ja.wikipedia.org/wiki/Nintendo_Switch%E3%81%AE%E3%82%B2%E3%83%BC%E3%83%A0%E3%82%BF%E3%82%A4%E3%83%88%E3%83%AB%E4%B8%80%E8%A6%A7_%282023%E5%B9%B4%29
2023-11-07,Salt and Sacrifice,Ska Studios,IARC,16+,https://ja.wikipedia.org/wiki/Nintendo_Switch%E3%81%AE%E3%82%B2%E3%83%BC%E3%83%A0%E3%82%BF%E3%82%A4%E3%83%88%E3%83%AB%E4%B8%80%E8%A6%A7_%282023%E5%B9%B4%29
2023-11-07,Football Manager,セガ,CERO,A,https://ja.wikipedia.org/wiki/Nintendo_Switch%E3%81%AE%E3%82%B2%E3%83%BC%E3%83%A0%E3%82%BF%E3%82%A4%E3%83%88%E3%83%AB%E4%B8%80%E8%A6%A7_%282023%E5%B9%B4%29
2023-11-09,Kumi-Daiko Beatoff,Adjective Animal,IARC,3+,https://ja.wikipedia.org/wiki/Nintendo_Switch%E3%81%AE%E3%82%B2%E3%83%BC%E3%83%A0%E3%82%BF%E3%82%A4%E3%83%88%E3%83%AB%E4%B8%80%E8%A6%A7_%282023%E5%B9%B4%29
2023-11-09,Berzerk,Atari,IARC,3+,https://ja.wikipedia.org/wiki/Nintendo_Switch%E3%81%AE%E3%82%B2%E3%83%BC%E3%83%A0%E3%82%BF%E3%82%A4%E3%83%88%E3%83%AB%E4%B8%80%E8%A6%A7_%282023%E5%B9%B4%29
2023-11-09,Seven Spirits,Bleeding Pixels Games,IARC,7+,https://ja.wikipedia.org/wiki/Nintendo_Switch%E3%81%AE%E3%82%B2%E3%83%BC%E3%83%A0%E3%82%BF%E3%82%A4%E3%83%88%E3%83%AB%E4%B8%80%E8%A6%A7_%282023%E5%B9%B4%29
2023-11-09,Cobalt Core,Brace Yourself,IARC,3+,https://ja.wikipedia.org/wiki/Nintendo_Switch%E3%81%AE%E3%82%B2%E3%83%BC%E3%83%A0%E3%82%BF%E3%82%A4%E3%83%88%E3%83%AB%E4%B8%80%E8%A6%A7_%282023%E5%B9%B4%29
2023-11-09,Polyturbo Drift Racing Simulator,DEMENCI Games,IARC,3+,https://ja.wikipedia.org/wiki/Nintendo_Switch%E3%81%AE%E3%82%B2%E3%83%BC%E3%83%A0%E3%82%BF%E3%82%A4%E3%83%88%E3%83%AB%E4%B8%80%E8%A6%A7_%282023%E5%B9%B4%29
2023-11-09,Real Car Parking 2024: Driving Simulator,DEMENCI Games,IARC,3+,https://ja.wikipedia.org/wiki/Nintendo_Switch%E3%81%AE%E3%82%B2%E3%83%BC%E3%83%A0%E3%82%BF%E3%82%A4%E3%83%88%E3%83%AB%E4%B8%80%E8%A6%A7_%282023%E5%B9%B4%29
2023-11-09,Village Tycoon: Farm City Simulator,DEMENCI Games,IARC,3+,https://ja.wikipedia.org/wiki/Nintendo_Switch%E3%81%AE%E3%82%B2%E3%83%BC%E3%83%A0%E3%82%BF%E3%82%A4%E3%83%88%E3%83%AB%E4%B8%80%E8%A6%A7_%282023%E5%B9%B4%29
2023-11-09,オンリーアップ!OnlyUP!,Elusor,IARC,3+,https://ja.wikipedia.org/wiki/Nintendo_Switch%E3%81%AE%E3%82%B2%E3%83%BC%E3%83%A0%E3%82%BF%E3%82%A4%E3%83%88%E3%83%AB%E4%B8%80%E8%A6%A7_%282023%E5%B9%B4%29
2023-11-09,ドラゴンウィングズ,EpiXR Games,IARC,3+,https://ja.wikipedia.org/wiki/Nintendo_Switch%E3%81%AE%E3%82%B2%E3%83%BC%E3%83%A0%E3%82%BF%E3%82%A4%E3%83%88%E3%83%AB%E4%B8%80%E8%A6%A7_%282023%E5%B9%B4%29
2023-11-09,9 Years of Shadows,Freedom Games,IARC,7+,https://ja.wikipedia.org/wiki/Nintendo_Switch%E3%81%AE%E3%82%B2%E3%83%BC%E3%83%A0%E3%82%BF%E3%82%A4%E3%83%88%E3%83%AB%E4%B8%80%E8%A6%A7_%282023%E5%B9%B4%29
2023-11-09,君の未来 2 未来予知,HERO GAME,IARC,3+,https://ja.wikipedia.org/wiki/Nintendo_Switch%E3%81%AE%E3%82%B2%E3%83%BC%E3%83%A0%E3%82%BF%E3%82%A4%E3%83%88%E3%83%AB%E4%B8%80%E8%A6%A7_%282023%E5%B9%B4%29
2023-11-09,いろちみっけ!－1か所間違い探しで脳トレ脳活アハ活色彩感覚テスト－,MASK,IARC,3+,https://ja.wikipedia.org/wiki/Nintendo_Switch%E3%81%AE%E3%82%B2%E3%83%BC%E3%83%A0%E3%82%BF%E3%82%A4%E3%83%88%E3%83%AB%E4%B8%80%E8%A6%A7_%282023%E5%B9%B4%29
2023-11-09,もっと知りたい古代エジプト－ゲームで楽しく歴史発見雑学教養豆知識学習クイズ－,MASK,IARC,3+,https://ja.wikipedia.org/wiki/Nintendo_Switch%E3%81%AE%E3%82%B2%E3%83%BC%E3%83%A0%E3%82%BF%E3%82%A4%E3%83%88%E3%83%AB%E4%B8%80%E8%A6%A7_%282023%E5%B9%B4%29
2023-11-09,ものしりクイズ 太古の恐竜－学べる雑学教養豆知識学習ゲーム－,MASK,IARC,3+,https://ja.wikipedia.org/wiki/Nintendo_Switch%E3%81%AE%E3%82%B2%E3%83%BC%E3%83%A0%E3%82%BF%E3%82%A4%E3%83%88%E3%83%AB%E4%B8%80%E8%A6%A7_%282023%E5%B9%B4%29
2023-11-09,推しと話せる! ハングル基礎フレーズ－クイズで推し活韓国語かんたん勉強学習語学ゲーム－,MASK,IARC,3+,https://ja.wikipedia.org/wiki/Nintendo_Switch%E3%81%AE%E3%82%B2%E3%83%BC%E3%83%A0%E3%82%BF%E3%82%A4%E3%83%88%E3%83%AB%E4%B8%80%E8%A6%A7_%282023%E5%B9%B4%29
2023-11-09,ウォー・ゾーン・ソルジャー バトル・ロイアル・シューター,Megame,IARC,16+,https://ja.wikipedia.org/wiki/Nintendo_Switch%E3%81%AE%E3%82%B2%E3%83%BC%E3%83%A0%E3%82%BF%E3%82%A4%E3%83%88%E3%83%AB%E4%B8%80%E8%A6%A7_%282023%E5%B9%B4%29
2023-11-09,プリゾン・ブレーク ジェール・エスケープ・シミュレーター,Megame,IARC,3+,https://ja.wikipedia.org/wiki/Nintendo_Switch%E3%81%AE%E3%82%B2%E3%83%BC%E3%83%A0%E3%82%BF%E3%82%A4%E3%83%88%E3%83%AB%E4%B8%80%E8%A6%A7_%282023%E5%B9%B4%29
2023-11-09,Dolmenjord - Viking Islands,Mens Sana Interactive,IARC,3+,https://ja.wikipedia.org/wiki/Nintendo_Switch%E3%81%AE%E3%82%B2%E3%83%BC%E3%83%A0%E3%82%BF%E3%82%A4%E3%83%88%E3%83%AB%E4%B8%80%E8%A6%A7_%282023%E5%B9%B4%29
2023-11-09,Spells & Secrets,Merge Games,IARC,7+,https://ja.wikipedia.org/wiki/Nintendo_Switch%E3%81%AE%E3%82%B2%E3%83%BC%E3%83%A0%E3%82%BF%E3%82%A4%E3%83%88%E3%83%AB%E4%B8%80%E8%A6%A7_%282023%E5%B9%B4%29
2023-11-09,ゲームアドベントカレンダー・25日間・25のサプライズ,Mindscape,IARC,3+,https://ja.wikipedia.org/wiki/Nintendo_Switch%E3%81%AE%E3%82%B2%E3%83%BC%E3%83%A0%E3%82%BF%E3%82%A4%E3%83%88%E3%83%AB%E4%B8%80%E8%A6%A7_%282023%E5%B9%B4%29
2023-11-09,Cats and the Other Lives,OverGamez,IARC,16+,https://ja.wikipedia.org/wiki/Nintendo_Switch%E3%81%AE%E3%82%B2%E3%83%BC%E3%83%A0%E3%82%BF%E3%82%A4%E3%83%88%E3%83%AB%E4%B8%80%E8%A6%A7_%282023%E5%B9%B4%29
2023-11-09,Golden Force,PixelHeart,IARC,7+,https://ja.wikipedia.org/wiki/Nintendo_Switch%E3%81%AE%E3%82%B2%E3%83%BC%E3%83%A0%E3%82%BF%E3%82%A4%E3%83%88%E3%83%AB%E4%B8%80%E8%A6%A7_%282023%E5%B9%B4%29
2023-11-09,Tanuki Justice,PixelHeart,IARC,7+,https://ja.wikipedia.org/wiki/Nintendo_Switch%E3%81%AE%E3%82%B2%E3%83%BC%E3%83%A0%E3%82%BF%E3%82%A4%E3%83%88%E3%83%AB%E4%B8%80%E8%A6%A7_%282023%E5%B9%B4%29
2023-11-09,Bem Feito,QUByte Interactive,IARC,16+,https://ja.wikipedia.org/wiki/Nintendo_Switch%E3%81%AE%E3%82%B2%E3%83%BC%E3%83%A0%E3%82%BF%E3%82%A4%E3%83%88%E3%83%AB%E4%B8%80%E8%A6%A7_%282023%E5%B9%B4%29
2023-11-09,VISCO Collection,QUByte Interactive,IARC,7+,https://ja.wikipedia.org/wiki/Nintendo_Switch%E3%81%AE%E3%82%B2%E3%83%BC%E3%83%A0%E3%82%BF%E3%82%A4%E3%83%88%E3%83%AB%E4%B8%80%E8%A6%A7_%282023%E5%B9%B4%29
2023-11-09,アドベンチャーワード アラウンド・ザ・ワールド,トローゼ,IARC,3+,https://ja.wikipedia.org/wiki/Nintendo_Switch%E3%81%AE%E3%82%B2%E3%83%BC%E3%83%A0%E3%82%BF%E3%82%A4%E3%83%88%E3%83%AB%E4%B8%80%E8%A6%A7_%282023%E5%B9%B4%29
2023-11-10,サクラ・エイリアン2 〜もう1人の王女〜,Gamuzumi,IARC,16+,https://ja.wikipedia.org/wiki/Nintendo_Switch%E3%81%AE%E3%82%B2%E3%83%BC%E3%83%A0%E3%82%BF%E3%82%A4%E3%83%88%E3%83%AB%E4%B8%80%E8%A6%A7_%282023%E5%B9%B4%29
2023-11-10,グレイス オブ リトアール,ケムコ,CERO,A,https://ja.wikipedia.org/wiki/Nintendo_Switch%E3%81%AE%E3%82%B2%E3%83%BC%E3%83%A0%E3%82%BF%E3%82%A4%E3%83%88%E3%83%AB%E4%B8%80%E8%A6%A7_%282023%E5%B9%B4%29
2023-11-10,Bob the Elementalist,ラタライカゲームス,IARC,7+,https://ja.wikipedia.org/wiki/Nintendo_Switch%E3%81%AE%E3%82%B2%E3%83%BC%E3%83%A0%E3%82%BF%E3%82%A4%E3%83%88%E3%83%AB%E4%B8%80%E8%A6%A7_%282023%E5%B9%B4%29
2023-11-11,人は金成り,毛ナカガワ,IARC,3+,https://ja.wikipedia.org/wiki/Nintendo_Switch%E3%81%AE%E3%82%B2%E3%83%BC%E3%83%A0%E3%82%BF%E3%82%A4%E3%83%88%E3%83%AB%E4%B8%80%E8%A6%A7_%282023%E5%B9%B4%29
2023-11-14,Super Crazy Rhythm Castle,KONAMI,CERO,A,https://ja.wikipedia.org/wiki/Nintendo_Switch%E3%81%AE%E3%82%B2%E3%83%BC%E3%83%A0%E3%82%BF%E3%82%A4%E3%83%88%E3%83%AB%E4%B8%80%E8%A6%A7_%282023%E5%B9%B4%29
2023-11-15,Howl,Astragon,IARC,7+,https://ja.wikipedia.org/wiki/Nintendo_Switch%E3%81%AE%E3%82%B2%E3%83%BC%E3%83%A0%E3%82%BF%E3%82%A4%E3%83%88%E3%83%AB%E4%B8%80%E8%A6%A7_%282023%E5%B9%B4%29
2023-11-15,KarmaZoo,Devolver Digital,CERO,A,https://ja.wikipedia.org/wiki/Nintendo_Switch%E3%81%AE%E3%82%B2%E3%83%BC%E3%83%A0%E3%82%BF%E3%82%A4%E3%83%88%E3%83%AB%E4%B8%80%E8%A6%A7_%282023%E5%B9%B4%29
2023-11-15,Backpack Hero,Different Tales,IARC,3+,https://ja.wikipedia.org/wiki/Nintendo_Switch%E3%81%AE%E3%82%B2%E3%83%BC%E3%83%A0%E3%82%BF%E3%82%A4%E3%83%88%E3%83%AB%E4%B8%80%E8%A6%A7_%282023%E5%B9%B4%29
2023-11-15,ファミレスを享受せよ,わくわくゲームズ,IARC,7+,https://ja.wikipedia.org/wiki/Nintendo_Switch%E3%81%AE%E3%82%B2%E3%83%BC%E3%83%A0%E3%82%BF%E3%82%A4%E3%83%88%E3%83%AB%E4%B8%80%E8%A6%A7_%282023%E5%B9%B4%29
2023-11-15,闇鍋人狼,わくわくゲームズ,IARC,3+,https://ja.wikipedia.org/wiki/Nintendo_Switch%E3%81%AE%E3%82%B2%E3%83%BC%E3%83%A0%E3%82%BF%E3%82%A4%E3%83%88%E3%83%AB%E4%B8%80%E8%A6%A7_%282023%E5%B9%B4%29
2023-11-16,ふたごのパズル,Amber Studio,IARC,3+,https://ja.wikipedia.org/wiki/Nintendo_Switch%E3%81%AE%E3%82%B2%E3%83%BC%E3%83%A0%E3%82%BF%E3%82%A4%E3%83%88%E3%83%AB%E4%B8%80%E8%A6%A7_%282023%E5%B9%B4%29
2023-11-16,The Myth Seekers 2: 沈める都,Artifex Mundi,IARC,12+,https://ja.wikipedia.org/wiki/Nintendo_Switch%E3%81%AE%E3%82%B2%E3%83%BC%E3%83%A0%E3%82%BF%E3%82%A4%E3%83%88%E3%83%AB%E4%B8%80%E8%A6%A7_%282023%E5%B9%B4%29
2023-11-16,The Forest Quartet,Bedtime Digital,IARC,3+,https://ja.wikipedia.org/wiki/Nintendo_Switch%E3%81%AE%E3%82%B2%E3%83%BC%E3%83%A0%E3%82%BF%E3%82%A4%E3%83%88%E3%83%AB%E4%B8%80%E8%A6%A7_%282023%E5%B9%B4%29
2023-11-16,みーにんぐ おぶ しんぼるず,Cooking & Publishing,IARC,3+,https://ja.wikipedia.org/wiki/Nintendo_Switch%E3%81%AE%E3%82%B2%E3%83%BC%E3%83%A0%E3%82%BF%E3%82%A4%E3%83%88%E3%83%AB%E4%B8%80%E8%A6%A7_%282023%E5%B9%B4%29
2023-11-16,Drag Racing Car Simulator,DEMENCI Games,IARC,3+,https://ja.wikipedia.org/wiki/Nintendo_Switch%E3%81%AE%E3%82%B2%E3%83%BC%E3%83%A0%E3%82%BF%E3%82%A4%E3%83%88%E3%83%AB%E4%B8%80%E8%A6%A7_%282023%E5%B9%B4%29
2023-11-16,Extreme Skyway Racer Simulator,DEMENCI Games,IARC,3+,https://ja.wikipedia.org/wiki/Nintendo_Switch%E3%81%AE%E3%82%B2%E3%83%BC%E3%83%A0%E3%82%BF%E3%82%A4%E3%83%88%E3%83%AB%E4%B8%80%E8%A6%A7_%282023%E5%B9%B4%29
2023-11-16,MechanixMind: IQ Puzzle Adventure,DEMENCI Games,IARC,3+,https://ja.wikipedia.org/wiki/Nintendo_Switch%E3%81%AE%E3%82%B2%E3%83%BC%E3%83%A0%E3%82%BF%E3%82%A4%E3%83%88%E3%83%AB%E4%B8%80%E8%A6%A7_%282023%E5%B9%B4%29
2023-11-16,Lily in Puzzle World,eastasiasoft,IARC,3+,https://ja.wikipedia.org/wiki/Nintendo_Switch%E3%81%AE%E3%82%B2%E3%83%BC%E3%83%A0%E3%82%BF%E3%82%A4%E3%83%88%E3%83%AB%E4%B8%80%E8%A6%A7_%282023%E5%B9%B4%29
2023-11-16,アドベンチャータンクス,EpiXR Games,IARC,3+,https://ja.wikipedia.org/wiki/Nintendo_Switch%E3%81%AE%E3%82%B2%E3%83%BC%E3%83%A0%E3%82%BF%E3%82%A4%E3%83%88%E3%83%AB%E4%B8%80%E8%A6%A7_%282023%E5%B9%B4%29
2023-11-16,Risk of Rain,Gearbox Publishing,IARC,7+,https://ja.wikipedia.org/wiki/Nintendo_Switch%E3%81%AE%E3%82%B2%E3%83%BC%E3%83%A0%E3%82%BF%E3%82%A4%E3%83%88%E3%83%AB%E4%B8%80%E8%A6%A7_%282023%E5%B9%B4%29
2023-11-16,街の中の猫: Cats on Streets,Halva Studio,IARC,3+,https://ja.wikipedia.org/wiki/Nintendo_Switch%E3%81%AE%E3%82%B2%E3%83%BC%E3%83%A0%E3%82%BF%E3%82%A4%E3%83%88%E3%83%AB%E4%B8%80%E8%A6%A7_%282023%E5%B9%B4%29
2023-11-16,There Is No Light,HypeTrain Digital,IARC,7+,https://ja.wikipedia.org/wiki/Nintendo_Switch%E3%81%AE%E3%82%B2%E3%83%BC%E3%83%A0%E3%82%BF%E3%82%A4%E3%83%88%E3%83%AB%E4%B8%80%E8%A6%A7_%282023%E5%B9%B4%29
2023-11-16,CometStriker DX,Iced Lizard Games,IARC,7+,https://ja.wikipedia.org/wiki/Nintendo_Switch%E3%81%AE%E3%82%B2%E3%83%BC%E3%83%A0%E3%82%BF%E3%82%A4%E3%83%88%E3%83%AB%E4%B8%80%E8%A6%A7_%282023%E5%B9%B4%29
2023-11-16,Bud Spencer & Terence Hill - Slaps and Beans,ININ Games,IARC,12+,https://ja.wikipedia.org/wiki/Nintendo_Switch%E3%81%AE%E3%82%B2%E3%83%BC%E3%83%A0%E3%82%BF%E3%82%A4%E3%83%88%E3%83%AB%E4%B8%80%E8%A6%A7_%282023%E5%B9%B4%29
2023-11-16,Smoots Pinball,JanduSoft,IARC,3+,https://ja.wikipedia.org/wiki/Nintendo_Switch%E3%81%AE%E3%82%B2%E3%83%BC%E3%83%A0%E3%82%BF%E3%82%A4%E3%83%88%E3%83%AB%E4%B8%80%E8%A6%A7_%282023%E5%B9%B4%29
2023-11-16,ForRace GT2D,Kanuni Games,IARC,3+,https://ja.wikipedia.org/wiki/Nintendo_Switch%E3%81%AE%E3%82%B2%E3%83%BC%E3%83%A0%E3%82%BF%E3%82%A4%E3%83%88%E3%83%AB%E4%B8%80%E8%A6%A7_%282023%E5%B9%B4%29
2023-11-16,ちきゅうのふしぎ なぁぜなぁぜ？－ゲームで楽しく地球探検雑学教養豆知識学習クイズ－,MASK,IARC,3+,https://ja.wikipedia.org/wiki/Nintendo_Switch%E3%81%AE%E3%82%B2%E3%83%BC%E3%83%A0%E3%82%BF%E3%82%A4%E3%83%88%E3%83%AB%E4%B8%80%E8%A6%A7_%282023%E5%B9%B4%29
2023-11-16,ものしりクイズ 世界の昆虫－学べる雑学教養豆知識学習ゲーム－,MASK,IARC,3+,https://ja.wikipedia.org/wiki/Nintendo_Switch%E3%81%AE%E3%82%B2%E3%83%BC%E3%83%A0%E3%82%BF%E3%82%A4%E3%83%88%E3%83%AB%E4%B8%80%E8%A6%A7_%282023%E5%B9%B4%29
2023-11-16,Find the Pairs Memo Game for Kids,McPeppergames,IARC,3+,https://ja.wikipedia.org/wiki/Nintendo_Switch%E3%81%AE%E3%82%B2%E3%83%BC%E3%83%A0%E3%82%BF%E3%82%A4%E3%83%88%E3%83%AB%E4%B8%80%E8%A6%A7_%282023%E5%B9%B4%29
2023-11-16,Ralph and the Blue Ball,Mens Sana Interactive,IARC,3+,https://ja.wikipedia.org/wiki/Nintendo_Switch%E3%81%AE%E3%82%B2%E3%83%BC%E3%83%A0%E3%82%BF%E3%82%A4%E3%83%88%E3%83%AB%E4%B8%80%E8%A6%A7_%282023%E5%B9%B4%29
2023-11-16,冬休みのジグソーパズル,Mindscape,IARC,3+,https://ja.wikipedia.org/wiki/Nintendo_Switch%E3%81%AE%E3%82%B2%E3%83%BC%E3%83%A0%E3%82%BF%E3%82%A4%E3%83%88%E3%83%AB%E4%B8%80%E8%A6%A7_%282023%E5%B9%B4%29
2023-11-16,Criss Cross クリスクロス,moesoft,IARC,12+,https://ja.wikipedia.org/wiki/Nintendo_Switch%E3%81%AE%E3%82%B2%E3%83%BC%E3%83%A0%E3%82%BF%E3%82%A4%E3%83%88%E3%83%AB%E4%B8%80%E8%A6%A7_%282023%E5%B9%B4%29
2023-11-16,Pop and Chicks,Nejcraft,IARC,3+,https://ja.wikipedia.org/wiki/Nintendo_Switch%E3%81%AE%E3%82%B2%E3%83%BC%E3%83%A0%E3%82%BF%E3%82%A4%E3%83%88%E3%83%AB%E4%B8%80%E8%A6%A7_%282023%E5%B9%B4%29
2023-11-16,スピリットティー,No More Robots,IARC,3+,https://ja.wikipedia.org/wiki/Nintendo_Switch%E3%81%AE%E3%82%B2%E3%83%BC%E3%83%A0%E3%82%BF%E3%82%A4%E3%83%88%E3%83%AB%E4%B8%80%E8%A6%A7_%282023%E5%B9%B4%29
2023-11-16,Let's Sing 2024,Plaion,IARC,12+,https://ja.wikipedia.org/wiki/Nintendo_Switch%E3%81%AE%E3%82%B2%E3%83%BC%E3%83%A0%E3%82%BF%E3%82%A4%E3%83%88%E3%83%AB%E4%B8%80%E8%A6%A7_%282023%E5%B9%B4%29
2023-11-16,The Last Faith,Playstack,IARC,16+,https://ja.wikipedia.org/wiki/Nintendo_Switch%E3%81%AE%E3%82%B2%E3%83%BC%E3%83%A0%E3%82%BF%E3%82%A4%E3%83%88%E3%83%AB%E4%B8%80%E8%A6%A7_%282023%E5%B9%B4%29
2023-11-16,こどものための ナンバープレイス,RedDeerGames,IARC,3+,https://ja.wikipedia.org/wiki/Nintendo_Switch%E3%81%AE%E3%82%B2%E3%83%BC%E3%83%A0%E3%82%BF%E3%82%A4%E3%83%88%E3%83%AB%E4%B8%80%E8%A6%A7_%282023%E5%B9%B4%29
2023-11-16,スマーフ 学んで遊ぼう,RedDeerGames,IARC,3+,https://ja.wikipedia.org/wiki/Nintendo_Switch%E3%81%AE%E3%82%B2%E3%83%BC%E3%83%A0%E3%82%BF%E3%82%A4%E3%83%88%E3%83%AB%E4%B8%80%E8%A6%A7_%282023%E5%B9%B4%29
2023-11-16,ユーロトラックドライバーシミュレーター,SC Ovilex Soft,IARC,3+,https://ja.wikipedia.org/wiki/Nintendo_Switch%E3%81%AE%E3%82%B2%E3%83%BC%E3%83%A0%E3%82%BF%E3%82%A4%E3%83%88%E3%83%AB%E4%B8%80%E8%A6%A7_%282023%E5%B9%B4%29
2023-11-16,電車運転士シミュレーター,SC Ovilex Soft,IARC,3+,https://ja.wikipedia.org/wiki/Nintendo_Switch%E3%81%AE%E3%82%B2%E3%83%BC%E3%83%A0%E3%82%BF%E3%82%A4%E3%83%88%E3%83%AB%E4%B8%80%E8%A6%A7_%282023%E5%B9%B4%29
2023-11-16,Prison City,Screenwave Media,IARC,7+,https://ja.wikipedia.org/wiki/Nintendo_Switch%E3%81%AE%E3%82%B2%E3%83%BC%E3%83%A0%E3%82%BF%E3%82%A4%E3%83%88%E3%83%AB%E4%B8%80%E8%A6%A7_%282023%E5%B9%B4%29
2023-11-16,Guns and Spurs 2,Soedesco,IARC,16+,https://ja.wikipedia.org/wiki/Nintendo_Switch%E3%81%AE%E3%82%B2%E3%83%BC%E3%83%A0%E3%82%BF%E3%82%A4%E3%83%88%E3%83%AB%E4%B8%80%E8%A6%A7_%282023%E5%B9%B4%29
2023-11-16,Snap Together,Soroka Games,IARC,3+,https://ja.wikipedia.org/wiki/Nintendo_Switch%E3%81%AE%E3%82%B2%E3%83%BC%E3%83%A0%E3%82%BF%E3%82%A4%E3%83%88%E3%83%AB%E4%B8%80%E8%A6%A7_%282023%E5%B9%B4%29
2023-11-16,Attack Strategy - Battle Simulator Accurate,SUCCESS GAMES,IARC,3+,https://ja.wikipedia.org/wiki/Nintendo_Switch%E3%81%AE%E3%82%B2%E3%83%BC%E3%83%A0%E3%82%BF%E3%82%A4%E3%83%88%E3%83%AB%E4%B8%80%E8%A6%A7_%282023%E5%B9%B4%29
2023-11-16,Keep The Fire - Survival Simulator,SUCCESS GAMES,IARC,3+,https://ja.wikipedia.org/wiki/Nintendo_Switch%E3%81%AE%E3%82%B2%E3%83%BC%E3%83%A0%E3%82%BF%E3%82%A4%E3%83%88%E3%83%AB%E4%B8%80%E8%A6%A7_%282023%E5%B9%B4%29
2023-11-16,エイリアン・デス・モブ,Thalamus Digital,IARC,7+,https://ja.wikipedia.org/wiki/Nintendo_Switch%E3%81%AE%E3%82%B2%E3%83%BC%E3%83%A0%E3%82%BF%E3%82%A4%E3%83%88%E3%83%AB%E4%B8%80%E8%A6%A7_%282023%E5%B9%B4%29
2023-11-16,いじわるIQテスト－ひっかけ脳トレひらめきアハ活パズル－,TT,IARC,3+,https://ja.wikipedia.org/wiki/Nintendo_Switch%E3%81%AE%E3%82%B2%E3%83%BC%E3%83%A0%E3%82%BF%E3%82%A4%E3%83%88%E3%83%AB%E4%B8%80%E8%A6%A7_%282023%E5%B9%B4%29
2023-11-16,ナゾトキ魔女と秘密の本－物語も楽しめるひまつぶし脳トレ推理アドベンチャー－,TT,IARC,3+,https://ja.wikipedia.org/wiki/Nintendo_Switch%E3%81%AE%E3%82%B2%E3%83%BC%E3%83%A0%E3%82%BF%E3%82%A4%E3%83%88%E3%83%AB%E4%B8%80%E8%A6%A7_%282023%E5%B9%B4%29
2023-11-16,ASTLIBRA Revision,WhisperGames,IARC,16+,https://ja.wikipedia.org/wiki/Nintendo_Switch%E3%81%AE%E3%82%B2%E3%83%BC%E3%83%A0%E3%82%BF%E3%82%A4%E3%83%88%E3%83%AB%E4%B8%80%E8%A6%A7_%282023%E5%B9%B4%29
2023-11-16,ダ・ダ・ダウンゴ,アポローン,IARC,3+,https://ja.wikipedia.org/wiki/Nintendo_Switch%E3%81%AE%E3%82%B2%E3%83%BC%E3%83%A0%E3%82%BF%E3%82%A4%E3%83%88%E3%83%AB%E4%B8%80%E8%A6%A7_%282023%E5%B9%B4%29
2023-11-16,創造タウンズ島,カイロソフト,IARC,3+,https://ja.wikipedia.org/wiki/Nintendo_Switch%E3%81%AE%E3%82%B2%E3%83%BC%E3%83%A0%E3%82%BF%E3%82%A4%E3%83%88%E3%83%AB%E4%B8%80%E8%A6%A7_%282023%E5%B9%B4%29
2023-11-16,コスプレリラクゼーション - Cosplay Relaxation -,サイバーステップ,IARC,16+,https://ja.wikipedia.org/wiki/Nintendo_Switch%E3%81%AE%E3%82%B2%E3%83%BC%E3%83%A0%E3%82%BF%E3%82%A4%E3%83%88%E3%83%AB%E4%B8%80%E8%A6%A7_%282023%E5%B9%B4%29
2023-11-16,不思議な夢の海のとばり,メディアスケープ,IARC,3+,https://ja.wikipedia.org/wiki/Nintendo_Switch%E3%81%AE%E3%82%B2%E3%83%BC%E3%83%A0%E3%82%BF%E3%82%A4%E3%83%88%E3%83%AB%E4%B8%80%E8%A6%A7_%282023%E5%B9%B4%29
2023-11-16,ヴァルシリア アーク 〜ヒーロースクールストーリー2〜,レイニーフロッグ,IARC,12+,https://ja.wikipedia.org/wiki/Nintendo_Switch%E3%81%AE%E3%82%B2%E3%83%BC%E3%83%A0%E3%82%BF%E3%82%A4%E3%83%88%E3%83%AB%E4%B8%80%E8%A6%A7_%282023%E5%B9%B4%29
2023-11-21,In Stars and Time,Armor Games Studios,IARC,12+,https://ja.wikipedia.org/wiki/Nintendo_Switch%E3%81%AE%E3%82%B2%E3%83%BC%E3%83%A0%E3%82%BF%E3%82%A4%E3%83%88%E3%83%AB%E4%B8%80%E8%A6%A7_%282023%E5%B9%B4%29
2023-11-21,アイレムコレクションVol.1,Tozai Games,CERO,A,https://ja.wikipedia.org/wiki/Nintendo_Switch%E3%81%AE%E3%82%B2%E3%83%BC%E3%83%A0%E3%82%BF%E3%82%A4%E3%83%88%E3%83%AB%E4%B8%80%E8%A6%A7_%282023%E5%B9%B4%29
2023-11-21,泳げ!!サカバンバスピス!! 〜遠くまで泳ぎ続けよう〜,エム・ビー・エーインターナショナル,IARC,3+,https://ja.wikipedia.org/wiki/Nintendo_Switch%E3%81%AE%E3%82%B2%E3%83%BC%E3%83%A0%E3%82%BF%E3%82%A4%E3%83%88%E3%83%AB%E4%B8%80%E8%A6%A7_%282023%E5%B9%B4%29
2023-11-22,Worldless,Coatsink Software,IARC,7+,https://ja.wikipedia.org/wiki/Nintendo_Switch%E3%81%AE%E3%82%B2%E3%83%BC%E3%83%A0%E3%82%BF%E3%82%A4%E3%83%88%E3%83%AB%E4%B8%80%E8%A6%A7_%282023%E5%B9%B4%29
2023-11-22,SETTRIS,eastasiasoft,IARC,3+,https://ja.wikipedia.org/wiki/Nintendo_Switch%E3%81%AE%E3%82%B2%E3%83%BC%E3%83%A0%E3%82%BF%E3%82%A4%E3%83%88%E3%83%AB%E4%B8%80%E8%A6%A7_%282023%E5%B9%B4%29
2023-11-22,Terraformers,Goblinz Studio,IARC,3+,https://ja.wikipedia.org/wiki/Nintendo_Switch%E3%81%AE%E3%82%B2%E3%83%BC%E3%83%A0%E3%82%BF%E3%82%A4%E3%83%88%E3%83%AB%E4%B8%80%E8%A6%A7_%282023%E5%B9%B4%29
2023-11-23,Alina of the Arena,DANGEN Entertainment,IARC,7+,https://ja.wikipedia.org/wiki/Nintendo_Switch%E3%81%AE%E3%82%B2%E3%83%BC%E3%83%A0%E3%82%BF%E3%82%A4%E3%83%88%E3%83%AB%E4%B8%80%E8%A6%A7_%282023%E5%B9%B4%29
2023-11-23,Colored Effects カラー・エフェクト,Flynn's Arcade,IARC,7+,https://ja.wikipedia.org/wiki/Nintendo_Switch%E3%81%AE%E3%82%B2%E3%83%BC%E3%83%A0%E3%82%BF%E3%82%A4%E3%83%88%E3%83%AB%E4%B8%80%E8%A6%A7_%282023%E5%B9%B4%29
2023-11-24,Frogvival,Marginalact,IARC,3+,https://ja.wikipedia.org/wiki/Nintendo_Switch%E3%81%AE%E3%82%B2%E3%83%BC%E3%83%A0%E3%82%BF%E3%82%A4%E3%83%88%E3%83%AB%E4%B8%80%E8%A6%A7_%282023%E5%B9%B4%29
2023-11-24,ビッグボールスポーツ,SAT-BOX,IARC,3+,https://ja.wikipedia.org/wiki/Nintendo_Switch%E3%81%AE%E3%82%B2%E3%83%BC%E3%83%A0%E3%82%BF%E3%82%A4%E3%83%88%E3%83%AB%E4%B8%80%E8%A6%A7_%282023%E5%B9%B4%29
2023-11-24,Evil Diary,ラタライカゲームス,IARC,16+,https://ja.wikipedia.org/wiki/Nintendo_Switch%E3%81%AE%E3%82%B2%E3%83%BC%E3%83%A0%E3%82%BF%E3%82%A4%E3%83%88%E3%83%AB%E4%B8%80%E8%A6%A7_%282023%E5%B9%B4%29
2023-11-30,Hentai Tales Vol. 2: Hitomi and Sea Trip,17Studio,IARC,12+,https://ja.wikipedia.org/wiki/Nintendo_Switch%E3%81%AE%E3%82%B2%E3%83%BC%E3%83%A0%E3%82%BF%E3%82%A4%E3%83%88%E3%83%AB%E4%B8%80%E8%A6%A7_%282023%E5%B9%B4%29
2023-11-30,Witchtastic,ASHGAMES,IARC,3+,https://ja.wikipedia.org/wiki/Nintendo_Switch%E3%81%AE%E3%82%B2%E3%83%BC%E3%83%A0%E3%82%BF%E3%82%A4%E3%83%88%E3%83%AB%E4%B8%80%E8%A6%A7_%282023%E5%B9%B4%29
2023-11-30,Snakebird Complete,Astra Logical,IARC,3+,https://ja.wikipedia.org/wiki/Nintendo_Switch%E3%81%AE%E3%82%B2%E3%83%BC%E3%83%A0%E3%82%BF%E3%82%A4%E3%83%88%E3%83%AB%E4%B8%80%E8%A6%A7_%282023%E5%B9%B4%29
2023-11-30,Pixel Cafe,Baltoro Games,IARC,7+,https://ja.wikipedia.org/wiki/Nintendo_Switch%E3%81%AE%E3%82%B2%E3%83%BC%E3%83%A0%E3%82%BF%E3%82%A4%E3%83%88%E3%83%AB%E4%B8%80%E8%A6%A7_%282023%E5%B9%B4%29
2023-11-30,Train Traffic Manager: 列車交通マネージャー,Baltoro Games,IARC,3+,https://ja.wikipedia.org/wiki/Nintendo_Switch%E3%81%AE%E3%82%B2%E3%83%BC%E3%83%A0%E3%82%BF%E3%82%A4%E3%83%88%E3%83%AB%E4%B8%80%E8%A6%A7_%282023%E5%B9%B4%29
2023-11-30,CHARRUA SOCCER - Pro Edition,BATOVI Games,IARC,3+,https://ja.wikipedia.org/wiki/Nintendo_Switch%E3%81%AE%E3%82%B2%E3%83%BC%E3%83%A0%E3%82%BF%E3%82%A4%E3%83%88%E3%83%AB%E4%B8%80%E8%A6%A7_%282023%E5%B9%B4%29
2023-11-30,MOTESOLO 〜非モテ男の恋愛奮闘記〜,CFK,IARC,12+,https://ja.wikipedia.org/wiki/Nintendo_Switch%E3%81%AE%E3%82%B2%E3%83%BC%E3%83%A0%E3%82%BF%E3%82%A4%E3%83%88%E3%83%AB%E4%B8%80%E8%A6%A7_%282023%E5%B9%B4%29
2023-11-30,Hazelnut Hex,Chunderfins,IARC,7+,https://ja.wikipedia.org/wiki/Nintendo_Switch%E3%81%AE%E3%82%B2%E3%83%BC%E3%83%A0%E3%82%BF%E3%82%A4%E3%83%88%E3%83%AB%E4%B8%80%E8%A6%A7_%282023%E5%B9%B4%29
2023-11-30,Poly Shooting Simulator,DEMENCI Games,IARC,16+,https://ja.wikipedia.org/wiki/Nintendo_Switch%E3%81%AE%E3%82%B2%E3%83%BC%E3%83%A0%E3%82%BF%E3%82%A4%E3%83%88%E3%83%AB%E4%B8%80%E8%A6%A7_%282023%E5%B9%B4%29
2023-11-30,Taxi Driver Simulator 2024,DEMENCI Games,IARC,3+,https://ja.wikipedia.org/wiki/Nintendo_Switch%E3%81%AE%E3%82%B2%E3%83%BC%E3%83%A0%E3%82%BF%E3%82%A4%E3%83%88%E3%83%AB%E4%B8%80%E8%A6%A7_%282023%E5%B9%B4%29
2023-11-30,The Traveler's Path,eastasiasoft,IARC,3+,https://ja.wikipedia.org/wiki/Nintendo_Switch%E3%81%AE%E3%82%B2%E3%83%BC%E3%83%A0%E3%82%BF%E3%82%A4%E3%83%88%E3%83%AB%E4%B8%80%E8%A6%A7_%282023%E5%B9%B4%29
2023-11-30,Ortheo,Elushis,IARC,3+,https://ja.wikipedia.org/wiki/Nintendo_Switch%E3%81%AE%E3%82%B2%E3%83%BC%E3%83%A0%E3%82%BF%E3%82%A4%E3%83%88%E3%83%AB%E4%B8%80%E8%A6%A7_%282023%E5%B9%B4%29
2023-11-30,デリーティド,EpiXR Games,IARC,7+,https://ja.wikipedia.org/wiki/Nintendo_Switch%E3%81%AE%E3%82%B2%E3%83%BC%E3%83%A0%E3%82%BF%E3%82%A4%E3%83%88%E3%83%AB%E4%B8%80%E8%A6%A7_%282023%E5%B9%B4%29
2023-11-30,アストラル アセント,H2 INTERACTIVE,IARC,7+,https://ja.wikipedia.org/wiki/Nintendo_Switch%E3%81%AE%E3%82%B2%E3%83%BC%E3%83%A0%E3%82%BF%E3%82%A4%E3%83%88%E3%83%AB%E4%B8%80%E8%A6%A7_%282023%E5%B9%B4%29
2023-11-30,Crashy Laps,JanduSoft,IARC,3+,https://ja.wikipedia.org/wiki/Nintendo_Switch%E3%81%AE%E3%82%B2%E3%83%BC%E3%83%A0%E3%82%BF%E3%82%A4%E3%83%88%E3%83%AB%E4%B8%80%E8%A6%A7_%282023%E5%B9%B4%29
2023-11-30,ダイ・クリーチャー,MazM,IARC,3+,https://ja.wikipedia.org/wiki/Nintendo_Switch%E3%81%AE%E3%82%B2%E3%83%BC%E3%83%A0%E3%82%BF%E3%82%A4%E3%83%88%E3%83%AB%E4%B8%80%E8%A6%A7_%282023%E5%B9%B4%29
2023-11-30,ドロー・アンド・カラー・メーズ ペイント・ラビリンス・パズル,Megame,IARC,3+,https://ja.wikipedia.org/wiki/Nintendo_Switch%E3%81%AE%E3%82%B2%E3%83%BC%E3%83%A0%E3%82%BF%E3%82%A4%E3%83%88%E3%83%AB%E4%B8%80%E8%A6%A7_%282023%E5%B9%B4%29
2023-11-30,Wildshade: Unicorn Champions,Nacon,IARC,3+,https://ja.wikipedia.org/wiki/Nintendo_Switch%E3%81%AE%E3%82%B2%E3%83%BC%E3%83%A0%E3%82%BF%E3%82%A4%E3%83%88%E3%83%AB%E4%B8%80%E8%A6%A7_%282023%E5%B9%B4%29
2023-11-30,Eyra: The Crow Maiden,Nami Tentou,IARC,7+,https://ja.wikipedia.org/wiki/Nintendo_Switch%E3%81%AE%E3%82%B2%E3%83%BC%E3%83%A0%E3%82%BF%E3%82%A4%E3%83%88%E3%83%AB%E4%B8%80%E8%A6%A7_%282023%E5%B9%B4%29
2023-11-30,TEVI,Neverland Entertainment,IARC,7+,https://ja.wikipedia.org/wiki/Nintendo_Switch%E3%81%AE%E3%82%B2%E3%83%BC%E3%83%A0%E3%82%BF%E3%82%A4%E3%83%88%E3%83%AB%E4%B8%80%E8%A6%A7_%282023%E5%B9%B4%29
2023-11-30,Air Aces,Pix Arts,IARC,12+,https://ja.wikipedia.org/wiki/Nintendo_Switch%E3%81%AE%E3%82%B2%E3%83%BC%E3%83%A0%E3%82%BF%E3%82%A4%E3%83%88%E3%83%AB%E4%B8%80%E8%A6%A7_%282023%E5%B9%B4%29
2023-11-30,ノラ:錬金術師を志す者,RedDeerGames,IARC,3+,https://ja.wikipedia.org/wiki/Nintendo_Switch%E3%81%AE%E3%82%B2%E3%83%BC%E3%83%A0%E3%82%BF%E3%82%A4%E3%83%88%E3%83%AB%E4%B8%80%E8%A6%A7_%282023%E5%B9%B4%29
2023-11-30,よちよちマイペットゴルフダッシュ,RedDeerGames,IARC,3+,https://ja.wikipedia.org/wiki/Nintendo_Switch%E3%81%AE%E3%82%B2%E3%83%BC%E3%83%A0%E3%82%BF%E3%82%A4%E3%83%88%E3%83%AB%E4%B8%80%E8%A6%A7_%282023%E5%B9%B4%29
2023-11-30,作って!たこ焼き,SAT-BOX,IARC,3+,https://ja.wikipedia.org/wiki/Nintendo_Switch%E3%81%AE%E3%82%B2%E3%83%BC%E3%83%A0%E3%82%BF%E3%82%A4%E3%83%88%E3%83%AB%E4%B8%80%E8%A6%A7_%282023%E5%B9%B4%29
2023-11-30,Toasterball,Seaven Studio,IARC,3+,https://ja.wikipedia.org/wiki/Nintendo_Switch%E3%81%AE%E3%82%B2%E3%83%BC%E3%83%A0%E3%82%BF%E3%82%A4%E3%83%88%E3%83%AB%E4%B8%80%E8%A6%A7_%282023%E5%B9%B4%29
2023-11-30,Roots of Pacha,Soda Den,IARC,3+,https://ja.wikipedia.org/wiki/Nintendo_Switch%E3%81%AE%E3%82%B2%E3%83%BC%E3%83%A0%E3%82%BF%E3%82%A4%E3%83%88%E3%83%AB%E4%B8%80%E8%A6%A7_%282023%E5%B9%B4%29
2023-11-30,Aspire: Ina's Tale,SOFT SOURCE,IARC,7+,https://ja.wikipedia.org/wiki/Nintendo_Switch%E3%81%AE%E3%82%B2%E3%83%BC%E3%83%A0%E3%82%BF%E3%82%A4%E3%83%88%E3%83%AB%E4%B8%80%E8%A6%A7_%282023%E5%B9%B4%29
2023-11-30,Flame Keeper,SOFT SOURCE,IARC,7+,https://ja.wikipedia.org/wiki/Nintendo_Switch%E3%81%AE%E3%82%B2%E3%83%BC%E3%83%A0%E3%82%BF%E3%82%A4%E3%83%88%E3%83%AB%E4%B8%80%E8%A6%A7_%282023%E5%B9%B4%29
2023-11-30,Breakout Birdie Escape,Thalamus Digital,IARC,3+,https://ja.wikipedia.org/wiki/Nintendo_Switch%E3%81%AE%E3%82%B2%E3%83%BC%E3%83%A0%E3%82%BF%E3%82%A4%E3%83%88%E3%83%AB%E4%B8%80%E8%A6%A7_%282023%E5%B9%B4%29
2023-11-30,Breakout Birdie Escape 2,不明,"","",https://ja.wikipedia.org/wiki/Nintendo_Switch%E3%81%AE%E3%82%B2%E3%83%BC%E3%83%A0%E3%82%BF%E3%82%A4%E3%83%88%E3%83%AB%E4%B8%80%E8%A6%A7_%282023%E5%B9%B4%29
2023-11-30,Breakout Birdie Panic,不明,"","",https://ja.wikipedia.org/wiki/Nintendo_Switch%E3%81%AE%E3%82%B2%E3%83%BC%E3%83%A0%E3%82%BF%E3%82%A4%E3%83%88%E3%83%AB%E4%B8%80%E8%A6%A7_%282023%E5%B9%B4%29
2023-11-30,Breakout Birdie Panic 2,不明,"","",https://ja.wikipedia.org/wiki/Nintendo_Switch%E3%81%AE%E3%82%B2%E3%83%BC%E3%83%A0%E3%82%BF%E3%82%A4%E3%83%88%E3%83%AB%E4%B8%80%E8%A6%A7_%282023%E5%B9%B4%29
2023-11-30,Breakout Birdie Puzzle,不明,"","",https://ja.wikipedia.org/wiki/Nintendo_Switch%E3%81%AE%E3%82%B2%E3%83%BC%E3%83%A0%E3%82%BF%E3%82%A4%E3%83%88%E3%83%AB%E4%B8%80%E8%A6%A7_%282023%E5%B9%B4%29
2023-11-30,Breakout Birdie Puzzle 2,不明,"","",https://ja.wikipedia.org/wiki/Nintendo_Switch%E3%81%AE%E3%82%B2%E3%83%BC%E3%83%A0%E3%82%BF%E3%82%A4%E3%83%88%E3%83%AB%E4%B8%80%E8%A6%A7_%282023%E5%B9%B4%29
2023-11-30,Word Space,Webnetic,IARC,3+,https://ja.wikipedia.org/wiki/Nintendo_Switch%E3%81%AE%E3%82%B2%E3%83%BC%E3%83%A0%E3%82%BF%E3%82%A4%E3%83%88%E3%83%AB%E4%B8%80%E8%A6%A7_%282023%E5%B9%B4%29
2023-11-30,Orten Was The Case,Woodhill Interactive,IARC,16+,https://ja.wikipedia.org/wiki/Nintendo_Switch%E3%81%AE%E3%82%B2%E3%83%BC%E3%83%A0%E3%82%BF%E3%82%A4%E3%83%88%E3%83%AB%E4%B8%80%E8%A6%A7_%282023%E5%B9%B4%29
2023-11-30,ぬりえであそぼう どうぶつえん,イマジニア,IARC,3+,https://ja.wikipedia.org/wiki/Nintendo_Switch%E3%81%AE%E3%82%B2%E3%83%BC%E3%83%A0%E3%82%BF%E3%82%A4%E3%83%88%E3%83%AB%E4%B8%80%E8%A6%A7_%282023%E5%B9%B4%29
2023-11-30,テラビット,サイバーステップ,IARC,7+,https://ja.wikipedia.org/wiki/Nintendo_Switch%E3%81%AE%E3%82%B2%E3%83%BC%E3%83%A0%E3%82%BF%E3%82%A4%E3%83%88%E3%83%AB%E4%B8%80%E8%A6%A7_%282023%E5%B9%B4%29
2023-11-30,"数学と親友とネタ帳 - Math, BFF, and Notes -",サイバーステップ,IARC,16+,https://ja.wikipedia.org/wiki/Nintendo_Switch%E3%81%AE%E3%82%B2%E3%83%BC%E3%83%A0%E3%82%BF%E3%82%A4%E3%83%88%E3%83%AB%E4%B8%80%E8%A6%A7_%282023%E5%B9%B4%29
2023-11-30,トリップワールドDX,サンソフト,IARC,3+,https://ja.wikipedia.org/wiki/Nintendo_Switch%E3%81%AE%E3%82%B2%E3%83%BC%E3%83%A0%E3%82%BF%E3%82%A4%E3%83%88%E3%83%AB%E4%B8%80%E8%A6%A7_%282023%E5%B9%B4%29
2023-11-30,今、私たちの学校は…,スタジオアートディンク,CERO,D,https://ja.wikipedia.org/wiki/Nintendo_Switch%E3%81%AE%E3%82%B2%E3%83%BC%E3%83%A0%E3%82%BF%E3%82%A4%E3%83%88%E3%83%AB%E4%B8%80%E8%A6%A7_%282023%E5%B9%B4%29
2023-11-30,ワールドウォー D-デイ PART TWO,トローゼ,IARC,16+,https://ja.wikipedia.org/wiki/Nintendo_Switch%E3%81%AE%E3%82%B2%E3%83%BC%E3%83%A0%E3%82%BF%E3%82%A4%E3%83%88%E3%83%AB%E4%B8%80%E8%A6%A7_%282023%E5%B9%B4%29
2023-11-30,Shikon-X 宇宙防衛要塞,ポラリスエックス,IARC,3+,https://ja.wikipedia.org/wiki/Nintendo_Switch%E3%81%AE%E3%82%B2%E3%83%BC%E3%83%A0%E3%82%BF%E3%82%A4%E3%83%88%E3%83%AB%E4%B8%80%E8%A6%A7_%282023%E5%B9%B4%29
2023-11-30,特別捜査 密着24時,ボルテージ,IARC,16+,https://ja.wikipedia.org/wiki/Nintendo_Switch%E3%81%AE%E3%82%B2%E3%83%BC%E3%83%A0%E3%82%BF%E3%82%A4%E3%83%88%E3%83%AB%E4%B8%80%E8%A6%A7_%282023%E5%B9%B4%29
2023-11-30,NINTENDO 64 Nintendo Classics 18+,任天堂,CERO,Z,https://ja.wikipedia.org/wiki/Nintendo_Switch%E3%81%AE%E3%82%B2%E3%83%BC%E3%83%A0%E3%82%BF%E3%82%A4%E3%83%88%E3%83%AB%E4%B8%80%E8%A6%A7_%282023%E5%B9%B4%29
2023-12-01,SteamWorld Build,Thunderful,IARC,7+,https://ja.wikipedia.org/wiki/Nintendo_Switch%E3%81%AE%E3%82%B2%E3%83%BC%E3%83%A0%E3%82%BF%E3%82%A4%E3%83%88%E3%83%AB%E4%B8%80%E8%A6%A7_%282023%E5%B9%B4%29
2023-12-01,Zomborg,ラタライカゲームス,IARC,12+,https://ja.wikipedia.org/wiki/Nintendo_Switch%E3%81%AE%E3%82%B2%E3%83%BC%E3%83%A0%E3%82%BF%E3%82%A4%E3%83%88%E3%83%AB%E4%B8%80%E8%A6%A7_%282023%E5%B9%B4%29
2023-12-04,Make Way,Secret Mode,IARC,3+,https://ja.wikipedia.org/wiki/Nintendo_Switch%E3%81%AE%E3%82%B2%E3%83%BC%E3%83%A0%E3%82%BF%E3%82%A4%E3%83%88%E3%83%AB%E4%B8%80%E8%A6%A7_%282023%E5%B9%B4%29
2023-12-06,While the Iron's Hot,Humble Games,IARC,7+,https://ja.wikipedia.org/wiki/Nintendo_Switch%E3%81%AE%E3%82%B2%E3%83%BC%E3%83%A0%E3%82%BF%E3%82%A4%E3%83%88%E3%83%AB%E4%B8%80%E8%A6%A7_%282023%E5%B9%B4%29
2023-12-07,Vege Bubble Shoot - ベジバブルシュート,Baltoro Games,IARC,3+,https://ja.wikipedia.org/wiki/Nintendo_Switch%E3%81%AE%E3%82%B2%E3%83%BC%E3%83%A0%E3%82%BF%E3%82%A4%E3%83%88%E3%83%AB%E4%B8%80%E8%A6%A7_%282023%E5%B9%B4%29
2023-12-07,Frido,Big Way,IARC,3+,https://ja.wikipedia.org/wiki/Nintendo_Switch%E3%81%AE%E3%82%B2%E3%83%BC%E3%83%A0%E3%82%BF%E3%82%A4%E3%83%88%E3%83%AB%E4%B8%80%E8%A6%A7_%282023%E5%B9%B4%29
2023-12-07,Hentai Dream,Big Way,IARC,12+,https://ja.wikipedia.org/wiki/Nintendo_Switch%E3%81%AE%E3%82%B2%E3%83%BC%E3%83%A0%E3%82%BF%E3%82%A4%E3%83%88%E3%83%AB%E4%B8%80%E8%A6%A7_%282023%E5%B9%B4%29
2023-12-07,Bulldozer Tycoon: Construction Simulator,DEMENCI Games,IARC,3+,https://ja.wikipedia.org/wiki/Nintendo_Switch%E3%81%AE%E3%82%B2%E3%83%BC%E3%83%A0%E3%82%BF%E3%82%A4%E3%83%88%E3%83%AB%E4%B8%80%E8%A6%A7_%282023%E5%B9%B4%29
2023-12-07,CADごっこ,Dev Sunada,IARC,3+,https://ja.wikipedia.org/wiki/Nintendo_Switch%E3%81%AE%E3%82%B2%E3%83%BC%E3%83%A0%E3%82%BF%E3%82%A4%E3%83%88%E3%83%AB%E4%B8%80%E8%A6%A7_%282023%E5%B9%B4%29
2023-12-07,Battle Stations Blockade,eastasiasoft,IARC,12+,https://ja.wikipedia.org/wiki/Nintendo_Switch%E3%81%AE%E3%82%B2%E3%83%BC%E3%83%A0%E3%82%BF%E3%82%A4%E3%83%88%E3%83%AB%E4%B8%80%E8%A6%A7_%282023%E5%B9%B4%29
2023-12-07,Final Shot,ESDigital Games,IARC,16+,https://ja.wikipedia.org/wiki/Nintendo_Switch%E3%81%AE%E3%82%B2%E3%83%BC%E3%83%A0%E3%82%BF%E3%82%A4%E3%83%88%E3%83%AB%E4%B8%80%E8%A6%A7_%282023%E5%B9%B4%29
2023-12-07,ベンの冒険:ウサギの走り,GaGa Games Studio,IARC,3+,https://ja.wikipedia.org/wiki/Nintendo_Switch%E3%81%AE%E3%82%B2%E3%83%BC%E3%83%A0%E3%82%BF%E3%82%A4%E3%83%88%E3%83%AB%E4%B8%80%E8%A6%A7_%282023%E5%B9%B4%29
2023-12-07,ストーンエイジ,HUNTERS,IARC,12+,https://ja.wikipedia.org/wiki/Nintendo_Switch%E3%81%AE%E3%82%B2%E3%83%BC%E3%83%A0%E3%82%BF%E3%82%A4%E3%83%88%E3%83%AB%E4%B8%80%E8%A6%A7_%282023%E5%B9%B4%29
2023-12-07,ザ・ラムジー,IKINAGAMES,IARC,3+,https://ja.wikipedia.org/wiki/Nintendo_Switch%E3%81%AE%E3%82%B2%E3%83%BC%E3%83%A0%E3%82%BF%E3%82%A4%E3%83%88%E3%83%AB%E4%B8%80%E8%A6%A7_%282023%E5%B9%B4%29
2023-12-07,深淵のユカラ,LocaGames,IARC,12+,https://ja.wikipedia.org/wiki/Nintendo_Switch%E3%81%AE%E3%82%B2%E3%83%BC%E3%83%A0%E3%82%BF%E3%82%A4%E3%83%88%E3%83%AB%E4%B8%80%E8%A6%A7_%282023%E5%B9%B4%29
2023-12-07,伝わる!学べる!にゃんこマンガで英会話－2択クイズで英語学習猫ねこ癒しのかんたん知育語学勉強ゲーム－,MASK,IARC,3+,https://ja.wikipedia.org/wiki/Nintendo_Switch%E3%81%AE%E3%82%B2%E3%83%BC%E3%83%A0%E3%82%BF%E3%82%A4%E3%83%88%E3%83%AB%E4%B8%80%E8%A6%A7_%282023%E5%B9%B4%29
2023-12-07,シティー・ドライバー カー・パーキング・シミュレーター,Megame,IARC,3+,https://ja.wikipedia.org/wiki/Nintendo_Switch%E3%81%AE%E3%82%B2%E3%83%BC%E3%83%A0%E3%82%BF%E3%82%A4%E3%83%88%E3%83%AB%E4%B8%80%E8%A6%A7_%282023%E5%B9%B4%29
2023-12-07,ディフェンド・ザ・ベース タワー・タレット・シューティング・レンジ,Megame,IARC,3+,https://ja.wikipedia.org/wiki/Nintendo_Switch%E3%81%AE%E3%82%B2%E3%83%BC%E3%83%A0%E3%82%BF%E3%82%A4%E3%83%88%E3%83%AB%E4%B8%80%E8%A6%A7_%282023%E5%B9%B4%29
2023-12-07,Nessy The Robot,Nami Tentou,IARC,3+,https://ja.wikipedia.org/wiki/Nintendo_Switch%E3%81%AE%E3%82%B2%E3%83%BC%E3%83%A0%E3%82%BF%E3%82%A4%E3%83%88%E3%83%AB%E4%B8%80%E8%A6%A7_%282023%E5%B9%B4%29
2023-12-07,Hentai Girls: College Crush,Pakotime,IARC,12+,https://ja.wikipedia.org/wiki/Nintendo_Switch%E3%81%AE%E3%82%B2%E3%83%BC%E3%83%A0%E3%82%BF%E3%82%A4%E3%83%88%E3%83%AB%E4%B8%80%E8%A6%A7_%282023%E5%B9%B4%29
2023-12-07,DREAMERS: A Nostalgic Adventure,PlaySys,IARC,12+,https://ja.wikipedia.org/wiki/Nintendo_Switch%E3%81%AE%E3%82%B2%E3%83%BC%E3%83%A0%E3%82%BF%E3%82%A4%E3%83%88%E3%83%AB%E4%B8%80%E8%A6%A7_%282023%E5%B9%B4%29
2023-12-07,クリチップタe,RAWRLAB,IARC,3+,https://ja.wikipedia.org/wiki/Nintendo_Switch%E3%81%AE%E3%82%B2%E3%83%BC%E3%83%A0%E3%82%BF%E3%82%A4%E3%83%88%E3%83%AB%E4%B8%80%E8%A6%A7_%282023%E5%B9%B4%29
2023-12-07,Hentai X,RedDeerGames,IARC,12+,https://ja.wikipedia.org/wiki/Nintendo_Switch%E3%81%AE%E3%82%B2%E3%83%BC%E3%83%A0%E3%82%BF%E3%82%A4%E3%83%88%E3%83%AB%E4%B8%80%E8%A6%A7_%282023%E5%B9%B4%29
2023-12-07,スマーフ の カラフル ストーリー,RedDeerGames,IARC,3+,https://ja.wikipedia.org/wiki/Nintendo_Switch%E3%81%AE%E3%82%B2%E3%83%BC%E3%83%A0%E3%82%BF%E3%82%A4%E3%83%88%E3%83%AB%E4%B8%80%E8%A6%A7_%282023%E5%B9%B4%29
2023-12-07,Cafe Owner Simulator,RockGame,IARC,3+,https://ja.wikipedia.org/wiki/Nintendo_Switch%E3%81%AE%E3%82%B2%E3%83%BC%E3%83%A0%E3%82%BF%E3%82%A4%E3%83%88%E3%83%AB%E4%B8%80%E8%A6%A7_%282023%E5%B9%B4%29
2023-12-07,ボクらの消しゴム落とし3 オンライン編,SAT-BOX,CERO,A,https://ja.wikipedia.org/wiki/Nintendo_Switch%E3%81%AE%E3%82%B2%E3%83%BC%E3%83%A0%E3%82%BF%E3%82%A4%E3%83%88%E3%83%AB%E4%B8%80%E8%A6%A7_%282023%E5%B9%B4%29
2023-12-07,Bang-On Balls: Chronicles,SOFT SOURCE,CERO,B,https://ja.wikipedia.org/wiki/Nintendo_Switch%E3%81%AE%E3%82%B2%E3%83%BC%E3%83%A0%E3%82%BF%E3%82%A4%E3%83%88%E3%83%AB%E4%B8%80%E8%A6%A7_%282023%E5%B9%B4%29
2023-12-07,XIIZEAL,トライアングル・サービス,IARC,7+,https://ja.wikipedia.org/wiki/Nintendo_Switch%E3%81%AE%E3%82%B2%E3%83%BC%E3%83%A0%E3%82%BF%E3%82%A4%E3%83%88%E3%83%AB%E4%B8%80%E8%A6%A7_%282023%E5%B9%B4%29
2023-12-07,Petit Petit Petit,モス,IARC,7+,https://ja.wikipedia.org/wiki/Nintendo_Switch%E3%81%AE%E3%82%B2%E3%83%BC%E3%83%A0%E3%82%BF%E3%82%A4%E3%83%88%E3%83%AB%E4%B8%80%E8%A6%A7_%282023%E5%B9%B4%29
2023-12-07,荒れ果てた病院からの脱出,レジスタ,CERO,A,https://ja.wikipedia.org/wiki/Nintendo_Switch%E3%81%AE%E3%82%B2%E3%83%BC%E3%83%A0%E3%82%BF%E3%82%A4%E3%83%88%E3%83%AB%E4%B8%80%E8%A6%A7_%282023%E5%B9%B4%29
2023-12-07,桃の華は鮮血に染まる,ワンコネクトゲームス,CERO,D,https://ja.wikipedia.org/wiki/Nintendo_Switch%E3%81%AE%E3%82%B2%E3%83%BC%E3%83%A0%E3%82%BF%E3%82%A4%E3%83%88%E3%83%AB%E4%B8%80%E8%A6%A7_%282023%E5%B9%B4%29
2023-12-08,Outer Wilds,Annapurna Interactive,CERO,A,https://ja.wikipedia.org/wiki/Nintendo_Switch%E3%81%AE%E3%82%B2%E3%83%BC%E3%83%A0%E3%82%BF%E3%82%A4%E3%83%88%E3%83%AB%E4%B8%80%E8%A6%A7_%282023%E5%B9%B4%29
2023-12-08,Fearmonium,ラタライカゲームス,IARC,16+,https://ja.wikipedia.org/wiki/Nintendo_Switch%E3%81%AE%E3%82%B2%E3%83%BC%E3%83%A0%E3%82%BF%E3%82%A4%E3%83%88%E3%83%AB%E4%B8%80%E8%A6%A7_%282023%E5%B9%B4%29
2023-12-13,Hammerwatch,Maximum Games,IARC,12+,https://ja.wikipedia.org/wiki/Nintendo_Switch%E3%81%AE%E3%82%B2%E3%83%BC%E3%83%A0%E3%82%BF%E3%82%A4%E3%83%88%E3%83%AB%E4%B8%80%E8%A6%A7_%282023%E5%B9%B4%29
2023-12-13,Hammerwatch II,不明,"","",https://ja.wikipedia.org/wiki/Nintendo_Switch%E3%81%AE%E3%82%B2%E3%83%BC%E3%83%A0%E3%82%BF%E3%82%A4%E3%83%88%E3%83%AB%E4%B8%80%E8%A6%A7_%282023%E5%B9%B4%29
2023-12-13,ポーションクラフト,tinyBuild Games,IARC,3+,https://ja.wikipedia.org/wiki/Nintendo_Switch%E3%81%AE%E3%82%B2%E3%83%BC%E3%83%A0%E3%82%BF%E3%82%A4%E3%83%88%E3%83%AB%E4%B8%80%E8%A6%A7_%282023%E5%B9%B4%29
2023-12-14,Yuletide Legends: サンタクロースを救え,Artifex Mundi,IARC,12+,https://ja.wikipedia.org/wiki/Nintendo_Switch%E3%81%AE%E3%82%B2%E3%83%BC%E3%83%A0%E3%82%BF%E3%82%A4%E3%83%88%E3%83%AB%E4%B8%80%E8%A6%A7_%282023%E5%B9%B4%29
2023-12-14,おもちゃ箱パズルクリスマス,Bearded Ants,IARC,3+,https://ja.wikipedia.org/wiki/Nintendo_Switch%E3%81%AE%E3%82%B2%E3%83%BC%E3%83%A0%E3%82%BF%E3%82%A4%E3%83%88%E3%83%AB%E4%B8%80%E8%A6%A7_%282023%E5%B9%B4%29
2023-12-14,City Bus Driver Simulator,DEMENCI Games,IARC,3+,https://ja.wikipedia.org/wiki/Nintendo_Switch%E3%81%AE%E3%82%B2%E3%83%BC%E3%83%A0%E3%82%BF%E3%82%A4%E3%83%88%E3%83%AB%E4%B8%80%E8%A6%A7_%282023%E5%B9%B4%29
2023-12-14,Hell Well,eastasiasoft,IARC,7+,https://ja.wikipedia.org/wiki/Nintendo_Switch%E3%81%AE%E3%82%B2%E3%83%BC%E3%83%A0%E3%82%BF%E3%82%A4%E3%83%88%E3%83%AB%E4%B8%80%E8%A6%A7_%282023%E5%B9%B4%29
2023-12-14,アニメパズル 学校トラブル,EpiXR Games,IARC,3+,https://ja.wikipedia.org/wiki/Nintendo_Switch%E3%81%AE%E3%82%B2%E3%83%BC%E3%83%A0%E3%82%BF%E3%82%A4%E3%83%88%E3%83%AB%E4%B8%80%E8%A6%A7_%282023%E5%B9%B4%29
2023-12-14,Oaken,Goblinz Studio,IARC,7+,https://ja.wikipedia.org/wiki/Nintendo_Switch%E3%81%AE%E3%82%B2%E3%83%BC%E3%83%A0%E3%82%BF%E3%82%A4%E3%83%88%E3%83%AB%E4%B8%80%E8%A6%A7_%282023%E5%B9%B4%29
2023-12-14,Aztec Tiki Talisman,JanduSoft,IARC,3+,https://ja.wikipedia.org/wiki/Nintendo_Switch%E3%81%AE%E3%82%B2%E3%83%BC%E3%83%A0%E3%82%BF%E3%82%A4%E3%83%88%E3%83%AB%E4%B8%80%E8%A6%A7_%282023%E5%B9%B4%29
2023-12-14,Raccoo Venture,QUByte Interactive,IARC,7+,https://ja.wikipedia.org/wiki/Nintendo_Switch%E3%81%AE%E3%82%B2%E3%83%BC%E3%83%A0%E3%82%BF%E3%82%A4%E3%83%88%E3%83%AB%E4%B8%80%E8%A6%A7_%282023%E5%B9%B4%29
2023-12-14,Hentai ゴルフ,RedDeerGames,IARC,12+,https://ja.wikipedia.org/wiki/Nintendo_Switch%E3%81%AE%E3%82%B2%E3%83%BC%E3%83%A0%E3%82%BF%E3%82%A4%E3%83%88%E3%83%AB%E4%B8%80%E8%A6%A7_%282023%E5%B9%B4%29
2023-12-14,Hentai 神経衰弱,RedDeerGames,IARC,12+,https://ja.wikipedia.org/wiki/Nintendo_Switch%E3%81%AE%E3%82%B2%E3%83%BC%E3%83%A0%E3%82%BF%E3%82%A4%E3%83%88%E3%83%AB%E4%B8%80%E8%A6%A7_%282023%E5%B9%B4%29
2023-12-14,マルチクイズ,Run-Down Games,IARC,16+,https://ja.wikipedia.org/wiki/Nintendo_Switch%E3%81%AE%E3%82%B2%E3%83%BC%E3%83%A0%E3%82%BF%E3%82%A4%E3%83%88%E3%83%AB%E4%B8%80%E8%A6%A7_%282023%E5%B9%B4%29
2023-12-14,レトロゲームパック,Run-Down Games,IARC,3+,https://ja.wikipedia.org/wiki/Nintendo_Switch%E3%81%AE%E3%82%B2%E3%83%BC%E3%83%A0%E3%82%BF%E3%82%A4%E3%83%88%E3%83%AB%E4%B8%80%E8%A6%A7_%282023%E5%B9%B4%29
2023-12-14,MECHBLAZE,Sanuk,IARC,3+,https://ja.wikipedia.org/wiki/Nintendo_Switch%E3%81%AE%E3%82%B2%E3%83%BC%E3%83%A0%E3%82%BF%E3%82%A4%E3%83%88%E3%83%AB%E4%B8%80%E8%A6%A7_%282023%E5%B9%B4%29
2023-12-14,Rising Dusk,Shinyuden,CERO,A,https://ja.wikipedia.org/wiki/Nintendo_Switch%E3%81%AE%E3%82%B2%E3%83%BC%E3%83%A0%E3%82%BF%E3%82%A4%E3%83%88%E3%83%AB%E4%B8%80%E8%A6%A7_%282023%E5%B9%B4%29
2023-12-14,ぴよころ,インビリティー,IARC,3+,https://ja.wikipedia.org/wiki/Nintendo_Switch%E3%81%AE%E3%82%B2%E3%83%BC%E3%83%A0%E3%82%BF%E3%82%A4%E3%83%88%E3%83%AB%E4%B8%80%E8%A6%A7_%282023%E5%B9%B4%29
2023-12-14,Elypse,オーイズミ・アミュージオ,CERO,B,https://ja.wikipedia.org/wiki/Nintendo_Switch%E3%81%AE%E3%82%B2%E3%83%BC%E3%83%A0%E3%82%BF%E3%82%A4%E3%83%88%E3%83%AB%E4%B8%80%E8%A6%A7_%282023%E5%B9%B4%29
2023-12-14,宿主ガードマン - Host Security Guard -,サイバーステップ,IARC,16+,https://ja.wikipedia.org/wiki/Nintendo_Switch%E3%81%AE%E3%82%B2%E3%83%BC%E3%83%A0%E3%82%BF%E3%82%A4%E3%83%88%E3%83%AB%E4%B8%80%E8%A6%A7_%282023%E5%B9%B4%29
2023-12-14,デジプラコレクション まるごと鉄道!ミニ 〜JR西日本編〜,ジー・モード,IARC,3+,https://ja.wikipedia.org/wiki/Nintendo_Switch%E3%81%AE%E3%82%B2%E3%83%BC%E3%83%A0%E3%82%BF%E3%82%A4%E3%83%88%E3%83%AB%E4%B8%80%E8%A6%A7_%282023%E5%B9%B4%29
2023-12-14,ネコミン,ジェットマン,IARC,3+,https://ja.wikipedia.org/wiki/Nintendo_Switch%E3%81%AE%E3%82%B2%E3%83%BC%E3%83%A0%E3%82%BF%E3%82%A4%E3%83%88%E3%83%AB%E4%B8%80%E8%A6%A7_%282023%E5%B9%B4%29
2023-12-15,Stickman's Arena,eastasiasoft,IARC,7+,https://ja.wikipedia.org/wiki/Nintendo_Switch%E3%81%AE%E3%82%B2%E3%83%BC%E3%83%A0%E3%82%BF%E3%82%A4%E3%83%88%E3%83%AB%E4%B8%80%E8%A6%A7_%282023%E5%B9%B4%29
2023-12-15,サクラ・エージェント,Gamuzumi,IARC,16+,https://ja.wikipedia.org/wiki/Nintendo_Switch%E3%81%AE%E3%82%B2%E3%83%BC%E3%83%A0%E3%82%BF%E3%82%A4%E3%83%88%E3%83%AB%E4%B8%80%E8%A6%A7_%282023%E5%B9%B4%29
2023-12-15,島からの脱出,Nerd Games,IARC,12+,https://ja.wikipedia.org/wiki/Nintendo_Switch%E3%81%AE%E3%82%B2%E3%83%BC%E3%83%A0%E3%82%BF%E3%82%A4%E3%83%88%E3%83%AB%E4%B8%80%E8%A6%A7_%282023%E5%B9%B4%29
2023-12-15,バトルプラネット,Ripples,IARC,16+,https://ja.wikipedia.org/wiki/Nintendo_Switch%E3%81%AE%E3%82%B2%E3%83%BC%E3%83%A0%E3%82%BF%E3%82%A4%E3%83%88%E3%83%AB%E4%B8%80%E8%A6%A7_%282023%E5%B9%B4%29
2023-12-15,パリア,Singularity 6,IARC,12+,https://ja.wikipedia.org/wiki/Nintendo_Switch%E3%81%AE%E3%82%B2%E3%83%BC%E3%83%A0%E3%82%BF%E3%82%A4%E3%83%88%E3%83%AB%E4%B8%80%E8%A6%A7_%282023%E5%B9%B4%29
2023-12-15,METRO QUESTER,ケムコ,IARC,12+,https://ja.wikipedia.org/wiki/Nintendo_Switch%E3%81%AE%E3%82%B2%E3%83%BC%E3%83%A0%E3%82%BF%E3%82%A4%E3%83%88%E3%83%AB%E4%B8%80%E8%A6%A7_%282023%E5%B9%B4%29
2023-12-15,Hirilun,ラタライカゲームス,IARC,7+,https://ja.wikipedia.org/wiki/Nintendo_Switch%E3%81%AE%E3%82%B2%E3%83%BC%E3%83%A0%E3%82%BF%E3%82%A4%E3%83%88%E3%83%AB%E4%B8%80%E8%A6%A7_%282023%E5%B9%B4%29
2023-12-19,Terra Nil,Devolver Digital,IARC,3+,https://ja.wikipedia.org/wiki/Nintendo_Switch%E3%81%AE%E3%82%B2%E3%83%BC%E3%83%A0%E3%82%BF%E3%82%A4%E3%83%88%E3%83%AB%E4%B8%80%E8%A6%A7_%282023%E5%B9%B4%29
2023-12-21,ザ・ランブルフィッシュ+,3goo,IARC,12+,https://ja.wikipedia.org/wiki/Nintendo_Switch%E3%81%AE%E3%82%B2%E3%83%BC%E3%83%A0%E3%82%BF%E3%82%A4%E3%83%88%E3%83%AB%E4%B8%80%E8%A6%A7_%282023%E5%B9%B4%29
2023-12-21,ケープ君の脱出ゲーム 6部屋目,AlignmentSharp,IARC,12+,https://ja.wikipedia.org/wiki/Nintendo_Switch%E3%81%AE%E3%82%B2%E3%83%BC%E3%83%A0%E3%82%BF%E3%82%A4%E3%83%88%E3%83%AB%E4%B8%80%E8%A6%A7_%282023%E5%B9%B4%29
2023-12-21,Growth,Assemble Entertainment,IARC,3+,https://ja.wikipedia.org/wiki/Nintendo_Switch%E3%81%AE%E3%82%B2%E3%83%BC%E3%83%A0%E3%82%BF%E3%82%A4%E3%83%88%E3%83%AB%E4%B8%80%E8%A6%A7_%282023%E5%B9%B4%29
2023-12-21,Three Minutes To Eight,Assemble Entertainment,IARC,12+,https://ja.wikipedia.org/wiki/Nintendo_Switch%E3%81%AE%E3%82%B2%E3%83%BC%E3%83%A0%E3%82%BF%E3%82%A4%E3%83%88%E3%83%AB%E4%B8%80%E8%A6%A7_%282023%E5%B9%B4%29
2023-12-21,Fashion World ファッションワールド,Baltoro Games,IARC,3+,https://ja.wikipedia.org/wiki/Nintendo_Switch%E3%81%AE%E3%82%B2%E3%83%BC%E3%83%A0%E3%82%BF%E3%82%A4%E3%83%88%E3%83%AB%E4%B8%80%E8%A6%A7_%282023%E5%B9%B4%29
2023-12-21,Kebab Bar Tycoon: ケバブバー・タイクーン,Baltoro Games,IARC,3+,https://ja.wikipedia.org/wiki/Nintendo_Switch%E3%81%AE%E3%82%B2%E3%83%BC%E3%83%A0%E3%82%BF%E3%82%A4%E3%83%88%E3%83%AB%E4%B8%80%E8%A6%A7_%282023%E5%B9%B4%29
2023-12-21,ダニーとエバン:キッズノート,Cooking & Publishing,IARC,3+,https://ja.wikipedia.org/wiki/Nintendo_Switch%E3%81%AE%E3%82%B2%E3%83%BC%E3%83%A0%E3%82%BF%E3%82%A4%E3%83%88%E3%83%AB%E4%B8%80%E8%A6%A7_%282023%E5%B9%B4%29
2023-12-21,Rough Justice '84,Daedalic Entertainment,IARC,7+,https://ja.wikipedia.org/wiki/Nintendo_Switch%E3%81%AE%E3%82%B2%E3%83%BC%E3%83%A0%E3%82%BF%E3%82%A4%E3%83%88%E3%83%AB%E4%B8%80%E8%A6%A7_%282023%E5%B9%B4%29
2023-12-21,Roman Empire Simulator,DEMENCI Games,IARC,7+,https://ja.wikipedia.org/wiki/Nintendo_Switch%E3%81%AE%E3%82%B2%E3%83%BC%E3%83%A0%E3%82%BF%E3%82%A4%E3%83%88%E3%83%AB%E4%B8%80%E8%A6%A7_%282023%E5%B9%B4%29
2023-12-21,Spirit Roots スピリット・ルーツ,Drageus Games,IARC,7+,https://ja.wikipedia.org/wiki/Nintendo_Switch%E3%81%AE%E3%82%B2%E3%83%BC%E3%83%A0%E3%82%BF%E3%82%A4%E3%83%88%E3%83%AB%E4%B8%80%E8%A6%A7_%282023%E5%B9%B4%29
2023-12-21,ブルーピーとドルーピー,DreamVeloper Studio,IARC,3+,https://ja.wikipedia.org/wiki/Nintendo_Switch%E3%81%AE%E3%82%B2%E3%83%BC%E3%83%A0%E3%82%BF%E3%82%A4%E3%83%88%E3%83%AB%E4%B8%80%E8%A6%A7_%282023%E5%B9%B4%29
2023-12-21,Ravva and the Phantom Library,eastasiasoft,IARC,7+,https://ja.wikipedia.org/wiki/Nintendo_Switch%E3%81%AE%E3%82%B2%E3%83%BC%E3%83%A0%E3%82%BF%E3%82%A4%E3%83%88%E3%83%AB%E4%B8%80%E8%A6%A7_%282023%E5%B9%B4%29
2023-12-21,Speed or Death,eastasiasoft,IARC,3+,https://ja.wikipedia.org/wiki/Nintendo_Switch%E3%81%AE%E3%82%B2%E3%83%BC%E3%83%A0%E3%82%BF%E3%82%A4%E3%83%88%E3%83%AB%E4%B8%80%E8%A6%A7_%282023%E5%B9%B4%29
2023-12-21,百鬼幻想記,Elushis,IARC,12+,https://ja.wikipedia.org/wiki/Nintendo_Switch%E3%81%AE%E3%82%B2%E3%83%BC%E3%83%A0%E3%82%BF%E3%82%A4%E3%83%88%E3%83%AB%E4%B8%80%E8%A6%A7_%282023%E5%B9%B4%29
2023-12-21,ザフライングトラベラー カームマインド4,EpiXR Games,IARC,7+,https://ja.wikipedia.org/wiki/Nintendo_Switch%E3%81%AE%E3%82%B2%E3%83%BC%E3%83%A0%E3%82%BF%E3%82%A4%E3%83%88%E3%83%AB%E4%B8%80%E8%A6%A7_%282023%E5%B9%B4%29
2023-12-21,マイ・ラブリー・ドッグ・アドベンチャー,EpiXR Games,IARC,7+,https://ja.wikipedia.org/wiki/Nintendo_Switch%E3%81%AE%E3%82%B2%E3%83%BC%E3%83%A0%E3%82%BF%E3%82%A4%E3%83%88%E3%83%AB%E4%B8%80%E8%A6%A7_%282023%E5%B9%B4%29
2023-12-21,チコリー 色とりどりの物語,Finji,IARC,7+,https://ja.wikipedia.org/wiki/Nintendo_Switch%E3%81%AE%E3%82%B2%E3%83%BC%E3%83%A0%E3%82%BF%E3%82%A4%E3%83%88%E3%83%AB%E4%B8%80%E8%A6%A7_%282023%E5%B9%B4%29
2023-12-21,理性の門,GaGa Games Studio,IARC,7+,https://ja.wikipedia.org/wiki/Nintendo_Switch%E3%81%AE%E3%82%B2%E3%83%BC%E3%83%A0%E3%82%BF%E3%82%A4%E3%83%88%E3%83%AB%E4%B8%80%E8%A6%A7_%282023%E5%B9%B4%29
2023-12-21,Military Combat Shooter Desert War,Halva Studio,IARC,7+,https://ja.wikipedia.org/wiki/Nintendo_Switch%E3%81%AE%E3%82%B2%E3%83%BC%E3%83%A0%E3%82%BF%E3%82%A4%E3%83%88%E3%83%AB%E4%B8%80%E8%A6%A7_%282023%E5%B9%B4%29
2023-12-21,幻想の鍛冶屋ショップシミュレーター: Fantasy Blacksmith Shop Simulator,Halva Studio,IARC,3+,https://ja.wikipedia.org/wiki/Nintendo_Switch%E3%81%AE%E3%82%B2%E3%83%BC%E3%83%A0%E3%82%BF%E3%82%A4%E3%83%88%E3%83%AB%E4%B8%80%E8%A6%A7_%282023%E5%B9%B4%29
2023-12-21,勇気の推理 海苔4 渡海街4,HERO GAME,IARC,3+,https://ja.wikipedia.org/wiki/Nintendo_Switch%E3%81%AE%E3%82%B2%E3%83%BC%E3%83%A0%E3%82%BF%E3%82%A4%E3%83%88%E3%83%AB%E4%B8%80%E8%A6%A7_%282023%E5%B9%B4%29
2023-12-21,20 Minutes Till Dawn,indienova,IARC,7+,https://ja.wikipedia.org/wiki/Nintendo_Switch%E3%81%AE%E3%82%B2%E3%83%BC%E3%83%A0%E3%82%BF%E3%82%A4%E3%83%88%E3%83%AB%E4%B8%80%E8%A6%A7_%282023%E5%B9%B4%29
2023-12-21,AirRevo,IndieRevo,IARC,3+,https://ja.wikipedia.org/wiki/Nintendo_Switch%E3%81%AE%E3%82%B2%E3%83%BC%E3%83%A0%E3%82%BF%E3%82%A4%E3%83%88%E3%83%AB%E4%B8%80%E8%A6%A7_%282023%E5%B9%B4%29
2023-12-21,Super Kart Mini Car Race,Kanuni Games,IARC,3+,https://ja.wikipedia.org/wiki/Nintendo_Switch%E3%81%AE%E3%82%B2%E3%83%BC%E3%83%A0%E3%82%BF%E3%82%A4%E3%83%88%E3%83%AB%E4%B8%80%E8%A6%A7_%282023%E5%B9%B4%29
2023-12-21,Backroom: Constructions,Marginalact,IARC,16+,https://ja.wikipedia.org/wiki/Nintendo_Switch%E3%81%AE%E3%82%B2%E3%83%BC%E3%83%A0%E3%82%BF%E3%82%A4%E3%83%88%E3%83%AB%E4%B8%80%E8%A6%A7_%282023%E5%B9%B4%29
2023-12-21,BL〜ボクらのラッキーハプニング〜－オトナなサプライズを楽しむドキドキボーイズラブコメゲーム－,MASK,IARC,16+,https://ja.wikipedia.org/wiki/Nintendo_Switch%E3%81%AE%E3%82%B2%E3%83%BC%E3%83%A0%E3%82%BF%E3%82%A4%E3%83%88%E3%83%AB%E4%B8%80%E8%A6%A7_%282023%E5%B9%B4%29
2023-12-21,ちがうのみっけ!－1か所間違い探しで脳トレ脳活アハ活ひらめきパズル－,MASK,IARC,3+,https://ja.wikipedia.org/wiki/Nintendo_Switch%E3%81%AE%E3%82%B2%E3%83%BC%E3%83%A0%E3%82%BF%E3%82%A4%E3%83%88%E3%83%AB%E4%B8%80%E8%A6%A7_%282023%E5%B9%B4%29
2023-12-21,B.O.O.L: 迷宮パズルをマスターする,Michael Wührer,IARC,3+,https://ja.wikipedia.org/wiki/Nintendo_Switch%E3%81%AE%E3%82%B2%E3%83%BC%E3%83%A0%E3%82%BF%E3%82%A4%E3%83%88%E3%83%AB%E4%B8%80%E8%A6%A7_%282023%E5%B9%B4%29
2023-12-21,ポピープレイタイム,Mob Entertainment,IARC,16+,https://ja.wikipedia.org/wiki/Nintendo_Switch%E3%81%AE%E3%82%B2%E3%83%BC%E3%83%A0%E3%82%BF%E3%82%A4%E3%83%88%E3%83%AB%E4%B8%80%E8%A6%A7_%282023%E5%B9%B4%29
2023-12-21,ハードレーシング:スタントカードライビング,Nikita Alexeevich,IARC,3+,https://ja.wikipedia.org/wiki/Nintendo_Switch%E3%81%AE%E3%82%B2%E3%83%BC%E3%83%A0%E3%82%BF%E3%82%A4%E3%83%88%E3%83%AB%E4%B8%80%E8%A6%A7_%282023%E5%B9%B4%29
2023-12-21,Mystery Box: The Journey,Ocean Media,IARC,3+,https://ja.wikipedia.org/wiki/Nintendo_Switch%E3%81%AE%E3%82%B2%E3%83%BC%E3%83%A0%E3%82%BF%E3%82%A4%E3%83%88%E3%83%AB%E4%B8%80%E8%A6%A7_%282023%E5%B9%B4%29
2023-12-21,ミステリーボックス:部屋からの脱出,不明,"","",https://ja.wikipedia.org/wiki/Nintendo_Switch%E3%81%AE%E3%82%B2%E3%83%BC%E3%83%A0%E3%82%BF%E3%82%A4%E3%83%88%E3%83%AB%E4%B8%80%E8%A6%A7_%282023%E5%B9%B4%29
2023-12-21,Hentai Girls: Pretty Christmas,Pakotime,IARC,12+,https://ja.wikipedia.org/wiki/Nintendo_Switch%E3%81%AE%E3%82%B2%E3%83%BC%E3%83%A0%E3%82%BF%E3%82%A4%E3%83%88%E3%83%AB%E4%B8%80%E8%A6%A7_%282023%E5%B9%B4%29
2023-12-21,モンティ・モグラ・コレクション,Pixel Games UK,IARC,3+,https://ja.wikipedia.org/wiki/Nintendo_Switch%E3%81%AE%E3%82%B2%E3%83%BC%E3%83%A0%E3%82%BF%E3%82%A4%E3%83%88%E3%83%AB%E4%B8%80%E8%A6%A7_%282023%E5%B9%B4%29
2023-12-21,Fireball Wizard,Plug In Digital,IARC,7+,https://ja.wikipedia.org/wiki/Nintendo_Switch%E3%81%AE%E3%82%B2%E3%83%BC%E3%83%A0%E3%82%BF%E3%82%A4%E3%83%88%E3%83%AB%E4%B8%80%E8%A6%A7_%282023%E5%B9%B4%29
2023-12-21,ヘリックス・ジャンプ,QubicGames,IARC,3+,https://ja.wikipedia.org/wiki/Nintendo_Switch%E3%81%AE%E3%82%B2%E3%83%BC%E3%83%A0%E3%82%BF%E3%82%A4%E3%83%88%E3%83%AB%E4%B8%80%E8%A6%A7_%282023%E5%B9%B4%29
2023-12-21,モブ・コントロール,QubicGames,IARC,7+,https://ja.wikipedia.org/wiki/Nintendo_Switch%E3%81%AE%E3%82%B2%E3%83%BC%E3%83%A0%E3%82%BF%E3%82%A4%E3%83%88%E3%83%AB%E4%B8%80%E8%A6%A7_%282023%E5%B9%B4%29
2023-12-21,SokoWinter,QUByte Interactive,IARC,3+,https://ja.wikipedia.org/wiki/Nintendo_Switch%E3%81%AE%E3%82%B2%E3%83%BC%E3%83%A0%E3%82%BF%E3%82%A4%E3%83%88%E3%83%AB%E4%B8%80%E8%A6%A7_%282023%E5%B9%B4%29
2023-12-21,Party Friends,Revulo Games,IARC,3+,https://ja.wikipedia.org/wiki/Nintendo_Switch%E3%81%AE%E3%82%B2%E3%83%BC%E3%83%A0%E3%82%BF%E3%82%A4%E3%83%88%E3%83%AB%E4%B8%80%E8%A6%A7_%282023%E5%B9%B4%29
2023-12-21,Tanuki Sunset,Rewind Games,IARC,7+,https://ja.wikipedia.org/wiki/Nintendo_Switch%E3%81%AE%E3%82%B2%E3%83%BC%E3%83%A0%E3%82%BF%E3%82%A4%E3%83%88%E3%83%AB%E4%B8%80%E8%A6%A7_%282023%E5%B9%B4%29
2023-12-21,くうこう,Run-Down Games,IARC,3+,https://ja.wikipedia.org/wiki/Nintendo_Switch%E3%81%AE%E3%82%B2%E3%83%BC%E3%83%A0%E3%82%BF%E3%82%A4%E3%83%88%E3%83%AB%E4%B8%80%E8%A6%A7_%282023%E5%B9%B4%29
2023-12-21,クリスマス バブル パズル,RuWaMo Games,IARC,3+,https://ja.wikipedia.org/wiki/Nintendo_Switch%E3%81%AE%E3%82%B2%E3%83%BC%E3%83%A0%E3%82%BF%E3%82%A4%E3%83%88%E3%83%AB%E4%B8%80%E8%A6%A7_%282023%E5%B9%B4%29
2023-12-21,プリンセス パズル アドベンチャー,RuWaMo Games,IARC,3+,https://ja.wikipedia.org/wiki/Nintendo_Switch%E3%81%AE%E3%82%B2%E3%83%BC%E3%83%A0%E3%82%BF%E3%82%A4%E3%83%88%E3%83%AB%E4%B8%80%E8%A6%A7_%282023%E5%B9%B4%29
2023-12-21,マイチャイルドレーベンスボルンリマスター,Sarepta Studio,IARC,12+,https://ja.wikipedia.org/wiki/Nintendo_Switch%E3%81%AE%E3%82%B2%E3%83%BC%E3%83%A0%E3%82%BF%E3%82%A4%E3%83%88%E3%83%AB%E4%B8%80%E8%A6%A7_%282023%E5%B9%B4%29
2023-12-21,Cleaning Queens,Silesia Games,IARC,3+,https://ja.wikipedia.org/wiki/Nintendo_Switch%E3%81%AE%E3%82%B2%E3%83%BC%E3%83%A0%E3%82%BF%E3%82%A4%E3%83%88%E3%83%AB%E4%B8%80%E8%A6%A7_%282023%E5%B9%B4%29
2023-12-21,Dungeon Defence Simulator 2024,SimulaMaker,IARC,3+,https://ja.wikipedia.org/wiki/Nintendo_Switch%E3%81%AE%E3%82%B2%E3%83%BC%E3%83%A0%E3%82%BF%E3%82%A4%E3%83%88%E3%83%AB%E4%B8%80%E8%A6%A7_%282023%E5%B9%B4%29
2023-12-21,Tennis 2024 Simulator,SimulaMaker,IARC,3+,https://ja.wikipedia.org/wiki/Nintendo_Switch%E3%81%AE%E3%82%B2%E3%83%BC%E3%83%A0%E3%82%BF%E3%82%A4%E3%83%88%E3%83%AB%E4%B8%80%E8%A6%A7_%282023%E5%B9%B4%29
2023-12-21,Bulanci,SleepTeam,IARC,7+,https://ja.wikipedia.org/wiki/Nintendo_Switch%E3%81%AE%E3%82%B2%E3%83%BC%E3%83%A0%E3%82%BF%E3%82%A4%E3%83%88%E3%83%AB%E4%B8%80%E8%A6%A7_%282023%E5%B9%B4%29
2023-12-21,Wall World,Sticky Rice Games,IARC,7+,https://ja.wikipedia.org/wiki/Nintendo_Switch%E3%81%AE%E3%82%B2%E3%83%BC%E3%83%A0%E3%82%BF%E3%82%A4%E3%83%88%E3%83%AB%E4%B8%80%E8%A6%A7_%282023%E5%B9%B4%29
2023-12-21,Truck Simulator 2024 - USA Driver Zone,SUCCESS GAMES,IARC,3+,https://ja.wikipedia.org/wiki/Nintendo_Switch%E3%81%AE%E3%82%B2%E3%83%BC%E3%83%A0%E3%82%BF%E3%82%A4%E3%83%88%E3%83%AB%E4%B8%80%E8%A6%A7_%282023%E5%B9%B4%29
2023-12-21,マサラダタウン物語,sugar star,IARC,3+,https://ja.wikipedia.org/wiki/Nintendo_Switch%E3%81%AE%E3%82%B2%E3%83%BC%E3%83%A0%E3%82%BF%E3%82%A4%E3%83%88%E3%83%AB%E4%B8%80%E8%A6%A7_%282023%E5%B9%B4%29
2023-12-21,世界の首都クイズ,Supergonk,IARC,3+,https://ja.wikipedia.org/wiki/Nintendo_Switch%E3%81%AE%E3%82%B2%E3%83%BC%E3%83%A0%E3%82%BF%E3%82%A4%E3%83%88%E3%83%AB%E4%B8%80%E8%A6%A7_%282023%E5%B9%B4%29
2023-12-21,Breakout Birdie,Thalamus Digital,IARC,3+,https://ja.wikipedia.org/wiki/Nintendo_Switch%E3%81%AE%E3%82%B2%E3%83%BC%E3%83%A0%E3%82%BF%E3%82%A4%E3%83%88%E3%83%AB%E4%B8%80%E8%A6%A7_%282023%E5%B9%B4%29
2023-12-21,Breakout Birdie 2,不明,"","",https://ja.wikipedia.org/wiki/Nintendo_Switch%E3%81%AE%E3%82%B2%E3%83%BC%E3%83%A0%E3%82%BF%E3%82%A4%E3%83%88%E3%83%AB%E4%B8%80%E8%A6%A7_%282023%E5%B9%B4%29
2023-12-21,Breakout Birdie Adventure,不明,"","",https://ja.wikipedia.org/wiki/Nintendo_Switch%E3%81%AE%E3%82%B2%E3%83%BC%E3%83%A0%E3%82%BF%E3%82%A4%E3%83%88%E3%83%AB%E4%B8%80%E8%A6%A7_%282023%E5%B9%B4%29
2023-12-21,8P常識力バトル－みんなで遊べる4択教養格付け対戦クイズ－,TT,IARC,3+,https://ja.wikipedia.org/wiki/Nintendo_Switch%E3%81%AE%E3%82%B2%E3%83%BC%E3%83%A0%E3%82%BF%E3%82%A4%E3%83%88%E3%83%AB%E4%B8%80%E8%A6%A7_%282023%E5%B9%B4%29
2023-12-21,わかる!学べる!小学校教科書テスト－6年間を総復習!基礎が身につく学習勉強対戦クイズ－,TT,IARC,3+,https://ja.wikipedia.org/wiki/Nintendo_Switch%E3%81%AE%E3%82%B2%E3%83%BC%E3%83%A0%E3%82%BF%E3%82%A4%E3%83%88%E3%83%AB%E4%B8%80%E8%A6%A7_%282023%E5%B9%B4%29
2023-12-21,チューチュー・チャールズ,Two Star Games,IARC,16+,https://ja.wikipedia.org/wiki/Nintendo_Switch%E3%81%AE%E3%82%B2%E3%83%BC%E3%83%A0%E3%82%BF%E3%82%A4%E3%83%88%E3%83%AB%E4%B8%80%E8%A6%A7_%282023%E5%B9%B4%29
2023-12-21,Freddi Fish 4: The Case of The Hogfish Rustlers of Briny Gulch,UFO Interactive,IARC,3+,https://ja.wikipedia.org/wiki/Nintendo_Switch%E3%81%AE%E3%82%B2%E3%83%BC%E3%83%A0%E3%82%BF%E3%82%A4%E3%83%88%E3%83%AB%E4%B8%80%E8%A6%A7_%282023%E5%B9%B4%29
2023-12-21,Pajama Sam 3: You Are What You Eat from Your Head to Your Feet,UFO Interactive,IARC,3+,https://ja.wikipedia.org/wiki/Nintendo_Switch%E3%81%AE%E3%82%B2%E3%83%BC%E3%83%A0%E3%82%BF%E3%82%A4%E3%83%88%E3%83%AB%E4%B8%80%E8%A6%A7_%282023%E5%B9%B4%29
2023-12-21,よお、俺のビールはどこだ?,WhisperGames,IARC,3+,https://ja.wikipedia.org/wiki/Nintendo_Switch%E3%81%AE%E3%82%B2%E3%83%BC%E3%83%A0%E3%82%BF%E3%82%A4%E3%83%88%E3%83%AB%E4%B8%80%E8%A6%A7_%282023%E5%B9%B4%29
2023-12-21,くまモンラン,エディア,IARC,3+,https://ja.wikipedia.org/wiki/Nintendo_Switch%E3%81%AE%E3%82%B2%E3%83%BC%E3%83%A0%E3%82%BF%E3%82%A4%E3%83%88%E3%83%AB%E4%B8%80%E8%A6%A7_%282023%E5%B9%B4%29
2023-12-21,不思議の国の冒険酒場,ライドオンジャパン,CERO,A,https://ja.wikipedia.org/wiki/Nintendo_Switch%E3%81%AE%E3%82%B2%E3%83%BC%E3%83%A0%E3%82%BF%E3%82%A4%E3%83%88%E3%83%AB%E4%B8%80%E8%A6%A7_%282023%E5%B9%B4%29
2023-12-21,猫様の学び舎からの脱出,レジスタ,CERO,A,https://ja.wikipedia.org/wiki/Nintendo_Switch%E3%81%AE%E3%82%B2%E3%83%BC%E3%83%A0%E3%82%BF%E3%82%A4%E3%83%88%E3%83%AB%E4%B8%80%E8%A6%A7_%282023%E5%B9%B4%29
2023-12-21,リトルプリンセス マール王国の人形姫2,日本一ソフトウェア,CERO,A,https://ja.wikipedia.org/wiki/Nintendo_Switch%E3%81%AE%E3%82%B2%E3%83%BC%E3%83%A0%E3%82%BF%E3%82%A4%E3%83%88%E3%83%AB%E4%B8%80%E8%A6%A7_%282023%E5%B9%B4%29
2023-12-21,天使のプレゼント マール王国物語,不明,"",同名PS2用ソフトの移植版。,https://ja.wikipedia.org/wiki/Nintendo_Switch%E3%81%AE%E3%82%B2%E3%83%BC%E3%83%A0%E3%82%BF%E3%82%A4%E3%83%88%E3%83%AB%E4%B8%80%E8%A6%A7_%282023%E5%B9%B4%29
2023-12-22,MILK SELLER,GAME NACIONAL,IARC,3+,https://ja.wikipedia.org/wiki/Nintendo_Switch%E3%81%AE%E3%82%B2%E3%83%BC%E3%83%A0%E3%82%BF%E3%82%A4%E3%83%88%E3%83%AB%E4%B8%80%E8%A6%A7_%282023%E5%B9%B4%29
2023-12-22,刃神のアマテラス,ケムコ,CERO,A,https://ja.wikipedia.org/wiki/Nintendo_Switch%E3%81%AE%E3%82%B2%E3%83%BC%E3%83%A0%E3%82%BF%E3%82%A4%E3%83%88%E3%83%AB%E4%B8%80%E8%A6%A7_%282023%E5%B9%B4%29
2023-12-29,MisBloody,GAME NACIONAL,IARC,16+,https://ja.wikipedia.org/wiki/Nintendo_Switch%E3%81%AE%E3%82%B2%E3%83%BC%E3%83%A0%E3%82%BF%E3%82%A4%E3%83%88%E3%83%AB%E4%B8%80%E8%A6%A7_%282023%E5%B9%B4%29
2023-12-31,クイズ☆正解は一年後 presents あつしの名探偵,Phoenixx,CERO,B,https://ja.wikipedia.org/wiki/Nintendo_Switch%E3%81%AE%E3%82%B2%E3%83%BC%E3%83%A0%E3%82%BF%E3%82%A4%E3%83%88%E3%83%AB%E4%B8%80%E8%A6%A7_%282023%E5%B9%B4%29
2024-01-04,あいつらは 知っている,RedDeerGames,IARC,7+,https://ja.wikipedia.org/wiki/Nintendo_Switch%E3%81%AE%E3%82%B2%E3%83%BC%E3%83%A0%E3%82%BF%E3%82%A4%E3%83%88%E3%83%AB%E4%B8%80%E8%A6%A7_%282024%E5%B9%B4%29
2024-01-11,Wild Seas,Afil Games,IARC,3+,https://ja.wikipedia.org/wiki/Nintendo_Switch%E3%81%AE%E3%82%B2%E3%83%BC%E3%83%A0%E3%82%BF%E3%82%A4%E3%83%88%E3%83%AB%E4%B8%80%E8%A6%A7_%282024%E5%B9%B4%29
2024-01-11,Trash Punk,Baltoro Games,IARC,7+,https://ja.wikipedia.org/wiki/Nintendo_Switch%E3%81%AE%E3%82%B2%E3%83%BC%E3%83%A0%E3%82%BF%E3%82%A4%E3%83%88%E3%83%AB%E4%B8%80%E8%A6%A7_%282024%E5%B9%B4%29
2024-01-11,Shivering Stone,eastasiasoft,IARC,3+,https://ja.wikipedia.org/wiki/Nintendo_Switch%E3%81%AE%E3%82%B2%E3%83%BC%E3%83%A0%E3%82%BF%E3%82%A4%E3%83%88%E3%83%AB%E4%B8%80%E8%A6%A7_%282024%E5%B9%B4%29
2024-01-11,スターガーディアンズぷらす・やっつのボスをやっつけろ,Flynn's Arcade,IARC,7+,https://ja.wikipedia.org/wiki/Nintendo_Switch%E3%81%AE%E3%82%B2%E3%83%BC%E3%83%A0%E3%82%BF%E3%82%A4%E3%83%88%E3%83%AB%E4%B8%80%E8%A6%A7_%282024%E5%B9%B4%29
2024-01-11,Electrician Simulator,Gaming Factory,IARC,3+,https://ja.wikipedia.org/wiki/Nintendo_Switch%E3%81%AE%E3%82%B2%E3%83%BC%E3%83%A0%E3%82%BF%E3%82%A4%E3%83%88%E3%83%AB%E4%B8%80%E8%A6%A7_%282024%E5%B9%B4%29
2024-01-11,Anime Girls: Highschool of Dead,Halva Studio,IARC,12+,https://ja.wikipedia.org/wiki/Nintendo_Switch%E3%81%AE%E3%82%B2%E3%83%BC%E3%83%A0%E3%82%BF%E3%82%A4%E3%83%88%E3%83%AB%E4%B8%80%E8%A6%A7_%282024%E5%B9%B4%29
2024-01-11,フォー・ザ・ワープ,Massive Galaxy Studios,IARC,7+,https://ja.wikipedia.org/wiki/Nintendo_Switch%E3%81%AE%E3%82%B2%E3%83%BC%E3%83%A0%E3%82%BF%E3%82%A4%E3%83%88%E3%83%AB%E4%B8%80%E8%A6%A7_%282024%E5%B9%B4%29
2024-01-11,Hentai Girls: Office Romance,Pakotime,IARC,12+,https://ja.wikipedia.org/wiki/Nintendo_Switch%E3%81%AE%E3%82%B2%E3%83%BC%E3%83%A0%E3%82%BF%E3%82%A4%E3%83%88%E3%83%AB%E4%B8%80%E8%A6%A7_%282024%E5%B9%B4%29
2024-01-11,ザ・スパイ・フー・ショット・ミー,PixelHeart,IARC,7+,https://ja.wikipedia.org/wiki/Nintendo_Switch%E3%81%AE%E3%82%B2%E3%83%BC%E3%83%A0%E3%82%BF%E3%82%A4%E3%83%88%E3%83%AB%E4%B8%80%E8%A6%A7_%282024%E5%B9%B4%29
2024-01-11,マイ・ベーカリーの王国,QubicGames,IARC,3+,https://ja.wikipedia.org/wiki/Nintendo_Switch%E3%81%AE%E3%82%B2%E3%83%BC%E3%83%A0%E3%82%BF%E3%82%A4%E3%83%88%E3%83%AB%E4%B8%80%E8%A6%A7_%282024%E5%B9%B4%29
2024-01-11,Hentai Number Place,RedDeerGames,IARC,12+,https://ja.wikipedia.org/wiki/Nintendo_Switch%E3%81%AE%E3%82%B2%E3%83%BC%E3%83%A0%E3%82%BF%E3%82%A4%E3%83%88%E3%83%AB%E4%B8%80%E8%A6%A7_%282024%E5%B9%B4%29
2024-01-11,nゴルフ,RedDeerGames,IARC,3+,https://ja.wikipedia.org/wiki/Nintendo_Switch%E3%81%AE%E3%82%B2%E3%83%BC%E3%83%A0%E3%82%BF%E3%82%A4%E3%83%88%E3%83%AB%E4%B8%80%E8%A6%A7_%282024%E5%B9%B4%29
2024-01-11,ジオメトリゼリー,SOURCE BYTE,IARC,3+,https://ja.wikipedia.org/wiki/Nintendo_Switch%E3%81%AE%E3%82%B2%E3%83%BC%E3%83%A0%E3%82%BF%E3%82%A4%E3%83%88%E3%83%AB%E4%B8%80%E8%A6%A7_%282024%E5%B9%B4%29
2024-01-12,Reigns: Three Kingdoms,Devolver Digital,IARC,7+,https://ja.wikipedia.org/wiki/Nintendo_Switch%E3%81%AE%E3%82%B2%E3%83%BC%E3%83%A0%E3%82%BF%E3%82%A4%E3%83%88%E3%83%AB%E4%B8%80%E8%A6%A7_%282024%E5%B9%B4%29
2024-01-12,猫シミュレーター,Nerd Games,IARC,3+,https://ja.wikipedia.org/wiki/Nintendo_Switch%E3%81%AE%E3%82%B2%E3%83%BC%E3%83%A0%E3%82%BF%E3%82%A4%E3%83%88%E3%83%AB%E4%B8%80%E8%A6%A7_%282024%E5%B9%B4%29
2024-01-12,Kitten Hero,ラタライカゲームス,IARC,7+,https://ja.wikipedia.org/wiki/Nintendo_Switch%E3%81%AE%E3%82%B2%E3%83%BC%E3%83%A0%E3%82%BF%E3%82%A4%E3%83%88%E3%83%AB%E4%B8%80%E8%A6%A7_%282024%E5%B9%B4%29
2024-01-18,Ultimate Racing 2D 2,Applimazing,IARC,3+,https://ja.wikipedia.org/wiki/Nintendo_Switch%E3%81%AE%E3%82%B2%E3%83%BC%E3%83%A0%E3%82%BF%E3%82%A4%E3%83%88%E3%83%AB%E4%B8%80%E8%A6%A7_%282024%E5%B9%B4%29
2024-01-18,Hentai RPG: Isekai Journey,Big Way,IARC,12+,https://ja.wikipedia.org/wiki/Nintendo_Switch%E3%81%AE%E3%82%B2%E3%83%BC%E3%83%A0%E3%82%BF%E3%82%A4%E3%83%88%E3%83%AB%E4%B8%80%E8%A6%A7_%282024%E5%B9%B4%29
2024-01-18,Vostok 2061,Big Way,IARC,7+,https://ja.wikipedia.org/wiki/Nintendo_Switch%E3%81%AE%E3%82%B2%E3%83%BC%E3%83%A0%E3%82%BF%E3%82%A4%E3%83%88%E3%83%AB%E4%B8%80%E8%A6%A7_%282024%E5%B9%B4%29
2024-01-18,Chickenoidz Super Party,eastasiasoft,IARC,7+,https://ja.wikipedia.org/wiki/Nintendo_Switch%E3%81%AE%E3%82%B2%E3%83%BC%E3%83%A0%E3%82%BF%E3%82%A4%E3%83%88%E3%83%AB%E4%B8%80%E8%A6%A7_%282024%E5%B9%B4%29
2024-01-18,Nephenthesys,eastasiasoft,IARC,7+,https://ja.wikipedia.org/wiki/Nintendo_Switch%E3%81%AE%E3%82%B2%E3%83%BC%E3%83%A0%E3%82%BF%E3%82%A4%E3%83%88%E3%83%AB%E4%B8%80%E8%A6%A7_%282024%E5%B9%B4%29
2024-01-18,運命の英雄,Happy Player,IARC,3+,https://ja.wikipedia.org/wiki/Nintendo_Switch%E3%81%AE%E3%82%B2%E3%83%BC%E3%83%A0%E3%82%BF%E3%82%A4%E3%83%88%E3%83%AB%E4%B8%80%E8%A6%A7_%282024%E5%B9%B4%29
2024-01-18,フェアリーテールシアター〜桃太郎の冒険〜,HUNTERS,IARC,12+,https://ja.wikipedia.org/wiki/Nintendo_Switch%E3%81%AE%E3%82%B2%E3%83%BC%E3%83%A0%E3%82%BF%E3%82%A4%E3%83%88%E3%83%AB%E4%B8%80%E8%A6%A7_%282024%E5%B9%B4%29
2024-01-18,うつ病の部屋,IndieArk,IARC,3+,https://ja.wikipedia.org/wiki/Nintendo_Switch%E3%81%AE%E3%82%B2%E3%83%BC%E3%83%A0%E3%82%BF%E3%82%A4%E3%83%88%E3%83%AB%E4%B8%80%E8%A6%A7_%282024%E5%B9%B4%29
2024-01-18,Ominous Tales: The Forsaken Isle,Joindots,IARC,7+,https://ja.wikipedia.org/wiki/Nintendo_Switch%E3%81%AE%E3%82%B2%E3%83%BC%E3%83%A0%E3%82%BF%E3%82%A4%E3%83%88%E3%83%AB%E4%B8%80%E8%A6%A7_%282024%E5%B9%B4%29
2024-01-18,Night of the Crabz 〜蟹の頭に気をつけろ〜,KaminGames,IARC,12+,https://ja.wikipedia.org/wiki/Nintendo_Switch%E3%81%AE%E3%82%B2%E3%83%BC%E3%83%A0%E3%82%BF%E3%82%A4%E3%83%88%E3%83%AB%E4%B8%80%E8%A6%A7_%282024%E5%B9%B4%29
2024-01-18,通神演義:神になる前に,Lightning Games,IARC,3+,https://ja.wikipedia.org/wiki/Nintendo_Switch%E3%81%AE%E3%82%B2%E3%83%BC%E3%83%A0%E3%82%BF%E3%82%A4%E3%83%88%E3%83%AB%E4%B8%80%E8%A6%A7_%282024%E5%B9%B4%29
2024-01-18,おくだけスタディ ハングル応用単語－指一本で韓国語かんたん勉強学習知育ゲーム－,MASK,IARC,3+,https://ja.wikipedia.org/wiki/Nintendo_Switch%E3%81%AE%E3%82%B2%E3%83%BC%E3%83%A0%E3%82%BF%E3%82%A4%E3%83%88%E3%83%AB%E4%B8%80%E8%A6%A7_%282024%E5%B9%B4%29
2024-01-18,Mystery Box: Evolution,Ocean Media,IARC,3+,https://ja.wikipedia.org/wiki/Nintendo_Switch%E3%81%AE%E3%82%B2%E3%83%BC%E3%83%A0%E3%82%BF%E3%82%A4%E3%83%88%E3%83%AB%E4%B8%80%E8%A6%A7_%282024%E5%B9%B4%29
2024-01-18,nDay,RedDeerGames,IARC,3+,https://ja.wikipedia.org/wiki/Nintendo_Switch%E3%81%AE%E3%82%B2%E3%83%BC%E3%83%A0%E3%82%BF%E3%82%A4%E3%83%88%E3%83%AB%E4%B8%80%E8%A6%A7_%282024%E5%B9%B4%29
2024-01-18,ニャー マッチ,RedDeerGames,IARC,3+,https://ja.wikipedia.org/wiki/Nintendo_Switch%E3%81%AE%E3%82%B2%E3%83%BC%E3%83%A0%E3%82%BF%E3%82%A4%E3%83%88%E3%83%AB%E4%B8%80%E8%A6%A7_%282024%E5%B9%B4%29
2024-01-18,Moon Lander,Sabec,IARC,3+,https://ja.wikipedia.org/wiki/Nintendo_Switch%E3%81%AE%E3%82%B2%E3%83%BC%E3%83%A0%E3%82%BF%E3%82%A4%E3%83%88%E3%83%AB%E4%B8%80%E8%A6%A7_%282024%E5%B9%B4%29
2024-01-18,SUSHIショット,SAT-BOX,IARC,3+,https://ja.wikipedia.org/wiki/Nintendo_Switch%E3%81%AE%E3%82%B2%E3%83%BC%E3%83%A0%E3%82%BF%E3%82%A4%E3%83%88%E3%83%AB%E4%B8%80%E8%A6%A7_%282024%E5%B9%B4%29
2024-01-18,The Pedestrian,Skookum Arts,IARC,7+,https://ja.wikipedia.org/wiki/Nintendo_Switch%E3%81%AE%E3%82%B2%E3%83%BC%E3%83%A0%E3%82%BF%E3%82%A4%E3%83%88%E3%83%AB%E4%B8%80%E8%A6%A7_%282024%E5%B9%B4%29
2024-01-18,DreadOut 2,SOFT SOURCE,CERO,Z,https://ja.wikipedia.org/wiki/Nintendo_Switch%E3%81%AE%E3%82%B2%E3%83%BC%E3%83%A0%E3%82%BF%E3%82%A4%E3%83%88%E3%83%AB%E4%B8%80%E8%A6%A7_%282024%E5%B9%B4%29
2024-01-18,Everdream Valley,SOFT SOURCE,CERO,A,https://ja.wikipedia.org/wiki/Nintendo_Switch%E3%81%AE%E3%82%B2%E3%83%BC%E3%83%A0%E3%82%BF%E3%82%A4%E3%83%88%E3%83%AB%E4%B8%80%E8%A6%A7_%282024%E5%B9%B4%29
2024-01-18,Super Sean 007,SOFT SOURCE,IARC,3+,https://ja.wikipedia.org/wiki/Nintendo_Switch%E3%81%AE%E3%82%B2%E3%83%BC%E3%83%A0%E3%82%BF%E3%82%A4%E3%83%88%E3%83%AB%E4%B8%80%E8%A6%A7_%282024%E5%B9%B4%29
2024-01-18,救え!邪神ちゃんドロップキック,TT,IARC,7+,https://ja.wikipedia.org/wiki/Nintendo_Switch%E3%81%AE%E3%82%B2%E3%83%BC%E3%83%A0%E3%82%BF%E3%82%A4%E3%83%88%E3%83%AB%E4%B8%80%E8%A6%A7_%282024%E5%B9%B4%29
2024-01-18,脱出の部屋－頭脳で攻略ひらめき脳トレ謎解き推理ゲーム－,TT,IARC,3+,https://ja.wikipedia.org/wiki/Nintendo_Switch%E3%81%AE%E3%82%B2%E3%83%BC%E3%83%A0%E3%82%BF%E3%82%A4%E3%83%88%E3%83%AB%E4%B8%80%E8%A6%A7_%282024%E5%B9%B4%29
2024-01-18,早押し！3ヒントクイズ－簡単？難しい？大人も子供も楽しめる脳トレ脳活英語対応クイズ－,TT,IARC,3+,https://ja.wikipedia.org/wiki/Nintendo_Switch%E3%81%AE%E3%82%B2%E3%83%BC%E3%83%A0%E3%82%BF%E3%82%A4%E3%83%88%E3%83%AB%E4%B8%80%E8%A6%A7_%282024%E5%B9%B4%29
2024-01-18,ぬりえであそぼう すいぞくかん,イマジニア,IARC,3+,https://ja.wikipedia.org/wiki/Nintendo_Switch%E3%81%AE%E3%82%B2%E3%83%BC%E3%83%A0%E3%82%BF%E3%82%A4%E3%83%88%E3%83%AB%E4%B8%80%E8%A6%A7_%282024%E5%B9%B4%29
2024-01-18,バンセンナイツ,コーラス・ワールドワイド,IARC,16+,https://ja.wikipedia.org/wiki/Nintendo_Switch%E3%81%AE%E3%82%B2%E3%83%BC%E3%83%A0%E3%82%BF%E3%82%A4%E3%83%88%E3%83%AB%E4%B8%80%E8%A6%A7_%282024%E5%B9%B4%29
2024-01-18,ゆらぎ荘の幽奈さん 湯けむり迷宮 極み,フリュー,CERO,C,https://ja.wikipedia.org/wiki/Nintendo_Switch%E3%81%AE%E3%82%B2%E3%83%BC%E3%83%A0%E3%82%BF%E3%82%A4%E3%83%88%E3%83%AB%E4%B8%80%E8%A6%A7_%282024%E5%B9%B4%29
2024-01-19,Rising Lords,Deck13,IARC,7+,https://ja.wikipedia.org/wiki/Nintendo_Switch%E3%81%AE%E3%82%B2%E3%83%BC%E3%83%A0%E3%82%BF%E3%82%A4%E3%83%88%E3%83%AB%E4%B8%80%E8%A6%A7_%282024%E5%B9%B4%29
2024-01-19,グレイアランの吸血騎士,ケムコ,CERO,A,https://ja.wikipedia.org/wiki/Nintendo_Switch%E3%81%AE%E3%82%B2%E3%83%BC%E3%83%A0%E3%82%BF%E3%82%A4%E3%83%88%E3%83%AB%E4%B8%80%E8%A6%A7_%282024%E5%B9%B4%29
2024-01-25,ゼンジョン,2P Games,IARC,7+,https://ja.wikipedia.org/wiki/Nintendo_Switch%E3%81%AE%E3%82%B2%E3%83%BC%E3%83%A0%E3%82%BF%E3%82%A4%E3%83%88%E3%83%AB%E4%B8%80%E8%A6%A7_%282024%E5%B9%B4%29
2024-01-25,アガサ・クリスティ オリエント急行殺人事件,3goo,IARC,12+,https://ja.wikipedia.org/wiki/Nintendo_Switch%E3%81%AE%E3%82%B2%E3%83%BC%E3%83%A0%E3%82%BF%E3%82%A4%E3%83%88%E3%83%AB%E4%B8%80%E8%A6%A7_%282024%E5%B9%B4%29
2024-01-25,PuzzlePet - Feed Your Cat,Afil Games,IARC,3+,https://ja.wikipedia.org/wiki/Nintendo_Switch%E3%81%AE%E3%82%B2%E3%83%BC%E3%83%A0%E3%82%BF%E3%82%A4%E3%83%88%E3%83%AB%E4%B8%80%E8%A6%A7_%282024%E5%B9%B4%29
2024-01-25,ポストアポカリプスおじさん,AlignmentSharp,IARC,16+,https://ja.wikipedia.org/wiki/Nintendo_Switch%E3%81%AE%E3%82%B2%E3%83%BC%E3%83%A0%E3%82%BF%E3%82%A4%E3%83%88%E3%83%AB%E4%B8%80%E8%A6%A7_%282024%E5%B9%B4%29
2024-01-25,Tibetan Quest: 世界の果てを越えて,Artifex Mundi,IARC,12+,https://ja.wikipedia.org/wiki/Nintendo_Switch%E3%81%AE%E3%82%B2%E3%83%BC%E3%83%A0%E3%82%BF%E3%82%A4%E3%83%88%E3%83%AB%E4%B8%80%E8%A6%A7_%282024%E5%B9%B4%29
2024-01-25,SciFi Racer Simulator,DEMENCI Games,IARC,7+,https://ja.wikipedia.org/wiki/Nintendo_Switch%E3%81%AE%E3%82%B2%E3%83%BC%E3%83%A0%E3%82%BF%E3%82%A4%E3%83%88%E3%83%AB%E4%B8%80%E8%A6%A7_%282024%E5%B9%B4%29
2024-01-25,DETECTIVE - Stella Porta case,eastasiasoft,IARC,16+,https://ja.wikipedia.org/wiki/Nintendo_Switch%E3%81%AE%E3%82%B2%E3%83%BC%E3%83%A0%E3%82%BF%E3%82%A4%E3%83%88%E3%83%AB%E4%B8%80%E8%A6%A7_%282024%E5%B9%B4%29
2024-01-25,Saga of the Moon Priestess,eastasiasoft,IARC,12+,https://ja.wikipedia.org/wiki/Nintendo_Switch%E3%81%AE%E3%82%B2%E3%83%BC%E3%83%A0%E3%82%BF%E3%82%A4%E3%83%88%E3%83%AB%E4%B8%80%E8%A6%A7_%282024%E5%B9%B4%29
2024-01-25,ボーティータンクス2,EpiXR Games,IARC,12+,https://ja.wikipedia.org/wiki/Nintendo_Switch%E3%81%AE%E3%82%B2%E3%83%BC%E3%83%A0%E3%82%BF%E3%82%A4%E3%83%88%E3%83%AB%E4%B8%80%E8%A6%A7_%282024%E5%B9%B4%29
2024-01-25,イービル・ナン:ザ・ブロークン・マスク,Feardemic,IARC,16+,https://ja.wikipedia.org/wiki/Nintendo_Switch%E3%81%AE%E3%82%B2%E3%83%BC%E3%83%A0%E3%82%BF%E3%82%A4%E3%83%88%E3%83%AB%E4%B8%80%E8%A6%A7_%282024%E5%B9%B4%29
2024-01-25,Hitman: Blood Money - Reprisal,Feral Interactive,CERO,Z,https://ja.wikipedia.org/wiki/Nintendo_Switch%E3%81%AE%E3%82%B2%E3%83%BC%E3%83%A0%E3%82%BF%E3%82%A4%E3%83%88%E3%83%AB%E4%B8%80%E8%A6%A7_%282024%E5%B9%B4%29
2024-01-25,海賊の失敗,Gameplay First,IARC,3+,https://ja.wikipedia.org/wiki/Nintendo_Switch%E3%81%AE%E3%82%B2%E3%83%BC%E3%83%A0%E3%82%BF%E3%82%A4%E3%83%88%E3%83%AB%E4%B8%80%E8%A6%A7_%282024%E5%B9%B4%29
2024-01-25,ブロードソード:ウォーロードエディション,HR Games,IARC,7+,https://ja.wikipedia.org/wiki/Nintendo_Switch%E3%81%AE%E3%82%B2%E3%83%BC%E3%83%A0%E3%82%BF%E3%82%A4%E3%83%88%E3%83%AB%E4%B8%80%E8%A6%A7_%282024%E5%B9%B4%29
2024-01-25,Starward Rogue,Klabater,IARC,3+,https://ja.wikipedia.org/wiki/Nintendo_Switch%E3%81%AE%E3%82%B2%E3%83%BC%E3%83%A0%E3%82%BF%E3%82%A4%E3%83%88%E3%83%AB%E4%B8%80%E8%A6%A7_%282024%E5%B9%B4%29
2024-01-25,リアル人狼ゲーム－デスゲームから脱出せよ!謎解きノベルミステリーアドベンチャー－,MASK,IARC,12+,https://ja.wikipedia.org/wiki/Nintendo_Switch%E3%81%AE%E3%82%B2%E3%83%BC%E3%83%A0%E3%82%BF%E3%82%A4%E3%83%88%E3%83%AB%E4%B8%80%E8%A6%A7_%282024%E5%B9%B4%29
2024-01-25,激ムズ脳トレ!間違い探し挑戦状－超難問脳活アハ活難しいIQひまつぶしゲーム－,MASK,IARC,3+,https://ja.wikipedia.org/wiki/Nintendo_Switch%E3%81%AE%E3%82%B2%E3%83%BC%E3%83%A0%E3%82%BF%E3%82%A4%E3%83%88%E3%83%AB%E4%B8%80%E8%A6%A7_%282024%E5%B9%B4%29
2024-01-25,空蝉の廻,Matatabi,CERO,D,https://ja.wikipedia.org/wiki/Nintendo_Switch%E3%81%AE%E3%82%B2%E3%83%BC%E3%83%A0%E3%82%BF%E3%82%A4%E3%83%88%E3%83%AB%E4%B8%80%E8%A6%A7_%282024%E5%B9%B4%29
2024-01-25,可愛い 動物 ペットの子猫,Max Interactive Studio,IARC,3+,https://ja.wikipedia.org/wiki/Nintendo_Switch%E3%81%AE%E3%82%B2%E3%83%BC%E3%83%A0%E3%82%BF%E3%82%A4%E3%83%88%E3%83%AB%E4%B8%80%E8%A6%A7_%282024%E5%B9%B4%29
2024-01-25,Anomaly Agent,NAISU,IARC,12+,https://ja.wikipedia.org/wiki/Nintendo_Switch%E3%81%AE%E3%82%B2%E3%83%BC%E3%83%A0%E3%82%BF%E3%82%A4%E3%83%88%E3%83%AB%E4%B8%80%E8%A6%A7_%282024%E5%B9%B4%29
2024-01-25,Goo Fighter,OHM,IARC,7+,https://ja.wikipedia.org/wiki/Nintendo_Switch%E3%81%AE%E3%82%B2%E3%83%BC%E3%83%A0%E3%82%BF%E3%82%A4%E3%83%88%E3%83%AB%E4%B8%80%E8%A6%A7_%282024%E5%B9%B4%29
2024-01-25,Hentai Girls: Hot Police,Pakotime,IARC,12+,https://ja.wikipedia.org/wiki/Nintendo_Switch%E3%81%AE%E3%82%B2%E3%83%BC%E3%83%A0%E3%82%BF%E3%82%A4%E3%83%88%E3%83%AB%E4%B8%80%E8%A6%A7_%282024%E5%B9%B4%29
2024-01-25,Chip's Challenge,Pixel Games UK,IARC,3+,https://ja.wikipedia.org/wiki/Nintendo_Switch%E3%81%AE%E3%82%B2%E3%83%BC%E3%83%A0%E3%82%BF%E3%82%A4%E3%83%88%E3%83%AB%E4%B8%80%E8%A6%A7_%282024%E5%B9%B4%29
2024-01-25,Sunset Racer,Psenitchi Stanislav,IARC,3+,https://ja.wikipedia.org/wiki/Nintendo_Switch%E3%81%AE%E3%82%B2%E3%83%BC%E3%83%A0%E3%82%BF%E3%82%A4%E3%83%88%E3%83%AB%E4%B8%80%E8%A6%A7_%282024%E5%B9%B4%29
2024-01-25,The Street 10,RandomSpin Games,IARC,7+,https://ja.wikipedia.org/wiki/Nintendo_Switch%E3%81%AE%E3%82%B2%E3%83%BC%E3%83%A0%E3%82%BF%E3%82%A4%E3%83%88%E3%83%AB%E4%B8%80%E8%A6%A7_%282024%E5%B9%B4%29
2024-01-25,ビーチ・ボーイズ:ゾディアック・デート,Red Fables,IARC,12+,https://ja.wikipedia.org/wiki/Nintendo_Switch%E3%81%AE%E3%82%B2%E3%83%BC%E3%83%A0%E3%82%BF%E3%82%A4%E3%83%88%E3%83%AB%E4%B8%80%E8%A6%A7_%282024%E5%B9%B4%29
2024-01-25,Hidden Through Time 2: Myths & Magic,Rogueside,IARC,3+,https://ja.wikipedia.org/wiki/Nintendo_Switch%E3%81%AE%E3%82%B2%E3%83%BC%E3%83%A0%E3%82%BF%E3%82%A4%E3%83%88%E3%83%AB%E4%B8%80%E8%A6%A7_%282024%E5%B9%B4%29
2024-01-25,RPGやボードゲーム用のサイコロ,SOURCE BYTE,IARC,3+,https://ja.wikipedia.org/wiki/Nintendo_Switch%E3%81%AE%E3%82%B2%E3%83%BC%E3%83%A0%E3%82%BF%E3%82%A4%E3%83%88%E3%83%AB%E4%B8%80%E8%A6%A7_%282024%E5%B9%B4%29
2024-01-25,魂売,Taiga,IARC,16+,https://ja.wikipedia.org/wiki/Nintendo_Switch%E3%81%AE%E3%82%B2%E3%83%BC%E3%83%A0%E3%82%BF%E3%82%A4%E3%83%88%E3%83%AB%E4%B8%80%E8%A6%A7_%282024%E5%B9%B4%29
2024-01-25,Onion Force,Thalamus Digital,IARC,7+,https://ja.wikipedia.org/wiki/Nintendo_Switch%E3%81%AE%E3%82%B2%E3%83%BC%E3%83%A0%E3%82%BF%E3%82%A4%E3%83%88%E3%83%AB%E4%B8%80%E8%A6%A7_%282024%E5%B9%B4%29
2024-01-25,Cherry Tower,Webnetic,IARC,7+,https://ja.wikipedia.org/wiki/Nintendo_Switch%E3%81%AE%E3%82%B2%E3%83%BC%E3%83%A0%E3%82%BF%E3%82%A4%E3%83%88%E3%83%AB%E4%B8%80%E8%A6%A7_%282024%E5%B9%B4%29
2024-01-25,サスペクツルーム -警視庁門前署取調班-,オレンジ,CERO,C,https://ja.wikipedia.org/wiki/Nintendo_Switch%E3%81%AE%E3%82%B2%E3%83%BC%E3%83%A0%E3%82%BF%E3%82%A4%E3%83%88%E3%83%AB%E4%B8%80%E8%A6%A7_%282024%E5%B9%B4%29
2024-01-25,うっかり婚〜目覚めたら、ワケあり上司の妻でした〜,ボルテージ,IARC,16+,https://ja.wikipedia.org/wiki/Nintendo_Switch%E3%81%AE%E3%82%B2%E3%83%BC%E3%83%A0%E3%82%BF%E3%82%A4%E3%83%88%E3%83%AB%E4%B8%80%E8%A6%A7_%282024%E5%B9%B4%29
2024-01-25,現風少女 ブリューテの代償,メディアスケープ,IARC,3+,https://ja.wikipedia.org/wiki/Nintendo_Switch%E3%81%AE%E3%82%B2%E3%83%BC%E3%83%A0%E3%82%BF%E3%82%A4%E3%83%88%E3%83%AB%E4%B8%80%E8%A6%A7_%282024%E5%B9%B4%29
2024-01-26,GRIME,Akupara Games,CERO,B,https://ja.wikipedia.org/wiki/Nintendo_Switch%E3%81%AE%E3%82%B2%E3%83%BC%E3%83%A0%E3%82%BF%E3%82%A4%E3%83%88%E3%83%AB%E4%B8%80%E8%A6%A7_%282024%E5%B9%B4%29
2024-01-26,The Adventures of Panzer: Legacy Collection,ラタライカゲームス,IARC,7+,https://ja.wikipedia.org/wiki/Nintendo_Switch%E3%81%AE%E3%82%B2%E3%83%BC%E3%83%A0%E3%82%BF%E3%82%A4%E3%83%88%E3%83%AB%E4%B8%80%E8%A6%A7_%282024%E5%B9%B4%29
2024-02-01,Teppo and The Secret Ancient City,7 Raven Studios,IARC,7+,https://ja.wikipedia.org/wiki/Nintendo_Switch%E3%81%AE%E3%82%B2%E3%83%BC%E3%83%A0%E3%82%BF%E3%82%A4%E3%83%88%E3%83%AB%E4%B8%80%E8%A6%A7_%282024%E5%B9%B4%29
2024-02-01,Tools Up! Ultimate Edition,Beep,IARC,3+,https://ja.wikipedia.org/wiki/Nintendo_Switch%E3%81%AE%E3%82%B2%E3%83%BC%E3%83%A0%E3%82%BF%E3%82%A4%E3%83%88%E3%83%AB%E4%B8%80%E8%A6%A7_%282024%E5%B9%B4%29
2024-02-01,Farm Day Simulator 2024,DEMENCI Games,IARC,3+,https://ja.wikipedia.org/wiki/Nintendo_Switch%E3%81%AE%E3%82%B2%E3%83%BC%E3%83%A0%E3%82%BF%E3%82%A4%E3%83%88%E3%83%AB%E4%B8%80%E8%A6%A7_%282024%E5%B9%B4%29
2024-02-01,Turret Rampage,eastasiasoft,IARC,3+,https://ja.wikipedia.org/wiki/Nintendo_Switch%E3%81%AE%E3%82%B2%E3%83%BC%E3%83%A0%E3%82%BF%E3%82%A4%E3%83%88%E3%83%AB%E4%B8%80%E8%A6%A7_%282024%E5%B9%B4%29
2024-02-01,Knights of Braveland,Ellada Games,IARC,7+,https://ja.wikipedia.org/wiki/Nintendo_Switch%E3%81%AE%E3%82%B2%E3%83%BC%E3%83%A0%E3%82%BF%E3%82%A4%E3%83%88%E3%83%AB%E4%B8%80%E8%A6%A7_%282024%E5%B9%B4%29
2024-02-01,Citizen Sleeper,Fellow Traveller,IARC,12+,https://ja.wikipedia.org/wiki/Nintendo_Switch%E3%81%AE%E3%82%B2%E3%83%BC%E3%83%A0%E3%82%BF%E3%82%A4%E3%83%88%E3%83%AB%E4%B8%80%E8%A6%A7_%282024%E5%B9%B4%29
2024-02-01,Mothered,Game Source Entertainment,IARC,12+,https://ja.wikipedia.org/wiki/Nintendo_Switch%E3%81%AE%E3%82%B2%E3%83%BC%E3%83%A0%E3%82%BF%E3%82%A4%E3%83%88%E3%83%AB%E4%B8%80%E8%A6%A7_%282024%E5%B9%B4%29
2024-02-01,Time Rift,Game Source Entertainment,IARC,3+,https://ja.wikipedia.org/wiki/Nintendo_Switch%E3%81%AE%E3%82%B2%E3%83%BC%E3%83%A0%E3%82%BF%E3%82%A4%E3%83%88%E3%83%AB%E4%B8%80%E8%A6%A7_%282024%E5%B9%B4%29
2024-02-01,防衛マスター,Happy Player,IARC,3+,https://ja.wikipedia.org/wiki/Nintendo_Switch%E3%81%AE%E3%82%B2%E3%83%BC%E3%83%A0%E3%82%BF%E3%82%A4%E3%83%88%E3%83%AB%E4%B8%80%E8%A6%A7_%282024%E5%B9%B4%29
2024-02-01,ピギー・ガンビット,indienova,IARC,3+,https://ja.wikipedia.org/wiki/Nintendo_Switch%E3%81%AE%E3%82%B2%E3%83%BC%E3%83%A0%E3%82%BF%E3%82%A4%E3%83%88%E3%83%AB%E4%B8%80%E8%A6%A7_%282024%E5%B9%B4%29
2024-02-01,ファームナイト・アドベンチャー,Kistler Studios,IARC,7+,https://ja.wikipedia.org/wiki/Nintendo_Switch%E3%81%AE%E3%82%B2%E3%83%BC%E3%83%A0%E3%82%BF%E3%82%A4%E3%83%88%E3%83%AB%E4%B8%80%E8%A6%A7_%282024%E5%B9%B4%29
2024-02-01,おくだけスタディ 基本の化学式－指一本で理科実験かんたん勉強学習教養ゲーム－,MASK,IARC,3+,https://ja.wikipedia.org/wiki/Nintendo_Switch%E3%81%AE%E3%82%B2%E3%83%BC%E3%83%A0%E3%82%BF%E3%82%A4%E3%83%88%E3%83%AB%E4%B8%80%E8%A6%A7_%282024%E5%B9%B4%29
2024-02-01,ナゾトキ意味怖ミステリー－ゾッとする意味怖謎解きミステリー都市伝説怪談ゲーム－,MASK,IARC,16+,https://ja.wikipedia.org/wiki/Nintendo_Switch%E3%81%AE%E3%82%B2%E3%83%BC%E3%83%A0%E3%82%BF%E3%82%A4%E3%83%88%E3%83%AB%E4%B8%80%E8%A6%A7_%282024%E5%B9%B4%29
2024-02-01,死刑囚の既読－恐怖と戦慄の謎解き都市伝説意味怖テキストアドベンチャー－,MASK,IARC,12+,https://ja.wikipedia.org/wiki/Nintendo_Switch%E3%81%AE%E3%82%B2%E3%83%BC%E3%83%A0%E3%82%BF%E3%82%A4%E3%83%88%E3%83%AB%E4%B8%80%E8%A6%A7_%282024%E5%B9%B4%29
2024-02-01,ダウンヒル・ドライバー エクストリーム・レーシング・シミュレーター,Megame,IARC,3+,https://ja.wikipedia.org/wiki/Nintendo_Switch%E3%81%AE%E3%82%B2%E3%83%BC%E3%83%A0%E3%82%BF%E3%82%A4%E3%83%88%E3%83%AB%E4%B8%80%E8%A6%A7_%282024%E5%B9%B4%29
2024-02-01,AdventureQuest 8-Bit: Dungeons & DoomKnights,Nami Tentou,IARC,7+,https://ja.wikipedia.org/wiki/Nintendo_Switch%E3%81%AE%E3%82%B2%E3%83%BC%E3%83%A0%E3%82%BF%E3%82%A4%E3%83%88%E3%83%AB%E4%B8%80%E8%A6%A7_%282024%E5%B9%B4%29
2024-02-01,Carry Onward,Nejcraft,IARC,3+,https://ja.wikipedia.org/wiki/Nintendo_Switch%E3%81%AE%E3%82%B2%E3%83%BC%E3%83%A0%E3%82%BF%E3%82%A4%E3%83%88%E3%83%AB%E4%B8%80%E8%A6%A7_%282024%E5%B9%B4%29
2024-02-01,Mystery Box: Hidden Secrets,Ocean Media,IARC,3+,https://ja.wikipedia.org/wiki/Nintendo_Switch%E3%81%AE%E3%82%B2%E3%83%BC%E3%83%A0%E3%82%BF%E3%82%A4%E3%83%88%E3%83%AB%E4%B8%80%E8%A6%A7_%282024%E5%B9%B4%29
2024-02-01,滅亡計画,RedDeerGames,IARC,16+,https://ja.wikipedia.org/wiki/Nintendo_Switch%E3%81%AE%E3%82%B2%E3%83%BC%E3%83%A0%E3%82%BF%E3%82%A4%E3%83%88%E3%83%AB%E4%B8%80%E8%A6%A7_%282024%E5%B9%B4%29
2024-02-01,ミニランド・アドベンチャー,RockGame,IARC,3+,https://ja.wikipedia.org/wiki/Nintendo_Switch%E3%81%AE%E3%82%B2%E3%83%BC%E3%83%A0%E3%82%BF%E3%82%A4%E3%83%88%E3%83%AB%E4%B8%80%E8%A6%A7_%282024%E5%B9%B4%29
2024-02-01,バス ドライビング シミュレーター 24 - シティ ローズ,SC Ovilex Soft,IARC,3+,https://ja.wikipedia.org/wiki/Nintendo_Switch%E3%81%AE%E3%82%B2%E3%83%BC%E3%83%A0%E3%82%BF%E3%82%A4%E3%83%88%E3%83%AB%E4%B8%80%E8%A6%A7_%282024%E5%B9%B4%29
2024-02-01,Zombie Football Simulator,SimulaMaker,IARC,3+,https://ja.wikipedia.org/wiki/Nintendo_Switch%E3%81%AE%E3%82%B2%E3%83%BC%E3%83%A0%E3%82%BF%E3%82%A4%E3%83%88%E3%83%AB%E4%B8%80%E8%A6%A7_%282024%E5%B9%B4%29
2024-02-01,暗号仕掛けの世界－頭脳で攻略ひらめき脳トレ謎解き推理ゲーム－,TT,IARC,3+,https://ja.wikipedia.org/wiki/Nintendo_Switch%E3%81%AE%E3%82%B2%E3%83%BC%E3%83%A0%E3%82%BF%E3%82%A4%E3%83%88%E3%83%AB%E4%B8%80%E8%A6%A7_%282024%E5%B9%B4%29
2024-02-01,CEIBA,Valkyrie Initiative,IARC,12+,https://ja.wikipedia.org/wiki/Nintendo_Switch%E3%81%AE%E3%82%B2%E3%83%BC%E3%83%A0%E3%82%BF%E3%82%A4%E3%83%88%E3%83%AB%E4%B8%80%E8%A6%A7_%282024%E5%B9%B4%29
2024-02-01,AVARIS3,メディアスケープ,IARC,7+,https://ja.wikipedia.org/wiki/Nintendo_Switch%E3%81%AE%E3%82%B2%E3%83%BC%E3%83%A0%E3%82%BF%E3%82%A4%E3%83%88%E3%83%AB%E4%B8%80%E8%A6%A7_%282024%E5%B9%B4%29
2024-02-01,森の中の迷い家からの脱出,レジスタ,CERO,A,https://ja.wikipedia.org/wiki/Nintendo_Switch%E3%81%AE%E3%82%B2%E3%83%BC%E3%83%A0%E3%82%BF%E3%82%A4%E3%83%88%E3%83%AB%E4%B8%80%E8%A6%A7_%282024%E5%B9%B4%29
2024-02-01,モリシューター!のぞみ,わくわくゲームズ,IARC,3+,https://ja.wikipedia.org/wiki/Nintendo_Switch%E3%81%AE%E3%82%B2%E3%83%BC%E3%83%A0%E3%82%BF%E3%82%A4%E3%83%88%E3%83%AB%E4%B8%80%E8%A6%A7_%282024%E5%B9%B4%29
2024-02-01,鬼谷八荒,鬼谷スタジオ,IARC,12+,https://ja.wikipedia.org/wiki/Nintendo_Switch%E3%81%AE%E3%82%B2%E3%83%BC%E3%83%A0%E3%82%BF%E3%82%A4%E3%83%88%E3%83%AB%E4%B8%80%E8%A6%A7_%282024%E5%B9%B4%29
2024-02-08,シャンハイ サマー,Astrolabe Games,IARC,3+,https://ja.wikipedia.org/wiki/Nintendo_Switch%E3%81%AE%E3%82%B2%E3%83%BC%E3%83%A0%E3%82%BF%E3%82%A4%E3%83%88%E3%83%AB%E4%B8%80%E8%A6%A7_%282024%E5%B9%B4%29
2024-02-08,Hentai: Japanese Goblins,Big Way,IARC,12+,https://ja.wikipedia.org/wiki/Nintendo_Switch%E3%81%AE%E3%82%B2%E3%83%BC%E3%83%A0%E3%82%BF%E3%82%A4%E3%83%88%E3%83%AB%E4%B8%80%E8%A6%A7_%282024%E5%B9%B4%29
2024-02-08,MazM: ペチカ,CFK,IARC,12+,https://ja.wikipedia.org/wiki/Nintendo_Switch%E3%81%AE%E3%82%B2%E3%83%BC%E3%83%A0%E3%82%BF%E3%82%A4%E3%83%88%E3%83%AB%E4%B8%80%E8%A6%A7_%282024%E5%B9%B4%29
2024-02-08,Football Simulator 2024,DEMENCI Games,IARC,3+,https://ja.wikipedia.org/wiki/Nintendo_Switch%E3%81%AE%E3%82%B2%E3%83%BC%E3%83%A0%E3%82%BF%E3%82%A4%E3%83%88%E3%83%AB%E4%B8%80%E8%A6%A7_%282024%E5%B9%B4%29
2024-02-08,Alpaca Wonders Why,DillyFrame,IARC,3+,https://ja.wikipedia.org/wiki/Nintendo_Switch%E3%81%AE%E3%82%B2%E3%83%BC%E3%83%A0%E3%82%BF%E3%82%A4%E3%83%88%E3%83%AB%E4%B8%80%E8%A6%A7_%282024%E5%B9%B4%29
2024-02-08,Dungeonoid 2 Awakening,eastasiasoft,IARC,7+,https://ja.wikipedia.org/wiki/Nintendo_Switch%E3%81%AE%E3%82%B2%E3%83%BC%E3%83%A0%E3%82%BF%E3%82%A4%E3%83%88%E3%83%AB%E4%B8%80%E8%A6%A7_%282024%E5%B9%B4%29
2024-02-08,.T.E.S.T: Expected Behaviour,ESDigital Games,IARC,3+,https://ja.wikipedia.org/wiki/Nintendo_Switch%E3%81%AE%E3%82%B2%E3%83%BC%E3%83%A0%E3%82%BF%E3%82%A4%E3%83%88%E3%83%AB%E4%B8%80%E8%A6%A7_%282024%E5%B9%B4%29
2024-02-08,Deathly Dangerous,ESDigital Games,IARC,16+,https://ja.wikipedia.org/wiki/Nintendo_Switch%E3%81%AE%E3%82%B2%E3%83%BC%E3%83%A0%E3%82%BF%E3%82%A4%E3%83%88%E3%83%AB%E4%B8%80%E8%A6%A7_%282024%E5%B9%B4%29
2024-02-08,Dreamland Solitaire,ESDigital Games,IARC,3+,https://ja.wikipedia.org/wiki/Nintendo_Switch%E3%81%AE%E3%82%B2%E3%83%BC%E3%83%A0%E3%82%BF%E3%82%A4%E3%83%88%E3%83%AB%E4%B8%80%E8%A6%A7_%282024%E5%B9%B4%29
2024-02-08,Overland (ゲーム),Finji,IARC,12+,https://ja.wikipedia.org/wiki/Nintendo_Switch%E3%81%AE%E3%82%B2%E3%83%BC%E3%83%A0%E3%82%BF%E3%82%A4%E3%83%88%E3%83%AB%E4%B8%80%E8%A6%A7_%282024%E5%B9%B4%29
2024-02-08,Drone Delivery Simulator: ドローン配達シミュレーター,Halva Studio,IARC,3+,https://ja.wikipedia.org/wiki/Nintendo_Switch%E3%81%AE%E3%82%B2%E3%83%BC%E3%83%A0%E3%82%BF%E3%82%A4%E3%83%88%E3%83%AB%E4%B8%80%E8%A6%A7_%282024%E5%B9%B4%29
2024-02-08,Invector: Rhythm Galaxy,Hello There Games,IARC,3+,https://ja.wikipedia.org/wiki/Nintendo_Switch%E3%81%AE%E3%82%B2%E3%83%BC%E3%83%A0%E3%82%BF%E3%82%A4%E3%83%88%E3%83%AB%E4%B8%80%E8%A6%A7_%282024%E5%B9%B4%29
2024-02-08,クイズどうぶつ図鑑 DX,Kumo,IARC,3+,https://ja.wikipedia.org/wiki/Nintendo_Switch%E3%81%AE%E3%82%B2%E3%83%BC%E3%83%A0%E3%82%BF%E3%82%A4%E3%83%88%E3%83%AB%E4%B8%80%E8%A6%A7_%282024%E5%B9%B4%29
2024-02-08,トラウマパズル－ホラー画像でアハ活脳活くるくる回転パズル－,MASK,IARC,12+,https://ja.wikipedia.org/wiki/Nintendo_Switch%E3%81%AE%E3%82%B2%E3%83%BC%E3%83%A0%E3%82%BF%E3%82%A4%E3%83%88%E3%83%AB%E4%B8%80%E8%A6%A7_%282024%E5%B9%B4%29
2024-02-08,超難問!標識クイズ－あれ?これ?どのマーク?遊べて学べる勉強教養ゲーム－,MASK,IARC,3+,https://ja.wikipedia.org/wiki/Nintendo_Switch%E3%81%AE%E3%82%B2%E3%83%BC%E3%83%A0%E3%82%BF%E3%82%A4%E3%83%88%E3%83%AB%E4%B8%80%E8%A6%A7_%282024%E5%B9%B4%29
2024-02-08,ポリス・カー・ドライバー シティー・パーキング・シミュレーター,Megame,IARC,3+,https://ja.wikipedia.org/wiki/Nintendo_Switch%E3%81%AE%E3%82%B2%E3%83%BC%E3%83%A0%E3%82%BF%E3%82%A4%E3%83%88%E3%83%AB%E4%B8%80%E8%A6%A7_%282024%E5%B9%B4%29
2024-02-08,Torn Away,OverGamez,IARC,16+,https://ja.wikipedia.org/wiki/Nintendo_Switch%E3%81%AE%E3%82%B2%E3%83%BC%E3%83%A0%E3%82%BF%E3%82%A4%E3%83%88%E3%83%AB%E4%B8%80%E8%A6%A7_%282024%E5%B9%B4%29
2024-02-08,Hentai Girls: Mandarin Love,Pakotime,IARC,12+,https://ja.wikipedia.org/wiki/Nintendo_Switch%E3%81%AE%E3%82%B2%E3%83%BC%E3%83%A0%E3%82%BF%E3%82%A4%E3%83%88%E3%83%AB%E4%B8%80%E8%A6%A7_%282024%E5%B9%B4%29
2024-02-08,Super Cannibal Abduction,Puppet Combo,IARC,16+,https://ja.wikipedia.org/wiki/Nintendo_Switch%E3%81%AE%E3%82%B2%E3%83%BC%E3%83%A0%E3%82%BF%E3%82%A4%E3%83%88%E3%83%AB%E4%B8%80%E8%A6%A7_%282024%E5%B9%B4%29
2024-02-08,ASMRスライス,QubicGames,IARC,3+,https://ja.wikipedia.org/wiki/Nintendo_Switch%E3%81%AE%E3%82%B2%E3%83%BC%E3%83%A0%E3%82%BF%E3%82%A4%E3%83%88%E3%83%AB%E4%B8%80%E8%A6%A7_%282024%E5%B9%B4%29
2024-02-08,コインラッシュ,QubicGames,IARC,3+,https://ja.wikipedia.org/wiki/Nintendo_Switch%E3%81%AE%E3%82%B2%E3%83%BC%E3%83%A0%E3%82%BF%E3%82%A4%E3%83%88%E3%83%AB%E4%B8%80%E8%A6%A7_%282024%E5%B9%B4%29
2024-02-08,Mustache in Hell,QUByte Interactive,IARC,7+,https://ja.wikipedia.org/wiki/Nintendo_Switch%E3%81%AE%E3%82%B2%E3%83%BC%E3%83%A0%E3%82%BF%E3%82%A4%E3%83%88%E3%83%AB%E4%B8%80%E8%A6%A7_%282024%E5%B9%B4%29
2024-02-08,Golfinite,RedDeerGames,IARC,3+,https://ja.wikipedia.org/wiki/Nintendo_Switch%E3%81%AE%E3%82%B2%E3%83%BC%E3%83%A0%E3%82%BF%E3%82%A4%E3%83%88%E3%83%AB%E4%B8%80%E8%A6%A7_%282024%E5%B9%B4%29
2024-02-08,God of Light: Remastered,SayGames,IARC,3+,https://ja.wikipedia.org/wiki/Nintendo_Switch%E3%81%AE%E3%82%B2%E3%83%BC%E3%83%A0%E3%82%BF%E3%82%A4%E3%83%88%E3%83%AB%E4%B8%80%E8%A6%A7_%282024%E5%B9%B4%29
2024-02-08,トラックシミュレーター USAレボリューション,SC Ovilex Soft,IARC,3+,https://ja.wikipedia.org/wiki/Nintendo_Switch%E3%81%AE%E3%82%B2%E3%83%BC%E3%83%A0%E3%82%BF%E3%82%A4%E3%83%88%E3%83%AB%E4%B8%80%E8%A6%A7_%282024%E5%B9%B4%29
2024-02-08,West Hunt,Snail,IARC,3+,https://ja.wikipedia.org/wiki/Nintendo_Switch%E3%81%AE%E3%82%B2%E3%83%BC%E3%83%A0%E3%82%BF%E3%82%A4%E3%83%88%E3%83%AB%E4%B8%80%E8%A6%A7_%282024%E5%B9%B4%29
2024-02-08,クロックス・ワールド・フォー,Sprakelsoft,IARC,3+,https://ja.wikipedia.org/wiki/Nintendo_Switch%E3%81%AE%E3%82%B2%E3%83%BC%E3%83%A0%E3%82%BF%E3%82%A4%E3%83%88%E3%83%AB%E4%B8%80%E8%A6%A7_%282024%E5%B9%B4%29
2024-02-08,Alisa,Top Hat Studios,IARC,16+,https://ja.wikipedia.org/wiki/Nintendo_Switch%E3%81%AE%E3%82%B2%E3%83%BC%E3%83%A0%E3%82%BF%E3%82%A4%E3%83%88%E3%83%AB%E4%B8%80%E8%A6%A7_%282024%E5%B9%B4%29
2024-02-08,小学生でもわかる 数字でIQクイズ－激ムズ難問脳トレ脳活ひらめき数学思考パズル－,TT,IARC,3+,https://ja.wikipedia.org/wiki/Nintendo_Switch%E3%81%AE%E3%82%B2%E3%83%BC%E3%83%A0%E3%82%BF%E3%82%A4%E3%83%88%E3%83%AB%E4%B8%80%E8%A6%A7_%282024%E5%B9%B4%29
2024-02-08,Lil' Guardsman,Versus Evil,IARC,16+,https://ja.wikipedia.org/wiki/Nintendo_Switch%E3%81%AE%E3%82%B2%E3%83%BC%E3%83%A0%E3%82%BF%E3%82%A4%E3%83%88%E3%83%AB%E4%B8%80%E8%A6%A7_%282024%E5%B9%B4%29
2024-02-08,Slimeboo,Zakym,IARC,3+,https://ja.wikipedia.org/wiki/Nintendo_Switch%E3%81%AE%E3%82%B2%E3%83%BC%E3%83%A0%E3%82%BF%E3%82%A4%E3%83%88%E3%83%AB%E4%B8%80%E8%A6%A7_%282024%E5%B9%B4%29
2024-02-08,ぐうたら娘更生計画 〜Neet Girl Rehabilitation Plan〜,サイバーステップ,IARC,16+,https://ja.wikipedia.org/wiki/Nintendo_Switch%E3%81%AE%E3%82%B2%E3%83%BC%E3%83%A0%E3%82%BF%E3%82%A4%E3%83%88%E3%83%AB%E4%B8%80%E8%A6%A7_%282024%E5%B9%B4%29
2024-02-09,サクラ・ゲーマー2,Gamuzumi,IARC,16+,https://ja.wikipedia.org/wiki/Nintendo_Switch%E3%81%AE%E3%82%B2%E3%83%BC%E3%83%A0%E3%82%BF%E3%82%A4%E3%83%88%E3%83%AB%E4%B8%80%E8%A6%A7_%282024%E5%B9%B4%29
2024-02-14,ロードオブエグザイル - ガブリエルの影,Plug In Digital,IARC,12+,https://ja.wikipedia.org/wiki/Nintendo_Switch%E3%81%AE%E3%82%B2%E3%83%BC%E3%83%A0%E3%82%BF%E3%82%A4%E3%83%88%E3%83%AB%E4%B8%80%E8%A6%A7_%282024%E5%B9%B4%29
2024-02-14,ときめきメモリアル Girl's Side 1st Love for Nintendo Switch,KONAMI,CERO,B,https://ja.wikipedia.org/wiki/Nintendo_Switch%E3%81%AE%E3%82%B2%E3%83%BC%E3%83%A0%E3%82%BF%E3%82%A4%E3%83%88%E3%83%AB%E4%B8%80%E8%A6%A7_%282024%E5%B9%B4%29
2024-02-14,ときめきメモリアル Girl's Side 2nd Season for Nintendo Switch,不明,"","",https://ja.wikipedia.org/wiki/Nintendo_Switch%E3%81%AE%E3%82%B2%E3%83%BC%E3%83%A0%E3%82%BF%E3%82%A4%E3%83%88%E3%83%AB%E4%B8%80%E8%A6%A7_%282024%E5%B9%B4%29
2024-02-14,ときめきメモリアル Girl's Side 3rd Story for Nintendo Switch,不明,"","",https://ja.wikipedia.org/wiki/Nintendo_Switch%E3%81%AE%E3%82%B2%E3%83%BC%E3%83%A0%E3%82%BF%E3%82%A4%E3%83%88%E3%83%AB%E4%B8%80%E8%A6%A7_%282024%E5%B9%B4%29
2024-02-15,ソードズ・アンド・アドベンチャーズ,4WayStudio,IARC,7+,https://ja.wikipedia.org/wiki/Nintendo_Switch%E3%81%AE%E3%82%B2%E3%83%BC%E3%83%A0%E3%82%BF%E3%82%A4%E3%83%88%E3%83%AB%E4%B8%80%E8%A6%A7_%282024%E5%B9%B4%29
2024-02-15,Z War Apocalypse Shooter,DEMENCI Games,IARC,12+,https://ja.wikipedia.org/wiki/Nintendo_Switch%E3%81%AE%E3%82%B2%E3%83%BC%E3%83%A0%E3%82%BF%E3%82%A4%E3%83%88%E3%83%AB%E4%B8%80%E8%A6%A7_%282024%E5%B9%B4%29
2024-02-15,Twilight Survivors,DORIDORI STUDIO,CERO,A,https://ja.wikipedia.org/wiki/Nintendo_Switch%E3%81%AE%E3%82%B2%E3%83%BC%E3%83%A0%E3%82%BF%E3%82%A4%E3%83%88%E3%83%AB%E4%B8%80%E8%A6%A7_%282024%E5%B9%B4%29
2024-02-15,Pretty Girls Klondike Solitaire PLUS,eastasiasoft,IARC,12+,https://ja.wikipedia.org/wiki/Nintendo_Switch%E3%81%AE%E3%82%B2%E3%83%BC%E3%83%A0%E3%82%BF%E3%82%A4%E3%83%88%E3%83%AB%E4%B8%80%E8%A6%A7_%282024%E5%B9%B4%29
2024-02-15,マニタス・キッチン,Entalto Studios,IARC,3+,https://ja.wikipedia.org/wiki/Nintendo_Switch%E3%81%AE%E3%82%B2%E3%83%BC%E3%83%A0%E3%82%BF%E3%82%A4%E3%83%88%E3%83%AB%E4%B8%80%E8%A6%A7_%282024%E5%B9%B4%29
2024-02-15,Legendary Tales: ストーリーズ,FIVE-BN STUDIO,IARC,7+,https://ja.wikipedia.org/wiki/Nintendo_Switch%E3%81%AE%E3%82%B2%E3%83%BC%E3%83%A0%E3%82%BF%E3%82%A4%E3%83%88%E3%83%AB%E4%B8%80%E8%A6%A7_%282024%E5%B9%B4%29
2024-02-15,Borzoi Adventure,Gametry,IARC,3+,https://ja.wikipedia.org/wiki/Nintendo_Switch%E3%81%AE%E3%82%B2%E3%83%BC%E3%83%A0%E3%82%BF%E3%82%A4%E3%83%88%E3%83%AB%E4%B8%80%E8%A6%A7_%282024%E5%B9%B4%29
2024-02-15,勇気の推理 海苔5 かじられたおにぎり,HERO GAME,IARC,3+,https://ja.wikipedia.org/wiki/Nintendo_Switch%E3%81%AE%E3%82%B2%E3%83%BC%E3%83%A0%E3%82%BF%E3%82%A4%E3%83%88%E3%83%AB%E4%B8%80%E8%A6%A7_%282024%E5%B9%B4%29
2024-02-15,もっと知りたい日本の刀剣－ゲームで楽しく歴史発見雑学教養豆知識学習クイズ－,MASK,IARC,3+,https://ja.wikipedia.org/wiki/Nintendo_Switch%E3%81%AE%E3%82%B2%E3%83%BC%E3%83%A0%E3%82%BF%E3%82%A4%E3%83%88%E3%83%AB%E4%B8%80%E8%A6%A7_%282024%E5%B9%B4%29
2024-02-15,HunterX: code name T,ORANGE POPCORN,IARC,7+,https://ja.wikipedia.org/wiki/Nintendo_Switch%E3%81%AE%E3%82%B2%E3%83%BC%E3%83%A0%E3%82%BF%E3%82%A4%E3%83%88%E3%83%AB%E4%B8%80%E8%A6%A7_%282024%E5%B9%B4%29
2024-02-15,メイド・オブ・ザ・デッド,qureate,CERO,D,https://ja.wikipedia.org/wiki/Nintendo_Switch%E3%81%AE%E3%82%B2%E3%83%BC%E3%83%A0%E3%82%BF%E3%82%A4%E3%83%88%E3%83%AB%E4%B8%80%E8%A6%A7_%282024%E5%B9%B4%29
2024-02-15,フィット マイ キャット,RedDeerGames,IARC,3+,https://ja.wikipedia.org/wiki/Nintendo_Switch%E3%81%AE%E3%82%B2%E3%83%BC%E3%83%A0%E3%82%BF%E3%82%A4%E3%83%88%E3%83%AB%E4%B8%80%E8%A6%A7_%282024%E5%B9%B4%29
2024-02-15,ダイノ、出て行って!,Red Fables,IARC,3+,https://ja.wikipedia.org/wiki/Nintendo_Switch%E3%81%AE%E3%82%B2%E3%83%BC%E3%83%A0%E3%82%BF%E3%82%A4%E3%83%88%E3%83%AB%E4%B8%80%E8%A6%A7_%282024%E5%B9%B4%29
2024-02-15,ウィッチパズリズム,Sanuk,IARC,12+,https://ja.wikipedia.org/wiki/Nintendo_Switch%E3%81%AE%E3%82%B2%E3%83%BC%E3%83%A0%E3%82%BF%E3%82%A4%E3%83%88%E3%83%AB%E4%B8%80%E8%A6%A7_%282024%E5%B9%B4%29
2024-02-15,Party Party Time 2,SAT-BOX,IARC,3+,https://ja.wikipedia.org/wiki/Nintendo_Switch%E3%81%AE%E3%82%B2%E3%83%BC%E3%83%A0%E3%82%BF%E3%82%A4%E3%83%88%E3%83%AB%E4%B8%80%E8%A6%A7_%282024%E5%B9%B4%29
2024-02-15,Pirates Outlaws,Shinyuden,IARC,7+,https://ja.wikipedia.org/wiki/Nintendo_Switch%E3%81%AE%E3%82%B2%E3%83%BC%E3%83%A0%E3%82%BF%E3%82%A4%E3%83%88%E3%83%AB%E4%B8%80%E8%A6%A7_%282024%E5%B9%B4%29
2024-02-15,Hex Cats,Silesia Games,IARC,3+,https://ja.wikipedia.org/wiki/Nintendo_Switch%E3%81%AE%E3%82%B2%E3%83%BC%E3%83%A0%E3%82%BF%E3%82%A4%E3%83%88%E3%83%AB%E4%B8%80%E8%A6%A7_%282024%E5%B9%B4%29
2024-02-15,Edge of Reality,Sometimes You,IARC,12+,https://ja.wikipedia.org/wiki/Nintendo_Switch%E3%81%AE%E3%82%B2%E3%83%BC%E3%83%A0%E3%82%BF%E3%82%A4%E3%83%88%E3%83%AB%E4%B8%80%E8%A6%A7_%282024%E5%B9%B4%29
2024-02-15,インターネットで最も人気のあるクエリ 2023年,SOURCE BYTE,IARC,3+,https://ja.wikipedia.org/wiki/Nintendo_Switch%E3%81%AE%E3%82%B2%E3%83%BC%E3%83%A0%E3%82%BF%E3%82%A4%E3%83%88%E3%83%AB%E4%B8%80%E8%A6%A7_%282024%E5%B9%B4%29
2024-02-15,Shooting Blocks,Webnetic,IARC,3+,https://ja.wikipedia.org/wiki/Nintendo_Switch%E3%81%AE%E3%82%B2%E3%83%BC%E3%83%A0%E3%82%BF%E3%82%A4%E3%83%88%E3%83%AB%E4%B8%80%E8%A6%A7_%282024%E5%B9%B4%29
2024-02-15,Birth,Wet Heart,IARC,7+,https://ja.wikipedia.org/wiki/Nintendo_Switch%E3%81%AE%E3%82%B2%E3%83%BC%E3%83%A0%E3%82%BF%E3%82%A4%E3%83%88%E3%83%AB%E4%B8%80%E8%A6%A7_%282024%E5%B9%B4%29
2024-02-15,Lake (ゲーム),Whitethorn Digital,IARC,16+,https://ja.wikipedia.org/wiki/Nintendo_Switch%E3%81%AE%E3%82%B2%E3%83%BC%E3%83%A0%E3%82%BF%E3%82%A4%E3%83%88%E3%83%AB%E4%B8%80%E8%A6%A7_%282024%E5%B9%B4%29
2024-02-15,世界の為の全ての少女,あまた,IARC,3+,https://ja.wikipedia.org/wiki/Nintendo_Switch%E3%81%AE%E3%82%B2%E3%83%BC%E3%83%A0%E3%82%BF%E3%82%A4%E3%83%88%E3%83%AB%E4%B8%80%E8%A6%A7_%282024%E5%B9%B4%29
2024-02-15,番長タクティクス,フライハイワークス,IARC,12+,https://ja.wikipedia.org/wiki/Nintendo_Switch%E3%81%AE%E3%82%B2%E3%83%BC%E3%83%A0%E3%82%BF%E3%82%A4%E3%83%88%E3%83%AB%E4%B8%80%E8%A6%A7_%282024%E5%B9%B4%29
2024-02-15,Candy Shake Cup,ブルースピードスタジオ,IARC,3+,https://ja.wikipedia.org/wiki/Nintendo_Switch%E3%81%AE%E3%82%B2%E3%83%BC%E3%83%A0%E3%82%BF%E3%82%A4%E3%83%88%E3%83%AB%E4%B8%80%E8%A6%A7_%282024%E5%B9%B4%29
2024-02-16,幻想クロニクル,ケムコ,CERO,A,https://ja.wikipedia.org/wiki/Nintendo_Switch%E3%81%AE%E3%82%B2%E3%83%BC%E3%83%A0%E3%82%BF%E3%82%A4%E3%83%88%E3%83%AB%E4%B8%80%E8%A6%A7_%282024%E5%B9%B4%29
2024-02-16,Caveman Ransom,ラタライカゲームス,IARC,7+,https://ja.wikipedia.org/wiki/Nintendo_Switch%E3%81%AE%E3%82%B2%E3%83%BC%E3%83%A0%E3%82%BF%E3%82%A4%E3%83%88%E3%83%AB%E4%B8%80%E8%A6%A7_%282024%E5%B9%B4%29
2024-02-21,Balatro,Playstack,CERO,A,https://ja.wikipedia.org/wiki/Nintendo_Switch%E3%81%AE%E3%82%B2%E3%83%BC%E3%83%A0%E3%82%BF%E3%82%A4%E3%83%88%E3%83%AB%E4%B8%80%E8%A6%A7_%282024%E5%B9%B4%29
2024-02-21,ソリティ馬 Ride On!,ゲームフリーク,IARC,3+,https://ja.wikipedia.org/wiki/Nintendo_Switch%E3%81%AE%E3%82%B2%E3%83%BC%E3%83%A0%E3%82%BF%E3%82%A4%E3%83%88%E3%83%AB%E4%B8%80%E8%A6%A7_%282024%E5%B9%B4%29
2024-02-21,ペニーの大脱走,テイクツー・インタラクティブ・ジャパン,IARC,3+,https://ja.wikipedia.org/wiki/Nintendo_Switch%E3%81%AE%E3%82%B2%E3%83%BC%E3%83%A0%E3%82%BF%E3%82%A4%E3%83%88%E3%83%AB%E4%B8%80%E8%A6%A7_%282024%E5%B9%B4%29
2024-02-22,502のアーケード,502 Studios,IARC,7+,https://ja.wikipedia.org/wiki/Nintendo_Switch%E3%81%AE%E3%82%B2%E3%83%BC%E3%83%A0%E3%82%BF%E3%82%A4%E3%83%88%E3%83%AB%E4%B8%80%E8%A6%A7_%282024%E5%B9%B4%29
2024-02-22,qomp 2,Atari,IARC,3+,https://ja.wikipedia.org/wiki/Nintendo_Switch%E3%81%AE%E3%82%B2%E3%83%BC%E3%83%A0%E3%82%BF%E3%82%A4%E3%83%88%E3%83%AB%E4%B8%80%E8%A6%A7_%282024%E5%B9%B4%29
2024-02-22,Geometry Survivor,Brain Seal Entertainment,IARC,3+,https://ja.wikipedia.org/wiki/Nintendo_Switch%E3%81%AE%E3%82%B2%E3%83%BC%E3%83%A0%E3%82%BF%E3%82%A4%E3%83%88%E3%83%AB%E4%B8%80%E8%A6%A7_%282024%E5%B9%B4%29
2024-02-22,Inkulinati,Daedalic Entertainment,IARC,7+,https://ja.wikipedia.org/wiki/Nintendo_Switch%E3%81%AE%E3%82%B2%E3%83%BC%E3%83%A0%E3%82%BF%E3%82%A4%E3%83%88%E3%83%AB%E4%B8%80%E8%A6%A7_%282024%E5%B9%B4%29
2024-02-22,Froggie - A Retro Platformer,eastasiasoft,IARC,3+,https://ja.wikipedia.org/wiki/Nintendo_Switch%E3%81%AE%E3%82%B2%E3%83%BC%E3%83%A0%E3%82%BF%E3%82%A4%E3%83%88%E3%83%AB%E4%B8%80%E8%A6%A7_%282024%E5%B9%B4%29
2024-02-22,GOLAZO! 2 Deluxe Edition,eastasiasoft,IARC,3+,https://ja.wikipedia.org/wiki/Nintendo_Switch%E3%81%AE%E3%82%B2%E3%83%BC%E3%83%A0%E3%82%BF%E3%82%A4%E3%83%88%E3%83%AB%E4%B8%80%E8%A6%A7_%282024%E5%B9%B4%29
2024-02-22,The Jump Guys,Elusor,IARC,3+,https://ja.wikipedia.org/wiki/Nintendo_Switch%E3%81%AE%E3%82%B2%E3%83%BC%E3%83%A0%E3%82%BF%E3%82%A4%E3%83%88%E3%83%AB%E4%B8%80%E8%A6%A7_%282024%E5%B9%B4%29
2024-02-22,ザフライングトラベラー ストーンエイジ,EpiXR Games,IARC,3+,https://ja.wikipedia.org/wiki/Nintendo_Switch%E3%81%AE%E3%82%B2%E3%83%BC%E3%83%A0%E3%82%BF%E3%82%A4%E3%83%88%E3%83%AB%E4%B8%80%E8%A6%A7_%282024%E5%B9%B4%29
2024-02-22,トイライダー,EpiXR Games,IARC,3+,https://ja.wikipedia.org/wiki/Nintendo_Switch%E3%81%AE%E3%82%B2%E3%83%BC%E3%83%A0%E3%82%BF%E3%82%A4%E3%83%88%E3%83%AB%E4%B8%80%E8%A6%A7_%282024%E5%B9%B4%29
2024-02-22,Membal,Goca Games,IARC,3+,https://ja.wikipedia.org/wiki/Nintendo_Switch%E3%81%AE%E3%82%B2%E3%83%BC%E3%83%A0%E3%82%BF%E3%82%A4%E3%83%88%E3%83%AB%E4%B8%80%E8%A6%A7_%282024%E5%B9%B4%29
2024-02-22,Line Color World 線の色の世界,Halva Studio,IARC,3+,https://ja.wikipedia.org/wiki/Nintendo_Switch%E3%81%AE%E3%82%B2%E3%83%BC%E3%83%A0%E3%82%BF%E3%82%A4%E3%83%88%E3%83%AB%E4%B8%80%E8%A6%A7_%282024%E5%B9%B4%29
2024-02-22,超戦ガールズ,Happy Player,IARC,3+,https://ja.wikipedia.org/wiki/Nintendo_Switch%E3%81%AE%E3%82%B2%E3%83%BC%E3%83%A0%E3%82%BF%E3%82%A4%E3%83%88%E3%83%AB%E4%B8%80%E8%A6%A7_%282024%E5%B9%B4%29
2024-02-22,Quadroids,Just For Games,IARC,7+,https://ja.wikipedia.org/wiki/Nintendo_Switch%E3%81%AE%E3%82%B2%E3%83%BC%E3%83%A0%E3%82%BF%E3%82%A4%E3%83%88%E3%83%AB%E4%B8%80%E8%A6%A7_%282024%E5%B9%B4%29
2024-02-22,おくだけスタディ 英語前置詞－指一本で英会話かんたん勉強学習教養ゲーム－,MASK,IARC,3+,https://ja.wikipedia.org/wiki/Nintendo_Switch%E3%81%AE%E3%82%B2%E3%83%BC%E3%83%A0%E3%82%BF%E3%82%A4%E3%83%88%E3%83%AB%E4%B8%80%E8%A6%A7_%282024%E5%B9%B4%29
2024-02-22,くるくるパズル ならべて百人一首－意味も学べるパズルで学習雑学教養勉強ゲーム－,MASK,IARC,3+,https://ja.wikipedia.org/wiki/Nintendo_Switch%E3%81%AE%E3%82%B2%E3%83%BC%E3%83%A0%E3%82%BF%E3%82%A4%E3%83%88%E3%83%AB%E4%B8%80%E8%A6%A7_%282024%E5%B9%B4%29
2024-02-22,神凪ノ杜 五月雨綴り,Matatabi,CERO,B,https://ja.wikipedia.org/wiki/Nintendo_Switch%E3%81%AE%E3%82%B2%E3%83%BC%E3%83%A0%E3%82%BF%E3%82%A4%E3%83%88%E3%83%AB%E4%B8%80%E8%A6%A7_%282024%E5%B9%B4%29
2024-02-22,Hentai Girls: Sweet Doctor,Pakotime,IARC,12+,https://ja.wikipedia.org/wiki/Nintendo_Switch%E3%81%AE%E3%82%B2%E3%83%BC%E3%83%A0%E3%82%BF%E3%82%A4%E3%83%88%E3%83%AB%E4%B8%80%E8%A6%A7_%282024%E5%B9%B4%29
2024-02-22,100ドア - 刑務所から脱出,Peaksel,IARC,12+,https://ja.wikipedia.org/wiki/Nintendo_Switch%E3%81%AE%E3%82%B2%E3%83%BC%E3%83%A0%E3%82%BF%E3%82%A4%E3%83%88%E3%83%AB%E4%B8%80%E8%A6%A7_%282024%E5%B9%B4%29
2024-02-22,Nyaaaanvy,Phoenixx,IARC,3+,https://ja.wikipedia.org/wiki/Nintendo_Switch%E3%81%AE%E3%82%B2%E3%83%BC%E3%83%A0%E3%82%BF%E3%82%A4%E3%83%88%E3%83%AB%E4%B8%80%E8%A6%A7_%282024%E5%B9%B4%29
2024-02-22,ウィラ&タクサ: 重力支配者への反逆,RedDeerGames,IARC,7+,https://ja.wikipedia.org/wiki/Nintendo_Switch%E3%81%AE%E3%82%B2%E3%83%BC%E3%83%A0%E3%82%BF%E3%82%A4%E3%83%88%E3%83%AB%E4%B8%80%E8%A6%A7_%282024%E5%B9%B4%29
2024-02-22,バンドルテイル:リーグ・オブ・レジェンド ストーリー,Riot Forge,IARC,3+,https://ja.wikipedia.org/wiki/Nintendo_Switch%E3%81%AE%E3%82%B2%E3%83%BC%E3%83%A0%E3%82%BF%E3%82%A4%E3%83%88%E3%83%AB%E4%B8%80%E8%A6%A7_%282024%E5%B9%B4%29
2024-02-22,作って!たい焼き,SAT-BOX,IARC,3+,https://ja.wikipedia.org/wiki/Nintendo_Switch%E3%81%AE%E3%82%B2%E3%83%BC%E3%83%A0%E3%82%BF%E3%82%A4%E3%83%88%E3%83%AB%E4%B8%80%E8%A6%A7_%282024%E5%B9%B4%29
2024-02-22,ファーマーシミュレーター エボリューション,SC Ovilex Soft,IARC,3+,https://ja.wikipedia.org/wiki/Nintendo_Switch%E3%81%AE%E3%82%B2%E3%83%BC%E3%83%A0%E3%82%BF%E3%82%A4%E3%83%88%E3%83%AB%E4%B8%80%E8%A6%A7_%282024%E5%B9%B4%29
2024-02-22,Geometric Sniper Z,Silesia Games,IARC,16+,https://ja.wikipedia.org/wiki/Nintendo_Switch%E3%81%AE%E3%82%B2%E3%83%BC%E3%83%A0%E3%82%BF%E3%82%A4%E3%83%88%E3%83%AB%E4%B8%80%E8%A6%A7_%282024%E5%B9%B4%29
2024-02-22,Sea Port Tycoon 2024,SimulaMaker,IARC,3+,https://ja.wikipedia.org/wiki/Nintendo_Switch%E3%81%AE%E3%82%B2%E3%83%BC%E3%83%A0%E3%82%BF%E3%82%A4%E3%83%88%E3%83%AB%E4%B8%80%E8%A6%A7_%282024%E5%B9%B4%29
2024-02-22,A Time Traveller's Guide To Past Delicacies,Sometimes You,IARC,12+,https://ja.wikipedia.org/wiki/Nintendo_Switch%E3%81%AE%E3%82%B2%E3%83%BC%E3%83%A0%E3%82%BF%E3%82%A4%E3%83%88%E3%83%AB%E4%B8%80%E8%A6%A7_%282024%E5%B9%B4%29
2024-02-22,デジプラコレクション まるごと鉄道!ミニ 〜JR九州編〜,ジー・モード,IARC,3+,https://ja.wikipedia.org/wiki/Nintendo_Switch%E3%81%AE%E3%82%B2%E3%83%BC%E3%83%A0%E3%82%BF%E3%82%A4%E3%83%88%E3%83%AB%E4%B8%80%E8%A6%A7_%282024%E5%B9%B4%29
2024-02-22,ラスト4サバイブ アウトブレイク,トローゼ,IARC,7+,https://ja.wikipedia.org/wiki/Nintendo_Switch%E3%81%AE%E3%82%B2%E3%83%BC%E3%83%A0%E3%82%BF%E3%82%A4%E3%83%88%E3%83%AB%E4%B8%80%E8%A6%A7_%282024%E5%B9%B4%29
2024-02-22,Prisonela DX,ラタライカゲームス,IARC,7+,https://ja.wikipedia.org/wiki/Nintendo_Switch%E3%81%AE%E3%82%B2%E3%83%BC%E3%83%A0%E3%82%BF%E3%82%A4%E3%83%88%E3%83%AB%E4%B8%80%E8%A6%A7_%282024%E5%B9%B4%29
2024-02-23,Pentiment,Microsoft Studios,IARC,16+,https://ja.wikipedia.org/wiki/Nintendo_Switch%E3%81%AE%E3%82%B2%E3%83%BC%E3%83%A0%E3%82%BF%E3%82%A4%E3%83%88%E3%83%AB%E4%B8%80%E8%A6%A7_%282024%E5%B9%B4%29
2024-02-23,Unlife,ラタライカゲームス,IARC,16+,https://ja.wikipedia.org/wiki/Nintendo_Switch%E3%81%AE%E3%82%B2%E3%83%BC%E3%83%A0%E3%82%BF%E3%82%A4%E3%83%88%E3%83%AB%E4%B8%80%E8%A6%A7_%282024%E5%B9%B4%29
2024-02-27,ピクセルクロス 牧場物語エディション,レイニーフロッグ,IARC,3+,https://ja.wikipedia.org/wiki/Nintendo_Switch%E3%81%AE%E3%82%B2%E3%83%BC%E3%83%A0%E3%82%BF%E3%82%A4%E3%83%88%E3%83%AB%E4%B8%80%E8%A6%A7_%282024%E5%B9%B4%29
2024-02-29,ケープ君の脱出ゲーム 7部屋目,AlignmentSharp,IARC,3+,https://ja.wikipedia.org/wiki/Nintendo_Switch%E3%81%AE%E3%82%B2%E3%83%BC%E3%83%A0%E3%82%BF%E3%82%A4%E3%83%88%E3%83%AB%E4%B8%80%E8%A6%A7_%282024%E5%B9%B4%29
2024-02-29,Another Bar Game,Arik Games,IARC,16+,https://ja.wikipedia.org/wiki/Nintendo_Switch%E3%81%AE%E3%82%B2%E3%83%BC%E3%83%A0%E3%82%BF%E3%82%A4%E3%83%88%E3%83%AB%E4%B8%80%E8%A6%A7_%282024%E5%B9%B4%29
2024-02-29,The Cub,Beep,IARC,12+,https://ja.wikipedia.org/wiki/Nintendo_Switch%E3%81%AE%E3%82%B2%E3%83%BC%E3%83%A0%E3%82%BF%E3%82%A4%E3%83%88%E3%83%AB%E4%B8%80%E8%A6%A7_%282024%E5%B9%B4%29
2024-02-29,Sandstorm Strike Force,DEMENCI Games,IARC,12+,https://ja.wikipedia.org/wiki/Nintendo_Switch%E3%81%AE%E3%82%B2%E3%83%BC%E3%83%A0%E3%82%BF%E3%82%A4%E3%83%88%E3%83%AB%E4%B8%80%E8%A6%A7_%282024%E5%B9%B4%29
2024-02-29,Truck Sim 2024,DEMENCI Games,IARC,3+,https://ja.wikipedia.org/wiki/Nintendo_Switch%E3%81%AE%E3%82%B2%E3%83%BC%E3%83%A0%E3%82%BF%E3%82%A4%E3%83%88%E3%83%AB%E4%B8%80%E8%A6%A7_%282024%E5%B9%B4%29
2024-02-29,Crazy Goose Simulator,DEZVOLT GAMES,IARC,3+,https://ja.wikipedia.org/wiki/Nintendo_Switch%E3%81%AE%E3%82%B2%E3%83%BC%E3%83%A0%E3%82%BF%E3%82%A4%E3%83%88%E3%83%AB%E4%B8%80%E8%A6%A7_%282024%E5%B9%B4%29
2024-02-29,Dead End City,eastasiasoft,IARC,7+,https://ja.wikipedia.org/wiki/Nintendo_Switch%E3%81%AE%E3%82%B2%E3%83%BC%E3%83%A0%E3%82%BF%E3%82%A4%E3%83%88%E3%83%AB%E4%B8%80%E8%A6%A7_%282024%E5%B9%B4%29
2024-02-29,アングラーフィッシュ,Feardemic,IARC,16+,https://ja.wikipedia.org/wiki/Nintendo_Switch%E3%81%AE%E3%82%B2%E3%83%BC%E3%83%A0%E3%82%BF%E3%82%A4%E3%83%88%E3%83%AB%E4%B8%80%E8%A6%A7_%282024%E5%B9%B4%29
2024-02-29,Looking Up I See Only A Ceiling 上に天井がある。,Flynn's Arcade,IARC,12+,https://ja.wikipedia.org/wiki/Nintendo_Switch%E3%81%AE%E3%82%B2%E3%83%BC%E3%83%A0%E3%82%BF%E3%82%A4%E3%83%88%E3%83%AB%E4%B8%80%E8%A6%A7_%282024%E5%B9%B4%29
2024-02-29,サクラ・サキュバス7 〜王女様の来訪〜,Gamuzumi,IARC,16+,https://ja.wikipedia.org/wiki/Nintendo_Switch%E3%81%AE%E3%82%B2%E3%83%BC%E3%83%A0%E3%82%BF%E3%82%A4%E3%83%88%E3%83%AB%E4%B8%80%E8%A6%A7_%282024%E5%B9%B4%29
2024-02-29,Anime Girls: Sun of a Beach,Halva Studio,IARC,12+,https://ja.wikipedia.org/wiki/Nintendo_Switch%E3%81%AE%E3%82%B2%E3%83%BC%E3%83%A0%E3%82%BF%E3%82%A4%E3%83%88%E3%83%AB%E4%B8%80%E8%A6%A7_%282024%E5%B9%B4%29
2024-02-29,うんこカレー,KADOKAWA,IARC,3+,https://ja.wikipedia.org/wiki/Nintendo_Switch%E3%81%AE%E3%82%B2%E3%83%BC%E3%83%A0%E3%82%BF%E3%82%A4%E3%83%88%E3%83%AB%E4%B8%80%E8%A6%A7_%282024%E5%B9%B4%29
2024-02-29,菓子道,不明,"",同名ボードゲームのデジタルゲーム化作品。,https://ja.wikipedia.org/wiki/Nintendo_Switch%E3%81%AE%E3%82%B2%E3%83%BC%E3%83%A0%E3%82%BF%E3%82%A4%E3%83%88%E3%83%AB%E4%B8%80%E8%A6%A7_%282024%E5%B9%B4%29
2024-02-29,イロならべ－パネルでくるくる脳トレ脳活色彩感覚テスト－,MASK,IARC,3+,https://ja.wikipedia.org/wiki/Nintendo_Switch%E3%81%AE%E3%82%B2%E3%83%BC%E3%83%A0%E3%82%BF%E3%82%A4%E3%83%88%E3%83%AB%E4%B8%80%E8%A6%A7_%282024%E5%B9%B4%29
2024-02-29,クイズ10歳までに覚えたい言葉－ゲームで身につく幼児向け国語学習勉強教養クイズ－,MASK,IARC,3+,https://ja.wikipedia.org/wiki/Nintendo_Switch%E3%81%AE%E3%82%B2%E3%83%BC%E3%83%A0%E3%82%BF%E3%82%A4%E3%83%88%E3%83%AB%E4%B8%80%E8%A6%A7_%282024%E5%B9%B4%29
2024-02-29,くるくるドリル ハングル基礎単語－ならべてかんたん韓国語学習勉強語学パズル－,MASK,IARC,3+,https://ja.wikipedia.org/wiki/Nintendo_Switch%E3%81%AE%E3%82%B2%E3%83%BC%E3%83%A0%E3%82%BF%E3%82%A4%E3%83%88%E3%83%AB%E4%B8%80%E8%A6%A7_%282024%E5%B9%B4%29
2024-02-29,もっと知りたい戦国時代－ゲームで楽しく歴史発見雑学教養豆知識学習クイズ－,MASK,IARC,3+,https://ja.wikipedia.org/wiki/Nintendo_Switch%E3%81%AE%E3%82%B2%E3%83%BC%E3%83%A0%E3%82%BF%E3%82%A4%E3%83%88%E3%83%AB%E4%B8%80%E8%A6%A7_%282024%E5%B9%B4%29
2024-02-29,ドローン・レーサー フライ・スタント・シミュレーター,Megame,IARC,3+,https://ja.wikipedia.org/wiki/Nintendo_Switch%E3%81%AE%E3%82%B2%E3%83%BC%E3%83%A0%E3%82%BF%E3%82%A4%E3%83%88%E3%83%AB%E4%B8%80%E8%A6%A7_%282024%E5%B9%B4%29
2024-02-29,マッチ・パズル・2 クラシック・ロジック・アーケード,Megame,IARC,3+,https://ja.wikipedia.org/wiki/Nintendo_Switch%E3%81%AE%E3%82%B2%E3%83%BC%E3%83%A0%E3%82%BF%E3%82%A4%E3%83%88%E3%83%AB%E4%B8%80%E8%A6%A7_%282024%E5%B9%B4%29
2024-02-29,机で野球2,SAT-BOX,IARC,3+,https://ja.wikipedia.org/wiki/Nintendo_Switch%E3%81%AE%E3%82%B2%E3%83%BC%E3%83%A0%E3%82%BF%E3%82%A4%E3%83%88%E3%83%AB%E4%B8%80%E8%A6%A7_%282024%E5%B9%B4%29
2024-02-29,The Lost Ashford Ring,SOFT SOURCE,IARC,3+,https://ja.wikipedia.org/wiki/Nintendo_Switch%E3%81%AE%E3%82%B2%E3%83%BC%E3%83%A0%E3%82%BF%E3%82%A4%E3%83%88%E3%83%AB%E4%B8%80%E8%A6%A7_%282024%E5%B9%B4%29
2024-02-29,Pool Together 2,Soroka Games,IARC,3+,https://ja.wikipedia.org/wiki/Nintendo_Switch%E3%81%AE%E3%82%B2%E3%83%BC%E3%83%A0%E3%82%BF%E3%82%A4%E3%83%88%E3%83%AB%E4%B8%80%E8%A6%A7_%282024%E5%B9%B4%29
2024-02-29,Buggy Race - Racing Master,SUCCESS GAMES,IARC,3+,https://ja.wikipedia.org/wiki/Nintendo_Switch%E3%81%AE%E3%82%B2%E3%83%BC%E3%83%A0%E3%82%BF%E3%82%A4%E3%83%88%E3%83%AB%E4%B8%80%E8%A6%A7_%282024%E5%B9%B4%29
2024-02-29,Helicopter Simulator: Rescue Sim,SUCCESS GAMES,IARC,3+,https://ja.wikipedia.org/wiki/Nintendo_Switch%E3%81%AE%E3%82%B2%E3%83%BC%E3%83%A0%E3%82%BF%E3%82%A4%E3%83%88%E3%83%AB%E4%B8%80%E8%A6%A7_%282024%E5%B9%B4%29
2024-02-29,タイムトラップ: アイテム探しゲーム,Two Cakes Studio,IARC,7+,https://ja.wikipedia.org/wiki/Nintendo_Switch%E3%81%AE%E3%82%B2%E3%83%BC%E3%83%A0%E3%82%BF%E3%82%A4%E3%83%88%E3%83%AB%E4%B8%80%E8%A6%A7_%282024%E5%B9%B4%29
2024-02-29,Freddi Fish and the Case of the Missing Kelp Seeds,UFO Interactive,IARC,3+,https://ja.wikipedia.org/wiki/Nintendo_Switch%E3%81%AE%E3%82%B2%E3%83%BC%E3%83%A0%E3%82%BF%E3%82%A4%E3%83%88%E3%83%AB%E4%B8%80%E8%A6%A7_%282024%E5%B9%B4%29
2024-02-29,Full Speed Animals - Disorder The RTA,アポローン,IARC,3+,https://ja.wikipedia.org/wiki/Nintendo_Switch%E3%81%AE%E3%82%B2%E3%83%BC%E3%83%A0%E3%82%BF%E3%82%A4%E3%83%88%E3%83%AB%E4%B8%80%E8%A6%A7_%282024%E5%B9%B4%29
2024-02-29,ぽかぽかママ恋温泉 〜Mommy's Warm Hot Spring〜,サイバーステップ,IARC,16+,https://ja.wikipedia.org/wiki/Nintendo_Switch%E3%81%AE%E3%82%B2%E3%83%BC%E3%83%A0%E3%82%BF%E3%82%A4%E3%83%88%E3%83%AB%E4%B8%80%E8%A6%A7_%282024%E5%B9%B4%29
2024-02-29,ピクロスS+,ジュピター,IARC,3+,https://ja.wikipedia.org/wiki/Nintendo_Switch%E3%81%AE%E3%82%B2%E3%83%BC%E3%83%A0%E3%82%BF%E3%82%A4%E3%83%88%E3%83%AB%E4%B8%80%E8%A6%A7_%282024%E5%B9%B4%29
2024-02-29,Riviera 〜約束の地リヴィエラ〜,スティング,CERO,B,https://ja.wikipedia.org/wiki/Nintendo_Switch%E3%81%AE%E3%82%B2%E3%83%BC%E3%83%A0%E3%82%BF%E3%82%A4%E3%83%88%E3%83%AB%E4%B8%80%E8%A6%A7_%282024%E5%B9%B4%29
2024-02-29,OLLLO,スマイルブーム,IARC,3+,https://ja.wikipedia.org/wiki/Nintendo_Switch%E3%81%AE%E3%82%B2%E3%83%BC%E3%83%A0%E3%82%BF%E3%82%A4%E3%83%88%E3%83%AB%E4%B8%80%E8%A6%A7_%282024%E5%B9%B4%29
2024-02-29,まつけけBurst!,不明,"",ブロックに描かれた曲線をつなげて消す落ち物パズル。 スマイルブームによる「プチコン4 SmileBASIC」で制作された作品の単独商品化。,https://ja.wikipedia.org/wiki/Nintendo_Switch%E3%81%AE%E3%82%B2%E3%83%BC%E3%83%A0%E3%82%BF%E3%82%A4%E3%83%88%E3%83%AB%E4%B8%80%E8%A6%A7_%282024%E5%B9%B4%29
2024-02-29,XELAN FORCE,ピクセル,IARC,3+,https://ja.wikipedia.org/wiki/Nintendo_Switch%E3%81%AE%E3%82%B2%E3%83%BC%E3%83%A0%E3%82%BF%E3%82%A4%E3%83%88%E3%83%AB%E4%B8%80%E8%A6%A7_%282024%E5%B9%B4%29
2024-02-29,ジグソーマスターピース2,ボトルキューブ,IARC,3+,https://ja.wikipedia.org/wiki/Nintendo_Switch%E3%81%AE%E3%82%B2%E3%83%BC%E3%83%A0%E3%82%BF%E3%82%A4%E3%83%88%E3%83%AB%E4%B8%80%E8%A6%A7_%282024%E5%B9%B4%29
2024-02-29,ねずみラボからの脱出,レジスタ,CERO,A,https://ja.wikipedia.org/wiki/Nintendo_Switch%E3%81%AE%E3%82%B2%E3%83%BC%E3%83%A0%E3%82%BF%E3%82%A4%E3%83%88%E3%83%AB%E4%B8%80%E8%A6%A7_%282024%E5%B9%B4%29
2024-03-01,Cricket Through the Ages,Devolver Digital,IARC,7+,https://ja.wikipedia.org/wiki/Nintendo_Switch%E3%81%AE%E3%82%B2%E3%83%BC%E3%83%A0%E3%82%BF%E3%82%A4%E3%83%88%E3%83%AB%E4%B8%80%E8%A6%A7_%282024%E5%B9%B4%29
2024-03-01,コーギーの旅,Nerd Games,IARC,7+,https://ja.wikipedia.org/wiki/Nintendo_Switch%E3%81%AE%E3%82%B2%E3%83%BC%E3%83%A0%E3%82%BF%E3%82%A4%E3%83%88%E3%83%AB%E4%B8%80%E8%A6%A7_%282024%E5%B9%B4%29
2024-03-01,Tamarak Trail,Versus Evil,IARC,16+,https://ja.wikipedia.org/wiki/Nintendo_Switch%E3%81%AE%E3%82%B2%E3%83%BC%E3%83%A0%E3%82%BF%E3%82%A4%E3%83%88%E3%83%AB%E4%B8%80%E8%A6%A7_%282024%E5%B9%B4%29
2024-03-01,One More Dungeon 2,ラタライカゲームス,IARC,12+,https://ja.wikipedia.org/wiki/Nintendo_Switch%E3%81%AE%E3%82%B2%E3%83%BC%E3%83%A0%E3%82%BF%E3%82%A4%E3%83%88%E3%83%AB%E4%B8%80%E8%A6%A7_%282024%E5%B9%B4%29
2024-03-05,Expeditions: A MudRunner Game,Focus Entertainment,CERO,A,https://ja.wikipedia.org/wiki/Nintendo_Switch%E3%81%AE%E3%82%B2%E3%83%BC%E3%83%A0%E3%82%BF%E3%82%A4%E3%83%88%E3%83%AB%E4%B8%80%E8%A6%A7_%282024%E5%B9%B4%29
2024-03-07,メタルマインド,2P Games,IARC,3+,https://ja.wikipedia.org/wiki/Nintendo_Switch%E3%81%AE%E3%82%B2%E3%83%BC%E3%83%A0%E3%82%BF%E3%82%A4%E3%83%88%E3%83%AB%E4%B8%80%E8%A6%A7_%282024%E5%B9%B4%29
2024-03-07,Bad Cat Sam Simulator,404 Games,IARC,3+,https://ja.wikipedia.org/wiki/Nintendo_Switch%E3%81%AE%E3%82%B2%E3%83%BC%E3%83%A0%E3%82%BF%E3%82%A4%E3%83%88%E3%83%AB%E4%B8%80%E8%A6%A7_%282024%E5%B9%B4%29
2024-03-07,Gravityscape DX,Asylum Square Interactive,IARC,3+,https://ja.wikipedia.org/wiki/Nintendo_Switch%E3%81%AE%E3%82%B2%E3%83%BC%E3%83%A0%E3%82%BF%E3%82%A4%E3%83%88%E3%83%AB%E4%B8%80%E8%A6%A7_%282024%E5%B9%B4%29
2024-03-07,バザーク・ボーイ,BerserkBoy Games,IARC,3+,https://ja.wikipedia.org/wiki/Nintendo_Switch%E3%81%AE%E3%82%B2%E3%83%BC%E3%83%A0%E3%82%BF%E3%82%A4%E3%83%88%E3%83%AB%E4%B8%80%E8%A6%A7_%282024%E5%B9%B4%29
2024-03-07,World War II Shooting Simulator,DEMENCI Games,IARC,3+,https://ja.wikipedia.org/wiki/Nintendo_Switch%E3%81%AE%E3%82%B2%E3%83%BC%E3%83%A0%E3%82%BF%E3%82%A4%E3%83%88%E3%83%AB%E4%B8%80%E8%A6%A7_%282024%E5%B9%B4%29
2024-03-07,Gunsmith Workshop Simulator,DEZVOLT GAMES,IARC,3+,https://ja.wikipedia.org/wiki/Nintendo_Switch%E3%81%AE%E3%82%B2%E3%83%BC%E3%83%A0%E3%82%BF%E3%82%A4%E3%83%88%E3%83%AB%E4%B8%80%E8%A6%A7_%282024%E5%B9%B4%29
2024-03-07,10 Seconds to Win!,eastasiasoft,IARC,7+,https://ja.wikipedia.org/wiki/Nintendo_Switch%E3%81%AE%E3%82%B2%E3%83%BC%E3%83%A0%E3%82%BF%E3%82%A4%E3%83%88%E3%83%AB%E4%B8%80%E8%A6%A7_%282024%E5%B9%B4%29
2024-03-07,ロスト・ランド: 最初の同盟物語,FIVE-BN STUDIO,IARC,7+,https://ja.wikipedia.org/wiki/Nintendo_Switch%E3%81%AE%E3%82%B2%E3%83%BC%E3%83%A0%E3%82%BF%E3%82%A4%E3%83%88%E3%83%AB%E4%B8%80%E8%A6%A7_%282024%E5%B9%B4%29
2024-03-07,くるくるパズル ならべて四字熟語－ならべてかんたん国語学習勉強教養語学パズル－,MASK,IARC,3+,https://ja.wikipedia.org/wiki/Nintendo_Switch%E3%81%AE%E3%82%B2%E3%83%BC%E3%83%A0%E3%82%BF%E3%82%A4%E3%83%88%E3%83%AB%E4%B8%80%E8%A6%A7_%282024%E5%B9%B4%29
2024-03-07,もっと知りたい幕末維新－ゲームで楽しく歴史発見雑学教養豆知識学習クイズ－,MASK,IARC,3+,https://ja.wikipedia.org/wiki/Nintendo_Switch%E3%81%AE%E3%82%B2%E3%83%BC%E3%83%A0%E3%82%BF%E3%82%A4%E3%83%88%E3%83%AB%E4%B8%80%E8%A6%A7_%282024%E5%B9%B4%29
2024-03-07,アルカノイド エターナルバトル,Microids,IARC,3+,https://ja.wikipedia.org/wiki/Nintendo_Switch%E3%81%AE%E3%82%B2%E3%83%BC%E3%83%A0%E3%82%BF%E3%82%A4%E3%83%88%E3%83%AB%E4%B8%80%E8%A6%A7_%282024%E5%B9%B4%29
2024-03-07,HexaWars,Nami Tentou,IARC,3+,https://ja.wikipedia.org/wiki/Nintendo_Switch%E3%81%AE%E3%82%B2%E3%83%BC%E3%83%A0%E3%82%BF%E3%82%A4%E3%83%88%E3%83%AB%E4%B8%80%E8%A6%A7_%282024%E5%B9%B4%29
2024-03-07,Hentai Girls: Naughty Gamer,Pakotime,IARC,12+,https://ja.wikipedia.org/wiki/Nintendo_Switch%E3%81%AE%E3%82%B2%E3%83%BC%E3%83%A0%E3%82%BF%E3%82%A4%E3%83%88%E3%83%AB%E4%B8%80%E8%A6%A7_%282024%E5%B9%B4%29
2024-03-07,トップレーサーシリーズ,QUByte Interactive,IARC,3+,https://ja.wikipedia.org/wiki/Nintendo_Switch%E3%81%AE%E3%82%B2%E3%83%BC%E3%83%A0%E3%82%BF%E3%82%A4%E3%83%88%E3%83%AB%E4%B8%80%E8%A6%A7_%282024%E5%B9%B4%29
2024-03-07,スナフキン:ムーミン谷のメロディ,Raw Fury,CERO,A,https://ja.wikipedia.org/wiki/Nintendo_Switch%E3%81%AE%E3%82%B2%E3%83%BC%E3%83%A0%E3%82%BF%E3%82%A4%E3%83%88%E3%83%AB%E4%B8%80%E8%A6%A7_%282024%E5%B9%B4%29
2024-03-07,"Warhammer 40,000: Dakka Squadron Flyboyz Edition",RedDeerGames,IARC,12+,https://ja.wikipedia.org/wiki/Nintendo_Switch%E3%81%AE%E3%82%B2%E3%83%BC%E3%83%A0%E3%82%BF%E3%82%A4%E3%83%88%E3%83%AB%E4%B8%80%E8%A6%A7_%282024%E5%B9%B4%29
2024-03-07,バブルフレッシュフルーツ,RuWaMo Games,IARC,3+,https://ja.wikipedia.org/wiki/Nintendo_Switch%E3%81%AE%E3%82%B2%E3%83%BC%E3%83%A0%E3%82%BF%E3%82%A4%E3%83%88%E3%83%AB%E4%B8%80%E8%A6%A7_%282024%E5%B9%B4%29
2024-03-07,Spot The Difference Fantasy Edition,Sabec,IARC,3+,https://ja.wikipedia.org/wiki/Nintendo_Switch%E3%81%AE%E3%82%B2%E3%83%BC%E3%83%A0%E3%82%BF%E3%82%A4%E3%83%88%E3%83%AB%E4%B8%80%E8%A6%A7_%282024%E5%B9%B4%29
2024-03-07,CLASSIC STG PACK,Shinyuden,IARC,12+,https://ja.wikipedia.org/wiki/Nintendo_Switch%E3%81%AE%E3%82%B2%E3%83%BC%E3%83%A0%E3%82%BF%E3%82%A4%E3%83%88%E3%83%AB%E4%B8%80%E8%A6%A7_%282024%E5%B9%B4%29
2024-03-07,Cat and Ghostly Road,Sometimes You,IARC,7+,https://ja.wikipedia.org/wiki/Nintendo_Switch%E3%81%AE%E3%82%B2%E3%83%BC%E3%83%A0%E3%82%BF%E3%82%A4%E3%83%88%E3%83%AB%E4%B8%80%E8%A6%A7_%282024%E5%B9%B4%29
2024-03-07,Car Racing Ice - Classic,SUCCESS GAMES,IARC,3+,https://ja.wikipedia.org/wiki/Nintendo_Switch%E3%81%AE%E3%82%B2%E3%83%BC%E3%83%A0%E3%82%BF%E3%82%A4%E3%83%88%E3%83%AB%E4%B8%80%E8%A6%A7_%282024%E5%B9%B4%29
2024-03-07,アイ・アム・冒険少年 超・脱出島,TBSテレビ,CERO,A,https://ja.wikipedia.org/wiki/Nintendo_Switch%E3%81%AE%E3%82%B2%E3%83%BC%E3%83%A0%E3%82%BF%E3%82%A4%E3%83%88%E3%83%AB%E4%B8%80%E8%A6%A7_%282024%E5%B9%B4%29
2024-03-07,はじめての韓国語 タイピング&パズル－ハングルキーボード配列も学べる語学勉強学習パズル－,TT,IARC,3+,https://ja.wikipedia.org/wiki/Nintendo_Switch%E3%81%AE%E3%82%B2%E3%83%BC%E3%83%A0%E3%82%BF%E3%82%A4%E3%83%88%E3%83%AB%E4%B8%80%E8%A6%A7_%282024%E5%B9%B4%29
2024-03-07,数字でかんたん色彩IQテスト－激ムズ難問脳トレ脳活ひらめき色彩感覚テスト－,TT,IARC,3+,https://ja.wikipedia.org/wiki/Nintendo_Switch%E3%81%AE%E3%82%B2%E3%83%BC%E3%83%A0%E3%82%BF%E3%82%A4%E3%83%88%E3%83%AB%E4%B8%80%E8%A6%A7_%282024%E5%B9%B4%29
2024-03-07,超難問！国旗で2択常識クイズ－ゲームで楽しく世界旅行激ムズ脳トレ脳活アハ活検定－,TT,IARC,3+,https://ja.wikipedia.org/wiki/Nintendo_Switch%E3%81%AE%E3%82%B2%E3%83%BC%E3%83%A0%E3%82%BF%E3%82%A4%E3%83%88%E3%83%AB%E4%B8%80%E8%A6%A7_%282024%E5%B9%B4%29
2024-03-07,Five Dates,Wales Interactive,IARC,16+,https://ja.wikipedia.org/wiki/Nintendo_Switch%E3%81%AE%E3%82%B2%E3%83%BC%E3%83%A0%E3%82%BF%E3%82%A4%E3%83%88%E3%83%AB%E4%B8%80%E8%A6%A7_%282024%E5%B9%B4%29
2024-03-07,Ten Dates,不明,"","",https://ja.wikipedia.org/wiki/Nintendo_Switch%E3%81%AE%E3%82%B2%E3%83%BC%E3%83%A0%E3%82%BF%E3%82%A4%E3%83%88%E3%83%AB%E4%B8%80%E8%A6%A7_%282024%E5%B9%B4%29
2024-03-07,アストロデュエル2,Wild Rooster,IARC,7+,https://ja.wikipedia.org/wiki/Nintendo_Switch%E3%81%AE%E3%82%B2%E3%83%BC%E3%83%A0%E3%82%BF%E3%82%A4%E3%83%88%E3%83%AB%E4%B8%80%E8%A6%A7_%282024%E5%B9%B4%29
2024-03-07,TVスタジオ物語,カイロソフト,IARC,3+,https://ja.wikipedia.org/wiki/Nintendo_Switch%E3%81%AE%E3%82%B2%E3%83%BC%E3%83%A0%E3%82%BF%E3%82%A4%E3%83%88%E3%83%AB%E4%B8%80%E8%A6%A7_%282024%E5%B9%B4%29
2024-03-07,レイストーム×レイクライシス HDコレクション,タイトー,CERO,A,https://ja.wikipedia.org/wiki/Nintendo_Switch%E3%81%AE%E3%82%B2%E3%83%BC%E3%83%A0%E3%82%BF%E3%82%A4%E3%83%88%E3%83%AB%E4%B8%80%E8%A6%A7_%282024%E5%B9%B4%29
2024-03-07,バリアント ハート: カミングホーム,ユービーアイソフト,CERO,B,https://ja.wikipedia.org/wiki/Nintendo_Switch%E3%81%AE%E3%82%B2%E3%83%BC%E3%83%A0%E3%82%BF%E3%82%A4%E3%83%88%E3%83%AB%E4%B8%80%E8%A6%A7_%282024%E5%B9%B4%29
2024-03-08,ストーレンレルム,Burst2Flame Games,IARC,7+,https://ja.wikipedia.org/wiki/Nintendo_Switch%E3%81%AE%E3%82%B2%E3%83%BC%E3%83%A0%E3%82%BF%E3%82%A4%E3%83%88%E3%83%AB%E4%B8%80%E8%A6%A7_%282024%E5%B9%B4%29
2024-03-08,超古代兵器ホリー,アクワイア,IARC,7+,https://ja.wikipedia.org/wiki/Nintendo_Switch%E3%81%AE%E3%82%B2%E3%83%BC%E3%83%A0%E3%82%BF%E3%82%A4%E3%83%88%E3%83%AB%E4%B8%80%E8%A6%A7_%282024%E5%B9%B4%29
2024-03-08,封魔戦記エルドギア,ケムコ,IARC,12+,https://ja.wikipedia.org/wiki/Nintendo_Switch%E3%81%AE%E3%82%B2%E3%83%BC%E3%83%A0%E3%82%BF%E3%82%A4%E3%83%88%E3%83%AB%E4%B8%80%E8%A6%A7_%282024%E5%B9%B4%29
2024-03-08,Xatrom Command,ラタライカゲームス,IARC,7+,https://ja.wikipedia.org/wiki/Nintendo_Switch%E3%81%AE%E3%82%B2%E3%83%BC%E3%83%A0%E3%82%BF%E3%82%A4%E3%83%88%E3%83%AB%E4%B8%80%E8%A6%A7_%282024%E5%B9%B4%29
2024-03-12,魂斗羅 オペレーション ガルガ,KONAMI,CERO,B,https://ja.wikipedia.org/wiki/Nintendo_Switch%E3%81%AE%E3%82%B2%E3%83%BC%E3%83%A0%E3%82%BF%E3%82%A4%E3%83%88%E3%83%AB%E4%B8%80%E8%A6%A7_%282024%E5%B9%B4%29
2024-03-14,Hot Rider Racing Simulator,404 Games,IARC,3+,https://ja.wikipedia.org/wiki/Nintendo_Switch%E3%81%AE%E3%82%B2%E3%83%BC%E3%83%A0%E3%82%BF%E3%82%A4%E3%83%88%E3%83%AB%E4%B8%80%E8%A6%A7_%282024%E5%B9%B4%29
2024-03-14,Tiny Tales: 森の奥の秘密,Artifex Mundi,IARC,7+,https://ja.wikipedia.org/wiki/Nintendo_Switch%E3%81%AE%E3%82%B2%E3%83%BC%E3%83%A0%E3%82%BF%E3%82%A4%E3%83%88%E3%83%AB%E4%B8%80%E8%A6%A7_%282024%E5%B9%B4%29
2024-03-14,Lawn Mowing Simulator,Astragon,CERO,A,https://ja.wikipedia.org/wiki/Nintendo_Switch%E3%81%AE%E3%82%B2%E3%83%BC%E3%83%A0%E3%82%BF%E3%82%A4%E3%83%88%E3%83%AB%E4%B8%80%E8%A6%A7_%282024%E5%B9%B4%29
2024-03-14,Buggy Off-Road Racing,Baltoro Minis,IARC,3+,https://ja.wikipedia.org/wiki/Nintendo_Switch%E3%81%AE%E3%82%B2%E3%83%BC%E3%83%A0%E3%82%BF%E3%82%A4%E3%83%88%E3%83%AB%E4%B8%80%E8%A6%A7_%282024%E5%B9%B4%29
2024-03-14,おもちゃ箱パズルイースター,Bearded Ants,IARC,3+,https://ja.wikipedia.org/wiki/Nintendo_Switch%E3%81%AE%E3%82%B2%E3%83%BC%E3%83%A0%E3%82%BF%E3%82%A4%E3%83%88%E3%83%AB%E4%B8%80%E8%A6%A7_%282024%E5%B9%B4%29
2024-03-14,Decarnation,Beep,IARC,16+,https://ja.wikipedia.org/wiki/Nintendo_Switch%E3%81%AE%E3%82%B2%E3%83%BC%E3%83%A0%E3%82%BF%E3%82%A4%E3%83%88%E3%83%AB%E4%B8%80%E8%A6%A7_%282024%E5%B9%B4%29
2024-03-14,カーエックスハイウェイレーシング,CarX Technologies,IARC,3+,https://ja.wikipedia.org/wiki/Nintendo_Switch%E3%81%AE%E3%82%B2%E3%83%BC%E3%83%A0%E3%82%BF%E3%82%A4%E3%83%88%E3%83%AB%E4%B8%80%E8%A6%A7_%282024%E5%B9%B4%29
2024-03-14,Wargroove 2,Chucklefish,CERO,A,https://ja.wikipedia.org/wiki/Nintendo_Switch%E3%81%AE%E3%82%B2%E3%83%BC%E3%83%A0%E3%82%BF%E3%82%A4%E3%83%88%E3%83%AB%E4%B8%80%E8%A6%A7_%282024%E5%B9%B4%29
2024-03-14,Sherlock Purr 2,COMMANDO PANDA,IARC,3+,https://ja.wikipedia.org/wiki/Nintendo_Switch%E3%81%AE%E3%82%B2%E3%83%BC%E3%83%A0%E3%82%BF%E3%82%A4%E3%83%88%E3%83%AB%E4%B8%80%E8%A6%A7_%282024%E5%B9%B4%29
2024-03-14,Dungeon Drafters,DANGEN Entertainment,IARC,7+,https://ja.wikipedia.org/wiki/Nintendo_Switch%E3%81%AE%E3%82%B2%E3%83%BC%E3%83%A0%E3%82%BF%E3%82%A4%E3%83%88%E3%83%AB%E4%B8%80%E8%A6%A7_%282024%E5%B9%B4%29
2024-03-14,Llamasoft:ジェフ・ミンター・ストーリー,Digital Eclipse,IARC,12+,https://ja.wikipedia.org/wiki/Nintendo_Switch%E3%81%AE%E3%82%B2%E3%83%BC%E3%83%A0%E3%82%BF%E3%82%A4%E3%83%88%E3%83%AB%E4%B8%80%E8%A6%A7_%282024%E5%B9%B4%29
2024-03-14,ヴァイオレットフジ子,eastasiasoft,IARC,7+,https://ja.wikipedia.org/wiki/Nintendo_Switch%E3%81%AE%E3%82%B2%E3%83%BC%E3%83%A0%E3%82%BF%E3%82%A4%E3%83%88%E3%83%AB%E4%B8%80%E8%A6%A7_%282024%E5%B9%B4%29
2024-03-14,Monster Tribe,Freedom Games,IARC,7+,https://ja.wikipedia.org/wiki/Nintendo_Switch%E3%81%AE%E3%82%B2%E3%83%BC%E3%83%A0%E3%82%BF%E3%82%A4%E3%83%88%E3%83%AB%E4%B8%80%E8%A6%A7_%282024%E5%B9%B4%29
2024-03-14,Truck and Forklift Logistic Simulator,Halva Studio,IARC,3+,https://ja.wikipedia.org/wiki/Nintendo_Switch%E3%81%AE%E3%82%B2%E3%83%BC%E3%83%A0%E3%82%BF%E3%82%A4%E3%83%88%E3%83%AB%E4%B8%80%E8%A6%A7_%282024%E5%B9%B4%29
2024-03-14,バルーニー,JOID Games,IARC,7+,https://ja.wikipedia.org/wiki/Nintendo_Switch%E3%81%AE%E3%82%B2%E3%83%BC%E3%83%A0%E3%82%BF%E3%82%A4%E3%83%88%E3%83%AB%E4%B8%80%E8%A6%A7_%282024%E5%B9%B4%29
2024-03-14,Greed: The Mad Scientist,Joindots,IARC,7+,https://ja.wikipedia.org/wiki/Nintendo_Switch%E3%81%AE%E3%82%B2%E3%83%BC%E3%83%A0%E3%82%BF%E3%82%A4%E3%83%88%E3%83%AB%E4%B8%80%E8%A6%A7_%282024%E5%B9%B4%29
2024-03-14,Bio Inc. Redemption,Klabater,IARC,12+,https://ja.wikipedia.org/wiki/Nintendo_Switch%E3%81%AE%E3%82%B2%E3%83%BC%E3%83%A0%E3%82%BF%E3%82%A4%E3%83%88%E3%83%AB%E4%B8%80%E8%A6%A7_%282024%E5%B9%B4%29
2024-03-14,小学生のうちに覚えたい古文単語－身につく差がつく幼児向け国語学習教養クイズ－,MASK,IARC,3+,https://ja.wikipedia.org/wiki/Nintendo_Switch%E3%81%AE%E3%82%B2%E3%83%BC%E3%83%A0%E3%82%BF%E3%82%A4%E3%83%88%E3%83%AB%E4%B8%80%E8%A6%A7_%282024%E5%B9%B4%29
2024-03-14,プル・ザ・ピン ボール・フィジック・パズル,Megame,IARC,3+,https://ja.wikipedia.org/wiki/Nintendo_Switch%E3%81%AE%E3%82%B2%E3%83%BC%E3%83%A0%E3%82%BF%E3%82%A4%E3%83%88%E3%83%AB%E4%B8%80%E8%A6%A7_%282024%E5%B9%B4%29
2024-03-14,Noob - ザ ファクションレス,Microids,IARC,7+,https://ja.wikipedia.org/wiki/Nintendo_Switch%E3%81%AE%E3%82%B2%E3%83%BC%E3%83%A0%E3%82%BF%E3%82%A4%E3%83%88%E3%83%AB%E4%B8%80%E8%A6%A7_%282024%E5%B9%B4%29
2024-03-14,The Vale: Shadow of the Crown,Nejcraft,IARC,7+,https://ja.wikipedia.org/wiki/Nintendo_Switch%E3%81%AE%E3%82%B2%E3%83%BC%E3%83%A0%E3%82%BF%E3%82%A4%E3%83%88%E3%83%AB%E4%B8%80%E8%A6%A7_%282024%E5%B9%B4%29
2024-03-14,デス トリック:ダブル ブラインド,Neon Doctrine,IARC,16+,https://ja.wikipedia.org/wiki/Nintendo_Switch%E3%81%AE%E3%82%B2%E3%83%BC%E3%83%A0%E3%82%BF%E3%82%A4%E3%83%88%E3%83%AB%E4%B8%80%E8%A6%A7_%282024%E5%B9%B4%29
2024-03-14,Kingdom Come Deliverance: Royal Edition,PLAION,CERO,Z,https://ja.wikipedia.org/wiki/Nintendo_Switch%E3%81%AE%E3%82%B2%E3%83%BC%E3%83%A0%E3%82%BF%E3%82%A4%E3%83%88%E3%83%AB%E4%B8%80%E8%A6%A7_%282024%E5%B9%B4%29
2024-03-14,Match Village,QUByte Interactive,IARC,3+,https://ja.wikipedia.org/wiki/Nintendo_Switch%E3%81%AE%E3%82%B2%E3%83%BC%E3%83%A0%E3%82%BF%E3%82%A4%E3%83%88%E3%83%AB%E4%B8%80%E8%A6%A7_%282024%E5%B9%B4%29
2024-03-14,Instant Death,RandomSpin Games,IARC,3+,https://ja.wikipedia.org/wiki/Nintendo_Switch%E3%81%AE%E3%82%B2%E3%83%BC%E3%83%A0%E3%82%BF%E3%82%A4%E3%83%88%E3%83%AB%E4%B8%80%E8%A6%A7_%282024%E5%B9%B4%29
2024-03-14,ハイウォーター,Rogue Games,IARC,7+,https://ja.wikipedia.org/wiki/Nintendo_Switch%E3%81%AE%E3%82%B2%E3%83%BC%E3%83%A0%E3%82%BF%E3%82%A4%E3%83%88%E3%83%AB%E4%B8%80%E8%A6%A7_%282024%E5%B9%B4%29
2024-03-14,Pogo Joins The Circus,SOFT SOURCE,IARC,3+,https://ja.wikipedia.org/wiki/Nintendo_Switch%E3%81%AE%E3%82%B2%E3%83%BC%E3%83%A0%E3%82%BF%E3%82%A4%E3%83%88%E3%83%AB%E4%B8%80%E8%A6%A7_%282024%E5%B9%B4%29
2024-03-14,Cybertrash STATYX,Sometimes You,IARC,7+,https://ja.wikipedia.org/wiki/Nintendo_Switch%E3%81%AE%E3%82%B2%E3%83%BC%E3%83%A0%E3%82%BF%E3%82%A4%E3%83%88%E3%83%AB%E4%B8%80%E8%A6%A7_%282024%E5%B9%B4%29
2024-03-14,DOG RACING - LOVELY PET FRIENDS PAW,SUCCESS GAMES,IARC,3+,https://ja.wikipedia.org/wiki/Nintendo_Switch%E3%81%AE%E3%82%B2%E3%83%BC%E3%83%A0%E3%82%BF%E3%82%A4%E3%83%88%E3%83%AB%E4%B8%80%E8%A6%A7_%282024%E5%B9%B4%29
2024-03-14,スシ・バトル・ランバングシャスリ,VisualLight,IARC,3+,https://ja.wikipedia.org/wiki/Nintendo_Switch%E3%81%AE%E3%82%B2%E3%83%BC%E3%83%A0%E3%82%BF%E3%82%A4%E3%83%88%E3%83%AB%E4%B8%80%E8%A6%A7_%282024%E5%B9%B4%29
2024-03-14,Sky Runners Infinite: Parkour,VRCFORGE STUDIOS,IARC,3+,https://ja.wikipedia.org/wiki/Nintendo_Switch%E3%81%AE%E3%82%B2%E3%83%BC%E3%83%A0%E3%82%BF%E3%82%A4%E3%83%88%E3%83%AB%E4%B8%80%E8%A6%A7_%282024%E5%B9%B4%29
2024-03-14,Nice Disc : The Last Hot Blood,ケムコ,IARC,7+,https://ja.wikipedia.org/wiki/Nintendo_Switch%E3%81%AE%E3%82%B2%E3%83%BC%E3%83%A0%E3%82%BF%E3%82%A4%E3%83%88%E3%83%AB%E4%B8%80%E8%A6%A7_%282024%E5%B9%B4%29
2024-03-14,強運傭兵と宝石の姫騎士 - Fortunate Duo -,サイバーステップ,IARC,16+,https://ja.wikipedia.org/wiki/Nintendo_Switch%E3%81%AE%E3%82%B2%E3%83%BC%E3%83%A0%E3%82%BF%E3%82%A4%E3%83%88%E3%83%AB%E4%B8%80%E8%A6%A7_%282024%E5%B9%B4%29
2024-03-14,リ:チェント,ハッピーミール,IARC,3+,https://ja.wikipedia.org/wiki/Nintendo_Switch%E3%81%AE%E3%82%B2%E3%83%BC%E3%83%A0%E3%82%BF%E3%82%A4%E3%83%88%E3%83%AB%E4%B8%80%E8%A6%A7_%282024%E5%B9%B4%29
2024-03-14,魔界堕ちのラズリエル,わくわくゲームズ　,IARC,3+,https://ja.wikipedia.org/wiki/Nintendo_Switch%E3%81%AE%E3%82%B2%E3%83%BC%E3%83%A0%E3%82%BF%E3%82%A4%E3%83%88%E3%83%AB%E4%B8%80%E8%A6%A7_%282024%E5%B9%B4%29
2024-03-15,Rainbow Moon,eastasiasoft,IARC,12+,https://ja.wikipedia.org/wiki/Nintendo_Switch%E3%81%AE%E3%82%B2%E3%83%BC%E3%83%A0%E3%82%BF%E3%82%A4%E3%83%88%E3%83%AB%E4%B8%80%E8%A6%A7_%282024%E5%B9%B4%29
2024-03-15,GYLT,TEQUILA WORKS,IARC,12+,https://ja.wikipedia.org/wiki/Nintendo_Switch%E3%81%AE%E3%82%B2%E3%83%BC%E3%83%A0%E3%82%BF%E3%82%A4%E3%83%88%E3%83%AB%E4%B8%80%E8%A6%A7_%282024%E5%B9%B4%29
2024-03-15,Orion Haste,ラタライカゲームス,IARC,7+,https://ja.wikipedia.org/wiki/Nintendo_Switch%E3%81%AE%E3%82%B2%E3%83%BC%E3%83%A0%E3%82%BF%E3%82%A4%E3%83%88%E3%83%AB%E4%B8%80%E8%A6%A7_%282024%E5%B9%B4%29
2024-03-19,MLB The Show 24,MLBAM,IARC,3+,https://ja.wikipedia.org/wiki/Nintendo_Switch%E3%81%AE%E3%82%B2%E3%83%BC%E3%83%A0%E3%82%BF%E3%82%A4%E3%83%88%E3%83%AB%E4%B8%80%E8%A6%A7_%282024%E5%B9%B4%29
2024-03-21,Hentai Girls Panic,17Studio,IARC,12+,https://ja.wikipedia.org/wiki/Nintendo_Switch%E3%81%AE%E3%82%B2%E3%83%BC%E3%83%A0%E3%82%BF%E3%82%A4%E3%83%88%E3%83%AB%E4%B8%80%E8%A6%A7_%282024%E5%B9%B4%29
2024-03-21,UNTURNED,505 Games,CERO,C,https://ja.wikipedia.org/wiki/Nintendo_Switch%E3%81%AE%E3%82%B2%E3%83%BC%E3%83%A0%E3%82%BF%E3%82%A4%E3%83%88%E3%83%AB%E4%B8%80%E8%A6%A7_%282024%E5%B9%B4%29
2024-03-21,帝国の崩壊,BD Games,IARC,7+,https://ja.wikipedia.org/wiki/Nintendo_Switch%E3%81%AE%E3%82%B2%E3%83%BC%E3%83%A0%E3%82%BF%E3%82%A4%E3%83%88%E3%83%AB%E4%B8%80%E8%A6%A7_%282024%E5%B9%B4%29
2024-03-21,Stunt Paradise,Brinemedia,IARC,3+,https://ja.wikipedia.org/wiki/Nintendo_Switch%E3%81%AE%E3%82%B2%E3%83%BC%E3%83%A0%E3%82%BF%E3%82%A4%E3%83%88%E3%83%AB%E4%B8%80%E8%A6%A7_%282024%E5%B9%B4%29
2024-03-21,Drift Legacy,COMMANDO PANDA,IARC,3+,https://ja.wikipedia.org/wiki/Nintendo_Switch%E3%81%AE%E3%82%B2%E3%83%BC%E3%83%A0%E3%82%BF%E3%82%A4%E3%83%88%E3%83%AB%E4%B8%80%E8%A6%A7_%282024%E5%B9%B4%29
2024-03-21,Master Maker 3D Ultimate,eastasiasoft,IARC,3+,https://ja.wikipedia.org/wiki/Nintendo_Switch%E3%81%AE%E3%82%B2%E3%83%BC%E3%83%A0%E3%82%BF%E3%82%A4%E3%83%88%E3%83%AB%E4%B8%80%E8%A6%A7_%282024%E5%B9%B4%29
2024-03-21,ペーパーダッシュシティフライト,EpiXR Games,IARC,7+,https://ja.wikipedia.org/wiki/Nintendo_Switch%E3%81%AE%E3%82%B2%E3%83%BC%E3%83%A0%E3%82%BF%E3%82%A4%E3%83%88%E3%83%AB%E4%B8%80%E8%A6%A7_%282024%E5%B9%B4%29
2024-03-21,Dreamland Solitaire: Dragon's Fury,ESDigital Games,IARC,3+,https://ja.wikipedia.org/wiki/Nintendo_Switch%E3%81%AE%E3%82%B2%E3%83%BC%E3%83%A0%E3%82%BF%E3%82%A4%E3%83%88%E3%83%AB%E4%B8%80%E8%A6%A7_%282024%E5%B9%B4%29
2024-03-21,Attack of the Karens カレン族の攻撃,Flynn's Arcade,IARC,7+,https://ja.wikipedia.org/wiki/Nintendo_Switch%E3%81%AE%E3%82%B2%E3%83%BC%E3%83%A0%E3%82%BF%E3%82%A4%E3%83%88%E3%83%AB%E4%B8%80%E8%A6%A7_%282024%E5%B9%B4%29
2024-03-21,PORTAL SHOT GUN TELEPORT,GameToTop Corp.,IARC,3+,https://ja.wikipedia.org/wiki/Nintendo_Switch%E3%81%AE%E3%82%B2%E3%83%BC%E3%83%A0%E3%82%BF%E3%82%A4%E3%83%88%E3%83%AB%E4%B8%80%E8%A6%A7_%282024%E5%B9%B4%29
2024-03-21,Virtual Girlfriend Dating Simulator,GameToTop Corp.,IARC,3+,https://ja.wikipedia.org/wiki/Nintendo_Switch%E3%81%AE%E3%82%B2%E3%83%BC%E3%83%A0%E3%82%BF%E3%82%A4%E3%83%88%E3%83%AB%E4%B8%80%E8%A6%A7_%282024%E5%B9%B4%29
2024-03-21,ウエスタンフロンティア,HUNTERS,IARC,12+,https://ja.wikipedia.org/wiki/Nintendo_Switch%E3%81%AE%E3%82%B2%E3%83%BC%E3%83%A0%E3%82%BF%E3%82%A4%E3%83%88%E3%83%AB%E4%B8%80%E8%A6%A7_%282024%E5%B9%B4%29
2024-03-21,Mortal Fight: Lethal Revenge,Kanuni Games,IARC,3+,https://ja.wikipedia.org/wiki/Nintendo_Switch%E3%81%AE%E3%82%B2%E3%83%BC%E3%83%A0%E3%82%BF%E3%82%A4%E3%83%88%E3%83%AB%E4%B8%80%E8%A6%A7_%282024%E5%B9%B4%29
2024-03-21,スワイプクイズ 仕分けて都道府県－指一本で地理勉強社会学習教養常識パズル－,MASK,IARC,3+,https://ja.wikipedia.org/wiki/Nintendo_Switch%E3%81%AE%E3%82%B2%E3%83%BC%E3%83%A0%E3%82%BF%E3%82%A4%E3%83%88%E3%83%AB%E4%B8%80%E8%A6%A7_%282024%E5%B9%B4%29
2024-03-21,歴史マルバツクイズ－2択でかんたん日本史勉強学習教養豆知識雑学ゲーム－,MASK,IARC,3+,https://ja.wikipedia.org/wiki/Nintendo_Switch%E3%81%AE%E3%82%B2%E3%83%BC%E3%83%A0%E3%82%BF%E3%82%A4%E3%83%88%E3%83%AB%E4%B8%80%E8%A6%A7_%282024%E5%B9%B4%29
2024-03-21,Kingdom of Corrupts,Massoft Games,IARC,16+,https://ja.wikipedia.org/wiki/Nintendo_Switch%E3%81%AE%E3%82%B2%E3%83%BC%E3%83%A0%E3%82%BF%E3%82%A4%E3%83%88%E3%83%AB%E4%B8%80%E8%A6%A7_%282024%E5%B9%B4%29
2024-03-21,エア・トラフィック・シム エアポート・ディスパチャー・シミュレーター,Megame,IARC,3+,https://ja.wikipedia.org/wiki/Nintendo_Switch%E3%81%AE%E3%82%B2%E3%83%BC%E3%83%A0%E3%82%BF%E3%82%A4%E3%83%88%E3%83%AB%E4%B8%80%E8%A6%A7_%282024%E5%B9%B4%29
2024-03-21,スペシャル・フォーシズ・ストライク タクティカル・シューター,Megame,IARC,16+,https://ja.wikipedia.org/wiki/Nintendo_Switch%E3%81%AE%E3%82%B2%E3%83%BC%E3%83%A0%E3%82%BF%E3%82%A4%E3%83%88%E3%83%AB%E4%B8%80%E8%A6%A7_%282024%E5%B9%B4%29
2024-03-21,Hentai Girls: Sakura Romance,Pakotime,IARC,12+,https://ja.wikipedia.org/wiki/Nintendo_Switch%E3%81%AE%E3%82%B2%E3%83%BC%E3%83%A0%E3%82%BF%E3%82%A4%E3%83%88%E3%83%AB%E4%B8%80%E8%A6%A7_%282024%E5%B9%B4%29
2024-03-21,Across the Obelisk,Paradox Interactive,IARC,12+,https://ja.wikipedia.org/wiki/Nintendo_Switch%E3%81%AE%E3%82%B2%E3%83%BC%E3%83%A0%E3%82%BF%E3%82%A4%E3%83%88%E3%83%AB%E4%B8%80%E8%A6%A7_%282024%E5%B9%B4%29
2024-03-21,Power of Ten,Pew Times Three,IARC,12+,https://ja.wikipedia.org/wiki/Nintendo_Switch%E3%81%AE%E3%82%B2%E3%83%BC%E3%83%A0%E3%82%BF%E3%82%A4%E3%83%88%E3%83%AB%E4%B8%80%E8%A6%A7_%282024%E5%B9%B4%29
2024-03-21,Crypt Stalker,RedDeerGames,IARC,12+,https://ja.wikipedia.org/wiki/Nintendo_Switch%E3%81%AE%E3%82%B2%E3%83%BC%E3%83%A0%E3%82%BF%E3%82%A4%E3%83%88%E3%83%AB%E4%B8%80%E8%A6%A7_%282024%E5%B9%B4%29
2024-03-21,超記憶脳トレ2,RedDeerGames,IARC,3+,https://ja.wikipedia.org/wiki/Nintendo_Switch%E3%81%AE%E3%82%B2%E3%83%BC%E3%83%A0%E3%82%BF%E3%82%A4%E3%83%88%E3%83%AB%E4%B8%80%E8%A6%A7_%282024%E5%B9%B4%29
2024-03-21,SUSHIショット オンライン,SAT-BOX,IARC,3+,https://ja.wikipedia.org/wiki/Nintendo_Switch%E3%81%AE%E3%82%B2%E3%83%BC%E3%83%A0%E3%82%BF%E3%82%A4%E3%83%88%E3%83%AB%E4%B8%80%E8%A6%A7_%282024%E5%B9%B4%29
2024-03-21,April's Diary,SOFT SOURCE,IARC,3+,https://ja.wikipedia.org/wiki/Nintendo_Switch%E3%81%AE%E3%82%B2%E3%83%BC%E3%83%A0%E3%82%BF%E3%82%A4%E3%83%88%E3%83%AB%E4%B8%80%E8%A6%A7_%282024%E5%B9%B4%29
2024-03-21,Animal Buddies - Party Beasts,VRCFORGE STUDIOS,IARC,3+,https://ja.wikipedia.org/wiki/Nintendo_Switch%E3%81%AE%E3%82%B2%E3%83%BC%E3%83%A0%E3%82%BF%E3%82%A4%E3%83%88%E3%83%AB%E4%B8%80%E8%A6%A7_%282024%E5%B9%B4%29
2024-03-21,Chip and Charge,Weakfish Studio,IARC,3+,https://ja.wikipedia.org/wiki/Nintendo_Switch%E3%81%AE%E3%82%B2%E3%83%BC%E3%83%A0%E3%82%BF%E3%82%A4%E3%83%88%E3%83%AB%E4%B8%80%E8%A6%A7_%282024%E5%B9%B4%29
2024-03-21,Sector 98,Weakfish Studio,IARC,3+,https://ja.wikipedia.org/wiki/Nintendo_Switch%E3%81%AE%E3%82%B2%E3%83%BC%E3%83%A0%E3%82%BF%E3%82%A4%E3%83%88%E3%83%AB%E4%B8%80%E8%A6%A7_%282024%E5%B9%B4%29
2024-03-21,悪役令嬢は隣国の王太子に溺愛される,オペラハウス,IARC,3+,https://ja.wikipedia.org/wiki/Nintendo_Switch%E3%81%AE%E3%82%B2%E3%83%BC%E3%83%A0%E3%82%BF%E3%82%A4%E3%83%88%E3%83%AB%E4%B8%80%E8%A6%A7_%282024%E5%B9%B4%29
2024-03-26,Farming Simulator Kids,GIANTS Software,IARC,3+,https://ja.wikipedia.org/wiki/Nintendo_Switch%E3%81%AE%E3%82%B2%E3%83%BC%E3%83%A0%E3%82%BF%E3%82%A4%E3%83%88%E3%83%AB%E4%B8%80%E8%A6%A7_%282024%E5%B9%B4%29
2024-03-28,ニャン蔵&クマ吉の爆弾を避けて壁を壊し洞窟を進んでいくゲーム,AlignmentSharp,IARC,3+,https://ja.wikipedia.org/wiki/Nintendo_Switch%E3%81%AE%E3%82%B2%E3%83%BC%E3%83%A0%E3%82%BF%E3%82%A4%E3%83%88%E3%83%AB%E4%B8%80%E8%A6%A7_%282024%E5%B9%B4%29
2024-03-28,Demon Drop DX,Asylum Square Interactive,IARC,7+,https://ja.wikipedia.org/wiki/Nintendo_Switch%E3%81%AE%E3%82%B2%E3%83%BC%E3%83%A0%E3%82%BF%E3%82%A4%E3%83%88%E3%83%AB%E4%B8%80%E8%A6%A7_%282024%E5%B9%B4%29
2024-03-28,Go Kart Mania,Baltoro Minis,IARC,3+,https://ja.wikipedia.org/wiki/Nintendo_Switch%E3%81%AE%E3%82%B2%E3%83%BC%E3%83%A0%E3%82%BF%E3%82%A4%E3%83%88%E3%83%AB%E4%B8%80%E8%A6%A7_%282024%E5%B9%B4%29
2024-03-28,"Coffee, Plis",Cube Games,IARC,3+,https://ja.wikipedia.org/wiki/Nintendo_Switch%E3%81%AE%E3%82%B2%E3%83%BC%E3%83%A0%E3%82%BF%E3%82%A4%E3%83%88%E3%83%AB%E4%B8%80%E8%A6%A7_%282024%E5%B9%B4%29
2024-03-28,Reaper Survivors,DEMENCI Games,IARC,3+,https://ja.wikipedia.org/wiki/Nintendo_Switch%E3%81%AE%E3%82%B2%E3%83%BC%E3%83%A0%E3%82%BF%E3%82%A4%E3%83%88%E3%83%AB%E4%B8%80%E8%A6%A7_%282024%E5%B9%B4%29
2024-03-28,空へ,Domynyo,IARC,3+,https://ja.wikipedia.org/wiki/Nintendo_Switch%E3%81%AE%E3%82%B2%E3%83%BC%E3%83%A0%E3%82%BF%E3%82%A4%E3%83%88%E3%83%AB%E4%B8%80%E8%A6%A7_%282024%E5%B9%B4%29
2024-03-28,Stasis: Bone Totem,Feardemic,IARC,16+,https://ja.wikipedia.org/wiki/Nintendo_Switch%E3%81%AE%E3%82%B2%E3%83%BC%E3%83%A0%E3%82%BF%E3%82%A4%E3%83%88%E3%83%AB%E4%B8%80%E8%A6%A7_%282024%E5%B9%B4%29
2024-03-28,ガジェット 収集,Funbox Media,IARC,3+,https://ja.wikipedia.org/wiki/Nintendo_Switch%E3%81%AE%E3%82%B2%E3%83%BC%E3%83%A0%E3%82%BF%E3%82%A4%E3%83%88%E3%83%AB%E4%B8%80%E8%A6%A7_%282024%E5%B9%B4%29
2024-03-28,Rallyallyally ロールラリー,Hairy Heart Games,IARC,3+,https://ja.wikipedia.org/wiki/Nintendo_Switch%E3%81%AE%E3%82%B2%E3%83%BC%E3%83%A0%E3%82%BF%E3%82%A4%E3%83%88%E3%83%AB%E4%B8%80%E8%A6%A7_%282024%E5%B9%B4%29
2024-03-28,Spring Bunny Islands: 春うさぎ島,Halva Studio,IARC,3+,https://ja.wikipedia.org/wiki/Nintendo_Switch%E3%81%AE%E3%82%B2%E3%83%BC%E3%83%A0%E3%82%BF%E3%82%A4%E3%83%88%E3%83%AB%E4%B8%80%E8%A6%A7_%282024%E5%B9%B4%29
2024-03-28,モンスターパニック,Happy Player,IARC,3+,https://ja.wikipedia.org/wiki/Nintendo_Switch%E3%81%AE%E3%82%B2%E3%83%BC%E3%83%A0%E3%82%BF%E3%82%A4%E3%83%88%E3%83%AB%E4%B8%80%E8%A6%A7_%282024%E5%B9%B4%29
2024-03-28,幼馴染のいる暮らし,iMel,CERO,C,https://ja.wikipedia.org/wiki/Nintendo_Switch%E3%81%AE%E3%82%B2%E3%83%BC%E3%83%A0%E3%82%BF%E3%82%A4%E3%83%88%E3%83%AB%E4%B8%80%E8%A6%A7_%282024%E5%B9%B4%29
2024-03-28,2番線プラス,KOSEI YASUDA,IARC,7+,https://ja.wikipedia.org/wiki/Nintendo_Switch%E3%81%AE%E3%82%B2%E3%83%BC%E3%83%A0%E3%82%BF%E3%82%A4%E3%83%88%E3%83%AB%E4%B8%80%E8%A6%A7_%282024%E5%B9%B4%29
2024-03-28,Manga Girls 美少女回転パズル－パネルでくるくるキュートでかわいい彼女の絵あわせギャルゲー－,MASK,IARC,3+,https://ja.wikipedia.org/wiki/Nintendo_Switch%E3%81%AE%E3%82%B2%E3%83%BC%E3%83%A0%E3%82%BF%E3%82%A4%E3%83%88%E3%83%AB%E4%B8%80%E8%A6%A7_%282024%E5%B9%B4%29
2024-03-28,Right and Down and Dice,mc2games,IARC,7+,https://ja.wikipedia.org/wiki/Nintendo_Switch%E3%81%AE%E3%82%B2%E3%83%BC%E3%83%A0%E3%82%BF%E3%82%A4%E3%83%88%E3%83%AB%E4%B8%80%E8%A6%A7_%282024%E5%B9%B4%29
2024-03-28,エスケープ・フィア ハイド・アンド・シーク・ホラー,Megame,IARC,3+,https://ja.wikipedia.org/wiki/Nintendo_Switch%E3%81%AE%E3%82%B2%E3%83%BC%E3%83%A0%E3%82%BF%E3%82%A4%E3%83%88%E3%83%AB%E4%B8%80%E8%A6%A7_%282024%E5%B9%B4%29
2024-03-28,Cricket 24,Nacon,IARC,3+,https://ja.wikipedia.org/wiki/Nintendo_Switch%E3%81%AE%E3%82%B2%E3%83%BC%E3%83%A0%E3%82%BF%E3%82%A4%E3%83%88%E3%83%AB%E4%B8%80%E8%A6%A7_%282024%E5%B9%B4%29
2024-03-28,ザ・ワールド・アフター,PixelHeart,IARC,12+,https://ja.wikipedia.org/wiki/Nintendo_Switch%E3%81%AE%E3%82%B2%E3%83%BC%E3%83%A0%E3%82%BF%E3%82%A4%E3%83%88%E3%83%AB%E4%B8%80%E8%A6%A7_%282024%E5%B9%B4%29
2024-03-28,nZen,RedDeerGames,IARC,3+,https://ja.wikipedia.org/wiki/Nintendo_Switch%E3%81%AE%E3%82%B2%E3%83%BC%E3%83%A0%E3%82%BF%E3%82%A4%E3%83%88%E3%83%AB%E4%B8%80%E8%A6%A7_%282024%E5%B9%B4%29
2024-03-28,スタックランド,Sokpop Collective,IARC,3+,https://ja.wikipedia.org/wiki/Nintendo_Switch%E3%81%AE%E3%82%B2%E3%83%BC%E3%83%A0%E3%82%BF%E3%82%A4%E3%83%88%E3%83%AB%E4%B8%80%E8%A6%A7_%282024%E5%B9%B4%29
2024-03-28,Re:Touring,Sometimes You,IARC,3+,https://ja.wikipedia.org/wiki/Nintendo_Switch%E3%81%AE%E3%82%B2%E3%83%BC%E3%83%A0%E3%82%BF%E3%82%A4%E3%83%88%E3%83%AB%E4%B8%80%E8%A6%A7_%282024%E5%B9%B4%29
2024-03-28,古銭プッシャーフレンズ弐,STP WORKS,IARC,3+,https://ja.wikipedia.org/wiki/Nintendo_Switch%E3%81%AE%E3%82%B2%E3%83%BC%E3%83%A0%E3%82%BF%E3%82%A4%E3%83%88%E3%83%AB%E4%B8%80%E8%A6%A7_%282024%E5%B9%B4%29
2024-03-28,Drift Force Xtreme: Ultimate Car Simulator 2024,SUCCESS GAMES,IARC,3+,https://ja.wikipedia.org/wiki/Nintendo_Switch%E3%81%AE%E3%82%B2%E3%83%BC%E3%83%A0%E3%82%BF%E3%82%A4%E3%83%88%E3%83%AB%E4%B8%80%E8%A6%A7_%282024%E5%B9%B4%29
2024-03-28,Labyrinthia Nightmares: THE JOURNEY OF LITTLE FLUFFYPUFF,SUCCESS GAMES,IARC,3+,https://ja.wikipedia.org/wiki/Nintendo_Switch%E3%81%AE%E3%82%B2%E3%83%BC%E3%83%A0%E3%82%BF%E3%82%A4%E3%83%88%E3%83%AB%E4%B8%80%E8%A6%A7_%282024%E5%B9%B4%29
2024-03-28,Blind Shot: Last Action Hero,Tendokore,IARC,3+,https://ja.wikipedia.org/wiki/Nintendo_Switch%E3%81%AE%E3%82%B2%E3%83%BC%E3%83%A0%E3%82%BF%E3%82%A4%E3%83%88%E3%83%AB%E4%B8%80%E8%A6%A7_%282024%E5%B9%B4%29
2024-03-28,Missile Dancer 2,TERARIN GAMES,IARC,3+,https://ja.wikipedia.org/wiki/Nintendo_Switch%E3%81%AE%E3%82%B2%E3%83%BC%E3%83%A0%E3%82%BF%E3%82%A4%E3%83%88%E3%83%AB%E4%B8%80%E8%A6%A7_%282024%E5%B9%B4%29
2024-03-28,全国小学生あなうめ英語クイズ－基礎が身につく語学勉強学習教養早押しクイズ－,TT,IARC,3+,https://ja.wikipedia.org/wiki/Nintendo_Switch%E3%81%AE%E3%82%B2%E3%83%BC%E3%83%A0%E3%82%BF%E3%82%A4%E3%83%88%E3%83%AB%E4%B8%80%E8%A6%A7_%282024%E5%B9%B4%29
2024-03-28,Ducky Quacky,Weakfish Studio,IARC,3+,https://ja.wikipedia.org/wiki/Nintendo_Switch%E3%81%AE%E3%82%B2%E3%83%BC%E3%83%A0%E3%82%BF%E3%82%A4%E3%83%88%E3%83%AB%E4%B8%80%E8%A6%A7_%282024%E5%B9%B4%29
2024-03-28,Turret Lab,Weakfish Studio,IARC,7+,https://ja.wikipedia.org/wiki/Nintendo_Switch%E3%81%AE%E3%82%B2%E3%83%BC%E3%83%A0%E3%82%BF%E3%82%A4%E3%83%88%E3%83%AB%E4%B8%80%E8%A6%A7_%282024%E5%B9%B4%29
2024-03-28,ゾンビウッド - サバイバルシューティング,ゲームロフト,IARC,16+,https://ja.wikipedia.org/wiki/Nintendo_Switch%E3%81%AE%E3%82%B2%E3%83%BC%E3%83%A0%E3%82%BF%E3%82%A4%E3%83%88%E3%83%AB%E4%B8%80%E8%A6%A7_%282024%E5%B9%B4%29
2024-03-28,へべれけ えんじょいえでそん,シティコネクション,IARC,3+,https://ja.wikipedia.org/wiki/Nintendo_Switch%E3%81%AE%E3%82%B2%E3%83%BC%E3%83%A0%E3%82%BF%E3%82%A4%E3%83%88%E3%83%AB%E4%B8%80%E8%A6%A7_%282024%E5%B9%B4%29
2024-03-28,Akatsuki: Lord of the Dawn,ズー,IARC,7+,https://ja.wikipedia.org/wiki/Nintendo_Switch%E3%81%AE%E3%82%B2%E3%83%BC%E3%83%A0%E3%82%BF%E3%82%A4%E3%83%88%E3%83%AB%E4%B8%80%E8%A6%A7_%282024%E5%B9%B4%29
2024-03-28,アウトレーシング アーケードメモリー,トローゼ,IARC,3+,https://ja.wikipedia.org/wiki/Nintendo_Switch%E3%81%AE%E3%82%B2%E3%83%BC%E3%83%A0%E3%82%BF%E3%82%A4%E3%83%88%E3%83%AB%E4%B8%80%E8%A6%A7_%282024%E5%B9%B4%29
2024-03-28,犬神ディフェンダーズ,わくわくゲームズ,IARC,3+,https://ja.wikipedia.org/wiki/Nintendo_Switch%E3%81%AE%E3%82%B2%E3%83%BC%E3%83%A0%E3%82%BF%E3%82%A4%E3%83%88%E3%83%AB%E4%B8%80%E8%A6%A7_%282024%E5%B9%B4%29
2024-03-29,Open Roads,Annapurna Interactive,CERO,B,https://ja.wikipedia.org/wiki/Nintendo_Switch%E3%81%AE%E3%82%B2%E3%83%BC%E3%83%A0%E3%82%BF%E3%82%A4%E3%83%88%E3%83%AB%E4%B8%80%E8%A6%A7_%282024%E5%B9%B4%29
2024-03-29,Pepper Grinder,Devolver Digital,CERO,B,https://ja.wikipedia.org/wiki/Nintendo_Switch%E3%81%AE%E3%82%B2%E3%83%BC%E3%83%A0%E3%82%BF%E3%82%A4%E3%83%88%E3%83%AB%E4%B8%80%E8%A6%A7_%282024%E5%B9%B4%29
2024-03-29,サクラ・スペース,Gamuzumi,IARC,16+,https://ja.wikipedia.org/wiki/Nintendo_Switch%E3%81%AE%E3%82%B2%E3%83%BC%E3%83%A0%E3%82%BF%E3%82%A4%E3%83%88%E3%83%AB%E4%B8%80%E8%A6%A7_%282024%E5%B9%B4%29
2024-03-29,House,Glowstick Entertainment,IARC,16+,https://ja.wikipedia.org/wiki/Nintendo_Switch%E3%81%AE%E3%82%B2%E3%83%BC%E3%83%A0%E3%82%BF%E3%82%A4%E3%83%88%E3%83%AB%E4%B8%80%E8%A6%A7_%282024%E5%B9%B4%29
2024-03-29,Forrader Hero,ラタライカゲームス,IARC,16+,https://ja.wikipedia.org/wiki/Nintendo_Switch%E3%81%AE%E3%82%B2%E3%83%BC%E3%83%A0%E3%82%BF%E3%82%A4%E3%83%88%E3%83%AB%E4%B8%80%E8%A6%A7_%282024%E5%B9%B4%29
2024-04-04,Neko Girls Puzzle,17Studio,IARC,12+,https://ja.wikipedia.org/wiki/Nintendo_Switch%E3%81%AE%E3%82%B2%E3%83%BC%E3%83%A0%E3%82%BF%E3%82%A4%E3%83%88%E3%83%AB%E4%B8%80%E8%A6%A7_%282024%E5%B9%B4%29
2024-04-04,Last Bloody Snack,404 Games,IARC,12+,https://ja.wikipedia.org/wiki/Nintendo_Switch%E3%81%AE%E3%82%B2%E3%83%BC%E3%83%A0%E3%82%BF%E3%82%A4%E3%83%88%E3%83%AB%E4%B8%80%E8%A6%A7_%282024%E5%B9%B4%29
2024-04-04,Storyblocks: The King,Afil Games,IARC,3+,https://ja.wikipedia.org/wiki/Nintendo_Switch%E3%81%AE%E3%82%B2%E3%83%BC%E3%83%A0%E3%82%BF%E3%82%A4%E3%83%88%E3%83%AB%E4%B8%80%E8%A6%A7_%282024%E5%B9%B4%29
2024-04-04,ヌードル タグ,Antoine Cherel,IARC,3+,https://ja.wikipedia.org/wiki/Nintendo_Switch%E3%81%AE%E3%82%B2%E3%83%BC%E3%83%A0%E3%82%BF%E3%82%A4%E3%83%88%E3%83%AB%E4%B8%80%E8%A6%A7_%282024%E5%B9%B4%29
2024-04-04,Hentai Parody: Tentacle Slayer,Big Way,IARC,12+,https://ja.wikipedia.org/wiki/Nintendo_Switch%E3%81%AE%E3%82%B2%E3%83%BC%E3%83%A0%E3%82%BF%E3%82%A4%E3%83%88%E3%83%AB%E4%B8%80%E8%A6%A7_%282024%E5%B9%B4%29
2024-04-04,テラ メモリア,Dear Villagers Plug In Digital,IARC,3+,https://ja.wikipedia.org/wiki/Nintendo_Switch%E3%81%AE%E3%82%B2%E3%83%BC%E3%83%A0%E3%82%BF%E3%82%A4%E3%83%88%E3%83%AB%E4%B8%80%E8%A6%A7_%282024%E5%B9%B4%29
2024-04-04,Cats Organized Neatly,DU&I UG,IARC,3+,https://ja.wikipedia.org/wiki/Nintendo_Switch%E3%81%AE%E3%82%B2%E3%83%BC%E3%83%A0%E3%82%BF%E3%82%A4%E3%83%88%E3%83%AB%E4%B8%80%E8%A6%A7_%282024%E5%B9%B4%29
2024-04-04,Flightpath: Adventures in Venaris,eastasiasoft,IARC,7+,https://ja.wikipedia.org/wiki/Nintendo_Switch%E3%81%AE%E3%82%B2%E3%83%BC%E3%83%A0%E3%82%BF%E3%82%A4%E3%83%88%E3%83%AB%E4%B8%80%E8%A6%A7_%282024%E5%B9%B4%29
2024-04-04,Frowntown,Elushis,IARC,16+,https://ja.wikipedia.org/wiki/Nintendo_Switch%E3%81%AE%E3%82%B2%E3%83%BC%E3%83%A0%E3%82%BF%E3%82%A4%E3%83%88%E3%83%AB%E4%B8%80%E8%A6%A7_%282024%E5%B9%B4%29
2024-04-04,シュガータンクス2,EpiXR Games,IARC,7+,https://ja.wikipedia.org/wiki/Nintendo_Switch%E3%81%AE%E3%82%B2%E3%83%BC%E3%83%A0%E3%82%BF%E3%82%A4%E3%83%88%E3%83%AB%E4%B8%80%E8%A6%A7_%282024%E5%B9%B4%29
2024-04-04,Tricky Doors,FIVE-BN STUDIO,IARC,7+,https://ja.wikipedia.org/wiki/Nintendo_Switch%E3%81%AE%E3%82%B2%E3%83%BC%E3%83%A0%E3%82%BF%E3%82%A4%E3%83%88%E3%83%AB%E4%B8%80%E8%A6%A7_%282024%E5%B9%B4%29
2024-04-04,サビッジ エージ,indienova,IARC,16+,https://ja.wikipedia.org/wiki/Nintendo_Switch%E3%81%AE%E3%82%B2%E3%83%BC%E3%83%A0%E3%82%BF%E3%82%A4%E3%83%88%E3%83%AB%E4%B8%80%E8%A6%A7_%282024%E5%B9%B4%29
2024-04-04,Greed 2: Forbidden Experiments,Joindots,IARC,12+,https://ja.wikipedia.org/wiki/Nintendo_Switch%E3%81%AE%E3%82%B2%E3%83%BC%E3%83%A0%E3%82%BF%E3%82%A4%E3%83%88%E3%83%AB%E4%B8%80%E8%A6%A7_%282024%E5%B9%B4%29
2024-04-04,1分見るだけ！にゃんこ写真で記憶力テスト－猫ねこ癒しのかんたん脳トレ脳活アハ活ゲーム－,MASK,IARC,3+,https://ja.wikipedia.org/wiki/Nintendo_Switch%E3%81%AE%E3%82%B2%E3%83%BC%E3%83%A0%E3%82%BF%E3%82%A4%E3%83%88%E3%83%AB%E4%B8%80%E8%A6%A7_%282024%E5%B9%B4%29
2024-04-04,Colony Defense - The Ultimate Minimalist Tower Base Defense Game,McPeppergames,IARC,3+,https://ja.wikipedia.org/wiki/Nintendo_Switch%E3%81%AE%E3%82%B2%E3%83%BC%E3%83%A0%E3%82%BF%E3%82%A4%E3%83%88%E3%83%AB%E4%B8%80%E8%A6%A7_%282024%E5%B9%B4%29
2024-04-04,Hentai Girls: Athlete Crush,Pakotime,IARC,12+,https://ja.wikipedia.org/wiki/Nintendo_Switch%E3%81%AE%E3%82%B2%E3%83%BC%E3%83%A0%E3%82%BF%E3%82%A4%E3%83%88%E3%83%AB%E4%B8%80%E8%A6%A7_%282024%E5%B9%B4%29
2024-04-04,Notebook Artillery,PolyCrunch Games,IARC,3+,https://ja.wikipedia.org/wiki/Nintendo_Switch%E3%81%AE%E3%82%B2%E3%83%BC%E3%83%A0%E3%82%BF%E3%82%A4%E3%83%88%E3%83%AB%E4%B8%80%E8%A6%A7_%282024%E5%B9%B4%29
2024-04-04,魔法使いハンター:魔法の世界の終わり,Red Fables,IARC,7+,https://ja.wikipedia.org/wiki/Nintendo_Switch%E3%81%AE%E3%82%B2%E3%83%BC%E3%83%A0%E3%82%BF%E3%82%A4%E3%83%88%E3%83%AB%E4%B8%80%E8%A6%A7_%282024%E5%B9%B4%29
2024-04-04,Alien Invasion,Sabec,IARC,3+,https://ja.wikipedia.org/wiki/Nintendo_Switch%E3%81%AE%E3%82%B2%E3%83%BC%E3%83%A0%E3%82%BF%E3%82%A4%E3%83%88%E3%83%AB%E4%B8%80%E8%A6%A7_%282024%E5%B9%B4%29
2024-04-04,作って!いか焼き,SAT-BOX,IARC,3+,https://ja.wikipedia.org/wiki/Nintendo_Switch%E3%81%AE%E3%82%B2%E3%83%BC%E3%83%A0%E3%82%BF%E3%82%A4%E3%83%88%E3%83%AB%E4%B8%80%E8%A6%A7_%282024%E5%B9%B4%29
2024-04-04,CrashOut Xtreme,SOFT SOURCE,IARC,3+,https://ja.wikipedia.org/wiki/Nintendo_Switch%E3%81%AE%E3%82%B2%E3%83%BC%E3%83%A0%E3%82%BF%E3%82%A4%E3%83%88%E3%83%AB%E4%B8%80%E8%A6%A7_%282024%E5%B9%B4%29
2024-04-04,Knowledge Keeper,Sometimes You,IARC,7+,https://ja.wikipedia.org/wiki/Nintendo_Switch%E3%81%AE%E3%82%B2%E3%83%BC%E3%83%A0%E3%82%BF%E3%82%A4%E3%83%88%E3%83%AB%E4%B8%80%E8%A6%A7_%282024%E5%B9%B4%29
2024-04-04,Life of Slime,Sometimes You,IARC,12+,https://ja.wikipedia.org/wiki/Nintendo_Switch%E3%81%AE%E3%82%B2%E3%83%BC%E3%83%A0%E3%82%BF%E3%82%A4%E3%83%88%E3%83%AB%E4%B8%80%E8%A6%A7_%282024%E5%B9%B4%29
2024-04-04,Spy Guy Hidden Objects Deluxe,Trefl S.A,IARC,3+,https://ja.wikipedia.org/wiki/Nintendo_Switch%E3%81%AE%E3%82%B2%E3%83%BC%E3%83%A0%E3%82%BF%E3%82%A4%E3%83%88%E3%83%AB%E4%B8%80%E8%A6%A7_%282024%E5%B9%B4%29
2024-04-04,Stunt Scooter Simulator,VRCFORGE STUDIOS,IARC,3+,https://ja.wikipedia.org/wiki/Nintendo_Switch%E3%81%AE%E3%82%B2%E3%83%BC%E3%83%A0%E3%82%BF%E3%82%A4%E3%83%88%E3%83%AB%E4%B8%80%E8%A6%A7_%282024%E5%B9%B4%29
2024-04-04,WWII AIRPLANE FIGHT - Battle War Squad,VRCFORGE STUDIOS,IARC,7+,https://ja.wikipedia.org/wiki/Nintendo_Switch%E3%81%AE%E3%82%B2%E3%83%BC%E3%83%A0%E3%82%BF%E3%82%A4%E3%83%88%E3%83%AB%E4%B8%80%E8%A6%A7_%282024%E5%B9%B4%29
2024-04-04,Ratyboy Adventures,Weakfish Studio,IARC,3+,https://ja.wikipedia.org/wiki/Nintendo_Switch%E3%81%AE%E3%82%B2%E3%83%BC%E3%83%A0%E3%82%BF%E3%82%A4%E3%83%88%E3%83%AB%E4%B8%80%E8%A6%A7_%282024%E5%B9%B4%29
2024-04-04,Freedom Planet 2,XSEED Games,IARC,12+,https://ja.wikipedia.org/wiki/Nintendo_Switch%E3%81%AE%E3%82%B2%E3%83%BC%E3%83%A0%E3%82%BF%E3%82%A4%E3%83%88%E3%83%AB%E4%B8%80%E8%A6%A7_%282024%E5%B9%B4%29
2024-04-04,ハココロV,アムジー,CERO,A,https://ja.wikipedia.org/wiki/Nintendo_Switch%E3%81%AE%E3%82%B2%E3%83%BC%E3%83%A0%E3%82%BF%E3%82%A4%E3%83%88%E3%83%AB%E4%B8%80%E8%A6%A7_%282024%E5%B9%B4%29
2024-04-04,Kitchen Crisis,チームサモイド,IARC,12+,https://ja.wikipedia.org/wiki/Nintendo_Switch%E3%81%AE%E3%82%B2%E3%83%BC%E3%83%A0%E3%82%BF%E3%82%A4%E3%83%88%E3%83%AB%E4%B8%80%E8%A6%A7_%282024%E5%B9%B4%29
2024-04-04,オラッ掘人 ホレゆけ!ブラジル,ハッピーミール,IARC,3+,https://ja.wikipedia.org/wiki/Nintendo_Switch%E3%81%AE%E3%82%B2%E3%83%BC%E3%83%A0%E3%82%BF%E3%82%A4%E3%83%88%E3%83%AB%E4%B8%80%E8%A6%A7_%282024%E5%B9%B4%29
2024-04-04,そろそろ寿司を食べないと死ぬぜ!ユニバース,レジスタ,CERO,A,https://ja.wikipedia.org/wiki/Nintendo_Switch%E3%81%AE%E3%82%B2%E3%83%BC%E3%83%A0%E3%82%BF%E3%82%A4%E3%83%88%E3%83%AB%E4%B8%80%E8%A6%A7_%282024%E5%B9%B4%29
2024-04-04,ドールエクスプローラー,わくわくゲームズ,IARC,7+,https://ja.wikipedia.org/wiki/Nintendo_Switch%E3%81%AE%E3%82%B2%E3%83%BC%E3%83%A0%E3%82%BF%E3%82%A4%E3%83%88%E3%83%AB%E4%B8%80%E8%A6%A7_%282024%E5%B9%B4%29
2024-04-05,ロロパズミクス,インティ・クリエイツ,CERO,A,https://ja.wikipedia.org/wiki/Nintendo_Switch%E3%81%AE%E3%82%B2%E3%83%BC%E3%83%A0%E3%82%BF%E3%82%A4%E3%83%88%E3%83%AB%E4%B8%80%E8%A6%A7_%282024%E5%B9%B4%29
2024-04-05,Super Destronaut Landed X Loaded,ラタライカゲームス,IARC,7+,https://ja.wikipedia.org/wiki/Nintendo_Switch%E3%81%AE%E3%82%B2%E3%83%BC%E3%83%A0%E3%82%BF%E3%82%A4%E3%83%88%E3%83%AB%E4%B8%80%E8%A6%A7_%282024%E5%B9%B4%29
2024-04-11,韓国鉄道 運転旅行 ウィジョンブ軽鉄道編,14次元,IARC,3+,https://ja.wikipedia.org/wiki/Nintendo_Switch%E3%81%AE%E3%82%B2%E3%83%BC%E3%83%A0%E3%82%BF%E3%82%A4%E3%83%88%E3%83%AB%E4%B8%80%E8%A6%A7_%282024%E5%B9%B4%29
2024-04-11,Hentai Girls Puzzle,17Studio,IARC,12+,https://ja.wikipedia.org/wiki/Nintendo_Switch%E3%81%AE%E3%82%B2%E3%83%BC%E3%83%A0%E3%82%BF%E3%82%A4%E3%83%88%E3%83%AB%E4%B8%80%E8%A6%A7_%282024%E5%B9%B4%29
2024-04-11,Overdelivery - Delivery Simulator,404 Games,IARC,3+,https://ja.wikipedia.org/wiki/Nintendo_Switch%E3%81%AE%E3%82%B2%E3%83%BC%E3%83%A0%E3%82%BF%E3%82%A4%E3%83%88%E3%83%AB%E4%B8%80%E8%A6%A7_%282024%E5%B9%B4%29
2024-04-11,King Krieg Survivors,404 Games,IARC,3+,https://ja.wikipedia.org/wiki/Nintendo_Switch%E3%81%AE%E3%82%B2%E3%83%BC%E3%83%A0%E3%82%BF%E3%82%A4%E3%83%88%E3%83%AB%E4%B8%80%E8%A6%A7_%282024%E5%B9%B4%29
2024-04-11,Mimi the Cat: Mimi's Scratcher,Afil Games,IARC,3+,https://ja.wikipedia.org/wiki/Nintendo_Switch%E3%81%AE%E3%82%B2%E3%83%BC%E3%83%A0%E3%82%BF%E3%82%A4%E3%83%88%E3%83%AB%E4%B8%80%E8%A6%A7_%282024%E5%B9%B4%29
2024-04-11,EmyLiveShow: Hentai Puzzle Game,Big Way,IARC,12+,https://ja.wikipedia.org/wiki/Nintendo_Switch%E3%81%AE%E3%82%B2%E3%83%BC%E3%83%A0%E3%82%BF%E3%82%A4%E3%83%88%E3%83%AB%E4%B8%80%E8%A6%A7_%282024%E5%B9%B4%29
2024-04-11,Let's! Revolution!,Buck (企業),IARC,3+,https://ja.wikipedia.org/wiki/Nintendo_Switch%E3%81%AE%E3%82%B2%E3%83%BC%E3%83%A0%E3%82%BF%E3%82%A4%E3%83%88%E3%83%AB%E4%B8%80%E8%A6%A7_%282024%E5%B9%B4%29
2024-04-11,ダイ アゲイン,Catness Game,IARC,16+,https://ja.wikipedia.org/wiki/Nintendo_Switch%E3%81%AE%E3%82%B2%E3%83%BC%E3%83%A0%E3%82%BF%E3%82%A4%E3%83%88%E3%83%AB%E4%B8%80%E8%A6%A7_%282024%E5%B9%B4%29
2024-04-11,Moonglow Bay,Coatsink Software,IARC,7+,https://ja.wikipedia.org/wiki/Nintendo_Switch%E3%81%AE%E3%82%B2%E3%83%BC%E3%83%A0%E3%82%BF%E3%82%A4%E3%83%88%E3%83%AB%E4%B8%80%E8%A6%A7_%282024%E5%B9%B4%29
2024-04-11,Loretta,DANGEN Entertainment,IARC,16+,https://ja.wikipedia.org/wiki/Nintendo_Switch%E3%81%AE%E3%82%B2%E3%83%BC%E3%83%A0%E3%82%BF%E3%82%A4%E3%83%88%E3%83%AB%E4%B8%80%E8%A6%A7_%282024%E5%B9%B4%29
2024-04-11,Deadland Chronicles,DEMENCI Games,IARC,7+,https://ja.wikipedia.org/wiki/Nintendo_Switch%E3%81%AE%E3%82%B2%E3%83%BC%E3%83%A0%E3%82%BF%E3%82%A4%E3%83%88%E3%83%AB%E4%B8%80%E8%A6%A7_%282024%E5%B9%B4%29
2024-04-11,Mars Assault: 3D Shooter,DEMENCI Games,IARC,3+,https://ja.wikipedia.org/wiki/Nintendo_Switch%E3%81%AE%E3%82%B2%E3%83%BC%E3%83%A0%E3%82%BF%E3%82%A4%E3%83%88%E3%83%AB%E4%B8%80%E8%A6%A7_%282024%E5%B9%B4%29
2024-04-11,Offroad Jeep Quest: Mountain Trails,DEMENCI Games,IARC,3+,https://ja.wikipedia.org/wiki/Nintendo_Switch%E3%81%AE%E3%82%B2%E3%83%BC%E3%83%A0%E3%82%BF%E3%82%A4%E3%83%88%E3%83%AB%E4%B8%80%E8%A6%A7_%282024%E5%B9%B4%29
2024-04-11,SokoFrog,eastasiasoft,IARC,3+,https://ja.wikipedia.org/wiki/Nintendo_Switch%E3%81%AE%E3%82%B2%E3%83%BC%E3%83%A0%E3%82%BF%E3%82%A4%E3%83%88%E3%83%AB%E4%B8%80%E8%A6%A7_%282024%E5%B9%B4%29
2024-04-11,エンプティーシェル,Hyperstrange,IARC,12+,https://ja.wikipedia.org/wiki/Nintendo_Switch%E3%81%AE%E3%82%B2%E3%83%BC%E3%83%A0%E3%82%BF%E3%82%A4%E3%83%88%E3%83%AB%E4%B8%80%E8%A6%A7_%282024%E5%B9%B4%29
2024-04-11,CLeM,Iceberg Interactive,IARC,7+,https://ja.wikipedia.org/wiki/Nintendo_Switch%E3%81%AE%E3%82%B2%E3%83%BC%E3%83%A0%E3%82%BF%E3%82%A4%E3%83%88%E3%83%AB%E4%B8%80%E8%A6%A7_%282024%E5%B9%B4%29
2024-04-11,Mad Experiments 2: Escape Room,Nejcraft,IARC,3+,https://ja.wikipedia.org/wiki/Nintendo_Switch%E3%81%AE%E3%82%B2%E3%83%BC%E3%83%A0%E3%82%BF%E3%82%A4%E3%83%88%E3%83%AB%E4%B8%80%E8%A6%A7_%282024%E5%B9%B4%29
2024-04-11,オキシトン,OxGames,IARC,3+,https://ja.wikipedia.org/wiki/Nintendo_Switch%E3%81%AE%E3%82%B2%E3%83%BC%E3%83%A0%E3%82%BF%E3%82%A4%E3%83%88%E3%83%AB%E4%B8%80%E8%A6%A7_%282024%E5%B9%B4%29
2024-04-11,Inertial Drift,Phoenixx,IARC,3+,https://ja.wikipedia.org/wiki/Nintendo_Switch%E3%81%AE%E3%82%B2%E3%83%BC%E3%83%A0%E3%82%BF%E3%82%A4%E3%83%88%E3%83%AB%E4%B8%80%E8%A6%A7_%282024%E5%B9%B4%29
2024-04-11,Saviorless,Plug In Digital,IARC,12+,https://ja.wikipedia.org/wiki/Nintendo_Switch%E3%81%AE%E3%82%B2%E3%83%BC%E3%83%A0%E3%82%BF%E3%82%A4%E3%83%88%E3%83%AB%E4%B8%80%E8%A6%A7_%282024%E5%B9%B4%29
2024-04-11,nBlocks - Unblock Your Creativity,RedDeerGames,IARC,3+,https://ja.wikipedia.org/wiki/Nintendo_Switch%E3%81%AE%E3%82%B2%E3%83%BC%E3%83%A0%E3%82%BF%E3%82%A4%E3%83%88%E3%83%AB%E4%B8%80%E8%A6%A7_%282024%E5%B9%B4%29
2024-04-11,Tongue Tale,Remke Albrecht,IARC,3+,https://ja.wikipedia.org/wiki/Nintendo_Switch%E3%81%AE%E3%82%B2%E3%83%BC%E3%83%A0%E3%82%BF%E3%82%A4%E3%83%88%E3%83%AB%E4%B8%80%E8%A6%A7_%282024%E5%B9%B4%29
2024-04-11,Cleaning Queens 2: Sparkling Palace,Silesia Games,IARC,3+,https://ja.wikipedia.org/wiki/Nintendo_Switch%E3%81%AE%E3%82%B2%E3%83%BC%E3%83%A0%E3%82%BF%E3%82%A4%E3%83%88%E3%83%AB%E4%B8%80%E8%A6%A7_%282024%E5%B9%B4%29
2024-04-11,Steel Sand Mars Chronicles - Survival Simulator,SUCCESS GAMES,IARC,16+,https://ja.wikipedia.org/wiki/Nintendo_Switch%E3%81%AE%E3%82%B2%E3%83%BC%E3%83%A0%E3%82%BF%E3%82%A4%E3%83%88%E3%83%AB%E4%B8%80%E8%A6%A7_%282024%E5%B9%B4%29
2024-04-11,Find Room 96,SURPRISED HOTDOG,IARC,3+,https://ja.wikipedia.org/wiki/Nintendo_Switch%E3%81%AE%E3%82%B2%E3%83%BC%E3%83%A0%E3%82%BF%E3%82%A4%E3%83%88%E3%83%AB%E4%B8%80%E8%A6%A7_%282024%E5%B9%B4%29
2024-04-11,旅人ソフィア,Thermite Games,IARC,3+,https://ja.wikipedia.org/wiki/Nintendo_Switch%E3%81%AE%E3%82%B2%E3%83%BC%E3%83%A0%E3%82%BF%E3%82%A4%E3%83%88%E3%83%AB%E4%B8%80%E8%A6%A7_%282024%E5%B9%B4%29
2024-04-11,Ato,Tiny Warrior Games,IARC,7+,https://ja.wikipedia.org/wiki/Nintendo_Switch%E3%81%AE%E3%82%B2%E3%83%BC%E3%83%A0%E3%82%BF%E3%82%A4%E3%83%88%E3%83%AB%E4%B8%80%E8%A6%A7_%282024%E5%B9%B4%29
2024-04-11,日本史3ヒントクイズ 私は誰でしょう？－早押しクイズで歴史勉強学習教養脳トレ脳活ゲーム－,TT,IARC,3+,https://ja.wikipedia.org/wiki/Nintendo_Switch%E3%81%AE%E3%82%B2%E3%83%BC%E3%83%A0%E3%82%BF%E3%82%A4%E3%83%88%E3%83%AB%E4%B8%80%E8%A6%A7_%282024%E5%B9%B4%29
2024-04-11,身につく！差がつく！小学校お受験クイズ－よく出る問題総まとめ！今から始める学習勉強ちえあそびクイズ－,TT,IARC,3+,https://ja.wikipedia.org/wiki/Nintendo_Switch%E3%81%AE%E3%82%B2%E3%83%BC%E3%83%A0%E3%82%BF%E3%82%A4%E3%83%88%E3%83%AB%E4%B8%80%E8%A6%A7_%282024%E5%B9%B4%29
2024-04-11,アルタイル号の殺人,オレンジ,CERO,C,https://ja.wikipedia.org/wiki/Nintendo_Switch%E3%81%AE%E3%82%B2%E3%83%BC%E3%83%A0%E3%82%BF%E3%82%A4%E3%83%88%E3%83%AB%E4%B8%80%E8%A6%A7_%282024%E5%B9%B4%29
2024-04-11,デジプラコレクション まるごと鉄道!ミニ 〜JR貨物編〜,ジー・モード,IARC,3+,https://ja.wikipedia.org/wiki/Nintendo_Switch%E3%81%AE%E3%82%B2%E3%83%BC%E3%83%A0%E3%82%BF%E3%82%A4%E3%83%88%E3%83%AB%E4%B8%80%E8%A6%A7_%282024%E5%B9%B4%29
2024-04-12,グロリアスセイバー,ケムコ,CERO,B,https://ja.wikipedia.org/wiki/Nintendo_Switch%E3%81%AE%E3%82%B2%E3%83%BC%E3%83%A0%E3%82%BF%E3%82%A4%E3%83%88%E3%83%AB%E4%B8%80%E8%A6%A7_%282024%E5%B9%B4%29
2024-04-12,Outer Terror,ラタライカゲームス,IARC,16+,https://ja.wikipedia.org/wiki/Nintendo_Switch%E3%81%AE%E3%82%B2%E3%83%BC%E3%83%A0%E3%82%BF%E3%82%A4%E3%83%88%E3%83%AB%E4%B8%80%E8%A6%A7_%282024%E5%B9%B4%29
2024-04-14,邪神ころね,Vaka Gamez,IARC,12+,https://ja.wikipedia.org/wiki/Nintendo_Switch%E3%81%AE%E3%82%B2%E3%83%BC%E3%83%A0%E3%82%BF%E3%82%A4%E3%83%88%E3%83%AB%E4%B8%80%E8%A6%A7_%282024%E5%B9%B4%29
2024-04-16,Planet of Lana - プラネット・オブ・ラーナ,Thunderful,IARC,12+,https://ja.wikipedia.org/wiki/Nintendo_Switch%E3%81%AE%E3%82%B2%E3%83%BC%E3%83%A0%E3%82%BF%E3%82%A4%E3%83%88%E3%83%AB%E4%B8%80%E8%A6%A7_%282024%E5%B9%B4%29
2024-04-17,Sticky Business,Assemble Entertainment,IARC,3+,https://ja.wikipedia.org/wiki/Nintendo_Switch%E3%81%AE%E3%82%B2%E3%83%BC%E3%83%A0%E3%82%BF%E3%82%A4%E3%83%88%E3%83%AB%E4%B8%80%E8%A6%A7_%282024%E5%B9%B4%29
2024-04-17,サグレス,Kakehashi Games,IARC,3+,https://ja.wikipedia.org/wiki/Nintendo_Switch%E3%81%AE%E3%82%B2%E3%83%BC%E3%83%A0%E3%82%BF%E3%82%A4%E3%83%88%E3%83%AB%E4%B8%80%E8%A6%A7_%282024%E5%B9%B4%29
2024-04-17,Grounded,Microsoft Studios,IARC,12+,https://ja.wikipedia.org/wiki/Nintendo_Switch%E3%81%AE%E3%82%B2%E3%83%BC%E3%83%A0%E3%82%BF%E3%82%A4%E3%83%88%E3%83%AB%E4%B8%80%E8%A6%A7_%282024%E5%B9%B4%29
2024-04-17,8番出口,PLAYISM,IARC,12+,https://ja.wikipedia.org/wiki/Nintendo_Switch%E3%81%AE%E3%82%B2%E3%83%BC%E3%83%A0%E3%82%BF%E3%82%A4%E3%83%88%E3%83%AB%E4%B8%80%E8%A6%A7_%282024%E5%B9%B4%29
2024-04-18,Magical Girl Dash,404 Games,IARC,3+,https://ja.wikipedia.org/wiki/Nintendo_Switch%E3%81%AE%E3%82%B2%E3%83%BC%E3%83%A0%E3%82%BF%E3%82%A4%E3%83%88%E3%83%AB%E4%B8%80%E8%A6%A7_%282024%E5%B9%B4%29
2024-04-18,Unboxing - Idle Factory Simulator,404 Games,IARC,3+,https://ja.wikipedia.org/wiki/Nintendo_Switch%E3%81%AE%E3%82%B2%E3%83%BC%E3%83%A0%E3%82%BF%E3%82%A4%E3%83%88%E3%83%AB%E4%B8%80%E8%A6%A7_%282024%E5%B9%B4%29
2024-04-18,ストーンエイジ (ボードゲーム),Acram Digital,IARC,3+,https://ja.wikipedia.org/wiki/Nintendo_Switch%E3%81%AE%E3%82%B2%E3%83%BC%E3%83%A0%E3%82%BF%E3%82%A4%E3%83%88%E3%83%AB%E4%B8%80%E8%A6%A7_%282024%E5%B9%B4%29
2024-04-18,Sokobalien,Afil Games,IARC,3+,https://ja.wikipedia.org/wiki/Nintendo_Switch%E3%81%AE%E3%82%B2%E3%83%BC%E3%83%A0%E3%82%BF%E3%82%A4%E3%83%88%E3%83%AB%E4%B8%80%E8%A6%A7_%282024%E5%B9%B4%29
2024-04-18,Trackline Express,Bubblebird Studio,IARC,3+,https://ja.wikipedia.org/wiki/Nintendo_Switch%E3%81%AE%E3%82%B2%E3%83%BC%E3%83%A0%E3%82%BF%E3%82%A4%E3%83%88%E3%83%AB%E4%B8%80%E8%A6%A7_%282024%E5%B9%B4%29
2024-04-18,RISKY CHRONICLES そして運命の呪い,Consulog,IARC,3+,https://ja.wikipedia.org/wiki/Nintendo_Switch%E3%81%AE%E3%82%B2%E3%83%BC%E3%83%A0%E3%82%BF%E3%82%A4%E3%83%88%E3%83%AB%E4%B8%80%E8%A6%A7_%282024%E5%B9%B4%29
2024-04-18,Reigns: Beyond,Devolver Digital,IARC,12+,https://ja.wikipedia.org/wiki/Nintendo_Switch%E3%81%AE%E3%82%B2%E3%83%BC%E3%83%A0%E3%82%BF%E3%82%A4%E3%83%88%E3%83%AB%E4%B8%80%E8%A6%A7_%282024%E5%B9%B4%29
2024-04-18,Sokobond,Draknek,IARC,3+,https://ja.wikipedia.org/wiki/Nintendo_Switch%E3%81%AE%E3%82%B2%E3%83%BC%E3%83%A0%E3%82%BF%E3%82%A4%E3%83%88%E3%83%AB%E4%B8%80%E8%A6%A7_%282024%E5%B9%B4%29
2024-04-18,Ruff Ghanor,DX Gameworks,IARC,7+,https://ja.wikipedia.org/wiki/Nintendo_Switch%E3%81%AE%E3%82%B2%E3%83%BC%E3%83%A0%E3%82%BF%E3%82%A4%E3%83%88%E3%83%AB%E4%B8%80%E8%A6%A7_%282024%E5%B9%B4%29
2024-04-18,Pretty Girls Escape PLUS,eastasiasoft,IARC,12+,https://ja.wikipedia.org/wiki/Nintendo_Switch%E3%81%AE%E3%82%B2%E3%83%BC%E3%83%A0%E3%82%BF%E3%82%A4%E3%83%88%E3%83%AB%E4%B8%80%E8%A6%A7_%282024%E5%B9%B4%29
2024-04-18,ザフライングトラベラー サイバーシティー,EpiXR Games,IARC,3+,https://ja.wikipedia.org/wiki/Nintendo_Switch%E3%81%AE%E3%82%B2%E3%83%BC%E3%83%A0%E3%82%BF%E3%82%A4%E3%83%88%E3%83%AB%E4%B8%80%E8%A6%A7_%282024%E5%B9%B4%29
2024-04-18,Dream Tactics,Freedom Games,IARC,7+,https://ja.wikipedia.org/wiki/Nintendo_Switch%E3%81%AE%E3%82%B2%E3%83%BC%E3%83%A0%E3%82%BF%E3%82%A4%E3%83%88%E3%83%AB%E4%B8%80%E8%A6%A7_%282024%E5%B9%B4%29
2024-04-18,勇気の推理 海苔6 美紀編ラスト,HERO GAME,IARC,3+,https://ja.wikipedia.org/wiki/Nintendo_Switch%E3%81%AE%E3%82%B2%E3%83%BC%E3%83%A0%E3%82%BF%E3%82%A4%E3%83%88%E3%83%AB%E4%B8%80%E8%A6%A7_%282024%E5%B9%B4%29
2024-04-18,stitch.,Lykke Studios,IARC,3+,https://ja.wikipedia.org/wiki/Nintendo_Switch%E3%81%AE%E3%82%B2%E3%83%BC%E3%83%A0%E3%82%BF%E3%82%A4%E3%83%88%E3%83%AB%E4%B8%80%E8%A6%A7_%282024%E5%B9%B4%29
2024-04-18,もっと知りたい飛鳥奈良－ゲームで楽しく日本史勉強学習教養豆知識雑学クイズ－,MASK,IARC,3+,https://ja.wikipedia.org/wiki/Nintendo_Switch%E3%81%AE%E3%82%B2%E3%83%BC%E3%83%A0%E3%82%BF%E3%82%A4%E3%83%88%E3%83%AB%E4%B8%80%E8%A6%A7_%282024%E5%B9%B4%29
2024-04-18,もっと知りたい三国志－ゲームで楽しく歴史探求雑学教養豆知識学習クイズ－,MASK,IARC,3+,https://ja.wikipedia.org/wiki/Nintendo_Switch%E3%81%AE%E3%82%B2%E3%83%BC%E3%83%A0%E3%82%BF%E3%82%A4%E3%83%88%E3%83%AB%E4%B8%80%E8%A6%A7_%282024%E5%B9%B4%29
2024-04-18,犯罪プロファイル 犯人は誰だ！－クイズでかんたん事件解決謎解き推理サスペンスゲーム－,MASK,IARC,12+,https://ja.wikipedia.org/wiki/Nintendo_Switch%E3%81%AE%E3%82%B2%E3%83%BC%E3%83%A0%E3%82%BF%E3%82%A4%E3%83%88%E3%83%AB%E4%B8%80%E8%A6%A7_%282024%E5%B9%B4%29
2024-04-18,アーチャー・スリー・ディー ボー・シューティング・レーンジ,Megame,IARC,3+,https://ja.wikipedia.org/wiki/Nintendo_Switch%E3%81%AE%E3%82%B2%E3%83%BC%E3%83%A0%E3%82%BF%E3%82%A4%E3%83%88%E3%83%AB%E4%B8%80%E8%A6%A7_%282024%E5%B9%B4%29
2024-04-18,モートサイクル・ドライバー,Megame,IARC,12+,https://ja.wikipedia.org/wiki/Nintendo_Switch%E3%81%AE%E3%82%B2%E3%83%BC%E3%83%A0%E3%82%BF%E3%82%A4%E3%83%88%E3%83%AB%E4%B8%80%E8%A6%A7_%282024%E5%B9%B4%29
2024-04-18,Whisker Waters,Merge Games,IARC,7+,https://ja.wikipedia.org/wiki/Nintendo_Switch%E3%81%AE%E3%82%B2%E3%83%BC%E3%83%A0%E3%82%BF%E3%82%A4%E3%83%88%E3%83%AB%E4%B8%80%E8%A6%A7_%282024%E5%B9%B4%29
2024-04-18,Hentai Girls: Steamy Maid,Pakotime,IARC,12+,https://ja.wikipedia.org/wiki/Nintendo_Switch%E3%81%AE%E3%82%B2%E3%83%BC%E3%83%A0%E3%82%BF%E3%82%A4%E3%83%88%E3%83%AB%E4%B8%80%E8%A6%A7_%282024%E5%B9%B4%29
2024-04-18,フェイファーム 〜ようこそ精霊の島アゾリアへ〜,Phoenix Labs,IARC,7+,https://ja.wikipedia.org/wiki/Nintendo_Switch%E3%81%AE%E3%82%B2%E3%83%BC%E3%83%A0%E3%82%BF%E3%82%A4%E3%83%88%E3%83%AB%E4%B8%80%E8%A6%A7_%282024%E5%B9%B4%29
2024-04-18,Lunar Axe,QUByte Interactive,IARC,12+,https://ja.wikipedia.org/wiki/Nintendo_Switch%E3%81%AE%E3%82%B2%E3%83%BC%E3%83%A0%E3%82%BF%E3%82%A4%E3%83%88%E3%83%AB%E4%B8%80%E8%A6%A7_%282024%E5%B9%B4%29
2024-04-18,バニーガーデン,qureate,CERO,D,https://ja.wikipedia.org/wiki/Nintendo_Switch%E3%81%AE%E3%82%B2%E3%83%BC%E3%83%A0%E3%82%BF%E3%82%A4%E3%83%88%E3%83%AB%E4%B8%80%E8%A6%A7_%282024%E5%B9%B4%29
2024-04-18,ビーチガールズ:ビキニでのスポーツ,Red Fables,IARC,12+,https://ja.wikipedia.org/wiki/Nintendo_Switch%E3%81%AE%E3%82%B2%E3%83%BC%E3%83%A0%E3%82%BF%E3%82%A4%E3%83%88%E3%83%AB%E4%B8%80%E8%A6%A7_%282024%E5%B9%B4%29
2024-04-18,Beauties Unveiled 2 あぶり出した美女2,Somequest,IARC,16+,https://ja.wikipedia.org/wiki/Nintendo_Switch%E3%81%AE%E3%82%B2%E3%83%BC%E3%83%A0%E3%82%BF%E3%82%A4%E3%83%88%E3%83%AB%E4%B8%80%E8%A6%A7_%282024%E5%B9%B4%29
2024-04-18,Which Country Is Larger?,SOURCE BYTE,IARC,3+,https://ja.wikipedia.org/wiki/Nintendo_Switch%E3%81%AE%E3%82%B2%E3%83%BC%E3%83%A0%E3%82%BF%E3%82%A4%E3%83%88%E3%83%AB%E4%B8%80%E8%A6%A7_%282024%E5%B9%B4%29
2024-04-18,IN-VERT,TERNOX,IARC,3+,https://ja.wikipedia.org/wiki/Nintendo_Switch%E3%81%AE%E3%82%B2%E3%83%BC%E3%83%A0%E3%82%BF%E3%82%A4%E3%83%88%E3%83%AB%E4%B8%80%E8%A6%A7_%282024%E5%B9%B4%29
2024-04-18,知ってたらかっこいい小学生難読漢字クイズ－クイズで楽しく国語学習勉強教養検定ゲーム－,TT,IARC,3+,https://ja.wikipedia.org/wiki/Nintendo_Switch%E3%81%AE%E3%82%B2%E3%83%BC%E3%83%A0%E3%82%BF%E3%82%A4%E3%83%88%E3%83%AB%E4%B8%80%E8%A6%A7_%282024%E5%B9%B4%29
2024-04-18,急げ!運べ!積み込め!,Untold Tales,IARC,3+,https://ja.wikipedia.org/wiki/Nintendo_Switch%E3%81%AE%E3%82%B2%E3%83%BC%E3%83%A0%E3%82%BF%E3%82%A4%E3%83%88%E3%83%AB%E4%B8%80%E8%A6%A7_%282024%E5%B9%B4%29
2024-04-18,The Mildew Children,Valkyrie Initiative,IARC,16+,https://ja.wikipedia.org/wiki/Nintendo_Switch%E3%81%AE%E3%82%B2%E3%83%BC%E3%83%A0%E3%82%BF%E3%82%A4%E3%83%88%E3%83%AB%E4%B8%80%E8%A6%A7_%282024%E5%B9%B4%29
2024-04-18,ココロシャッフル - Spirit Swap -,サイバーステップ,IARC,12+,https://ja.wikipedia.org/wiki/Nintendo_Switch%E3%81%AE%E3%82%B2%E3%83%BC%E3%83%A0%E3%82%BF%E3%82%A4%E3%83%88%E3%83%AB%E4%B8%80%E8%A6%A7_%282024%E5%B9%B4%29
2024-04-18,SUNSOFT is Back! レトロゲームセレクション,サンソフト,CERO,A,https://ja.wikipedia.org/wiki/Nintendo_Switch%E3%81%AE%E3%82%B2%E3%83%BC%E3%83%A0%E3%82%BF%E3%82%A4%E3%83%88%E3%83%AB%E4%B8%80%E8%A6%A7_%282024%E5%B9%B4%29
2024-04-18,いっき団結,サンソフト,CERO,B,https://ja.wikipedia.org/wiki/Nintendo_Switch%E3%81%AE%E3%82%B2%E3%83%BC%E3%83%A0%E3%82%BF%E3%82%A4%E3%83%88%E3%83%AB%E4%B8%80%E8%A6%A7_%282024%E5%B9%B4%29
2024-04-18,Picross -Logiart Grimoire-,ジュピター,IARC,3+,https://ja.wikipedia.org/wiki/Nintendo_Switch%E3%81%AE%E3%82%B2%E3%83%BC%E3%83%A0%E3%82%BF%E3%82%A4%E3%83%88%E3%83%AB%E4%B8%80%E8%A6%A7_%282024%E5%B9%B4%29
2024-04-18,偽夢,テンカイゲームズ,IARC,16+,https://ja.wikipedia.org/wiki/Nintendo_Switch%E3%81%AE%E3%82%B2%E3%83%BC%E3%83%A0%E3%82%BF%E3%82%A4%E3%83%88%E3%83%AB%E4%B8%80%E8%A6%A7_%282024%E5%B9%B4%29
2024-04-24,ザァオ:ケンゼラの物語,エレクトロニック・アーツ,CERO,B,https://ja.wikipedia.org/wiki/Nintendo_Switch%E3%81%AE%E3%82%B2%E3%83%BC%E3%83%A0%E3%82%BF%E3%82%A4%E3%83%88%E3%83%AB%E4%B8%80%E8%A6%A7_%282024%E5%B9%B4%29
2024-04-25,Home Office Simulator - Ayame Life Sim,404 Games,IARC,3+,https://ja.wikipedia.org/wiki/Nintendo_Switch%E3%81%AE%E3%82%B2%E3%83%BC%E3%83%A0%E3%82%BF%E3%82%A4%E3%83%88%E3%83%AB%E4%B8%80%E8%A6%A7_%282024%E5%B9%B4%29
2024-04-25,Cyberpoly RPG - Dark City,404 Games,IARC,3+,https://ja.wikipedia.org/wiki/Nintendo_Switch%E3%81%AE%E3%82%B2%E3%83%BC%E3%83%A0%E3%82%BF%E3%82%A4%E3%83%88%E3%83%AB%E4%B8%80%E8%A6%A7_%282024%E5%B9%B4%29
2024-04-25,Doctor Cat,Afil Games,IARC,3+,https://ja.wikipedia.org/wiki/Nintendo_Switch%E3%81%AE%E3%82%B2%E3%83%BC%E3%83%A0%E3%82%BF%E3%82%A4%E3%83%88%E3%83%AB%E4%B8%80%E8%A6%A7_%282024%E5%B9%B4%29
2024-04-25,Another Crab's Treasure,Aggro Crab Games,IARC,12+,https://ja.wikipedia.org/wiki/Nintendo_Switch%E3%81%AE%E3%82%B2%E3%83%BC%E3%83%A0%E3%82%BF%E3%82%A4%E3%83%88%E3%83%AB%E4%B8%80%E8%A6%A7_%282024%E5%B9%B4%29
2024-04-25,ケープ君の脱出ゲーム 8部屋目,AlignmentSharp,IARC,12+,https://ja.wikipedia.org/wiki/Nintendo_Switch%E3%81%AE%E3%82%B2%E3%83%BC%E3%83%A0%E3%82%BF%E3%82%A4%E3%83%88%E3%83%AB%E4%B8%80%E8%A6%A7_%282024%E5%B9%B4%29
2024-04-25,Lunar Lander Beyond,Atari,IARC,12+,https://ja.wikipedia.org/wiki/Nintendo_Switch%E3%81%AE%E3%82%B2%E3%83%BC%E3%83%A0%E3%82%BF%E3%82%A4%E3%83%88%E3%83%AB%E4%B8%80%E8%A6%A7_%282024%E5%B9%B4%29
2024-04-25,Hentai: Young Valkyries 2,Big Way,IARC,12+,https://ja.wikipedia.org/wiki/Nintendo_Switch%E3%81%AE%E3%82%B2%E3%83%BC%E3%83%A0%E3%82%BF%E3%82%A4%E3%83%88%E3%83%AB%E4%B8%80%E8%A6%A7_%282024%E5%B9%B4%29
2024-04-25,Insurmountable,Daedalic Entertainment,IARC,7+,https://ja.wikipedia.org/wiki/Nintendo_Switch%E3%81%AE%E3%82%B2%E3%83%BC%E3%83%A0%E3%82%BF%E3%82%A4%E3%83%88%E3%83%AB%E4%B8%80%E8%A6%A7_%282024%E5%B9%B4%29
2024-04-25,Puss in Boots: Purrfect Adventures,DEMENCI Games,IARC,3+,https://ja.wikipedia.org/wiki/Nintendo_Switch%E3%81%AE%E3%82%B2%E3%83%BC%E3%83%A0%E3%82%BF%E3%82%A4%E3%83%88%E3%83%AB%E4%B8%80%E8%A6%A7_%282024%E5%B9%B4%29
2024-04-25,Ratyrinth,eastasiasoft,IARC,3+,https://ja.wikipedia.org/wiki/Nintendo_Switch%E3%81%AE%E3%82%B2%E3%83%BC%E3%83%A0%E3%82%BF%E3%82%A4%E3%83%88%E3%83%AB%E4%B8%80%E8%A6%A7_%282024%E5%B9%B4%29
2024-04-25,ヴァガンテ,eastasiasoft,IARC,7+,https://ja.wikipedia.org/wiki/Nintendo_Switch%E3%81%AE%E3%82%B2%E3%83%BC%E3%83%A0%E3%82%BF%E3%82%A4%E3%83%88%E3%83%AB%E4%B8%80%E8%A6%A7_%282024%E5%B9%B4%29
2024-04-25,ダッシュとロール,EpiXR Games,IARC,7+,https://ja.wikipedia.org/wiki/Nintendo_Switch%E3%81%AE%E3%82%B2%E3%83%BC%E3%83%A0%E3%82%BF%E3%82%A4%E3%83%88%E3%83%AB%E4%B8%80%E8%A6%A7_%282024%E5%B9%B4%29
2024-04-25,ヘリチャプターX,Erik Games,IARC,3+,https://ja.wikipedia.org/wiki/Nintendo_Switch%E3%81%AE%E3%82%B2%E3%83%BC%E3%83%A0%E3%82%BF%E3%82%A4%E3%83%88%E3%83%AB%E4%B8%80%E8%A6%A7_%282024%E5%B9%B4%29
2024-04-25,Kanjozoku 2 - Drift Car Games,Erlano,IARC,3+,https://ja.wikipedia.org/wiki/Nintendo_Switch%E3%81%AE%E3%82%B2%E3%83%BC%E3%83%A0%E3%82%BF%E3%82%A4%E3%83%88%E3%83%AB%E4%B8%80%E8%A6%A7_%282024%E5%B9%B4%29
2024-04-25,S.O.L Search of Light,Firenut,IARC,7+,https://ja.wikipedia.org/wiki/Nintendo_Switch%E3%81%AE%E3%82%B2%E3%83%BC%E3%83%A0%E3%82%BF%E3%82%A4%E3%83%88%E3%83%AB%E4%B8%80%E8%A6%A7_%282024%E5%B9%B4%29
2024-04-25,Wrath: Aeon of Ruin,Fulqrum Publishing,IARC,16+,https://ja.wikipedia.org/wiki/Nintendo_Switch%E3%81%AE%E3%82%B2%E3%83%BC%E3%83%A0%E3%82%BF%E3%82%A4%E3%83%88%E3%83%AB%E4%B8%80%E8%A6%A7_%282024%E5%B9%B4%29
2024-04-25,Teared,JanduSoft,IARC,7+,https://ja.wikipedia.org/wiki/Nintendo_Switch%E3%81%AE%E3%82%B2%E3%83%BC%E3%83%A0%E3%82%BF%E3%82%A4%E3%83%88%E3%83%AB%E4%B8%80%E8%A6%A7_%282024%E5%B9%B4%29
2024-04-25,How 2 Escape,Just For Games,IARC,7+,https://ja.wikipedia.org/wiki/Nintendo_Switch%E3%81%AE%E3%82%B2%E3%83%BC%E3%83%A0%E3%82%BF%E3%82%A4%E3%83%88%E3%83%AB%E4%B8%80%E8%A6%A7_%282024%E5%B9%B4%29
2024-04-25,スーパーマーケットショッピングシミュレーター,Kanuni Games,IARC,3+,https://ja.wikipedia.org/wiki/Nintendo_Switch%E3%81%AE%E3%82%B2%E3%83%BC%E3%83%A0%E3%82%BF%E3%82%A4%E3%83%88%E3%83%AB%E4%B8%80%E8%A6%A7_%282024%E5%B9%B4%29
2024-04-25,Timberdoku,Leoful,IARC,3+,https://ja.wikipedia.org/wiki/Nintendo_Switch%E3%81%AE%E3%82%B2%E3%83%BC%E3%83%A0%E3%82%BF%E3%82%A4%E3%83%88%E3%83%AB%E4%B8%80%E8%A6%A7_%282024%E5%B9%B4%29
2024-04-25,くるくるパズル ならべてクラシック－ならべてかんたん音楽勉強学習教養知育パズル－,MASK,IARC,3+,https://ja.wikipedia.org/wiki/Nintendo_Switch%E3%81%AE%E3%82%B2%E3%83%BC%E3%83%A0%E3%82%BF%E3%82%A4%E3%83%88%E3%83%AB%E4%B8%80%E8%A6%A7_%282024%E5%B9%B4%29
2024-04-25,超難問！絶対音感クイズ－ならべてかんたん音楽勉強学習教養知育パズル－,MASK,IARC,3+,https://ja.wikipedia.org/wiki/Nintendo_Switch%E3%81%AE%E3%82%B2%E3%83%BC%E3%83%A0%E3%82%BF%E3%82%A4%E3%83%88%E3%83%AB%E4%B8%80%E8%A6%A7_%282024%E5%B9%B4%29
2024-04-25,脳を鍛える！わんこ写真で間違い探し－犬イヌ癒しの脳トレ脳活教養学習パズル－,MASK,IARC,3+,https://ja.wikipedia.org/wiki/Nintendo_Switch%E3%81%AE%E3%82%B2%E3%83%BC%E3%83%A0%E3%82%BF%E3%82%A4%E3%83%88%E3%83%AB%E4%B8%80%E8%A6%A7_%282024%E5%B9%B4%29
2024-04-25,ファイブ・ナイツ・オブ・ナイトメア エスケープ・ホラー・ストーリー,Megame,IARC,12+,https://ja.wikipedia.org/wiki/Nintendo_Switch%E3%81%AE%E3%82%B2%E3%83%BC%E3%83%A0%E3%82%BF%E3%82%A4%E3%83%88%E3%83%AB%E4%B8%80%E8%A6%A7_%282024%E5%B9%B4%29
2024-04-25,Eternal Light 永遠の光,moesoft,IARC,12+,https://ja.wikipedia.org/wiki/Nintendo_Switch%E3%81%AE%E3%82%B2%E3%83%BC%E3%83%A0%E3%82%BF%E3%82%A4%E3%83%88%E3%83%AB%E4%B8%80%E8%A6%A7_%282024%E5%B9%B4%29
2024-04-25,Epyxコレクション:携帯ゲーム,Pixel Games UK,IARC,7+,https://ja.wikipedia.org/wiki/Nintendo_Switch%E3%81%AE%E3%82%B2%E3%83%BC%E3%83%A0%E3%82%BF%E3%82%A4%E3%83%88%E3%83%AB%E4%B8%80%E8%A6%A7_%282024%E5%B9%B4%29
2024-04-25,キャット ピアノ,RedDeerGames,IARC,3+,https://ja.wikipedia.org/wiki/Nintendo_Switch%E3%81%AE%E3%82%B2%E3%83%BC%E3%83%A0%E3%82%BF%E3%82%A4%E3%83%88%E3%83%AB%E4%B8%80%E8%A6%A7_%282024%E5%B9%B4%29
2024-04-25,物語を教えてくれ,RedDeerGames,IARC,3+,https://ja.wikipedia.org/wiki/Nintendo_Switch%E3%81%AE%E3%82%B2%E3%83%BC%E3%83%A0%E3%82%BF%E3%82%A4%E3%83%88%E3%83%AB%E4%B8%80%E8%A6%A7_%282024%E5%B9%B4%29
2024-04-25,ゾンビ サバイバル,Red Fables,IARC,7+,https://ja.wikipedia.org/wiki/Nintendo_Switch%E3%81%AE%E3%82%B2%E3%83%BC%E3%83%A0%E3%82%BF%E3%82%A4%E3%83%88%E3%83%AB%E4%B8%80%E8%A6%A7_%282024%E5%B9%B4%29
2024-04-25,ボクらの修学旅行大作戦,SAT-BOX,IARC,3+,https://ja.wikipedia.org/wiki/Nintendo_Switch%E3%81%AE%E3%82%B2%E3%83%BC%E3%83%A0%E3%82%BF%E3%82%A4%E3%83%88%E3%83%AB%E4%B8%80%E8%A6%A7_%282024%E5%B9%B4%29
2024-04-25,Hidden Cats in New York,Silesia Games,IARC,3+,https://ja.wikipedia.org/wiki/Nintendo_Switch%E3%81%AE%E3%82%B2%E3%83%BC%E3%83%A0%E3%82%BF%E3%82%A4%E3%83%88%E3%83%AB%E4%B8%80%E8%A6%A7_%282024%E5%B9%B4%29
2024-04-25,The Eerie Surroundings,SURPRISED HOTDOG,IARC,7+,https://ja.wikipedia.org/wiki/Nintendo_Switch%E3%81%AE%E3%82%B2%E3%83%BC%E3%83%A0%E3%82%BF%E3%82%A4%E3%83%88%E3%83%AB%E4%B8%80%E8%A6%A7_%282024%E5%B9%B4%29
2024-04-25,Cats Hidden in Italy,Travellin Cats,IARC,3+,https://ja.wikipedia.org/wiki/Nintendo_Switch%E3%81%AE%E3%82%B2%E3%83%BC%E3%83%A0%E3%82%BF%E3%82%A4%E3%83%88%E3%83%AB%E4%B8%80%E8%A6%A7_%282024%E5%B9%B4%29
2024-04-25,ゲームで学ぶ！中学校お受験クイズ－5科の問題総まとめ！入試対策学習勉強教養脳トレテスト－,TT,IARC,3+,https://ja.wikipedia.org/wiki/Nintendo_Switch%E3%81%AE%E3%82%B2%E3%83%BC%E3%83%A0%E3%82%BF%E3%82%A4%E3%83%88%E3%83%AB%E4%B8%80%E8%A6%A7_%282024%E5%B9%B4%29
2024-04-25,丸わかりクイズ偉人伝 世界の画家－ゆるっと学べる美術芸術雑学教養学習ゲーム－,TT,IARC,3+,https://ja.wikipedia.org/wiki/Nintendo_Switch%E3%81%AE%E3%82%B2%E3%83%BC%E3%83%A0%E3%82%BF%E3%82%A4%E3%83%88%E3%83%AB%E4%B8%80%E8%A6%A7_%282024%E5%B9%B4%29
2024-04-25,救済!粛清サークル 〜The Purge Club〜,サイバーステップ,IARC,16+,https://ja.wikipedia.org/wiki/Nintendo_Switch%E3%81%AE%E3%82%B2%E3%83%BC%E3%83%A0%E3%82%BF%E3%82%A4%E3%83%88%E3%83%AB%E4%B8%80%E8%A6%A7_%282024%E5%B9%B4%29
2024-04-25,マインスイーパーミリオン,サクセス,IARC,3+,https://ja.wikipedia.org/wiki/Nintendo_Switch%E3%81%AE%E3%82%B2%E3%83%BC%E3%83%A0%E3%82%BF%E3%82%A4%E3%83%88%E3%83%AB%E4%B8%80%E8%A6%A7_%282024%E5%B9%B4%29
2024-04-25,鳥魂2 〜みんなでチキン度診断〜,ジー・モード,IARC,3+,https://ja.wikipedia.org/wiki/Nintendo_Switch%E3%81%AE%E3%82%B2%E3%83%BC%E3%83%A0%E3%82%BF%E3%82%A4%E3%83%88%E3%83%AB%E4%B8%80%E8%A6%A7_%282024%E5%B9%B4%29
2024-04-25,タイムオブウォー アルカノ90,スターサイン,IARC,7+,https://ja.wikipedia.org/wiki/Nintendo_Switch%E3%81%AE%E3%82%B2%E3%83%BC%E3%83%A0%E3%82%BF%E3%82%A4%E3%83%88%E3%83%AB%E4%B8%80%E8%A6%A7_%282024%E5%B9%B4%29
2024-04-25,ワールドウォー バルジの戦い,トローゼ,IARC,16+,https://ja.wikipedia.org/wiki/Nintendo_Switch%E3%81%AE%E3%82%B2%E3%83%BC%E3%83%A0%E3%82%BF%E3%82%A4%E3%83%88%E3%83%AB%E4%B8%80%E8%A6%A7_%282024%E5%B9%B4%29
2024-04-25,スタットコール 救命恋愛24時,ボルテージ,IARC,16+,https://ja.wikipedia.org/wiki/Nintendo_Switch%E3%81%AE%E3%82%B2%E3%83%BC%E3%83%A0%E3%82%BF%E3%82%A4%E3%83%88%E3%83%AB%E4%B8%80%E8%A6%A7_%282024%E5%B9%B4%29
2024-04-25,メガトン級ムサシW,レベルファイブ,IARC,12+,https://ja.wikipedia.org/wiki/Nintendo_Switch%E3%81%AE%E3%82%B2%E3%83%BC%E3%83%A0%E3%82%BF%E3%82%A4%E3%83%88%E3%83%AB%E4%B8%80%E8%A6%A7_%282024%E5%B9%B4%29
2024-04-25,ベホルガー,賈船,CERO,B,https://ja.wikipedia.org/wiki/Nintendo_Switch%E3%81%AE%E3%82%B2%E3%83%BC%E3%83%A0%E3%82%BF%E3%82%A4%E3%83%88%E3%83%AB%E4%B8%80%E8%A6%A7_%282024%E5%B9%B4%29
2024-04-26,剣と魔法と学園モノ。2G Remaster Edition,アクワイア,CERO,A,https://ja.wikipedia.org/wiki/Nintendo_Switch%E3%81%AE%E3%82%B2%E3%83%BC%E3%83%A0%E3%82%BF%E3%82%A4%E3%83%88%E3%83%AB%E4%B8%80%E8%A6%A7_%282024%E5%B9%B4%29
2024-04-26,妄想凶ザナトリウム,ケムコ,IARC,16+,https://ja.wikipedia.org/wiki/Nintendo_Switch%E3%81%AE%E3%82%B2%E3%83%BC%E3%83%A0%E3%82%BF%E3%82%A4%E3%83%88%E3%83%AB%E4%B8%80%E8%A6%A7_%282024%E5%B9%B4%29
2024-04-26,"Zombies, Aliens and Guns",ラタライカゲームス,IARC,12+,https://ja.wikipedia.org/wiki/Nintendo_Switch%E3%81%AE%E3%82%B2%E3%83%BC%E3%83%A0%E3%82%BF%E3%82%A4%E3%83%88%E3%83%AB%E4%B8%80%E8%A6%A7_%282024%E5%B9%B4%29
2024-05-02,Hentai Tales Vol. 3: Hitomi and Silent Space,17Studio,IARC,12+,https://ja.wikipedia.org/wiki/Nintendo_Switch%E3%81%AE%E3%82%B2%E3%83%BC%E3%83%A0%E3%82%BF%E3%82%A4%E3%83%88%E3%83%AB%E4%B8%80%E8%A6%A7_%282024%E5%B9%B4%29
2024-05-02,"All Noobs must die - Craft, Survival, Mine",404 Games,IARC,3+,https://ja.wikipedia.org/wiki/Nintendo_Switch%E3%81%AE%E3%82%B2%E3%83%BC%E3%83%A0%E3%82%BF%E3%82%A4%E3%83%88%E3%83%AB%E4%B8%80%E8%A6%A7_%282024%E5%B9%B4%29
2024-05-02,DungeonSmash - Medieval Dungeons,404 Games,IARC,3+,https://ja.wikipedia.org/wiki/Nintendo_Switch%E3%81%AE%E3%82%B2%E3%83%BC%E3%83%A0%E3%82%BF%E3%82%A4%E3%83%88%E3%83%AB%E4%B8%80%E8%A6%A7_%282024%E5%B9%B4%29
2024-05-02,プランタビ:リトル ガーデン,Adrian Corpuz,IARC,3+,https://ja.wikipedia.org/wiki/Nintendo_Switch%E3%81%AE%E3%82%B2%E3%83%BC%E3%83%A0%E3%82%BF%E3%82%A4%E3%83%88%E3%83%AB%E4%B8%80%E8%A6%A7_%282024%E5%B9%B4%29
2024-05-02,激闘マインスイーパーオンライン,Blacksmith DoubleCircle,IARC,3+,https://ja.wikipedia.org/wiki/Nintendo_Switch%E3%81%AE%E3%82%B2%E3%83%BC%E3%83%A0%E3%82%BF%E3%82%A4%E3%83%88%E3%83%AB%E4%B8%80%E8%A6%A7_%282024%E5%B9%B4%29
2024-05-02,SOWON: おもちゃのワンダーランド,CFK,IARC,7+,https://ja.wikipedia.org/wiki/Nintendo_Switch%E3%81%AE%E3%82%B2%E3%83%BC%E3%83%A0%E3%82%BF%E3%82%A4%E3%83%88%E3%83%AB%E4%B8%80%E8%A6%A7_%282024%E5%B9%B4%29
2024-05-02,Pirates Golden Quest,DEMENCI Games,IARC,3+,https://ja.wikipedia.org/wiki/Nintendo_Switch%E3%81%AE%E3%82%B2%E3%83%BC%E3%83%A0%E3%82%BF%E3%82%A4%E3%83%88%E3%83%AB%E4%B8%80%E8%A6%A7_%282024%E5%B9%B4%29
2024-05-02,Tractor Farming Simulator 3D,DEMENCI Games,IARC,3+,https://ja.wikipedia.org/wiki/Nintendo_Switch%E3%81%AE%E3%82%B2%E3%83%BC%E3%83%A0%E3%82%BF%E3%82%A4%E3%83%88%E3%83%AB%E4%B8%80%E8%A6%A7_%282024%E5%B9%B4%29
2024-05-02,Space Mercenary Defense Force,eastasiasoft,IARC,7+,https://ja.wikipedia.org/wiki/Nintendo_Switch%E3%81%AE%E3%82%B2%E3%83%BC%E3%83%A0%E3%82%BF%E3%82%A4%E3%83%88%E3%83%AB%E4%B8%80%E8%A6%A7_%282024%E5%B9%B4%29
2024-05-02,物探しの達人:ここは小さな恐竜がいない,Error 300 Games,IARC,3+,https://ja.wikipedia.org/wiki/Nintendo_Switch%E3%81%AE%E3%82%B2%E3%83%BC%E3%83%A0%E3%82%BF%E3%82%A4%E3%83%88%E3%83%AB%E4%B8%80%E8%A6%A7_%282024%E5%B9%B4%29
2024-05-02,キャンドルフォース物語,Feardemic,IARC,12+,https://ja.wikipedia.org/wiki/Nintendo_Switch%E3%81%AE%E3%82%B2%E3%83%BC%E3%83%A0%E3%82%BF%E3%82%A4%E3%83%88%E3%83%AB%E4%B8%80%E8%A6%A7_%282024%E5%B9%B4%29
2024-05-02,Ninja Shuriken Master,GameToTop.CC,IARC,12+,https://ja.wikipedia.org/wiki/Nintendo_Switch%E3%81%AE%E3%82%B2%E3%83%BC%E3%83%A0%E3%82%BF%E3%82%A4%E3%83%88%E3%83%AB%E4%B8%80%E8%A6%A7_%282024%E5%B9%B4%29
2024-05-02,Stupid Cars,Gimbal Studio,IARC,3+,https://ja.wikipedia.org/wiki/Nintendo_Switch%E3%81%AE%E3%82%B2%E3%83%BC%E3%83%A0%E3%82%BF%E3%82%A4%E3%83%88%E3%83%AB%E4%B8%80%E8%A6%A7_%282024%E5%B9%B4%29
2024-05-02,Circuit Superstars,H2 INTERACTIVE,IARC,3+,https://ja.wikipedia.org/wiki/Nintendo_Switch%E3%81%AE%E3%82%B2%E3%83%BC%E3%83%A0%E3%82%BF%E3%82%A4%E3%83%88%E3%83%AB%E4%B8%80%E8%A6%A7_%282024%E5%B9%B4%29
2024-05-02,Surmount,Jasper & Jonas,IARC,3+,https://ja.wikipedia.org/wiki/Nintendo_Switch%E3%81%AE%E3%82%B2%E3%83%BC%E3%83%A0%E3%82%BF%E3%82%A4%E3%83%88%E3%83%AB%E4%B8%80%E8%A6%A7_%282024%E5%B9%B4%29
2024-05-02,Sclash,Just For Games,IARC,12+,https://ja.wikipedia.org/wiki/Nintendo_Switch%E3%81%AE%E3%82%B2%E3%83%BC%E3%83%A0%E3%82%BF%E3%82%A4%E3%83%88%E3%83%AB%E4%B8%80%E8%A6%A7_%282024%E5%B9%B4%29
2024-05-02,お受験クイズmini 四方観察－ゲームで楽しく知育勉強学習脳トレちえあそびクイズ－,MASK,IARC,3+,https://ja.wikipedia.org/wiki/Nintendo_Switch%E3%81%AE%E3%82%B2%E3%83%BC%E3%83%A0%E3%82%BF%E3%82%A4%E3%83%88%E3%83%AB%E4%B8%80%E8%A6%A7_%282024%E5%B9%B4%29
2024-05-02,くるくるパズル 小学生で知りたい地理－ならべてかんたん地理学習雑学教養勉強ゲーム－,MASK,IARC,3+,https://ja.wikipedia.org/wiki/Nintendo_Switch%E3%81%AE%E3%82%B2%E3%83%BC%E3%83%A0%E3%82%BF%E3%82%A4%E3%83%88%E3%83%AB%E4%B8%80%E8%A6%A7_%282024%E5%B9%B4%29
2024-05-02,ちがうのあった！－1か所間違い探しで脳トレ脳活アハ活ひらめきパズル－,MASK,IARC,3+,https://ja.wikipedia.org/wiki/Nintendo_Switch%E3%81%AE%E3%82%B2%E3%83%BC%E3%83%A0%E3%82%BF%E3%82%A4%E3%83%88%E3%83%AB%E4%B8%80%E8%A6%A7_%282024%E5%B9%B4%29
2024-05-02,ラッキーハ腐ニング－腐女子は見た！砂吐きサプライズを楽しむ胸熱ボーイズラブコメゲーム－,MASK,IARC,16+,https://ja.wikipedia.org/wiki/Nintendo_Switch%E3%81%AE%E3%82%B2%E3%83%BC%E3%83%A0%E3%82%BF%E3%82%A4%E3%83%88%E3%83%AB%E4%B8%80%E8%A6%A7_%282024%E5%B9%B4%29
2024-05-02,スペース・ルーチン,MeNic Games,IARC,3+,https://ja.wikipedia.org/wiki/Nintendo_Switch%E3%81%AE%E3%82%B2%E3%83%BC%E3%83%A0%E3%82%BF%E3%82%A4%E3%83%88%E3%83%AB%E4%B8%80%E8%A6%A7_%282024%E5%B9%B4%29
2024-05-02,Hentai Girls: Fresh Firefighter,Pakotime,IARC,12+,https://ja.wikipedia.org/wiki/Nintendo_Switch%E3%81%AE%E3%82%B2%E3%83%BC%E3%83%A0%E3%82%BF%E3%82%A4%E3%83%88%E3%83%AB%E4%B8%80%E8%A6%A7_%282024%E5%B9%B4%29
2024-05-02,ブラッド・ラインズ,PLiCy,IARC,7+,https://ja.wikipedia.org/wiki/Nintendo_Switch%E3%81%AE%E3%82%B2%E3%83%BC%E3%83%A0%E3%82%BF%E3%82%A4%E3%83%88%E3%83%AB%E4%B8%80%E8%A6%A7_%282024%E5%B9%B4%29
2024-05-02,Full Metal Sergeant,PolyCrunch Games,IARC,12+,https://ja.wikipedia.org/wiki/Nintendo_Switch%E3%81%AE%E3%82%B2%E3%83%BC%E3%83%A0%E3%82%BF%E3%82%A4%E3%83%88%E3%83%AB%E4%B8%80%E8%A6%A7_%282024%E5%B9%B4%29
2024-05-02,ボムキャット,RedDeerGames,IARC,3+,https://ja.wikipedia.org/wiki/Nintendo_Switch%E3%81%AE%E3%82%B2%E3%83%BC%E3%83%A0%E3%82%BF%E3%82%A4%E3%83%88%E3%83%AB%E4%B8%80%E8%A6%A7_%282024%E5%B9%B4%29
2024-05-02,Dracula VS Monsters,SimulaMaker,IARC,3+,https://ja.wikipedia.org/wiki/Nintendo_Switch%E3%81%AE%E3%82%B2%E3%83%BC%E3%83%A0%E3%82%BF%E3%82%A4%E3%83%88%E3%83%AB%E4%B8%80%E8%A6%A7_%282024%E5%B9%B4%29
2024-05-02,Knight Sim Life,SimulaMaker,IARC,7+,https://ja.wikipedia.org/wiki/Nintendo_Switch%E3%81%AE%E3%82%B2%E3%83%BC%E3%83%A0%E3%82%BF%E3%82%A4%E3%83%88%E3%83%AB%E4%B8%80%E8%A6%A7_%282024%E5%B9%B4%29
2024-05-02,スーパープルプルパーティ〜ソファエディション〜,Three Flip Studios,IARC,7+,https://ja.wikipedia.org/wiki/Nintendo_Switch%E3%81%AE%E3%82%B2%E3%83%BC%E3%83%A0%E3%82%BF%E3%82%A4%E3%83%88%E3%83%AB%E4%B8%80%E8%A6%A7_%282024%E5%B9%B4%29
2024-05-02,Freddi Fish 2: The Case of the Haunted Schoolhouse,UFO Interactive,IARC,3+,https://ja.wikipedia.org/wiki/Nintendo_Switch%E3%81%AE%E3%82%B2%E3%83%BC%E3%83%A0%E3%82%BF%E3%82%A4%E3%83%88%E3%83%AB%E4%B8%80%E8%A6%A7_%282024%E5%B9%B4%29
2024-05-02,Freddi Fish 5: The Case of the Creature of Coral Cove,不明,"","",https://ja.wikipedia.org/wiki/Nintendo_Switch%E3%81%AE%E3%82%B2%E3%83%BC%E3%83%A0%E3%82%BF%E3%82%A4%E3%83%88%E3%83%AB%E4%B8%80%E8%A6%A7_%282024%E5%B9%B4%29
2024-05-02,Freddi Fish Collection,不明,"",同社より配信済みのアドベンチャーゲーム『Freddi Fish』シリーズ5作品をまとめて収録。 日本語非対応,https://ja.wikipedia.org/wiki/Nintendo_Switch%E3%81%AE%E3%82%B2%E3%83%BC%E3%83%A0%E3%82%BF%E3%82%A4%E3%83%88%E3%83%AB%E4%B8%80%E8%A6%A7_%282024%E5%B9%B4%29
2024-05-02,MotoGP 24,マイルストーン (イタリアのゲーム会社) PLAION,CERO,A,https://ja.wikipedia.org/wiki/Nintendo_Switch%E3%81%AE%E3%82%B2%E3%83%BC%E3%83%A0%E3%82%BF%E3%82%A4%E3%83%88%E3%83%AB%E4%B8%80%E8%A6%A7_%282024%E5%B9%B4%29
2024-05-02,きのこゲーム,マメクジラ,IARC,3+,https://ja.wikipedia.org/wiki/Nintendo_Switch%E3%81%AE%E3%82%B2%E3%83%BC%E3%83%A0%E3%82%BF%E3%82%A4%E3%83%88%E3%83%AB%E4%B8%80%E8%A6%A7_%282024%E5%B9%B4%29
2024-05-02,箱だけのブルース,宮澤卓宏,IARC,3+,https://ja.wikipedia.org/wiki/Nintendo_Switch%E3%81%AE%E3%82%B2%E3%83%BC%E3%83%A0%E3%82%BF%E3%82%A4%E3%83%88%E3%83%AB%E4%B8%80%E8%A6%A7_%282024%E5%B9%B4%29
2024-05-03,改造町人シュビビンマン3 -異界のプリンセス-,Shinyuden,IARC,7+,https://ja.wikipedia.org/wiki/Nintendo_Switch%E3%81%AE%E3%82%B2%E3%83%BC%E3%83%A0%E3%82%BF%E3%82%A4%E3%83%88%E3%83%AB%E4%B8%80%E8%A6%A7_%282024%E5%B9%B4%29
2024-05-09,私のリアルは充実しすぎている for Nintendo Switch,346lab Localization,IARC,12+,https://ja.wikipedia.org/wiki/Nintendo_Switch%E3%81%AE%E3%82%B2%E3%83%BC%E3%83%A0%E3%82%BF%E3%82%A4%E3%83%88%E3%83%AB%E4%B8%80%E8%A6%A7_%282024%E5%B9%B4%29
2024-05-09,Crab Digger TROPICAL ISLAND,404 Games,IARC,3+,https://ja.wikipedia.org/wiki/Nintendo_Switch%E3%81%AE%E3%82%B2%E3%83%BC%E3%83%A0%E3%82%BF%E3%82%A4%E3%83%88%E3%83%AB%E4%B8%80%E8%A6%A7_%282024%E5%B9%B4%29
2024-05-09,Chronicles of Magic: 引き裂かれた王国,Artifex Mundi,IARC,12+,https://ja.wikipedia.org/wiki/Nintendo_Switch%E3%81%AE%E3%82%B2%E3%83%BC%E3%83%A0%E3%82%BF%E3%82%A4%E3%83%88%E3%83%AB%E4%B8%80%E8%A6%A7_%282024%E5%B9%B4%29
2024-05-09,動物パズル,Asylum Square Interactive,IARC,3+,https://ja.wikipedia.org/wiki/Nintendo_Switch%E3%81%AE%E3%82%B2%E3%83%BC%E3%83%A0%E3%82%BF%E3%82%A4%E3%83%88%E3%83%AB%E4%B8%80%E8%A6%A7_%282024%E5%B9%B4%29
2024-05-09,ANIMAL WELL,Bigmode,IARC,7+,https://ja.wikipedia.org/wiki/Nintendo_Switch%E3%81%AE%E3%82%B2%E3%83%BC%E3%83%A0%E3%82%BF%E3%82%A4%E3%83%88%E3%83%AB%E4%B8%80%E8%A6%A7_%282024%E5%B9%B4%29
2024-05-09,おに高 ころりんゲーム,Clappers,IARC,3+,https://ja.wikipedia.org/wiki/Nintendo_Switch%E3%81%AE%E3%82%B2%E3%83%BC%E3%83%A0%E3%82%BF%E3%82%A4%E3%83%88%E3%83%AB%E4%B8%80%E8%A6%A7_%282024%E5%B9%B4%29
2024-05-09,The Night of the Rabbit,Daedalic Entertainment,IARC,3+,https://ja.wikipedia.org/wiki/Nintendo_Switch%E3%81%AE%E3%82%B2%E3%83%BC%E3%83%A0%E3%82%BF%E3%82%A4%E3%83%88%E3%83%AB%E4%B8%80%E8%A6%A7_%282024%E5%B9%B4%29
2024-05-09,Culinary Cooking Master Simulator,DEZVOLT GAMES,IARC,3+,https://ja.wikipedia.org/wiki/Nintendo_Switch%E3%81%AE%E3%82%B2%E3%83%BC%E3%83%A0%E3%82%BF%E3%82%A4%E3%83%88%E3%83%AB%E4%B8%80%E8%A6%A7_%282024%E5%B9%B4%29
2024-05-09,Mechs V Kaijus,eastasiasoft,IARC,12+,https://ja.wikipedia.org/wiki/Nintendo_Switch%E3%81%AE%E3%82%B2%E3%83%BC%E3%83%A0%E3%82%BF%E3%82%A4%E3%83%88%E3%83%AB%E4%B8%80%E8%A6%A7_%282024%E5%B9%B4%29
2024-05-09,Adventure Field Remake,Elushis,IARC,7+,https://ja.wikipedia.org/wiki/Nintendo_Switch%E3%81%AE%E3%82%B2%E3%83%BC%E3%83%A0%E3%82%BF%E3%82%A4%E3%83%88%E3%83%AB%E4%B8%80%E8%A6%A7_%282024%E5%B9%B4%29
2024-05-09,マイケルの不思議な冒険2,HUNTERS,IARC,3+,https://ja.wikipedia.org/wiki/Nintendo_Switch%E3%81%AE%E3%82%B2%E3%83%BC%E3%83%A0%E3%82%BF%E3%82%A4%E3%83%88%E3%83%AB%E4%B8%80%E8%A6%A7_%282024%E5%B9%B4%29
2024-05-09,レインボーコットン,ININ Games,CERO,B,https://ja.wikipedia.org/wiki/Nintendo_Switch%E3%81%AE%E3%82%B2%E3%83%BC%E3%83%A0%E3%82%BF%E3%82%A4%E3%83%88%E3%83%AB%E4%B8%80%E8%A6%A7_%282024%E5%B9%B4%29
2024-05-09,KOBOLOK,Marginalact,IARC,7+,https://ja.wikipedia.org/wiki/Nintendo_Switch%E3%81%AE%E3%82%B2%E3%83%BC%E3%83%A0%E3%82%BF%E3%82%A4%E3%83%88%E3%83%AB%E4%B8%80%E8%A6%A7_%282024%E5%B9%B4%29
2024-05-09,ビッグウォーターメロンマッチ,Max Interactive Studio,IARC,3+,https://ja.wikipedia.org/wiki/Nintendo_Switch%E3%81%AE%E3%82%B2%E3%83%BC%E3%83%A0%E3%82%BF%E3%82%A4%E3%83%88%E3%83%AB%E4%B8%80%E8%A6%A7_%282024%E5%B9%B4%29
2024-05-09,エル・イー・ティーズ・スルーオー バスケットボール・シミュレーター,Megame,IARC,3+,https://ja.wikipedia.org/wiki/Nintendo_Switch%E3%81%AE%E3%82%B2%E3%83%BC%E3%83%A0%E3%82%BF%E3%82%A4%E3%83%88%E3%83%AB%E4%B8%80%E8%A6%A7_%282024%E5%B9%B4%29
2024-05-09,デビルガール,moesoft,IARC,3+,https://ja.wikipedia.org/wiki/Nintendo_Switch%E3%81%AE%E3%82%B2%E3%83%BC%E3%83%A0%E3%82%BF%E3%82%A4%E3%83%88%E3%83%AB%E4%B8%80%E8%A6%A7_%282024%E5%B9%B4%29
2024-05-09,Dark Fantasy Epic Jigsaw Puzzle,NAISU,IARC,16+,https://ja.wikipedia.org/wiki/Nintendo_Switch%E3%81%AE%E3%82%B2%E3%83%BC%E3%83%A0%E3%82%BF%E3%82%A4%E3%83%88%E3%83%AB%E4%B8%80%E8%A6%A7_%282024%E5%B9%B4%29
2024-05-09,CorpoNation: The Sorting Process,Playtonic Games,IARC,12+,https://ja.wikipedia.org/wiki/Nintendo_Switch%E3%81%AE%E3%82%B2%E3%83%BC%E3%83%A0%E3%82%BF%E3%82%A4%E3%83%88%E3%83%AB%E4%B8%80%E8%A6%A7_%282024%E5%B9%B4%29
2024-05-09,Pummel Party,Rebuilt Games,IARC,12+,https://ja.wikipedia.org/wiki/Nintendo_Switch%E3%81%AE%E3%82%B2%E3%83%BC%E3%83%A0%E3%82%BF%E3%82%A4%E3%83%88%E3%83%AB%E4%B8%80%E8%A6%A7_%282024%E5%B9%B4%29
2024-05-09,ホテル ハッスル,RedDeerGames,IARC,3+,https://ja.wikipedia.org/wiki/Nintendo_Switch%E3%81%AE%E3%82%B2%E3%83%BC%E3%83%A0%E3%82%BF%E3%82%A4%E3%83%88%E3%83%AB%E4%B8%80%E8%A6%A7_%282024%E5%B9%B4%29
2024-05-09,Smack,Sabec,IARC,3+,https://ja.wikipedia.org/wiki/Nintendo_Switch%E3%81%AE%E3%82%B2%E3%83%BC%E3%83%A0%E3%82%BF%E3%82%A4%E3%83%88%E3%83%AB%E4%B8%80%E8%A6%A7_%282024%E5%B9%B4%29
2024-05-09,QUALIA 〜約束の軌跡〜,Sekai Games,IARC,12+,https://ja.wikipedia.org/wiki/Nintendo_Switch%E3%81%AE%E3%82%B2%E3%83%BC%E3%83%A0%E3%82%BF%E3%82%A4%E3%83%88%E3%83%AB%E4%B8%80%E8%A6%A7_%282024%E5%B9%B4%29
2024-05-09,Imagine Earth,Serious Brothers,IARC,3+,https://ja.wikipedia.org/wiki/Nintendo_Switch%E3%81%AE%E3%82%B2%E3%83%BC%E3%83%A0%E3%82%BF%E3%82%A4%E3%83%88%E3%83%AB%E4%B8%80%E8%A6%A7_%282024%E5%B9%B4%29
2024-05-09,ナゾトキ魔女と夢幻の秘宝－物語も楽しめるひまつぶし脳トレ推理アドベンチャー－,TT,IARC,3+,https://ja.wikipedia.org/wiki/Nintendo_Switch%E3%81%AE%E3%82%B2%E3%83%BC%E3%83%A0%E3%82%BF%E3%82%A4%E3%83%88%E3%83%AB%E4%B8%80%E8%A6%A7_%282024%E5%B9%B4%29
2024-05-09,Gearhead Karting Simulator - Mechanic & Racing,VRCFORGE STUDIOS,IARC,3+,https://ja.wikipedia.org/wiki/Nintendo_Switch%E3%81%AE%E3%82%B2%E3%83%BC%E3%83%A0%E3%82%BF%E3%82%A4%E3%83%88%E3%83%AB%E4%B8%80%E8%A6%A7_%282024%E5%B9%B4%29
2024-05-09,動物が落ちる,Zakym,IARC,3+,https://ja.wikipedia.org/wiki/Nintendo_Switch%E3%81%AE%E3%82%B2%E3%83%BC%E3%83%A0%E3%82%BF%E3%82%A4%E3%83%88%E3%83%AB%E4%B8%80%E8%A6%A7_%282024%E5%B9%B4%29
2024-05-10,"Little Kitty, Big City",Double Dagger Studio,IARC,3+,https://ja.wikipedia.org/wiki/Nintendo_Switch%E3%81%AE%E3%82%B2%E3%83%BC%E3%83%A0%E3%82%BF%E3%82%A4%E3%83%88%E3%83%AB%E4%B8%80%E8%A6%A7_%282024%E5%B9%B4%29
2024-05-10,Kinduo 2 - Frostbite,ラタライカゲームス,IARC,7+,https://ja.wikipedia.org/wiki/Nintendo_Switch%E3%81%AE%E3%82%B2%E3%83%BC%E3%83%A0%E3%82%BF%E3%82%A4%E3%83%88%E3%83%AB%E4%B8%80%E8%A6%A7_%282024%E5%B9%B4%29
2024-05-13,The Land Beneath Us,Plug In Digital,IARC,3+,https://ja.wikipedia.org/wiki/Nintendo_Switch%E3%81%AE%E3%82%B2%E3%83%BC%E3%83%A0%E3%82%BF%E3%82%A4%E3%83%88%E3%83%AB%E4%B8%80%E8%A6%A7_%282024%E5%B9%B4%29
2024-05-14,Lysfanga: The Time Shift Warrior,Quantic Dream,IARC,7+,https://ja.wikipedia.org/wiki/Nintendo_Switch%E3%81%AE%E3%82%B2%E3%83%BC%E3%83%A0%E3%82%BF%E3%82%A4%E3%83%88%E3%83%AB%E4%B8%80%E8%A6%A7_%282024%E5%B9%B4%29
2024-05-16,Puzzle World: Neko Girls,17Studio,IARC,3+,https://ja.wikipedia.org/wiki/Nintendo_Switch%E3%81%AE%E3%82%B2%E3%83%BC%E3%83%A0%E3%82%BF%E3%82%A4%E3%83%88%E3%83%AB%E4%B8%80%E8%A6%A7_%282024%E5%B9%B4%29
2024-05-16,Toon Toon Racing,404 Games,IARC,3+,https://ja.wikipedia.org/wiki/Nintendo_Switch%E3%81%AE%E3%82%B2%E3%83%BC%E3%83%A0%E3%82%BF%E3%82%A4%E3%83%88%E3%83%AB%E4%B8%80%E8%A6%A7_%282024%E5%B9%B4%29
2024-05-16,King Pyramid Thieves,Artem Kritinin,IARC,3+,https://ja.wikipedia.org/wiki/Nintendo_Switch%E3%81%AE%E3%82%B2%E3%83%BC%E3%83%A0%E3%82%BF%E3%82%A4%E3%83%88%E3%83%AB%E4%B8%80%E8%A6%A7_%282024%E5%B9%B4%29
2024-05-16,Little Cat Doctor,Artem Kritinin,IARC,3+,https://ja.wikipedia.org/wiki/Nintendo_Switch%E3%81%AE%E3%82%B2%E3%83%BC%E3%83%A0%E3%82%BF%E3%82%A4%E3%83%88%E3%83%AB%E4%B8%80%E8%A6%A7_%282024%E5%B9%B4%29
2024-05-16,Plumber Pipe Out,Artem Kritinin,IARC,3+,https://ja.wikipedia.org/wiki/Nintendo_Switch%E3%81%AE%E3%82%B2%E3%83%BC%E3%83%A0%E3%82%BF%E3%82%A4%E3%83%88%E3%83%AB%E4%B8%80%E8%A6%A7_%282024%E5%B9%B4%29
2024-05-16,Zombie Night Defense,Artem Kritinin,IARC,3+,https://ja.wikipedia.org/wiki/Nintendo_Switch%E3%81%AE%E3%82%B2%E3%83%BC%E3%83%A0%E3%82%BF%E3%82%A4%E3%83%88%E3%83%AB%E4%B8%80%E8%A6%A7_%282024%E5%B9%B4%29
2024-05-16,Dungeon Arsenal,Brainium Games,IARC,3+,https://ja.wikipedia.org/wiki/Nintendo_Switch%E3%81%AE%E3%82%B2%E3%83%BC%E3%83%A0%E3%82%BF%E3%82%A4%E3%83%88%E3%83%AB%E4%B8%80%E8%A6%A7_%282024%E5%B9%B4%29
2024-05-16,Spellcats: Auto Card Tactics,Croix Apps,IARC,3+,https://ja.wikipedia.org/wiki/Nintendo_Switch%E3%81%AE%E3%82%B2%E3%83%BC%E3%83%A0%E3%82%BF%E3%82%A4%E3%83%88%E3%83%AB%E4%B8%80%E8%A6%A7_%282024%E5%B9%B4%29
2024-05-16,Mars Farming 2034,DEMENCI Games,IARC,3+,https://ja.wikipedia.org/wiki/Nintendo_Switch%E3%81%AE%E3%82%B2%E3%83%BC%E3%83%A0%E3%82%BF%E3%82%A4%E3%83%88%E3%83%AB%E4%B8%80%E8%A6%A7_%282024%E5%B9%B4%29
2024-05-16,Roman Empire Farming,DEMENCI Games,IARC,3+,https://ja.wikipedia.org/wiki/Nintendo_Switch%E3%81%AE%E3%82%B2%E3%83%BC%E3%83%A0%E3%82%BF%E3%82%A4%E3%83%88%E3%83%AB%E4%B8%80%E8%A6%A7_%282024%E5%B9%B4%29
2024-05-16,Monster Outbreak,Freedom Games,IARC,7+,https://ja.wikipedia.org/wiki/Nintendo_Switch%E3%81%AE%E3%82%B2%E3%83%BC%E3%83%A0%E3%82%BF%E3%82%A4%E3%83%88%E3%83%AB%E4%B8%80%E8%A6%A7_%282024%E5%B9%B4%29
2024-05-16,友情の配達,Happy Player,IARC,3+,https://ja.wikipedia.org/wiki/Nintendo_Switch%E3%81%AE%E3%82%B2%E3%83%BC%E3%83%A0%E3%82%BF%E3%82%A4%E3%83%88%E3%83%AB%E4%B8%80%E8%A6%A7_%282024%E5%B9%B4%29
2024-05-16,プールパーティー,Mindscape,IARC,3+,https://ja.wikipedia.org/wiki/Nintendo_Switch%E3%81%AE%E3%82%B2%E3%83%BC%E3%83%A0%E3%82%BF%E3%82%A4%E3%83%88%E3%83%AB%E4%B8%80%E8%A6%A7_%282024%E5%B9%B4%29
2024-05-16,Hand In Hand,OverGamez,IARC,7+,https://ja.wikipedia.org/wiki/Nintendo_Switch%E3%81%AE%E3%82%B2%E3%83%BC%E3%83%A0%E3%82%BF%E3%82%A4%E3%83%88%E3%83%AB%E4%B8%80%E8%A6%A7_%282024%E5%B9%B4%29
2024-05-16,Hentai Girls: Idol Romance,Pakotime,IARC,12+,https://ja.wikipedia.org/wiki/Nintendo_Switch%E3%81%AE%E3%82%B2%E3%83%BC%E3%83%A0%E3%82%BF%E3%82%A4%E3%83%88%E3%83%AB%E4%B8%80%E8%A6%A7_%282024%E5%B9%B4%29
2024-05-16,Musashi vs Cthulhu,QUByte Interactive,IARC,12+,https://ja.wikipedia.org/wiki/Nintendo_Switch%E3%81%AE%E3%82%B2%E3%83%BC%E3%83%A0%E3%82%BF%E3%82%A4%E3%83%88%E3%83%AB%E4%B8%80%E8%A6%A7_%282024%E5%B9%B4%29
2024-05-16,トーキョークッキング,RedDeerGames,IARC,3+,https://ja.wikipedia.org/wiki/Nintendo_Switch%E3%81%AE%E3%82%B2%E3%83%BC%E3%83%A0%E3%82%BF%E3%82%A4%E3%83%88%E3%83%AB%E4%B8%80%E8%A6%A7_%282024%E5%B9%B4%29
2024-05-16,トラックシミュレーターシティデリバリー,SC Ovilex Soft,IARC,3+,https://ja.wikipedia.org/wiki/Nintendo_Switch%E3%81%AE%E3%82%B2%E3%83%BC%E3%83%A0%E3%82%BF%E3%82%A4%E3%83%88%E3%83%AB%E4%B8%80%E8%A6%A7_%282024%E5%B9%B4%29
2024-05-16,Please Fix The Road,Silesia Games,IARC,3+,https://ja.wikipedia.org/wiki/Nintendo_Switch%E3%81%AE%E3%82%B2%E3%83%BC%E3%83%A0%E3%82%BF%E3%82%A4%E3%83%88%E3%83%AB%E4%B8%80%E8%A6%A7_%282024%E5%B9%B4%29
2024-05-16,Awesome Pea 3,Sometimes You,IARC,3+,https://ja.wikipedia.org/wiki/Nintendo_Switch%E3%81%AE%E3%82%B2%E3%83%BC%E3%83%A0%E3%82%BF%E3%82%A4%E3%83%88%E3%83%AB%E4%B8%80%E8%A6%A7_%282024%E5%B9%B4%29
2024-05-16,Sweetest Monster,Sometimes You,IARC,16+,https://ja.wikipedia.org/wiki/Nintendo_Switch%E3%81%AE%E3%82%B2%E3%83%BC%E3%83%A0%E3%82%BF%E3%82%A4%E3%83%88%E3%83%AB%E4%B8%80%E8%A6%A7_%282024%E5%B9%B4%29
2024-05-16,Express Courier Pro: Urban Bike Delivery Simulator 2024,SUCCESS GAMES,IARC,3+,https://ja.wikipedia.org/wiki/Nintendo_Switch%E3%81%AE%E3%82%B2%E3%83%BC%E3%83%A0%E3%82%BF%E3%82%A4%E3%83%88%E3%83%AB%E4%B8%80%E8%A6%A7_%282024%E5%B9%B4%29
2024-05-16,HighScore Anomaly Shop,SURPRISED HOTDOG,IARC,3+,https://ja.wikipedia.org/wiki/Nintendo_Switch%E3%81%AE%E3%82%B2%E3%83%BC%E3%83%A0%E3%82%BF%E3%82%A4%E3%83%88%E3%83%AB%E4%B8%80%E8%A6%A7_%282024%E5%B9%B4%29
2024-05-16,Braid: アニバーサリーエディション,Thekla,IARC,12+,https://ja.wikipedia.org/wiki/Nintendo_Switch%E3%81%AE%E3%82%B2%E3%83%BC%E3%83%A0%E3%82%BF%E3%82%A4%E3%83%88%E3%83%AB%E4%B8%80%E8%A6%A7_%282024%E5%B9%B4%29
2024-05-16,Spy Guy Memory,Trefl S.A,IARC,3+,https://ja.wikipedia.org/wiki/Nintendo_Switch%E3%81%AE%E3%82%B2%E3%83%BC%E3%83%A0%E3%82%BF%E3%82%A4%E3%83%88%E3%83%AB%E4%B8%80%E8%A6%A7_%282024%E5%B9%B4%29
2024-05-16,Trust No One,Triomatica Games,IARC,3+,https://ja.wikipedia.org/wiki/Nintendo_Switch%E3%81%AE%E3%82%B2%E3%83%BC%E3%83%A0%E3%82%BF%E3%82%A4%E3%83%88%E3%83%AB%E4%B8%80%E8%A6%A7_%282024%E5%B9%B4%29
2024-05-16,vridniX,Uncanaut,IARC,3+,https://ja.wikipedia.org/wiki/Nintendo_Switch%E3%81%AE%E3%82%B2%E3%83%BC%E3%83%A0%E3%82%BF%E3%82%A4%E3%83%88%E3%83%AB%E4%B8%80%E8%A6%A7_%282024%E5%B9%B4%29
2024-05-16,Adrenaline Rush: Highway Extreme Traffic Racer,VRCFORGE STUDIOS,IARC,3+,https://ja.wikipedia.org/wiki/Nintendo_Switch%E3%81%AE%E3%82%B2%E3%83%BC%E3%83%A0%E3%82%BF%E3%82%A4%E3%83%88%E3%83%AB%E4%B8%80%E8%A6%A7_%282024%E5%B9%B4%29
2024-05-16,Word Guess,Webnetic,IARC,3+,https://ja.wikipedia.org/wiki/Nintendo_Switch%E3%81%AE%E3%82%B2%E3%83%BC%E3%83%A0%E3%82%BF%E3%82%A4%E3%83%88%E3%83%AB%E4%B8%80%E8%A6%A7_%282024%E5%B9%B4%29
2024-05-16,アンデーモン,WEST SUN,IARC,7+,https://ja.wikipedia.org/wiki/Nintendo_Switch%E3%81%AE%E3%82%B2%E3%83%BC%E3%83%A0%E3%82%BF%E3%82%A4%E3%83%88%E3%83%AB%E4%B8%80%E8%A6%A7_%282024%E5%B9%B4%29
2024-05-16,関守神〜再演〜,エム・ビー・エーインターナショナル,IARC,16+,https://ja.wikipedia.org/wiki/Nintendo_Switch%E3%81%AE%E3%82%B2%E3%83%BC%E3%83%A0%E3%82%BF%E3%82%A4%E3%83%88%E3%83%AB%E4%B8%80%E8%A6%A7_%282024%E5%B9%B4%29
2024-05-16,リードオンリーメモリーズ:ニューロダイバー,コーラス・ワールドワイド,CERO,A,https://ja.wikipedia.org/wiki/Nintendo_Switch%E3%81%AE%E3%82%B2%E3%83%BC%E3%83%A0%E3%82%BF%E3%82%A4%E3%83%88%E3%83%AB%E4%B8%80%E8%A6%A7_%282024%E5%B9%B4%29
2024-05-16,ドリーム囲碁,シルバースタージャパン,CERO,A,https://ja.wikipedia.org/wiki/Nintendo_Switch%E3%81%AE%E3%82%B2%E3%83%BC%E3%83%A0%E3%82%BF%E3%82%A4%E3%83%88%E3%83%AB%E4%B8%80%E8%A6%A7_%282024%E5%B9%B4%29
2024-05-16,ドリーム将棋,不明,"","",https://ja.wikipedia.org/wiki/Nintendo_Switch%E3%81%AE%E3%82%B2%E3%83%BC%E3%83%A0%E3%82%BF%E3%82%A4%E3%83%88%E3%83%AB%E4%B8%80%E8%A6%A7_%282024%E5%B9%B4%29
2024-05-16,エイリアンサバイバーズ スターシップ レザレクション,トローゼ,IARC,7+,https://ja.wikipedia.org/wiki/Nintendo_Switch%E3%81%AE%E3%82%B2%E3%83%BC%E3%83%A0%E3%82%BF%E3%82%A4%E3%83%88%E3%83%AB%E4%B8%80%E8%A6%A7_%282024%E5%B9%B4%29
2024-05-16,インターネットジェネレーション,プラチナロケット,IARC,7+,https://ja.wikipedia.org/wiki/Nintendo_Switch%E3%81%AE%E3%82%B2%E3%83%BC%E3%83%A0%E3%82%BF%E3%82%A4%E3%83%88%E3%83%AB%E4%B8%80%E8%A6%A7_%282024%E5%B9%B4%29
2024-05-17,Lorelei and the Laser Eyes,Annapurna Interactive,CERO,B,https://ja.wikipedia.org/wiki/Nintendo_Switch%E3%81%AE%E3%82%B2%E3%83%BC%E3%83%A0%E3%82%BF%E3%82%A4%E3%83%88%E3%83%AB%E4%B8%80%E8%A6%A7_%282024%E5%B9%B4%29
2024-05-17,FoxyRush,ラタライカゲームス,IARC,7+,https://ja.wikipedia.org/wiki/Nintendo_Switch%E3%81%AE%E3%82%B2%E3%83%BC%E3%83%A0%E3%82%BF%E3%82%A4%E3%83%88%E3%83%AB%E4%B8%80%E8%A6%A7_%282024%E5%B9%B4%29
2024-05-23,Puzzle World: Cute Cats,17Studio,IARC,3+,https://ja.wikipedia.org/wiki/Nintendo_Switch%E3%81%AE%E3%82%B2%E3%83%BC%E3%83%A0%E3%82%BF%E3%82%A4%E3%83%88%E3%83%AB%E4%B8%80%E8%A6%A7_%282024%E5%B9%B4%29
2024-05-23,Highlaundry Overwashed - Play with your friends!,404 Games,IARC,3+,https://ja.wikipedia.org/wiki/Nintendo_Switch%E3%81%AE%E3%82%B2%E3%83%BC%E3%83%A0%E3%82%BF%E3%82%A4%E3%83%88%E3%83%AB%E4%B8%80%E8%A6%A7_%282024%E5%B9%B4%29
2024-05-23,ブレッドとフレッド,Apogee Entertainment,IARC,3+,https://ja.wikipedia.org/wiki/Nintendo_Switch%E3%81%AE%E3%82%B2%E3%83%BC%E3%83%A0%E3%82%BF%E3%82%A4%E3%83%88%E3%83%AB%E4%B8%80%E8%A6%A7_%282024%E5%B9%B4%29
2024-05-23,Easter Bunny: Bubble Shooter,Artem Kritinin,IARC,3+,https://ja.wikipedia.org/wiki/Nintendo_Switch%E3%81%AE%E3%82%B2%E3%83%BC%E3%83%A0%E3%82%BF%E3%82%A4%E3%83%88%E3%83%AB%E4%B8%80%E8%A6%A7_%282024%E5%B9%B4%29
2024-05-23,Head Sports Football,Artem Kritinin,IARC,3+,https://ja.wikipedia.org/wiki/Nintendo_Switch%E3%81%AE%E3%82%B2%E3%83%BC%E3%83%A0%E3%82%BF%E3%82%A4%E3%83%88%E3%83%AB%E4%B8%80%E8%A6%A7_%282024%E5%B9%B4%29
2024-05-23,Astroblaze DX,Asylum Square Interactive,IARC,3+,https://ja.wikipedia.org/wiki/Nintendo_Switch%E3%81%AE%E3%82%B2%E3%83%BC%E3%83%A0%E3%82%BF%E3%82%A4%E3%83%88%E3%83%AB%E4%B8%80%E8%A6%A7_%282024%E5%B9%B4%29
2024-05-23,Dish Puzzle,Asylum Square Interactive,IARC,3+,https://ja.wikipedia.org/wiki/Nintendo_Switch%E3%81%AE%E3%82%B2%E3%83%BC%E3%83%A0%E3%82%BF%E3%82%A4%E3%83%88%E3%83%AB%E4%B8%80%E8%A6%A7_%282024%E5%B9%B4%29
2024-05-23,ブレイド・ジャンパー,CFK,IARC,7+,https://ja.wikipedia.org/wiki/Nintendo_Switch%E3%81%AE%E3%82%B2%E3%83%BC%E3%83%A0%E3%82%BF%E3%82%A4%E3%83%88%E3%83%AB%E4%B8%80%E8%A6%A7_%282024%E5%B9%B4%29
2024-05-23,Wizardry: Proving Grounds of the Mad Overlord,Digital Eclipse,IARC,16+,https://ja.wikipedia.org/wiki/Nintendo_Switch%E3%81%AE%E3%82%B2%E3%83%BC%E3%83%A0%E3%82%BF%E3%82%A4%E3%83%88%E3%83%AB%E4%B8%80%E8%A6%A7_%282024%E5%B9%B4%29
2024-05-23,Doug's Nightmare,eastasiasoft,IARC,7+,https://ja.wikipedia.org/wiki/Nintendo_Switch%E3%81%AE%E3%82%B2%E3%83%BC%E3%83%A0%E3%82%BF%E3%82%A4%E3%83%88%E3%83%AB%E4%B8%80%E8%A6%A7_%282024%E5%B9%B4%29
2024-05-23,Electronics Puzzle Lab,eastasiasoft,IARC,3+,https://ja.wikipedia.org/wiki/Nintendo_Switch%E3%81%AE%E3%82%B2%E3%83%BC%E3%83%A0%E3%82%BF%E3%82%A4%E3%83%88%E3%83%AB%E4%B8%80%E8%A6%A7_%282024%E5%B9%B4%29
2024-05-23,ペーパーダッシュ インベージョンオブグリード,EpiXR Games,IARC,3+,https://ja.wikipedia.org/wiki/Nintendo_Switch%E3%81%AE%E3%82%B2%E3%83%BC%E3%83%A0%E3%82%BF%E3%82%A4%E3%83%88%E3%83%AB%E4%B8%80%E8%A6%A7_%282024%E5%B9%B4%29
2024-05-23,ホーンティー,Firestoke,IARC,3+,https://ja.wikipedia.org/wiki/Nintendo_Switch%E3%81%AE%E3%82%B2%E3%83%BC%E3%83%A0%E3%82%BF%E3%82%A4%E3%83%88%E3%83%AB%E4%B8%80%E8%A6%A7_%282024%E5%B9%B4%29
2024-05-23,魂の橋,indienova,IARC,3+,https://ja.wikipedia.org/wiki/Nintendo_Switch%E3%81%AE%E3%82%B2%E3%83%BC%E3%83%A0%E3%82%BF%E3%82%A4%E3%83%88%E3%83%AB%E4%B8%80%E8%A6%A7_%282024%E5%B9%B4%29
2024-05-23,Arcadia: Colony,Kibe Software House,IARC,7+,https://ja.wikipedia.org/wiki/Nintendo_Switch%E3%81%AE%E3%82%B2%E3%83%BC%E3%83%A0%E3%82%BF%E3%82%A4%E3%83%88%E3%83%AB%E4%B8%80%E8%A6%A7_%282024%E5%B9%B4%29
2024-05-23,Erra: Exordium,Kirkidexi,IARC,12+,https://ja.wikipedia.org/wiki/Nintendo_Switch%E3%81%AE%E3%82%B2%E3%83%BC%E3%83%A0%E3%82%BF%E3%82%A4%E3%83%88%E3%83%AB%E4%B8%80%E8%A6%A7_%282024%E5%B9%B4%29
2024-05-23,アメリアズ・ダイナー,Kistler Studios,IARC,3+,https://ja.wikipedia.org/wiki/Nintendo_Switch%E3%81%AE%E3%82%B2%E3%83%BC%E3%83%A0%E3%82%BF%E3%82%A4%E3%83%88%E3%83%AB%E4%B8%80%E8%A6%A7_%282024%E5%B9%B4%29
2024-05-23,もっと知りたい縄文弥生－ゲームで楽しく歴史発見雑学教養豆知識学習クイズ－,MASK,IARC,3+,https://ja.wikipedia.org/wiki/Nintendo_Switch%E3%81%AE%E3%82%B2%E3%83%BC%E3%83%A0%E3%82%BF%E3%82%A4%E3%83%88%E3%83%AB%E4%B8%80%E8%A6%A7_%282024%E5%B9%B4%29
2024-05-23,クレージー・スタント・ドライバー エクストリーム・レーシング・シミュレーター,Megame,IARC,3+,https://ja.wikipedia.org/wiki/Nintendo_Switch%E3%81%AE%E3%82%B2%E3%83%BC%E3%83%A0%E3%82%BF%E3%82%A4%E3%83%88%E3%83%AB%E4%B8%80%E8%A6%A7_%282024%E5%B9%B4%29
2024-05-23,Morbid: The Lords of Ire,Merge Games,CERO,Z,https://ja.wikipedia.org/wiki/Nintendo_Switch%E3%81%AE%E3%82%B2%E3%83%BC%E3%83%A0%E3%82%BF%E3%82%A4%E3%83%88%E3%83%AB%E4%B8%80%E8%A6%A7_%282024%E5%B9%B4%29
2024-05-23,OrbWars,Neox Studios,IARC,3+,https://ja.wikipedia.org/wiki/Nintendo_Switch%E3%81%AE%E3%82%B2%E3%83%BC%E3%83%A0%E3%82%BF%E3%82%A4%E3%83%88%E3%83%AB%E4%B8%80%E8%A6%A7_%282024%E5%B9%B4%29
2024-05-23,ペーパートレイル Paper Trail,Newfangled Games,IARC,3+,https://ja.wikipedia.org/wiki/Nintendo_Switch%E3%81%AE%E3%82%B2%E3%83%BC%E3%83%A0%E3%82%BF%E3%82%A4%E3%83%88%E3%83%AB%E4%B8%80%E8%A6%A7_%282024%E5%B9%B4%29
2024-05-23,Undercat,OverGamez,IARC,7+,https://ja.wikipedia.org/wiki/Nintendo_Switch%E3%81%AE%E3%82%B2%E3%83%BC%E3%83%A0%E3%82%BF%E3%82%A4%E3%83%88%E3%83%AB%E4%B8%80%E8%A6%A7_%282024%E5%B9%B4%29
2024-05-23,Super The Glass Staircase,Puppet Combo,IARC,12+,https://ja.wikipedia.org/wiki/Nintendo_Switch%E3%81%AE%E3%82%B2%E3%83%BC%E3%83%A0%E3%82%BF%E3%82%A4%E3%83%88%E3%83%AB%E4%B8%80%E8%A6%A7_%282024%E5%B9%B4%29
2024-05-23,Scarlet Tower,Pyxeralia,IARC,7+,https://ja.wikipedia.org/wiki/Nintendo_Switch%E3%81%AE%E3%82%B2%E3%83%BC%E3%83%A0%E3%82%BF%E3%82%A4%E3%83%88%E3%83%AB%E4%B8%80%E8%A6%A7_%282024%E5%B9%B4%29
2024-05-23,Cat's Cosmic Atlas,RedDeerGames,IARC,3+,https://ja.wikipedia.org/wiki/Nintendo_Switch%E3%81%AE%E3%82%B2%E3%83%BC%E3%83%A0%E3%82%BF%E3%82%A4%E3%83%88%E3%83%AB%E4%B8%80%E8%A6%A7_%282024%E5%B9%B4%29
2024-05-23,SUSHIレース,SAT-BOX,IARC,3+,https://ja.wikipedia.org/wiki/Nintendo_Switch%E3%81%AE%E3%82%B2%E3%83%BC%E3%83%A0%E3%82%BF%E3%82%A4%E3%83%88%E3%83%AB%E4%B8%80%E8%A6%A7_%282024%E5%B9%B4%29
2024-05-23,Ultra Foodmess 2,Silesia Games,IARC,3+,https://ja.wikipedia.org/wiki/Nintendo_Switch%E3%81%AE%E3%82%B2%E3%83%BC%E3%83%A0%E3%82%BF%E3%82%A4%E3%83%88%E3%83%AB%E4%B8%80%E8%A6%A7_%282024%E5%B9%B4%29
2024-05-23,Chocolate Factory Tycoon,SimulaMaker,IARC,3+,https://ja.wikipedia.org/wiki/Nintendo_Switch%E3%81%AE%E3%82%B2%E3%83%BC%E3%83%A0%E3%82%BF%E3%82%A4%E3%83%88%E3%83%AB%E4%B8%80%E8%A6%A7_%282024%E5%B9%B4%29
2024-05-23,Coffee Simulator Tycoon,SimulaMaker,IARC,3+,https://ja.wikipedia.org/wiki/Nintendo_Switch%E3%81%AE%E3%82%B2%E3%83%BC%E3%83%A0%E3%82%BF%E3%82%A4%E3%83%88%E3%83%AB%E4%B8%80%E8%A6%A7_%282024%E5%B9%B4%29
2024-05-23,Ninja Shadow Quest,SimulaMaker,IARC,7+,https://ja.wikipedia.org/wiki/Nintendo_Switch%E3%81%AE%E3%82%B2%E3%83%BC%E3%83%A0%E3%82%BF%E3%82%A4%E3%83%88%E3%83%AB%E4%B8%80%E8%A6%A7_%282024%E5%B9%B4%29
2024-05-23,Restaurant Tycoon Simulator,SimulaMaker,IARC,3+,https://ja.wikipedia.org/wiki/Nintendo_Switch%E3%81%AE%E3%82%B2%E3%83%BC%E3%83%A0%E3%82%BF%E3%82%A4%E3%83%88%E3%83%AB%E4%B8%80%E8%A6%A7_%282024%E5%B9%B4%29
2024-05-23,Roman City Tycoon,SimulaMaker,IARC,3+,https://ja.wikipedia.org/wiki/Nintendo_Switch%E3%81%AE%E3%82%B2%E3%83%BC%E3%83%A0%E3%82%BF%E3%82%A4%E3%83%88%E3%83%AB%E4%B8%80%E8%A6%A7_%282024%E5%B9%B4%29
2024-05-23,BEASTWATCH: Meat & Mayhem,Somnambulist Games,IARC,16+,https://ja.wikipedia.org/wiki/Nintendo_Switch%E3%81%AE%E3%82%B2%E3%83%BC%E3%83%A0%E3%82%BF%E3%82%A4%E3%83%88%E3%83%AB%E4%B8%80%E8%A6%A7_%282024%E5%B9%B4%29
2024-05-23,Wild Romance,Sticky Rice Games,IARC,16+,https://ja.wikipedia.org/wiki/Nintendo_Switch%E3%81%AE%E3%82%B2%E3%83%BC%E3%83%A0%E3%82%BF%E3%82%A4%E3%83%88%E3%83%AB%E4%B8%80%E8%A6%A7_%282024%E5%B9%B4%29
2024-05-23,Airplane Delivery Simulator 2024: Realistic Geographical,SUCCESS GAMES,IARC,3+,https://ja.wikipedia.org/wiki/Nintendo_Switch%E3%81%AE%E3%82%B2%E3%83%BC%E3%83%A0%E3%82%BF%E3%82%A4%E3%83%88%E3%83%AB%E4%B8%80%E8%A6%A7_%282024%E5%B9%B4%29
2024-05-23,ぬすんであそぼ!ドロボー幼稚園2,unCompany games,IARC,3+,https://ja.wikipedia.org/wiki/Nintendo_Switch%E3%81%AE%E3%82%B2%E3%83%BC%E3%83%A0%E3%82%BF%E3%82%A4%E3%83%88%E3%83%AB%E4%B8%80%E8%A6%A7_%282024%E5%B9%B4%29
2024-05-23,ピンチ50連発!!,ゲームスタジオ,IARC,7+,https://ja.wikipedia.org/wiki/Nintendo_Switch%E3%81%AE%E3%82%B2%E3%83%BC%E3%83%A0%E3%82%BF%E3%82%A4%E3%83%88%E3%83%AB%E4%B8%80%E8%A6%A7_%282024%E5%B9%B4%29
2024-05-23,恋色ぱれっと - Love Palette -,サイバーステップ,IARC,12+,https://ja.wikipedia.org/wiki/Nintendo_Switch%E3%81%AE%E3%82%B2%E3%83%BC%E3%83%A0%E3%82%BF%E3%82%A4%E3%83%88%E3%83%AB%E4%B8%80%E8%A6%A7_%282024%E5%B9%B4%29
2024-05-23,スライドパズル,サクセス,IARC,3+,https://ja.wikipedia.org/wiki/Nintendo_Switch%E3%81%AE%E3%82%B2%E3%83%BC%E3%83%A0%E3%82%BF%E3%82%A4%E3%83%88%E3%83%AB%E4%B8%80%E8%A6%A7_%282024%E5%B9%B4%29
2024-05-23,ぐるたん 中学英単語,メディアファイブ,CERO,教,https://ja.wikipedia.org/wiki/Nintendo_Switch%E3%81%AE%E3%82%B2%E3%83%BC%E3%83%A0%E3%82%BF%E3%82%A4%E3%83%88%E3%83%AB%E4%B8%80%E8%A6%A7_%282024%E5%B9%B4%29
2024-05-23,ぐるたん 高校英単語,不明,"","",https://ja.wikipedia.org/wiki/Nintendo_Switch%E3%81%AE%E3%82%B2%E3%83%BC%E3%83%A0%E3%82%BF%E3%82%A4%E3%83%88%E3%83%AB%E4%B8%80%E8%A6%A7_%282024%E5%B9%B4%29
2024-05-23,ぐるたん 大人の英単語,不明,"","",https://ja.wikipedia.org/wiki/Nintendo_Switch%E3%81%AE%E3%82%B2%E3%83%BC%E3%83%A0%E3%82%BF%E3%82%A4%E3%83%88%E3%83%AB%E4%B8%80%E8%A6%A7_%282024%E5%B9%B4%29
2024-05-23,In His Time,講談社,IARC,3+,https://ja.wikipedia.org/wiki/Nintendo_Switch%E3%81%AE%E3%82%B2%E3%83%BC%E3%83%A0%E3%82%BF%E3%82%A4%E3%83%88%E3%83%AB%E4%B8%80%E8%A6%A7_%282024%E5%B9%B4%29
2024-05-23,Hammerwatch,賈船,CERO,B,https://ja.wikipedia.org/wiki/Nintendo_Switch%E3%81%AE%E3%82%B2%E3%83%BC%E3%83%A0%E3%82%BF%E3%82%A4%E3%83%88%E3%83%AB%E4%B8%80%E8%A6%A7_%282024%E5%B9%B4%29
2024-05-24,NecroBouncer,Ravenage Games,IARC,7+,https://ja.wikipedia.org/wiki/Nintendo_Switch%E3%81%AE%E3%82%B2%E3%83%BC%E3%83%A0%E3%82%BF%E3%82%A4%E3%83%88%E3%83%AB%E4%B8%80%E8%A6%A7_%282024%E5%B9%B4%29
2024-05-24,Eternal Threads,Secret Mode,IARC,16+,https://ja.wikipedia.org/wiki/Nintendo_Switch%E3%81%AE%E3%82%B2%E3%83%BC%E3%83%A0%E3%82%BF%E3%82%A4%E3%83%88%E3%83%AB%E4%B8%80%E8%A6%A7_%282024%E5%B9%B4%29
2024-05-24,TP Bullet,ラタライカゲームス,IARC,7+,https://ja.wikipedia.org/wiki/Nintendo_Switch%E3%81%AE%E3%82%B2%E3%83%BC%E3%83%A0%E3%82%BF%E3%82%A4%E3%83%88%E3%83%AB%E4%B8%80%E8%A6%A7_%282024%E5%B9%B4%29
2024-05-30,Nine Nights - Martial Ci Lang Story,404 Games,IARC,12+,https://ja.wikipedia.org/wiki/Nintendo_Switch%E3%81%AE%E3%82%B2%E3%83%BC%E3%83%A0%E3%82%BF%E3%82%A4%E3%83%88%E3%83%AB%E4%B8%80%E8%A6%A7_%282024%E5%B9%B4%29
2024-05-30,Master Key,Achromi,IARC,3+,https://ja.wikipedia.org/wiki/Nintendo_Switch%E3%81%AE%E3%82%B2%E3%83%BC%E3%83%A0%E3%82%BF%E3%82%A4%E3%83%88%E3%83%AB%E4%B8%80%E8%A6%A7_%282024%E5%B9%B4%29
2024-05-30,料理DE脱出〜ニャン蔵&クマ吉の脱出ゲーム〜,AlignmentSharp,IARC,3+,https://ja.wikipedia.org/wiki/Nintendo_Switch%E3%81%AE%E3%82%B2%E3%83%BC%E3%83%A0%E3%82%BF%E3%82%A4%E3%83%88%E3%83%AB%E4%B8%80%E8%A6%A7_%282024%E5%B9%B4%29
2024-05-30,おさんぽひこにゃん,AMG GAMES,CERO,A,https://ja.wikipedia.org/wiki/Nintendo_Switch%E3%81%AE%E3%82%B2%E3%83%BC%E3%83%A0%E3%82%BF%E3%82%A4%E3%83%88%E3%83%AB%E4%B8%80%E8%A6%A7_%282024%E5%B9%B4%29
2024-05-30,Hentai Uni 2,Big Way,IARC,12+,https://ja.wikipedia.org/wiki/Nintendo_Switch%E3%81%AE%E3%82%B2%E3%83%BC%E3%83%A0%E3%82%BF%E3%82%A4%E3%83%88%E3%83%AB%E4%B8%80%E8%A6%A7_%282024%E5%B9%B4%29
2024-05-30,Ginger - The Tooth Fairy,Brainium Games,IARC,3+,https://ja.wikipedia.org/wiki/Nintendo_Switch%E3%81%AE%E3%82%B2%E3%83%BC%E3%83%A0%E3%82%BF%E3%82%A4%E3%83%88%E3%83%AB%E4%B8%80%E8%A6%A7_%282024%E5%B9%B4%29
2024-05-30,Return,Dead Unicorn,IARC,12+,https://ja.wikipedia.org/wiki/Nintendo_Switch%E3%81%AE%E3%82%B2%E3%83%BC%E3%83%A0%E3%82%BF%E3%82%A4%E3%83%88%E3%83%AB%E4%B8%80%E8%A6%A7_%282024%E5%B9%B4%29
2024-05-30,Capes,Daedalic Entertainment,IARC,16+,https://ja.wikipedia.org/wiki/Nintendo_Switch%E3%81%AE%E3%82%B2%E3%83%BC%E3%83%A0%E3%82%BF%E3%82%A4%E3%83%88%E3%83%AB%E4%B8%80%E8%A6%A7_%282024%E5%B9%B4%29
2024-05-30,テラーマンション,Domynyo,IARC,12+,https://ja.wikipedia.org/wiki/Nintendo_Switch%E3%81%AE%E3%82%B2%E3%83%BC%E3%83%A0%E3%82%BF%E3%82%A4%E3%83%88%E3%83%AB%E4%B8%80%E8%A6%A7_%282024%E5%B9%B4%29
2024-05-30,軒轅剣 閻黒の業火,eastasiasoft,IARC,16+,https://ja.wikipedia.org/wiki/Nintendo_Switch%E3%81%AE%E3%82%B2%E3%83%BC%E3%83%A0%E3%82%BF%E3%82%A4%E3%83%88%E3%83%AB%E4%B8%80%E8%A6%A7_%282024%E5%B9%B4%29
2024-05-30,Goliath Depot ゴリアテ・デポ,Flynn's Arcade,IARC,7+,https://ja.wikipedia.org/wiki/Nintendo_Switch%E3%81%AE%E3%82%B2%E3%83%BC%E3%83%A0%E3%82%BF%E3%82%A4%E3%83%88%E3%83%AB%E4%B8%80%E8%A6%A7_%282024%E5%B9%B4%29
2024-05-30,Dance of Death: Du Lac & Fey,Game Source Entertainment,IARC,16+,https://ja.wikipedia.org/wiki/Nintendo_Switch%E3%81%AE%E3%82%B2%E3%83%BC%E3%83%A0%E3%82%BF%E3%82%A4%E3%83%88%E3%83%AB%E4%B8%80%E8%A6%A7_%282024%E5%B9%B4%29
2024-05-30,FUR Squadron,Game Source Entertainment,IARC,3+,https://ja.wikipedia.org/wiki/Nintendo_Switch%E3%81%AE%E3%82%B2%E3%83%BC%E3%83%A0%E3%82%BF%E3%82%A4%E3%83%88%E3%83%AB%E4%B8%80%E8%A6%A7_%282024%E5%B9%B4%29
2024-05-30,弾丸ヒーロー,Happy Player,IARC,12+,https://ja.wikipedia.org/wiki/Nintendo_Switch%E3%81%AE%E3%82%B2%E3%83%BC%E3%83%A0%E3%82%BF%E3%82%A4%E3%83%88%E3%83%AB%E4%B8%80%E8%A6%A7_%282024%E5%B9%B4%29
2024-05-30,Summer Sports Games,Joindots,IARC,3+,https://ja.wikipedia.org/wiki/Nintendo_Switch%E3%81%AE%E3%82%B2%E3%83%BC%E3%83%A0%E3%82%BF%E3%82%A4%E3%83%88%E3%83%AB%E4%B8%80%E8%A6%A7_%282024%E5%B9%B4%29
2024-05-30,"Animal Farm Jigsaw Games for Toddlers, Babies and Kids",McPeppergames,IARC,3+,https://ja.wikipedia.org/wiki/Nintendo_Switch%E3%81%AE%E3%82%B2%E3%83%BC%E3%83%A0%E3%82%BF%E3%82%A4%E3%83%88%E3%83%AB%E4%B8%80%E8%A6%A7_%282024%E5%B9%B4%29
2024-05-30,"Early Learning Games for Kids, Toddlers & Babies",McPeppergames,IARC,3+,https://ja.wikipedia.org/wiki/Nintendo_Switch%E3%81%AE%E3%82%B2%E3%83%BC%E3%83%A0%E3%82%BF%E3%82%A4%E3%83%88%E3%83%AB%E4%B8%80%E8%A6%A7_%282024%E5%B9%B4%29
2024-05-30,Hentai Girls: Gorgeous Girlfriend,Pakotime,IARC,12+,https://ja.wikipedia.org/wiki/Nintendo_Switch%E3%81%AE%E3%82%B2%E3%83%BC%E3%83%A0%E3%82%BF%E3%82%A4%E3%83%88%E3%83%AB%E4%B8%80%E8%A6%A7_%282024%E5%B9%B4%29
2024-05-30,Jacob Jazz's Mezmeratu,Phantom Publishing,IARC,12+,https://ja.wikipedia.org/wiki/Nintendo_Switch%E3%81%AE%E3%82%B2%E3%83%BC%E3%83%A0%E3%82%BF%E3%82%A4%E3%83%88%E3%83%AB%E4%B8%80%E8%A6%A7_%282024%E5%B9%B4%29
2024-05-30,NINJA KAMUI: 忍・零號,Rainmaker Productions,IARC,12+,https://ja.wikipedia.org/wiki/Nintendo_Switch%E3%81%AE%E3%82%B2%E3%83%BC%E3%83%A0%E3%82%BF%E3%82%A4%E3%83%88%E3%83%AB%E4%B8%80%E8%A6%A7_%282024%E5%B9%B4%29
2024-05-30,猫とその子供,RAWRLAB Games,IARC,3+,https://ja.wikipedia.org/wiki/Nintendo_Switch%E3%81%AE%E3%82%B2%E3%83%BC%E3%83%A0%E3%82%BF%E3%82%A4%E3%83%88%E3%83%AB%E4%B8%80%E8%A6%A7_%282024%E5%B9%B4%29
2024-05-30,Hentai デート物語 ブラジル編,RedDeerGames,IARC,12+,https://ja.wikipedia.org/wiki/Nintendo_Switch%E3%81%AE%E3%82%B2%E3%83%BC%E3%83%A0%E3%82%BF%E3%82%A4%E3%83%88%E3%83%AB%E4%B8%80%E8%A6%A7_%282024%E5%B9%B4%29
2024-05-30,Cat Warrior,Sadi Makes Games,IARC,3+,https://ja.wikipedia.org/wiki/Nintendo_Switch%E3%81%AE%E3%82%B2%E3%83%BC%E3%83%A0%E3%82%BF%E3%82%A4%E3%83%88%E3%83%AB%E4%B8%80%E8%A6%A7_%282024%E5%B9%B4%29
2024-05-30,Jelly Battle,Silesia Games,IARC,3+,https://ja.wikipedia.org/wiki/Nintendo_Switch%E3%81%AE%E3%82%B2%E3%83%BC%E3%83%A0%E3%82%BF%E3%82%A4%E3%83%88%E3%83%AB%E4%B8%80%E8%A6%A7_%282024%E5%B9%B4%29
2024-05-30,Gran Carismo,SP Games,IARC,3+,https://ja.wikipedia.org/wiki/Nintendo_Switch%E3%81%AE%E3%82%B2%E3%83%BC%E3%83%A0%E3%82%BF%E3%82%A4%E3%83%88%E3%83%AB%E4%B8%80%E8%A6%A7_%282024%E5%B9%B4%29
2024-05-30,Stick to the Plan,SpaceJazz Games,IARC,3+,https://ja.wikipedia.org/wiki/Nintendo_Switch%E3%81%AE%E3%82%B2%E3%83%BC%E3%83%A0%E3%82%BF%E3%82%A4%E3%83%88%E3%83%AB%E4%B8%80%E8%A6%A7_%282024%E5%B9%B4%29
2024-05-30,O-VOID: Console Edition,TERNOX,IARC,3+,https://ja.wikipedia.org/wiki/Nintendo_Switch%E3%81%AE%E3%82%B2%E3%83%BC%E3%83%A0%E3%82%BF%E3%82%A4%E3%83%88%E3%83%AB%E4%B8%80%E8%A6%A7_%282024%E5%B9%B4%29
2024-05-30,Creek of Tears 仮面の館からの脱出－かんたんひまつぶしタップで謎解き脱出ゲーム－,TT,IARC,12+,https://ja.wikipedia.org/wiki/Nintendo_Switch%E3%81%AE%E3%82%B2%E3%83%BC%E3%83%A0%E3%82%BF%E3%82%A4%E3%83%88%E3%83%AB%E4%B8%80%E8%A6%A7_%282024%E5%B9%B4%29
2024-05-30,ピクロスS NAMCO LEGENDARY edition,ジュピター,IARC,3+,https://ja.wikipedia.org/wiki/Nintendo_Switch%E3%81%AE%E3%82%B2%E3%83%BC%E3%83%A0%E3%82%BF%E3%82%A4%E3%83%88%E3%83%AB%E4%B8%80%E8%A6%A7_%282024%E5%B9%B4%29
2024-05-30,オペレーションスコーピオン テイクダウン,トローゼ,IARC,16+,https://ja.wikipedia.org/wiki/Nintendo_Switch%E3%81%AE%E3%82%B2%E3%83%BC%E3%83%A0%E3%82%BF%E3%82%A4%E3%83%88%E3%83%AB%E4%B8%80%E8%A6%A7_%282024%E5%B9%B4%29
2024-05-31,定規バトル オンライン,SAT-BOX,IARC,3+,https://ja.wikipedia.org/wiki/Nintendo_Switch%E3%81%AE%E3%82%B2%E3%83%BC%E3%83%A0%E3%82%BF%E3%82%A4%E3%83%88%E3%83%AB%E4%B8%80%E8%A6%A7_%282024%E5%B9%B4%29
2024-05-31,Astor: Blade of the Monolith,Versus Evil,IARC,7+,https://ja.wikipedia.org/wiki/Nintendo_Switch%E3%81%AE%E3%82%B2%E3%83%BC%E3%83%A0%E3%82%BF%E3%82%A4%E3%83%88%E3%83%AB%E4%B8%80%E8%A6%A7_%282024%E5%B9%B4%29
2024-06-04,Downward Enhanced,Plug In Digital,IARC,7+,https://ja.wikipedia.org/wiki/Nintendo_Switch%E3%81%AE%E3%82%B2%E3%83%BC%E3%83%A0%E3%82%BF%E3%82%A4%E3%83%88%E3%83%AB%E4%B8%80%E8%A6%A7_%282024%E5%B9%B4%29
2024-06-04,スター・ウォーズ:銀河のハンター,Zynga,IARC,12+,https://ja.wikipedia.org/wiki/Nintendo_Switch%E3%81%AE%E3%82%B2%E3%83%BC%E3%83%A0%E3%82%BF%E3%82%A4%E3%83%88%E3%83%AB%E4%B8%80%E8%A6%A7_%282024%E5%B9%B4%29
2024-06-06,韓国鉄道 運転旅行 釜山金海軽鉄道編,14次元,IARC,3+,https://ja.wikipedia.org/wiki/Nintendo_Switch%E3%81%AE%E3%82%B2%E3%83%BC%E3%83%A0%E3%82%BF%E3%82%A4%E3%83%88%E3%83%AB%E4%B8%80%E8%A6%A7_%282024%E5%B9%B4%29
2024-06-06,Cat Pipes,Afil Games,IARC,3+,https://ja.wikipedia.org/wiki/Nintendo_Switch%E3%81%AE%E3%82%B2%E3%83%BC%E3%83%A0%E3%82%BF%E3%82%A4%E3%83%88%E3%83%AB%E4%B8%80%E8%A6%A7_%282024%E5%B9%B4%29
2024-06-06,Zombie Derby,Brinemedia,IARC,12+,https://ja.wikipedia.org/wiki/Nintendo_Switch%E3%81%AE%E3%82%B2%E3%83%BC%E3%83%A0%E3%82%BF%E3%82%A4%E3%83%88%E3%83%AB%E4%B8%80%E8%A6%A7_%282024%E5%B9%B4%29
2024-06-06,Fading Afternoon,CIRCLE Ent.,IARC,16+,https://ja.wikipedia.org/wiki/Nintendo_Switch%E3%81%AE%E3%82%B2%E3%83%BC%E3%83%A0%E3%82%BF%E3%82%A4%E3%83%88%E3%83%AB%E4%B8%80%E8%A6%A7_%282024%E5%B9%B4%29
2024-06-06,Mars Colonization Expedition: Survival Simulator,DEZVOLT GAMES,IARC,3+,https://ja.wikipedia.org/wiki/Nintendo_Switch%E3%81%AE%E3%82%B2%E3%83%BC%E3%83%A0%E3%82%BF%E3%82%A4%E3%83%88%E3%83%AB%E4%B8%80%E8%A6%A7_%282024%E5%B9%B4%29
2024-06-06,Ghost Teen Escape from Limbo,eastasiasoft,IARC,7+,https://ja.wikipedia.org/wiki/Nintendo_Switch%E3%81%AE%E3%82%B2%E3%83%BC%E3%83%A0%E3%82%BF%E3%82%A4%E3%83%88%E3%83%AB%E4%B8%80%E8%A6%A7_%282024%E5%B9%B4%29
2024-06-06,Ultra Mission,Elushis,IARC,3+,https://ja.wikipedia.org/wiki/Nintendo_Switch%E3%81%AE%E3%82%B2%E3%83%BC%E3%83%A0%E3%82%BF%E3%82%A4%E3%83%88%E3%83%AB%E4%B8%80%E8%A6%A7_%282024%E5%B9%B4%29
2024-06-06,ザフライングトラベラー ピースオブマインド,EpiXR Games,IARC,3+,https://ja.wikipedia.org/wiki/Nintendo_Switch%E3%81%AE%E3%82%B2%E3%83%BC%E3%83%A0%E3%82%BF%E3%82%A4%E3%83%88%E3%83%AB%E4%B8%80%E8%A6%A7_%282024%E5%B9%B4%29
2024-06-06,WAKUSEI,FULL STEAM STUDIOS,IARC,3+,https://ja.wikipedia.org/wiki/Nintendo_Switch%E3%81%AE%E3%82%B2%E3%83%BC%E3%83%A0%E3%82%BF%E3%82%A4%E3%83%88%E3%83%AB%E4%B8%80%E8%A6%A7_%282024%E5%B9%B4%29
2024-06-06,アインズソード2,Infinite Game,IARC,12+,https://ja.wikipedia.org/wiki/Nintendo_Switch%E3%81%AE%E3%82%B2%E3%83%BC%E3%83%A0%E3%82%BF%E3%82%A4%E3%83%88%E3%83%AB%E4%B8%80%E8%A6%A7_%282024%E5%B9%B4%29
2024-06-06,The Smurfs - Village Party,Microids,IARC,3+,https://ja.wikipedia.org/wiki/Nintendo_Switch%E3%81%AE%E3%82%B2%E3%83%BC%E3%83%A0%E3%82%BF%E3%82%A4%E3%83%88%E3%83%AB%E4%B8%80%E8%A6%A7_%282024%E5%B9%B4%29
2024-06-06,SkateCat,Nami Tentou,IARC,3+,https://ja.wikipedia.org/wiki/Nintendo_Switch%E3%81%AE%E3%82%B2%E3%83%BC%E3%83%A0%E3%82%BF%E3%82%A4%E3%83%88%E3%83%AB%E4%B8%80%E8%A6%A7_%282024%E5%B9%B4%29
2024-06-06,Hentai Girls: Racy Racer,Pakotime,IARC,12+,https://ja.wikipedia.org/wiki/Nintendo_Switch%E3%81%AE%E3%82%B2%E3%83%BC%E3%83%A0%E3%82%BF%E3%82%A4%E3%83%88%E3%83%AB%E4%B8%80%E8%A6%A7_%282024%E5%B9%B4%29
2024-06-06,レインボーダイヤモンド,PixNB Games,IARC,7+,https://ja.wikipedia.org/wiki/Nintendo_Switch%E3%81%AE%E3%82%B2%E3%83%BC%E3%83%A0%E3%82%BF%E3%82%A4%E3%83%88%E3%83%AB%E4%B8%80%E8%A6%A7_%282024%E5%B9%B4%29
2024-06-06,BMX Wild Run,RandomSpin Games,IARC,3+,https://ja.wikipedia.org/wiki/Nintendo_Switch%E3%81%AE%E3%82%B2%E3%83%BC%E3%83%A0%E3%82%BF%E3%82%A4%E3%83%88%E3%83%AB%E4%B8%80%E8%A6%A7_%282024%E5%B9%B4%29
2024-06-06,Cybercube,RandomSpin Games,IARC,3+,https://ja.wikipedia.org/wiki/Nintendo_Switch%E3%81%AE%E3%82%B2%E3%83%BC%E3%83%A0%E3%82%BF%E3%82%A4%E3%83%88%E3%83%AB%E4%B8%80%E8%A6%A7_%282024%E5%B9%B4%29
2024-06-06,ガラージュ GARAGE: Bad Dream Adventure,Sakuba Metal Works,IARC,12+,https://ja.wikipedia.org/wiki/Nintendo_Switch%E3%81%AE%E3%82%B2%E3%83%BC%E3%83%A0%E3%82%BF%E3%82%A4%E3%83%88%E3%83%AB%E4%B8%80%E8%A6%A7_%282024%E5%B9%B4%29
2024-06-06,シュビビンマン コレクション Vol.1,Shinyuden,IARC,7+,https://ja.wikipedia.org/wiki/Nintendo_Switch%E3%81%AE%E3%82%B2%E3%83%BC%E3%83%A0%E3%82%BF%E3%82%A4%E3%83%88%E3%83%AB%E4%B8%80%E8%A6%A7_%282024%E5%B9%B4%29
2024-06-06,Let Me Sleep,Silesia Games,IARC,7+,https://ja.wikipedia.org/wiki/Nintendo_Switch%E3%81%AE%E3%82%B2%E3%83%BC%E3%83%A0%E3%82%BF%E3%82%A4%E3%83%88%E3%83%AB%E4%B8%80%E8%A6%A7_%282024%E5%B9%B4%29
2024-06-06,Craft Archeology Simulator: Pyramid to Polar,SUCCESS GAMES,IARC,3+,https://ja.wikipedia.org/wiki/Nintendo_Switch%E3%81%AE%E3%82%B2%E3%83%BC%E3%83%A0%E3%82%BF%E3%82%A4%E3%83%88%E3%83%AB%E4%B8%80%E8%A6%A7_%282024%E5%B9%B4%29
2024-06-06,HighScore Anomaly Underground,SURPRISED HOTDOG,IARC,3+,https://ja.wikipedia.org/wiki/Nintendo_Switch%E3%81%AE%E3%82%B2%E3%83%BC%E3%83%A0%E3%82%BF%E3%82%A4%E3%83%88%E3%83%AB%E4%B8%80%E8%A6%A7_%282024%E5%B9%B4%29
2024-06-06,よしもと芸人2択でどっち!?,TT,IARC,3+,https://ja.wikipedia.org/wiki/Nintendo_Switch%E3%81%AE%E3%82%B2%E3%83%BC%E3%83%A0%E3%82%BF%E3%82%A4%E3%83%88%E3%83%AB%E4%B8%80%E8%A6%A7_%282024%E5%B9%B4%29
2024-06-06,ハーレムなんか望んでない! - Undesired Harem -,サイバーステップ,IARC,12+,https://ja.wikipedia.org/wiki/Nintendo_Switch%E3%81%AE%E3%82%B2%E3%83%BC%E3%83%A0%E3%82%BF%E3%82%A4%E3%83%88%E3%83%AB%E4%B8%80%E8%A6%A7_%282024%E5%B9%B4%29
2024-06-07,猫,GAME NACIONAL,IARC,3+,https://ja.wikipedia.org/wiki/Nintendo_Switch%E3%81%AE%E3%82%B2%E3%83%BC%E3%83%A0%E3%82%BF%E3%82%A4%E3%83%88%E3%83%AB%E4%B8%80%E8%A6%A7_%282024%E5%B9%B4%29
2024-06-07,バイク大好き!走り屋魂,Shinyuden,IARC,7+,https://ja.wikipedia.org/wiki/Nintendo_Switch%E3%81%AE%E3%82%B2%E3%83%BC%E3%83%A0%E3%82%BF%E3%82%A4%E3%83%88%E3%83%AB%E4%B8%80%E8%A6%A7_%282024%E5%B9%B4%29
2024-06-10,Kamaeru: カエルの楽園,Armor Games Studios,IARC,3+,https://ja.wikipedia.org/wiki/Nintendo_Switch%E3%81%AE%E3%82%B2%E3%83%BC%E3%83%A0%E3%82%BF%E3%82%A4%E3%83%88%E3%83%AB%E4%B8%80%E8%A6%A7_%282024%E5%B9%B4%29
2024-06-13,Neon Noir,404 Games,IARC,3+,https://ja.wikipedia.org/wiki/Nintendo_Switch%E3%81%AE%E3%82%B2%E3%83%BC%E3%83%A0%E3%82%BF%E3%82%A4%E3%83%88%E3%83%AB%E4%B8%80%E8%A6%A7_%282024%E5%B9%B4%29
2024-06-13,Anime vs Evil: Apocalypse,Axyos Games,IARC,16+,https://ja.wikipedia.org/wiki/Nintendo_Switch%E3%81%AE%E3%82%B2%E3%83%BC%E3%83%A0%E3%82%BF%E3%82%A4%E3%83%88%E3%83%AB%E4%B8%80%E8%A6%A7_%282024%E5%B9%B4%29
2024-06-13,Counter Force: Tactical Warfare,DEMENCI Games,IARC,16+,https://ja.wikipedia.org/wiki/Nintendo_Switch%E3%81%AE%E3%82%B2%E3%83%BC%E3%83%A0%E3%82%BF%E3%82%A4%E3%83%88%E3%83%AB%E4%B8%80%E8%A6%A7_%282024%E5%B9%B4%29
2024-06-13,Roxy Raccoon's Pinball Panic,eastasiasoft,IARC,7+,https://ja.wikipedia.org/wiki/Nintendo_Switch%E3%81%AE%E3%82%B2%E3%83%BC%E3%83%A0%E3%82%BF%E3%82%A4%E3%83%88%E3%83%AB%E4%B8%80%E8%A6%A7_%282024%E5%B9%B4%29
2024-06-13,ソーナー・ビート,eastasiasoft,IARC,3+,https://ja.wikipedia.org/wiki/Nintendo_Switch%E3%81%AE%E3%82%B2%E3%83%BC%E3%83%A0%E3%82%BF%E3%82%A4%E3%83%88%E3%83%AB%E4%B8%80%E8%A6%A7_%282024%E5%B9%B4%29
2024-06-13,浄化の道,Happy Player,IARC,3+,https://ja.wikipedia.org/wiki/Nintendo_Switch%E3%81%AE%E3%82%B2%E3%83%BC%E3%83%A0%E3%82%BF%E3%82%A4%E3%83%88%E3%83%AB%E4%B8%80%E8%A6%A7_%282024%E5%B9%B4%29
2024-06-13,勇気の推理 海苔6.5 勇気、旅立つ,HERO GAME,IARC,3+,https://ja.wikipedia.org/wiki/Nintendo_Switch%E3%81%AE%E3%82%B2%E3%83%BC%E3%83%A0%E3%82%BF%E3%82%A4%E3%83%88%E3%83%AB%E4%B8%80%E8%A6%A7_%282024%E5%B9%B4%29
2024-06-13,Railway Islands 2,Mens Sana Interactive,IARC,3+,https://ja.wikipedia.org/wiki/Nintendo_Switch%E3%81%AE%E3%82%B2%E3%83%BC%E3%83%A0%E3%82%BF%E3%82%A4%E3%83%88%E3%83%AB%E4%B8%80%E8%A6%A7_%282024%E5%B9%B4%29
2024-06-13,Grand Prix Racing Universal,Pix Arts,IARC,3+,https://ja.wikipedia.org/wiki/Nintendo_Switch%E3%81%AE%E3%82%B2%E3%83%BC%E3%83%A0%E3%82%BF%E3%82%A4%E3%83%88%E3%83%AB%E4%B8%80%E8%A6%A7_%282024%E5%B9%B4%29
2024-06-13,Willy's Wonderland - The Game,QUByte Interactive,IARC,16+,https://ja.wikipedia.org/wiki/Nintendo_Switch%E3%81%AE%E3%82%B2%E3%83%BC%E3%83%A0%E3%82%BF%E3%82%A4%E3%83%88%E3%83%AB%E4%B8%80%E8%A6%A7_%282024%E5%B9%B4%29
2024-06-13,フィット マイ ズー,RedDeerGames,IARC,3+,https://ja.wikipedia.org/wiki/Nintendo_Switch%E3%81%AE%E3%82%B2%E3%83%BC%E3%83%A0%E3%82%BF%E3%82%A4%E3%83%88%E3%83%AB%E4%B8%80%E8%A6%A7_%282024%E5%B9%B4%29
2024-06-13,Hidden Cats in Paris,Silesia Games,IARC,3+,https://ja.wikipedia.org/wiki/Nintendo_Switch%E3%81%AE%E3%82%B2%E3%83%BC%E3%83%A0%E3%82%BF%E3%82%A4%E3%83%88%E3%83%AB%E4%B8%80%E8%A6%A7_%282024%E5%B9%B4%29
2024-06-13,アグノスティック・オリジンズ,Singles Alliance,IARC,7+,https://ja.wikipedia.org/wiki/Nintendo_Switch%E3%81%AE%E3%82%B2%E3%83%BC%E3%83%A0%E3%82%BF%E3%82%A4%E3%83%88%E3%83%AB%E4%B8%80%E8%A6%A7_%282024%E5%B9%B4%29
2024-06-13,ネッド・マパグマハルの大冒険,Singles Alliance,IARC,3+,https://ja.wikipedia.org/wiki/Nintendo_Switch%E3%81%AE%E3%82%B2%E3%83%BC%E3%83%A0%E3%82%BF%E3%82%A4%E3%83%88%E3%83%AB%E4%B8%80%E8%A6%A7_%282024%E5%B9%B4%29
2024-06-13,Zoeti,SOFT SOURCE,CERO,A,https://ja.wikipedia.org/wiki/Nintendo_Switch%E3%81%AE%E3%82%B2%E3%83%BC%E3%83%A0%E3%82%BF%E3%82%A4%E3%83%88%E3%83%AB%E4%B8%80%E8%A6%A7_%282024%E5%B9%B4%29
2024-06-13,イボリング,Super Rare Games,IARC,7+,https://ja.wikipedia.org/wiki/Nintendo_Switch%E3%81%AE%E3%82%B2%E3%83%BC%E3%83%A0%E3%82%BF%E3%82%A4%E3%83%88%E3%83%AB%E4%B8%80%E8%A6%A7_%282024%E5%B9%B4%29
2024-06-13,Sociable Soccer 24,Tower Studios,IARC,3+,https://ja.wikipedia.org/wiki/Nintendo_Switch%E3%81%AE%E3%82%B2%E3%83%BC%E3%83%A0%E3%82%BF%E3%82%A4%E3%83%88%E3%83%AB%E4%B8%80%E8%A6%A7_%282024%E5%B9%B4%29
2024-06-13,Urban Trace: Parkour Simulator Pursuit,VRCFORGE STUDIOS,IARC,3+,https://ja.wikipedia.org/wiki/Nintendo_Switch%E3%81%AE%E3%82%B2%E3%83%BC%E3%83%A0%E3%82%BF%E3%82%A4%E3%83%88%E3%83%AB%E4%B8%80%E8%A6%A7_%282024%E5%B9%B4%29
2024-06-13,スペースインベーダー90,タイトー,CERO,A,https://ja.wikipedia.org/wiki/Nintendo_Switch%E3%81%AE%E3%82%B2%E3%83%BC%E3%83%A0%E3%82%BF%E3%82%A4%E3%83%88%E3%83%AB%E4%B8%80%E8%A6%A7_%282024%E5%B9%B4%29
2024-06-13,フルーツマウンテン,ビサイド,IARC,3+,https://ja.wikipedia.org/wiki/Nintendo_Switch%E3%81%AE%E3%82%B2%E3%83%BC%E3%83%A0%E3%82%BF%E3%82%A4%E3%83%88%E3%83%AB%E4%B8%80%E8%A6%A7_%282024%E5%B9%B4%29
2024-06-14,ようこそアルカナアカデミーへ!,ケムコ,CERO,B,https://ja.wikipedia.org/wiki/Nintendo_Switch%E3%81%AE%E3%82%B2%E3%83%BC%E3%83%A0%E3%82%BF%E3%82%A4%E3%83%88%E3%83%AB%E4%B8%80%E8%A6%A7_%282024%E5%B9%B4%29
2024-06-14,Froggy Bouncing Adventures,ラタライカゲームス,IARC,7+,https://ja.wikipedia.org/wiki/Nintendo_Switch%E3%81%AE%E3%82%B2%E3%83%BC%E3%83%A0%E3%82%BF%E3%82%A4%E3%83%88%E3%83%AB%E4%B8%80%E8%A6%A7_%282024%E5%B9%B4%29
2024-06-18,たき火のそばで (Fireside),Nordcurrent,IARC,3+,https://ja.wikipedia.org/wiki/Nintendo_Switch%E3%81%AE%E3%82%B2%E3%83%BC%E3%83%A0%E3%82%BF%E3%82%A4%E3%83%88%E3%83%AB%E4%B8%80%E8%A6%A7_%282024%E5%B9%B4%29
2024-06-19,＃BLUD,Humble Games,IARC,16+,https://ja.wikipedia.org/wiki/Nintendo_Switch%E3%81%AE%E3%82%B2%E3%83%BC%E3%83%A0%E3%82%BF%E3%82%A4%E3%83%88%E3%83%AB%E4%B8%80%E8%A6%A7_%282024%E5%B9%B4%29
2024-06-19,METAL SLUG ATTACK RELOADED,SNK,IARC,12+,https://ja.wikipedia.org/wiki/Nintendo_Switch%E3%81%AE%E3%82%B2%E3%83%BC%E3%83%A0%E3%82%BF%E3%82%A4%E3%83%88%E3%83%AB%E4%B8%80%E8%A6%A7_%282024%E5%B9%B4%29
2024-06-19,ぶっとバード,小学館,CERO,A,https://ja.wikipedia.org/wiki/Nintendo_Switch%E3%81%AE%E3%82%B2%E3%83%BC%E3%83%A0%E3%82%BF%E3%82%A4%E3%83%88%E3%83%AB%E4%B8%80%E8%A6%A7_%282024%E5%B9%B4%29
2024-06-20,Puzzle World: Funny Dogs,17Studio,IARC,3+,https://ja.wikipedia.org/wiki/Nintendo_Switch%E3%81%AE%E3%82%B2%E3%83%BC%E3%83%A0%E3%82%BF%E3%82%A4%E3%83%88%E3%83%AB%E4%B8%80%E8%A6%A7_%282024%E5%B9%B4%29
2024-06-20,Toilet Hero,17Studio,IARC,7+,https://ja.wikipedia.org/wiki/Nintendo_Switch%E3%81%AE%E3%82%B2%E3%83%BC%E3%83%A0%E3%82%BF%E3%82%A4%E3%83%88%E3%83%AB%E4%B8%80%E8%A6%A7_%282024%E5%B9%B4%29
2024-06-20,Everafter Falls,Akupara Games,IARC,7+,https://ja.wikipedia.org/wiki/Nintendo_Switch%E3%81%AE%E3%82%B2%E3%83%BC%E3%83%A0%E3%82%BF%E3%82%A4%E3%83%88%E3%83%AB%E4%B8%80%E8%A6%A7_%282024%E5%B9%B4%29
2024-06-20,Faces of Illusion: 双生のファントム,Artifex Mundi,IARC,12+,https://ja.wikipedia.org/wiki/Nintendo_Switch%E3%81%AE%E3%82%B2%E3%83%BC%E3%83%A0%E3%82%BF%E3%82%A4%E3%83%88%E3%83%AB%E4%B8%80%E8%A6%A7_%282024%E5%B9%B4%29
2024-06-20,動物園パズル,Asylum Square Interactive,IARC,3+,https://ja.wikipedia.org/wiki/Nintendo_Switch%E3%81%AE%E3%82%B2%E3%83%BC%E3%83%A0%E3%82%BF%E3%82%A4%E3%83%88%E3%83%AB%E4%B8%80%E8%A6%A7_%282024%E5%B9%B4%29
2024-06-20,Loco Parentis,Big Way,IARC,16+,https://ja.wikipedia.org/wiki/Nintendo_Switch%E3%81%AE%E3%82%B2%E3%83%BC%E3%83%A0%E3%82%BF%E3%82%A4%E3%83%88%E3%83%AB%E4%B8%80%E8%A6%A7_%282024%E5%B9%B4%29
2024-06-20,Grass Cutting Simulator: Lawn Mooving Care,DEZVOLT GAMES,IARC,3+,https://ja.wikipedia.org/wiki/Nintendo_Switch%E3%81%AE%E3%82%B2%E3%83%BC%E3%83%A0%E3%82%BF%E3%82%A4%E3%83%88%E3%83%AB%E4%B8%80%E8%A6%A7_%282024%E5%B9%B4%29
2024-06-20,Glyphs of Gitzan,eastasiasoft,IARC,7+,https://ja.wikipedia.org/wiki/Nintendo_Switch%E3%81%AE%E3%82%B2%E3%83%BC%E3%83%A0%E3%82%BF%E3%82%A4%E3%83%88%E3%83%AB%E4%B8%80%E8%A6%A7_%282024%E5%B9%B4%29
2024-06-20,錬金術の達人:オリジン,Error 300 Games,IARC,3+,https://ja.wikipedia.org/wiki/Nintendo_Switch%E3%81%AE%E3%82%B2%E3%83%BC%E3%83%A0%E3%82%BF%E3%82%A4%E3%83%88%E3%83%AB%E4%B8%80%E8%A6%A7_%282024%E5%B9%B4%29
2024-06-20,Garten of Banban,Feardemic,IARC,12+,https://ja.wikipedia.org/wiki/Nintendo_Switch%E3%81%AE%E3%82%B2%E3%83%BC%E3%83%A0%E3%82%BF%E3%82%A4%E3%83%88%E3%83%AB%E4%B8%80%E8%A6%A7_%282024%E5%B9%B4%29
2024-06-20,Garten of Banban 2,不明,"","",https://ja.wikipedia.org/wiki/Nintendo_Switch%E3%81%AE%E3%82%B2%E3%83%BC%E3%83%A0%E3%82%BF%E3%82%A4%E3%83%88%E3%83%AB%E4%B8%80%E8%A6%A7_%282024%E5%B9%B4%29
2024-06-20,Garten of Banban 3,不明,"","",https://ja.wikipedia.org/wiki/Nintendo_Switch%E3%81%AE%E3%82%B2%E3%83%BC%E3%83%A0%E3%82%BF%E3%82%A4%E3%83%88%E3%83%AB%E4%B8%80%E8%A6%A7_%282024%E5%B9%B4%29
2024-06-20,Garten of Banban 4,不明,"","",https://ja.wikipedia.org/wiki/Nintendo_Switch%E3%81%AE%E3%82%B2%E3%83%BC%E3%83%A0%E3%82%BF%E3%82%A4%E3%83%88%E3%83%AB%E4%B8%80%E8%A6%A7_%282024%E5%B9%B4%29
2024-06-20,Racine,Goblinz Studio,IARC,7+,https://ja.wikipedia.org/wiki/Nintendo_Switch%E3%81%AE%E3%82%B2%E3%83%BC%E3%83%A0%E3%82%BF%E3%82%A4%E3%83%88%E3%83%AB%E4%B8%80%E8%A6%A7_%282024%E5%B9%B4%29
2024-06-20,Greed 3: Old Enemies Returning,Joindots,IARC,12+,https://ja.wikipedia.org/wiki/Nintendo_Switch%E3%81%AE%E3%82%B2%E3%83%BC%E3%83%A0%E3%82%BF%E3%82%A4%E3%83%88%E3%83%AB%E4%B8%80%E8%A6%A7_%282024%E5%B9%B4%29
2024-06-20,DarkStar One,Kalypso Media Group,IARC,12+,https://ja.wikipedia.org/wiki/Nintendo_Switch%E3%81%AE%E3%82%B2%E3%83%BC%E3%83%A0%E3%82%BF%E3%82%A4%E3%83%88%E3%83%AB%E4%B8%80%E8%A6%A7_%282024%E5%B9%B4%29
2024-06-20,イロことば－4択クイズで美術芸術学習教養色彩感覚テスト－,MASK,IARC,3+,https://ja.wikipedia.org/wiki/Nintendo_Switch%E3%81%AE%E3%82%B2%E3%83%BC%E3%83%A0%E3%82%BF%E3%82%A4%E3%83%88%E3%83%AB%E4%B8%80%E8%A6%A7_%282024%E5%B9%B4%29
2024-06-20,Cave Digger 2,MeKiwi,IARC,16+,https://ja.wikipedia.org/wiki/Nintendo_Switch%E3%81%AE%E3%82%B2%E3%83%BC%E3%83%A0%E3%82%BF%E3%82%A4%E3%83%88%E3%83%AB%E4%B8%80%E8%A6%A7_%282024%E5%B9%B4%29
2024-06-20,Hentai Girls: Cat Cutie,Pakotime,IARC,12+,https://ja.wikipedia.org/wiki/Nintendo_Switch%E3%81%AE%E3%82%B2%E3%83%BC%E3%83%A0%E3%82%BF%E3%82%A4%E3%83%88%E3%83%AB%E4%B8%80%E8%A6%A7_%282024%E5%B9%B4%29
2024-06-20,Moonstone Island,Raw Fury,IARC,3+,https://ja.wikipedia.org/wiki/Nintendo_Switch%E3%81%AE%E3%82%B2%E3%83%BC%E3%83%A0%E3%82%BF%E3%82%A4%E3%83%88%E3%83%AB%E4%B8%80%E8%A6%A7_%282024%E5%B9%B4%29
2024-06-20,STEEL 作戦,RAWRLAB Games,IARC,3+,https://ja.wikipedia.org/wiki/Nintendo_Switch%E3%81%AE%E3%82%B2%E3%83%BC%E3%83%A0%E3%82%BF%E3%82%A4%E3%83%88%E3%83%AB%E4%B8%80%E8%A6%A7_%282024%E5%B9%B4%29
2024-06-20,ラブエリュシオン 〜女神たちの秘島〜,RedDeerGames,IARC,12+,https://ja.wikipedia.org/wiki/Nintendo_Switch%E3%81%AE%E3%82%B2%E3%83%BC%E3%83%A0%E3%82%BF%E3%82%A4%E3%83%88%E3%83%AB%E4%B8%80%E8%A6%A7_%282024%E5%B9%B4%29
2024-06-20,Speedway Turbo: Car Racing Challenge,VRCFORGE STUDIOS,IARC,3+,https://ja.wikipedia.org/wiki/Nintendo_Switch%E3%81%AE%E3%82%B2%E3%83%BC%E3%83%A0%E3%82%BF%E3%82%A4%E3%83%88%E3%83%AB%E4%B8%80%E8%A6%A7_%282024%E5%B9%B4%29
2024-06-20,スカーズ・オブ・マーズ,アクワイア,IARC,16+,https://ja.wikipedia.org/wiki/Nintendo_Switch%E3%81%AE%E3%82%B2%E3%83%BC%E3%83%A0%E3%82%BF%E3%82%A4%E3%83%88%E3%83%AB%E4%B8%80%E8%A6%A7_%282024%E5%B9%B4%29
2024-06-20,ピクセルワールド ユニティちゃん,ジーツープラス,IARC,3+,https://ja.wikipedia.org/wiki/Nintendo_Switch%E3%81%AE%E3%82%B2%E3%83%BC%E3%83%A0%E3%82%BF%E3%82%A4%E3%83%88%E3%83%AB%E4%B8%80%E8%A6%A7_%282024%E5%B9%B4%29
2024-06-20,スペースペンギンズ,ヒストリア,IARC,3+,https://ja.wikipedia.org/wiki/Nintendo_Switch%E3%81%AE%E3%82%B2%E3%83%BC%E3%83%A0%E3%82%BF%E3%82%A4%E3%83%88%E3%83%AB%E4%B8%80%E8%A6%A7_%282024%E5%B9%B4%29
2024-06-20,revive of the moon,レジスタ,CERO,C,https://ja.wikipedia.org/wiki/Nintendo_Switch%E3%81%AE%E3%82%B2%E3%83%BC%E3%83%A0%E3%82%BF%E3%82%A4%E3%83%88%E3%83%AB%E4%B8%80%E8%A6%A7_%282024%E5%B9%B4%29
2024-06-21,Dicefolk,Good Shepherd Entertainment,IARC,7+,https://ja.wikipedia.org/wiki/Nintendo_Switch%E3%81%AE%E3%82%B2%E3%83%BC%E3%83%A0%E3%82%BF%E3%82%A4%E3%83%88%E3%83%AB%E4%B8%80%E8%A6%A7_%282024%E5%B9%B4%29
2024-06-21,Pogo Stick Champion,ラタライカゲームス,IARC,7+,https://ja.wikipedia.org/wiki/Nintendo_Switch%E3%81%AE%E3%82%B2%E3%83%BC%E3%83%A0%E3%82%BF%E3%82%A4%E3%83%88%E3%83%AB%E4%B8%80%E8%A6%A7_%282024%E5%B9%B4%29
2024-06-25,ビヨンド グッド & イービル,ユービーアイソフト,CERO,B,https://ja.wikipedia.org/wiki/Nintendo_Switch%E3%81%AE%E3%82%B2%E3%83%BC%E3%83%A0%E3%82%BF%E3%82%A4%E3%83%88%E3%83%AB%E4%B8%80%E8%A6%A7_%282024%E5%B9%B4%29
2024-06-27,Climbing Over It with a Spear Only Up,404 Games,IARC,3+,https://ja.wikipedia.org/wiki/Nintendo_Switch%E3%81%AE%E3%82%B2%E3%83%BC%E3%83%A0%E3%82%BF%E3%82%A4%E3%83%88%E3%83%AB%E4%B8%80%E8%A6%A7_%282024%E5%B9%B4%29
2024-06-27,Luxor Evolved,Accelerate Games,IARC,3+,https://ja.wikipedia.org/wiki/Nintendo_Switch%E3%81%AE%E3%82%B2%E3%83%BC%E3%83%A0%E3%82%BF%E3%82%A4%E3%83%88%E3%83%AB%E4%B8%80%E8%A6%A7_%282024%E5%B9%B4%29
2024-06-27,ケープ君の脱出ゲーム 9部屋目,AlignmentSharp,IARC,3+,https://ja.wikipedia.org/wiki/Nintendo_Switch%E3%81%AE%E3%82%B2%E3%83%BC%E3%83%A0%E3%82%BF%E3%82%A4%E3%83%88%E3%83%AB%E4%B8%80%E8%A6%A7_%282024%E5%B9%B4%29
2024-06-27,Aqua Puzzle Adventures,Asylum Square Interactive,IARC,3+,https://ja.wikipedia.org/wiki/Nintendo_Switch%E3%81%AE%E3%82%B2%E3%83%BC%E3%83%A0%E3%82%BF%E3%82%A4%E3%83%88%E3%83%AB%E4%B8%80%E8%A6%A7_%282024%E5%B9%B4%29
2024-06-27,NeoSprint,Atari,IARC,3+,https://ja.wikipedia.org/wiki/Nintendo_Switch%E3%81%AE%E3%82%B2%E3%83%BC%E3%83%A0%E3%82%BF%E3%82%A4%E3%83%88%E3%83%AB%E4%B8%80%E8%A6%A7_%282024%E5%B9%B4%29
2024-06-27,Supermarket Simulation Grocery Empire 3D,Burlea Games Studio,IARC,3+,https://ja.wikipedia.org/wiki/Nintendo_Switch%E3%81%AE%E3%82%B2%E3%83%BC%E3%83%A0%E3%82%BF%E3%82%A4%E3%83%88%E3%83%AB%E4%B8%80%E8%A6%A7_%282024%E5%B9%B4%29
2024-06-27,のらねこものがたり2:お外は危ないよ,CFK,IARC,7+,https://ja.wikipedia.org/wiki/Nintendo_Switch%E3%81%AE%E3%82%B2%E3%83%BC%E3%83%A0%E3%82%BF%E3%82%A4%E3%83%88%E3%83%AB%E4%B8%80%E8%A6%A7_%282024%E5%B9%B4%29
2024-06-27,Conjured Through Death,CGI LAB,IARC,16+,https://ja.wikipedia.org/wiki/Nintendo_Switch%E3%81%AE%E3%82%B2%E3%83%BC%E3%83%A0%E3%82%BF%E3%82%A4%E3%83%88%E3%83%AB%E4%B8%80%E8%A6%A7_%282024%E5%B9%B4%29
2024-06-27,Echo Generation,Cococucumber,IARC,16+,https://ja.wikipedia.org/wiki/Nintendo_Switch%E3%81%AE%E3%82%B2%E3%83%BC%E3%83%A0%E3%82%BF%E3%82%A4%E3%83%88%E3%83%AB%E4%B8%80%E8%A6%A7_%282024%E5%B9%B4%29
2024-06-27,Wild West Tycoon Empire,DEMENCI Games,IARC,3+,https://ja.wikipedia.org/wiki/Nintendo_Switch%E3%81%AE%E3%82%B2%E3%83%BC%E3%83%A0%E3%82%BF%E3%82%A4%E3%83%88%E3%83%AB%E4%B8%80%E8%A6%A7_%282024%E5%B9%B4%29
2024-06-27,Good Guys,DillyFrame,IARC,16+,https://ja.wikipedia.org/wiki/Nintendo_Switch%E3%81%AE%E3%82%B2%E3%83%BC%E3%83%A0%E3%82%BF%E3%82%A4%E3%83%88%E3%83%AB%E4%B8%80%E8%A6%A7_%282024%E5%B9%B4%29
2024-06-27,Go Go Jump!!,eastasiasoft,IARC,3+,https://ja.wikipedia.org/wiki/Nintendo_Switch%E3%81%AE%E3%82%B2%E3%83%BC%E3%83%A0%E3%82%BF%E3%82%A4%E3%83%88%E3%83%AB%E4%B8%80%E8%A6%A7_%282024%E5%B9%B4%29
2024-06-27,The Alpha Wolf: ウルフシミュレーター,Halva Studio,IARC,12+,https://ja.wikipedia.org/wiki/Nintendo_Switch%E3%81%AE%E3%82%B2%E3%83%BC%E3%83%A0%E3%82%BF%E3%82%A4%E3%83%88%E3%83%AB%E4%B8%80%E8%A6%A7_%282024%E5%B9%B4%29
2024-06-27,Tchia,Kepler Interactive,IARC,12+,https://ja.wikipedia.org/wiki/Nintendo_Switch%E3%81%AE%E3%82%B2%E3%83%BC%E3%83%A0%E3%82%BF%E3%82%A4%E3%83%88%E3%83%AB%E4%B8%80%E8%A6%A7_%282024%E5%B9%B4%29
2024-06-27,VENARI - 脱出部屋の冒険,M9 Games,IARC,7+,https://ja.wikipedia.org/wiki/Nintendo_Switch%E3%81%AE%E3%82%B2%E3%83%BC%E3%83%A0%E3%82%BF%E3%82%A4%E3%83%88%E3%83%AB%E4%B8%80%E8%A6%A7_%282024%E5%B9%B4%29
2024-06-27,ピン留め3ヒントクイズ アレどこだ？－直感クイズで学習勉強脳トレ脳活教養ゲーム－,MASK,IARC,3+,https://ja.wikipedia.org/wiki/Nintendo_Switch%E3%81%AE%E3%82%B2%E3%83%BC%E3%83%A0%E3%82%BF%E3%82%A4%E3%83%88%E3%83%AB%E4%B8%80%E8%A6%A7_%282024%E5%B9%B4%29
2024-06-27,脳トレ!!数字さがし－数字をみつけて知育脳活トレーニング－,MASK,IARC,3+,https://ja.wikipedia.org/wiki/Nintendo_Switch%E3%81%AE%E3%82%B2%E3%83%BC%E3%83%A0%E3%82%BF%E3%82%A4%E3%83%88%E3%83%AB%E4%B8%80%E8%A6%A7_%282024%E5%B9%B4%29
2024-06-27,バンパーキティ,Max Interactive Studio,IARC,3+,https://ja.wikipedia.org/wiki/Nintendo_Switch%E3%81%AE%E3%82%B2%E3%83%BC%E3%83%A0%E3%82%BF%E3%82%A4%E3%83%88%E3%83%AB%E4%B8%80%E8%A6%A7_%282024%E5%B9%B4%29
2024-06-27,小さなスイカマッチ,Max Interactive Studio,IARC,3+,https://ja.wikipedia.org/wiki/Nintendo_Switch%E3%81%AE%E3%82%B2%E3%83%BC%E3%83%A0%E3%82%BF%E3%82%A4%E3%83%88%E3%83%AB%E4%B8%80%E8%A6%A7_%282024%E5%B9%B4%29
2024-06-27,34 Sports Games - World Edition,Maximum Entertainment,IARC,7+,https://ja.wikipedia.org/wiki/Nintendo_Switch%E3%81%AE%E3%82%B2%E3%83%BC%E3%83%A0%E3%82%BF%E3%82%A4%E3%83%88%E3%83%AB%E4%B8%80%E8%A6%A7_%282024%E5%B9%B4%29
2024-06-27,ボート・ドライバー シップ・パーキング・シミュレーター,Megame,IARC,3+,https://ja.wikipedia.org/wiki/Nintendo_Switch%E3%81%AE%E3%82%B2%E3%83%BC%E3%83%A0%E3%82%BF%E3%82%A4%E3%83%88%E3%83%AB%E4%B8%80%E8%A6%A7_%282024%E5%B9%B4%29
2024-06-27,ルーム・レノベーター ファーニチャー・デーコー・シミュレーター,Megame,IARC,3+,https://ja.wikipedia.org/wiki/Nintendo_Switch%E3%81%AE%E3%82%B2%E3%83%BC%E3%83%A0%E3%82%BF%E3%82%A4%E3%83%88%E3%83%AB%E4%B8%80%E8%A6%A7_%282024%E5%B9%B4%29
2024-06-27,ガンラウンズ,MoonGlass,IARC,7+,https://ja.wikipedia.org/wiki/Nintendo_Switch%E3%81%AE%E3%82%B2%E3%83%BC%E3%83%A0%E3%82%BF%E3%82%A4%E3%83%88%E3%83%AB%E4%B8%80%E8%A6%A7_%282024%E5%B9%B4%29
2024-06-27,バトルクラッシュ,NCSOFT,IARC,7+,https://ja.wikipedia.org/wiki/Nintendo_Switch%E3%81%AE%E3%82%B2%E3%83%BC%E3%83%A0%E3%82%BF%E3%82%A4%E3%83%88%E3%83%AB%E4%B8%80%E8%A6%A7_%282024%E5%B9%B4%29
2024-06-27,Sugoi Girls: Lovely Wife,Pakotime,IARC,12+,https://ja.wikipedia.org/wiki/Nintendo_Switch%E3%81%AE%E3%82%B2%E3%83%BC%E3%83%A0%E3%82%BF%E3%82%A4%E3%83%88%E3%83%AB%E4%B8%80%E8%A6%A7_%282024%E5%B9%B4%29
2024-06-27,Sneaky Rat,Penguin Pop Games,IARC,3+,https://ja.wikipedia.org/wiki/Nintendo_Switch%E3%81%AE%E3%82%B2%E3%83%BC%E3%83%A0%E3%82%BF%E3%82%A4%E3%83%88%E3%83%AB%E4%B8%80%E8%A6%A7_%282024%E5%B9%B4%29
2024-06-27,Air Sea Modern Conflict,Pix Arts,IARC,7+,https://ja.wikipedia.org/wiki/Nintendo_Switch%E3%81%AE%E3%82%B2%E3%83%BC%E3%83%A0%E3%82%BF%E3%82%A4%E3%83%88%E3%83%AB%E4%B8%80%E8%A6%A7_%282024%E5%B9%B4%29
2024-06-27,エコロコーション,PortalKey,IARC,3+,https://ja.wikipedia.org/wiki/Nintendo_Switch%E3%81%AE%E3%82%B2%E3%83%BC%E3%83%A0%E3%82%BF%E3%82%A4%E3%83%88%E3%83%AB%E4%B8%80%E8%A6%A7_%282024%E5%B9%B4%29
2024-06-27,FROGUE,QUByte Interactive,IARC,7+,https://ja.wikipedia.org/wiki/Nintendo_Switch%E3%81%AE%E3%82%B2%E3%83%BC%E3%83%A0%E3%82%BF%E3%82%A4%E3%83%88%E3%83%AB%E4%B8%80%E8%A6%A7_%282024%E5%B9%B4%29
2024-06-27,Difficult Climbing Game,RandomSpin Games,IARC,3+,https://ja.wikipedia.org/wiki/Nintendo_Switch%E3%81%AE%E3%82%B2%E3%83%BC%E3%83%A0%E3%82%BF%E3%82%A4%E3%83%88%E3%83%AB%E4%B8%80%E8%A6%A7_%282024%E5%B9%B4%29
2024-06-27,Hentai ソリティア,RedDeerGames,IARC,12+,https://ja.wikipedia.org/wiki/Nintendo_Switch%E3%81%AE%E3%82%B2%E3%83%BC%E3%83%A0%E3%82%BF%E3%82%A4%E3%83%88%E3%83%AB%E4%B8%80%E8%A6%A7_%282024%E5%B9%B4%29
2024-06-27,Offroad Masters: Motocross Races,Revulo Games,IARC,3+,https://ja.wikipedia.org/wiki/Nintendo_Switch%E3%81%AE%E3%82%B2%E3%83%BC%E3%83%A0%E3%82%BF%E3%82%A4%E3%83%88%E3%83%AB%E4%B8%80%E8%A6%A7_%282024%E5%B9%B4%29
2024-06-27,Whacking Hell!,Sanuk Games,IARC,3+,https://ja.wikipedia.org/wiki/Nintendo_Switch%E3%81%AE%E3%82%B2%E3%83%BC%E3%83%A0%E3%82%BF%E3%82%A4%E3%83%88%E3%83%AB%E4%B8%80%E8%A6%A7_%282024%E5%B9%B4%29
2024-06-27,作って!焼き鳥,SAT-BOX,IARC,3+,https://ja.wikipedia.org/wiki/Nintendo_Switch%E3%81%AE%E3%82%B2%E3%83%BC%E3%83%A0%E3%82%BF%E3%82%A4%E3%83%88%E3%83%AB%E4%B8%80%E8%A6%A7_%282024%E5%B9%B4%29
2024-06-27,コーチバスドライビングシミュレーター,SC Ovilex Soft,IARC,3+,https://ja.wikipedia.org/wiki/Nintendo_Switch%E3%81%AE%E3%82%B2%E3%83%BC%E3%83%A0%E3%82%BF%E3%82%A4%E3%83%88%E3%83%AB%E4%B8%80%E8%A6%A7_%282024%E5%B9%B4%29
2024-06-27,証拠隠滅屋 慟哭のマリオネット－完全犯罪作ります本格謎解き推理サスペンスゲーム－,TT,IARC,16+,https://ja.wikipedia.org/wiki/Nintendo_Switch%E3%81%AE%E3%82%B2%E3%83%BC%E3%83%A0%E3%82%BF%E3%82%A4%E3%83%88%E3%83%AB%E4%B8%80%E8%A6%A7_%282024%E5%B9%B4%29
2024-06-27,Yori's Journey: Forgotten Origins,VRCFORGE STUDIOS,IARC,3+,https://ja.wikipedia.org/wiki/Nintendo_Switch%E3%81%AE%E3%82%B2%E3%83%BC%E3%83%A0%E3%82%BF%E3%82%A4%E3%83%88%E3%83%AB%E4%B8%80%E8%A6%A7_%282024%E5%B9%B4%29
2024-06-27,Hole Theory,Webnetic,IARC,3+,https://ja.wikipedia.org/wiki/Nintendo_Switch%E3%81%AE%E3%82%B2%E3%83%BC%E3%83%A0%E3%82%BF%E3%82%A4%E3%83%88%E3%83%AB%E4%B8%80%E8%A6%A7_%282024%E5%B9%B4%29
2024-06-27,ネコノヤキュウ サイコロプロジェクト,イマジニア,IARC,12+,https://ja.wikipedia.org/wiki/Nintendo_Switch%E3%81%AE%E3%82%B2%E3%83%BC%E3%83%A0%E3%82%BF%E3%82%A4%E3%83%88%E3%83%AB%E4%B8%80%E8%A6%A7_%282024%E5%B9%B4%29
2024-06-27,お嬢様とぼっちくん 〜Lady & Lonely Boy〜,サイバーステップ,IARC,12+,https://ja.wikipedia.org/wiki/Nintendo_Switch%E3%81%AE%E3%82%B2%E3%83%BC%E3%83%A0%E3%82%BF%E3%82%A4%E3%83%88%E3%83%AB%E4%B8%80%E8%A6%A7_%282024%E5%B9%B4%29
2024-06-27,浮気リセット - Cheating Reset -,サイバーステップ,IARC,12+,https://ja.wikipedia.org/wiki/Nintendo_Switch%E3%81%AE%E3%82%B2%E3%83%BC%E3%83%A0%E3%82%BF%E3%82%A4%E3%83%88%E3%83%AB%E4%B8%80%E8%A6%A7_%282024%E5%B9%B4%29
2024-06-27,マージブロックパズル,サクセス,IARC,3+,https://ja.wikipedia.org/wiki/Nintendo_Switch%E3%81%AE%E3%82%B2%E3%83%BC%E3%83%A0%E3%82%BF%E3%82%A4%E3%83%88%E3%83%AB%E4%B8%80%E8%A6%A7_%282024%E5%B9%B4%29
2024-06-27,心を開く歌い方★リマスター版,ローズヴェルト,IARC,12+,https://ja.wikipedia.org/wiki/Nintendo_Switch%E3%81%AE%E3%82%B2%E3%83%BC%E3%83%A0%E3%82%BF%E3%82%A4%E3%83%88%E3%83%AB%E4%B8%80%E8%A6%A7_%282024%E5%B9%B4%29
2024-07-04,Editor's Hell - Newspaper Story,404 Games,IARC,3+,https://ja.wikipedia.org/wiki/Nintendo_Switch%E3%81%AE%E3%82%B2%E3%83%BC%E3%83%A0%E3%82%BF%E3%82%A4%E3%83%88%E3%83%AB%E4%B8%80%E8%A6%A7_%282024%E5%B9%B4%29
2024-07-04,MADiSON,Beep,CERO,D,https://ja.wikipedia.org/wiki/Nintendo_Switch%E3%81%AE%E3%82%B2%E3%83%BC%E3%83%A0%E3%82%BF%E3%82%A4%E3%83%88%E3%83%AB%E4%B8%80%E8%A6%A7_%282024%E5%B9%B4%29
2024-07-04,Bikini Beach: Anime Girls Assault,DEMENCI Games,IARC,12+,https://ja.wikipedia.org/wiki/Nintendo_Switch%E3%81%AE%E3%82%B2%E3%83%BC%E3%83%A0%E3%82%BF%E3%82%A4%E3%83%88%E3%83%AB%E4%B8%80%E8%A6%A7_%282024%E5%B9%B4%29
2024-07-04,Bouncy Chicken,eastasiasoft,IARC,3+,https://ja.wikipedia.org/wiki/Nintendo_Switch%E3%81%AE%E3%82%B2%E3%83%BC%E3%83%A0%E3%82%BF%E3%82%A4%E3%83%88%E3%83%AB%E4%B8%80%E8%A6%A7_%282024%E5%B9%B4%29
2024-07-04,Hot Blood,eastasiasoft,IARC,16+,https://ja.wikipedia.org/wiki/Nintendo_Switch%E3%81%AE%E3%82%B2%E3%83%BC%E3%83%A0%E3%82%BF%E3%82%A4%E3%83%88%E3%83%AB%E4%B8%80%E8%A6%A7_%282024%E5%B9%B4%29
2024-07-04,物探しの達人:ここは小さな恐竜がいない2,Error 300 Games,IARC,3+,https://ja.wikipedia.org/wiki/Nintendo_Switch%E3%81%AE%E3%82%B2%E3%83%BC%E3%83%A0%E3%82%BF%E3%82%A4%E3%83%88%E3%83%AB%E4%B8%80%E8%A6%A7_%282024%E5%B9%B4%29
2024-07-04,Mystery Detective Adventure,FIVE-BN STUDIO,IARC,12+,https://ja.wikipedia.org/wiki/Nintendo_Switch%E3%81%AE%E3%82%B2%E3%83%BC%E3%83%A0%E3%82%BF%E3%82%A4%E3%83%88%E3%83%AB%E4%B8%80%E8%A6%A7_%282024%E5%B9%B4%29
2024-07-04,ねこがほっこりした場所に隠れた: Cats Hidden in Cozy Places,Halva Studio,IARC,3+,https://ja.wikipedia.org/wiki/Nintendo_Switch%E3%81%AE%E3%82%B2%E3%83%BC%E3%83%A0%E3%82%BF%E3%82%A4%E3%83%88%E3%83%AB%E4%B8%80%E8%A6%A7_%282024%E5%B9%B4%29
2024-07-04,禁忌の試練,Happy Player,IARC,12+,https://ja.wikipedia.org/wiki/Nintendo_Switch%E3%81%AE%E3%82%B2%E3%83%BC%E3%83%A0%E3%82%BF%E3%82%A4%E3%83%88%E3%83%AB%E4%B8%80%E8%A6%A7_%282024%E5%B9%B4%29
2024-07-04,時計メーカー:僕のボンボン時計,kids room,IARC,3+,https://ja.wikipedia.org/wiki/Nintendo_Switch%E3%81%AE%E3%82%B2%E3%83%BC%E3%83%A0%E3%82%BF%E3%82%A4%E3%83%88%E3%83%AB%E4%B8%80%E8%A6%A7_%282024%E5%B9%B4%29
2024-07-04,おくだけスタディ 難読漢字－指一本で難読漢字かんたん勉強学習知育ゲーム－,MASK,IARC,3+,https://ja.wikipedia.org/wiki/Nintendo_Switch%E3%81%AE%E3%82%B2%E3%83%BC%E3%83%A0%E3%82%BF%E3%82%A4%E3%83%88%E3%83%AB%E4%B8%80%E8%A6%A7_%282024%E5%B9%B4%29
2024-07-04,お受験クイズmini 仲間分け－ゲームで楽しく知育勉強学習脳トレちえあそびクイズ－,MASK,IARC,3+,https://ja.wikipedia.org/wiki/Nintendo_Switch%E3%81%AE%E3%82%B2%E3%83%BC%E3%83%A0%E3%82%BF%E3%82%A4%E3%83%88%E3%83%AB%E4%B8%80%E8%A6%A7_%282024%E5%B9%B4%29
2024-07-04,くるくるパズルならべて戦国武将－ならべてかんたん日本の歴史学習雑学教養勉強ゲーム－,MASK,IARC,3+,https://ja.wikipedia.org/wiki/Nintendo_Switch%E3%81%AE%E3%82%B2%E3%83%BC%E3%83%A0%E3%82%BF%E3%82%A4%E3%83%88%E3%83%AB%E4%B8%80%E8%A6%A7_%282024%E5%B9%B4%29
2024-07-04,ほっこり脳トレ にゃんこ回転パズル－猫ねこ癒しのかんたんかわいい脳活アハ活パズル－,MASK,IARC,3+,https://ja.wikipedia.org/wiki/Nintendo_Switch%E3%81%AE%E3%82%B2%E3%83%BC%E3%83%A0%E3%82%BF%E3%82%A4%E3%83%88%E3%83%AB%E4%B8%80%E8%A6%A7_%282024%E5%B9%B4%29
2024-07-04,もっと知りたい平安時代－ゲームで楽しく日本史勉強学習教養豆知識雑学クイズ－,MASK,IARC,3+,https://ja.wikipedia.org/wiki/Nintendo_Switch%E3%81%AE%E3%82%B2%E3%83%BC%E3%83%A0%E3%82%BF%E3%82%A4%E3%83%88%E3%83%AB%E4%B8%80%E8%A6%A7_%282024%E5%B9%B4%29
2024-07-04,小学生のうちに覚えたい英熟語－遊んで学べる幼児向け英語勉強学習教養クイズ－,MASK,IARC,3+,https://ja.wikipedia.org/wiki/Nintendo_Switch%E3%81%AE%E3%82%B2%E3%83%BC%E3%83%A0%E3%82%BF%E3%82%A4%E3%83%88%E3%83%AB%E4%B8%80%E8%A6%A7_%282024%E5%B9%B4%29
2024-07-04,昭和の常識○×クイズ－2択でかんたん昭和の雑学教養豆知識学習テスト－,MASK,IARC,3+,https://ja.wikipedia.org/wiki/Nintendo_Switch%E3%81%AE%E3%82%B2%E3%83%BC%E3%83%A0%E3%82%BF%E3%82%A4%E3%83%88%E3%83%AB%E4%B8%80%E8%A6%A7_%282024%E5%B9%B4%29
2024-07-04,密室ミステリー 日常に隠された真実－謎解き推理事件サスペンスゲーム－,MASK,IARC,16+,https://ja.wikipedia.org/wiki/Nintendo_Switch%E3%81%AE%E3%82%B2%E3%83%BC%E3%83%A0%E3%82%BF%E3%82%A4%E3%83%88%E3%83%AB%E4%B8%80%E8%A6%A7_%282024%E5%B9%B4%29
2024-07-04,貪欲な蛇,Max Interactive Studio,IARC,3+,https://ja.wikipedia.org/wiki/Nintendo_Switch%E3%81%AE%E3%82%B2%E3%83%BC%E3%83%A0%E3%82%BF%E3%82%A4%E3%83%88%E3%83%AB%E4%B8%80%E8%A6%A7_%282024%E5%B9%B4%29
2024-07-04,アプヒル・ドライバー エクストリーム・レーシング・シミュレーター,Megame,IARC,3+,https://ja.wikipedia.org/wiki/Nintendo_Switch%E3%81%AE%E3%82%B2%E3%83%BC%E3%83%A0%E3%82%BF%E3%82%A4%E3%83%88%E3%83%AB%E4%B8%80%E8%A6%A7_%282024%E5%B9%B4%29
2024-07-04,エア・ホッキー キャジュアル・テーブル・アーケード,Megame,IARC,3+,https://ja.wikipedia.org/wiki/Nintendo_Switch%E3%81%AE%E3%82%B2%E3%83%BC%E3%83%A0%E3%82%BF%E3%82%A4%E3%83%88%E3%83%AB%E4%B8%80%E8%A6%A7_%282024%E5%B9%B4%29
2024-07-04,ミニ・ゴルフ・リーグ スポーツ・シミュレーター,Megame,IARC,3+,https://ja.wikipedia.org/wiki/Nintendo_Switch%E3%81%AE%E3%82%B2%E3%83%BC%E3%83%A0%E3%82%BF%E3%82%A4%E3%83%88%E3%83%AB%E4%B8%80%E8%A6%A7_%282024%E5%B9%B4%29
2024-07-04,Hentai Girls: Amazing America,Pakotime,IARC,12+,https://ja.wikipedia.org/wiki/Nintendo_Switch%E3%81%AE%E3%82%B2%E3%83%BC%E3%83%A0%E3%82%BF%E3%82%A4%E3%83%88%E3%83%AB%E4%B8%80%E8%A6%A7_%282024%E5%B9%B4%29
2024-07-04,Summer Games Beach Volley,Pix Arts,IARC,3+,https://ja.wikipedia.org/wiki/Nintendo_Switch%E3%81%AE%E3%82%B2%E3%83%BC%E3%83%A0%E3%82%BF%E3%82%A4%E3%83%88%E3%83%AB%E4%B8%80%E8%A6%A7_%282024%E5%B9%B4%29
2024-07-04,ネックブレイク,RedDeerGames,IARC,16+,https://ja.wikipedia.org/wiki/Nintendo_Switch%E3%81%AE%E3%82%B2%E3%83%BC%E3%83%A0%E3%82%BF%E3%82%A4%E3%83%88%E3%83%AB%E4%B8%80%E8%A6%A7_%282024%E5%B9%B4%29
2024-07-04,すくって!金魚すくい,SAT-BOX,IARC,3+,https://ja.wikipedia.org/wiki/Nintendo_Switch%E3%81%AE%E3%82%B2%E3%83%BC%E3%83%A0%E3%82%BF%E3%82%A4%E3%83%88%E3%83%AB%E4%B8%80%E8%A6%A7_%282024%E5%B9%B4%29
2024-07-04,Highway Zombie Survival - Car Apocalypse,SUCCESS GAMES,IARC,12+,https://ja.wikipedia.org/wiki/Nintendo_Switch%E3%81%AE%E3%82%B2%E3%83%BC%E3%83%A0%E3%82%BF%E3%82%A4%E3%83%88%E3%83%AB%E4%B8%80%E8%A6%A7_%282024%E5%B9%B4%29
2024-07-04,ハッペンランス,Triple Fault Games,IARC,7+,https://ja.wikipedia.org/wiki/Nintendo_Switch%E3%81%AE%E3%82%B2%E3%83%BC%E3%83%A0%E3%82%BF%E3%82%A4%E3%83%88%E3%83%AB%E4%B8%80%E8%A6%A7_%282024%E5%B9%B4%29
2024-07-04,River Tails: Stronger Together,グラビティゲームアライズ,IARC,3+,https://ja.wikipedia.org/wiki/Nintendo_Switch%E3%81%AE%E3%82%B2%E3%83%BC%E3%83%A0%E3%82%BF%E3%82%A4%E3%83%88%E3%83%AB%E4%B8%80%E8%A6%A7_%282024%E5%B9%B4%29
2024-07-04,レプリカ:サバイバー,わくわくゲームズ,IARC,3+,https://ja.wikipedia.org/wiki/Nintendo_Switch%E3%81%AE%E3%82%B2%E3%83%BC%E3%83%A0%E3%82%BF%E3%82%A4%E3%83%88%E3%83%AB%E4%B8%80%E8%A6%A7_%282024%E5%B9%B4%29
2024-07-05,私のバーチャルペット,GAME NACIONAL,IARC,3+,https://ja.wikipedia.org/wiki/Nintendo_Switch%E3%81%AE%E3%82%B2%E3%83%BC%E3%83%A0%E3%82%BF%E3%82%A4%E3%83%88%E3%83%AB%E4%B8%80%E8%A6%A7_%282024%E5%B9%B4%29
2024-07-05,改造町人シュビビンマン零,Shinyuden,IARC,7+,https://ja.wikipedia.org/wiki/Nintendo_Switch%E3%81%AE%E3%82%B2%E3%83%BC%E3%83%A0%E3%82%BF%E3%82%A4%E3%83%88%E3%83%AB%E4%B8%80%E8%A6%A7_%282024%E5%B9%B4%29
2024-07-05,みんなと街コロ,グランディング,IARC,3+,https://ja.wikipedia.org/wiki/Nintendo_Switch%E3%81%AE%E3%82%B2%E3%83%BC%E3%83%A0%E3%82%BF%E3%82%A4%E3%83%88%E3%83%AB%E4%B8%80%E8%A6%A7_%282024%E5%B9%B4%29
2024-07-11,Project Drift Japan Challenge,404 Games,IARC,3+,https://ja.wikipedia.org/wiki/Nintendo_Switch%E3%81%AE%E3%82%B2%E3%83%BC%E3%83%A0%E3%82%BF%E3%82%A4%E3%83%88%E3%83%AB%E4%B8%80%E8%A6%A7_%282024%E5%B9%B4%29
2024-07-11,Vacuum Ball,404 Games,IARC,3+,https://ja.wikipedia.org/wiki/Nintendo_Switch%E3%81%AE%E3%82%B2%E3%83%BC%E3%83%A0%E3%82%BF%E3%82%A4%E3%83%88%E3%83%AB%E4%B8%80%E8%A6%A7_%282024%E5%B9%B4%29
2024-07-11,HoneyLand,Afil Games,IARC,3+,https://ja.wikipedia.org/wiki/Nintendo_Switch%E3%81%AE%E3%82%B2%E3%83%BC%E3%83%A0%E3%82%BF%E3%82%A4%E3%83%88%E3%83%AB%E4%B8%80%E8%A6%A7_%282024%E5%B9%B4%29
2024-07-11,Primal Survivors,Afil Games,IARC,7+,https://ja.wikipedia.org/wiki/Nintendo_Switch%E3%81%AE%E3%82%B2%E3%83%BC%E3%83%A0%E3%82%BF%E3%82%A4%E3%83%88%E3%83%AB%E4%B8%80%E8%A6%A7_%282024%E5%B9%B4%29
2024-07-11,Puzzle Playground,Asylum Square Interactive,IARC,3+,https://ja.wikipedia.org/wiki/Nintendo_Switch%E3%81%AE%E3%82%B2%E3%83%BC%E3%83%A0%E3%82%BF%E3%82%A4%E3%83%88%E3%83%AB%E4%B8%80%E8%A6%A7_%282024%E5%B9%B4%29
2024-07-11,Terra Alia: The Language Discovery RPG,BoomBox,IARC,3+,https://ja.wikipedia.org/wiki/Nintendo_Switch%E3%81%AE%E3%82%B2%E3%83%BC%E3%83%A0%E3%82%BF%E3%82%A4%E3%83%88%E3%83%AB%E4%B8%80%E8%A6%A7_%282024%E5%B9%B4%29
2024-07-11,錬金術の達人:RPG,Error 300 Games,IARC,3+,https://ja.wikipedia.org/wiki/Nintendo_Switch%E3%81%AE%E3%82%B2%E3%83%BC%E3%83%A0%E3%82%BF%E3%82%A4%E3%83%88%E3%83%AB%E4%B8%80%E8%A6%A7_%282024%E5%B9%B4%29
2024-07-11,WEJAM,Interaction Ideas,IARC,3+,https://ja.wikipedia.org/wiki/Nintendo_Switch%E3%81%AE%E3%82%B2%E3%83%BC%E3%83%A0%E3%82%BF%E3%82%A4%E3%83%88%E3%83%AB%E4%B8%80%E8%A6%A7_%282024%E5%B9%B4%29
2024-07-11,Prune & Milo,JanduSoft,IARC,3+,https://ja.wikipedia.org/wiki/Nintendo_Switch%E3%81%AE%E3%82%B2%E3%83%BC%E3%83%A0%E3%82%BF%E3%82%A4%E3%83%88%E3%83%AB%E4%B8%80%E8%A6%A7_%282024%E5%B9%B4%29
2024-07-11,3D MiniGolf,Joindots,IARC,3+,https://ja.wikipedia.org/wiki/Nintendo_Switch%E3%81%AE%E3%82%B2%E3%83%BC%E3%83%A0%E3%82%BF%E3%82%A4%E3%83%88%E3%83%AB%E4%B8%80%E8%A6%A7_%282024%E5%B9%B4%29
2024-07-11,Winter Sports Games,Joindots,IARC,3+,https://ja.wikipedia.org/wiki/Nintendo_Switch%E3%81%AE%E3%82%B2%E3%83%BC%E3%83%A0%E3%82%BF%E3%82%A4%E3%83%88%E3%83%AB%E4%B8%80%E8%A6%A7_%282024%E5%B9%B4%29
2024-07-11,BLEACH Brave Souls,KLab,IARC,12+,https://ja.wikipedia.org/wiki/Nintendo_Switch%E3%81%AE%E3%82%B2%E3%83%BC%E3%83%A0%E3%82%BF%E3%82%A4%E3%83%88%E3%83%AB%E4%B8%80%E8%A6%A7_%282024%E5%B9%B4%29
2024-07-11,Moonshine Inc.,Klabater,IARC,16+,https://ja.wikipedia.org/wiki/Nintendo_Switch%E3%81%AE%E3%82%B2%E3%83%BC%E3%83%A0%E3%82%BF%E3%82%A4%E3%83%88%E3%83%AB%E4%B8%80%E8%A6%A7_%282024%E5%B9%B4%29
2024-07-11,OGRE TALE -鬼譚-,MAGES.,IARC,7+,https://ja.wikipedia.org/wiki/Nintendo_Switch%E3%81%AE%E3%82%B2%E3%83%BC%E3%83%A0%E3%82%BF%E3%82%A4%E3%83%88%E3%83%AB%E4%B8%80%E8%A6%A7_%282024%E5%B9%B4%29
2024-07-11,おくだけスタディ 国名漢字－指一本で難読漢字かんたん勉強学習教養ゲーム－,MASK,IARC,3+,https://ja.wikipedia.org/wiki/Nintendo_Switch%E3%81%AE%E3%82%B2%E3%83%BC%E3%83%A0%E3%82%BF%E3%82%A4%E3%83%88%E3%83%AB%E4%B8%80%E8%A6%A7_%282024%E5%B9%B4%29
2024-07-11,お受験クイズmini きせつカード－ゲームで楽しく知育勉強学習脳トレちえあそびクイズ－,MASK,IARC,3+,https://ja.wikipedia.org/wiki/Nintendo_Switch%E3%81%AE%E3%82%B2%E3%83%BC%E3%83%A0%E3%82%BF%E3%82%A4%E3%83%88%E3%83%AB%E4%B8%80%E8%A6%A7_%282024%E5%B9%B4%29
2024-07-11,くるくるパズル ならべて昭和クイズ－懐かし思い出し大人の脳トレくるくるかんたん脳活アハ活パズル－,MASK,IARC,3+,https://ja.wikipedia.org/wiki/Nintendo_Switch%E3%81%AE%E3%82%B2%E3%83%BC%E3%83%A0%E3%82%BF%E3%82%A4%E3%83%88%E3%83%AB%E4%B8%80%E8%A6%A7_%282024%E5%B9%B4%29
2024-07-11,くるくるパズルならべて動物クイズ－ならべてかんたんいきもの学習雑学教養勉強ゲーム－,MASK,IARC,3+,https://ja.wikipedia.org/wiki/Nintendo_Switch%E3%81%AE%E3%82%B2%E3%83%BC%E3%83%A0%E3%82%BF%E3%82%A4%E3%83%88%E3%83%AB%E4%B8%80%E8%A6%A7_%282024%E5%B9%B4%29
2024-07-11,もっと知りたい中世ヨーロッパ－ゲームで楽しく世界史発見雑学教養豆知識学習クイズ－,MASK,IARC,3+,https://ja.wikipedia.org/wiki/Nintendo_Switch%E3%81%AE%E3%82%B2%E3%83%BC%E3%83%A0%E3%82%BF%E3%82%A4%E3%83%88%E3%83%AB%E4%B8%80%E8%A6%A7_%282024%E5%B9%B4%29
2024-07-11,らくらく脳トレ 絵さがしトレジャーハント－遊んで鍛える脳活アハ活ちえあそびアイテム探し－,MASK,IARC,3+,https://ja.wikipedia.org/wiki/Nintendo_Switch%E3%81%AE%E3%82%B2%E3%83%BC%E3%83%A0%E3%82%BF%E3%82%A4%E3%83%88%E3%83%AB%E4%B8%80%E8%A6%A7_%282024%E5%B9%B4%29
2024-07-11,超難問！記憶力テスト 激ムズ瞬間記憶力向上トレーニングゲーム,MASK,IARC,3+,https://ja.wikipedia.org/wiki/Nintendo_Switch%E3%81%AE%E3%82%B2%E3%83%BC%E3%83%A0%E3%82%BF%E3%82%A4%E3%83%88%E3%83%AB%E4%B8%80%E8%A6%A7_%282024%E5%B9%B4%29
2024-07-11,ボールズ,Max Interactive Studio,IARC,3+,https://ja.wikipedia.org/wiki/Nintendo_Switch%E3%81%AE%E3%82%B2%E3%83%BC%E3%83%A0%E3%82%BF%E3%82%A4%E3%83%88%E3%83%AB%E4%B8%80%E8%A6%A7_%282024%E5%B9%B4%29
2024-07-11,ブロール・アリーナー アーケード・シューター,Megame,IARC,12+,https://ja.wikipedia.org/wiki/Nintendo_Switch%E3%81%AE%E3%82%B2%E3%83%BC%E3%83%A0%E3%82%BF%E3%82%A4%E3%83%88%E3%83%AB%E4%B8%80%E8%A6%A7_%282024%E5%B9%B4%29
2024-07-11,Shy Dogs Hidden Orchestra,Mens Sana Interactive,IARC,3+,https://ja.wikipedia.org/wiki/Nintendo_Switch%E3%81%AE%E3%82%B2%E3%83%BC%E3%83%A0%E3%82%BF%E3%82%A4%E3%83%88%E3%83%AB%E4%B8%80%E8%A6%A7_%282024%E5%B9%B4%29
2024-07-11,Sugoi Girls: Kinky Knight,Pakotime,IARC,12+,https://ja.wikipedia.org/wiki/Nintendo_Switch%E3%81%AE%E3%82%B2%E3%83%BC%E3%83%A0%E3%82%BF%E3%82%A4%E3%83%88%E3%83%AB%E4%B8%80%E8%A6%A7_%282024%E5%B9%B4%29
2024-07-11,Busway Islands - Puzzle,QUByte Interactive,IARC,3+,https://ja.wikipedia.org/wiki/Nintendo_Switch%E3%81%AE%E3%82%B2%E3%83%BC%E3%83%A0%E3%82%BF%E3%82%A4%E3%83%88%E3%83%AB%E4%B8%80%E8%A6%A7_%282024%E5%B9%B4%29
2024-07-11,AAAクロック ゴールド,RedDeerGames,IARC,3+,https://ja.wikipedia.org/wiki/Nintendo_Switch%E3%81%AE%E3%82%B2%E3%83%BC%E3%83%A0%E3%82%BF%E3%82%A4%E3%83%88%E3%83%AB%E4%B8%80%E8%A6%A7_%282024%E5%B9%B4%29
2024-07-11,DROS ドロス,RedDeerGames,IARC,3+,https://ja.wikipedia.org/wiki/Nintendo_Switch%E3%81%AE%E3%82%B2%E3%83%BC%E3%83%A0%E3%82%BF%E3%82%A4%E3%83%88%E3%83%AB%E4%B8%80%E8%A6%A7_%282024%E5%B9%B4%29
2024-07-11,ねらって!射的,SAT-BOX,IARC,3+,https://ja.wikipedia.org/wiki/Nintendo_Switch%E3%81%AE%E3%82%B2%E3%83%BC%E3%83%A0%E3%82%BF%E3%82%A4%E3%83%88%E3%83%AB%E4%B8%80%E8%A6%A7_%282024%E5%B9%B4%29
2024-07-11,Disaster Band,Toplitz Productions,IARC,3+,https://ja.wikipedia.org/wiki/Nintendo_Switch%E3%81%AE%E3%82%B2%E3%83%BC%E3%83%A0%E3%82%BF%E3%82%A4%E3%83%88%E3%83%AB%E4%B8%80%E8%A6%A7_%282024%E5%B9%B4%29
2024-07-11,わかる！学べる！中学校教科書テスト－3年間を総復習！基礎が身につく学習勉強対戦クイズ－,TT,IARC,3+,https://ja.wikipedia.org/wiki/Nintendo_Switch%E3%81%AE%E3%82%B2%E3%83%BC%E3%83%A0%E3%82%BF%E3%82%A4%E3%83%88%E3%83%AB%E4%B8%80%E8%A6%A7_%282024%E5%B9%B4%29
2024-07-11,知って得する常識語彙力クイズ－常識的な語彙力が身に付く国語漢字学習教養4択早押しクイズ－,TT,IARC,3+,https://ja.wikipedia.org/wiki/Nintendo_Switch%E3%81%AE%E3%82%B2%E3%83%BC%E3%83%A0%E3%82%BF%E3%82%A4%E3%83%88%E3%83%AB%E4%B8%80%E8%A6%A7_%282024%E5%B9%B4%29
2024-07-11,小学生でもわかる ひらめきIQテスト－遊んで鍛える脳活アハ活健脳知育ちえあそびクイズ－,TT,IARC,3+,https://ja.wikipedia.org/wiki/Nintendo_Switch%E3%81%AE%E3%82%B2%E3%83%BC%E3%83%A0%E3%82%BF%E3%82%A4%E3%83%88%E3%83%AB%E4%B8%80%E8%A6%A7_%282024%E5%B9%B4%29
2024-07-11,Let's Journey,Upscale Studio,IARC,3+,https://ja.wikipedia.org/wiki/Nintendo_Switch%E3%81%AE%E3%82%B2%E3%83%BC%E3%83%A0%E3%82%BF%E3%82%A4%E3%83%88%E3%83%AB%E4%B8%80%E8%A6%A7_%282024%E5%B9%B4%29
2024-07-11,Sunlight Scream,Valkyrie Initiative,IARC,16+,https://ja.wikipedia.org/wiki/Nintendo_Switch%E3%81%AE%E3%82%B2%E3%83%BC%E3%83%A0%E3%82%BF%E3%82%A4%E3%83%88%E3%83%AB%E4%B8%80%E8%A6%A7_%282024%E5%B9%B4%29
2024-07-11,Hookah Haze,アニプレックス,CERO,C,https://ja.wikipedia.org/wiki/Nintendo_Switch%E3%81%AE%E3%82%B2%E3%83%BC%E3%83%A0%E3%82%BF%E3%82%A4%E3%83%88%E3%83%AB%E4%B8%80%E8%A6%A7_%282024%E5%B9%B4%29
2024-07-11,ぬりえであそぼう プラレール,イマジニア,CERO,A,https://ja.wikipedia.org/wiki/Nintendo_Switch%E3%81%AE%E3%82%B2%E3%83%BC%E3%83%A0%E3%82%BF%E3%82%A4%E3%83%88%E3%83%AB%E4%B8%80%E8%A6%A7_%282024%E5%B9%B4%29
2024-07-11,アーバンウォーフェア アサルト,トローゼ,IARC,16+,https://ja.wikipedia.org/wiki/Nintendo_Switch%E3%81%AE%E3%82%B2%E3%83%BC%E3%83%A0%E3%82%BF%E3%82%A4%E3%83%88%E3%83%AB%E4%B8%80%E8%A6%A7_%282024%E5%B9%B4%29
2024-07-11,Gluck,わくわくゲームズ,IARC,3+,https://ja.wikipedia.org/wiki/Nintendo_Switch%E3%81%AE%E3%82%B2%E3%83%BC%E3%83%A0%E3%82%BF%E3%82%A4%E3%83%88%E3%83%AB%E4%B8%80%E8%A6%A7_%282024%E5%B9%B4%29
2024-07-12,siMarket Supermarket Simulator: シマーケット スーパーマーケット シミュレーター,Halva Studio,IARC,3+,https://ja.wikipedia.org/wiki/Nintendo_Switch%E3%81%AE%E3%82%B2%E3%83%BC%E3%83%A0%E3%82%BF%E3%82%A4%E3%83%88%E3%83%AB%E4%B8%80%E8%A6%A7_%282024%E5%B9%B4%29
2024-07-12,Deathchron,ラタライカゲームス,IARC,7+,https://ja.wikipedia.org/wiki/Nintendo_Switch%E3%81%AE%E3%82%B2%E3%83%BC%E3%83%A0%E3%82%BF%E3%82%A4%E3%83%88%E3%83%AB%E4%B8%80%E8%A6%A7_%282024%E5%B9%B4%29
2024-07-16,Darkest Dungeon II,Red Hook Studios,IARC,12+,https://ja.wikipedia.org/wiki/Nintendo_Switch%E3%81%AE%E3%82%B2%E3%83%BC%E3%83%A0%E3%82%BF%E3%82%A4%E3%83%88%E3%83%AB%E4%B8%80%E8%A6%A7_%282024%E5%B9%B4%29
2024-07-17,パワフルプロ野球 栄冠ナイン クロスロード,KONAMI,CERO,A,https://ja.wikipedia.org/wiki/Nintendo_Switch%E3%81%AE%E3%82%B2%E3%83%BC%E3%83%A0%E3%82%BF%E3%82%A4%E3%83%88%E3%83%AB%E4%B8%80%E8%A6%A7_%282024%E5%B9%B4%29
2024-07-18,Hentai Paradise Vol. 1,17Studio,IARC,12+,https://ja.wikipedia.org/wiki/Nintendo_Switch%E3%81%AE%E3%82%B2%E3%83%BC%E3%83%A0%E3%82%BF%E3%82%A4%E3%83%88%E3%83%AB%E4%B8%80%E8%A6%A7_%282024%E5%B9%B4%29
2024-07-18,A Lost Note,404 Games,IARC,3+,https://ja.wikipedia.org/wiki/Nintendo_Switch%E3%81%AE%E3%82%B2%E3%83%BC%E3%83%A0%E3%82%BF%E3%82%A4%E3%83%88%E3%83%AB%E4%B8%80%E8%A6%A7_%282024%E5%B9%B4%29
2024-07-18,Ninja Chowdown: Glaze of Glory,Abylight,IARC,3+,https://ja.wikipedia.org/wiki/Nintendo_Switch%E3%81%AE%E3%82%B2%E3%83%BC%E3%83%A0%E3%82%BF%E3%82%A4%E3%83%88%E3%83%AB%E4%B8%80%E8%A6%A7_%282024%E5%B9%B4%29
2024-07-18,Zombie Derby 2,Brinemedia,IARC,16+,https://ja.wikipedia.org/wiki/Nintendo_Switch%E3%81%AE%E3%82%B2%E3%83%BC%E3%83%A0%E3%82%BF%E3%82%A4%E3%83%88%E3%83%AB%E4%B8%80%E8%A6%A7_%282024%E5%B9%B4%29
2024-07-18,RPM - Road Punk Mayhem,eastasiasoft,IARC,7+,https://ja.wikipedia.org/wiki/Nintendo_Switch%E3%81%AE%E3%82%B2%E3%83%BC%E3%83%A0%E3%82%BF%E3%82%A4%E3%83%88%E3%83%AB%E4%B8%80%E8%A6%A7_%282024%E5%B9%B4%29
2024-07-18,Satryn サトリン DX,Flynn's Arcade,IARC,7+,https://ja.wikipedia.org/wiki/Nintendo_Switch%E3%81%AE%E3%82%B2%E3%83%BC%E3%83%A0%E3%82%BF%E3%82%A4%E3%83%88%E3%83%AB%E4%B8%80%E8%A6%A7_%282024%E5%B9%B4%29
2024-07-18,スリングパズル:ゴルフマスター,Happy Tube,IARC,3+,https://ja.wikipedia.org/wiki/Nintendo_Switch%E3%81%AE%E3%82%B2%E3%83%BC%E3%83%A0%E3%82%BF%E3%82%A4%E3%83%88%E3%83%AB%E4%B8%80%E8%A6%A7_%282024%E5%B9%B4%29
2024-07-18,勇気の推理 海苔7 新世界,HERO GAME,IARC,3+,https://ja.wikipedia.org/wiki/Nintendo_Switch%E3%81%AE%E3%82%B2%E3%83%BC%E3%83%A0%E3%82%BF%E3%82%A4%E3%83%88%E3%83%AB%E4%B8%80%E8%A6%A7_%282024%E5%B9%B4%29
2024-07-18,3D Billiards - Pool & Snooker,Joindots,IARC,3+,https://ja.wikipedia.org/wiki/Nintendo_Switch%E3%81%AE%E3%82%B2%E3%83%BC%E3%83%A0%E3%82%BF%E3%82%A4%E3%83%88%E3%83%AB%E4%B8%80%E8%A6%A7_%282024%E5%B9%B4%29
2024-07-18,Robin Hood: Shogun Samurai,MagicProStudio,IARC,7+,https://ja.wikipedia.org/wiki/Nintendo_Switch%E3%81%AE%E3%82%B2%E3%83%BC%E3%83%A0%E3%82%BF%E3%82%A4%E3%83%88%E3%83%AB%E4%B8%80%E8%A6%A7_%282024%E5%B9%B4%29
2024-07-18,おくだけスタディ 19×19まで暗算－指一本で19×19まで暗算できるかんたん勉強学習教養ゲーム－,MASK,IARC,3+,https://ja.wikipedia.org/wiki/Nintendo_Switch%E3%81%AE%E3%82%B2%E3%83%BC%E3%83%A0%E3%82%BF%E3%82%A4%E3%83%88%E3%83%AB%E4%B8%80%E8%A6%A7_%282024%E5%B9%B4%29
2024-07-18,ネコちゃんみっけ！－猫の1か所間違い探しで脳トレゲーム－,MASK,IARC,3+,https://ja.wikipedia.org/wiki/Nintendo_Switch%E3%81%AE%E3%82%B2%E3%83%BC%E3%83%A0%E3%82%BF%E3%82%A4%E3%83%88%E3%83%AB%E4%B8%80%E8%A6%A7_%282024%E5%B9%B4%29
2024-07-18,みんなと仲よくなれる言いかえ言葉－ゲームで楽しく語彙力学習雑学教養豆知識クイズ－,MASK,IARC,3+,https://ja.wikipedia.org/wiki/Nintendo_Switch%E3%81%AE%E3%82%B2%E3%83%BC%E3%83%A0%E3%82%BF%E3%82%A4%E3%83%88%E3%83%AB%E4%B8%80%E8%A6%A7_%282024%E5%B9%B4%29
2024-07-18,思考力を鍛える数学的論理クイズ－ゲームで楽しく思考力学習雑学教養豆知識クイズ－,MASK,IARC,3+,https://ja.wikipedia.org/wiki/Nintendo_Switch%E3%81%AE%E3%82%B2%E3%83%BC%E3%83%A0%E3%82%BF%E3%82%A4%E3%83%88%E3%83%AB%E4%B8%80%E8%A6%A7_%282024%E5%B9%B4%29
2024-07-18,脳を鍛える！おさかな写真で間違い探し－海うみ癒しの脳トレ脳活教養学習パズル－,MASK,IARC,3+,https://ja.wikipedia.org/wiki/Nintendo_Switch%E3%81%AE%E3%82%B2%E3%83%BC%E3%83%A0%E3%82%BF%E3%82%A4%E3%83%88%E3%83%AB%E4%B8%80%E8%A6%A7_%282024%E5%B9%B4%29
2024-07-18,脳を鍛える！ちびっこアニマル間違い探し－赤ちゃん動物癒しの脳トレ脳活教養学習パズル－,MASK,IARC,3+,https://ja.wikipedia.org/wiki/Nintendo_Switch%E3%81%AE%E3%82%B2%E3%83%BC%E3%83%A0%E3%82%BF%E3%82%A4%E3%83%88%E3%83%AB%E4%B8%80%E8%A6%A7_%282024%E5%B9%B4%29
2024-07-18,落下数値,Max Interactive Studio,IARC,3+,https://ja.wikipedia.org/wiki/Nintendo_Switch%E3%81%AE%E3%82%B2%E3%83%BC%E3%83%A0%E3%82%BF%E3%82%A4%E3%83%88%E3%83%AB%E4%B8%80%E8%A6%A7_%282024%E5%B9%B4%29
2024-07-18,カーゴー・マネージャー フォークリフト・シミュレーター,Megame,IARC,3+,https://ja.wikipedia.org/wiki/Nintendo_Switch%E3%81%AE%E3%82%B2%E3%83%BC%E3%83%A0%E3%82%BF%E3%82%A4%E3%83%88%E3%83%AB%E4%B8%80%E8%A6%A7_%282024%E5%B9%B4%29
2024-07-18,バクルーム・エスケープ ラビリンス・ホラー,Megame,IARC,12+,https://ja.wikipedia.org/wiki/Nintendo_Switch%E3%81%AE%E3%82%B2%E3%83%BC%E3%83%A0%E3%82%BF%E3%82%A4%E3%83%88%E3%83%AB%E4%B8%80%E8%A6%A7_%282024%E5%B9%B4%29
2024-07-18,4 The Elements,Mito Games,IARC,3+,https://ja.wikipedia.org/wiki/Nintendo_Switch%E3%81%AE%E3%82%B2%E3%83%BC%E3%83%A0%E3%82%BF%E3%82%A4%E3%83%88%E3%83%AB%E4%B8%80%E8%A6%A7_%282024%E5%B9%B4%29
2024-07-18,フュエルド・アップ,No Gravity Games,IARC,3+,https://ja.wikipedia.org/wiki/Nintendo_Switch%E3%81%AE%E3%82%B2%E3%83%BC%E3%83%A0%E3%82%BF%E3%82%A4%E3%83%88%E3%83%AB%E4%B8%80%E8%A6%A7_%282024%E5%B9%B4%29
2024-07-18,レッツ・ビルド・ア・ズー,No More Robots,IARC,7+,https://ja.wikipedia.org/wiki/Nintendo_Switch%E3%81%AE%E3%82%B2%E3%83%BC%E3%83%A0%E3%82%BF%E3%82%A4%E3%83%88%E3%83%AB%E4%B8%80%E8%A6%A7_%282024%E5%B9%B4%29
2024-07-18,Hentai Girls: Summer Sweetie,Pakotime,IARC,12+,https://ja.wikipedia.org/wiki/Nintendo_Switch%E3%81%AE%E3%82%B2%E3%83%BC%E3%83%A0%E3%82%BF%E3%82%A4%E3%83%88%E3%83%AB%E4%B8%80%E8%A6%A7_%282024%E5%B9%B4%29
2024-07-18,Epyxローグ,Pixel Games UK,IARC,3+,https://ja.wikipedia.org/wiki/Nintendo_Switch%E3%81%AE%E3%82%B2%E3%83%BC%E3%83%A0%E3%82%BF%E3%82%A4%E3%83%88%E3%83%AB%E4%B8%80%E8%A6%A7_%282024%E5%B9%B4%29
2024-07-18,Let's School,PM Studios,IARC,3+,https://ja.wikipedia.org/wiki/Nintendo_Switch%E3%81%AE%E3%82%B2%E3%83%BC%E3%83%A0%E3%82%BF%E3%82%A4%E3%83%88%E3%83%AB%E4%B8%80%E8%A6%A7_%282024%E5%B9%B4%29
2024-07-18,Traffic Race 3D 2,Pretty Fly Games,IARC,3+,https://ja.wikipedia.org/wiki/Nintendo_Switch%E3%81%AE%E3%82%B2%E3%83%BC%E3%83%A0%E3%82%BF%E3%82%A4%E3%83%88%E3%83%AB%E4%B8%80%E8%A6%A7_%282024%E5%B9%B4%29
2024-07-18,Music Box,RedDeerGames,IARC,3+,https://ja.wikipedia.org/wiki/Nintendo_Switch%E3%81%AE%E3%82%B2%E3%83%BC%E3%83%A0%E3%82%BF%E3%82%A4%E3%83%88%E3%83%AB%E4%B8%80%E8%A6%A7_%282024%E5%B9%B4%29
2024-07-18,nPool,RedDeerGames,IARC,3+,https://ja.wikipedia.org/wiki/Nintendo_Switch%E3%81%AE%E3%82%B2%E3%83%BC%E3%83%A0%E3%82%BF%E3%82%A4%E3%83%88%E3%83%AB%E4%B8%80%E8%A6%A7_%282024%E5%B9%B4%29
2024-07-18,Basketball Slum Dunk 2024,SimulaMaker,IARC,3+,https://ja.wikipedia.org/wiki/Nintendo_Switch%E3%81%AE%E3%82%B2%E3%83%BC%E3%83%A0%E3%82%BF%E3%82%A4%E3%83%88%E3%83%AB%E4%B8%80%E8%A6%A7_%282024%E5%B9%B4%29
2024-07-18,Shogun Samurai Tycoon,SimulaMaker,IARC,7+,https://ja.wikipedia.org/wiki/Nintendo_Switch%E3%81%AE%E3%82%B2%E3%83%BC%E3%83%A0%E3%82%BF%E3%82%A4%E3%83%88%E3%83%AB%E4%B8%80%E8%A6%A7_%282024%E5%B9%B4%29
2024-07-18,Teenage Mutant Ninja Turtles スプリンターの運命,Super Evil Megacorp,IARC,7+,https://ja.wikipedia.org/wiki/Nintendo_Switch%E3%81%AE%E3%82%B2%E3%83%BC%E3%83%A0%E3%82%BF%E3%82%A4%E3%83%88%E3%83%AB%E4%B8%80%E8%A6%A7_%282024%E5%B9%B4%29
2024-07-18,The Gravity Trickster,Szilard Papp,IARC,3+,https://ja.wikipedia.org/wiki/Nintendo_Switch%E3%81%AE%E3%82%B2%E3%83%BC%E3%83%A0%E3%82%BF%E3%82%A4%E3%83%88%E3%83%AB%E4%B8%80%E8%A6%A7_%282024%E5%B9%B4%29
2024-07-18,Spy Guy Animals Junior,Trefl S.A,IARC,3+,https://ja.wikipedia.org/wiki/Nintendo_Switch%E3%81%AE%E3%82%B2%E3%83%BC%E3%83%A0%E3%82%BF%E3%82%A4%E3%83%88%E3%83%AB%E4%B8%80%E8%A6%A7_%282024%E5%B9%B4%29
2024-07-18,Racing Car Chaos: Extreme Stunt Showdown,VRCFORGE STUDIOS,IARC,3+,https://ja.wikipedia.org/wiki/Nintendo_Switch%E3%81%AE%E3%82%B2%E3%83%BC%E3%83%A0%E3%82%BF%E3%82%A4%E3%83%88%E3%83%AB%E4%B8%80%E8%A6%A7_%282024%E5%B9%B4%29
2024-07-18,リターン・トゥ・アビス,Wingjoy Games,IARC,7+,https://ja.wikipedia.org/wiki/Nintendo_Switch%E3%81%AE%E3%82%B2%E3%83%BC%E3%83%A0%E3%82%BF%E3%82%A4%E3%83%88%E3%83%AB%E4%B8%80%E8%A6%A7_%282024%E5%B9%B4%29
2024-07-18,Deliver Us The Moon,Wired Productions,IARC,12+,https://ja.wikipedia.org/wiki/Nintendo_Switch%E3%81%AE%E3%82%B2%E3%83%BC%E3%83%A0%E3%82%BF%E3%82%A4%E3%83%88%E3%83%AB%E4%B8%80%E8%A6%A7_%282024%E5%B9%B4%29
2024-07-18,どこかで見た“あのゲー”ムたちを棒人間で作ってみたけれど、果たしてあなたはクリアできるのか?2,ディースリー・パブリッシャー,CERO,A,https://ja.wikipedia.org/wiki/Nintendo_Switch%E3%81%AE%E3%82%B2%E3%83%BC%E3%83%A0%E3%82%BF%E3%82%A4%E3%83%88%E3%83%AB%E4%B8%80%E8%A6%A7_%282024%E5%B9%B4%29
2024-07-18,ポイポイ!恐竜パニック,トムクリエイト,CERO,A,https://ja.wikipedia.org/wiki/Nintendo_Switch%E3%81%AE%E3%82%B2%E3%83%BC%E3%83%A0%E3%82%BF%E3%82%A4%E3%83%88%E3%83%AB%E4%B8%80%E8%A6%A7_%282024%E5%B9%B4%29
2024-07-18,うまい棒が食べたい!,養鶏場,IARC,3+,https://ja.wikipedia.org/wiki/Nintendo_Switch%E3%81%AE%E3%82%B2%E3%83%BC%E3%83%A0%E3%82%BF%E3%82%A4%E3%83%88%E3%83%AB%E4%B8%80%E8%A6%A7_%282024%E5%B9%B4%29
2024-07-19,エンシェントファンタズマ,ケムコ,CERO,B,https://ja.wikipedia.org/wiki/Nintendo_Switch%E3%81%AE%E3%82%B2%E3%83%BC%E3%83%A0%E3%82%BF%E3%82%A4%E3%83%88%E3%83%AB%E4%B8%80%E8%A6%A7_%282024%E5%B9%B4%29
2024-07-19,Frogurai,ラタライカゲームス,IARC,7+,https://ja.wikipedia.org/wiki/Nintendo_Switch%E3%81%AE%E3%82%B2%E3%83%BC%E3%83%A0%E3%82%BF%E3%82%A4%E3%83%88%E3%83%AB%E4%B8%80%E8%A6%A7_%282024%E5%B9%B4%29
2024-07-22,SNK VS. CAPCOM SVC CHAOS,SNK,CERO,B,https://ja.wikipedia.org/wiki/Nintendo_Switch%E3%81%AE%E3%82%B2%E3%83%BC%E3%83%A0%E3%82%BF%E3%82%A4%E3%83%88%E3%83%AB%E4%B8%80%E8%A6%A7_%282024%E5%B9%B4%29
2024-07-22,New 電波人間のRPG FREE!,ジニアス・ソノリティ,IARC,3+,https://ja.wikipedia.org/wiki/Nintendo_Switch%E3%81%AE%E3%82%B2%E3%83%BC%E3%83%A0%E3%82%BF%E3%82%A4%E3%83%88%E3%83%AB%E4%B8%80%E8%A6%A7_%282024%E5%B9%B4%29
2024-07-23,The Star Named EOS 〜未明の軌跡へ〜,PLAYISM,IARC,3+,https://ja.wikipedia.org/wiki/Nintendo_Switch%E3%81%AE%E3%82%B2%E3%83%BC%E3%83%A0%E3%82%BF%E3%82%A4%E3%83%88%E3%83%AB%E4%B8%80%E8%A6%A7_%282024%E5%B9%B4%29
2024-07-23,CONSCRIPT,Team17,CERO,D,https://ja.wikipedia.org/wiki/Nintendo_Switch%E3%81%AE%E3%82%B2%E3%83%BC%E3%83%A0%E3%82%BF%E3%82%A4%E3%83%88%E3%83%AB%E4%B8%80%E8%A6%A7_%282024%E5%B9%B4%29
2024-07-24,ニンジャスレイヤー ネオサイタマ炎上,KADOKAWA,IARC,12+,https://ja.wikipedia.org/wiki/Nintendo_Switch%E3%81%AE%E3%82%B2%E3%83%BC%E3%83%A0%E3%82%BF%E3%82%A4%E3%83%88%E3%83%AB%E4%B8%80%E8%A6%A7_%282024%E5%B9%B4%29
2024-07-25,HELLPIT 3D PLATFORMER,404 Games,IARC,3+,https://ja.wikipedia.org/wiki/Nintendo_Switch%E3%81%AE%E3%82%B2%E3%83%BC%E3%83%A0%E3%82%BF%E3%82%A4%E3%83%88%E3%83%AB%E4%B8%80%E8%A6%A7_%282024%E5%B9%B4%29
2024-07-25,Little Army,404 Games,IARC,7+,https://ja.wikipedia.org/wiki/Nintendo_Switch%E3%81%AE%E3%82%B2%E3%83%BC%E3%83%A0%E3%82%BF%E3%82%A4%E3%83%88%E3%83%AB%E4%B8%80%E8%A6%A7_%282024%E5%B9%B4%29
2024-07-25,Agent Walker: 秘密の旅路,Artifex Mundi,IARC,12+,https://ja.wikipedia.org/wiki/Nintendo_Switch%E3%81%AE%E3%82%B2%E3%83%BC%E3%83%A0%E3%82%BF%E3%82%A4%E3%83%88%E3%83%AB%E4%B8%80%E8%A6%A7_%282024%E5%B9%B4%29
2024-07-25,Lovely Crush,Big Way,IARC,12+,https://ja.wikipedia.org/wiki/Nintendo_Switch%E3%81%AE%E3%82%B2%E3%83%BC%E3%83%A0%E3%82%BF%E3%82%A4%E3%83%88%E3%83%AB%E4%B8%80%E8%A6%A7_%282024%E5%B9%B4%29
2024-07-25,Auto Empire: Dealer Car Simulator,Burlea Games Studio,IARC,3+,https://ja.wikipedia.org/wiki/Nintendo_Switch%E3%81%AE%E3%82%B2%E3%83%BC%E3%83%A0%E3%82%BF%E3%82%A4%E3%83%88%E3%83%AB%E4%B8%80%E8%A6%A7_%282024%E5%B9%B4%29
2024-07-25,疲労した人,Candleman Games,IARC,7+,https://ja.wikipedia.org/wiki/Nintendo_Switch%E3%81%AE%E3%82%B2%E3%83%BC%E3%83%A0%E3%82%BF%E3%82%A4%E3%83%88%E3%83%AB%E4%B8%80%E8%A6%A7_%282024%E5%B9%B4%29
2024-07-25,SOME SOME コンビニエンスストア,CFK,CERO,C,https://ja.wikipedia.org/wiki/Nintendo_Switch%E3%81%AE%E3%82%B2%E3%83%BC%E3%83%A0%E3%82%BF%E3%82%A4%E3%83%88%E3%83%AB%E4%B8%80%E8%A6%A7_%282024%E5%B9%B4%29
2024-07-25,Monument: Invasion,D-Games,IARC,12+,https://ja.wikipedia.org/wiki/Nintendo_Switch%E3%81%AE%E3%82%B2%E3%83%BC%E3%83%A0%E3%82%BF%E3%82%A4%E3%83%88%E3%83%AB%E4%B8%80%E8%A6%A7_%282024%E5%B9%B4%29
2024-07-25,Urban Survival Simulator: The Bum's Journey,DEZVOLT GAMES,IARC,16+,https://ja.wikipedia.org/wiki/Nintendo_Switch%E3%81%AE%E3%82%B2%E3%83%BC%E3%83%A0%E3%82%BF%E3%82%A4%E3%83%88%E3%83%AB%E4%B8%80%E8%A6%A7_%282024%E5%B9%B4%29
2024-07-25,Super Woden GP II,eastasiasoft,IARC,7+,https://ja.wikipedia.org/wiki/Nintendo_Switch%E3%81%AE%E3%82%B2%E3%83%BC%E3%83%A0%E3%82%BF%E3%82%A4%E3%83%88%E3%83%AB%E4%B8%80%E8%A6%A7_%282024%E5%B9%B4%29
2024-07-25,物探しの達人:ここは小さな靴下がない,Error 300 Games,IARC,3+,https://ja.wikipedia.org/wiki/Nintendo_Switch%E3%81%AE%E3%82%B2%E3%83%BC%E3%83%A0%E3%82%BF%E3%82%A4%E3%83%88%E3%83%AB%E4%B8%80%E8%A6%A7_%282024%E5%B9%B4%29
2024-07-25,Chrysolite - クリソライト,Firenut,IARC,7+,https://ja.wikipedia.org/wiki/Nintendo_Switch%E3%81%AE%E3%82%B2%E3%83%BC%E3%83%A0%E3%82%BF%E3%82%A4%E3%83%88%E3%83%AB%E4%B8%80%E8%A6%A7_%282024%E5%B9%B4%29
2024-07-25,ダークネス・アンド・フレイム:火の鳥の誕生,FIVE-BN STUDIO,IARC,16+,https://ja.wikipedia.org/wiki/Nintendo_Switch%E3%81%AE%E3%82%B2%E3%83%BC%E3%83%A0%E3%82%BF%E3%82%A4%E3%83%88%E3%83%AB%E4%B8%80%E8%A6%A7_%282024%E5%B9%B4%29
2024-07-25,F1マネージャー2024,FRONTIER,IARC,3+,https://ja.wikipedia.org/wiki/Nintendo_Switch%E3%81%AE%E3%82%B2%E3%83%BC%E3%83%A0%E3%82%BF%E3%82%A4%E3%83%88%E3%83%AB%E4%B8%80%E8%A6%A7_%282024%E5%B9%B4%29
2024-07-25,アレンジャー・ロールパズリングの旅,Furniture & Mattress,IARC,3+,https://ja.wikipedia.org/wiki/Nintendo_Switch%E3%81%AE%E3%82%B2%E3%83%BC%E3%83%A0%E3%82%BF%E3%82%A4%E3%83%88%E3%83%AB%E4%B8%80%E8%A6%A7_%282024%E5%B9%B4%29
2024-07-25,Spectrolite,Game Source Entertainment,IARC,3+,https://ja.wikipedia.org/wiki/Nintendo_Switch%E3%81%AE%E3%82%B2%E3%83%BC%E3%83%A0%E3%82%BF%E3%82%A4%E3%83%88%E3%83%AB%E4%B8%80%E8%A6%A7_%282024%E5%B9%B4%29
2024-07-25,Doodle Hunt: 非表示のアイテムを検索,Halva Studio,IARC,3+,https://ja.wikipedia.org/wiki/Nintendo_Switch%E3%81%AE%E3%82%B2%E3%83%BC%E3%83%A0%E3%82%BF%E3%82%A4%E3%83%88%E3%83%AB%E4%B8%80%E8%A6%A7_%282024%E5%B9%B4%29
2024-07-25,疾走戦士,Happy Player,IARC,7+,https://ja.wikipedia.org/wiki/Nintendo_Switch%E3%81%AE%E3%82%B2%E3%83%BC%E3%83%A0%E3%82%BF%E3%82%A4%E3%83%88%E3%83%AB%E4%B8%80%E8%A6%A7_%282024%E5%B9%B4%29
2024-07-25,龍炎高校伝説3,HUNTERS,IARC,12+,https://ja.wikipedia.org/wiki/Nintendo_Switch%E3%81%AE%E3%82%B2%E3%83%BC%E3%83%A0%E3%82%BF%E3%82%A4%E3%83%88%E3%83%AB%E4%B8%80%E8%A6%A7_%282024%E5%B9%B4%29
2024-07-25,Dracula's Legacy,Joindots,IARC,12+,https://ja.wikipedia.org/wiki/Nintendo_Switch%E3%81%AE%E3%82%B2%E3%83%BC%E3%83%A0%E3%82%BF%E3%82%A4%E3%83%88%E3%83%AB%E4%B8%80%E8%A6%A7_%282024%E5%B9%B4%29
2024-07-25,3番線プラス,KOSEI YASUDA,IARC,12+,https://ja.wikipedia.org/wiki/Nintendo_Switch%E3%81%AE%E3%82%B2%E3%83%BC%E3%83%A0%E3%82%BF%E3%82%A4%E3%83%88%E3%83%AB%E4%B8%80%E8%A6%A7_%282024%E5%B9%B4%29
2024-07-25,Casino Tycoon Simulator,MagicProStudio,IARC,3+,https://ja.wikipedia.org/wiki/Nintendo_Switch%E3%81%AE%E3%82%B2%E3%83%BC%E3%83%A0%E3%82%BF%E3%82%A4%E3%83%88%E3%83%AB%E4%B8%80%E8%A6%A7_%282024%E5%B9%B4%29
2024-07-25,パピーカーズ:子供向けエディション。動物冒険とレース,MagisterApp,IARC,3+,https://ja.wikipedia.org/wiki/Nintendo_Switch%E3%81%AE%E3%82%B2%E3%83%BC%E3%83%A0%E3%82%BF%E3%82%A4%E3%83%88%E3%83%AB%E4%B8%80%E8%A6%A7_%282024%E5%B9%B4%29
2024-07-25,タクティカル・バンディット,Make Good Games,IARC,16+,https://ja.wikipedia.org/wiki/Nintendo_Switch%E3%81%AE%E3%82%B2%E3%83%BC%E3%83%A0%E3%82%BF%E3%82%A4%E3%83%88%E3%83%AB%E4%B8%80%E8%A6%A7_%282024%E5%B9%B4%29
2024-07-25,10歳までに鍛える！国語ききとりクイズ－理解力を養う小学校リスニング学習勉強テスト－,MASK,IARC,3+,https://ja.wikipedia.org/wiki/Nintendo_Switch%E3%81%AE%E3%82%B2%E3%83%BC%E3%83%A0%E3%82%BF%E3%82%A4%E3%83%88%E3%83%AB%E4%B8%80%E8%A6%A7_%282024%E5%B9%B4%29
2024-07-25,超絶かわいい！パンダ写真で間違い探し－可愛いパンダ写真で癒しの脳トレゲーム－,MASK,IARC,3+,https://ja.wikipedia.org/wiki/Nintendo_Switch%E3%81%AE%E3%82%B2%E3%83%BC%E3%83%A0%E3%82%BF%E3%82%A4%E3%83%88%E3%83%AB%E4%B8%80%E8%A6%A7_%282024%E5%B9%B4%29
2024-07-25,エスケープ・フィア・トゥー ハイド・アンド・シーク・ホラー,Megame,IARC,12+,https://ja.wikipedia.org/wiki/Nintendo_Switch%E3%81%AE%E3%82%B2%E3%83%BC%E3%83%A0%E3%82%BF%E3%82%A4%E3%83%88%E3%83%AB%E4%B8%80%E8%A6%A7_%282024%E5%B9%B4%29
2024-07-25,Anime Girls: Lady Liberty,Pakotime,IARC,12+,https://ja.wikipedia.org/wiki/Nintendo_Switch%E3%81%AE%E3%82%B2%E3%83%BC%E3%83%A0%E3%82%BF%E3%82%A4%E3%83%88%E3%83%AB%E4%B8%80%E8%A6%A7_%282024%E5%B9%B4%29
2024-07-25,100ドア:オフィス 脱出 ゲーム,Peaksel,IARC,3+,https://ja.wikipedia.org/wiki/Nintendo_Switch%E3%81%AE%E3%82%B2%E3%83%BC%E3%83%A0%E3%82%BF%E3%82%A4%E3%83%88%E3%83%AB%E4%B8%80%E8%A6%A7_%282024%E5%B9%B4%29
2024-07-25,Exophobia,PM Studios,IARC,12+,https://ja.wikipedia.org/wiki/Nintendo_Switch%E3%81%AE%E3%82%B2%E3%83%BC%E3%83%A0%E3%82%BF%E3%82%A4%E3%83%88%E3%83%AB%E4%B8%80%E8%A6%A7_%282024%E5%B9%B4%29
2024-07-25,デイドリーム:悲しみにさようなら,Ravenage Games,IARC,12+,https://ja.wikipedia.org/wiki/Nintendo_Switch%E3%81%AE%E3%82%B2%E3%83%BC%E3%83%A0%E3%82%BF%E3%82%A4%E3%83%88%E3%83%AB%E4%B8%80%E8%A6%A7_%282024%E5%B9%B4%29
2024-07-25,Hentai Academy,RedDeerGames,IARC,12+,https://ja.wikipedia.org/wiki/Nintendo_Switch%E3%81%AE%E3%82%B2%E3%83%BC%E3%83%A0%E3%82%BF%E3%82%A4%E3%83%88%E3%83%AB%E4%B8%80%E8%A6%A7_%282024%E5%B9%B4%29
2024-07-25,フィット マイ ドッグ,RedDeerGames,IARC,3+,https://ja.wikipedia.org/wiki/Nintendo_Switch%E3%81%AE%E3%82%B2%E3%83%BC%E3%83%A0%E3%82%BF%E3%82%A4%E3%83%88%E3%83%AB%E4%B8%80%E8%A6%A7_%282024%E5%B9%B4%29
2024-07-25,Spot The Difference Anime Edition,Sabec,IARC,3+,https://ja.wikipedia.org/wiki/Nintendo_Switch%E3%81%AE%E3%82%B2%E3%83%BC%E3%83%A0%E3%82%BF%E3%82%A4%E3%83%88%E3%83%AB%E4%B8%80%E8%A6%A7_%282024%E5%B9%B4%29
2024-07-25,ペアホラ,SAT-BOX,IARC,3+,https://ja.wikipedia.org/wiki/Nintendo_Switch%E3%81%AE%E3%82%B2%E3%83%BC%E3%83%A0%E3%82%BF%E3%82%A4%E3%83%88%E3%83%AB%E4%B8%80%E8%A6%A7_%282024%E5%B9%B4%29
2024-07-25,Hidden Cats in Rome,Silesia Games,IARC,3+,https://ja.wikipedia.org/wiki/Nintendo_Switch%E3%81%AE%E3%82%B2%E3%83%BC%E3%83%A0%E3%82%BF%E3%82%A4%E3%83%88%E3%83%AB%E4%B8%80%E8%A6%A7_%282024%E5%B9%B4%29
2024-07-25,Looped: Love at first sight,Studio Hamlin,IARC,7+,https://ja.wikipedia.org/wiki/Nintendo_Switch%E3%81%AE%E3%82%B2%E3%83%BC%E3%83%A0%E3%82%BF%E3%82%A4%E3%83%88%E3%83%AB%E4%B8%80%E8%A6%A7_%282024%E5%B9%B4%29
2024-07-25,Harvest Days,Toplitz Productions,IARC,3+,https://ja.wikipedia.org/wiki/Nintendo_Switch%E3%81%AE%E3%82%B2%E3%83%BC%E3%83%A0%E3%82%BF%E3%82%A4%E3%83%88%E3%83%AB%E4%B8%80%E8%A6%A7_%282024%E5%B9%B4%29
2024-07-25,Seven Nights Ghost,TozukuGames,IARC,7+,https://ja.wikipedia.org/wiki/Nintendo_Switch%E3%81%AE%E3%82%B2%E3%83%BC%E3%83%A0%E3%82%BF%E3%82%A4%E3%83%88%E3%83%AB%E4%B8%80%E8%A6%A7_%282024%E5%B9%B4%29
2024-07-25,らくらく脳トレ 世界遺産でアイテム探し－遊んで鍛えて世界旅行脳トレ脳活ちえあそびトレジャーハント－,TT,IARC,3+,https://ja.wikipedia.org/wiki/Nintendo_Switch%E3%81%AE%E3%82%B2%E3%83%BC%E3%83%A0%E3%82%BF%E3%82%A4%E3%83%88%E3%83%AB%E4%B8%80%E8%A6%A7_%282024%E5%B9%B4%29
2024-07-25,リングローン・サーガ,Upscale Studio,IARC,3+,https://ja.wikipedia.org/wiki/Nintendo_Switch%E3%81%AE%E3%82%B2%E3%83%BC%E3%83%A0%E3%82%BF%E3%82%A4%E3%83%88%E3%83%AB%E4%B8%80%E8%A6%A7_%282024%E5%B9%B4%29
2024-07-25,ぬりえであそぼう かたちでおぼえる1年生でならう漢字,イマジニア,CERO,A,https://ja.wikipedia.org/wiki/Nintendo_Switch%E3%81%AE%E3%82%B2%E3%83%BC%E3%83%A0%E3%82%BF%E3%82%A4%E3%83%88%E3%83%AB%E4%B8%80%E8%A6%A7_%282024%E5%B9%B4%29
2024-07-25,ぬりえであそぼう きょうりゅう博物館,イマジニア,IARC,3+,https://ja.wikipedia.org/wiki/Nintendo_Switch%E3%81%AE%E3%82%B2%E3%83%BC%E3%83%A0%E3%82%BF%E3%82%A4%E3%83%88%E3%83%AB%E4%B8%80%E8%A6%A7_%282024%E5%B9%B4%29
2024-07-25,Astoria: Fate's Kiss,ボルテージ,IARC,12+,https://ja.wikipedia.org/wiki/Nintendo_Switch%E3%81%AE%E3%82%B2%E3%83%BC%E3%83%A0%E3%82%BF%E3%82%A4%E3%83%88%E3%83%AB%E4%B8%80%E8%A6%A7_%282024%E5%B9%B4%29
2024-07-25,ウツロマユ - Hollow Cocoon -,レジスタ,CERO,C,https://ja.wikipedia.org/wiki/Nintendo_Switch%E3%81%AE%E3%82%B2%E3%83%BC%E3%83%A0%E3%82%BF%E3%82%A4%E3%83%88%E3%83%AB%E4%B8%80%E8%A6%A7_%282024%E5%B9%B4%29
2024-07-25,プールクラブからの脱出,レジスタ,CERO,A,https://ja.wikipedia.org/wiki/Nintendo_Switch%E3%81%AE%E3%82%B2%E3%83%BC%E3%83%A0%E3%82%BF%E3%82%A4%E3%83%88%E3%83%AB%E4%B8%80%E8%A6%A7_%282024%E5%B9%B4%29
2024-07-25,いるかにうろこがないわけ,わくわくゲームズ,IARC,3+,https://ja.wikipedia.org/wiki/Nintendo_Switch%E3%81%AE%E3%82%B2%E3%83%BC%E3%83%A0%E3%82%BF%E3%82%A4%E3%83%88%E3%83%AB%E4%B8%80%E8%A6%A7_%282024%E5%B9%B4%29
2024-07-25,声マネキング,宮澤卓宏,IARC,3+,https://ja.wikipedia.org/wiki/Nintendo_Switch%E3%81%AE%E3%82%B2%E3%83%BC%E3%83%A0%E3%82%BF%E3%82%A4%E3%83%88%E3%83%AB%E4%B8%80%E8%A6%A7_%282024%E5%B9%B4%29
2024-07-26,青鬼,ゲームスタジオ,IARC,12+,https://ja.wikipedia.org/wiki/Nintendo_Switch%E3%81%AE%E3%82%B2%E3%83%BC%E3%83%A0%E3%82%BF%E3%82%A4%E3%83%88%E3%83%AB%E4%B8%80%E8%A6%A7_%282024%E5%B9%B4%29
2024-07-26,Steel Racer,ラタライカゲームス,IARC,7+,https://ja.wikipedia.org/wiki/Nintendo_Switch%E3%81%AE%E3%82%B2%E3%83%BC%E3%83%A0%E3%82%BF%E3%82%A4%E3%83%88%E3%83%AB%E4%B8%80%E8%A6%A7_%282024%E5%B9%B4%29
2024-07-30,Midnight Collection,ラタライカゲームス,IARC,7+,https://ja.wikipedia.org/wiki/Nintendo_Switch%E3%81%AE%E3%82%B2%E3%83%BC%E3%83%A0%E3%82%BF%E3%82%A4%E3%83%88%E3%83%AB%E4%B8%80%E8%A6%A7_%282024%E5%B9%B4%29
2024-08-01,Metroplex Zero: Sci-Fi Card Battler,404 Games,IARC,7+,https://ja.wikipedia.org/wiki/Nintendo_Switch%E3%81%AE%E3%82%B2%E3%83%BC%E3%83%A0%E3%82%BF%E3%82%A4%E3%83%88%E3%83%AB%E4%B8%80%E8%A6%A7_%282024%E5%B9%B4%29
2024-08-01,Rejoinder - Procedural Roguelite,404 Games,IARC,12+,https://ja.wikipedia.org/wiki/Nintendo_Switch%E3%81%AE%E3%82%B2%E3%83%BC%E3%83%A0%E3%82%BF%E3%82%A4%E3%83%88%E3%83%AB%E4%B8%80%E8%A6%A7_%282024%E5%B9%B4%29
2024-08-01,Trinity Fusion,Angry Mob Games,IARC,16+,https://ja.wikipedia.org/wiki/Nintendo_Switch%E3%81%AE%E3%82%B2%E3%83%BC%E3%83%A0%E3%82%BF%E3%82%A4%E3%83%88%E3%83%AB%E4%B8%80%E8%A6%A7_%282024%E5%B9%B4%29
2024-08-01,料理長チン,buho,IARC,3+,https://ja.wikipedia.org/wiki/Nintendo_Switch%E3%81%AE%E3%82%B2%E3%83%BC%E3%83%A0%E3%82%BF%E3%82%A4%E3%83%88%E3%83%AB%E4%B8%80%E8%A6%A7_%282024%E5%B9%B4%29
2024-08-01,Thief Simulator: Heist Master,Burlea Games Studio,IARC,3+,https://ja.wikipedia.org/wiki/Nintendo_Switch%E3%81%AE%E3%82%B2%E3%83%BC%E3%83%A0%E3%82%BF%E3%82%A4%E3%83%88%E3%83%AB%E4%B8%80%E8%A6%A7_%282024%E5%B9%B4%29
2024-08-01,Operation: Tango,Clever Plays,CERO,B,https://ja.wikipedia.org/wiki/Nintendo_Switch%E3%81%AE%E3%82%B2%E3%83%BC%E3%83%A0%E3%82%BF%E3%82%A4%E3%83%88%E3%83%AB%E4%B8%80%E8%A6%A7_%282024%E5%B9%B4%29
2024-08-01,Animal Hunting 3D,DEMENCI Games,IARC,16+,https://ja.wikipedia.org/wiki/Nintendo_Switch%E3%81%AE%E3%82%B2%E3%83%BC%E3%83%A0%E3%82%BF%E3%82%A4%E3%83%88%E3%83%AB%E4%B8%80%E8%A6%A7_%282024%E5%B9%B4%29
2024-08-01,Werewolf: The Apocalypse - Purgatory,Different Tales,IARC,16+,https://ja.wikipedia.org/wiki/Nintendo_Switch%E3%81%AE%E3%82%B2%E3%83%BC%E3%83%A0%E3%82%BF%E3%82%A4%E3%83%88%E3%83%AB%E4%B8%80%E8%A6%A7_%282024%E5%B9%B4%29
2024-08-01,ザンバーマーブルブラースト,EpiXR Games,IARC,3+,https://ja.wikipedia.org/wiki/Nintendo_Switch%E3%81%AE%E3%82%B2%E3%83%BC%E3%83%A0%E3%82%BF%E3%82%A4%E3%83%88%E3%83%AB%E4%B8%80%E8%A6%A7_%282024%E5%B9%B4%29
2024-08-01,UNABLES,Forever Entertainment,IARC,16+,https://ja.wikipedia.org/wiki/Nintendo_Switch%E3%81%AE%E3%82%B2%E3%83%BC%E3%83%A0%E3%82%BF%E3%82%A4%E3%83%88%E3%83%AB%E4%B8%80%E8%A6%A7_%282024%E5%B9%B4%29
2024-08-01,アインズソード3,Infinite Game,IARC,12+,https://ja.wikipedia.org/wiki/Nintendo_Switch%E3%81%AE%E3%82%B2%E3%83%BC%E3%83%A0%E3%82%BF%E3%82%A4%E3%83%88%E3%83%AB%E4%B8%80%E8%A6%A7_%282024%E5%B9%B4%29
2024-08-01,King 'n Knight,Jeremy Entressangle,IARC,12+,https://ja.wikipedia.org/wiki/Nintendo_Switch%E3%81%AE%E3%82%B2%E3%83%BC%E3%83%A0%E3%82%BF%E3%82%A4%E3%83%88%E3%83%AB%E4%B8%80%E8%A6%A7_%282024%E5%B9%B4%29
2024-08-01,Renzo Racer,Joindots,IARC,3+,https://ja.wikipedia.org/wiki/Nintendo_Switch%E3%81%AE%E3%82%B2%E3%83%BC%E3%83%A0%E3%82%BF%E3%82%A4%E3%83%88%E3%83%AB%E4%B8%80%E8%A6%A7_%282024%E5%B9%B4%29
2024-08-01,4択クイズ 小学生で知りたいカブトムシ 〜クイズでかんたん学習教養勉強ゲーム〜,MASK,IARC,3+,https://ja.wikipedia.org/wiki/Nintendo_Switch%E3%81%AE%E3%82%B2%E3%83%BC%E3%83%A0%E3%82%BF%E3%82%A4%E3%83%88%E3%83%AB%E4%B8%80%E8%A6%A7_%282024%E5%B9%B4%29
2024-08-01,4択クイズ 小学生で知りたい元素 〜クイズでかんたん元素学習教養勉強ゲーム〜,MASK,IARC,3+,https://ja.wikipedia.org/wiki/Nintendo_Switch%E3%81%AE%E3%82%B2%E3%83%BC%E3%83%A0%E3%82%BF%E3%82%A4%E3%83%88%E3%83%AB%E4%B8%80%E8%A6%A7_%282024%E5%B9%B4%29
2024-08-01,くるくるスタディ同時に学べる3言語－ドイツ語・フランス語・イタリア語ならべてかんたん時短で語学勉強学習教養パズル－,MASK,IARC,3+,https://ja.wikipedia.org/wiki/Nintendo_Switch%E3%81%AE%E3%82%B2%E3%83%BC%E3%83%A0%E3%82%BF%E3%82%A4%E3%83%88%E3%83%AB%E4%B8%80%E8%A6%A7_%282024%E5%B9%B4%29
2024-08-01,びっくり！おどろき！動物雑学クイズ－4択クイズで学ぶ動物教養ゲーム－,MASK,IARC,3+,https://ja.wikipedia.org/wiki/Nintendo_Switch%E3%81%AE%E3%82%B2%E3%83%BC%E3%83%A0%E3%82%BF%E3%82%A4%E3%83%88%E3%83%AB%E4%B8%80%E8%A6%A7_%282024%E5%B9%B4%29
2024-08-01,もっと知りたい鉱物宝石－ゲームで楽しく理科学習雑学教養勉強クイズ－,MASK,IARC,3+,https://ja.wikipedia.org/wiki/Nintendo_Switch%E3%81%AE%E3%82%B2%E3%83%BC%E3%83%A0%E3%82%BF%E3%82%A4%E3%83%88%E3%83%AB%E4%B8%80%E8%A6%A7_%282024%E5%B9%B4%29
2024-08-01,脳を鍛える！日本風景で間違い探し！ 〜日本の絶景で脳トレ間違い探しゲーム〜,MASK,IARC,3+,https://ja.wikipedia.org/wiki/Nintendo_Switch%E3%81%AE%E3%82%B2%E3%83%BC%E3%83%A0%E3%82%BF%E3%82%A4%E3%83%88%E3%83%AB%E4%B8%80%E8%A6%A7_%282024%E5%B9%B4%29
2024-08-01,トイ・カー・エクストリーム・レーシング・アール・シー・ドライバー・シミュレーター,Megame,IARC,3+,https://ja.wikipedia.org/wiki/Nintendo_Switch%E3%81%AE%E3%82%B2%E3%83%BC%E3%83%A0%E3%82%BF%E3%82%A4%E3%83%88%E3%83%AB%E4%B8%80%E8%A6%A7_%282024%E5%B9%B4%29
2024-08-01,The Garden Path,Mooncat Games,IARC,3+,https://ja.wikipedia.org/wiki/Nintendo_Switch%E3%81%AE%E3%82%B2%E3%83%BC%E3%83%A0%E3%82%BF%E3%82%A4%E3%83%88%E3%83%AB%E4%B8%80%E8%A6%A7_%282024%E5%B9%B4%29
2024-08-01,Thank Goodness You're Here!,パニック (企業),IARC,16+,https://ja.wikipedia.org/wiki/Nintendo_Switch%E3%81%AE%E3%82%B2%E3%83%BC%E3%83%A0%E3%82%BF%E3%82%A4%E3%83%88%E3%83%AB%E4%B8%80%E8%A6%A7_%282024%E5%B9%B4%29
2024-08-01,ランドナマ,Pineapple Works,IARC,3+,https://ja.wikipedia.org/wiki/Nintendo_Switch%E3%81%AE%E3%82%B2%E3%83%BC%E3%83%A0%E3%82%BF%E3%82%A4%E3%83%88%E3%83%AB%E4%B8%80%E8%A6%A7_%282024%E5%B9%B4%29
2024-08-01,MARS 2120,QUByte Interactive,IARC,16+,https://ja.wikipedia.org/wiki/Nintendo_Switch%E3%81%AE%E3%82%B2%E3%83%BC%E3%83%A0%E3%82%BF%E3%82%A4%E3%83%88%E3%83%AB%E4%B8%80%E8%A6%A7_%282024%E5%B9%B4%29
2024-08-01,Mists of Noyah,QUByte Interactive,IARC,12+,https://ja.wikipedia.org/wiki/Nintendo_Switch%E3%81%AE%E3%82%B2%E3%83%BC%E3%83%A0%E3%82%BF%E3%82%A4%E3%83%88%E3%83%AB%E4%B8%80%E8%A6%A7_%282024%E5%B9%B4%29
2024-08-01,EvoMonsters,RedDeerGames,IARC,3+,https://ja.wikipedia.org/wiki/Nintendo_Switch%E3%81%AE%E3%82%B2%E3%83%BC%E3%83%A0%E3%82%BF%E3%82%A4%E3%83%88%E3%83%AB%E4%B8%80%E8%A6%A7_%282024%E5%B9%B4%29
2024-08-01,スーパーダンジョンDIY,Rokaplay,IARC,7+,https://ja.wikipedia.org/wiki/Nintendo_Switch%E3%81%AE%E3%82%B2%E3%83%BC%E3%83%A0%E3%82%BF%E3%82%A4%E3%83%88%E3%83%AB%E4%B8%80%E8%A6%A7_%282024%E5%B9%B4%29
2024-08-01,人狼金魚,SAT-BOX,IARC,3+,https://ja.wikipedia.org/wiki/Nintendo_Switch%E3%81%AE%E3%82%B2%E3%83%BC%E3%83%A0%E3%82%BF%E3%82%A4%E3%83%88%E3%83%AB%E4%B8%80%E8%A6%A7_%282024%E5%B9%B4%29
2024-08-01,Farlands Journey,Sometimes You,IARC,7+,https://ja.wikipedia.org/wiki/Nintendo_Switch%E3%81%AE%E3%82%B2%E3%83%BC%E3%83%A0%E3%82%BF%E3%82%A4%E3%83%88%E3%83%AB%E4%B8%80%E8%A6%A7_%282024%E5%B9%B4%29
2024-08-01,シラ,Stamina Zero,IARC,3+,https://ja.wikipedia.org/wiki/Nintendo_Switch%E3%81%AE%E3%82%B2%E3%83%BC%E3%83%A0%E3%82%BF%E3%82%A4%E3%83%88%E3%83%AB%E4%B8%80%E8%A6%A7_%282024%E5%B9%B4%29
2024-08-01,Bare Butt Boxing,Tuatara Games,IARC,3+,https://ja.wikipedia.org/wiki/Nintendo_Switch%E3%81%AE%E3%82%B2%E3%83%BC%E3%83%A0%E3%82%BF%E3%82%A4%E3%83%88%E3%83%AB%E4%B8%80%E8%A6%A7_%282024%E5%B9%B4%29
2024-08-01,ぐるガメSpecial,サクセス,IARC,3+,https://ja.wikipedia.org/wiki/Nintendo_Switch%E3%81%AE%E3%82%B2%E3%83%BC%E3%83%A0%E3%82%BF%E3%82%A4%E3%83%88%E3%83%AB%E4%B8%80%E8%A6%A7_%282024%E5%B9%B4%29
2024-08-01,ジャレコレ ファミコン編:ピンボールクエスト,シティコネクション,IARC,3+,https://ja.wikipedia.org/wiki/Nintendo_Switch%E3%81%AE%E3%82%B2%E3%83%BC%E3%83%A0%E3%82%BF%E3%82%A4%E3%83%88%E3%83%AB%E4%B8%80%E8%A6%A7_%282024%E5%B9%B4%29
2024-08-01,クレイジースターズ スポーツクライミング,トローゼ,IARC,3+,https://ja.wikipedia.org/wiki/Nintendo_Switch%E3%81%AE%E3%82%B2%E3%83%BC%E3%83%A0%E3%82%BF%E3%82%A4%E3%83%88%E3%83%AB%E4%B8%80%E8%A6%A7_%282024%E5%B9%B4%29
2024-08-01,TENSEI,ニューロン・エイジ,IARC,3+,https://ja.wikipedia.org/wiki/Nintendo_Switch%E3%81%AE%E3%82%B2%E3%83%BC%E3%83%A0%E3%82%BF%E3%82%A4%E3%83%88%E3%83%AB%E4%B8%80%E8%A6%A7_%282024%E5%B9%B4%29
2024-08-01,八つ巡,パルスモ,IARC,12+,https://ja.wikipedia.org/wiki/Nintendo_Switch%E3%81%AE%E3%82%B2%E3%83%BC%E3%83%A0%E3%82%BF%E3%82%A4%E3%83%88%E3%83%AB%E4%B8%80%E8%A6%A7_%282024%E5%B9%B4%29
2024-08-01,ジェットライダー,賈船,IARC,7+,https://ja.wikipedia.org/wiki/Nintendo_Switch%E3%81%AE%E3%82%B2%E3%83%BC%E3%83%A0%E3%82%BF%E3%82%A4%E3%83%88%E3%83%AB%E4%B8%80%E8%A6%A7_%282024%E5%B9%B4%29
2024-08-02,グーの惑星2,2D Boy,IARC,7+,https://ja.wikipedia.org/wiki/Nintendo_Switch%E3%81%AE%E3%82%B2%E3%83%BC%E3%83%A0%E3%82%BF%E3%82%A4%E3%83%88%E3%83%AB%E4%B8%80%E8%A6%A7_%282024%E5%B9%B4%29
2024-08-02,エアロ アクロバット キッズ,Shinyuden,IARC,7+,https://ja.wikipedia.org/wiki/Nintendo_Switch%E3%81%AE%E3%82%B2%E3%83%BC%E3%83%A0%E3%82%BF%E3%82%A4%E3%83%88%E3%83%AB%E4%B8%80%E8%A6%A7_%282024%E5%B9%B4%29
2024-08-06,魔神少女 エピソード2 -願いへの代価-,INSIDE SYSTEM,IARC,3+,https://ja.wikipedia.org/wiki/Nintendo_Switch%E3%81%AE%E3%82%B2%E3%83%BC%E3%83%A0%E3%82%BF%E3%82%A4%E3%83%88%E3%83%AB%E4%B8%80%E8%A6%A7_%282024%E5%B9%B4%29
2024-08-08,Escape - Backrooms Horror,16BIT,IARC,16+,https://ja.wikipedia.org/wiki/Nintendo_Switch%E3%81%AE%E3%82%B2%E3%83%BC%E3%83%A0%E3%82%BF%E3%82%A4%E3%83%88%E3%83%AB%E4%B8%80%E8%A6%A7_%282024%E5%B9%B4%29
2024-08-08,Supermarket Owner Simulator: Business,16BIT,IARC,3+,https://ja.wikipedia.org/wiki/Nintendo_Switch%E3%81%AE%E3%82%B2%E3%83%BC%E3%83%A0%E3%82%BF%E3%82%A4%E3%83%88%E3%83%AB%E4%B8%80%E8%A6%A7_%282024%E5%B9%B4%29
2024-08-08,Hentai Paradise Vol. 2,17Studio,IARC,12+,https://ja.wikipedia.org/wiki/Nintendo_Switch%E3%81%AE%E3%82%B2%E3%83%BC%E3%83%A0%E3%82%BF%E3%82%A4%E3%83%88%E3%83%AB%E4%B8%80%E8%A6%A7_%282024%E5%B9%B4%29
2024-08-08,Medieval Fantasy: Jigsaw Puzzle,17Studio,IARC,7+,https://ja.wikipedia.org/wiki/Nintendo_Switch%E3%81%AE%E3%82%B2%E3%83%BC%E3%83%A0%E3%82%BF%E3%82%A4%E3%83%88%E3%83%AB%E4%B8%80%E8%A6%A7_%282024%E5%B9%B4%29
2024-08-08,The Books Tale: A hop adventure!,404 Games,IARC,3+,https://ja.wikipedia.org/wiki/Nintendo_Switch%E3%81%AE%E3%82%B2%E3%83%BC%E3%83%A0%E3%82%BF%E3%82%A4%E3%83%88%E3%83%AB%E4%B8%80%E8%A6%A7_%282024%E5%B9%B4%29
2024-08-08,SokoMage,Afil Games,IARC,3+,https://ja.wikipedia.org/wiki/Nintendo_Switch%E3%81%AE%E3%82%B2%E3%83%BC%E3%83%A0%E3%82%BF%E3%82%A4%E3%83%88%E3%83%AB%E4%B8%80%E8%A6%A7_%282024%E5%B9%B4%29
2024-08-08,デーモンゴー!,CFK,IARC,3+,https://ja.wikipedia.org/wiki/Nintendo_Switch%E3%81%AE%E3%82%B2%E3%83%BC%E3%83%A0%E3%82%BF%E3%82%A4%E3%83%88%E3%83%AB%E4%B8%80%E8%A6%A7_%282024%E5%B9%B4%29
2024-08-08,Bid Battle: Auction War Simulator Storage Hunter,DEZVOLT GAMES,IARC,3+,https://ja.wikipedia.org/wiki/Nintendo_Switch%E3%81%AE%E3%82%B2%E3%83%BC%E3%83%A0%E3%82%BF%E3%82%A4%E3%83%88%E3%83%AB%E4%B8%80%E8%A6%A7_%282024%E5%B9%B4%29
2024-08-08,Volgarr the Viking II,Digital Eclipse,IARC,16+,https://ja.wikipedia.org/wiki/Nintendo_Switch%E3%81%AE%E3%82%B2%E3%83%BC%E3%83%A0%E3%82%BF%E3%82%A4%E3%83%88%E3%83%AB%E4%B8%80%E8%A6%A7_%282024%E5%B9%B4%29
2024-08-08,Cattie,eastasiasoft,IARC,3+,https://ja.wikipedia.org/wiki/Nintendo_Switch%E3%81%AE%E3%82%B2%E3%83%BC%E3%83%A0%E3%82%BF%E3%82%A4%E3%83%88%E3%83%AB%E4%B8%80%E8%A6%A7_%282024%E5%B9%B4%29
2024-08-08,アニメダンス パーティートータル,EpiXR Games,IARC,3+,https://ja.wikipedia.org/wiki/Nintendo_Switch%E3%81%AE%E3%82%B2%E3%83%BC%E3%83%A0%E3%82%BF%E3%82%A4%E3%83%88%E3%83%AB%E4%B8%80%E8%A6%A7_%282024%E5%B9%B4%29
2024-08-08,ザフライングトラベラー エインシェントエンパイウズ,EpiXR Games,IARC,3+,https://ja.wikipedia.org/wiki/Nintendo_Switch%E3%81%AE%E3%82%B2%E3%83%BC%E3%83%A0%E3%82%BF%E3%82%A4%E3%83%88%E3%83%AB%E4%B8%80%E8%A6%A7_%282024%E5%B9%B4%29
2024-08-08,Road To Valhalla ヴァルハラへの道,Halva Studio,IARC,3+,https://ja.wikipedia.org/wiki/Nintendo_Switch%E3%81%AE%E3%82%B2%E3%83%BC%E3%83%A0%E3%82%BF%E3%82%A4%E3%83%88%E3%83%AB%E4%B8%80%E8%A6%A7_%282024%E5%B9%B4%29
2024-08-08,ねこが魔法の場所に隠れた: Cats Hidden in Magic Places,Halva Studio,IARC,3+,https://ja.wikipedia.org/wiki/Nintendo_Switch%E3%81%AE%E3%82%B2%E3%83%BC%E3%83%A0%E3%82%BF%E3%82%A4%E3%83%88%E3%83%AB%E4%B8%80%E8%A6%A7_%282024%E5%B9%B4%29
2024-08-08,神の羽根 - マフィアの鳩の物語,Hojo Studio,IARC,3+,https://ja.wikipedia.org/wiki/Nintendo_Switch%E3%81%AE%E3%82%B2%E3%83%BC%E3%83%A0%E3%82%BF%E3%82%A4%E3%83%88%E3%83%AB%E4%B8%80%E8%A6%A7_%282024%E5%B9%B4%29
2024-08-08,ホーンテッドヘルハウス,HUNTERS,IARC,16+,https://ja.wikipedia.org/wiki/Nintendo_Switch%E3%81%AE%E3%82%B2%E3%83%BC%E3%83%A0%E3%82%BF%E3%82%A4%E3%83%88%E3%83%AB%E4%B8%80%E8%A6%A7_%282024%E5%B9%B4%29
2024-08-08,ビビロプ,Jaklub,IARC,7+,https://ja.wikipedia.org/wiki/Nintendo_Switch%E3%81%AE%E3%82%B2%E3%83%BC%E3%83%A0%E3%82%BF%E3%82%A4%E3%83%88%E3%83%AB%E4%B8%80%E8%A6%A7_%282024%E5%B9%B4%29
2024-08-08,MOAI VI: Unexpected Guests,Joindots,IARC,3+,https://ja.wikipedia.org/wiki/Nintendo_Switch%E3%81%AE%E3%82%B2%E3%83%BC%E3%83%A0%E3%82%BF%E3%82%A4%E3%83%88%E3%83%AB%E4%B8%80%E8%A6%A7_%282024%E5%B9%B4%29
2024-08-08,キャットクエスト3,Kepler Interactive,IARC,7+,https://ja.wikipedia.org/wiki/Nintendo_Switch%E3%81%AE%E3%82%B2%E3%83%BC%E3%83%A0%E3%82%BF%E3%82%A4%E3%83%88%E3%83%AB%E4%B8%80%E8%A6%A7_%282024%E5%B9%B4%29
2024-08-08,クイズで身につく教養 日本神話編 〜小学生から大人まで遊べる雑学教養クイズゲーム〜,MASK,IARC,3+,https://ja.wikipedia.org/wiki/Nintendo_Switch%E3%81%AE%E3%82%B2%E3%83%BC%E3%83%A0%E3%82%BF%E3%82%A4%E3%83%88%E3%83%AB%E4%B8%80%E8%A6%A7_%282024%E5%B9%B4%29
2024-08-08,クイズで身につく教養 物理学者編 〜小学生から大人まで遊べる雑学教養クイズゲーム〜,MASK,IARC,3+,https://ja.wikipedia.org/wiki/Nintendo_Switch%E3%81%AE%E3%82%B2%E3%83%BC%E3%83%A0%E3%82%BF%E3%82%A4%E3%83%88%E3%83%AB%E4%B8%80%E8%A6%A7_%282024%E5%B9%B4%29
2024-08-08,くるくるパズルそろえてねこずかん－ならべてかんたんにゃんこ写真で脳トレ雑学教養学習ゲーム－,MASK,IARC,3+,https://ja.wikipedia.org/wiki/Nintendo_Switch%E3%81%AE%E3%82%B2%E3%83%BC%E3%83%A0%E3%82%BF%E3%82%A4%E3%83%88%E3%83%AB%E4%B8%80%E8%A6%A7_%282024%E5%B9%B4%29
2024-08-08,くるくるパズルつないでどうぶつ－点つなぎで動物雑学かんたん勉強学習教養知育パズル－,MASK,IARC,3+,https://ja.wikipedia.org/wiki/Nintendo_Switch%E3%81%AE%E3%82%B2%E3%83%BC%E3%83%A0%E3%82%BF%E3%82%A4%E3%83%88%E3%83%AB%E4%B8%80%E8%A6%A7_%282024%E5%B9%B4%29
2024-08-08,アーケード・タンクス バトル・シミュレーター,Megame,IARC,3+,https://ja.wikipedia.org/wiki/Nintendo_Switch%E3%81%AE%E3%82%B2%E3%83%BC%E3%83%A0%E3%82%BF%E3%82%A4%E3%83%88%E3%83%AB%E4%B8%80%E8%A6%A7_%282024%E5%B9%B4%29
2024-08-08,タクティカル・ストライク スペシャル・フォーシズ,Megame,IARC,16+,https://ja.wikipedia.org/wiki/Nintendo_Switch%E3%81%AE%E3%82%B2%E3%83%BC%E3%83%A0%E3%82%BF%E3%82%A4%E3%83%88%E3%83%AB%E4%B8%80%E8%A6%A7_%282024%E5%B9%B4%29
2024-08-08,ドローン・パイロット フライト・シミュレーター,Megame,IARC,3+,https://ja.wikipedia.org/wiki/Nintendo_Switch%E3%81%AE%E3%82%B2%E3%83%BC%E3%83%A0%E3%82%BF%E3%82%A4%E3%83%88%E3%83%AB%E4%B8%80%E8%A6%A7_%282024%E5%B9%B4%29
2024-08-08,ぼんぼのメロディ〜生命の旅 (The Lullaby of Life),Midwest Games,IARC,3+,https://ja.wikipedia.org/wiki/Nintendo_Switch%E3%81%AE%E3%82%B2%E3%83%BC%E3%83%A0%E3%82%BF%E3%82%A4%E3%83%88%E3%83%AB%E4%B8%80%E8%A6%A7_%282024%E5%B9%B4%29
2024-08-08,すばらしい新世界i,Navila Software Japan,IARC,16+,https://ja.wikipedia.org/wiki/Nintendo_Switch%E3%81%AE%E3%82%B2%E3%83%BC%E3%83%A0%E3%82%BF%E3%82%A4%E3%83%88%E3%83%AB%E4%B8%80%E8%A6%A7_%282024%E5%B9%B4%29
2024-08-08,Hentai Girls: Obon Love,Pakotime,IARC,12+,https://ja.wikipedia.org/wiki/Nintendo_Switch%E3%81%AE%E3%82%B2%E3%83%BC%E3%83%A0%E3%82%BF%E3%82%A4%E3%83%88%E3%83%AB%E4%B8%80%E8%A6%A7_%282024%E5%B9%B4%29
2024-08-08,プムプム,PlayZilla,IARC,12+,https://ja.wikipedia.org/wiki/Nintendo_Switch%E3%81%AE%E3%82%B2%E3%83%BC%E3%83%A0%E3%82%BF%E3%82%A4%E3%83%88%E3%83%AB%E4%B8%80%E8%A6%A7_%282024%E5%B9%B4%29
2024-08-08,おもちゃポン,Rainmaker Productions,IARC,3+,https://ja.wikipedia.org/wiki/Nintendo_Switch%E3%81%AE%E3%82%B2%E3%83%BC%E3%83%A0%E3%82%BF%E3%82%A4%E3%83%88%E3%83%AB%E4%B8%80%E8%A6%A7_%282024%E5%B9%B4%29
2024-08-08,Hidden Through Time 2: Discovery,Rogueside,IARC,3+,https://ja.wikipedia.org/wiki/Nintendo_Switch%E3%81%AE%E3%82%B2%E3%83%BC%E3%83%A0%E3%82%BF%E3%82%A4%E3%83%88%E3%83%AB%E4%B8%80%E8%A6%A7_%282024%E5%B9%B4%29
2024-08-08,Boom Robots,Revulo Games,IARC,3+,https://ja.wikipedia.org/wiki/Nintendo_Switch%E3%81%AE%E3%82%B2%E3%83%BC%E3%83%A0%E3%82%BF%E3%82%A4%E3%83%88%E3%83%AB%E4%B8%80%E8%A6%A7_%282024%E5%B9%B4%29
2024-08-08,SUSHI落とし,SAT-BOX,IARC,3+,https://ja.wikipedia.org/wiki/Nintendo_Switch%E3%81%AE%E3%82%B2%E3%83%BC%E3%83%A0%E3%82%BF%E3%82%A4%E3%83%88%E3%83%AB%E4%B8%80%E8%A6%A7_%282024%E5%B9%B4%29
2024-08-08,Minami Lane おいでませ、みなみ通りへ!,Seaven Studio,IARC,3+,https://ja.wikipedia.org/wiki/Nintendo_Switch%E3%81%AE%E3%82%B2%E3%83%BC%E3%83%A0%E3%82%BF%E3%82%A4%E3%83%88%E3%83%AB%E4%B8%80%E8%A6%A7_%282024%E5%B9%B4%29
2024-08-08,Cybermania Parkour Uprising,SimulaMaker,IARC,3+,https://ja.wikipedia.org/wiki/Nintendo_Switch%E3%81%AE%E3%82%B2%E3%83%BC%E3%83%A0%E3%82%BF%E3%82%A4%E3%83%88%E3%83%AB%E4%B8%80%E8%A6%A7_%282024%E5%B9%B4%29
2024-08-08,Matchmaker Agency,SOFT SOURCE,IARC,12+,https://ja.wikipedia.org/wiki/Nintendo_Switch%E3%81%AE%E3%82%B2%E3%83%BC%E3%83%A0%E3%82%BF%E3%82%A4%E3%83%88%E3%83%AB%E4%B8%80%E8%A6%A7_%282024%E5%B9%B4%29
2024-08-08,I Want To Go To Mars,Sometimes You,IARC,3+,https://ja.wikipedia.org/wiki/Nintendo_Switch%E3%81%AE%E3%82%B2%E3%83%BC%E3%83%A0%E3%82%BF%E3%82%A4%E3%83%88%E3%83%AB%E4%B8%80%E8%A6%A7_%282024%E5%B9%B4%29
2024-08-08,Exit Station 7,SURPRISED HOTDOG,IARC,3+,https://ja.wikipedia.org/wiki/Nintendo_Switch%E3%81%AE%E3%82%B2%E3%83%BC%E3%83%A0%E3%82%BF%E3%82%A4%E3%83%88%E3%83%AB%E4%B8%80%E8%A6%A7_%282024%E5%B9%B4%29
2024-08-08,みんなでバトル！8P常識力テスト－みんなで遊べる格付け4択学習教養対戦クイズ－,TT,IARC,3+,https://ja.wikipedia.org/wiki/Nintendo_Switch%E3%81%AE%E3%82%B2%E3%83%BC%E3%83%A0%E3%82%BF%E3%82%A4%E3%83%88%E3%83%AB%E4%B8%80%E8%A6%A7_%282024%E5%B9%B4%29
2024-08-08,真相究明！チャットで謎解きミステリー－意味がわかるとゾッとする探偵推理脳トレノベルゲーム－,TT,IARC,12+,https://ja.wikipedia.org/wiki/Nintendo_Switch%E3%81%AE%E3%82%B2%E3%83%BC%E3%83%A0%E3%82%BF%E3%82%A4%E3%83%88%E3%83%AB%E4%B8%80%E8%A6%A7_%282024%E5%B9%B4%29
2024-08-08,Skelethrone: The Chronicles of Ericona,Valkyrie Initiative,IARC,16+,https://ja.wikipedia.org/wiki/Nintendo_Switch%E3%81%AE%E3%82%B2%E3%83%BC%E3%83%A0%E3%82%BF%E3%82%A4%E3%83%88%E3%83%AB%E4%B8%80%E8%A6%A7_%282024%E5%B9%B4%29
2024-08-08,Cup Killer - Sandbox Game,VRCFORGE STUDIOS,IARC,3+,https://ja.wikipedia.org/wiki/Nintendo_Switch%E3%81%AE%E3%82%B2%E3%83%BC%E3%83%A0%E3%82%BF%E3%82%A4%E3%83%88%E3%83%AB%E4%B8%80%E8%A6%A7_%282024%E5%B9%B4%29
2024-08-08,Fate/stay night REMASTERED,アニプレックス,IARC,16+,https://ja.wikipedia.org/wiki/Nintendo_Switch%E3%81%AE%E3%82%B2%E3%83%BC%E3%83%A0%E3%82%BF%E3%82%A4%E3%83%88%E3%83%AB%E4%B8%80%E8%A6%A7_%282024%E5%B9%B4%29
2024-08-08,まいにち男女入れ替わり生活！？ 〜My Body Your Body〜,サイバーステップ,IARC,16+,https://ja.wikipedia.org/wiki/Nintendo_Switch%E3%81%AE%E3%82%B2%E3%83%BC%E3%83%A0%E3%82%BF%E3%82%A4%E3%83%88%E3%83%AB%E4%B8%80%E8%A6%A7_%282024%E5%B9%B4%29
2024-08-08,束縛彼女とペットな僕 - I'm Your Pet -,サイバーステップ,IARC,12+,https://ja.wikipedia.org/wiki/Nintendo_Switch%E3%81%AE%E3%82%B2%E3%83%BC%E3%83%A0%E3%82%BF%E3%82%A4%E3%83%88%E3%83%AB%E4%B8%80%E8%A6%A7_%282024%E5%B9%B4%29
2024-08-08,ジャレコレ ファミコン編:妖怪倶楽部,シティコネクション,IARC,12+,https://ja.wikipedia.org/wiki/Nintendo_Switch%E3%81%AE%E3%82%B2%E3%83%BC%E3%83%A0%E3%82%BF%E3%82%A4%E3%83%88%E3%83%AB%E4%B8%80%E8%A6%A7_%282024%E5%B9%B4%29
2024-08-08,神無迷路,致意,IARC,16+,https://ja.wikipedia.org/wiki/Nintendo_Switch%E3%81%AE%E3%82%B2%E3%83%BC%E3%83%A0%E3%82%BF%E3%82%A4%E3%83%88%E3%83%AB%E4%B8%80%E8%A6%A7_%282024%E5%B9%B4%29
2024-08-09,Seraph's Last Stand「日本語版」,GAME NACIONAL,IARC,7+,https://ja.wikipedia.org/wiki/Nintendo_Switch%E3%81%AE%E3%82%B2%E3%83%BC%E3%83%A0%E3%82%BF%E3%82%A4%E3%83%88%E3%83%AB%E4%B8%80%E8%A6%A7_%282024%E5%B9%B4%29
2024-08-09,SteamWorld Heist II,Thunderful,IARC,7+,https://ja.wikipedia.org/wiki/Nintendo_Switch%E3%81%AE%E3%82%B2%E3%83%BC%E3%83%A0%E3%82%BF%E3%82%A4%E3%83%88%E3%83%AB%E4%B8%80%E8%A6%A7_%282024%E5%B9%B4%29
2024-08-09,DOOM + DOOM II,ベセスダ・ソフトワークス,IARC,16+,https://ja.wikipedia.org/wiki/Nintendo_Switch%E3%81%AE%E3%82%B2%E3%83%BC%E3%83%A0%E3%82%BF%E3%82%A4%E3%83%88%E3%83%AB%E4%B8%80%E8%A6%A7_%282024%E5%B9%B4%29
2024-08-09,Escape from the Pharaoh's Tomb,ラタライカゲームス,IARC,7+,https://ja.wikipedia.org/wiki/Nintendo_Switch%E3%81%AE%E3%82%B2%E3%83%BC%E3%83%A0%E3%82%BF%E3%82%A4%E3%83%88%E3%83%AB%E4%B8%80%E8%A6%A7_%282024%E5%B9%B4%29
2024-08-15,Phantom Spark,Coatsink Software,IARC,3+,https://ja.wikipedia.org/wiki/Nintendo_Switch%E3%81%AE%E3%82%B2%E3%83%BC%E3%83%A0%E3%82%BF%E3%82%A4%E3%83%88%E3%83%AB%E4%B8%80%E8%A6%A7_%282024%E5%B9%B4%29
2024-08-15,Squiggle Drop,Noodlecake,IARC,3+,https://ja.wikipedia.org/wiki/Nintendo_Switch%E3%81%AE%E3%82%B2%E3%83%BC%E3%83%A0%E3%82%BF%E3%82%A4%E3%83%88%E3%83%AB%E4%B8%80%E8%A6%A7_%282024%E5%B9%B4%29
2024-08-15,Anime Girls: Beautiful Bride,Pakotime,IARC,12+,https://ja.wikipedia.org/wiki/Nintendo_Switch%E3%81%AE%E3%82%B2%E3%83%BC%E3%83%A0%E3%82%BF%E3%82%A4%E3%83%88%E3%83%AB%E4%B8%80%E8%A6%A7_%282024%E5%B9%B4%29
2024-08-15,カラスのおしごと,Unbound Creations,IARC,7+,https://ja.wikipedia.org/wiki/Nintendo_Switch%E3%81%AE%E3%82%B2%E3%83%BC%E3%83%A0%E3%82%BF%E3%82%A4%E3%83%88%E3%83%AB%E4%B8%80%E8%A6%A7_%282024%E5%B9%B4%29
2024-08-16,春待ちトロイダル,ケムコ,IARC,12+,https://ja.wikipedia.org/wiki/Nintendo_Switch%E3%81%AE%E3%82%B2%E3%83%BC%E3%83%A0%E3%82%BF%E3%82%A4%E3%83%88%E3%83%AB%E4%B8%80%E8%A6%A7_%282024%E5%B9%B4%29
2024-08-16,Murder Is Game Over: Streaming Death,ラタライカゲームス,IARC,16+,https://ja.wikipedia.org/wiki/Nintendo_Switch%E3%81%AE%E3%82%B2%E3%83%BC%E3%83%A0%E3%82%BF%E3%82%A4%E3%83%88%E3%83%AB%E4%B8%80%E8%A6%A7_%282024%E5%B9%B4%29
2024-08-18,D.C.K.: Dock Chess King,404 Games,IARC,3+,https://ja.wikipedia.org/wiki/Nintendo_Switch%E3%81%AE%E3%82%B2%E3%83%BC%E3%83%A0%E3%82%BF%E3%82%A4%E3%83%88%E3%83%AB%E4%B8%80%E8%A6%A7_%282024%E5%B9%B4%29
2024-08-20,Stumble Guys,Scopely,IARC,3+,https://ja.wikipedia.org/wiki/Nintendo_Switch%E3%81%AE%E3%82%B2%E3%83%BC%E3%83%A0%E3%82%BF%E3%82%A4%E3%83%88%E3%83%AB%E4%B8%80%E8%A6%A7_%282024%E5%B9%B4%29
2024-08-21,私の愛しい皇后,Neon Doctrine,IARC,16+,https://ja.wikipedia.org/wiki/Nintendo_Switch%E3%81%AE%E3%82%B2%E3%83%BC%E3%83%A0%E3%82%BF%E3%82%A4%E3%83%88%E3%83%AB%E4%B8%80%E8%A6%A7_%282024%E5%B9%B4%29
2024-08-22,韓国ドローン飛行ツアー済州島1,14次元,IARC,3+,https://ja.wikipedia.org/wiki/Nintendo_Switch%E3%81%AE%E3%82%B2%E3%83%BC%E3%83%A0%E3%82%BF%E3%82%A4%E3%83%88%E3%83%AB%E4%B8%80%E8%A6%A7_%282024%E5%B9%B4%29
2024-08-22,Hentai Paradise Vol. 3,17Studio,IARC,12+,https://ja.wikipedia.org/wiki/Nintendo_Switch%E3%81%AE%E3%82%B2%E3%83%BC%E3%83%A0%E3%82%BF%E3%82%A4%E3%83%88%E3%83%AB%E4%B8%80%E8%A6%A7_%282024%E5%B9%B4%29
2024-08-22,Verne - The Shape of Fantasy,Assemble Entertainment,IARC,3+,https://ja.wikipedia.org/wiki/Nintendo_Switch%E3%81%AE%E3%82%B2%E3%83%BC%E3%83%A0%E3%82%BF%E3%82%A4%E3%83%88%E3%83%AB%E4%B8%80%E8%A6%A7_%282024%E5%B9%B4%29
2024-08-22,Ultimate Fishing Supermarket Simulator 3D,Burlea Games Studio,IARC,3+,https://ja.wikipedia.org/wiki/Nintendo_Switch%E3%81%AE%E3%82%B2%E3%83%BC%E3%83%A0%E3%82%BF%E3%82%A4%E3%83%88%E3%83%AB%E4%B8%80%E8%A6%A7_%282024%E5%B9%B4%29
2024-08-22,Castaway,Canari Games,IARC,3+,https://ja.wikipedia.org/wiki/Nintendo_Switch%E3%81%AE%E3%82%B2%E3%83%BC%E3%83%A0%E3%82%BF%E3%82%A4%E3%83%88%E3%83%AB%E4%B8%80%E8%A6%A7_%282024%E5%B9%B4%29
2024-08-22,Puzzle Master The Ultimate Challenge of Wits: パズルマスター 知恵の究極の挑戦,CGI LAB,IARC,3+,https://ja.wikipedia.org/wiki/Nintendo_Switch%E3%81%AE%E3%82%B2%E3%83%BC%E3%83%A0%E3%82%BF%E3%82%A4%E3%83%88%E3%83%AB%E4%B8%80%E8%A6%A7_%282024%E5%B9%B4%29
2024-08-22,PAWfect Cat Mansion,COMMANDO PANDA,IARC,3+,https://ja.wikipedia.org/wiki/Nintendo_Switch%E3%81%AE%E3%82%B2%E3%83%BC%E3%83%A0%E3%82%BF%E3%82%A4%E3%83%88%E3%83%AB%E4%B8%80%E8%A6%A7_%282024%E5%B9%B4%29
2024-08-22,Colorizing,D-Games,IARC,3+,https://ja.wikipedia.org/wiki/Nintendo_Switch%E3%81%AE%E3%82%B2%E3%83%BC%E3%83%A0%E3%82%BF%E3%82%A4%E3%83%88%E3%83%AB%E4%B8%80%E8%A6%A7_%282024%E5%B9%B4%29
2024-08-22,Cyber Mission,eastasiasoft,IARC,7+,https://ja.wikipedia.org/wiki/Nintendo_Switch%E3%81%AE%E3%82%B2%E3%83%BC%E3%83%A0%E3%82%BF%E3%82%A4%E3%83%88%E3%83%AB%E4%B8%80%E8%A6%A7_%282024%E5%B9%B4%29
2024-08-22,Tiny Pixels Vol. 1 - Ninpo Blast,eastasiasoft,IARC,7+,https://ja.wikipedia.org/wiki/Nintendo_Switch%E3%81%AE%E3%82%B2%E3%83%BC%E3%83%A0%E3%82%BF%E3%82%A4%E3%83%88%E3%83%AB%E4%B8%80%E8%A6%A7_%282024%E5%B9%B4%29
2024-08-22,物探しの達人:ここは何もない,Error 300 Games,IARC,3+,https://ja.wikipedia.org/wiki/Nintendo_Switch%E3%81%AE%E3%82%B2%E3%83%BC%E3%83%A0%E3%82%BF%E3%82%A4%E3%83%88%E3%83%AB%E4%B8%80%E8%A6%A7_%282024%E5%B9%B4%29
2024-08-22,Overboss,Forever Entertainment,IARC,7+,https://ja.wikipedia.org/wiki/Nintendo_Switch%E3%81%AE%E3%82%B2%E3%83%BC%E3%83%A0%E3%82%BF%E3%82%A4%E3%83%88%E3%83%AB%E4%B8%80%E8%A6%A7_%282024%E5%B9%B4%29
2024-08-22,Rise Eterna War,Forever Entertainment,IARC,7+,https://ja.wikipedia.org/wiki/Nintendo_Switch%E3%81%AE%E3%82%B2%E3%83%BC%E3%83%A0%E3%82%BF%E3%82%A4%E3%83%88%E3%83%AB%E4%B8%80%E8%A6%A7_%282024%E5%B9%B4%29
2024-08-22,夜明け前夜,GCHJ studio,IARC,7+,https://ja.wikipedia.org/wiki/Nintendo_Switch%E3%81%AE%E3%82%B2%E3%83%BC%E3%83%A0%E3%82%BF%E3%82%A4%E3%83%88%E3%83%AB%E4%B8%80%E8%A6%A7_%282024%E5%B9%B4%29
2024-08-22,Ataraxie,Gravenoire Studio,IARC,7+,https://ja.wikipedia.org/wiki/Nintendo_Switch%E3%81%AE%E3%82%B2%E3%83%BC%E3%83%A0%E3%82%BF%E3%82%A4%E3%83%88%E3%83%AB%E4%B8%80%E8%A6%A7_%282024%E5%B9%B4%29
2024-08-22,地下の駅所,Guris,IARC,3+,https://ja.wikipedia.org/wiki/Nintendo_Switch%E3%81%AE%E3%82%B2%E3%83%BC%E3%83%A0%E3%82%BF%E3%82%A4%E3%83%88%E3%83%AB%E4%B8%80%E8%A6%A7_%282024%E5%B9%B4%29
2024-08-22,LASTFIGHT,Joindots,IARC,12+,https://ja.wikipedia.org/wiki/Nintendo_Switch%E3%81%AE%E3%82%B2%E3%83%BC%E3%83%A0%E3%82%BF%E3%82%A4%E3%83%88%E3%83%AB%E4%B8%80%E8%A6%A7_%282024%E5%B9%B4%29
2024-08-22,QuietMansion1,K App.,IARC,16+,https://ja.wikipedia.org/wiki/Nintendo_Switch%E3%81%AE%E3%82%B2%E3%83%BC%E3%83%A0%E3%82%BF%E3%82%A4%E3%83%88%E3%83%AB%E4%B8%80%E8%A6%A7_%282024%E5%B9%B4%29
2024-08-22,エレメンタルキューブ Elemental Cube,Kanuni Games,IARC,3+,https://ja.wikipedia.org/wiki/Nintendo_Switch%E3%81%AE%E3%82%B2%E3%83%BC%E3%83%A0%E3%82%BF%E3%82%A4%E3%83%88%E3%83%AB%E4%B8%80%E8%A6%A7_%282024%E5%B9%B4%29
2024-08-22,バナナタップ,Kanuni Games,IARC,3+,https://ja.wikipedia.org/wiki/Nintendo_Switch%E3%81%AE%E3%82%B2%E3%83%BC%E3%83%A0%E3%82%BF%E3%82%A4%E3%83%88%E3%83%AB%E4%B8%80%E8%A6%A7_%282024%E5%B9%B4%29
2024-08-22,Parking Masters,LMG,IARC,3+,https://ja.wikipedia.org/wiki/Nintendo_Switch%E3%81%AE%E3%82%B2%E3%83%BC%E3%83%A0%E3%82%BF%E3%82%A4%E3%83%88%E3%83%AB%E4%B8%80%E8%A6%A7_%282024%E5%B9%B4%29
2024-08-22,Supermarket Manager 2024,MagicProStudio,IARC,3+,https://ja.wikipedia.org/wiki/Nintendo_Switch%E3%81%AE%E3%82%B2%E3%83%BC%E3%83%A0%E3%82%BF%E3%82%A4%E3%83%88%E3%83%AB%E4%B8%80%E8%A6%A7_%282024%E5%B9%B4%29
2024-08-22,インスタントスポーツ:パラダイス,マスティフ (企業),IARC,3+,https://ja.wikipedia.org/wiki/Nintendo_Switch%E3%81%AE%E3%82%B2%E3%83%BC%E3%83%A0%E3%82%BF%E3%82%A4%E3%83%88%E3%83%AB%E4%B8%80%E8%A6%A7_%282024%E5%B9%B4%29
2024-08-22,ムーンショット,Max Interactive Studio,IARC,3+,https://ja.wikipedia.org/wiki/Nintendo_Switch%E3%81%AE%E3%82%B2%E3%83%BC%E3%83%A0%E3%82%BF%E3%82%A4%E3%83%88%E3%83%AB%E4%B8%80%E8%A6%A7_%282024%E5%B9%B4%29
2024-08-22,エアプレーン・レーサー フライト・シミュレーター,Megame,IARC,3+,https://ja.wikipedia.org/wiki/Nintendo_Switch%E3%81%AE%E3%82%B2%E3%83%BC%E3%83%A0%E3%82%BF%E3%82%A4%E3%83%88%E3%83%AB%E4%B8%80%E8%A6%A7_%282024%E5%B9%B4%29
2024-08-22,カラーリング・ブック・シミュレーター,Megame,IARC,3+,https://ja.wikipedia.org/wiki/Nintendo_Switch%E3%81%AE%E3%82%B2%E3%83%BC%E3%83%A0%E3%82%BF%E3%82%A4%E3%83%88%E3%83%AB%E4%B8%80%E8%A6%A7_%282024%E5%B9%B4%29
2024-08-22,Space Raft,Nami Tentou,IARC,3+,https://ja.wikipedia.org/wiki/Nintendo_Switch%E3%81%AE%E3%82%B2%E3%83%BC%E3%83%A0%E3%82%BF%E3%82%A4%E3%83%88%E3%83%AB%E4%B8%80%E8%A6%A7_%282024%E5%B9%B4%29
2024-08-22,しまった!美人に囲まれた!,NiuGamer,IARC,12+,https://ja.wikipedia.org/wiki/Nintendo_Switch%E3%81%AE%E3%82%B2%E3%83%BC%E3%83%A0%E3%82%BF%E3%82%A4%E3%83%88%E3%83%AB%E4%B8%80%E8%A6%A7_%282024%E5%B9%B4%29
2024-08-22,リング彫刻家,No Gravity Games,IARC,7+,https://ja.wikipedia.org/wiki/Nintendo_Switch%E3%81%AE%E3%82%B2%E3%83%BC%E3%83%A0%E3%82%BF%E3%82%A4%E3%83%88%E3%83%AB%E4%B8%80%E8%A6%A7_%282024%E5%B9%B4%29
2024-08-22,Hentai Girls: Paris Romance,Pakotime,IARC,12+,https://ja.wikipedia.org/wiki/Nintendo_Switch%E3%81%AE%E3%82%B2%E3%83%BC%E3%83%A0%E3%82%BF%E3%82%A4%E3%83%88%E3%83%AB%E4%B8%80%E8%A6%A7_%282024%E5%B9%B4%29
2024-08-22,Arco,Panic,IARC,16+,https://ja.wikipedia.org/wiki/Nintendo_Switch%E3%81%AE%E3%82%B2%E3%83%BC%E3%83%A0%E3%82%BF%E3%82%A4%E3%83%88%E3%83%AB%E4%B8%80%E8%A6%A7_%282024%E5%B9%B4%29
2024-08-22,グアヨタ,Plug In Digital,IARC,3+,https://ja.wikipedia.org/wiki/Nintendo_Switch%E3%81%AE%E3%82%B2%E3%83%BC%E3%83%A0%E3%82%BF%E3%82%A4%E3%83%88%E3%83%AB%E4%B8%80%E8%A6%A7_%282024%E5%B9%B4%29
2024-08-22,クッキング,RedDeerGames,IARC,3+,https://ja.wikipedia.org/wiki/Nintendo_Switch%E3%81%AE%E3%82%B2%E3%83%BC%E3%83%A0%E3%82%BF%E3%82%A4%E3%83%88%E3%83%AB%E4%B8%80%E8%A6%A7_%282024%E5%B9%B4%29
2024-08-22,Cat's Request,Sometimes You,IARC,7+,https://ja.wikipedia.org/wiki/Nintendo_Switch%E3%81%AE%E3%82%B2%E3%83%BC%E3%83%A0%E3%82%BF%E3%82%A4%E3%83%88%E3%83%AB%E4%B8%80%E8%A6%A7_%282024%E5%B9%B4%29
2024-08-22,Mangavania 2,Sometimes You,IARC,7+,https://ja.wikipedia.org/wiki/Nintendo_Switch%E3%81%AE%E3%82%B2%E3%83%BC%E3%83%A0%E3%82%BF%E3%82%A4%E3%83%88%E3%83%AB%E4%B8%80%E8%A6%A7_%282024%E5%B9%B4%29
2024-08-22,Turn to Mine,Sometimes You,IARC,7+,https://ja.wikipedia.org/wiki/Nintendo_Switch%E3%81%AE%E3%82%B2%E3%83%BC%E3%83%A0%E3%82%BF%E3%82%A4%E3%83%88%E3%83%AB%E4%B8%80%E8%A6%A7_%282024%E5%B9%B4%29
2024-08-22,Streets of Rogue,tinyBuild Games,IARC,12+,https://ja.wikipedia.org/wiki/Nintendo_Switch%E3%81%AE%E3%82%B2%E3%83%BC%E3%83%A0%E3%82%BF%E3%82%A4%E3%83%88%E3%83%AB%E4%B8%80%E8%A6%A7_%282024%E5%B9%B4%29
2024-08-22,兵団突撃:現代戦争,Untold Tales,IARC,16+,https://ja.wikipedia.org/wiki/Nintendo_Switch%E3%81%AE%E3%82%B2%E3%83%BC%E3%83%A0%E3%82%BF%E3%82%A4%E3%83%88%E3%83%AB%E4%B8%80%E8%A6%A7_%282024%E5%B9%B4%29
2024-08-22,Pixel Retro Drift - Arcade Car Racing,VRCFORGE STUDIOS,IARC,3+,https://ja.wikipedia.org/wiki/Nintendo_Switch%E3%81%AE%E3%82%B2%E3%83%BC%E3%83%A0%E3%82%BF%E3%82%A4%E3%83%88%E3%83%AB%E4%B8%80%E8%A6%A7_%282024%E5%B9%B4%29
2024-08-22,Shadowblade Knight Symphony,VRCFORGE STUDIOS,IARC,12+,https://ja.wikipedia.org/wiki/Nintendo_Switch%E3%81%AE%E3%82%B2%E3%83%BC%E3%83%A0%E3%82%BF%E3%82%A4%E3%83%88%E3%83%AB%E4%B8%80%E8%A6%A7_%282024%E5%B9%B4%29
2024-08-22,サイコロンブス,スタジオ斬,CERO,A,https://ja.wikipedia.org/wiki/Nintendo_Switch%E3%81%AE%E3%82%B2%E3%83%BC%E3%83%A0%E3%82%BF%E3%82%A4%E3%83%88%E3%83%AB%E4%B8%80%E8%A6%A7_%282024%E5%B9%B4%29
2024-08-22,GP CLUB LIFE モータースポーツチーム,レイニーフロッグ,IARC,3+,https://ja.wikipedia.org/wiki/Nintendo_Switch%E3%81%AE%E3%82%B2%E3%83%BC%E3%83%A0%E3%82%BF%E3%82%A4%E3%83%88%E3%83%AB%E4%B8%80%E8%A6%A7_%282024%E5%B9%B4%29
2024-08-22,ナツノカナタ beyond,わくわくゲームズ,IARC,7+,https://ja.wikipedia.org/wiki/Nintendo_Switch%E3%81%AE%E3%82%B2%E3%83%BC%E3%83%A0%E3%82%BF%E3%82%A4%E3%83%88%E3%83%AB%E4%B8%80%E8%A6%A7_%282024%E5%B9%B4%29
2024-08-23,Thermonuclear,ラタライカゲームス,IARC,7+,https://ja.wikipedia.org/wiki/Nintendo_Switch%E3%81%AE%E3%82%B2%E3%83%BC%E3%83%A0%E3%82%BF%E3%82%A4%E3%83%88%E3%83%AB%E4%B8%80%E8%A6%A7_%282024%E5%B9%B4%29
2024-08-26,ファイナルバブルボブル,タイトー,CERO,A,https://ja.wikipedia.org/wiki/Nintendo_Switch%E3%81%AE%E3%82%B2%E3%83%BC%E3%83%A0%E3%82%BF%E3%82%A4%E3%83%88%E3%83%AB%E4%B8%80%E8%A6%A7_%282024%E5%B9%B4%29
2024-08-28,ペグリン,BlitWorks Publishing,IARC,3+,https://ja.wikipedia.org/wiki/Nintendo_Switch%E3%81%AE%E3%82%B2%E3%83%BC%E3%83%A0%E3%82%BF%E3%82%A4%E3%83%88%E3%83%AB%E4%B8%80%E8%A6%A7_%282024%E5%B9%B4%29
2024-08-28,Goat Simulator 3,Coffee Stain Studios,CERO,C,https://ja.wikipedia.org/wiki/Nintendo_Switch%E3%81%AE%E3%82%B2%E3%83%BC%E3%83%A0%E3%82%BF%E3%82%A4%E3%83%88%E3%83%AB%E4%B8%80%E8%A6%A7_%282024%E5%B9%B4%29
2024-08-28,クリプト カストディアン,H2 INTERACTIVE,IARC,7+,https://ja.wikipedia.org/wiki/Nintendo_Switch%E3%81%AE%E3%82%B2%E3%83%BC%E3%83%A0%E3%82%BF%E3%82%A4%E3%83%88%E3%83%AB%E4%B8%80%E8%A6%A7_%282024%E5%B9%B4%29
2024-08-28,PICO PARK 2,TECOPARK,IARC,3+,https://ja.wikipedia.org/wiki/Nintendo_Switch%E3%81%AE%E3%82%B2%E3%83%BC%E3%83%A0%E3%82%BF%E3%82%A4%E3%83%88%E3%83%AB%E4%B8%80%E8%A6%A7_%282024%E5%B9%B4%29
2024-08-28,Pizza Tower,Tour De Pizza,IARC,12+,https://ja.wikipedia.org/wiki/Nintendo_Switch%E3%81%AE%E3%82%B2%E3%83%BC%E3%83%A0%E3%82%BF%E3%82%A4%E3%83%88%E3%83%AB%E4%B8%80%E8%A6%A7_%282024%E5%B9%B4%29
2024-08-28,どうぶつタワーバトル,Yabuzaki Company,IARC,3+,https://ja.wikipedia.org/wiki/Nintendo_Switch%E3%81%AE%E3%82%B2%E3%83%BC%E3%83%A0%E3%82%BF%E3%82%A4%E3%83%88%E3%83%AB%E4%B8%80%E8%A6%A7_%282024%E5%B9%B4%29
2024-08-28,ドラえもんのどら焼き屋さん物語,カイロソフト,IARC,7+,https://ja.wikipedia.org/wiki/Nintendo_Switch%E3%81%AE%E3%82%B2%E3%83%BC%E3%83%A0%E3%82%BF%E3%82%A4%E3%83%88%E3%83%AB%E4%B8%80%E8%A6%A7_%282024%E5%B9%B4%29
2024-08-28,Castlevania Dominus Collection,KONAMI,CERO,B,https://ja.wikipedia.org/wiki/Nintendo_Switch%E3%81%AE%E3%82%B2%E3%83%BC%E3%83%A0%E3%82%BF%E3%82%A4%E3%83%88%E3%83%AB%E4%B8%80%E8%A6%A7_%282024%E5%B9%B4%29
2024-08-28,Q2 HUMANITY,リイカ,IARC,3+,https://ja.wikipedia.org/wiki/Nintendo_Switch%E3%81%AE%E3%82%B2%E3%83%BC%E3%83%A0%E3%82%BF%E3%82%A4%E3%83%88%E3%83%AB%E4%B8%80%E8%A6%A7_%282024%E5%B9%B4%29
2024-08-29,Hentai Paradise Vol. 4,17Studio,IARC,12+,https://ja.wikipedia.org/wiki/Nintendo_Switch%E3%81%AE%E3%82%B2%E3%83%BC%E3%83%A0%E3%82%BF%E3%82%A4%E3%83%88%E3%83%AB%E4%B8%80%E8%A6%A7_%282024%E5%B9%B4%29
2024-08-29,The Knight's Path,404 Games,IARC,3+,https://ja.wikipedia.org/wiki/Nintendo_Switch%E3%81%AE%E3%82%B2%E3%83%BC%E3%83%A0%E3%82%BF%E3%82%A4%E3%83%88%E3%83%AB%E4%B8%80%E8%A6%A7_%282024%E5%B9%B4%29
2024-08-29,ピクセルボーイ2・キャッスルリベンジ,AppsGears,IARC,7+,https://ja.wikipedia.org/wiki/Nintendo_Switch%E3%81%AE%E3%82%B2%E3%83%BC%E3%83%A0%E3%82%BF%E3%82%A4%E3%83%88%E3%83%AB%E4%B8%80%E8%A6%A7_%282024%E5%B9%B4%29
2024-08-29,Fruit Attack!!,Asylum Square Interactive,IARC,3+,https://ja.wikipedia.org/wiki/Nintendo_Switch%E3%81%AE%E3%82%B2%E3%83%BC%E3%83%A0%E3%82%BF%E3%82%A4%E3%83%88%E3%83%AB%E4%B8%80%E8%A6%A7_%282024%E5%B9%B4%29
2024-08-29,Love Island,Big Way,IARC,12+,https://ja.wikipedia.org/wiki/Nintendo_Switch%E3%81%AE%E3%82%B2%E3%83%BC%E3%83%A0%E3%82%BF%E3%82%A4%E3%83%88%E3%83%AB%E4%B8%80%E8%A6%A7_%282024%E5%B9%B4%29
2024-08-29,Depths of Sanity,Bomb Shelter Games,IARC,7+,https://ja.wikipedia.org/wiki/Nintendo_Switch%E3%81%AE%E3%82%B2%E3%83%BC%E3%83%A0%E3%82%BF%E3%82%A4%E3%83%88%E3%83%AB%E4%B8%80%E8%A6%A7_%282024%E5%B9%B4%29
2024-08-29,バドミントンタイム,DECATHLON,IARC,3+,https://ja.wikipedia.org/wiki/Nintendo_Switch%E3%81%AE%E3%82%B2%E3%83%BC%E3%83%A0%E3%82%BF%E3%82%A4%E3%83%88%E3%83%AB%E4%B8%80%E8%A6%A7_%282024%E5%B9%B4%29
2024-08-29,魔法の宝石 父の日,Denda Games,IARC,3+,https://ja.wikipedia.org/wiki/Nintendo_Switch%E3%81%AE%E3%82%B2%E3%83%BC%E3%83%A0%E3%82%BF%E3%82%A4%E3%83%88%E3%83%AB%E4%B8%80%E8%A6%A7_%282024%E5%B9%B4%29
2024-08-29,SokoPenguin,eastasiasoft,IARC,3+,https://ja.wikipedia.org/wiki/Nintendo_Switch%E3%81%AE%E3%82%B2%E3%83%BC%E3%83%A0%E3%82%BF%E3%82%A4%E3%83%88%E3%83%AB%E4%B8%80%E8%A6%A7_%282024%E5%B9%B4%29
2024-08-29,MFC - Midnight Fight Club,GOGAME CONSOLE PUBLISHER,IARC,16+,https://ja.wikipedia.org/wiki/Nintendo_Switch%E3%81%AE%E3%82%B2%E3%83%BC%E3%83%A0%E3%82%BF%E3%82%A4%E3%83%88%E3%83%AB%E4%B8%80%E8%A6%A7_%282024%E5%B9%B4%29
2024-08-29,ゴリ: カドリー カーネイジ,H2 INTERACTIVE,CERO,D,https://ja.wikipedia.org/wiki/Nintendo_Switch%E3%81%AE%E3%82%B2%E3%83%BC%E3%83%A0%E3%82%BF%E3%82%A4%E3%83%88%E3%83%AB%E4%B8%80%E8%A6%A7_%282024%E5%B9%B4%29
2024-08-29,Voltaire: The Vegan Vampire,indie.io,IARC,3+,https://ja.wikipedia.org/wiki/Nintendo_Switch%E3%81%AE%E3%82%B2%E3%83%BC%E3%83%A0%E3%82%BF%E3%82%A4%E3%83%88%E3%83%AB%E4%B8%80%E8%A6%A7_%282024%E5%B9%B4%29
2024-08-29,Season Match HD,Joindots,IARC,3+,https://ja.wikipedia.org/wiki/Nintendo_Switch%E3%81%AE%E3%82%B2%E3%83%BC%E3%83%A0%E3%82%BF%E3%82%A4%E3%83%88%E3%83%AB%E4%B8%80%E8%A6%A7_%282024%E5%B9%B4%29
2024-08-29,ロストバルーンズ エアリーメイツ,KIMIDORI SOFT,IARC,3+,https://ja.wikipedia.org/wiki/Nintendo_Switch%E3%81%AE%E3%82%B2%E3%83%BC%E3%83%A0%E3%82%BF%E3%82%A4%E3%83%88%E3%83%AB%E4%B8%80%E8%A6%A7_%282024%E5%B9%B4%29
2024-08-29,クイズで身につく教養 孫子の兵法編 〜小学生から大人まで遊べる雑学教養クイズゲーム〜,MASK,IARC,3+,https://ja.wikipedia.org/wiki/Nintendo_Switch%E3%81%AE%E3%82%B2%E3%83%BC%E3%83%A0%E3%82%BF%E3%82%A4%E3%83%88%E3%83%AB%E4%B8%80%E8%A6%A7_%282024%E5%B9%B4%29
2024-08-29,脳トレ!!文字さがし 〜文字をみつけて知育脳活トレーニング〜,MASK,IARC,3+,https://ja.wikipedia.org/wiki/Nintendo_Switch%E3%81%AE%E3%82%B2%E3%83%BC%E3%83%A0%E3%82%BF%E3%82%A4%E3%83%88%E3%83%AB%E4%B8%80%E8%A6%A7_%282024%E5%B9%B4%29
2024-08-29,Leo: The Firefighter Cat,Maximum Entertainment,IARC,3+,https://ja.wikipedia.org/wiki/Nintendo_Switch%E3%81%AE%E3%82%B2%E3%83%BC%E3%83%A0%E3%82%BF%E3%82%A4%E3%83%88%E3%83%AB%E4%B8%80%E8%A6%A7_%282024%E5%B9%B4%29
2024-08-29,Farewell North,Mooneye Studios,IARC,7+,https://ja.wikipedia.org/wiki/Nintendo_Switch%E3%81%AE%E3%82%B2%E3%83%BC%E3%83%A0%E3%82%BF%E3%82%A4%E3%83%88%E3%83%AB%E4%B8%80%E8%A6%A7_%282024%E5%B9%B4%29
2024-08-29,Can of Wormholes,Munted Finger,IARC,3+,https://ja.wikipedia.org/wiki/Nintendo_Switch%E3%81%AE%E3%82%B2%E3%83%BC%E3%83%A0%E3%82%BF%E3%82%A4%E3%83%88%E3%83%AB%E4%B8%80%E8%A6%A7_%282024%E5%B9%B4%29
2024-08-29,Ninja I & II,Nami Tentou,IARC,3+,https://ja.wikipedia.org/wiki/Nintendo_Switch%E3%81%AE%E3%82%B2%E3%83%BC%E3%83%A0%E3%82%BF%E3%82%A4%E3%83%88%E3%83%AB%E4%B8%80%E8%A6%A7_%282024%E5%B9%B4%29
2024-08-29,Sugoi Girls: Exotic Egypt,Pakotime,IARC,12+,https://ja.wikipedia.org/wiki/Nintendo_Switch%E3%81%AE%E3%82%B2%E3%83%BC%E3%83%A0%E3%82%BF%E3%82%A4%E3%83%88%E3%83%AB%E4%B8%80%E8%A6%A7_%282024%E5%B9%B4%29
2024-08-29,Nour: Play with Your Food,Panic,IARC,3+,https://ja.wikipedia.org/wiki/Nintendo_Switch%E3%81%AE%E3%82%B2%E3%83%BC%E3%83%A0%E3%82%BF%E3%82%A4%E3%83%88%E3%83%AB%E4%B8%80%E8%A6%A7_%282024%E5%B9%B4%29
2024-08-29,Super Rewind or Die,Puppet Combo,IARC,12+,https://ja.wikipedia.org/wiki/Nintendo_Switch%E3%81%AE%E3%82%B2%E3%83%BC%E3%83%A0%E3%82%BF%E3%82%A4%E3%83%88%E3%83%AB%E4%B8%80%E8%A6%A7_%282024%E5%B9%B4%29
2024-08-29,Purrfect Rescue,Silesia Games,IARC,3+,https://ja.wikipedia.org/wiki/Nintendo_Switch%E3%81%AE%E3%82%B2%E3%83%BC%E3%83%A0%E3%82%BF%E3%82%A4%E3%83%88%E3%83%AB%E4%B8%80%E8%A6%A7_%282024%E5%B9%B4%29
2024-08-29,Koi-Koi Japan,Sticky Rice Games,IARC,3+,https://ja.wikipedia.org/wiki/Nintendo_Switch%E3%81%AE%E3%82%B2%E3%83%BC%E3%83%A0%E3%82%BF%E3%82%A4%E3%83%88%E3%83%AB%E4%B8%80%E8%A6%A7_%282024%E5%B9%B4%29
2024-08-29,ゲームで学べる！戦国時代クイズ合戦－みんなで遊べる歴史発見雑学教養豆知識学習対戦クイズ－,TT,IARC,3+,https://ja.wikipedia.org/wiki/Nintendo_Switch%E3%81%AE%E3%82%B2%E3%83%BC%E3%83%A0%E3%82%BF%E3%82%A4%E3%83%88%E3%83%AB%E4%B8%80%E8%A6%A7_%282024%E5%B9%B4%29
2024-08-29,神隠しミステリー－行方不明探偵！未解決事件謎解き推理サスペンスゲーム－,TT,IARC,16+,https://ja.wikipedia.org/wiki/Nintendo_Switch%E3%81%AE%E3%82%B2%E3%83%BC%E3%83%A0%E3%82%BF%E3%82%A4%E3%83%88%E3%83%AB%E4%B8%80%E8%A6%A7_%282024%E5%B9%B4%29
2024-08-29,Ruthless Carnage Hotline,VRCFORGE STUDIOS,IARC,12+,https://ja.wikipedia.org/wiki/Nintendo_Switch%E3%81%AE%E3%82%B2%E3%83%BC%E3%83%A0%E3%82%BF%E3%82%A4%E3%83%88%E3%83%AB%E4%B8%80%E8%A6%A7_%282024%E5%B9%B4%29
2024-08-29,SURVIVOR HEROES,VRCFORGE STUDIOS,IARC,7+,https://ja.wikipedia.org/wiki/Nintendo_Switch%E3%81%AE%E3%82%B2%E3%83%BC%E3%83%A0%E3%82%BF%E3%82%A4%E3%83%88%E3%83%AB%E4%B8%80%E8%A6%A7_%282024%E5%B9%B4%29
2024-08-29,Fly Fly,Zakym,IARC,7+,https://ja.wikipedia.org/wiki/Nintendo_Switch%E3%81%AE%E3%82%B2%E3%83%BC%E3%83%A0%E3%82%BF%E3%82%A4%E3%83%88%E3%83%AB%E4%B8%80%E8%A6%A7_%282024%E5%B9%B4%29
2024-08-29,Musical Vibes,ZikWave Studios,IARC,3+,https://ja.wikipedia.org/wiki/Nintendo_Switch%E3%81%AE%E3%82%B2%E3%83%BC%E3%83%A0%E3%82%BF%E3%82%A4%E3%83%88%E3%83%AB%E4%B8%80%E8%A6%A7_%282024%E5%B9%B4%29
2024-08-29,ニンジャガールズ:くノ一パズル,エイジ,IARC,3+,https://ja.wikipedia.org/wiki/Nintendo_Switch%E3%81%AE%E3%82%B2%E3%83%BC%E3%83%A0%E3%82%BF%E3%82%A4%E3%83%88%E3%83%AB%E4%B8%80%E8%A6%A7_%282024%E5%B9%B4%29
2024-08-29,廃遊園地のメメントメモリア,エンターグラム,CERO,C,https://ja.wikipedia.org/wiki/Nintendo_Switch%E3%81%AE%E3%82%B2%E3%83%BC%E3%83%A0%E3%82%BF%E3%82%A4%E3%83%88%E3%83%AB%E4%B8%80%E8%A6%A7_%282024%E5%B9%B4%29
2024-08-29,サイコロパズル10!,サクセス,IARC,3+,https://ja.wikipedia.org/wiki/Nintendo_Switch%E3%81%AE%E3%82%B2%E3%83%BC%E3%83%A0%E3%82%BF%E3%82%A4%E3%83%88%E3%83%AB%E4%B8%80%E8%A6%A7_%282024%E5%B9%B4%29
2024-08-29,ワールドウォー フューリー ウェーブ,トローゼ,IARC,16+,https://ja.wikipedia.org/wiki/Nintendo_Switch%E3%81%AE%E3%82%B2%E3%83%BC%E3%83%A0%E3%82%BF%E3%82%A4%E3%83%88%E3%83%AB%E4%B8%80%E8%A6%A7_%282024%E5%B9%B4%29
2024-08-29,神椿市協奏中。,フリュー,IARC,3+,https://ja.wikipedia.org/wiki/Nintendo_Switch%E3%81%AE%E3%82%B2%E3%83%BC%E3%83%A0%E3%82%BF%E3%82%A4%E3%83%88%E3%83%AB%E4%B8%80%E8%A6%A7_%282024%E5%B9%B4%29
2024-08-29,Monster Jam Showdown,マイルストーン,IARC,3+,https://ja.wikipedia.org/wiki/Nintendo_Switch%E3%81%AE%E3%82%B2%E3%83%BC%E3%83%A0%E3%82%BF%E3%82%A4%E3%83%88%E3%83%AB%E4%B8%80%E8%A6%A7_%282024%E5%B9%B4%29
2024-08-30,スーパーダーク・デセプション,Glowstick Entertainment,IARC,7+,https://ja.wikipedia.org/wiki/Nintendo_Switch%E3%81%AE%E3%82%B2%E3%83%BC%E3%83%A0%E3%82%BF%E3%82%A4%E3%83%88%E3%83%AB%E4%B8%80%E8%A6%A7_%282024%E5%B9%B4%29
2024-08-30,"Forests, Fields and Fortresses",ラタライカゲームス,IARC,7+,https://ja.wikipedia.org/wiki/Nintendo_Switch%E3%81%AE%E3%82%B2%E3%83%BC%E3%83%A0%E3%82%BF%E3%82%A4%E3%83%88%E3%83%AB%E4%B8%80%E8%A6%A7_%282024%E5%B9%B4%29
2024-09-05,What Happened - Through Worlds,404 Games,IARC,3+,https://ja.wikipedia.org/wiki/Nintendo_Switch%E3%81%AE%E3%82%B2%E3%83%BC%E3%83%A0%E3%82%BF%E3%82%A4%E3%83%88%E3%83%AB%E4%B8%80%E8%A6%A7_%282024%E5%B9%B4%29
2024-09-05,Shield King,Afil Games,IARC,7+,https://ja.wikipedia.org/wiki/Nintendo_Switch%E3%81%AE%E3%82%B2%E3%83%BC%E3%83%A0%E3%82%BF%E3%82%A4%E3%83%88%E3%83%AB%E4%B8%80%E8%A6%A7_%282024%E5%B9%B4%29
2024-09-05,Shashingo: Learn Japanese with Photography,Autumn Pioneer,IARC,3+,https://ja.wikipedia.org/wiki/Nintendo_Switch%E3%81%AE%E3%82%B2%E3%83%BC%E3%83%A0%E3%82%BF%E3%82%A4%E3%83%88%E3%83%AB%E4%B8%80%E8%A6%A7_%282024%E5%B9%B4%29
2024-09-05,Animal Water Pang!,CFK,IARC,3+,https://ja.wikipedia.org/wiki/Nintendo_Switch%E3%81%AE%E3%82%B2%E3%83%BC%E3%83%A0%E3%82%BF%E3%82%A4%E3%83%88%E3%83%AB%E4%B8%80%E8%A6%A7_%282024%E5%B9%B4%29
2024-09-05,Gold Digger: The Simulator,DEZVOLT GAMES,IARC,3+,https://ja.wikipedia.org/wiki/Nintendo_Switch%E3%81%AE%E3%82%B2%E3%83%BC%E3%83%A0%E3%82%BF%E3%82%A4%E3%83%88%E3%83%AB%E4%B8%80%E8%A6%A7_%282024%E5%B9%B4%29
2024-09-05,Mining Mechs,eastasiasoft,IARC,7+,https://ja.wikipedia.org/wiki/Nintendo_Switch%E3%81%AE%E3%82%B2%E3%83%BC%E3%83%A0%E3%82%BF%E3%82%A4%E3%83%88%E3%83%AB%E4%B8%80%E8%A6%A7_%282024%E5%B9%B4%29
2024-09-05,ガーラント:冒険物語,Gamirror Games,IARC,3+,https://ja.wikipedia.org/wiki/Nintendo_Switch%E3%81%AE%E3%82%B2%E3%83%BC%E3%83%A0%E3%82%BF%E3%82%A4%E3%83%88%E3%83%AB%E4%B8%80%E8%A6%A7_%282024%E5%B9%B4%29
2024-09-05,浮世絵間違いさがし 富嶽三十六景 〜富嶽三十六景の中から間違いを見つけよう〜,MASK,IARC,3+,https://ja.wikipedia.org/wiki/Nintendo_Switch%E3%81%AE%E3%82%B2%E3%83%BC%E3%83%A0%E3%82%BF%E3%82%A4%E3%83%88%E3%83%AB%E4%B8%80%E8%A6%A7_%282024%E5%B9%B4%29
2024-09-05,Tsetseg's Adventure,Nejcraft,IARC,3+,https://ja.wikipedia.org/wiki/Nintendo_Switch%E3%81%AE%E3%82%B2%E3%83%BC%E3%83%A0%E3%82%BF%E3%82%A4%E3%83%88%E3%83%AB%E4%B8%80%E8%A6%A7_%282024%E5%B9%B4%29
2024-09-05,サイボーグフォース,NEO BYTE FORCE,IARC,16+,https://ja.wikipedia.org/wiki/Nintendo_Switch%E3%81%AE%E3%82%B2%E3%83%BC%E3%83%A0%E3%82%BF%E3%82%A4%E3%83%88%E3%83%AB%E4%B8%80%E8%A6%A7_%282024%E5%B9%B4%29
2024-09-05,Hentai Girls: Lovely Lieutenant,Pakotime,IARC,12+,https://ja.wikipedia.org/wiki/Nintendo_Switch%E3%81%AE%E3%82%B2%E3%83%BC%E3%83%A0%E3%82%BF%E3%82%A4%E3%83%88%E3%83%AB%E4%B8%80%E8%A6%A7_%282024%E5%B9%B4%29
2024-09-05,Kalinur,Penguin Pop Games,IARC,7+,https://ja.wikipedia.org/wiki/Nintendo_Switch%E3%81%AE%E3%82%B2%E3%83%BC%E3%83%A0%E3%82%BF%E3%82%A4%E3%83%88%E3%83%AB%E4%B8%80%E8%A6%A7_%282024%E5%B9%B4%29
2024-09-05,Grand Prix Formula One,Pix Arts,IARC,3+,https://ja.wikipedia.org/wiki/Nintendo_Switch%E3%81%AE%E3%82%B2%E3%83%BC%E3%83%A0%E3%82%BF%E3%82%A4%E3%83%88%E3%83%AB%E4%B8%80%E8%A6%A7_%282024%E5%B9%B4%29
2024-09-05,VハンターパズラーDX,RAWRLAB Games,IARC,3+,https://ja.wikipedia.org/wiki/Nintendo_Switch%E3%81%AE%E3%82%B2%E3%83%BC%E3%83%A0%E3%82%BF%E3%82%A4%E3%83%88%E3%83%AB%E4%B8%80%E8%A6%A7_%282024%E5%B9%B4%29
2024-09-05,257番目の元素,REAL KYOTO,IARC,12+,https://ja.wikipedia.org/wiki/Nintendo_Switch%E3%81%AE%E3%82%B2%E3%83%BC%E3%83%A0%E3%82%BF%E3%82%A4%E3%83%88%E3%83%AB%E4%B8%80%E8%A6%A7_%282024%E5%B9%B4%29
2024-09-05,FlipBook,RedDeerGames,IARC,3+,https://ja.wikipedia.org/wiki/Nintendo_Switch%E3%81%AE%E3%82%B2%E3%83%BC%E3%83%A0%E3%82%BF%E3%82%A4%E3%83%88%E3%83%AB%E4%B8%80%E8%A6%A7_%282024%E5%B9%B4%29
2024-09-05,アルティメット ホリデー,RedDeerGames,IARC,3+,https://ja.wikipedia.org/wiki/Nintendo_Switch%E3%81%AE%E3%82%B2%E3%83%BC%E3%83%A0%E3%82%BF%E3%82%A4%E3%83%88%E3%83%AB%E4%B8%80%E8%A6%A7_%282024%E5%B9%B4%29
2024-09-05,消しゴム落とし バトルロイヤル,SAT-BOX,IARC,3+,https://ja.wikipedia.org/wiki/Nintendo_Switch%E3%81%AE%E3%82%B2%E3%83%BC%E3%83%A0%E3%82%BF%E3%82%A4%E3%83%88%E3%83%AB%E4%B8%80%E8%A6%A7_%282024%E5%B9%B4%29
2024-09-05,Space Bouncer,Zakym,IARC,3+,https://ja.wikipedia.org/wiki/Nintendo_Switch%E3%81%AE%E3%82%B2%E3%83%BC%E3%83%A0%E3%82%BF%E3%82%A4%E3%83%88%E3%83%AB%E4%B8%80%E8%A6%A7_%282024%E5%B9%B4%29
2024-09-05,仙狐さんといっしょ,カエルエックス,CERO,B,https://ja.wikipedia.org/wiki/Nintendo_Switch%E3%81%AE%E3%82%B2%E3%83%BC%E3%83%A0%E3%82%BF%E3%82%A4%E3%83%88%E3%83%AB%E4%B8%80%E8%A6%A7_%282024%E5%B9%B4%29
2024-09-05,くるくる回そう!方向幕コレクション for Nintendo Switch -近畿日本鉄道編 part1 近鉄奈良線- 鉄道方向幕シミュレーター,カエルパンダ,IARC,3+,https://ja.wikipedia.org/wiki/Nintendo_Switch%E3%81%AE%E3%82%B2%E3%83%BC%E3%83%A0%E3%82%BF%E3%82%A4%E3%83%88%E3%83%AB%E4%B8%80%E8%A6%A7_%282024%E5%B9%B4%29
2024-09-05,ペーパーゴーストストーリーズ:サードアイオープン,コーラス・ワールドワイド,IARC,12+,https://ja.wikipedia.org/wiki/Nintendo_Switch%E3%81%AE%E3%82%B2%E3%83%BC%E3%83%A0%E3%82%BF%E3%82%A4%E3%83%88%E3%83%AB%E4%B8%80%E8%A6%A7_%282024%E5%B9%B4%29
2024-09-05,爆裂!スイーツランド,ソニックパワード,CERO,A,https://ja.wikipedia.org/wiki/Nintendo_Switch%E3%81%AE%E3%82%B2%E3%83%BC%E3%83%A0%E3%82%BF%E3%82%A4%E3%83%88%E3%83%AB%E4%B8%80%E8%A6%A7_%282024%E5%B9%B4%29
2024-09-05,SUPER SHAKING GIRL!!!,わくわくゲームズ,IARC,3+,https://ja.wikipedia.org/wiki/Nintendo_Switch%E3%81%AE%E3%82%B2%E3%83%BC%E3%83%A0%E3%82%BF%E3%82%A4%E3%83%88%E3%83%AB%E4%B8%80%E8%A6%A7_%282024%E5%B9%B4%29
2024-09-06,エアロ ザ アクロバット 2,Shinyuden,IARC,7+,https://ja.wikipedia.org/wiki/Nintendo_Switch%E3%81%AE%E3%82%B2%E3%83%BC%E3%83%A0%E3%82%BF%E3%82%A4%E3%83%88%E3%83%AB%E4%B8%80%E8%A6%A7_%282024%E5%B9%B4%29
2024-09-10,Customers From Hell,ラタライカゲームス,IARC,16+,https://ja.wikipedia.org/wiki/Nintendo_Switch%E3%81%AE%E3%82%B2%E3%83%BC%E3%83%A0%E3%82%BF%E3%82%A4%E3%83%88%E3%83%AB%E4%B8%80%E8%A6%A7_%282024%E5%B9%B4%29
2024-09-12,Line Time,2P Games,IARC,3+,https://ja.wikipedia.org/wiki/Nintendo_Switch%E3%81%AE%E3%82%B2%E3%83%BC%E3%83%A0%E3%82%BF%E3%82%A4%E3%83%88%E3%83%AB%E4%B8%80%E8%A6%A7_%282024%E5%B9%B4%29
2024-09-12,Dare to Spread: Army Turn Based Strategy,404 Games,IARC,12+,https://ja.wikipedia.org/wiki/Nintendo_Switch%E3%81%AE%E3%82%B2%E3%83%BC%E3%83%A0%E3%82%BF%E3%82%A4%E3%83%88%E3%83%AB%E4%B8%80%E8%A6%A7_%282024%E5%B9%B4%29
2024-09-12,Eden Genesis,Aeternum Game Studios,IARC,16+,https://ja.wikipedia.org/wiki/Nintendo_Switch%E3%81%AE%E3%82%B2%E3%83%BC%E3%83%A0%E3%82%BF%E3%82%A4%E3%83%88%E3%83%AB%E4%B8%80%E8%A6%A7_%282024%E5%B9%B4%29
2024-09-12,終焉のパラダイス,Astrolabe Games,IARC,16+,https://ja.wikipedia.org/wiki/Nintendo_Switch%E3%81%AE%E3%82%B2%E3%83%BC%E3%83%A0%E3%82%BF%E3%82%A4%E3%83%88%E3%83%AB%E4%B8%80%E8%A6%A7_%282024%E5%B9%B4%29
2024-09-12,Yars Rising,Atari,IARC,7+,https://ja.wikipedia.org/wiki/Nintendo_Switch%E3%81%AE%E3%82%B2%E3%83%BC%E3%83%A0%E3%82%BF%E3%82%A4%E3%83%88%E3%83%AB%E4%B8%80%E8%A6%A7_%282024%E5%B9%B4%29
2024-09-12,Aidan In Danger,Brainium Games,IARC,3+,https://ja.wikipedia.org/wiki/Nintendo_Switch%E3%81%AE%E3%82%B2%E3%83%BC%E3%83%A0%E3%82%BF%E3%82%A4%E3%83%88%E3%83%AB%E4%B8%80%E8%A6%A7_%282024%E5%B9%B4%29
2024-09-12,ダウンフォール,CFK,IARC,16+,https://ja.wikipedia.org/wiki/Nintendo_Switch%E3%81%AE%E3%82%B2%E3%83%BC%E3%83%A0%E3%82%BF%E3%82%A4%E3%83%88%E3%83%AB%E4%B8%80%E8%A6%A7_%282024%E5%B9%B4%29
2024-09-12,Edge of Sanity,Daedalic Entertainment,IARC,12+,https://ja.wikipedia.org/wiki/Nintendo_Switch%E3%81%AE%E3%82%B2%E3%83%BC%E3%83%A0%E3%82%BF%E3%82%A4%E3%83%88%E3%83%AB%E4%B8%80%E8%A6%A7_%282024%E5%B9%B4%29
2024-09-12,Kiki - A Vibrant 3D Platformer,eastasiasoft,IARC,7+,https://ja.wikipedia.org/wiki/Nintendo_Switch%E3%81%AE%E3%82%B2%E3%83%BC%E3%83%A0%E3%82%BF%E3%82%A4%E3%83%88%E3%83%AB%E4%B8%80%E8%A6%A7_%282024%E5%B9%B4%29
2024-09-12,Moe Waifu H Genius,eastasiasoft,IARC,12+,https://ja.wikipedia.org/wiki/Nintendo_Switch%E3%81%AE%E3%82%B2%E3%83%BC%E3%83%A0%E3%82%BF%E3%82%A4%E3%83%88%E3%83%AB%E4%B8%80%E8%A6%A7_%282024%E5%B9%B4%29
2024-09-12,ニューヨーク・ミステリーズ:マフィアの秘密,FIVE-BN STUDIO,IARC,7+,https://ja.wikipedia.org/wiki/Nintendo_Switch%E3%81%AE%E3%82%B2%E3%83%BC%E3%83%A0%E3%82%BF%E3%82%A4%E3%83%88%E3%83%AB%E4%B8%80%E8%A6%A7_%282024%E5%B9%B4%29
2024-09-12,ロスト・ランド:暗黒の大君主,FIVE-BN STUDIO,IARC,7+,https://ja.wikipedia.org/wiki/Nintendo_Switch%E3%81%AE%E3%82%B2%E3%83%BC%E3%83%A0%E3%82%BF%E3%82%A4%E3%83%88%E3%83%AB%E4%B8%80%E8%A6%A7_%282024%E5%B9%B4%29
2024-09-12,Beneath Oresa,Goblinz Studio,IARC,12+,https://ja.wikipedia.org/wiki/Nintendo_Switch%E3%81%AE%E3%82%B2%E3%83%BC%E3%83%A0%E3%82%BF%E3%82%A4%E3%83%88%E3%83%AB%E4%B8%80%E8%A6%A7_%282024%E5%B9%B4%29
2024-09-12,10秒の幽霊,Happy Player,IARC,3+,https://ja.wikipedia.org/wiki/Nintendo_Switch%E3%81%AE%E3%82%B2%E3%83%BC%E3%83%A0%E3%82%BF%E3%82%A4%E3%83%88%E3%83%AB%E4%B8%80%E8%A6%A7_%282024%E5%B9%B4%29
2024-09-12,クロッシーロードキャッスル,Hipster Whale,IARC,7+,https://ja.wikipedia.org/wiki/Nintendo_Switch%E3%81%AE%E3%82%B2%E3%83%BC%E3%83%A0%E3%82%BF%E3%82%A4%E3%83%88%E3%83%AB%E4%B8%80%E8%A6%A7_%282024%E5%B9%B4%29
2024-09-12,エイリアンプラネット,HUNTERS,IARC,16+,https://ja.wikipedia.org/wiki/Nintendo_Switch%E3%81%AE%E3%82%B2%E3%83%BC%E3%83%A0%E3%82%BF%E3%82%A4%E3%83%88%E3%83%AB%E4%B8%80%E8%A6%A7_%282024%E5%B9%B4%29
2024-09-12,Island Flight Simulator,Joindots,IARC,3+,https://ja.wikipedia.org/wiki/Nintendo_Switch%E3%81%AE%E3%82%B2%E3%83%BC%E3%83%A0%E3%82%BF%E3%82%A4%E3%83%88%E3%83%AB%E4%B8%80%E8%A6%A7_%282024%E5%B9%B4%29
2024-09-12,将軍 対決 Shogun Showdown,JUSTDAN INTERNATIONAL,CERO,B,https://ja.wikipedia.org/wiki/Nintendo_Switch%E3%81%AE%E3%82%B2%E3%83%BC%E3%83%A0%E3%82%BF%E3%82%A4%E3%83%88%E3%83%AB%E4%B8%80%E8%A6%A7_%282024%E5%B9%B4%29
2024-09-12,最恐 -青鬼-,LiTMUS,IARC,16+,https://ja.wikipedia.org/wiki/Nintendo_Switch%E3%81%AE%E3%82%B2%E3%83%BC%E3%83%A0%E3%82%BF%E3%82%A4%E3%83%88%E3%83%AB%E4%B8%80%E8%A6%A7_%282024%E5%B9%B4%29
2024-09-12,小学生で知りたい法律 こども裁判クイズ－それって有罪かも!? 2択でかんたん法律雑学教養豆知識学習クイズ－,MASK,IARC,3+,https://ja.wikipedia.org/wiki/Nintendo_Switch%E3%81%AE%E3%82%B2%E3%83%BC%E3%83%A0%E3%82%BF%E3%82%A4%E3%83%88%E3%83%AB%E4%B8%80%E8%A6%A7_%282024%E5%B9%B4%29
2024-09-12,東日本VS西日本どっちだクイズ－それって常識じゃないかも? 2択でかんたん 雑学教養豆知識学習クイズ－,MASK,IARC,3+,https://ja.wikipedia.org/wiki/Nintendo_Switch%E3%81%AE%E3%82%B2%E3%83%BC%E3%83%A0%E3%82%BF%E3%82%A4%E3%83%88%E3%83%AB%E4%B8%80%E8%A6%A7_%282024%E5%B9%B4%29
2024-09-12,バブルブラスターDX,Max Interactive Studio,IARC,3+,https://ja.wikipedia.org/wiki/Nintendo_Switch%E3%81%AE%E3%82%B2%E3%83%BC%E3%83%A0%E3%82%BF%E3%82%A4%E3%83%88%E3%83%AB%E4%B8%80%E8%A6%A7_%282024%E5%B9%B4%29
2024-09-12,Wild Bastards,Maximum Entertainment,IARC,16+,https://ja.wikipedia.org/wiki/Nintendo_Switch%E3%81%AE%E3%82%B2%E3%83%BC%E3%83%A0%E3%82%BF%E3%82%A4%E3%83%88%E3%83%AB%E4%B8%80%E8%A6%A7_%282024%E5%B9%B4%29
2024-09-12,Selfloss,Merge Games,IARC,12+,https://ja.wikipedia.org/wiki/Nintendo_Switch%E3%81%AE%E3%82%B2%E3%83%BC%E3%83%A0%E3%82%BF%E3%82%A4%E3%83%88%E3%83%AB%E4%B8%80%E8%A6%A7_%282024%E5%B9%B4%29
2024-09-12,グーブ&バルーンズDX,Nejcraft,IARC,3+,https://ja.wikipedia.org/wiki/Nintendo_Switch%E3%81%AE%E3%82%B2%E3%83%BC%E3%83%A0%E3%82%BF%E3%82%A4%E3%83%88%E3%83%AB%E4%B8%80%E8%A6%A7_%282024%E5%B9%B4%29
2024-09-12,Sugoi Girls: Mighty Mecha,Pakotime,IARC,12+,https://ja.wikipedia.org/wiki/Nintendo_Switch%E3%81%AE%E3%82%B2%E3%83%BC%E3%83%A0%E3%82%BF%E3%82%A4%E3%83%88%E3%83%AB%E4%B8%80%E8%A6%A7_%282024%E5%B9%B4%29
2024-09-12,Elsie,Playtonic Friends,IARC,3+,https://ja.wikipedia.org/wiki/Nintendo_Switch%E3%81%AE%E3%82%B2%E3%83%BC%E3%83%A0%E3%82%BF%E3%82%A4%E3%83%88%E3%83%AB%E4%B8%80%E8%A6%A7_%282024%E5%B9%B4%29
2024-09-12,Caravan SandWitch,Plug In Digital,IARC,12+,https://ja.wikipedia.org/wiki/Nintendo_Switch%E3%81%AE%E3%82%B2%E3%83%BC%E3%83%A0%E3%82%BF%E3%82%A4%E3%83%88%E3%83%AB%E4%B8%80%E8%A6%A7_%282024%E5%B9%B4%29
2024-09-12,Fabledom,Plug In Digital,IARC,3+,https://ja.wikipedia.org/wiki/Nintendo_Switch%E3%81%AE%E3%82%B2%E3%83%BC%E3%83%A0%E3%82%BF%E3%82%A4%E3%83%88%E3%83%AB%E4%B8%80%E8%A6%A7_%282024%E5%B9%B4%29
2024-09-12,Road Defense: Outsiders,QUByte Interactive,IARC,16+,https://ja.wikipedia.org/wiki/Nintendo_Switch%E3%81%AE%E3%82%B2%E3%83%BC%E3%83%A0%E3%82%BF%E3%82%A4%E3%83%88%E3%83%AB%E4%B8%80%E8%A6%A7_%282024%E5%B9%B4%29
2024-09-12,SUPERMARKET SIMULATOR PRO,RandomSpin Games,IARC,3+,https://ja.wikipedia.org/wiki/Nintendo_Switch%E3%81%AE%E3%82%B2%E3%83%BC%E3%83%A0%E3%82%BF%E3%82%A4%E3%83%88%E3%83%AB%E4%B8%80%E8%A6%A7_%282024%E5%B9%B4%29
2024-09-12,作って!クレープ,SAT-BOX,IARC,3+,https://ja.wikipedia.org/wiki/Nintendo_Switch%E3%81%AE%E3%82%B2%E3%83%BC%E3%83%A0%E3%82%BF%E3%82%A4%E3%83%88%E3%83%AB%E4%B8%80%E8%A6%A7_%282024%E5%B9%B4%29
2024-09-12,The Dawning Clocks of Time Remake,SPACEFARER GAMES,IARC,12+,https://ja.wikipedia.org/wiki/Nintendo_Switch%E3%81%AE%E3%82%B2%E3%83%BC%E3%83%A0%E3%82%BF%E3%82%A4%E3%83%88%E3%83%AB%E4%B8%80%E8%A6%A7_%282024%E5%B9%B4%29
2024-09-12,Warzone Chronicles 2: Warfare Shooter Zombie,SUCCESS GAMES,IARC,16+,https://ja.wikipedia.org/wiki/Nintendo_Switch%E3%81%AE%E3%82%B2%E3%83%BC%E3%83%A0%E3%82%BF%E3%82%A4%E3%83%88%E3%83%AB%E4%B8%80%E8%A6%A7_%282024%E5%B9%B4%29
2024-09-12,Grapple Dogs: Cosmic Canines,Super Rare Games,IARC,7+,https://ja.wikipedia.org/wiki/Nintendo_Switch%E3%81%AE%E3%82%B2%E3%83%BC%E3%83%A0%E3%82%BF%E3%82%A4%E3%83%88%E3%83%AB%E4%B8%80%E8%A6%A7_%282024%E5%B9%B4%29
2024-09-12,Rugrats: Adventures in Gameland,The MIX Games Inc,IARC,7+,https://ja.wikipedia.org/wiki/Nintendo_Switch%E3%81%AE%E3%82%B2%E3%83%BC%E3%83%A0%E3%82%BF%E3%82%A4%E3%83%88%E3%83%AB%E4%B8%80%E8%A6%A7_%282024%E5%B9%B4%29
2024-09-12,写真を見て答えよう！国あて3ヒントクイズ！ 〜世界の文化と国旗が学べる教養クイズゲーム〜,TT,IARC,3+,https://ja.wikipedia.org/wiki/Nintendo_Switch%E3%81%AE%E3%82%B2%E3%83%BC%E3%83%A0%E3%82%BF%E3%82%A4%E3%83%88%E3%83%AB%E4%B8%80%E8%A6%A7_%282024%E5%B9%B4%29
2024-09-12,Robot vs Monsters,Zakym,IARC,7+,https://ja.wikipedia.org/wiki/Nintendo_Switch%E3%81%AE%E3%82%B2%E3%83%BC%E3%83%A0%E3%82%BF%E3%82%A4%E3%83%88%E3%83%AB%E4%B8%80%E8%A6%A7_%282024%E5%B9%B4%29
2024-09-12,マーベルVSカプコン ファイティングコレクション アーケードクラシックス,カプコン,CERO,B,https://ja.wikipedia.org/wiki/Nintendo_Switch%E3%81%AE%E3%82%B2%E3%83%BC%E3%83%A0%E3%82%BF%E3%82%A4%E3%83%88%E3%83%AB%E4%B8%80%E8%A6%A7_%282024%E5%B9%B4%29
2024-09-12,古書店街の橋姫 々 満天,dramatic create/ヒューネックス,IARC,7+,https://ja.wikipedia.org/wiki/Nintendo_Switch%E3%81%AE%E3%82%B2%E3%83%BC%E3%83%A0%E3%82%BF%E3%82%A4%E3%83%88%E3%83%AB%E4%B8%80%E8%A6%A7_%282024%E5%B9%B4%29
2024-09-12,キャンプで目指せ全国制覇!定期テスト暗記トラベラー理科社会,ベネッセコーポレーション,CERO,A,https://ja.wikipedia.org/wiki/Nintendo_Switch%E3%81%AE%E3%82%B2%E3%83%BC%E3%83%A0%E3%82%BF%E3%82%A4%E3%83%88%E3%83%AB%E4%B8%80%E8%A6%A7_%282024%E5%B9%B4%29
2024-09-12,クイズでなかまを救え! 世界地図パネルバトル,不明,"","",https://ja.wikipedia.org/wiki/Nintendo_Switch%E3%81%AE%E3%82%B2%E3%83%BC%E3%83%A0%E3%82%BF%E3%82%A4%E3%83%88%E3%83%AB%E4%B8%80%E8%A6%A7_%282024%E5%B9%B4%29
2024-09-12,バトルでなかまを救え! 歴史オールスタークイズ,不明,"","",https://ja.wikipedia.org/wiki/Nintendo_Switch%E3%81%AE%E3%82%B2%E3%83%BC%E3%83%A0%E3%82%BF%E3%82%A4%E3%83%88%E3%83%AB%E4%B8%80%E8%A6%A7_%282024%E5%B9%B4%29
2024-09-12,バトルで進化!小学校完成モンスターアドベンチャー国語・算数・英語,不明,"","",https://ja.wikipedia.org/wiki/Nintendo_Switch%E3%81%AE%E3%82%B2%E3%83%BC%E3%83%A0%E3%82%BF%E3%82%A4%E3%83%88%E3%83%AB%E4%B8%80%E8%A6%A7_%282024%E5%B9%B4%29
2024-09-12,リズムに あわせて ほって! なげて! けいさんパズルアドベンチャー,不明,"","",https://ja.wikipedia.org/wiki/Nintendo_Switch%E3%81%AE%E3%82%B2%E3%83%BC%E3%83%A0%E3%82%BF%E3%82%A4%E3%83%88%E3%83%AB%E4%B8%80%E8%A6%A7_%282024%E5%B9%B4%29
2024-09-12,天才数学者からの挑戦状 カードバトル in 小数の国,不明,"","",https://ja.wikipedia.org/wiki/Nintendo_Switch%E3%81%AE%E3%82%B2%E3%83%BC%E3%83%A0%E3%82%BF%E3%82%A4%E3%83%88%E3%83%AB%E4%B8%80%E8%A6%A7_%282024%E5%B9%B4%29
2024-09-12,都道府県 陣取りバトル47,不明,"","",https://ja.wikipedia.org/wiki/Nintendo_Switch%E3%81%AE%E3%82%B2%E3%83%BC%E3%83%A0%E3%82%BF%E3%82%A4%E3%83%88%E3%83%AB%E4%B8%80%E8%A6%A7_%282024%E5%B9%B4%29
2024-09-12,走って!飛んで!体感クイズバトル 忍者おさらいRUN〜漢字・計算・英単語〜,不明,"","",https://ja.wikipedia.org/wiki/Nintendo_Switch%E3%81%AE%E3%82%B2%E3%83%BC%E3%83%A0%E3%82%BF%E3%82%A4%E3%83%88%E3%83%AB%E4%B8%80%E8%A6%A7_%282024%E5%B9%B4%29
2024-09-12,無人島で探検!発見! 理科社会すごろクイズアドベンチャー,不明,"","",https://ja.wikipedia.org/wiki/Nintendo_Switch%E3%81%AE%E3%82%B2%E3%83%BC%E3%83%A0%E3%82%BF%E3%82%A4%E3%83%88%E3%83%AB%E4%B8%80%E8%A6%A7_%282024%E5%B9%B4%29
2024-09-13,Celestia: Chain of Fate,PQube,IARC,12+,https://ja.wikipedia.org/wiki/Nintendo_Switch%E3%81%AE%E3%82%B2%E3%83%BC%E3%83%A0%E3%82%BF%E3%82%A4%E3%83%88%E3%83%AB%E4%B8%80%E8%A6%A7_%282024%E5%B9%B4%29
2024-09-13,METRO QUESTER / OSAKA,ケムコ,IARC,12+,https://ja.wikipedia.org/wiki/Nintendo_Switch%E3%81%AE%E3%82%B2%E3%83%BC%E3%83%A0%E3%82%BF%E3%82%A4%E3%83%88%E3%83%AB%E4%B8%80%E8%A6%A7_%282024%E5%B9%B4%29
2024-09-13,Samurai Kento,ラタライカゲームス,IARC,7+,https://ja.wikipedia.org/wiki/Nintendo_Switch%E3%81%AE%E3%82%B2%E3%83%BC%E3%83%A0%E3%82%BF%E3%82%A4%E3%83%88%E3%83%AB%E4%B8%80%E8%A6%A7_%282024%E5%B9%B4%29
2024-09-18,Ziggy,Afil Games,IARC,3+,https://ja.wikipedia.org/wiki/Nintendo_Switch%E3%81%AE%E3%82%B2%E3%83%BC%E3%83%A0%E3%82%BF%E3%82%A4%E3%83%88%E3%83%AB%E4%B8%80%E8%A6%A7_%282024%E5%B9%B4%29
2024-09-18,The Plucky Squire 〜ジョットと不思議なカラクリ絵本〜,Devolver Digital,CERO,A,https://ja.wikipedia.org/wiki/Nintendo_Switch%E3%81%AE%E3%82%B2%E3%83%BC%E3%83%A0%E3%82%BF%E3%82%A4%E3%83%88%E3%83%AB%E4%B8%80%E8%A6%A7_%282024%E5%B9%B4%29
2024-09-19,"Jump, Dodge, Die, Repeat",404 Games,IARC,7+,https://ja.wikipedia.org/wiki/Nintendo_Switch%E3%81%AE%E3%82%B2%E3%83%BC%E3%83%A0%E3%82%BF%E3%82%A4%E3%83%88%E3%83%AB%E4%B8%80%E8%A6%A7_%282024%E5%B9%B4%29
2024-09-19,Samurai Katana Rampage: Stickman Saga,404 Games,IARC,7+,https://ja.wikipedia.org/wiki/Nintendo_Switch%E3%81%AE%E3%82%B2%E3%83%BC%E3%83%A0%E3%82%BF%E3%82%A4%E3%83%88%E3%83%AB%E4%B8%80%E8%A6%A7_%282024%E5%B9%B4%29
2024-09-19,Between Horizons,Assemble Entertainment,IARC,12+,https://ja.wikipedia.org/wiki/Nintendo_Switch%E3%81%AE%E3%82%B2%E3%83%BC%E3%83%A0%E3%82%BF%E3%82%A4%E3%83%88%E3%83%AB%E4%B8%80%E8%A6%A7_%282024%E5%B9%B4%29
2024-09-19,BZZZT: バズボット!,Cinemax (ゲーム開発者),IARC,3+,https://ja.wikipedia.org/wiki/Nintendo_Switch%E3%81%AE%E3%82%B2%E3%83%BC%E3%83%A0%E3%82%BF%E3%82%A4%E3%83%88%E3%83%AB%E4%B8%80%E8%A6%A7_%282024%E5%B9%B4%29
2024-09-19,A Night On The Farm,eastasiasoft,IARC,16+,https://ja.wikipedia.org/wiki/Nintendo_Switch%E3%81%AE%E3%82%B2%E3%83%BC%E3%83%A0%E3%82%BF%E3%82%A4%E3%83%88%E3%83%AB%E4%B8%80%E8%A6%A7_%282024%E5%B9%B4%29
2024-09-19,LUMbA: REDUX,Elushis,IARC,16+,https://ja.wikipedia.org/wiki/Nintendo_Switch%E3%81%AE%E3%82%B2%E3%83%BC%E3%83%A0%E3%82%BF%E3%82%A4%E3%83%88%E3%83%AB%E4%B8%80%E8%A6%A7_%282024%E5%B9%B4%29
2024-09-19,ザ・ラスト・ショット,First Press Games,IARC,12+,https://ja.wikipedia.org/wiki/Nintendo_Switch%E3%81%AE%E3%82%B2%E3%83%BC%E3%83%A0%E3%82%BF%E3%82%A4%E3%83%88%E3%83%AB%E4%B8%80%E8%A6%A7_%282024%E5%B9%B4%29
2024-09-19,勇気の推理 海苔8 優しさの定義,HERO GAME,IARC,3+,https://ja.wikipedia.org/wiki/Nintendo_Switch%E3%81%AE%E3%82%B2%E3%83%BC%E3%83%A0%E3%82%BF%E3%82%A4%E3%83%88%E3%83%AB%E4%B8%80%E8%A6%A7_%282024%E5%B9%B4%29
2024-09-19,ムーンレスムーン,KAMITSUBAKI STUDIO,IARC,3+,https://ja.wikipedia.org/wiki/Nintendo_Switch%E3%81%AE%E3%82%B2%E3%83%BC%E3%83%A0%E3%82%BF%E3%82%A4%E3%83%88%E3%83%AB%E4%B8%80%E8%A6%A7_%282024%E5%B9%B4%29
2024-09-19,サカバンバスピスクロニクル,KIMIDORI SOFT,IARC,12+,https://ja.wikipedia.org/wiki/Nintendo_Switch%E3%81%AE%E3%82%B2%E3%83%BC%E3%83%A0%E3%82%BF%E3%82%A4%E3%83%88%E3%83%AB%E4%B8%80%E8%A6%A7_%282024%E5%B9%B4%29
2024-09-19,シーズンスプリー,Kitewing Studio,IARC,3+,https://ja.wikipedia.org/wiki/Nintendo_Switch%E3%81%AE%E3%82%B2%E3%83%BC%E3%83%A0%E3%82%BF%E3%82%A4%E3%83%88%E3%83%AB%E4%B8%80%E8%A6%A7_%282024%E5%B9%B4%29
2024-09-19,pureya,Mameshiba Games,IARC,3+,https://ja.wikipedia.org/wiki/Nintendo_Switch%E3%81%AE%E3%82%B2%E3%83%BC%E3%83%A0%E3%82%BF%E3%82%A4%E3%83%88%E3%83%AB%E4%B8%80%E8%A6%A7_%282024%E5%B9%B4%29
2024-09-19,くるくるパズルくらべてわかる宇宙のはなし－最初に宇宙に行った生き物ってなに? クイズで学べる勉強雑学教養豆知識学習ゲーム－,MASK,IARC,3+,https://ja.wikipedia.org/wiki/Nintendo_Switch%E3%81%AE%E3%82%B2%E3%83%BC%E3%83%A0%E3%82%BF%E3%82%A4%E3%83%88%E3%83%AB%E4%B8%80%E8%A6%A7_%282024%E5%B9%B4%29
2024-09-19,方塊独,Max Interactive Studio,IARC,3+,https://ja.wikipedia.org/wiki/Nintendo_Switch%E3%81%AE%E3%82%B2%E3%83%BC%E3%83%A0%E3%82%BF%E3%82%A4%E3%83%88%E3%83%AB%E4%B8%80%E8%A6%A7_%282024%E5%B9%B4%29
2024-09-19,シティー・ドライバー ポリス・パーキング・シミュレーター,Megame,IARC,3+,https://ja.wikipedia.org/wiki/Nintendo_Switch%E3%81%AE%E3%82%B2%E3%83%BC%E3%83%A0%E3%82%BF%E3%82%A4%E3%83%88%E3%83%AB%E4%B8%80%E8%A6%A7_%282024%E5%B9%B4%29
2024-09-19,ゾンビー・アタック ゾンビズ・サバイバル・シューター,Megame,IARC,7+,https://ja.wikipedia.org/wiki/Nintendo_Switch%E3%81%AE%E3%82%B2%E3%83%BC%E3%83%A0%E3%82%BF%E3%82%A4%E3%83%88%E3%83%AB%E4%B8%80%E8%A6%A7_%282024%E5%B9%B4%29
2024-09-19,Hentai Girls: Crazy Cowgirl,Pakotime,IARC,12+,https://ja.wikipedia.org/wiki/Nintendo_Switch%E3%81%AE%E3%82%B2%E3%83%BC%E3%83%A0%E3%82%BF%E3%82%A4%E3%83%88%E3%83%AB%E4%B8%80%E8%A6%A7_%282024%E5%B9%B4%29
2024-09-19,不思議の幻想郷 -FORESIGHT-,Phoenixx,CERO,B,https://ja.wikipedia.org/wiki/Nintendo_Switch%E3%81%AE%E3%82%B2%E3%83%BC%E3%83%A0%E3%82%BF%E3%82%A4%E3%83%88%E3%83%AB%E4%B8%80%E8%A6%A7_%282024%E5%B9%B4%29
2024-09-19,Mech Wars,Pix Arts,IARC,7+,https://ja.wikipedia.org/wiki/Nintendo_Switch%E3%81%AE%E3%82%B2%E3%83%BC%E3%83%A0%E3%82%BF%E3%82%A4%E3%83%88%E3%83%AB%E4%B8%80%E8%A6%A7_%282024%E5%B9%B4%29
2024-09-19,未解決事件は終わらせないといけないから,PLAYISM,IARC,3+,https://ja.wikipedia.org/wiki/Nintendo_Switch%E3%81%AE%E3%82%B2%E3%83%BC%E3%83%A0%E3%82%BF%E3%82%A4%E3%83%88%E3%83%AB%E4%B8%80%E8%A6%A7_%282024%E5%B9%B4%29
2024-09-19,Cricket: Jae's Really Peculiar Game,PM Studios,IARC,3+,https://ja.wikipedia.org/wiki/Nintendo_Switch%E3%81%AE%E3%82%B2%E3%83%BC%E3%83%A0%E3%82%BF%E3%82%A4%E3%83%88%E3%83%AB%E4%B8%80%E8%A6%A7_%282024%E5%B9%B4%29
2024-09-19,たまごねこ,RAWRLAB Games,IARC,3+,https://ja.wikipedia.org/wiki/Nintendo_Switch%E3%81%AE%E3%82%B2%E3%83%BC%E3%83%A0%E3%82%BF%E3%82%A4%E3%83%88%E3%83%AB%E4%B8%80%E8%A6%A7_%282024%E5%B9%B4%29
2024-09-19,Hot&Hentai,RedDeerGames,IARC,12+,https://ja.wikipedia.org/wiki/Nintendo_Switch%E3%81%AE%E3%82%B2%E3%83%BC%E3%83%A0%E3%82%BF%E3%82%A4%E3%83%88%E3%83%AB%E4%B8%80%E8%A6%A7_%282024%E5%B9%B4%29
2024-09-19,Spot The Difference Food & Drink,Sabec,IARC,3+,https://ja.wikipedia.org/wiki/Nintendo_Switch%E3%81%AE%E3%82%B2%E3%83%BC%E3%83%A0%E3%82%BF%E3%82%A4%E3%83%88%E3%83%AB%E4%B8%80%E8%A6%A7_%282024%E5%B9%B4%29
2024-09-19,机でドッジボール2,SAT-BOX,IARC,3+,https://ja.wikipedia.org/wiki/Nintendo_Switch%E3%81%AE%E3%82%B2%E3%83%BC%E3%83%A0%E3%82%BF%E3%82%A4%E3%83%88%E3%83%AB%E4%B8%80%E8%A6%A7_%282024%E5%B9%B4%29
2024-09-19,Keylocker / ターンベース・サイバーパンク・アクション,Serenity Forge,IARC,7+,https://ja.wikipedia.org/wiki/Nintendo_Switch%E3%81%AE%E3%82%B2%E3%83%BC%E3%83%A0%E3%82%BF%E3%82%A4%E3%83%88%E3%83%AB%E4%B8%80%E8%A6%A7_%282024%E5%B9%B4%29
2024-09-19,Hidden Cats in Berlin,Silesia Games,IARC,3+,https://ja.wikipedia.org/wiki/Nintendo_Switch%E3%81%AE%E3%82%B2%E3%83%BC%E3%83%A0%E3%82%BF%E3%82%A4%E3%83%88%E3%83%AB%E4%B8%80%E8%A6%A7_%282024%E5%B9%B4%29
2024-09-19,ブーム・スラング,Skermunkel Studios,IARC,12+,https://ja.wikipedia.org/wiki/Nintendo_Switch%E3%81%AE%E3%82%B2%E3%83%BC%E3%83%A0%E3%82%BF%E3%82%A4%E3%83%88%E3%83%AB%E4%B8%80%E8%A6%A7_%282024%E5%B9%B4%29
2024-09-19,Garden Witch Life,Soedesco,IARC,3+,https://ja.wikipedia.org/wiki/Nintendo_Switch%E3%81%AE%E3%82%B2%E3%83%BC%E3%83%A0%E3%82%BF%E3%82%A4%E3%83%88%E3%83%AB%E4%B8%80%E8%A6%A7_%282024%E5%B9%B4%29
2024-09-19,ピクセルぬりえ〜コレクション4〜,ToastieLabs,IARC,3+,https://ja.wikipedia.org/wiki/Nintendo_Switch%E3%81%AE%E3%82%B2%E3%83%BC%E3%83%A0%E3%82%BF%E3%82%A4%E3%83%88%E3%83%AB%E4%B8%80%E8%A6%A7_%282024%E5%B9%B4%29
2024-09-19,ハント・アンド・ファイト:アクションRPG,Two Cakes Studio,IARC,7+,https://ja.wikipedia.org/wiki/Nintendo_Switch%E3%81%AE%E3%82%B2%E3%83%BC%E3%83%A0%E3%82%BF%E3%82%A4%E3%83%88%E3%83%AB%E4%B8%80%E8%A6%A7_%282024%E5%B9%B4%29
2024-09-19,リア充爆発しろ! Normies Should Burn!,サイバーステップ,IARC,12+,https://ja.wikipedia.org/wiki/Nintendo_Switch%E3%81%AE%E3%82%B2%E3%83%BC%E3%83%A0%E3%82%BF%E3%82%A4%E3%83%88%E3%83%AB%E4%B8%80%E8%A6%A7_%282024%E5%B9%B4%29
2024-09-19,ゼロアワー キルゾーン,トローゼ,IARC,16+,https://ja.wikipedia.org/wiki/Nintendo_Switch%E3%81%AE%E3%82%B2%E3%83%BC%E3%83%A0%E3%82%BF%E3%82%A4%E3%83%88%E3%83%AB%E4%B8%80%E8%A6%A7_%282024%E5%B9%B4%29
2024-09-20,Loddlenaut,Secret Mode,IARC,3+,https://ja.wikipedia.org/wiki/Nintendo_Switch%E3%81%AE%E3%82%B2%E3%83%BC%E3%83%A0%E3%82%BF%E3%82%A4%E3%83%88%E3%83%AB%E4%B8%80%E8%A6%A7_%282024%E5%B9%B4%29
2024-09-20,虹の降る海,ジー・モード,IARC,7+,https://ja.wikipedia.org/wiki/Nintendo_Switch%E3%81%AE%E3%82%B2%E3%83%BC%E3%83%A0%E3%82%BF%E3%82%A4%E3%83%88%E3%83%AB%E4%B8%80%E8%A6%A7_%282024%E5%B9%B4%29
2024-09-20,They Came From the Sky 2,ラタライカゲームス,IARC,7+,https://ja.wikipedia.org/wiki/Nintendo_Switch%E3%81%AE%E3%82%B2%E3%83%BC%E3%83%A0%E3%82%BF%E3%82%A4%E3%83%88%E3%83%AB%E4%B8%80%E8%A6%A7_%282024%E5%B9%B4%29
2024-09-24,Aura of Worlds,Hidden Trap,IARC,7+,https://ja.wikipedia.org/wiki/Nintendo_Switch%E3%81%AE%E3%82%B2%E3%83%BC%E3%83%A0%E3%82%BF%E3%82%A4%E3%83%88%E3%83%AB%E4%B8%80%E8%A6%A7_%282024%E5%B9%B4%29
2024-09-25,Beyond Galaxyland,United Label,IARC,7+,https://ja.wikipedia.org/wiki/Nintendo_Switch%E3%81%AE%E3%82%B2%E3%83%BC%E3%83%A0%E3%82%BF%E3%82%A4%E3%83%88%E3%83%AB%E4%B8%80%E8%A6%A7_%282024%E5%B9%B4%29
2024-09-26,Gallop Glory: Obstacle Racing & Horse Simulator,16BIT,IARC,3+,https://ja.wikipedia.org/wiki/Nintendo_Switch%E3%81%AE%E3%82%B2%E3%83%BC%E3%83%A0%E3%82%BF%E3%82%A4%E3%83%88%E3%83%AB%E4%B8%80%E8%A6%A7_%282024%E5%B9%B4%29
2024-09-26,Exographer,Abylight,IARC,3+,https://ja.wikipedia.org/wiki/Nintendo_Switch%E3%81%AE%E3%82%B2%E3%83%BC%E3%83%A0%E3%82%BF%E3%82%A4%E3%83%88%E3%83%AB%E4%B8%80%E8%A6%A7_%282024%E5%B9%B4%29
2024-09-26,Astrea: Six-Sided Oracles,Akupara Games,IARC,7+,https://ja.wikipedia.org/wiki/Nintendo_Switch%E3%81%AE%E3%82%B2%E3%83%BC%E3%83%A0%E3%82%BF%E3%82%A4%E3%83%88%E3%83%AB%E4%B8%80%E8%A6%A7_%282024%E5%B9%B4%29
2024-09-26,右折シミュレーター,Blacksmith DoubleCircle,IARC,12+,https://ja.wikipedia.org/wiki/Nintendo_Switch%E3%81%AE%E3%82%B2%E3%83%BC%E3%83%A0%E3%82%BF%E3%82%A4%E3%83%88%E3%83%AB%E4%B8%80%E8%A6%A7_%282024%E5%B9%B4%29
2024-09-26,Anime Puzzle Quest: The Magical Girls Adventure - アニメパズルクエスト: 魔法少女の冒険,CGI LAB,IARC,12+,https://ja.wikipedia.org/wiki/Nintendo_Switch%E3%81%AE%E3%82%B2%E3%83%BC%E3%83%A0%E3%82%BF%E3%82%A4%E3%83%88%E3%83%AB%E4%B8%80%E8%A6%A7_%282024%E5%B9%B4%29
2024-09-26,Heavy Hand: Pixel Tree Roset Fury - ヘビーハンド: ピクセル ツリー ロゼット フューリー,CGI LAB,IARC,3+,https://ja.wikipedia.org/wiki/Nintendo_Switch%E3%81%AE%E3%82%B2%E3%83%BC%E3%83%A0%E3%82%BF%E3%82%A4%E3%83%88%E3%83%AB%E4%B8%80%E8%A6%A7_%282024%E5%B9%B4%29
2024-09-26,Highway Legends: Traffic Speed Racer - ハイウェイ・レジェンド: トラフィック・スピード・レーサー,CGI LAB,IARC,3+,https://ja.wikipedia.org/wiki/Nintendo_Switch%E3%81%AE%E3%82%B2%E3%83%BC%E3%83%A0%E3%82%BF%E3%82%A4%E3%83%88%E3%83%AB%E4%B8%80%E8%A6%A7_%282024%E5%B9%B4%29
2024-09-26,Zombie Survivors,Cube Games,IARC,3+,https://ja.wikipedia.org/wiki/Nintendo_Switch%E3%81%AE%E3%82%B2%E3%83%BC%E3%83%A0%E3%82%BF%E3%82%A4%E3%83%88%E3%83%AB%E4%B8%80%E8%A6%A7_%282024%E5%B9%B4%29
2024-09-26,Colorizing: Good Times,D-Games,IARC,3+,https://ja.wikipedia.org/wiki/Nintendo_Switch%E3%81%AE%E3%82%B2%E3%83%BC%E3%83%A0%E3%82%BF%E3%82%A4%E3%83%88%E3%83%AB%E4%B8%80%E8%A6%A7_%282024%E5%B9%B4%29
2024-09-26,ダンラブゴルフ,DanLabG,IARC,3+,https://ja.wikipedia.org/wiki/Nintendo_Switch%E3%81%AE%E3%82%B2%E3%83%BC%E3%83%A0%E3%82%BF%E3%82%A4%E3%83%88%E3%83%AB%E4%B8%80%E8%A6%A7_%282024%E5%B9%B4%29
2024-09-26,Western Slot Machine,eastasiasoft,CERO,C,https://ja.wikipedia.org/wiki/Nintendo_Switch%E3%81%AE%E3%82%B2%E3%83%BC%E3%83%A0%E3%82%BF%E3%82%A4%E3%83%88%E3%83%AB%E4%B8%80%E8%A6%A7_%282024%E5%B9%B4%29
2024-09-26,ZombFarm,eastasiasoft,IARC,7+,https://ja.wikipedia.org/wiki/Nintendo_Switch%E3%81%AE%E3%82%B2%E3%83%BC%E3%83%A0%E3%82%BF%E3%82%A4%E3%83%88%E3%83%AB%E4%B8%80%E8%A6%A7_%282024%E5%B9%B4%29
2024-09-26,Liquidation: Zombie Apocalypse,Eclipse Interactive,IARC,7+,https://ja.wikipedia.org/wiki/Nintendo_Switch%E3%81%AE%E3%82%B2%E3%83%BC%E3%83%A0%E3%82%BF%E3%82%A4%E3%83%88%E3%83%AB%E4%B8%80%E8%A6%A7_%282024%E5%B9%B4%29
2024-09-26,ペーパーダッシュ ラスベガス,EpiXR Games,IARC,3+,https://ja.wikipedia.org/wiki/Nintendo_Switch%E3%81%AE%E3%82%B2%E3%83%BC%E3%83%A0%E3%82%BF%E3%82%A4%E3%83%88%E3%83%AB%E4%B8%80%E8%A6%A7_%282024%E5%B9%B4%29
2024-09-26,ニューヨーク・ミステリーズ:ハイ・ボルテージ,FIVE-BN STUDIO,IARC,12+,https://ja.wikipedia.org/wiki/Nintendo_Switch%E3%81%AE%E3%82%B2%E3%83%BC%E3%83%A0%E3%82%BF%E3%82%A4%E3%83%88%E3%83%AB%E4%B8%80%E8%A6%A7_%282024%E5%B9%B4%29
2024-09-26,キャッシュ・カウ Cash Cow DX,Flynn's Arcade,IARC,7+,https://ja.wikipedia.org/wiki/Nintendo_Switch%E3%81%AE%E3%82%B2%E3%83%BC%E3%83%A0%E3%82%BF%E3%82%A4%E3%83%88%E3%83%AB%E4%B8%80%E8%A6%A7_%282024%E5%B9%B4%29
2024-09-26,ナイトスラッシャーズ:リメイク,Forever Entertainment,CERO,D,https://ja.wikipedia.org/wiki/Nintendo_Switch%E3%81%AE%E3%82%B2%E3%83%BC%E3%83%A0%E3%82%BF%E3%82%A4%E3%83%88%E3%83%AB%E4%B8%80%E8%A6%A7_%282024%E5%B9%B4%29
2024-09-26,Restaurant Cooking Simulator,Halva Studio,IARC,3+,https://ja.wikipedia.org/wiki/Nintendo_Switch%E3%81%AE%E3%82%B2%E3%83%BC%E3%83%A0%E3%82%BF%E3%82%A4%E3%83%88%E3%83%AB%E4%B8%80%E8%A6%A7_%282024%E5%B9%B4%29
2024-09-26,銀の斧 - The Honest Elf,Happy Player,IARC,3+,https://ja.wikipedia.org/wiki/Nintendo_Switch%E3%81%AE%E3%82%B2%E3%83%BC%E3%83%A0%E3%82%BF%E3%82%A4%E3%83%88%E3%83%AB%E4%B8%80%E8%A6%A7_%282024%E5%B9%B4%29
2024-09-26,Wukong's Child: Monkey King Myth,Kanuni Games,IARC,12+,https://ja.wikipedia.org/wiki/Nintendo_Switch%E3%81%AE%E3%82%B2%E3%83%BC%E3%83%A0%E3%82%BF%E3%82%A4%E3%83%88%E3%83%AB%E4%B8%80%E8%A6%A7_%282024%E5%B9%B4%29
2024-09-26,レッツ城,Marginalact,IARC,3+,https://ja.wikipedia.org/wiki/Nintendo_Switch%E3%81%AE%E3%82%B2%E3%83%BC%E3%83%A0%E3%82%BF%E3%82%A4%E3%83%88%E3%83%AB%E4%B8%80%E8%A6%A7_%282024%E5%B9%B4%29
2024-09-26,ボールズ DX,Max Interactive Studio,IARC,3+,https://ja.wikipedia.org/wiki/Nintendo_Switch%E3%81%AE%E3%82%B2%E3%83%BC%E3%83%A0%E3%82%BF%E3%82%A4%E3%83%88%E3%83%AB%E4%B8%80%E8%A6%A7_%282024%E5%B9%B4%29
2024-09-26,Cat Rescue Story,Nacon,IARC,3+,https://ja.wikipedia.org/wiki/Nintendo_Switch%E3%81%AE%E3%82%B2%E3%83%BC%E3%83%A0%E3%82%BF%E3%82%A4%E3%83%88%E3%83%AB%E4%B8%80%E8%A6%A7_%282024%E5%B9%B4%29
2024-09-26,The Unexpected Quest,OverGamez,IARC,7+,https://ja.wikipedia.org/wiki/Nintendo_Switch%E3%81%AE%E3%82%B2%E3%83%BC%E3%83%A0%E3%82%BF%E3%82%A4%E3%83%88%E3%83%AB%E4%B8%80%E8%A6%A7_%282024%E5%B9%B4%29
2024-09-26,Anime Girls: Natty Nurse,Pakotime,IARC,12+,https://ja.wikipedia.org/wiki/Nintendo_Switch%E3%81%AE%E3%82%B2%E3%83%BC%E3%83%A0%E3%82%BF%E3%82%A4%E3%83%88%E3%83%AB%E4%B8%80%E8%A6%A7_%282024%E5%B9%B4%29
2024-09-26,ビーチボーイズ タロットホットカード,Red Fables,IARC,3+,https://ja.wikipedia.org/wiki/Nintendo_Switch%E3%81%AE%E3%82%B2%E3%83%BC%E3%83%A0%E3%82%BF%E3%82%A4%E3%83%88%E3%83%AB%E4%B8%80%E8%A6%A7_%282024%E5%B9%B4%29
2024-09-26,Dreamland Farm,RedDeerGames,IARC,3+,https://ja.wikipedia.org/wiki/Nintendo_Switch%E3%81%AE%E3%82%B2%E3%83%BC%E3%83%A0%E3%82%BF%E3%82%A4%E3%83%88%E3%83%AB%E4%B8%80%E8%A6%A7_%282024%E5%B9%B4%29
2024-09-26,DESTRUCTURE: Among Debris,RockGame,IARC,3+,https://ja.wikipedia.org/wiki/Nintendo_Switch%E3%81%AE%E3%82%B2%E3%83%BC%E3%83%A0%E3%82%BF%E3%82%A4%E3%83%88%E3%83%AB%E4%B8%80%E8%A6%A7_%282024%E5%B9%B4%29
2024-09-26,3 Minutes to Midnight,Scarecrow Studio,IARC,7+,https://ja.wikipedia.org/wiki/Nintendo_Switch%E3%81%AE%E3%82%B2%E3%83%BC%E3%83%A0%E3%82%BF%E3%82%A4%E3%83%88%E3%83%AB%E4%B8%80%E8%A6%A7_%282024%E5%B9%B4%29
2024-09-26,Iron Meat,Screenwave Media,IARC,16+,https://ja.wikipedia.org/wiki/Nintendo_Switch%E3%81%AE%E3%82%B2%E3%83%BC%E3%83%A0%E3%82%BF%E3%82%A4%E3%83%88%E3%83%AB%E4%B8%80%E8%A6%A7_%282024%E5%B9%B4%29
2024-09-26,Ricky Recharge,Silesia Games,IARC,3+,https://ja.wikipedia.org/wiki/Nintendo_Switch%E3%81%AE%E3%82%B2%E3%83%BC%E3%83%A0%E3%82%BF%E3%82%A4%E3%83%88%E3%83%AB%E4%B8%80%E8%A6%A7_%282024%E5%B9%B4%29
2024-09-26,Creepy Tale: Some Other Place,Sometimes You,IARC,16+,https://ja.wikipedia.org/wiki/Nintendo_Switch%E3%81%AE%E3%82%B2%E3%83%BC%E3%83%A0%E3%82%BF%E3%82%A4%E3%83%88%E3%83%AB%E4%B8%80%E8%A6%A7_%282024%E5%B9%B4%29
2024-09-26,Go Mecha Ball,Super Rare Games,IARC,7+,https://ja.wikipedia.org/wiki/Nintendo_Switch%E3%81%AE%E3%82%B2%E3%83%BC%E3%83%A0%E3%82%BF%E3%82%A4%E3%83%88%E3%83%AB%E4%B8%80%E8%A6%A7_%282024%E5%B9%B4%29
2024-09-26,Worms Armageddon,Team17,IARC,12+,https://ja.wikipedia.org/wiki/Nintendo_Switch%E3%81%AE%E3%82%B2%E3%83%BC%E3%83%A0%E3%82%BF%E3%82%A4%E3%83%88%E3%83%AB%E4%B8%80%E8%A6%A7_%282024%E5%B9%B4%29
2024-09-26,1000問クイズ！世界の国旗 〜1000問解いて国旗マスターになろう！〜,TT,IARC,3+,https://ja.wikipedia.org/wiki/Nintendo_Switch%E3%81%AE%E3%82%B2%E3%83%BC%E3%83%A0%E3%82%BF%E3%82%A4%E3%83%88%E3%83%AB%E4%B8%80%E8%A6%A7_%282024%E5%B9%B4%29
2024-09-26,Bloomtown: A Different Story,Twin Sails,IARC,16+,https://ja.wikipedia.org/wiki/Nintendo_Switch%E3%81%AE%E3%82%B2%E3%83%BC%E3%83%A0%E3%82%BF%E3%82%A4%E3%83%88%E3%83%AB%E4%B8%80%E8%A6%A7_%282024%E5%B9%B4%29
2024-09-26,Golfing in Aether,Vetron,IARC,3+,https://ja.wikipedia.org/wiki/Nintendo_Switch%E3%81%AE%E3%82%B2%E3%83%BC%E3%83%A0%E3%82%BF%E3%82%A4%E3%83%88%E3%83%AB%E4%B8%80%E8%A6%A7_%282024%E5%B9%B4%29
2024-09-26,"Parkour Bullet Frenzy - FPS, Physics, Slowmotion",VRCFORGE STUDIOS,IARC,3+,https://ja.wikipedia.org/wiki/Nintendo_Switch%E3%81%AE%E3%82%B2%E3%83%BC%E3%83%A0%E3%82%BF%E3%82%A4%E3%83%88%E3%83%AB%E4%B8%80%E8%A6%A7_%282024%E5%B9%B4%29
2024-09-26,Rope Hope,Zakym,IARC,3+,https://ja.wikipedia.org/wiki/Nintendo_Switch%E3%81%AE%E3%82%B2%E3%83%BC%E3%83%A0%E3%82%BF%E3%82%A4%E3%83%88%E3%83%AB%E4%B8%80%E8%A6%A7_%282024%E5%B9%B4%29
2024-09-26,オール・ユー・ニード・イズ・ヘルプ せーのでもふくるポン!,キュー・ゲームス,IARC,3+,https://ja.wikipedia.org/wiki/Nintendo_Switch%E3%81%AE%E3%82%B2%E3%83%BC%E3%83%A0%E3%82%BF%E3%82%A4%E3%83%88%E3%83%AB%E4%B8%80%E8%A6%A7_%282024%E5%B9%B4%29
2024-09-26,ジャレコレ ファミコン編:バイオ戦士DAN インクリーザーとの闘い,シティコネクション,IARC,7+,https://ja.wikipedia.org/wiki/Nintendo_Switch%E3%81%AE%E3%82%B2%E3%83%BC%E3%83%A0%E3%82%BF%E3%82%A4%E3%83%88%E3%83%AB%E4%B8%80%E8%A6%A7_%282024%E5%B9%B4%29
2024-09-26,ゾンビスローター デッドゾーン,トローゼ,IARC,16+,https://ja.wikipedia.org/wiki/Nintendo_Switch%E3%81%AE%E3%82%B2%E3%83%BC%E3%83%A0%E3%82%BF%E3%82%A4%E3%83%88%E3%83%AB%E4%B8%80%E8%A6%A7_%282024%E5%B9%B4%29
2024-09-26,"Live Action-BIT THEATER ""ROUTEヨンロク""",ピクセル,IARC,3+,https://ja.wikipedia.org/wiki/Nintendo_Switch%E3%81%AE%E3%82%B2%E3%83%BC%E3%83%A0%E3%82%BF%E3%82%A4%E3%83%88%E3%83%AB%E4%B8%80%E8%A6%A7_%282024%E5%B9%B4%29
2024-09-26,LUNA-3X / ルナトリプルエックス 〜この世界が終わろうともボクたちはずっと〜,ピグミースタジオ,CERO,A,https://ja.wikipedia.org/wiki/Nintendo_Switch%E3%81%AE%E3%82%B2%E3%83%BC%E3%83%A0%E3%82%BF%E3%82%A4%E3%83%88%E3%83%AB%E4%B8%80%E8%A6%A7_%282024%E5%B9%B4%29
2024-09-26,れそぺ!,モアイソフト,IARC,3+,https://ja.wikipedia.org/wiki/Nintendo_Switch%E3%81%AE%E3%82%B2%E3%83%BC%E3%83%A0%E3%82%BF%E3%82%A4%E3%83%88%E3%83%AB%E4%B8%80%E8%A6%A7_%282024%E5%B9%B4%29
2024-09-26,徹夜報告書 / Midnight Report,レジスタ,CERO,B,https://ja.wikipedia.org/wiki/Nintendo_Switch%E3%81%AE%E3%82%B2%E3%83%BC%E3%83%A0%E3%82%BF%E3%82%A4%E3%83%88%E3%83%AB%E4%B8%80%E8%A6%A7_%282024%E5%B9%B4%29
2024-09-27,Ahro,Nakana.io,IARC,7+,https://ja.wikipedia.org/wiki/Nintendo_Switch%E3%81%AE%E3%82%B2%E3%83%BC%E3%83%A0%E3%82%BF%E3%82%A4%E3%83%88%E3%83%AB%E4%B8%80%E8%A6%A7_%282024%E5%B9%B4%29
2024-09-27,Murder Is Game Over: Deal Killer,ラタライカゲームス,IARC,16+,https://ja.wikipedia.org/wiki/Nintendo_Switch%E3%81%AE%E3%82%B2%E3%83%BC%E3%83%A0%E3%82%BF%E3%82%A4%E3%83%88%E3%83%AB%E4%B8%80%E8%A6%A7_%282024%E5%B9%B4%29
2024-10-02,Dice Assassin,Afil Games,IARC,3+,https://ja.wikipedia.org/wiki/Nintendo_Switch%E3%81%AE%E3%82%B2%E3%83%BC%E3%83%A0%E3%82%BF%E3%82%A4%E3%83%88%E3%83%AB%E4%B8%80%E8%A6%A7_%282024%E5%B9%B4%29
2024-10-03,韓国ドローン飛行ツアー済州島2,14次元,IARC,3+,https://ja.wikipedia.org/wiki/Nintendo_Switch%E3%81%AE%E3%82%B2%E3%83%BC%E3%83%A0%E3%82%BF%E3%82%A4%E3%83%88%E3%83%AB%E4%B8%80%E8%A6%A7_%282024%E5%B9%B4%29
2024-10-03,Urban Skater - Skateboard Delivery City Challenge,16BIT,IARC,3+,https://ja.wikipedia.org/wiki/Nintendo_Switch%E3%81%AE%E3%82%B2%E3%83%BC%E3%83%A0%E3%82%BF%E3%82%A4%E3%83%88%E3%83%AB%E4%B8%80%E8%A6%A7_%282024%E5%B9%B4%29
2024-10-03,Block & Shot,17Studio,IARC,3+,https://ja.wikipedia.org/wiki/Nintendo_Switch%E3%81%AE%E3%82%B2%E3%83%BC%E3%83%A0%E3%82%BF%E3%82%A4%E3%83%88%E3%83%AB%E4%B8%80%E8%A6%A7_%282024%E5%B9%B4%29
2024-10-03,Flight Simulator Delivery: Cargo Business,404 Games,IARC,3+,https://ja.wikipedia.org/wiki/Nintendo_Switch%E3%81%AE%E3%82%B2%E3%83%BC%E3%83%A0%E3%82%BF%E3%82%A4%E3%83%88%E3%83%AB%E4%B8%80%E8%A6%A7_%282024%E5%B9%B4%29
2024-10-03,Zombie Derby: Pixel Survival,Brinemedia,IARC,12+,https://ja.wikipedia.org/wiki/Nintendo_Switch%E3%81%AE%E3%82%B2%E3%83%BC%E3%83%A0%E3%82%BF%E3%82%A4%E3%83%88%E3%83%AB%E4%B8%80%E8%A6%A7_%282024%E5%B9%B4%29
2024-10-03,Formula Racing: Grand Prix League - フォーミュラ レーシング: グランプリ リーグ,CGI LAB,IARC,3+,https://ja.wikipedia.org/wiki/Nintendo_Switch%E3%81%AE%E3%82%B2%E3%83%BC%E3%83%A0%E3%82%BF%E3%82%A4%E3%83%88%E3%83%AB%E4%B8%80%E8%A6%A7_%282024%E5%B9%B4%29
2024-10-03,Damikira,eastasiasoft,IARC,16+,https://ja.wikipedia.org/wiki/Nintendo_Switch%E3%81%AE%E3%82%B2%E3%83%BC%E3%83%A0%E3%82%BF%E3%82%A4%E3%83%88%E3%83%AB%E4%B8%80%E8%A6%A7_%282024%E5%B9%B4%29
2024-10-03,Thunder Ray,eastasiasoft,IARC,16+,https://ja.wikipedia.org/wiki/Nintendo_Switch%E3%81%AE%E3%82%B2%E3%83%BC%E3%83%A0%E3%82%BF%E3%82%A4%E3%83%88%E3%83%AB%E4%B8%80%E8%A6%A7_%282024%E5%B9%B4%29
2024-10-03,タヴァントーク,Gentle Troll Entertainment,IARC,7+,https://ja.wikipedia.org/wiki/Nintendo_Switch%E3%81%AE%E3%82%B2%E3%83%BC%E3%83%A0%E3%82%BF%E3%82%A4%E3%83%88%E3%83%AB%E4%B8%80%E8%A6%A7_%282024%E5%B9%B4%29
2024-10-03,Nekograms,Hungry Sky,IARC,3+,https://ja.wikipedia.org/wiki/Nintendo_Switch%E3%81%AE%E3%82%B2%E3%83%BC%E3%83%A0%E3%82%BF%E3%82%A4%E3%83%88%E3%83%AB%E4%B8%80%E8%A6%A7_%282024%E5%B9%B4%29
2024-10-03,Season Match 3 - Curse of the Witch Crow,Joindots,IARC,3+,https://ja.wikipedia.org/wiki/Nintendo_Switch%E3%81%AE%E3%82%B2%E3%83%BC%E3%83%A0%E3%82%BF%E3%82%A4%E3%83%88%E3%83%AB%E4%B8%80%E8%A6%A7_%282024%E5%B9%B4%29
2024-10-03,ローリングフットボールプレイヤー,KOSEI YASUDA,IARC,3+,https://ja.wikipedia.org/wiki/Nintendo_Switch%E3%81%AE%E3%82%B2%E3%83%BC%E3%83%A0%E3%82%BF%E3%82%A4%E3%83%88%E3%83%AB%E4%B8%80%E8%A6%A7_%282024%E5%B9%B4%29
2024-10-03,Planetiles,MythicOwl,IARC,3+,https://ja.wikipedia.org/wiki/Nintendo_Switch%E3%81%AE%E3%82%B2%E3%83%BC%E3%83%A0%E3%82%BF%E3%82%A4%E3%83%88%E3%83%AB%E4%B8%80%E8%A6%A7_%282024%E5%B9%B4%29
2024-10-03,Light - Die to Survive,NoteBuddy,IARC,16+,https://ja.wikipedia.org/wiki/Nintendo_Switch%E3%81%AE%E3%82%B2%E3%83%BC%E3%83%A0%E3%82%BF%E3%82%A4%E3%83%88%E3%83%AB%E4%B8%80%E8%A6%A7_%282024%E5%B9%B4%29
2024-10-03,Hentai Girls: Autumn Crush,Pakotime,IARC,12+,https://ja.wikipedia.org/wiki/Nintendo_Switch%E3%81%AE%E3%82%B2%E3%83%BC%E3%83%A0%E3%82%BF%E3%82%A4%E3%83%88%E3%83%AB%E4%B8%80%E8%A6%A7_%282024%E5%B9%B4%29
2024-10-03,100ドア - トイレの鍵を見つける,Peaksel,IARC,3+,https://ja.wikipedia.org/wiki/Nintendo_Switch%E3%81%AE%E3%82%B2%E3%83%BC%E3%83%A0%E3%82%BF%E3%82%A4%E3%83%88%E3%83%AB%E4%B8%80%E8%A6%A7_%282024%E5%B9%B4%29
2024-10-03,Refind Self: 性格診断ゲーム,PLAYISM,CERO,C,https://ja.wikipedia.org/wiki/Nintendo_Switch%E3%81%AE%E3%82%B2%E3%83%BC%E3%83%A0%E3%82%BF%E3%82%A4%E3%83%88%E3%83%AB%E4%B8%80%E8%A6%A7_%282024%E5%B9%B4%29
2024-10-03,キル・ナイト,PlaySide,IARC,7+,https://ja.wikipedia.org/wiki/Nintendo_Switch%E3%81%AE%E3%82%B2%E3%83%BC%E3%83%A0%E3%82%BF%E3%82%A4%E3%83%88%E3%83%AB%E4%B8%80%E8%A6%A7_%282024%E5%B9%B4%29
2024-10-03,"Survival Float Simulator - Crocodile Waters Craft, Raft, Build",PublishMe,IARC,3+,https://ja.wikipedia.org/wiki/Nintendo_Switch%E3%81%AE%E3%82%B2%E3%83%BC%E3%83%A0%E3%82%BF%E3%82%A4%E3%83%88%E3%83%AB%E4%B8%80%E8%A6%A7_%282024%E5%B9%B4%29
2024-10-03,8P対戦！全国小学生共通テスト－格付けバトルで遊んで学べる4択学習教養クイズ－,TT,IARC,3+,https://ja.wikipedia.org/wiki/Nintendo_Switch%E3%81%AE%E3%82%B2%E3%83%BC%E3%83%A0%E3%82%BF%E3%82%A4%E3%83%88%E3%83%AB%E4%B8%80%E8%A6%A7_%282024%E5%B9%B4%29
2024-10-03,Tower Hover,Zakym,IARC,3+,https://ja.wikipedia.org/wiki/Nintendo_Switch%E3%81%AE%E3%82%B2%E3%83%BC%E3%83%A0%E3%82%BF%E3%82%A4%E3%83%88%E3%83%AB%E4%B8%80%E8%A6%A7_%282024%E5%B9%B4%29
2024-10-03,蛇口からカプチーノ1000,サクセス,IARC,3+,https://ja.wikipedia.org/wiki/Nintendo_Switch%E3%81%AE%E3%82%B2%E3%83%BC%E3%83%A0%E3%82%BF%E3%82%A4%E3%83%88%E3%83%AB%E4%B8%80%E8%A6%A7_%282024%E5%B9%B4%29
2024-10-03,ピクロス 盾の勇者の軌跡,ジュピター,IARC,3+,https://ja.wikipedia.org/wiki/Nintendo_Switch%E3%81%AE%E3%82%B2%E3%83%BC%E3%83%A0%E3%82%BF%E3%82%A4%E3%83%88%E3%83%AB%E4%B8%80%E8%A6%A7_%282024%E5%B9%B4%29
2024-10-03,サーカスクラッシュ,スタジオ斬,CERO,A,https://ja.wikipedia.org/wiki/Nintendo_Switch%E3%81%AE%E3%82%B2%E3%83%BC%E3%83%A0%E3%82%BF%E3%82%A4%E3%83%88%E3%83%AB%E4%B8%80%E8%A6%A7_%282024%E5%B9%B4%29
2024-10-03,Faaast Penguin,ヒストリア,CERO,A,https://ja.wikipedia.org/wiki/Nintendo_Switch%E3%81%AE%E3%82%B2%E3%83%BC%E3%83%A0%E3%82%BF%E3%82%A4%E3%83%88%E3%83%AB%E4%B8%80%E8%A6%A7_%282024%E5%B9%B4%29
2024-10-04,スポンジ・ボブ:パトリック・スター・ゲーム,Outright Games,IARC,3+,https://ja.wikipedia.org/wiki/Nintendo_Switch%E3%81%AE%E3%82%B2%E3%83%BC%E3%83%A0%E3%82%BF%E3%82%A4%E3%83%88%E3%83%AB%E4%B8%80%E8%A6%A7_%282024%E5%B9%B4%29
2024-10-04,マッチョショット,SAT-BOX,IARC,3+,https://ja.wikipedia.org/wiki/Nintendo_Switch%E3%81%AE%E3%82%B2%E3%83%BC%E3%83%A0%E3%82%BF%E3%82%A4%E3%83%88%E3%83%AB%E4%B8%80%E8%A6%A7_%282024%E5%B9%B4%29
2024-10-04,ゼロ ハイフライング スクワール,Shinyuden,IARC,7+,https://ja.wikipedia.org/wiki/Nintendo_Switch%E3%81%AE%E3%82%B2%E3%83%BC%E3%83%A0%E3%82%BF%E3%82%A4%E3%83%88%E3%83%AB%E4%B8%80%E8%A6%A7_%282024%E5%B9%B4%29
2024-10-07,Kill The Crows,5minlab,IARC,16+,https://ja.wikipedia.org/wiki/Nintendo_Switch%E3%81%AE%E3%82%B2%E3%83%BC%E3%83%A0%E3%82%BF%E3%82%A4%E3%83%88%E3%83%AB%E4%B8%80%E8%A6%A7_%282024%E5%B9%B4%29
2024-10-08,Massi,ラタライカゲームス,IARC,7+,https://ja.wikipedia.org/wiki/Nintendo_Switch%E3%81%AE%E3%82%B2%E3%83%BC%E3%83%A0%E3%82%BF%E3%82%A4%E3%83%88%E3%83%AB%E4%B8%80%E8%A6%A7_%282024%E5%B9%B4%29
2024-10-09,Andromeda Survivors,Afil Games,IARC,3+,https://ja.wikipedia.org/wiki/Nintendo_Switch%E3%81%AE%E3%82%B2%E3%83%BC%E3%83%A0%E3%82%BF%E3%82%A4%E3%83%88%E3%83%AB%E4%B8%80%E8%A6%A7_%282024%E5%B9%B4%29
2024-10-09,Mimi the Cat: New Friends,Afil Games,IARC,3+,https://ja.wikipedia.org/wiki/Nintendo_Switch%E3%81%AE%E3%82%B2%E3%83%BC%E3%83%A0%E3%82%BF%E3%82%A4%E3%83%88%E3%83%AB%E4%B8%80%E8%A6%A7_%282024%E5%B9%B4%29
2024-10-10,Gym Business : Fitness Empire Simulator,404 Games,IARC,3+,https://ja.wikipedia.org/wiki/Nintendo_Switch%E3%81%AE%E3%82%B2%E3%83%BC%E3%83%A0%E3%82%BF%E3%82%A4%E3%83%88%E3%83%AB%E4%B8%80%E8%A6%A7_%282024%E5%B9%B4%29
2024-10-10,Wizards Tourney,a bonfire of souls,IARC,3+,https://ja.wikipedia.org/wiki/Nintendo_Switch%E3%81%AE%E3%82%B2%E3%83%BC%E3%83%A0%E3%82%BF%E3%82%A4%E3%83%88%E3%83%AB%E4%B8%80%E8%A6%A7_%282024%E5%B9%B4%29
2024-10-10,箱の中の猫: Cats in Boxes,AGE Zero,IARC,3+,https://ja.wikipedia.org/wiki/Nintendo_Switch%E3%81%AE%E3%82%B2%E3%83%BC%E3%83%A0%E3%82%BF%E3%82%A4%E3%83%88%E3%83%AB%E4%B8%80%E8%A6%A7_%282024%E5%B9%B4%29
2024-10-10,替身,CASCHA GAMES,IARC,16+,https://ja.wikipedia.org/wiki/Nintendo_Switch%E3%81%AE%E3%82%B2%E3%83%BC%E3%83%A0%E3%82%BF%E3%82%A4%E3%83%88%E3%83%AB%E4%B8%80%E8%A6%A7_%282024%E5%B9%B4%29
2024-10-10,Video Game Store: Supermarket Simulator - ビデオ ゲーム ストア: スーパーマーケット シミュレーター,CGI LAB,IARC,3+,https://ja.wikipedia.org/wiki/Nintendo_Switch%E3%81%AE%E3%82%B2%E3%83%BC%E3%83%A0%E3%82%BF%E3%82%A4%E3%83%88%E3%83%AB%E4%B8%80%E8%A6%A7_%282024%E5%B9%B4%29
2024-10-10,読術 - 学習を加速するためのテクニック,Cooking & Publishing,IARC,3+,https://ja.wikipedia.org/wiki/Nintendo_Switch%E3%81%AE%E3%82%B2%E3%83%BC%E3%83%A0%E3%82%BF%E3%82%A4%E3%83%88%E3%83%AB%E4%B8%80%E8%A6%A7_%282024%E5%B9%B4%29
2024-10-10,瞑想の始め方・初心者向けガイドです,Cooking & Publishing,IARC,3+,https://ja.wikipedia.org/wiki/Nintendo_Switch%E3%81%AE%E3%82%B2%E3%83%BC%E3%83%A0%E3%82%BF%E3%82%A4%E3%83%88%E3%83%AB%E4%B8%80%E8%A6%A7_%282024%E5%B9%B4%29
2024-10-10,ローグ・セントリー,eastasiasoft,IARC,7+,https://ja.wikipedia.org/wiki/Nintendo_Switch%E3%81%AE%E3%82%B2%E3%83%BC%E3%83%A0%E3%82%BF%E3%82%A4%E3%83%88%E3%83%AB%E4%B8%80%E8%A6%A7_%282024%E5%B9%B4%29
2024-10-10,Bandit Buster: Western,Eclipse Interactive,IARC,16+,https://ja.wikipedia.org/wiki/Nintendo_Switch%E3%81%AE%E3%82%B2%E3%83%BC%E3%83%A0%E3%82%BF%E3%82%A4%E3%83%88%E3%83%AB%E4%B8%80%E8%A6%A7_%282024%E5%B9%B4%29
2024-10-10,Dagon: Complete Edition,Feardemic,IARC,12+,https://ja.wikipedia.org/wiki/Nintendo_Switch%E3%81%AE%E3%82%B2%E3%83%BC%E3%83%A0%E3%82%BF%E3%82%A4%E3%83%88%E3%83%AB%E4%B8%80%E8%A6%A7_%282024%E5%B9%B4%29
2024-10-10,Thronefall 不屈の王国,Grizzly Games,IARC,3+,https://ja.wikipedia.org/wiki/Nintendo_Switch%E3%81%AE%E3%82%B2%E3%83%BC%E3%83%A0%E3%82%BF%E3%82%A4%E3%83%88%E3%83%AB%E4%B8%80%E8%A6%A7_%282024%E5%B9%B4%29
2024-10-10,キャンプ サンシャイン,Hound Picked Games,IARC,16+,https://ja.wikipedia.org/wiki/Nintendo_Switch%E3%81%AE%E3%82%B2%E3%83%BC%E3%83%A0%E3%82%BF%E3%82%A4%E3%83%88%E3%83%AB%E4%B8%80%E8%A6%A7_%282024%E5%B9%B4%29
2024-10-10,Inside The Crystal Mountain,Intrugli Games,IARC,3+,https://ja.wikipedia.org/wiki/Nintendo_Switch%E3%81%AE%E3%82%B2%E3%83%BC%E3%83%A0%E3%82%BF%E3%82%A4%E3%83%88%E3%83%AB%E4%B8%80%E8%A6%A7_%282024%E5%B9%B4%29
2024-10-10,クレージー・トラフィック シティー・パーキング・シミュレーター,Megame,IARC,3+,https://ja.wikipedia.org/wiki/Nintendo_Switch%E3%81%AE%E3%82%B2%E3%83%BC%E3%83%A0%E3%82%BF%E3%82%A4%E3%83%88%E3%83%AB%E4%B8%80%E8%A6%A7_%282024%E5%B9%B4%29
2024-10-10,トラック・ドライバー パーキング・シミュレーター,Megame,IARC,3+,https://ja.wikipedia.org/wiki/Nintendo_Switch%E3%81%AE%E3%82%B2%E3%83%BC%E3%83%A0%E3%82%BF%E3%82%A4%E3%83%88%E3%83%AB%E4%B8%80%E8%A6%A7_%282024%E5%B9%B4%29
2024-10-10,私のパラダイスに隠された,Ogre Pixel,IARC,3+,https://ja.wikipedia.org/wiki/Nintendo_Switch%E3%81%AE%E3%82%B2%E3%83%BC%E3%83%A0%E3%82%BF%E3%82%A4%E3%83%88%E3%83%AB%E4%B8%80%E8%A6%A7_%282024%E5%B9%B4%29
2024-10-10,Anime Girls: Busty Baseball,Pakotime,IARC,12+,https://ja.wikipedia.org/wiki/Nintendo_Switch%E3%81%AE%E3%82%B2%E3%83%BC%E3%83%A0%E3%82%BF%E3%82%A4%E3%83%88%E3%83%AB%E4%B8%80%E8%A6%A7_%282024%E5%B9%B4%29
2024-10-10,Casual Sport Series: Hockey,Revulo Games,IARC,3+,https://ja.wikipedia.org/wiki/Nintendo_Switch%E3%81%AE%E3%82%B2%E3%83%BC%E3%83%A0%E3%82%BF%E3%82%A4%E3%83%88%E3%83%AB%E4%B8%80%E8%A6%A7_%282024%E5%B9%B4%29
2024-10-10,Bloodless,Saber Interactive,IARC,12+,https://ja.wikipedia.org/wiki/Nintendo_Switch%E3%81%AE%E3%82%B2%E3%83%BC%E3%83%A0%E3%82%BF%E3%82%A4%E3%83%88%E3%83%AB%E4%B8%80%E8%A6%A7_%282024%E5%B9%B4%29
2024-10-10,Cats and Seek: Osaka,Silesia Games,IARC,3+,https://ja.wikipedia.org/wiki/Nintendo_Switch%E3%81%AE%E3%82%B2%E3%83%BC%E3%83%A0%E3%82%BF%E3%82%A4%E3%83%88%E3%83%AB%E4%B8%80%E8%A6%A7_%282024%E5%B9%B4%29
2024-10-10,エル・パナデーロ 〜沈黙のパン屋さん〜,Sketchy Ceviche,IARC,7+,https://ja.wikipedia.org/wiki/Nintendo_Switch%E3%81%AE%E3%82%B2%E3%83%BC%E3%83%A0%E3%82%BF%E3%82%A4%E3%83%88%E3%83%AB%E4%B8%80%E8%A6%A7_%282024%E5%B9%B4%29
2024-10-10,Population Quiz,SOURCE BYTE,IARC,3+,https://ja.wikipedia.org/wiki/Nintendo_Switch%E3%81%AE%E3%82%B2%E3%83%BC%E3%83%A0%E3%82%BF%E3%82%A4%E3%83%88%E3%83%AB%E4%B8%80%E8%A6%A7_%282024%E5%B9%B4%29
2024-10-10,Wizards Owl: Magic Delivery,SUCCESS GAMES,IARC,3+,https://ja.wikipedia.org/wiki/Nintendo_Switch%E3%81%AE%E3%82%B2%E3%83%BC%E3%83%A0%E3%82%BF%E3%82%A4%E3%83%88%E3%83%AB%E4%B8%80%E8%A6%A7_%282024%E5%B9%B4%29
2024-10-10,廃館,Taiga,IARC,12+,https://ja.wikipedia.org/wiki/Nintendo_Switch%E3%81%AE%E3%82%B2%E3%83%BC%E3%83%A0%E3%82%BF%E3%82%A4%E3%83%88%E3%83%AB%E4%B8%80%E8%A6%A7_%282024%E5%B9%B4%29
2024-10-10,Before Exit: Supermarket,Take IT Studio!,IARC,3+,https://ja.wikipedia.org/wiki/Nintendo_Switch%E3%81%AE%E3%82%B2%E3%83%BC%E3%83%A0%E3%82%BF%E3%82%A4%E3%83%88%E3%83%AB%E4%B8%80%E8%A6%A7_%282024%E5%B9%B4%29
2024-10-10,日常ミステリー 証拠が導く真実 〜謎解き推理事件サスペンスゲーム〜,TT,IARC,16+,https://ja.wikipedia.org/wiki/Nintendo_Switch%E3%81%AE%E3%82%B2%E3%83%BC%E3%83%A0%E3%82%BF%E3%82%A4%E3%83%88%E3%83%AB%E4%B8%80%E8%A6%A7_%282024%E5%B9%B4%29
2024-10-10,Son of a Gun,Untold Tales,IARC,16+,https://ja.wikipedia.org/wiki/Nintendo_Switch%E3%81%AE%E3%82%B2%E3%83%BC%E3%83%A0%E3%82%BF%E3%82%A4%E3%83%88%E3%83%AB%E4%B8%80%E8%A6%A7_%282024%E5%B9%B4%29
2024-10-10,戦争後の生存,Upscale Studio,IARC,3+,https://ja.wikipedia.org/wiki/Nintendo_Switch%E3%81%AE%E3%82%B2%E3%83%BC%E3%83%A0%E3%82%BF%E3%82%A4%E3%83%88%E3%83%AB%E4%B8%80%E8%A6%A7_%282024%E5%B9%B4%29
2024-10-10,Crasho Cars,Zakym,IARC,3+,https://ja.wikipedia.org/wiki/Nintendo_Switch%E3%81%AE%E3%82%B2%E3%83%BC%E3%83%A0%E3%82%BF%E3%82%A4%E3%83%88%E3%83%AB%E4%B8%80%E8%A6%A7_%282024%E5%B9%B4%29
2024-10-10,つぐのひ -忌み夜の喰霊品店-,Vaka Gamez,IARC,16+,https://ja.wikipedia.org/wiki/Nintendo_Switch%E3%81%AE%E3%82%B2%E3%83%BC%E3%83%A0%E3%82%BF%E3%82%A4%E3%83%88%E3%83%AB%E4%B8%80%E8%A6%A7_%282024%E5%B9%B4%29
2024-10-10,Last Time I Saw You 雨の薫り,コーラス・ワールドワイド,CERO,D,https://ja.wikipedia.org/wiki/Nintendo_Switch%E3%81%AE%E3%82%B2%E3%83%BC%E3%83%A0%E3%82%BF%E3%82%A4%E3%83%88%E3%83%AB%E4%B8%80%E8%A6%A7_%282024%E5%B9%B4%29
2024-10-10,なつめ繚乱 -ハイスペ脳筋妖狐の恋愛奇譚-,サイバーステップ,IARC,12+,https://ja.wikipedia.org/wiki/Nintendo_Switch%E3%81%AE%E3%82%B2%E3%83%BC%E3%83%A0%E3%82%BF%E3%82%A4%E3%83%88%E3%83%AB%E4%B8%80%E8%A6%A7_%282024%E5%B9%B4%29
2024-10-10,Faster Than Bolt,スターサイン,IARC,3+,https://ja.wikipedia.org/wiki/Nintendo_Switch%E3%81%AE%E3%82%B2%E3%83%BC%E3%83%A0%E3%82%BF%E3%82%A4%E3%83%88%E3%83%AB%E4%B8%80%E8%A6%A7_%282024%E5%B9%B4%29
2024-10-11,The Case of the Golden Idol,Playstack,IARC,12+,https://ja.wikipedia.org/wiki/Nintendo_Switch%E3%81%AE%E3%82%B2%E3%83%BC%E3%83%A0%E3%82%BF%E3%82%A4%E3%83%88%E3%83%AB%E4%B8%80%E8%A6%A7_%282024%E5%B9%B4%29
2024-10-11,My Big Sister: Remastered,ラタライカゲームス,IARC,16+,https://ja.wikipedia.org/wiki/Nintendo_Switch%E3%81%AE%E3%82%B2%E3%83%BC%E3%83%A0%E3%82%BF%E3%82%A4%E3%83%88%E3%83%AB%E4%B8%80%E8%A6%A7_%282024%E5%B9%B4%29
2024-10-12,Europa,Future Friends Games,IARC,3+,https://ja.wikipedia.org/wiki/Nintendo_Switch%E3%81%AE%E3%82%B2%E3%83%BC%E3%83%A0%E3%82%BF%E3%82%A4%E3%83%88%E3%83%AB%E4%B8%80%E8%A6%A7_%282024%E5%B9%B4%29
2024-10-15,Nikoderiko: The Magical World,MY.GAMES,IARC,3+,https://ja.wikipedia.org/wiki/Nintendo_Switch%E3%81%AE%E3%82%B2%E3%83%BC%E3%83%A0%E3%82%BF%E3%82%A4%E3%83%88%E3%83%AB%E4%B8%80%E8%A6%A7_%282024%E5%B9%B4%29
2024-10-16,Beyond Border,Afil Games,IARC,3+,https://ja.wikipedia.org/wiki/Nintendo_Switch%E3%81%AE%E3%82%B2%E3%83%BC%E3%83%A0%E3%82%BF%E3%82%A4%E3%83%88%E3%83%AB%E4%B8%80%E8%A6%A7_%282024%E5%B9%B4%29
2024-10-16,Neva,Devolver Digital,CERO,C,https://ja.wikipedia.org/wiki/Nintendo_Switch%E3%81%AE%E3%82%B2%E3%83%BC%E3%83%A0%E3%82%BF%E3%82%A4%E3%83%88%E3%83%AB%E4%B8%80%E8%A6%A7_%282024%E5%B9%B4%29
2024-10-17,Hentai Waifu,17Studio,IARC,12+,https://ja.wikipedia.org/wiki/Nintendo_Switch%E3%81%AE%E3%82%B2%E3%83%BC%E3%83%A0%E3%82%BF%E3%82%A4%E3%83%88%E3%83%AB%E4%B8%80%E8%A6%A7_%282024%E5%B9%B4%29
2024-10-17,Real Hentai,17Studio,IARC,12+,https://ja.wikipedia.org/wiki/Nintendo_Switch%E3%81%AE%E3%82%B2%E3%83%BC%E3%83%A0%E3%82%BF%E3%82%A4%E3%83%88%E3%83%AB%E4%B8%80%E8%A6%A7_%282024%E5%B9%B4%29
2024-10-17,Simply Cubic,404 Games,IARC,3+,https://ja.wikipedia.org/wiki/Nintendo_Switch%E3%81%AE%E3%82%B2%E3%83%BC%E3%83%A0%E3%82%BF%E3%82%A4%E3%83%88%E3%83%AB%E4%B8%80%E8%A6%A7_%282024%E5%B9%B4%29
2024-10-17,Farmer Survivors,Afil Games,IARC,3+,https://ja.wikipedia.org/wiki/Nintendo_Switch%E3%81%AE%E3%82%B2%E3%83%BC%E3%83%A0%E3%82%BF%E3%82%A4%E3%83%88%E3%83%AB%E4%B8%80%E8%A6%A7_%282024%E5%B9%B4%29
2024-10-17,Ynglet,Akupara Games,IARC,3+,https://ja.wikipedia.org/wiki/Nintendo_Switch%E3%81%AE%E3%82%B2%E3%83%BC%E3%83%A0%E3%82%BF%E3%82%A4%E3%83%88%E3%83%AB%E4%B8%80%E8%A6%A7_%282024%E5%B9%B4%29
2024-10-17,アルケミスト: ポーション商人の物語,Art Games Studio,IARC,7+,https://ja.wikipedia.org/wiki/Nintendo_Switch%E3%81%AE%E3%82%B2%E3%83%BC%E3%83%A0%E3%82%BF%E3%82%A4%E3%83%88%E3%83%AB%E4%B8%80%E8%A6%A7_%282024%E5%B9%B4%29
2024-10-17,ナノアポスル,Beep,IARC,12+,https://ja.wikipedia.org/wiki/Nintendo_Switch%E3%81%AE%E3%82%B2%E3%83%BC%E3%83%A0%E3%82%BF%E3%82%A4%E3%83%88%E3%83%AB%E4%B8%80%E8%A6%A7_%282024%E5%B9%B4%29
2024-10-17,City Bus Simulator,Burlea Games Studio,IARC,3+,https://ja.wikipedia.org/wiki/Nintendo_Switch%E3%81%AE%E3%82%B2%E3%83%BC%E3%83%A0%E3%82%BF%E3%82%A4%E3%83%88%E3%83%AB%E4%B8%80%E8%A6%A7_%282024%E5%B9%B4%29
2024-10-17,チェスのオープニングと定跡,Cooking & Publishing,IARC,3+,https://ja.wikipedia.org/wiki/Nintendo_Switch%E3%81%AE%E3%82%B2%E3%83%BC%E3%83%A0%E3%82%BF%E3%82%A4%E3%83%88%E3%83%AB%E4%B8%80%E8%A6%A7_%282024%E5%B9%B4%29
2024-10-17,DROVA,Deck13,IARC,16+,https://ja.wikipedia.org/wiki/Nintendo_Switch%E3%81%AE%E3%82%B2%E3%83%BC%E3%83%A0%E3%82%BF%E3%82%A4%E3%83%88%E3%83%AB%E4%B8%80%E8%A6%A7_%282024%E5%B9%B4%29
2024-10-17,The Seed: Unit 7,eastasiasoft,IARC,7+,https://ja.wikipedia.org/wiki/Nintendo_Switch%E3%81%AE%E3%82%B2%E3%83%BC%E3%83%A0%E3%82%BF%E3%82%A4%E3%83%88%E3%83%AB%E4%B8%80%E8%A6%A7_%282024%E5%B9%B4%29
2024-10-17,ザフライングトラベラー マインドナイトアワー,EpiXR Games,IARC,7+,https://ja.wikipedia.org/wiki/Nintendo_Switch%E3%81%AE%E3%82%B2%E3%83%BC%E3%83%A0%E3%82%BF%E3%82%A4%E3%83%88%E3%83%AB%E4%B8%80%E8%A6%A7_%282024%E5%B9%B4%29
2024-10-17,Core Keeper,Fireshine Games,CERO,A,https://ja.wikipedia.org/wiki/Nintendo_Switch%E3%81%AE%E3%82%B2%E3%83%BC%E3%83%A0%E3%82%BF%E3%82%A4%E3%83%88%E3%83%AB%E4%B8%80%E8%A6%A7_%282024%E5%B9%B4%29
2024-10-17,目盲 - 見えない真実,Happy Player,IARC,12+,https://ja.wikipedia.org/wiki/Nintendo_Switch%E3%81%AE%E3%82%B2%E3%83%BC%E3%83%A0%E3%82%BF%E3%82%A4%E3%83%88%E3%83%AB%E4%B8%80%E8%A6%A7_%282024%E5%B9%B4%29
2024-10-17,StormEdge,HypeTrain Digital,IARC,3+,https://ja.wikipedia.org/wiki/Nintendo_Switch%E3%81%AE%E3%82%B2%E3%83%BC%E3%83%A0%E3%82%BF%E3%82%A4%E3%83%88%E3%83%AB%E4%B8%80%E8%A6%A7_%282024%E5%B9%B4%29
2024-10-17,Secrets of Magic 2: Witches & Wizards,Joindots,IARC,3+,https://ja.wikipedia.org/wiki/Nintendo_Switch%E3%81%AE%E3%82%B2%E3%83%BC%E3%83%A0%E3%82%BF%E3%82%A4%E3%83%88%E3%83%AB%E4%B8%80%E8%A6%A7_%282024%E5%B9%B4%29
2024-10-17,小学生で知りたい しくじり偉人伝－教科書のあの人の失敗！歴史○×クイズ学習雑学教養勉強ゲーム－,MASK,IARC,3+,https://ja.wikipedia.org/wiki/Nintendo_Switch%E3%81%AE%E3%82%B2%E3%83%BC%E3%83%A0%E3%82%BF%E3%82%A4%E3%83%88%E3%83%AB%E4%B8%80%E8%A6%A7_%282024%E5%B9%B4%29
2024-10-17,フットボール・リーグ・カップ アーケード・サッカー・シミュレーター,Megame,IARC,3+,https://ja.wikipedia.org/wiki/Nintendo_Switch%E3%81%AE%E3%82%B2%E3%83%BC%E3%83%A0%E3%82%BF%E3%82%A4%E3%83%88%E3%83%AB%E4%B8%80%E8%A6%A7_%282024%E5%B9%B4%29
2024-10-17,フルート・パーティー シカー・キャジュアル・パズル,Megame,IARC,3+,https://ja.wikipedia.org/wiki/Nintendo_Switch%E3%81%AE%E3%82%B2%E3%83%BC%E3%83%A0%E3%82%BF%E3%82%A4%E3%83%88%E3%83%AB%E4%B8%80%E8%A6%A7_%282024%E5%B9%B4%29
2024-10-17,アルセーヌ・ルパン かつて泥棒だった男,Microids,IARC,7+,https://ja.wikipedia.org/wiki/Nintendo_Switch%E3%81%AE%E3%82%B2%E3%83%BC%E3%83%A0%E3%82%BF%E3%82%A4%E3%83%88%E3%83%AB%E4%B8%80%E8%A6%A7_%282024%E5%B9%B4%29
2024-10-17,Little Legs,NOSTRA GAMES,IARC,3+,https://ja.wikipedia.org/wiki/Nintendo_Switch%E3%81%AE%E3%82%B2%E3%83%BC%E3%83%A0%E3%82%BF%E3%82%A4%E3%83%88%E3%83%AB%E4%B8%80%E8%A6%A7_%282024%E5%B9%B4%29
2024-10-17,Sugoi Girls: Vivacious Vampire,Pakotime,IARC,12+,https://ja.wikipedia.org/wiki/Nintendo_Switch%E3%81%AE%E3%82%B2%E3%83%BC%E3%83%A0%E3%82%BF%E3%82%A4%E3%83%88%E3%83%AB%E4%B8%80%E8%A6%A7_%282024%E5%B9%B4%29
2024-10-17,Mourning Tide,Phantom Publishing,IARC,16+,https://ja.wikipedia.org/wiki/Nintendo_Switch%E3%81%AE%E3%82%B2%E3%83%BC%E3%83%A0%E3%82%BF%E3%82%A4%E3%83%88%E3%83%AB%E4%B8%80%E8%A6%A7_%282024%E5%B9%B4%29
2024-10-17,Rookie Boxing,Pix Arts,IARC,7+,https://ja.wikipedia.org/wiki/Nintendo_Switch%E3%81%AE%E3%82%B2%E3%83%BC%E3%83%A0%E3%82%BF%E3%82%A4%E3%83%88%E3%83%AB%E4%B8%80%E8%A6%A7_%282024%E5%B9%B4%29
2024-10-17,Home Safety Hotline,Puppet Combo,IARC,12+,https://ja.wikipedia.org/wiki/Nintendo_Switch%E3%81%AE%E3%82%B2%E3%83%BC%E3%83%A0%E3%82%BF%E3%82%A4%E3%83%88%E3%83%AB%E4%B8%80%E8%A6%A7_%282024%E5%B9%B4%29
2024-10-17,アマゼ!,QubicGames,IARC,3+,https://ja.wikipedia.org/wiki/Nintendo_Switch%E3%81%AE%E3%82%B2%E3%83%BC%E3%83%A0%E3%82%BF%E3%82%A4%E3%83%88%E3%83%AB%E4%B8%80%E8%A6%A7_%282024%E5%B9%B4%29
2024-10-17,MetroLand,QUByte Interactive,IARC,3+,https://ja.wikipedia.org/wiki/Nintendo_Switch%E3%81%AE%E3%82%B2%E3%83%BC%E3%83%A0%E3%82%BF%E3%82%A4%E3%83%88%E3%83%AB%E4%B8%80%E8%A6%A7_%282024%E5%B9%B4%29
2024-10-17,嫌々ながら人類を救う旅に出た死霊術師,Rablo Games,IARC,7+,https://ja.wikipedia.org/wiki/Nintendo_Switch%E3%81%AE%E3%82%B2%E3%83%BC%E3%83%A0%E3%82%BF%E3%82%A4%E3%83%88%E3%83%AB%E4%B8%80%E8%A6%A7_%282024%E5%B9%B4%29
2024-10-17,アニメ女子とのデート ハロウィンコスプレ かわいい,Red Fables,IARC,12+,https://ja.wikipedia.org/wiki/Nintendo_Switch%E3%81%AE%E3%82%B2%E3%83%BC%E3%83%A0%E3%82%BF%E3%82%A4%E3%83%88%E3%83%AB%E4%B8%80%E8%A6%A7_%282024%E5%B9%B4%29
2024-10-17,アニメ男子とのデート ハロウィンコスプレ かわいい,Red Fables,IARC,12+,https://ja.wikipedia.org/wiki/Nintendo_Switch%E3%81%AE%E3%82%B2%E3%83%BC%E3%83%A0%E3%82%BF%E3%82%A4%E3%83%88%E3%83%AB%E4%B8%80%E8%A6%A7_%282024%E5%B9%B4%29
2024-10-17,Amelia's Garden,RedDeerGames,IARC,3+,https://ja.wikipedia.org/wiki/Nintendo_Switch%E3%81%AE%E3%82%B2%E3%83%BC%E3%83%A0%E3%82%BF%E3%82%A4%E3%83%88%E3%83%AB%E4%B8%80%E8%A6%A7_%282024%E5%B9%B4%29
2024-10-17,Touch and Reveal,RedDeerGames,IARC,12+,https://ja.wikipedia.org/wiki/Nintendo_Switch%E3%81%AE%E3%82%B2%E3%83%BC%E3%83%A0%E3%82%BF%E3%82%A4%E3%83%88%E3%83%AB%E4%B8%80%E8%A6%A7_%282024%E5%B9%B4%29
2024-10-17,ファラオの財宝 コイン落とし,SAT-BOX,IARC,3+,https://ja.wikipedia.org/wiki/Nintendo_Switch%E3%81%AE%E3%82%B2%E3%83%BC%E3%83%A0%E3%82%BF%E3%82%A4%E3%83%88%E3%83%AB%E4%B8%80%E8%A6%A7_%282024%E5%B9%B4%29
2024-10-17,Crow Country,SFB Games,IARC,16+,https://ja.wikipedia.org/wiki/Nintendo_Switch%E3%81%AE%E3%82%B2%E3%83%BC%E3%83%A0%E3%82%BF%E3%82%A4%E3%83%88%E3%83%AB%E4%B8%80%E8%A6%A7_%282024%E5%B9%B4%29
2024-10-17,Blazing Strike,SOFT SOURCE,CERO,B,https://ja.wikipedia.org/wiki/Nintendo_Switch%E3%81%AE%E3%82%B2%E3%83%BC%E3%83%A0%E3%82%BF%E3%82%A4%E3%83%88%E3%83%AB%E4%B8%80%E8%A6%A7_%282024%E5%B9%B4%29
2024-10-17,Eternights,Studio Sai,IARC,16+,https://ja.wikipedia.org/wiki/Nintendo_Switch%E3%81%AE%E3%82%B2%E3%83%BC%E3%83%A0%E3%82%BF%E3%82%A4%E3%83%88%E3%83%AB%E4%B8%80%E8%A6%A7_%282024%E5%B9%B4%29
2024-10-17,I Got Isekai'd Into a Shmup,TOMAGameStudio,IARC,12+,https://ja.wikipedia.org/wiki/Nintendo_Switch%E3%81%AE%E3%82%B2%E3%83%BC%E3%83%A0%E3%82%BF%E3%82%A4%E3%83%88%E3%83%AB%E4%B8%80%E8%A6%A7_%282024%E5%B9%B4%29
2024-10-17,かんたんかわいいお片づけレッスン－ぴったりの場所を探そう！遊んで鍛える整理整頓学習トレーニング－,TT,IARC,3+,https://ja.wikipedia.org/wiki/Nintendo_Switch%E3%81%AE%E3%82%B2%E3%83%BC%E3%83%A0%E3%82%BF%E3%82%A4%E3%83%88%E3%83%AB%E4%B8%80%E8%A6%A7_%282024%E5%B9%B4%29
2024-10-17,Stick Combat - Fighting Platformer,VRCFORGE STUDIOS,IARC,7+,https://ja.wikipedia.org/wiki/Nintendo_Switch%E3%81%AE%E3%82%B2%E3%83%BC%E3%83%A0%E3%82%BF%E3%82%A4%E3%83%88%E3%83%AB%E4%B8%80%E8%A6%A7_%282024%E5%B9%B4%29
2024-10-17,ASTLIBRA Revision,WhisperGames,IARC,7+,https://ja.wikipedia.org/wiki/Nintendo_Switch%E3%81%AE%E3%82%B2%E3%83%BC%E3%83%A0%E3%82%BF%E3%82%A4%E3%83%88%E3%83%AB%E4%B8%80%E8%A6%A7_%282024%E5%B9%B4%29
2024-10-17,LYNE,Worm Club,IARC,3+,https://ja.wikipedia.org/wiki/Nintendo_Switch%E3%81%AE%E3%82%B2%E3%83%BC%E3%83%A0%E3%82%BF%E3%82%A4%E3%83%88%E3%83%AB%E4%B8%80%E8%A6%A7_%282024%E5%B9%B4%29
2024-10-17,Frogo Deluxe,Zakym,IARC,3+,https://ja.wikipedia.org/wiki/Nintendo_Switch%E3%81%AE%E3%82%B2%E3%83%BC%E3%83%A0%E3%82%BF%E3%82%A4%E3%83%88%E3%83%AB%E4%B8%80%E8%A6%A7_%282024%E5%B9%B4%29
2024-10-18,It Could Happen to You,ラタライカゲームス,IARC,16+,https://ja.wikipedia.org/wiki/Nintendo_Switch%E3%81%AE%E3%82%B2%E3%83%BC%E3%83%A0%E3%82%BF%E3%82%A4%E3%83%88%E3%83%AB%E4%B8%80%E8%A6%A7_%282024%E5%B9%B4%29
2024-10-23,Say Cheese!,Afil Games,IARC,3+,https://ja.wikipedia.org/wiki/Nintendo_Switch%E3%81%AE%E3%82%B2%E3%83%BC%E3%83%A0%E3%82%BF%E3%82%A4%E3%83%88%E3%83%AB%E4%B8%80%E8%A6%A7_%282024%E5%B9%B4%29
2024-10-23,Fear the Spotlight,Blumhouse Games,IARC,12+,https://ja.wikipedia.org/wiki/Nintendo_Switch%E3%81%AE%E3%82%B2%E3%83%BC%E3%83%A0%E3%82%BF%E3%82%A4%E3%83%88%E3%83%AB%E4%B8%80%E8%A6%A7_%282024%E5%B9%B4%29
2024-10-24,Rack and Slay,2 Left Thumbs,IARC,7+,https://ja.wikipedia.org/wiki/Nintendo_Switch%E3%81%AE%E3%82%B2%E3%83%BC%E3%83%A0%E3%82%BF%E3%82%A4%E3%83%88%E3%83%AB%E4%B8%80%E8%A6%A7_%282024%E5%B9%B4%29
2024-10-24,Hentai Waifu 2,17Studio,IARC,12+,https://ja.wikipedia.org/wiki/Nintendo_Switch%E3%81%AE%E3%82%B2%E3%83%BC%E3%83%A0%E3%82%BF%E3%82%A4%E3%83%88%E3%83%AB%E4%B8%80%E8%A6%A7_%282024%E5%B9%B4%29
2024-10-24,Solomon Snow: First Contact,404 Games,IARC,12+,https://ja.wikipedia.org/wiki/Nintendo_Switch%E3%81%AE%E3%82%B2%E3%83%BC%E3%83%A0%E3%82%BF%E3%82%A4%E3%83%88%E3%83%AB%E4%B8%80%E8%A6%A7_%282024%E5%B9%B4%29
2024-10-24,ワンパンチ,CFK,IARC,7+,https://ja.wikipedia.org/wiki/Nintendo_Switch%E3%81%AE%E3%82%B2%E3%83%BC%E3%83%A0%E3%82%BF%E3%82%A4%E3%83%88%E3%83%AB%E4%B8%80%E8%A6%A7_%282024%E5%B9%B4%29
2024-10-24,ブックショップ ワンダーランド: スーパーマーケット シミュレーター - Bookshop Wonderland: Supermarket Simulator,CGI LAB,IARC,3+,https://ja.wikipedia.org/wiki/Nintendo_Switch%E3%81%AE%E3%82%B2%E3%83%BC%E3%83%A0%E3%82%BF%E3%82%A4%E3%83%88%E3%83%AB%E4%B8%80%E8%A6%A7_%282024%E5%B9%B4%29
2024-10-24,ロフィ チル セッション: リラックス アイランド - Lofi Chill Sessions: Relax Island,CGI LAB,IARC,3+,https://ja.wikipedia.org/wiki/Nintendo_Switch%E3%81%AE%E3%82%B2%E3%83%BC%E3%83%A0%E3%82%BF%E3%82%A4%E3%83%88%E3%83%AB%E4%B8%80%E8%A6%A7_%282024%E5%B9%B4%29
2024-10-24,駐車場の伝説: ドライブ & パーク アドベンチャー Car Parking Legends: Drive & Park Adventure,CGI LAB,IARC,3+,https://ja.wikipedia.org/wiki/Nintendo_Switch%E3%81%AE%E3%82%B2%E3%83%BC%E3%83%A0%E3%82%BF%E3%82%A4%E3%83%88%E3%83%AB%E4%B8%80%E8%A6%A7_%282024%E5%B9%B4%29
2024-10-24,Speedollama,Chaosmonger Studio,IARC,12+,https://ja.wikipedia.org/wiki/Nintendo_Switch%E3%81%AE%E3%82%B2%E3%83%BC%E3%83%A0%E3%82%BF%E3%82%A4%E3%83%88%E3%83%AB%E4%B8%80%E8%A6%A7_%282024%E5%B9%B4%29
2024-10-24,インテリアデコレーション・スタイルで空間を変える,Cooking & Publishing,IARC,3+,https://ja.wikipedia.org/wiki/Nintendo_Switch%E3%81%AE%E3%82%B2%E3%83%BC%E3%83%A0%E3%82%BF%E3%82%A4%E3%83%88%E3%83%AB%E4%B8%80%E8%A6%A7_%282024%E5%B9%B4%29
2024-10-24,パーソナルスタイル・あなたらしいスタイルを見つけて定義する,Cooking & Publishing,IARC,3+,https://ja.wikipedia.org/wiki/Nintendo_Switch%E3%81%AE%E3%82%B2%E3%83%BC%E3%83%A0%E3%82%BF%E3%82%A4%E3%83%88%E3%83%AB%E4%B8%80%E8%A6%A7_%282024%E5%B9%B4%29
2024-10-24,Garage Mechanic Simulator 3D,DEMENCI Games,IARC,3+,https://ja.wikipedia.org/wiki/Nintendo_Switch%E3%81%AE%E3%82%B2%E3%83%BC%E3%83%A0%E3%82%BF%E3%82%A4%E3%83%88%E3%83%AB%E4%B8%80%E8%A6%A7_%282024%E5%B9%B4%29
2024-10-24,Moe Waifu H - BlockBlast,eastasiasoft,IARC,12+,https://ja.wikipedia.org/wiki/Nintendo_Switch%E3%81%AE%E3%82%B2%E3%83%BC%E3%83%A0%E3%82%BF%E3%82%A4%E3%83%88%E3%83%AB%E4%B8%80%E8%A6%A7_%282024%E5%B9%B4%29
2024-10-24,Super XYX,eastasiasoft,IARC,12+,https://ja.wikipedia.org/wiki/Nintendo_Switch%E3%81%AE%E3%82%B2%E3%83%BC%E3%83%A0%E3%82%BF%E3%82%A4%E3%83%88%E3%83%AB%E4%B8%80%E8%A6%A7_%282024%E5%B9%B4%29
2024-10-24,Stickin' the Landing,Entalto Studios,IARC,3+,https://ja.wikipedia.org/wiki/Nintendo_Switch%E3%81%AE%E3%82%B2%E3%83%BC%E3%83%A0%E3%82%BF%E3%82%A4%E3%83%88%E3%83%AB%E4%B8%80%E8%A6%A7_%282024%E5%B9%B4%29
2024-10-24,アニメダンスゴーストパーティー,EpiXR Games,IARC,3+,https://ja.wikipedia.org/wiki/Nintendo_Switch%E3%81%AE%E3%82%B2%E3%83%BC%E3%83%A0%E3%82%BF%E3%82%A4%E3%83%88%E3%83%AB%E4%B8%80%E8%A6%A7_%282024%E5%B9%B4%29
2024-10-24,ハウスオブホラー,EpiXR Games,IARC,16+,https://ja.wikipedia.org/wiki/Nintendo_Switch%E3%81%AE%E3%82%B2%E3%83%BC%E3%83%A0%E3%82%BF%E3%82%A4%E3%83%88%E3%83%AB%E4%B8%80%E8%A6%A7_%282024%E5%B9%B4%29
2024-10-24,ボットワールドオデッセイ,Featherweight Games,IARC,3+,https://ja.wikipedia.org/wiki/Nintendo_Switch%E3%81%AE%E3%82%B2%E3%83%BC%E3%83%A0%E3%82%BF%E3%82%A4%E3%83%88%E3%83%AB%E4%B8%80%E8%A6%A7_%282024%E5%B9%B4%29
2024-10-24,1000xRESIST,Fellow Traveller,IARC,16+,https://ja.wikipedia.org/wiki/Nintendo_Switch%E3%81%AE%E3%82%B2%E3%83%BC%E3%83%A0%E3%82%BF%E3%82%A4%E3%83%88%E3%83%AB%E4%B8%80%E8%A6%A7_%282024%E5%B9%B4%29
2024-10-24,ケアベア トゥ・ザ・レスキュー,Forever Entertainment,CERO,A,https://ja.wikipedia.org/wiki/Nintendo_Switch%E3%81%AE%E3%82%B2%E3%83%BC%E3%83%A0%E3%82%BF%E3%82%A4%E3%83%88%E3%83%AB%E4%B8%80%E8%A6%A7_%282024%E5%B9%B4%29
2024-10-24,Doodle Hunt: Halloween Rush,Halva Studio,IARC,3+,https://ja.wikipedia.org/wiki/Nintendo_Switch%E3%81%AE%E3%82%B2%E3%83%BC%E3%83%A0%E3%82%BF%E3%82%A4%E3%83%88%E3%83%AB%E4%B8%80%E8%A6%A7_%282024%E5%B9%B4%29
2024-10-24,隠れ猫の不気味な場所: Hidden Cats in Spooky Places,Halva Studio,IARC,3+,https://ja.wikipedia.org/wiki/Nintendo_Switch%E3%81%AE%E3%82%B2%E3%83%BC%E3%83%A0%E3%82%BF%E3%82%A4%E3%83%88%E3%83%AB%E4%B8%80%E8%A6%A7_%282024%E5%B9%B4%29
2024-10-24,Telebbit,HYPER REAL,IARC,16+,https://ja.wikipedia.org/wiki/Nintendo_Switch%E3%81%AE%E3%82%B2%E3%83%BC%E3%83%A0%E3%82%BF%E3%82%A4%E3%83%88%E3%83%AB%E4%B8%80%E8%A6%A7_%282024%E5%B9%B4%29
2024-10-24,Voidwrought,Kwalee,IARC,7+,https://ja.wikipedia.org/wiki/Nintendo_Switch%E3%81%AE%E3%82%B2%E3%83%BC%E3%83%A0%E3%82%BF%E3%82%A4%E3%83%88%E3%83%AB%E4%B8%80%E8%A6%A7_%282024%E5%B9%B4%29
2024-10-24,Caveheart Legacy Of The Depths,MagicProStudio,IARC,3+,https://ja.wikipedia.org/wiki/Nintendo_Switch%E3%81%AE%E3%82%B2%E3%83%BC%E3%83%A0%E3%82%BF%E3%82%A4%E3%83%88%E3%83%AB%E4%B8%80%E8%A6%A7_%282024%E5%B9%B4%29
2024-10-24,おくだけスタディ 四字熟語 〜指一本で穴埋め四字熟語学習ゲーム〜,MASK,IARC,3+,https://ja.wikipedia.org/wiki/Nintendo_Switch%E3%81%AE%E3%82%B2%E3%83%BC%E3%83%A0%E3%82%BF%E3%82%A4%E3%83%88%E3%83%AB%E4%B8%80%E8%A6%A7_%282024%E5%B9%B4%29
2024-10-24,Fantasy Friends: Dream Worlds,Maximum Entertainment,IARC,3+,https://ja.wikipedia.org/wiki/Nintendo_Switch%E3%81%AE%E3%82%B2%E3%83%BC%E3%83%A0%E3%82%BF%E3%82%A4%E3%83%88%E3%83%AB%E4%B8%80%E8%A6%A7_%282024%E5%B9%B4%29
2024-10-24,アーケード・タンクス・トゥー バトル・シミュレーター,Megame,IARC,3+,https://ja.wikipedia.org/wiki/Nintendo_Switch%E3%81%AE%E3%82%B2%E3%83%BC%E3%83%A0%E3%82%BF%E3%82%A4%E3%83%88%E3%83%AB%E4%B8%80%E8%A6%A7_%282024%E5%B9%B4%29
2024-10-24,メディーバル・チェス・グランドマスター,Megame,IARC,3+,https://ja.wikipedia.org/wiki/Nintendo_Switch%E3%81%AE%E3%82%B2%E3%83%BC%E3%83%A0%E3%82%BF%E3%82%A4%E3%83%88%E3%83%AB%E4%B8%80%E8%A6%A7_%282024%E5%B9%B4%29
2024-10-24,dotAGE,Michele Pirovano,IARC,7+,https://ja.wikipedia.org/wiki/Nintendo_Switch%E3%81%AE%E3%82%B2%E3%83%BC%E3%83%A0%E3%82%BF%E3%82%A4%E3%83%88%E3%83%AB%E4%B8%80%E8%A6%A7_%282024%E5%B9%B4%29
2024-10-24,ガーデン・オブ・ザ・シー,Neat Corporation,IARC,3+,https://ja.wikipedia.org/wiki/Nintendo_Switch%E3%81%AE%E3%82%B2%E3%83%BC%E3%83%A0%E3%82%BF%E3%82%A4%E3%83%88%E3%83%AB%E4%B8%80%E8%A6%A7_%282024%E5%B9%B4%29
2024-10-24,キャプテンバレル,NEO BYTE FORCE,IARC,3+,https://ja.wikipedia.org/wiki/Nintendo_Switch%E3%81%AE%E3%82%B2%E3%83%BC%E3%83%A0%E3%82%BF%E3%82%A4%E3%83%88%E3%83%AB%E4%B8%80%E8%A6%A7_%282024%E5%B9%B4%29
2024-10-24,たけうまやろう,Pineapple Works,IARC,3+,https://ja.wikipedia.org/wiki/Nintendo_Switch%E3%81%AE%E3%82%B2%E3%83%BC%E3%83%A0%E3%82%BF%E3%82%A4%E3%83%88%E3%83%AB%E4%B8%80%E8%A6%A7_%282024%E5%B9%B4%29
2024-10-24,トブラ - 神聖な道,Rokaplay,IARC,3+,https://ja.wikipedia.org/wiki/Nintendo_Switch%E3%81%AE%E3%82%B2%E3%83%BC%E3%83%A0%E3%82%BF%E3%82%A4%E3%83%88%E3%83%AB%E4%B8%80%E8%A6%A7_%282024%E5%B9%B4%29
2024-10-24,Hidden Cats in Spooky Town,Silesia Games,IARC,7+,https://ja.wikipedia.org/wiki/Nintendo_Switch%E3%81%AE%E3%82%B2%E3%83%BC%E3%83%A0%E3%82%BF%E3%82%A4%E3%83%88%E3%83%AB%E4%B8%80%E8%A6%A7_%282024%E5%B9%B4%29
2024-10-24,Orange Season,Soedesco,IARC,3+,https://ja.wikipedia.org/wiki/Nintendo_Switch%E3%81%AE%E3%82%B2%E3%83%BC%E3%83%A0%E3%82%BF%E3%82%A4%E3%83%88%E3%83%AB%E4%B8%80%E8%A6%A7_%282024%E5%B9%B4%29
2024-10-24,The Sun Shines Over Us,SOFT SOURCE,IARC,3+,https://ja.wikipedia.org/wiki/Nintendo_Switch%E3%81%AE%E3%82%B2%E3%83%BC%E3%83%A0%E3%82%BF%E3%82%A4%E3%83%88%E3%83%AB%E4%B8%80%E8%A6%A7_%282024%E5%B9%B4%29
2024-10-24,Garbage Driver Truck Simulator 2025,SUCCESS GAMES,IARC,3+,https://ja.wikipedia.org/wiki/Nintendo_Switch%E3%81%AE%E3%82%B2%E3%83%BC%E3%83%A0%E3%82%BF%E3%82%A4%E3%83%88%E3%83%AB%E4%B8%80%E8%A6%A7_%282024%E5%B9%B4%29
2024-10-24,The Cheese Chase: Pizza Madness,Trefl S.A,IARC,3+,https://ja.wikipedia.org/wiki/Nintendo_Switch%E3%81%AE%E3%82%B2%E3%83%BC%E3%83%A0%E3%82%BF%E3%82%A4%E3%83%88%E3%83%AB%E4%B8%80%E8%A6%A7_%282024%E5%B9%B4%29
2024-10-24,ナゾトキで学ぶ！世界の絵画－美術芸術名画ゲームで楽しく教養学習雑学博識クイズ－,TT,IARC,3+,https://ja.wikipedia.org/wiki/Nintendo_Switch%E3%81%AE%E3%82%B2%E3%83%BC%E3%83%A0%E3%82%BF%E3%82%A4%E3%83%88%E3%83%AB%E4%B8%80%E8%A6%A7_%282024%E5%B9%B4%29
2024-10-24,Flip It,Webnetic,IARC,3+,https://ja.wikipedia.org/wiki/Nintendo_Switch%E3%81%AE%E3%82%B2%E3%83%BC%E3%83%A0%E3%82%BF%E3%82%A4%E3%83%88%E3%83%AB%E4%B8%80%E8%A6%A7_%282024%E5%B9%B4%29
2024-10-24,Arcade Room Simulator,Zakym,IARC,3+,https://ja.wikipedia.org/wiki/Nintendo_Switch%E3%81%AE%E3%82%B2%E3%83%BC%E3%83%A0%E3%82%BF%E3%82%A4%E3%83%88%E3%83%AB%E4%B8%80%E8%A6%A7_%282024%E5%B9%B4%29
2024-10-24,べしすくい,オペラハウス,IARC,3+,https://ja.wikipedia.org/wiki/Nintendo_Switch%E3%81%AE%E3%82%B2%E3%83%BC%E3%83%A0%E3%82%BF%E3%82%A4%E3%83%88%E3%83%AB%E4%B8%80%E8%A6%A7_%282024%E5%B9%B4%29
2024-10-24,デモクラシー4:コンソールエディション,コーラス・ワールドワイド,IARC,12+,https://ja.wikipedia.org/wiki/Nintendo_Switch%E3%81%AE%E3%82%B2%E3%83%BC%E3%83%A0%E3%82%BF%E3%82%A4%E3%83%88%E3%83%AB%E4%B8%80%E8%A6%A7_%282024%E5%B9%B4%29
2024-10-24,鉄槌パズル はんまーさん,サクセス,IARC,3+,https://ja.wikipedia.org/wiki/Nintendo_Switch%E3%81%AE%E3%82%B2%E3%83%BC%E3%83%A0%E3%82%BF%E3%82%A4%E3%83%88%E3%83%AB%E4%B8%80%E8%A6%A7_%282024%E5%B9%B4%29
2024-10-24,ボイスコミック 立華の契,レジスタ,CERO,教,https://ja.wikipedia.org/wiki/Nintendo_Switch%E3%81%AE%E3%82%B2%E3%83%BC%E3%83%A0%E3%82%BF%E3%82%A4%E3%83%88%E3%83%AB%E4%B8%80%E8%A6%A7_%282024%E5%B9%B4%29
2024-10-24,酔っぱライジング,宮澤卓宏,IARC,3+,https://ja.wikipedia.org/wiki/Nintendo_Switch%E3%81%AE%E3%82%B2%E3%83%BC%E3%83%A0%E3%82%BF%E3%82%A4%E3%83%88%E3%83%AB%E4%B8%80%E8%A6%A7_%282024%E5%B9%B4%29
2024-10-25,Felinea Tales 日本,Nerd Games,IARC,3+,https://ja.wikipedia.org/wiki/Nintendo_Switch%E3%81%AE%E3%82%B2%E3%83%BC%E3%83%A0%E3%82%BF%E3%82%A4%E3%83%88%E3%83%AB%E4%B8%80%E8%A6%A7_%282024%E5%B9%B4%29
2024-10-25,龍が如く 極,セガ,CERO,D,https://ja.wikipedia.org/wiki/Nintendo_Switch%E3%81%AE%E3%82%B2%E3%83%BC%E3%83%A0%E3%82%BF%E3%82%A4%E3%83%88%E3%83%AB%E4%B8%80%E8%A6%A7_%282024%E5%B9%B4%29
2024-10-28,Vengeance Hunters,Nalua Studio,IARC,7+,https://ja.wikipedia.org/wiki/Nintendo_Switch%E3%81%AE%E3%82%B2%E3%83%BC%E3%83%A0%E3%82%BF%E3%82%A4%E3%83%88%E3%83%AB%E4%B8%80%E8%A6%A7_%282024%E5%B9%B4%29
2024-10-29,Police Simulator: Patrol Officers,Astragon,IARC,12+,https://ja.wikipedia.org/wiki/Nintendo_Switch%E3%81%AE%E3%82%B2%E3%83%BC%E3%83%A0%E3%82%BF%E3%82%A4%E3%83%88%E3%83%AB%E4%B8%80%E8%A6%A7_%282024%E5%B9%B4%29
2024-10-29,Backrooms: Partygoers,ラタライカゲームス,IARC,16+,https://ja.wikipedia.org/wiki/Nintendo_Switch%E3%81%AE%E3%82%B2%E3%83%BC%E3%83%A0%E3%82%BF%E3%82%A4%E3%83%88%E3%83%AB%E4%B8%80%E8%A6%A7_%282024%E5%B9%B4%29
2024-10-30,Gladiator's Arena,Afil Games,IARC,7+,https://ja.wikipedia.org/wiki/Nintendo_Switch%E3%81%AE%E3%82%B2%E3%83%BC%E3%83%A0%E3%82%BF%E3%82%A4%E3%83%88%E3%83%AB%E4%B8%80%E8%A6%A7_%282024%E5%B9%B4%29
2024-10-31,Space Planet Invader - Cosmic Power,16BIT,IARC,7+,https://ja.wikipedia.org/wiki/Nintendo_Switch%E3%81%AE%E3%82%B2%E3%83%BC%E3%83%A0%E3%82%BF%E3%82%A4%E3%83%88%E3%83%AB%E4%B8%80%E8%A6%A7_%282024%E5%B9%B4%29
2024-10-31,モノスペースド ラバーズ,Astrolabe Games,IARC,3+,https://ja.wikipedia.org/wiki/Nintendo_Switch%E3%81%AE%E3%82%B2%E3%83%BC%E3%83%A0%E3%82%BF%E3%82%A4%E3%83%88%E3%83%AB%E4%B8%80%E8%A6%A7_%282024%E5%B9%B4%29
2024-10-31,宇宙の夢を解き明かす - Unpacking Universe Dreams,CGI LAB,IARC,3+,https://ja.wikipedia.org/wiki/Nintendo_Switch%E3%81%AE%E3%82%B2%E3%83%BC%E3%83%A0%E3%82%BF%E3%82%A4%E3%83%88%E3%83%AB%E4%B8%80%E8%A6%A7_%282024%E5%B9%B4%29
2024-10-31,家を整理する・インテリアデザインの実践ガイド,Cooking & Publishing,IARC,3+,https://ja.wikipedia.org/wiki/Nintendo_Switch%E3%81%AE%E3%82%B2%E3%83%BC%E3%83%A0%E3%82%BF%E3%82%A4%E3%83%88%E3%83%AB%E4%B8%80%E8%A6%A7_%282024%E5%B9%B4%29
2024-10-31,禁じられた愛,Cooking & Publishing,IARC,3+,https://ja.wikipedia.org/wiki/Nintendo_Switch%E3%81%AE%E3%82%B2%E3%83%BC%E3%83%A0%E3%82%BF%E3%82%A4%E3%83%88%E3%83%AB%E4%B8%80%E8%A6%A7_%282024%E5%B9%B4%29
2024-10-31,Skater's Solstice,eastasiasoft,IARC,7+,https://ja.wikipedia.org/wiki/Nintendo_Switch%E3%81%AE%E3%82%B2%E3%83%BC%E3%83%A0%E3%82%BF%E3%82%A4%E3%83%88%E3%83%AB%E4%B8%80%E8%A6%A7_%282024%E5%B9%B4%29
2024-10-31,Garten of Banban 6,Feardemic,IARC,12+,https://ja.wikipedia.org/wiki/Nintendo_Switch%E3%81%AE%E3%82%B2%E3%83%BC%E3%83%A0%E3%82%BF%E3%82%A4%E3%83%88%E3%83%AB%E4%B8%80%E8%A6%A7_%282024%E5%B9%B4%29
2024-10-31,Vampire Hunters,Gamecraft Studios,IARC,12+,https://ja.wikipedia.org/wiki/Nintendo_Switch%E3%81%AE%E3%82%B2%E3%83%BC%E3%83%A0%E3%82%BF%E3%82%A4%E3%83%88%E3%83%AB%E4%B8%80%E8%A6%A7_%282024%E5%B9%B4%29
2024-10-31,インスタントスポーツ:ウィンター,Mastiff,IARC,3+,https://ja.wikipedia.org/wiki/Nintendo_Switch%E3%81%AE%E3%82%B2%E3%83%BC%E3%83%A0%E3%82%BF%E3%82%A4%E3%83%88%E3%83%AB%E4%B8%80%E8%A6%A7_%282024%E5%B9%B4%29
2024-10-31,上海麻雀 シャンハイマージャン,Max Interactive Studio,IARC,3+,https://ja.wikipedia.org/wiki/Nintendo_Switch%E3%81%AE%E3%82%B2%E3%83%BC%E3%83%A0%E3%82%BF%E3%82%A4%E3%83%88%E3%83%AB%E4%B8%80%E8%A6%A7_%282024%E5%B9%B4%29
2024-10-31,トータリー・スパイズ! - サイバーミッション,Microids,IARC,7+,https://ja.wikipedia.org/wiki/Nintendo_Switch%E3%81%AE%E3%82%B2%E3%83%BC%E3%83%A0%E3%82%BF%E3%82%A4%E3%83%88%E3%83%AB%E4%B8%80%E8%A6%A7_%282024%E5%B9%B4%29
2024-10-31,Astral Flux,Mindscape,IARC,12+,https://ja.wikipedia.org/wiki/Nintendo_Switch%E3%81%AE%E3%82%B2%E3%83%BC%E3%83%A0%E3%82%BF%E3%82%A4%E3%83%88%E3%83%AB%E4%B8%80%E8%A6%A7_%282024%E5%B9%B4%29
2024-10-31,ポピープレイタイム2,Mob Entertainment,IARC,16+,https://ja.wikipedia.org/wiki/Nintendo_Switch%E3%81%AE%E3%82%B2%E3%83%BC%E3%83%A0%E3%82%BF%E3%82%A4%E3%83%88%E3%83%AB%E4%B8%80%E8%A6%A7_%282024%E5%B9%B4%29
2024-10-31,ポピープレイタイム3,不明,"",5.1chサラウンド対応,https://ja.wikipedia.org/wiki/Nintendo_Switch%E3%81%AE%E3%82%B2%E3%83%BC%E3%83%A0%E3%82%BF%E3%82%A4%E3%83%88%E3%83%AB%E4%B8%80%E8%A6%A7_%282024%E5%B9%B4%29
2024-10-31,Reel Fishing: Days of Summer,Natsume Inc.,IARC,3+,https://ja.wikipedia.org/wiki/Nintendo_Switch%E3%81%AE%E3%82%B2%E3%83%BC%E3%83%A0%E3%82%BF%E3%82%A4%E3%83%88%E3%83%AB%E4%B8%80%E8%A6%A7_%282024%E5%B9%B4%29
2024-10-31,FRAG Pro Shooter,Oh BiBi,IARC,7+,https://ja.wikipedia.org/wiki/Nintendo_Switch%E3%81%AE%E3%82%B2%E3%83%BC%E3%83%A0%E3%82%BF%E3%82%A4%E3%83%88%E3%83%AB%E4%B8%80%E8%A6%A7_%282024%E5%B9%B4%29
2024-10-31,Hentai Girls: Winky Witch,Pakotime,IARC,12+,https://ja.wikipedia.org/wiki/Nintendo_Switch%E3%81%AE%E3%82%B2%E3%83%BC%E3%83%A0%E3%82%BF%E3%82%A4%E3%83%88%E3%83%AB%E4%B8%80%E8%A6%A7_%282024%E5%B9%B4%29
2024-10-31,The Bunny Graveyard,Pichon Games,IARC,12+,https://ja.wikipedia.org/wiki/Nintendo_Switch%E3%81%AE%E3%82%B2%E3%83%BC%E3%83%A0%E3%82%BF%E3%82%A4%E3%83%88%E3%83%AB%E4%B8%80%E8%A6%A7_%282024%E5%B9%B4%29
2024-10-31,Archery Legend,Pix Arts,IARC,3+,https://ja.wikipedia.org/wiki/Nintendo_Switch%E3%81%AE%E3%82%B2%E3%83%BC%E3%83%A0%E3%82%BF%E3%82%A4%E3%83%88%E3%83%AB%E4%B8%80%E8%A6%A7_%282024%E5%B9%B4%29
2024-10-31,The Legend of Santa,Plow Games,IARC,7+,https://ja.wikipedia.org/wiki/Nintendo_Switch%E3%81%AE%E3%82%B2%E3%83%BC%E3%83%A0%E3%82%BF%E3%82%A4%E3%83%88%E3%83%AB%E4%B8%80%E8%A6%A7_%282024%E5%B9%B4%29
2024-10-31,WORMHOLE,Pocket Moon Games,IARC,3+,https://ja.wikipedia.org/wiki/Nintendo_Switch%E3%81%AE%E3%82%B2%E3%83%BC%E3%83%A0%E3%82%BF%E3%82%A4%E3%83%88%E3%83%AB%E4%B8%80%E8%A6%A7_%282024%E5%B9%B4%29
2024-10-31,Forgotten Memories,Psychose Interactive,IARC,12+,https://ja.wikipedia.org/wiki/Nintendo_Switch%E3%81%AE%E3%82%B2%E3%83%BC%E3%83%A0%E3%82%BF%E3%82%A4%E3%83%88%E3%83%AB%E4%B8%80%E8%A6%A7_%282024%E5%B9%B4%29
2024-10-31,Secret Layers,RedDeerGames,IARC,12+,https://ja.wikipedia.org/wiki/Nintendo_Switch%E3%81%AE%E3%82%B2%E3%83%BC%E3%83%A0%E3%82%BF%E3%82%A4%E3%83%88%E3%83%AB%E4%B8%80%E8%A6%A7_%282024%E5%B9%B4%29
2024-10-31,マジックキャットポット,RedDeerGames,IARC,3+,https://ja.wikipedia.org/wiki/Nintendo_Switch%E3%81%AE%E3%82%B2%E3%83%BC%E3%83%A0%E3%82%BF%E3%82%A4%E3%83%88%E3%83%AB%E4%B8%80%E8%A6%A7_%282024%E5%B9%B4%29
2024-10-31,A Walk With Yiayia,Rochester Institute of Technology MAGIC Spell Studios,IARC,3+,https://ja.wikipedia.org/wiki/Nintendo_Switch%E3%81%AE%E3%82%B2%E3%83%BC%E3%83%A0%E3%82%BF%E3%82%A4%E3%83%88%E3%83%AB%E4%B8%80%E8%A6%A7_%282024%E5%B9%B4%29
2024-10-31,ラブインログイン,Smilegate,CERO,C,https://ja.wikipedia.org/wiki/Nintendo_Switch%E3%81%AE%E3%82%B2%E3%83%BC%E3%83%A0%E3%82%BF%E3%82%A4%E3%83%88%E3%83%AB%E4%B8%80%E8%A6%A7_%282024%E5%B9%B4%29
2024-10-31,ラブデリバリー,不明,"","",https://ja.wikipedia.org/wiki/Nintendo_Switch%E3%81%AE%E3%82%B2%E3%83%BC%E3%83%A0%E3%82%BF%E3%82%A4%E3%83%88%E3%83%AB%E4%B8%80%E8%A6%A7_%282024%E5%B9%B4%29
2024-10-31,Self-Delusion,Sometimes You,IARC,16+,https://ja.wikipedia.org/wiki/Nintendo_Switch%E3%81%AE%E3%82%B2%E3%83%BC%E3%83%A0%E3%82%BF%E3%82%A4%E3%83%88%E3%83%AB%E4%B8%80%E8%A6%A7_%282024%E5%B9%B4%29
2024-10-31,Santa's Spot It,SURPRISED HOTDOG,IARC,3+,https://ja.wikipedia.org/wiki/Nintendo_Switch%E3%81%AE%E3%82%B2%E3%83%BC%E3%83%A0%E3%82%BF%E3%82%A4%E3%83%88%E3%83%AB%E4%B8%80%E8%A6%A7_%282024%E5%B9%B4%29
2024-10-31,Slime 3K: Rise Against Despot,tinyBuild Games,IARC,7+,https://ja.wikipedia.org/wiki/Nintendo_Switch%E3%81%AE%E3%82%B2%E3%83%BC%E3%83%A0%E3%82%BF%E3%82%A4%E3%83%88%E3%83%AB%E4%B8%80%E8%A6%A7_%282024%E5%B9%B4%29
2024-10-31,ピクセルぬりえ〜コレクション5〜,ToastieLabs,IARC,3+,https://ja.wikipedia.org/wiki/Nintendo_Switch%E3%81%AE%E3%82%B2%E3%83%BC%E3%83%A0%E3%82%BF%E3%82%A4%E3%83%88%E3%83%AB%E4%B8%80%E8%A6%A7_%282024%E5%B9%B4%29
2024-10-31,Ghost Assassin - Stealth Strike,VRCFORGE STUDIOS,IARC,16+,https://ja.wikipedia.org/wiki/Nintendo_Switch%E3%81%AE%E3%82%B2%E3%83%BC%E3%83%A0%E3%82%BF%E3%82%A4%E3%83%88%E3%83%AB%E4%B8%80%E8%A6%A7_%282024%E5%B9%B4%29
2024-10-31,Skater Bunny Simulator,VRCFORGE STUDIOS,IARC,3+,https://ja.wikipedia.org/wiki/Nintendo_Switch%E3%81%AE%E3%82%B2%E3%83%BC%E3%83%A0%E3%82%BF%E3%82%A4%E3%83%88%E3%83%AB%E4%B8%80%E8%A6%A7_%282024%E5%B9%B4%29
2024-10-31,Zombies Crusher,Zakym,IARC,7+,https://ja.wikipedia.org/wiki/Nintendo_Switch%E3%81%AE%E3%82%B2%E3%83%BC%E3%83%A0%E3%82%BF%E3%82%A4%E3%83%88%E3%83%AB%E4%B8%80%E8%A6%A7_%282024%E5%B9%B4%29
2024-10-31,発進!!ヒーロー基地DX,カイロソフト,IARC,7+,https://ja.wikipedia.org/wiki/Nintendo_Switch%E3%81%AE%E3%82%B2%E3%83%BC%E3%83%A0%E3%82%BF%E3%82%A4%E3%83%88%E3%83%AB%E4%B8%80%E8%A6%A7_%282024%E5%B9%B4%29
2024-10-31,Shadows of the Damned: Hella Remastered,グラスホッパー・マニファクチュア,CERO,Z,https://ja.wikipedia.org/wiki/Nintendo_Switch%E3%81%AE%E3%82%B2%E3%83%BC%E3%83%A0%E3%82%BF%E3%82%A4%E3%83%88%E3%83%AB%E4%B8%80%E8%A6%A7_%282024%E5%B9%B4%29
2024-10-31,S.T.A.L.K.E.R. SHADOW OF CHERNOBYL,GSC Game World,CERO,Z,https://ja.wikipedia.org/wiki/Nintendo_Switch%E3%81%AE%E3%82%B2%E3%83%BC%E3%83%A0%E3%82%BF%E3%82%A4%E3%83%88%E3%83%AB%E4%B8%80%E8%A6%A7_%282024%E5%B9%B4%29
2024-10-31,S.T.A.L.K.E.R. Clear Sky,不明,"","",https://ja.wikipedia.org/wiki/Nintendo_Switch%E3%81%AE%E3%82%B2%E3%83%BC%E3%83%A0%E3%82%BF%E3%82%A4%E3%83%88%E3%83%AB%E4%B8%80%E8%A6%A7_%282024%E5%B9%B4%29
2024-10-31,S.T.A.L.K.E.R. Call of Pripyat,不明,"","",https://ja.wikipedia.org/wiki/Nintendo_Switch%E3%81%AE%E3%82%B2%E3%83%BC%E3%83%A0%E3%82%BF%E3%82%A4%E3%83%88%E3%83%AB%E4%B8%80%E8%A6%A7_%282024%E5%B9%B4%29
2024-10-31,LIMP HEROES+,ピコラ,IARC,12+,https://ja.wikipedia.org/wiki/Nintendo_Switch%E3%81%AE%E3%82%B2%E3%83%BC%E3%83%A0%E3%82%BF%E3%82%A4%E3%83%88%E3%83%AB%E4%B8%80%E8%A6%A7_%282024%E5%B9%B4%29
2024-10-31,Shadow Corridor 2 雨ノ四葩,レジスタ,CERO,C,https://ja.wikipedia.org/wiki/Nintendo_Switch%E3%81%AE%E3%82%B2%E3%83%BC%E3%83%A0%E3%82%BF%E3%82%A4%E3%83%88%E3%83%AB%E4%B8%80%E8%A6%A7_%282024%E5%B9%B4%29
2024-10-31,カフェ・ゼロ〜眠れる野獣〜REMASTERED,ローズヴェルト,IARC,12+,https://ja.wikipedia.org/wiki/Nintendo_Switch%E3%81%AE%E3%82%B2%E3%83%BC%E3%83%A0%E3%82%BF%E3%82%A4%E3%83%88%E3%83%AB%E4%B8%80%E8%A6%A7_%282024%E5%B9%B4%29
2024-11-01,Five Nights at Freddy's: Into the Pit,Mega Cat Studios,IARC,16+,https://ja.wikipedia.org/wiki/Nintendo_Switch%E3%81%AE%E3%82%B2%E3%83%BC%E3%83%A0%E3%82%BF%E3%82%A4%E3%83%88%E3%83%AB%E4%B8%80%E8%A6%A7_%282024%E5%B9%B4%29
2024-11-01,ファームを構築する,Nerd Games,IARC,3+,https://ja.wikipedia.org/wiki/Nintendo_Switch%E3%81%AE%E3%82%B2%E3%83%BC%E3%83%A0%E3%82%BF%E3%82%A4%E3%83%88%E3%83%AB%E4%B8%80%E8%A6%A7_%282024%E5%B9%B4%29
2024-11-01,アクロバットキッズ,Shinyuden,IARC,7+,https://ja.wikipedia.org/wiki/Nintendo_Switch%E3%81%AE%E3%82%B2%E3%83%BC%E3%83%A0%E3%82%BF%E3%82%A4%E3%83%88%E3%83%AB%E4%B8%80%E8%A6%A7_%282024%E5%B9%B4%29
2024-11-01,巡界のクレイシア,ケムコ,CERO,B,https://ja.wikipedia.org/wiki/Nintendo_Switch%E3%81%AE%E3%82%B2%E3%83%BC%E3%83%A0%E3%82%BF%E3%82%A4%E3%83%88%E3%83%AB%E4%B8%80%E8%A6%A7_%282024%E5%B9%B4%29
2024-11-05,Let's Sing 2025,PLAION,IARC,12+,https://ja.wikipedia.org/wiki/Nintendo_Switch%E3%81%AE%E3%82%B2%E3%83%BC%E3%83%A0%E3%82%BF%E3%82%A4%E3%83%88%E3%83%AB%E4%B8%80%E8%A6%A7_%282024%E5%B9%B4%29
2024-11-05,METAL SLUG TACTICS,SNK,IARC,12+,https://ja.wikipedia.org/wiki/Nintendo_Switch%E3%81%AE%E3%82%B2%E3%83%BC%E3%83%A0%E3%82%BF%E3%82%A4%E3%83%88%E3%83%AB%E4%B8%80%E8%A6%A7_%282024%E5%B9%B4%29
2024-11-06,Duck Run,Afil Games,IARC,3+,https://ja.wikipedia.org/wiki/Nintendo_Switch%E3%81%AE%E3%82%B2%E3%83%BC%E3%83%A0%E3%82%BF%E3%82%A4%E3%83%88%E3%83%AB%E4%B8%80%E8%A6%A7_%282024%E5%B9%B4%29
2024-11-07,The Nightmare Journey,404 Games,IARC,12+,https://ja.wikipedia.org/wiki/Nintendo_Switch%E3%81%AE%E3%82%B2%E3%83%BC%E3%83%A0%E3%82%BF%E3%82%A4%E3%83%88%E3%83%AB%E4%B8%80%E8%A6%A7_%282024%E5%B9%B4%29
2024-11-07,Chronicle of Innsmouth: Mountains of Madness,AtomicHorde,IARC,12+,https://ja.wikipedia.org/wiki/Nintendo_Switch%E3%81%AE%E3%82%B2%E3%83%BC%E3%83%A0%E3%82%BF%E3%82%A4%E3%83%88%E3%83%AB%E4%B8%80%E8%A6%A7_%282024%E5%B9%B4%29
2024-11-07,The Throne,BeByte,IARC,3+,https://ja.wikipedia.org/wiki/Nintendo_Switch%E3%81%AE%E3%82%B2%E3%83%BC%E3%83%A0%E3%82%BF%E3%82%A4%E3%83%88%E3%83%AB%E4%B8%80%E8%A6%A7_%282024%E5%B9%B4%29
2024-11-07,Monarchy,Brain Seal Entertainment,IARC,7+,https://ja.wikipedia.org/wiki/Nintendo_Switch%E3%81%AE%E3%82%B2%E3%83%BC%E3%83%A0%E3%82%BF%E3%82%A4%E3%83%88%E3%83%AB%E4%B8%80%E8%A6%A7_%282024%E5%B9%B4%29
2024-11-07,Street Survival: Homeless Simulator,Burlea Games Studio,IARC,16+,https://ja.wikipedia.org/wiki/Nintendo_Switch%E3%81%AE%E3%82%B2%E3%83%BC%E3%83%A0%E3%82%BF%E3%82%A4%E3%83%88%E3%83%AB%E4%B8%80%E8%A6%A7_%282024%E5%B9%B4%29
2024-11-07,SUGAMENIA,CHUSO GAMES,IARC,7+,https://ja.wikipedia.org/wiki/Nintendo_Switch%E3%81%AE%E3%82%B2%E3%83%BC%E3%83%A0%E3%82%BF%E3%82%A4%E3%83%88%E3%83%AB%E4%B8%80%E8%A6%A7_%282024%E5%B9%B4%29
2024-11-07,フォトグラフィーガイド・瞬間を捉える技術をマスターする,Cooking & Publishing,IARC,3+,https://ja.wikipedia.org/wiki/Nintendo_Switch%E3%81%AE%E3%82%B2%E3%83%BC%E3%83%A0%E3%82%BF%E3%82%A4%E3%83%88%E3%83%AB%E4%B8%80%E8%A6%A7_%282024%E5%B9%B4%29
2024-11-07,リラクゼーション技術・考え呼吸する,Cooking & Publishing,IARC,3+,https://ja.wikipedia.org/wiki/Nintendo_Switch%E3%81%AE%E3%82%B2%E3%83%BC%E3%83%A0%E3%82%BF%E3%82%A4%E3%83%88%E3%83%AB%E4%B8%80%E8%A6%A7_%282024%E5%B9%B4%29
2024-11-07,Rally Racing Drift 2024,COOL DEVS,IARC,3+,https://ja.wikipedia.org/wiki/Nintendo_Switch%E3%81%AE%E3%82%B2%E3%83%BC%E3%83%A0%E3%82%BF%E3%82%A4%E3%83%88%E3%83%AB%E4%B8%80%E8%A6%A7_%282024%E5%B9%B4%29
2024-11-07,O.W.L Projekt,eastasiasoft,IARC,7+,https://ja.wikipedia.org/wiki/Nintendo_Switch%E3%81%AE%E3%82%B2%E3%83%BC%E3%83%A0%E3%82%BF%E3%82%A4%E3%83%88%E3%83%AB%E4%B8%80%E8%A6%A7_%282024%E5%B9%B4%29
2024-11-07,ボールラッシュ2,Entity3,IARC,3+,https://ja.wikipedia.org/wiki/Nintendo_Switch%E3%81%AE%E3%82%B2%E3%83%BC%E3%83%A0%E3%82%BF%E3%82%A4%E3%83%88%E3%83%AB%E4%B8%80%E8%A6%A7_%282024%E5%B9%B4%29
2024-11-07,ザフライングトラベラー ピースオブマインド2,EpiXR Games,IARC,3+,https://ja.wikipedia.org/wiki/Nintendo_Switch%E3%81%AE%E3%82%B2%E3%83%BC%E3%83%A0%E3%82%BF%E3%82%A4%E3%83%88%E3%83%AB%E4%B8%80%E8%A6%A7_%282024%E5%B9%B4%29
2024-11-07,謎解きの達人:チェスボードパンプキン,Error 300 Games,IARC,3+,https://ja.wikipedia.org/wiki/Nintendo_Switch%E3%81%AE%E3%82%B2%E3%83%BC%E3%83%A0%E3%82%BF%E3%82%A4%E3%83%88%E3%83%AB%E4%B8%80%E8%A6%A7_%282024%E5%B9%B4%29
2024-11-07,謎解きの達人:光と影,Error 300 Games,IARC,3+,https://ja.wikipedia.org/wiki/Nintendo_Switch%E3%81%AE%E3%82%B2%E3%83%BC%E3%83%A0%E3%82%BF%E3%82%A4%E3%83%88%E3%83%AB%E4%B8%80%E8%A6%A7_%282024%E5%B9%B4%29
2024-11-07,アイ・シンク・ユー・キャン,GaGa Games Studio,IARC,3+,https://ja.wikipedia.org/wiki/Nintendo_Switch%E3%81%AE%E3%82%B2%E3%83%BC%E3%83%A0%E3%82%BF%E3%82%A4%E3%83%88%E3%83%AB%E4%B8%80%E8%A6%A7_%282024%E5%B9%B4%29
2024-11-07,Mind Loop,Halva Studio,IARC,7+,https://ja.wikipedia.org/wiki/Nintendo_Switch%E3%81%AE%E3%82%B2%E3%83%BC%E3%83%A0%E3%82%BF%E3%82%A4%E3%83%88%E3%83%AB%E4%B8%80%E8%A6%A7_%282024%E5%B9%B4%29
2024-11-07,MIYAMOTO,hidekihanida,IARC,3+,https://ja.wikipedia.org/wiki/Nintendo_Switch%E3%81%AE%E3%82%B2%E3%83%BC%E3%83%A0%E3%82%BF%E3%82%A4%E3%83%88%E3%83%AB%E4%B8%80%E8%A6%A7_%282024%E5%B9%B4%29
2024-11-07,Dire Vengeance Deluxe,Magic Shot Games,IARC,12+,https://ja.wikipedia.org/wiki/Nintendo_Switch%E3%81%AE%E3%82%B2%E3%83%BC%E3%83%A0%E3%82%BF%E3%82%A4%E3%83%88%E3%83%AB%E4%B8%80%E8%A6%A7_%282024%E5%B9%B4%29
2024-11-07,バブルライダーズ Bubble Riders,NOSTRA GAMES,IARC,3+,https://ja.wikipedia.org/wiki/Nintendo_Switch%E3%81%AE%E3%82%B2%E3%83%BC%E3%83%A0%E3%82%BF%E3%82%A4%E3%83%88%E3%83%AB%E4%B8%80%E8%A6%A7_%282024%E5%B9%B4%29
2024-11-07,魔塔の少女,OKJOY,IARC,3+,https://ja.wikipedia.org/wiki/Nintendo_Switch%E3%81%AE%E3%82%B2%E3%83%BC%E3%83%A0%E3%82%BF%E3%82%A4%E3%83%88%E3%83%AB%E4%B8%80%E8%A6%A7_%282024%E5%B9%B4%29
2024-11-07,Bioframe Outpost,OmniSysPublishing,IARC,7+,https://ja.wikipedia.org/wiki/Nintendo_Switch%E3%81%AE%E3%82%B2%E3%83%BC%E3%83%A0%E3%82%BF%E3%82%A4%E3%83%88%E3%83%AB%E4%B8%80%E8%A6%A7_%282024%E5%B9%B4%29
2024-11-07,Hentai Girls: Racy Rabbit,Pakotime,IARC,12+,https://ja.wikipedia.org/wiki/Nintendo_Switch%E3%81%AE%E3%82%B2%E3%83%BC%E3%83%A0%E3%82%BF%E3%82%A4%E3%83%88%E3%83%AB%E4%B8%80%E8%A6%A7_%282024%E5%B9%B4%29
2024-11-07,Rogue Flight,Perpetual Europe,IARC,7+,https://ja.wikipedia.org/wiki/Nintendo_Switch%E3%81%AE%E3%82%B2%E3%83%BC%E3%83%A0%E3%82%BF%E3%82%A4%E3%83%88%E3%83%AB%E4%B8%80%E8%A6%A7_%282024%E5%B9%B4%29
2024-11-07,Pro Flight Simulator Deluxe,Pix Arts,IARC,3+,https://ja.wikipedia.org/wiki/Nintendo_Switch%E3%81%AE%E3%82%B2%E3%83%BC%E3%83%A0%E3%82%BF%E3%82%A4%E3%83%88%E3%83%AB%E4%B8%80%E8%A6%A7_%282024%E5%B9%B4%29
2024-11-07,アニメ女子クラブ:言語と誕生日の星座,Red Fables,IARC,12+,https://ja.wikipedia.org/wiki/Nintendo_Switch%E3%81%AE%E3%82%B2%E3%83%BC%E3%83%A0%E3%82%BF%E3%82%A4%E3%83%88%E3%83%AB%E4%B8%80%E8%A6%A7_%282024%E5%B9%B4%29
2024-11-07,ラブアニメボーイズクラブ:言語とデートの星座,Red Fables,IARC,12+,https://ja.wikipedia.org/wiki/Nintendo_Switch%E3%81%AE%E3%82%B2%E3%83%BC%E3%83%A0%E3%82%BF%E3%82%A4%E3%83%88%E3%83%AB%E4%B8%80%E8%A6%A7_%282024%E5%B9%B4%29
2024-11-07,Drum Pad,RedDeerGames,IARC,3+,https://ja.wikipedia.org/wiki/Nintendo_Switch%E3%81%AE%E3%82%B2%E3%83%BC%E3%83%A0%E3%82%BF%E3%82%A4%E3%83%88%E3%83%AB%E4%B8%80%E8%A6%A7_%282024%E5%B9%B4%29
2024-11-07,Spot The Difference Christmas,Sabec,IARC,3+,https://ja.wikipedia.org/wiki/Nintendo_Switch%E3%81%AE%E3%82%B2%E3%83%BC%E3%83%A0%E3%82%BF%E3%82%A4%E3%83%88%E3%83%AB%E4%B8%80%E8%A6%A7_%282024%E5%B9%B4%29
2024-11-07,夕暮れの楽園と赤く染まる天使たち,Sanuk,IARC,12+,https://ja.wikipedia.org/wiki/Nintendo_Switch%E3%81%AE%E3%82%B2%E3%83%BC%E3%83%A0%E3%82%BF%E3%82%A4%E3%83%88%E3%83%AB%E4%B8%80%E8%A6%A7_%282024%E5%B9%B4%29
2024-11-07,Party Party Time 3,SAT-BOX,IARC,3+,https://ja.wikipedia.org/wiki/Nintendo_Switch%E3%81%AE%E3%82%B2%E3%83%BC%E3%83%A0%E3%82%BF%E3%82%A4%E3%83%88%E3%83%AB%E4%B8%80%E8%A6%A7_%282024%E5%B9%B4%29
2024-11-07,プリンセスを倒せ,Serenity Forge,CERO,Z,https://ja.wikipedia.org/wiki/Nintendo_Switch%E3%81%AE%E3%82%B2%E3%83%BC%E3%83%A0%E3%82%BF%E3%82%A4%E3%83%88%E3%83%AB%E4%B8%80%E8%A6%A7_%282024%E5%B9%B4%29
2024-11-07,Mechanic Supermarket 2024,SimulaMaker,IARC,3+,https://ja.wikipedia.org/wiki/Nintendo_Switch%E3%81%AE%E3%82%B2%E3%83%BC%E3%83%A0%E3%82%BF%E3%82%A4%E3%83%88%E3%83%AB%E4%B8%80%E8%A6%A7_%282024%E5%B9%B4%29
2024-11-07,Magical Bakery,Soedesco,IARC,3+,https://ja.wikipedia.org/wiki/Nintendo_Switch%E3%81%AE%E3%82%B2%E3%83%BC%E3%83%A0%E3%82%BF%E3%82%A4%E3%83%88%E3%83%AB%E4%B8%80%E8%A6%A7_%282024%E5%B9%B4%29
2024-11-07,ピン留め みんなで心理テスト－4人で遊べる性格診断おもしろ心理学パーティーゲーム－,TT,IARC,3+,https://ja.wikipedia.org/wiki/Nintendo_Switch%E3%81%AE%E3%82%B2%E3%83%BC%E3%83%A0%E3%82%BF%E3%82%A4%E3%83%88%E3%83%AB%E4%B8%80%E8%A6%A7_%282024%E5%B9%B4%29
2024-11-07,ノーム・エクスプロ・カンパニー,Untold Tales,IARC,7+,https://ja.wikipedia.org/wiki/Nintendo_Switch%E3%81%AE%E3%82%B2%E3%83%BC%E3%83%A0%E3%82%BF%E3%82%A4%E3%83%88%E3%83%AB%E4%B8%80%E8%A6%A7_%282024%E5%B9%B4%29
2024-11-07,Overheat: Kitchen Chaos,VRCFORGE STUDIOS,IARC,3+,https://ja.wikipedia.org/wiki/Nintendo_Switch%E3%81%AE%E3%82%B2%E3%83%BC%E3%83%A0%E3%82%BF%E3%82%A4%E3%83%88%E3%83%AB%E4%B8%80%E8%A6%A7_%282024%E5%B9%B4%29
2024-11-07,バトルマイナー 〜巨人達〜,Wobbly Tooth,IARC,7+,https://ja.wikipedia.org/wiki/Nintendo_Switch%E3%81%AE%E3%82%B2%E3%83%BC%E3%83%A0%E3%82%BF%E3%82%A4%E3%83%88%E3%83%AB%E4%B8%80%E8%A6%A7_%282024%E5%B9%B4%29
2024-11-07,Bunny Zoo - Animal Battle Royale,Yellow ink,IARC,7+,https://ja.wikipedia.org/wiki/Nintendo_Switch%E3%81%AE%E3%82%B2%E3%83%BC%E3%83%A0%E3%82%BF%E3%82%A4%E3%83%88%E3%83%AB%E4%B8%80%E8%A6%A7_%282024%E5%B9%B4%29
2024-11-07,Survive Undead Rush,Zakym,IARC,7+,https://ja.wikipedia.org/wiki/Nintendo_Switch%E3%81%AE%E3%82%B2%E3%83%BC%E3%83%A0%E3%82%BF%E3%82%A4%E3%83%88%E3%83%AB%E4%B8%80%E8%A6%A7_%282024%E5%B9%B4%29
2024-11-07,くるくる回そう!方向幕コレクション for Nintendo Switch -西武鉄道編 part1 西武新宿線- 鉄道方向幕シミュレーター,カエルパンダ,IARC,3+,https://ja.wikipedia.org/wiki/Nintendo_Switch%E3%81%AE%E3%82%B2%E3%83%BC%E3%83%A0%E3%82%BF%E3%82%A4%E3%83%88%E3%83%AB%E4%B8%80%E8%A6%A7_%282024%E5%B9%B4%29
2024-11-07,ゲーマー女子と引きこもり Me and gamer girl,サイバーステップ,IARC,16+,https://ja.wikipedia.org/wiki/Nintendo_Switch%E3%81%AE%E3%82%B2%E3%83%BC%E3%83%A0%E3%82%BF%E3%82%A4%E3%83%88%E3%83%AB%E4%B8%80%E8%A6%A7_%282024%E5%B9%B4%29
2024-11-07,恋のナースコール Nurse Call,サイバーステップ,IARC,12+,https://ja.wikipedia.org/wiki/Nintendo_Switch%E3%81%AE%E3%82%B2%E3%83%BC%E3%83%A0%E3%82%BF%E3%82%A4%E3%83%88%E3%83%AB%E4%B8%80%E8%A6%A7_%282024%E5%B9%B4%29
2024-11-07,対称ロジックパズル1000,サクセス,IARC,3+,https://ja.wikipedia.org/wiki/Nintendo_Switch%E3%81%AE%E3%82%B2%E3%83%BC%E3%83%A0%E3%82%BF%E3%82%A4%E3%83%88%E3%83%AB%E4%B8%80%E8%A6%A7_%282024%E5%B9%B4%29
2024-11-08,ハリー・ポッター:クィディッチ・チャンピオンズ,WB Games,CERO,B,https://ja.wikipedia.org/wiki/Nintendo_Switch%E3%81%AE%E3%82%B2%E3%83%BC%E3%83%A0%E3%82%BF%E3%82%A4%E3%83%88%E3%83%AB%E4%B8%80%E8%A6%A7_%282024%E5%B9%B4%29
2024-11-08,Jetpack Kiwi,ラタライカゲームス,IARC,12+,https://ja.wikipedia.org/wiki/Nintendo_Switch%E3%81%AE%E3%82%B2%E3%83%BC%E3%83%A0%E3%82%BF%E3%82%A4%E3%83%88%E3%83%AB%E4%B8%80%E8%A6%A7_%282024%E5%B9%B4%29
2024-11-14,49 Keys,2P Games,IARC,7+,https://ja.wikipedia.org/wiki/Nintendo_Switch%E3%81%AE%E3%82%B2%E3%83%BC%E3%83%A0%E3%82%BF%E3%82%A4%E3%83%88%E3%83%AB%E4%B8%80%E8%A6%A7_%282024%E5%B9%B4%29
2024-11-14,Mounted Knights Battle : Medieval Warrior Honor Simulator,16BIT,IARC,12+,https://ja.wikipedia.org/wiki/Nintendo_Switch%E3%81%AE%E3%82%B2%E3%83%BC%E3%83%A0%E3%82%BF%E3%82%A4%E3%83%88%E3%83%AB%E4%B8%80%E8%A6%A7_%282024%E5%B9%B4%29
2024-11-14,階段の恐怖 SCP-087 THE STAIRWELL HORROR,CGI LAB,IARC,16+,https://ja.wikipedia.org/wiki/Nintendo_Switch%E3%81%AE%E3%82%B2%E3%83%BC%E3%83%A0%E3%82%BF%E3%82%A4%E3%83%88%E3%83%AB%E4%B8%80%E8%A6%A7_%282024%E5%B9%B4%29
2024-11-14,ブードゥーストライカーズ,Cokoon Games,IARC,3+,https://ja.wikipedia.org/wiki/Nintendo_Switch%E3%81%AE%E3%82%B2%E3%83%BC%E3%83%A0%E3%82%BF%E3%82%A4%E3%83%88%E3%83%AB%E4%B8%80%E8%A6%A7_%282024%E5%B9%B4%29
2024-11-14,"Little Strays ""迷子の小さな子猫たち""",COMMANDO PANDA,IARC,3+,https://ja.wikipedia.org/wiki/Nintendo_Switch%E3%81%AE%E3%82%B2%E3%83%BC%E3%83%A0%E3%82%BF%E3%82%A4%E3%83%88%E3%83%AB%E4%B8%80%E8%A6%A7_%282024%E5%B9%B4%29
2024-11-14,4x4 Adventure: Rocky Pathways,COOL DEVS,IARC,3+,https://ja.wikipedia.org/wiki/Nintendo_Switch%E3%81%AE%E3%82%B2%E3%83%BC%E3%83%A0%E3%82%BF%E3%82%A4%E3%83%88%E3%83%AB%E4%B8%80%E8%A6%A7_%282024%E5%B9%B4%29
2024-11-14,Angry Neighbor Simulator,COOL DEVS,IARC,12+,https://ja.wikipedia.org/wiki/Nintendo_Switch%E3%81%AE%E3%82%B2%E3%83%BC%E3%83%A0%E3%82%BF%E3%82%A4%E3%83%88%E3%83%AB%E4%B8%80%E8%A6%A7_%282024%E5%B9%B4%29
2024-11-14,Visa Control: USA Border Simulator,COOL DEVS,IARC,3+,https://ja.wikipedia.org/wiki/Nintendo_Switch%E3%81%AE%E3%82%B2%E3%83%BC%E3%83%A0%E3%82%BF%E3%82%A4%E3%83%88%E3%83%AB%E4%B8%80%E8%A6%A7_%282024%E5%B9%B4%29
2024-11-14,Backrooms: Spirits of the Forgotten,DEMENCI Games,IARC,7+,https://ja.wikipedia.org/wiki/Nintendo_Switch%E3%81%AE%E3%82%B2%E3%83%BC%E3%83%A0%E3%82%BF%E3%82%A4%E3%83%88%E3%83%AB%E4%B8%80%E8%A6%A7_%282024%E5%B9%B4%29
2024-11-14,テトリス フォーエバー,Digital Eclipse,IARC,3+,https://ja.wikipedia.org/wiki/Nintendo_Switch%E3%81%AE%E3%82%B2%E3%83%BC%E3%83%A0%E3%82%BF%E3%82%A4%E3%83%88%E3%83%AB%E4%B8%80%E8%A6%A7_%282024%E5%B9%B4%29
2024-11-14,ウキクサ,Dystopia Interactive,IARC,3+,https://ja.wikipedia.org/wiki/Nintendo_Switch%E3%81%AE%E3%82%B2%E3%83%BC%E3%83%A0%E3%82%BF%E3%82%A4%E3%83%88%E3%83%AB%E4%B8%80%E8%A6%A7_%282024%E5%B9%B4%29
2024-11-14,スラム&ロール,eastasiasoft,IARC,3+,https://ja.wikipedia.org/wiki/Nintendo_Switch%E3%81%AE%E3%82%B2%E3%83%BC%E3%83%A0%E3%82%BF%E3%82%A4%E3%83%88%E3%83%AB%E4%B8%80%E8%A6%A7_%282024%E5%B9%B4%29
2024-11-14,謎解きの達人:UFO着陸,Error 300 Games,IARC,3+,https://ja.wikipedia.org/wiki/Nintendo_Switch%E3%81%AE%E3%82%B2%E3%83%BC%E3%83%A0%E3%82%BF%E3%82%A4%E3%83%88%E3%83%AB%E4%B8%80%E8%A6%A7_%282024%E5%B9%B4%29
2024-11-14,謎解きの達人:千変万化のバッジ,Error 300 Games,IARC,3+,https://ja.wikipedia.org/wiki/Nintendo_Switch%E3%81%AE%E3%82%B2%E3%83%BC%E3%83%A0%E3%82%BF%E3%82%A4%E3%83%88%E3%83%AB%E4%B8%80%E8%A6%A7_%282024%E5%B9%B4%29
2024-11-14,物探しの達人:ここは宇宙人がいない,Error 300 Games,IARC,3+,https://ja.wikipedia.org/wiki/Nintendo_Switch%E3%81%AE%E3%82%B2%E3%83%BC%E3%83%A0%E3%82%BF%E3%82%A4%E3%83%88%E3%83%AB%E4%B8%80%E8%A6%A7_%282024%E5%B9%B4%29
2024-11-14,DARQ,Feardemic,IARC,16+,https://ja.wikipedia.org/wiki/Nintendo_Switch%E3%81%AE%E3%82%B2%E3%83%BC%E3%83%A0%E3%82%BF%E3%82%A4%E3%83%88%E3%83%AB%E4%B8%80%E8%A6%A7_%282024%E5%B9%B4%29
2024-11-14,VED,Fulqrum Publishing,IARC,12+,https://ja.wikipedia.org/wiki/Nintendo_Switch%E3%81%AE%E3%82%B2%E3%83%BC%E3%83%A0%E3%82%BF%E3%82%A4%E3%83%88%E3%83%AB%E4%B8%80%E8%A6%A7_%282024%E5%B9%B4%29
2024-11-14,MotoX Madness 2025,GlobalGameStudio,IARC,3+,https://ja.wikipedia.org/wiki/Nintendo_Switch%E3%81%AE%E3%82%B2%E3%83%BC%E3%83%A0%E3%82%BF%E3%82%A4%E3%83%88%E3%83%AB%E4%B8%80%E8%A6%A7_%282024%E5%B9%B4%29
2024-11-14,MONPIC -小さなドラゴンと竜化の少女-,Happy Elements,IARC,3+,https://ja.wikipedia.org/wiki/Nintendo_Switch%E3%81%AE%E3%82%B2%E3%83%BC%E3%83%A0%E3%82%BF%E3%82%A4%E3%83%88%E3%83%AB%E4%B8%80%E8%A6%A7_%282024%E5%B9%B4%29
2024-11-14,NAIRI: ライジングタイド,Hound Picked Games,IARC,7+,https://ja.wikipedia.org/wiki/Nintendo_Switch%E3%81%AE%E3%82%B2%E3%83%BC%E3%83%A0%E3%82%BF%E3%82%A4%E3%83%88%E3%83%AB%E4%B8%80%E8%A6%A7_%282024%E5%B9%B4%29
2024-11-14,Aerofly FS フライトシミュレータ,IPACS,IARC,3+,https://ja.wikipedia.org/wiki/Nintendo_Switch%E3%81%AE%E3%82%B2%E3%83%BC%E3%83%A0%E3%82%BF%E3%82%A4%E3%83%88%E3%83%AB%E4%B8%80%E8%A6%A7_%282024%E5%B9%B4%29
2024-11-14,Season Match Bundle,Joindots,IARC,3+,https://ja.wikipedia.org/wiki/Nintendo_Switch%E3%81%AE%E3%82%B2%E3%83%BC%E3%83%A0%E3%82%BF%E3%82%A4%E3%83%88%E3%83%AB%E4%B8%80%E8%A6%A7_%282024%E5%B9%B4%29
2024-11-14,Snake.io,Kooapps,IARC,3+,https://ja.wikipedia.org/wiki/Nintendo_Switch%E3%81%AE%E3%82%B2%E3%83%BC%E3%83%A0%E3%82%BF%E3%82%A4%E3%83%88%E3%83%AB%E4%B8%80%E8%A6%A7_%282024%E5%B9%B4%29
2024-11-14,Anime Girls Wasteland Shootout,MagicProStudio,IARC,7+,https://ja.wikipedia.org/wiki/Nintendo_Switch%E3%81%AE%E3%82%B2%E3%83%BC%E3%83%A0%E3%82%BF%E3%82%A4%E3%83%88%E3%83%AB%E4%B8%80%E8%A6%A7_%282024%E5%B9%B4%29
2024-11-14,三角独,Max Interactive Studio,IARC,3+,https://ja.wikipedia.org/wiki/Nintendo_Switch%E3%81%AE%E3%82%B2%E3%83%BC%E3%83%A0%E3%82%BF%E3%82%A4%E3%83%88%E3%83%AB%E4%B8%80%E8%A6%A7_%282024%E5%B9%B4%29
2024-11-14,上海麻雀ソリティア プレミアムII,Max Interactive Studio,IARC,3+,https://ja.wikipedia.org/wiki/Nintendo_Switch%E3%81%AE%E3%82%B2%E3%83%BC%E3%83%A0%E3%82%BF%E3%82%A4%E3%83%88%E3%83%AB%E4%B8%80%E8%A6%A7_%282024%E5%B9%B4%29
2024-11-14,アー・ティー・ビー・レーシング エクストリーム・オフロード,Megame,IARC,12+,https://ja.wikipedia.org/wiki/Nintendo_Switch%E3%81%AE%E3%82%B2%E3%83%BC%E3%83%A0%E3%82%BF%E3%82%A4%E3%83%88%E3%83%AB%E4%B8%80%E8%A6%A7_%282024%E5%B9%B4%29
2024-11-14,ドローン・ワールド・ツアー,Megame,IARC,3+,https://ja.wikipedia.org/wiki/Nintendo_Switch%E3%81%AE%E3%82%B2%E3%83%BC%E3%83%A0%E3%82%BF%E3%82%A4%E3%83%88%E3%83%AB%E4%B8%80%E8%A6%A7_%282024%E5%B9%B4%29
2024-11-14,ミニチュア,Other Tales Interactive,IARC,3+,https://ja.wikipedia.org/wiki/Nintendo_Switch%E3%81%AE%E3%82%B2%E3%83%BC%E3%83%A0%E3%82%BF%E3%82%A4%E3%83%88%E3%83%AB%E4%B8%80%E8%A6%A7_%282024%E5%B9%B4%29
2024-11-14,Anime Girls: Graceful Goddess,Pakotime,IARC,12+,https://ja.wikipedia.org/wiki/Nintendo_Switch%E3%81%AE%E3%82%B2%E3%83%BC%E3%83%A0%E3%82%BF%E3%82%A4%E3%83%88%E3%83%AB%E4%B8%80%E8%A6%A7_%282024%E5%B9%B4%29
2024-11-14,The Rise of the Golden Idol,Playstack,IARC,12+,https://ja.wikipedia.org/wiki/Nintendo_Switch%E3%81%AE%E3%82%B2%E3%83%BC%E3%83%A0%E3%82%BF%E3%82%A4%E3%83%88%E3%83%AB%E4%B8%80%E8%A6%A7_%282024%E5%B9%B4%29
2024-11-14,Rage of the Dragons NEO,QUByte Interactive,IARC,12+,https://ja.wikipedia.org/wiki/Nintendo_Switch%E3%81%AE%E3%82%B2%E3%83%BC%E3%83%A0%E3%82%BF%E3%82%A4%E3%83%88%E3%83%AB%E4%B8%80%E8%A6%A7_%282024%E5%B9%B4%29
2024-11-14,猫弁当,RedDeerGames,IARC,3+,https://ja.wikipedia.org/wiki/Nintendo_Switch%E3%81%AE%E3%82%B2%E3%83%BC%E3%83%A0%E3%82%BF%E3%82%A4%E3%83%88%E3%83%AB%E4%B8%80%E8%A6%A7_%282024%E5%B9%B4%29
2024-11-14,Racing Champions,Revulo Games,IARC,3+,https://ja.wikipedia.org/wiki/Nintendo_Switch%E3%81%AE%E3%82%B2%E3%83%BC%E3%83%A0%E3%82%BF%E3%82%A4%E3%83%88%E3%83%AB%E4%B8%80%E8%A6%A7_%282024%E5%B9%B4%29
2024-11-14,Meowsterpiece Museum,Silesia Games,IARC,3+,https://ja.wikipedia.org/wiki/Nintendo_Switch%E3%81%AE%E3%82%B2%E3%83%BC%E3%83%A0%E3%82%BF%E3%82%A4%E3%83%88%E3%83%AB%E4%B8%80%E8%A6%A7_%282024%E5%B9%B4%29
2024-11-14,Doors: Paradox,Snapbreak Games,IARC,12+,https://ja.wikipedia.org/wiki/Nintendo_Switch%E3%81%AE%E3%82%B2%E3%83%BC%E3%83%A0%E3%82%BF%E3%82%A4%E3%83%88%E3%83%AB%E4%B8%80%E8%A6%A7_%282024%E5%B9%B4%29
2024-11-14,Petit Island,Soedesco,IARC,3+,https://ja.wikipedia.org/wiki/Nintendo_Switch%E3%81%AE%E3%82%B2%E3%83%BC%E3%83%A0%E3%82%BF%E3%82%A4%E3%83%88%E3%83%AB%E4%B8%80%E8%A6%A7_%282024%E5%B9%B4%29
2024-11-14,旗を当てよう!,SOURCE BYTE,IARC,3+,https://ja.wikipedia.org/wiki/Nintendo_Switch%E3%81%AE%E3%82%B2%E3%83%BC%E3%83%A0%E3%82%BF%E3%82%A4%E3%83%88%E3%83%AB%E4%B8%80%E8%A6%A7_%282024%E5%B9%B4%29
2024-11-14,Five Nights at Freddy's: Help Wanted 2,Steel Wool Games,IARC,12+,https://ja.wikipedia.org/wiki/Nintendo_Switch%E3%81%AE%E3%82%B2%E3%83%BC%E3%83%A0%E3%82%BF%E3%82%A4%E3%83%88%E3%83%AB%E4%B8%80%E8%A6%A7_%282024%E5%B9%B4%29
2024-11-14,Platform 9 - NO WAY OUT,VRCFORGE STUDIOS,IARC,16+,https://ja.wikipedia.org/wiki/Nintendo_Switch%E3%81%AE%E3%82%B2%E3%83%BC%E3%83%A0%E3%82%BF%E3%82%A4%E3%83%88%E3%83%AB%E4%B8%80%E8%A6%A7_%282024%E5%B9%B4%29
2024-11-14,Bear Simulator - Ragnarok's Rise Survival,Yellow ink,IARC,12+,https://ja.wikipedia.org/wiki/Nintendo_Switch%E3%81%AE%E3%82%B2%E3%83%BC%E3%83%A0%E3%82%BF%E3%82%A4%E3%83%88%E3%83%AB%E4%B8%80%E8%A6%A7_%282024%E5%B9%B4%29
2024-11-14,Snaky Snakes,Zakym,IARC,3+,https://ja.wikipedia.org/wiki/Nintendo_Switch%E3%81%AE%E3%82%B2%E3%83%BC%E3%83%A0%E3%82%BF%E3%82%A4%E3%83%88%E3%83%AB%E4%B8%80%E8%A6%A7_%282024%E5%B9%B4%29
2024-11-14,DESERTED - 荒果てた,Zebik Media,IARC,12+,https://ja.wikipedia.org/wiki/Nintendo_Switch%E3%81%AE%E3%82%B2%E3%83%BC%E3%83%A0%E3%82%BF%E3%82%A4%E3%83%88%E3%83%AB%E4%B8%80%E8%A6%A7_%282024%E5%B9%B4%29
2024-11-15,Check and Slash,Afil Games,IARC,3+,https://ja.wikipedia.org/wiki/Nintendo_Switch%E3%81%AE%E3%82%B2%E3%83%BC%E3%83%A0%E3%82%BF%E3%82%A4%E3%83%88%E3%83%AB%E4%B8%80%E8%A6%A7_%282024%E5%B9%B4%29
2024-11-15,海をきれいにする猫: Cat Clean Ocean,AGE Zero,IARC,3+,https://ja.wikipedia.org/wiki/Nintendo_Switch%E3%81%AE%E3%82%B2%E3%83%BC%E3%83%A0%E3%82%BF%E3%82%A4%E3%83%88%E3%83%AB%E4%B8%80%E8%A6%A7_%282024%E5%B9%B4%29
2024-11-15,Who Needs a Hero?,Gamuzumi,IARC,16+,https://ja.wikipedia.org/wiki/Nintendo_Switch%E3%81%AE%E3%82%B2%E3%83%BC%E3%83%A0%E3%82%BF%E3%82%A4%E3%83%88%E3%83%AB%E4%B8%80%E8%A6%A7_%282024%E5%B9%B4%29
2024-11-15,Eggy Party,NetEase Games,CERO,A,https://ja.wikipedia.org/wiki/Nintendo_Switch%E3%81%AE%E3%82%B2%E3%83%BC%E3%83%A0%E3%82%BF%E3%82%A4%E3%83%88%E3%83%AB%E4%B8%80%E8%A6%A7_%282024%E5%B9%B4%29
2024-11-15,Heretic's Fork,Ravenage Games,IARC,12+,https://ja.wikipedia.org/wiki/Nintendo_Switch%E3%81%AE%E3%82%B2%E3%83%BC%E3%83%A0%E3%82%BF%E3%82%A4%E3%83%88%E3%83%AB%E4%B8%80%E8%A6%A7_%282024%E5%B9%B4%29
2024-11-15,何度もアクセス不可,Shinyuden,IARC,12+,https://ja.wikipedia.org/wiki/Nintendo_Switch%E3%81%AE%E3%82%B2%E3%83%BC%E3%83%A0%E3%82%BF%E3%82%A4%E3%83%88%E3%83%AB%E4%B8%80%E8%A6%A7_%282024%E5%B9%B4%29
2024-11-15,まつろぱれっと,ケムコ,IARC,12+,https://ja.wikipedia.org/wiki/Nintendo_Switch%E3%81%AE%E3%82%B2%E3%83%BC%E3%83%A0%E3%82%BF%E3%82%A4%E3%83%88%E3%83%AB%E4%B8%80%E8%A6%A7_%282024%E5%B9%B4%29
2024-11-19,みんなで空気読み。4,ジー・モード,IARC,12+,https://ja.wikipedia.org/wiki/Nintendo_Switch%E3%81%AE%E3%82%B2%E3%83%BC%E3%83%A0%E3%82%BF%E3%82%A4%E3%83%88%E3%83%AB%E4%B8%80%E8%A6%A7_%282024%E5%B9%B4%29
2024-11-20,Galaxy Kingdoms,Afil Games,IARC,7+,https://ja.wikipedia.org/wiki/Nintendo_Switch%E3%81%AE%E3%82%B2%E3%83%BC%E3%83%A0%E3%82%BF%E3%82%A4%E3%83%88%E3%83%AB%E4%B8%80%E8%A6%A7_%282024%E5%B9%B4%29
2024-11-20,ライフ イズ ストレンジ ダブルエクスポージャー,スクウェア・エニックス,CERO,D,https://ja.wikipedia.org/wiki/Nintendo_Switch%E3%81%AE%E3%82%B2%E3%83%BC%E3%83%A0%E3%82%BF%E3%82%A4%E3%83%88%E3%83%AB%E4%B8%80%E8%A6%A7_%282024%E5%B9%B4%29
2024-11-21,タイムウォーカー:ダークワールド,2P Games,IARC,3+,https://ja.wikipedia.org/wiki/Nintendo_Switch%E3%81%AE%E3%82%B2%E3%83%BC%E3%83%A0%E3%82%BF%E3%82%A4%E3%83%88%E3%83%AB%E4%B8%80%E8%A6%A7_%282024%E5%B9%B4%29
2024-11-21,Real Hentai 2,17Studio,IARC,12+,https://ja.wikipedia.org/wiki/Nintendo_Switch%E3%81%AE%E3%82%B2%E3%83%BC%E3%83%A0%E3%82%BF%E3%82%A4%E3%83%88%E3%83%AB%E4%B8%80%E8%A6%A7_%282024%E5%B9%B4%29
2024-11-21,Drag Racing Professionals: Dirt Mechanic Simulator,404 Games,IARC,3+,https://ja.wikipedia.org/wiki/Nintendo_Switch%E3%81%AE%E3%82%B2%E3%83%BC%E3%83%A0%E3%82%BF%E3%82%A4%E3%83%88%E3%83%AB%E4%B8%80%E8%A6%A7_%282024%E5%B9%B4%29
2024-11-21,ARIDA: Backland's Awakening,Aoca Game Lab,IARC,3+,https://ja.wikipedia.org/wiki/Nintendo_Switch%E3%81%AE%E3%82%B2%E3%83%BC%E3%83%A0%E3%82%BF%E3%82%A4%E3%83%88%E3%83%AB%E4%B8%80%E8%A6%A7_%282024%E5%B9%B4%29
2024-11-21,Kamikaze Lassplanes,Beep,CERO,C,https://ja.wikipedia.org/wiki/Nintendo_Switch%E3%81%AE%E3%82%B2%E3%83%BC%E3%83%A0%E3%82%BF%E3%82%A4%E3%83%88%E3%83%AB%E4%B8%80%E8%A6%A7_%282024%E5%B9%B4%29
2024-11-21,スーパーバニーマン,Catobyte,IARC,7+,https://ja.wikipedia.org/wiki/Nintendo_Switch%E3%81%AE%E3%82%B2%E3%83%BC%E3%83%A0%E3%82%BF%E3%82%A4%E3%83%88%E3%83%AB%E4%B8%80%E8%A6%A7_%282024%E5%B9%B4%29
2024-11-21,アビス:バックルームプールの恐怖 - ABYSS: BACKROOMS POOLS HORROR,CGI LAB,IARC,16+,https://ja.wikipedia.org/wiki/Nintendo_Switch%E3%81%AE%E3%82%B2%E3%83%BC%E3%83%A0%E3%82%BF%E3%82%A4%E3%83%88%E3%83%AB%E4%B8%80%E8%A6%A7_%282024%E5%B9%B4%29
2024-11-21,Loco Motive,Chucklefish,IARC,7+,https://ja.wikipedia.org/wiki/Nintendo_Switch%E3%81%AE%E3%82%B2%E3%83%BC%E3%83%A0%E3%82%BF%E3%82%A4%E3%83%88%E3%83%AB%E4%B8%80%E8%A6%A7_%282024%E5%B9%B4%29
2024-11-21,SAMUZA,Crackin,IARC,3+,https://ja.wikipedia.org/wiki/Nintendo_Switch%E3%81%AE%E3%82%B2%E3%83%BC%E3%83%A0%E3%82%BF%E3%82%A4%E3%83%88%E3%83%AB%E4%B8%80%E8%A6%A7_%282024%E5%B9%B4%29
2024-11-21,Spellagis,eastasiasoft,IARC,7+,https://ja.wikipedia.org/wiki/Nintendo_Switch%E3%81%AE%E3%82%B2%E3%83%BC%E3%83%A0%E3%82%BF%E3%82%A4%E3%83%88%E3%83%AB%E4%B8%80%E8%A6%A7_%282024%E5%B9%B4%29
2024-11-21,レガシーの双子,Erik Games,IARC,3+,https://ja.wikipedia.org/wiki/Nintendo_Switch%E3%81%AE%E3%82%B2%E3%83%BC%E3%83%A0%E3%82%BF%E3%82%A4%E3%83%88%E3%83%AB%E4%B8%80%E8%A6%A7_%282024%E5%B9%B4%29
2024-11-21,放置サキュバス,Happy Player,IARC,12+,https://ja.wikipedia.org/wiki/Nintendo_Switch%E3%81%AE%E3%82%B2%E3%83%BC%E3%83%A0%E3%82%BF%E3%82%A4%E3%83%88%E3%83%AB%E4%B8%80%E8%A6%A7_%282024%E5%B9%B4%29
2024-11-21,G.I. Joe: Wrath of Cobra,indie.io,IARC,7+,https://ja.wikipedia.org/wiki/Nintendo_Switch%E3%81%AE%E3%82%B2%E3%83%BC%E3%83%A0%E3%82%BF%E3%82%A4%E3%83%88%E3%83%AB%E4%B8%80%E8%A6%A7_%282024%E5%B9%B4%29
2024-11-21,エクストリーム・シティー・デリバリー,Megame,IARC,12+,https://ja.wikipedia.org/wiki/Nintendo_Switch%E3%81%AE%E3%82%B2%E3%83%BC%E3%83%A0%E3%82%BF%E3%82%A4%E3%83%88%E3%83%AB%E4%B8%80%E8%A6%A7_%282024%E5%B9%B4%29
2024-11-21,Island Farmer,Mens Sana Interactive,IARC,3+,https://ja.wikipedia.org/wiki/Nintendo_Switch%E3%81%AE%E3%82%B2%E3%83%BC%E3%83%A0%E3%82%BF%E3%82%A4%E3%83%88%E3%83%AB%E4%B8%80%E8%A6%A7_%282024%E5%B9%B4%29
2024-11-21,Flight Attendant Simulator: Onboard Tasks,MultiversalME,IARC,3+,https://ja.wikipedia.org/wiki/Nintendo_Switch%E3%81%AE%E3%82%B2%E3%83%BC%E3%83%A0%E3%82%BF%E3%82%A4%E3%83%88%E3%83%AB%E4%B8%80%E8%A6%A7_%282024%E5%B9%B4%29
2024-11-21,フリッジエスケープ Fridge Escape,NOSTRA GAMES,IARC,3+,https://ja.wikipedia.org/wiki/Nintendo_Switch%E3%81%AE%E3%82%B2%E3%83%BC%E3%83%A0%E3%82%BF%E3%82%A4%E3%83%88%E3%83%AB%E4%B8%80%E8%A6%A7_%282024%E5%B9%B4%29
2024-11-21,Hentai Girls: Otaku Love,Pakotime,IARC,12+,https://ja.wikipedia.org/wiki/Nintendo_Switch%E3%81%AE%E3%82%B2%E3%83%BC%E3%83%A0%E3%82%BF%E3%82%A4%E3%83%88%E3%83%AB%E4%B8%80%E8%A6%A7_%282024%E5%B9%B4%29
2024-11-21,風を帆走する,Patyuk Sergey,IARC,3+,https://ja.wikipedia.org/wiki/Nintendo_Switch%E3%81%AE%E3%82%B2%E3%83%BC%E3%83%A0%E3%82%BF%E3%82%A4%E3%83%88%E3%83%AB%E4%B8%80%E8%A6%A7_%282024%E5%B9%B4%29
2024-11-21,フレイグラントストーリーとパパイヤのパス,Penguin Pop Games,IARC,3+,https://ja.wikipedia.org/wiki/Nintendo_Switch%E3%81%AE%E3%82%B2%E3%83%BC%E3%83%A0%E3%82%BF%E3%82%A4%E3%83%88%E3%83%AB%E4%B8%80%E8%A6%A7_%282024%E5%B9%B4%29
2024-11-21,Spirit Mancer,Plug In Digital,IARC,12+,https://ja.wikipedia.org/wiki/Nintendo_Switch%E3%81%AE%E3%82%B2%E3%83%BC%E3%83%A0%E3%82%BF%E3%82%A4%E3%83%88%E3%83%AB%E4%B8%80%E8%A6%A7_%282024%E5%B9%B4%29
2024-11-21,プリズンプリンセス ハメられし姫たち,qureate,CERO,D,https://ja.wikipedia.org/wiki/Nintendo_Switch%E3%81%AE%E3%82%B2%E3%83%BC%E3%83%A0%E3%82%BF%E3%82%A4%E3%83%88%E3%83%AB%E4%B8%80%E8%A6%A7_%282024%E5%B9%B4%29
2024-11-21,アニメ少女の足探し:元防衛ゲーム,Red Fables,IARC,12+,https://ja.wikipedia.org/wiki/Nintendo_Switch%E3%81%AE%E3%82%B2%E3%83%BC%E3%83%A0%E3%82%BF%E3%82%A4%E3%83%88%E3%83%AB%E4%B8%80%E8%A6%A7_%282024%E5%B9%B4%29
2024-11-21,アニメ少年の足探し:エクスディフェンスゲーム,Red Fables,IARC,12+,https://ja.wikipedia.org/wiki/Nintendo_Switch%E3%81%AE%E3%82%B2%E3%83%BC%E3%83%A0%E3%82%BF%E3%82%A4%E3%83%88%E3%83%AB%E4%B8%80%E8%A6%A7_%282024%E5%B9%B4%29
2024-11-21,クック フォー ラブ,RedDeerGames,IARC,3+,https://ja.wikipedia.org/wiki/Nintendo_Switch%E3%81%AE%E3%82%B2%E3%83%BC%E3%83%A0%E3%82%BF%E3%82%A4%E3%83%88%E3%83%AB%E4%B8%80%E8%A6%A7_%282024%E5%B9%B4%29
2024-11-21,消しゴムVS定規,SAT-BOX,IARC,3+,https://ja.wikipedia.org/wiki/Nintendo_Switch%E3%81%AE%E3%82%B2%E3%83%BC%E3%83%A0%E3%82%BF%E3%82%A4%E3%83%88%E3%83%AB%E4%B8%80%E8%A6%A7_%282024%E5%B9%B4%29
2024-11-21,Jet Combat: Cats VS Dogs Military Simulator,SimulaMaker,IARC,12+,https://ja.wikipedia.org/wiki/Nintendo_Switch%E3%81%AE%E3%82%B2%E3%83%BC%E3%83%A0%E3%82%BF%E3%82%A4%E3%83%88%E3%83%AB%E4%B8%80%E8%A6%A7_%282024%E5%B9%B4%29
2024-11-21,Mizuchi 白蛇伝,SOFT SOURCE,CERO,C,https://ja.wikipedia.org/wiki/Nintendo_Switch%E3%81%AE%E3%82%B2%E3%83%BC%E3%83%A0%E3%82%BF%E3%82%A4%E3%83%88%E3%83%AB%E4%B8%80%E8%A6%A7_%282024%E5%B9%B4%29
2024-11-21,Soul Stalker,SOFT SOURCE,IARC,7+,https://ja.wikipedia.org/wiki/Nintendo_Switch%E3%81%AE%E3%82%B2%E3%83%BC%E3%83%A0%E3%82%BF%E3%82%A4%E3%83%88%E3%83%AB%E4%B8%80%E8%A6%A7_%282024%E5%B9%B4%29
2024-11-21,キノコの国,SOURCE BYTE,IARC,3+,https://ja.wikipedia.org/wiki/Nintendo_Switch%E3%81%AE%E3%82%B2%E3%83%BC%E3%83%A0%E3%82%BF%E3%82%A4%E3%83%88%E3%83%AB%E4%B8%80%E8%A6%A7_%282024%E5%B9%B4%29
2024-11-21,帰宅,Taiga,IARC,12+,https://ja.wikipedia.org/wiki/Nintendo_Switch%E3%81%AE%E3%82%B2%E3%83%BC%E3%83%A0%E3%82%BF%E3%82%A4%E3%83%88%E3%83%AB%E4%B8%80%E8%A6%A7_%282024%E5%B9%B4%29
2024-11-21,Banana-Clicker,Testagamercreations,IARC,3+,https://ja.wikipedia.org/wiki/Nintendo_Switch%E3%81%AE%E3%82%B2%E3%83%BC%E3%83%A0%E3%82%BF%E3%82%A4%E3%83%88%E3%83%AB%E4%B8%80%E8%A6%A7_%282024%E5%B9%B4%29
2024-11-21,わかる！学べる！小学校教科書テスト －社会科編－ 〜６年間を総復習！基礎が身につく学習勉強対戦クイズ〜,TT,IARC,3+,https://ja.wikipedia.org/wiki/Nintendo_Switch%E3%81%AE%E3%82%B2%E3%83%BC%E3%83%A0%E3%82%BF%E3%82%A4%E3%83%88%E3%83%AB%E4%B8%80%E8%A6%A7_%282024%E5%B9%B4%29
2024-11-21,やばい、燃料を間違えた!,Untold Tales,IARC,3+,https://ja.wikipedia.org/wiki/Nintendo_Switch%E3%81%AE%E3%82%B2%E3%83%BC%E3%83%A0%E3%82%BF%E3%82%A4%E3%83%88%E3%83%AB%E4%B8%80%E8%A6%A7_%282024%E5%B9%B4%29
2024-11-21,Table Letters,Webnetic,IARC,3+,https://ja.wikipedia.org/wiki/Nintendo_Switch%E3%81%AE%E3%82%B2%E3%83%BC%E3%83%A0%E3%82%BF%E3%82%A4%E3%83%88%E3%83%AB%E4%B8%80%E8%A6%A7_%282024%E5%B9%B4%29
2024-11-21,Draw li,Zakym,IARC,3+,https://ja.wikipedia.org/wiki/Nintendo_Switch%E3%81%AE%E3%82%B2%E3%83%BC%E3%83%A0%E3%82%BF%E3%82%A4%E3%83%88%E3%83%AB%E4%B8%80%E8%A6%A7_%282024%E5%B9%B4%29
2024-11-21,精霊機フレイリート,インティ・クリエイツ,CERO,A,https://ja.wikipedia.org/wiki/Nintendo_Switch%E3%81%AE%E3%82%B2%E3%83%BC%E3%83%A0%E3%82%BF%E3%82%A4%E3%83%88%E3%83%AB%E4%B8%80%E8%A6%A7_%282024%E5%B9%B4%29
2024-11-21,どきどきメイド部 Shirogane Maid Club,サイバーステップ,IARC,12+,https://ja.wikipedia.org/wiki/Nintendo_Switch%E3%81%AE%E3%82%B2%E3%83%BC%E3%83%A0%E3%82%BF%E3%82%A4%E3%83%88%E3%83%AB%E4%B8%80%E8%A6%A7_%282024%E5%B9%B4%29
2024-11-21,スナイパージャーヘッド,トローゼ,IARC,16+,https://ja.wikipedia.org/wiki/Nintendo_Switch%E3%81%AE%E3%82%B2%E3%83%BC%E3%83%A0%E3%82%BF%E3%82%A4%E3%83%88%E3%83%AB%E4%B8%80%E8%A6%A7_%282024%E5%B9%B4%29
2024-11-21,絵画の館からの脱出,レジスタ,CERO,B,https://ja.wikipedia.org/wiki/Nintendo_Switch%E3%81%AE%E3%82%B2%E3%83%BC%E3%83%A0%E3%82%BF%E3%82%A4%E3%83%88%E3%83%AB%E4%B8%80%E8%A6%A7_%282024%E5%B9%B4%29
2024-11-21,Ichima-san,わくわくゲームズ,IARC,7+,https://ja.wikipedia.org/wiki/Nintendo_Switch%E3%81%AE%E3%82%B2%E3%83%BC%E3%83%A0%E3%82%BF%E3%82%A4%E3%83%88%E3%83%AB%E4%B8%80%E8%A6%A7_%282024%E5%B9%B4%29
2024-11-22,小さな猫: tiny Cats,AGE Zero,IARC,3+,https://ja.wikipedia.org/wiki/Nintendo_Switch%E3%81%AE%E3%82%B2%E3%83%BC%E3%83%A0%E3%82%BF%E3%82%A4%E3%83%88%E3%83%AB%E4%B8%80%E8%A6%A7_%282024%E5%B9%B4%29
2024-11-22,猫猫,GAME NACIONAL,IARC,3+,https://ja.wikipedia.org/wiki/Nintendo_Switch%E3%81%AE%E3%82%B2%E3%83%BC%E3%83%A0%E3%82%BF%E3%82%A4%E3%83%88%E3%83%AB%E4%B8%80%E8%A6%A7_%282024%E5%B9%B4%29
2024-11-22,幻想〜ゆめごこち〜,Purmoe Design Lab,CERO,D,https://ja.wikipedia.org/wiki/Nintendo_Switch%E3%81%AE%E3%82%B2%E3%83%BC%E3%83%A0%E3%82%BF%E3%82%A4%E3%83%88%E3%83%AB%E4%B8%80%E8%A6%A7_%282024%E5%B9%B4%29
2024-11-22,Find Love or Die Trying,ラタライカゲームス,IARC,12+,https://ja.wikipedia.org/wiki/Nintendo_Switch%E3%81%AE%E3%82%B2%E3%83%BC%E3%83%A0%E3%82%BF%E3%82%A4%E3%83%88%E3%83%AB%E4%B8%80%E8%A6%A7_%282024%E5%B9%B4%29
2024-11-24,スチームボート・レスキュー,エム・ビー・エーインターナショナル,IARC,3+,https://ja.wikipedia.org/wiki/Nintendo_Switch%E3%81%AE%E3%82%B2%E3%83%BC%E3%83%A0%E3%82%BF%E3%82%A4%E3%83%88%E3%83%AB%E4%B8%80%E8%A6%A7_%282024%E5%B9%B4%29
2024-11-26,ネオン ブラッド,Meridiem Games,CERO,D,https://ja.wikipedia.org/wiki/Nintendo_Switch%E3%81%AE%E3%82%B2%E3%83%BC%E3%83%A0%E3%82%BF%E3%82%A4%E3%83%88%E3%83%AB%E4%B8%80%E8%A6%A7_%282024%E5%B9%B4%29
2024-11-26,九日ナインソール,Red Candle Games,IARC,16+,https://ja.wikipedia.org/wiki/Nintendo_Switch%E3%81%AE%E3%82%B2%E3%83%BC%E3%83%A0%E3%82%BF%E3%82%A4%E3%83%88%E3%83%AB%E4%B8%80%E8%A6%A7_%282024%E5%B9%B4%29
2024-11-26,クリッターカフェ,Secret Mode,IARC,3+,https://ja.wikipedia.org/wiki/Nintendo_Switch%E3%81%AE%E3%82%B2%E3%83%BC%E3%83%A0%E3%82%BF%E3%82%A4%E3%83%88%E3%83%AB%E4%B8%80%E8%A6%A7_%282024%E5%B9%B4%29
2024-11-28,Sinvers on Wheels,4WayStudio,IARC,3+,https://ja.wikipedia.org/wiki/Nintendo_Switch%E3%81%AE%E3%82%B2%E3%83%BC%E3%83%A0%E3%82%BF%E3%82%A4%E3%83%88%E3%83%AB%E4%B8%80%E8%A6%A7_%282024%E5%B9%B4%29
2024-11-28,911: Prey,17Studio,IARC,16+,https://ja.wikipedia.org/wiki/Nintendo_Switch%E3%81%AE%E3%82%B2%E3%83%BC%E3%83%A0%E3%82%BF%E3%82%A4%E3%83%88%E3%83%AB%E4%B8%80%E8%A6%A7_%282024%E5%B9%B4%29
2024-11-28,Real Hentai 3,17Studio,IARC,12+,https://ja.wikipedia.org/wiki/Nintendo_Switch%E3%81%AE%E3%82%B2%E3%83%BC%E3%83%A0%E3%82%BF%E3%82%A4%E3%83%88%E3%83%AB%E4%B8%80%E8%A6%A7_%282024%E5%B9%B4%29
2024-11-28,Grand Rush: Highway Car Traffic Racing Simulator,404 Games,IARC,3+,https://ja.wikipedia.org/wiki/Nintendo_Switch%E3%81%AE%E3%82%B2%E3%83%BC%E3%83%A0%E3%82%BF%E3%82%A4%E3%83%88%E3%83%AB%E4%B8%80%E8%A6%A7_%282024%E5%B9%B4%29
2024-11-28,Glitch Hero,Artax Games,IARC,3+,https://ja.wikipedia.org/wiki/Nintendo_Switch%E3%81%AE%E3%82%B2%E3%83%BC%E3%83%A0%E3%82%BF%E3%82%A4%E3%83%88%E3%83%AB%E4%B8%80%E8%A6%A7_%282024%E5%B9%B4%29
2024-11-28,Helix Fruit Jump,Artem Kritinin,IARC,3+,https://ja.wikipedia.org/wiki/Nintendo_Switch%E3%81%AE%E3%82%B2%E3%83%BC%E3%83%A0%E3%82%BF%E3%82%A4%E3%83%88%E3%83%AB%E4%B8%80%E8%A6%A7_%282024%E5%B9%B4%29
2024-11-28,Hero Rescue,Artem Kritinin,IARC,3+,https://ja.wikipedia.org/wiki/Nintendo_Switch%E3%81%AE%E3%82%B2%E3%83%BC%E3%83%A0%E3%82%BF%E3%82%A4%E3%83%88%E3%83%AB%E4%B8%80%E8%A6%A7_%282024%E5%B9%B4%29
2024-11-28,Billiard Fever,Baltoro Minis,IARC,3+,https://ja.wikipedia.org/wiki/Nintendo_Switch%E3%81%AE%E3%82%B2%E3%83%BC%E3%83%A0%E3%82%BF%E3%82%A4%E3%83%88%E3%83%AB%E4%B8%80%E8%A6%A7_%282024%E5%B9%B4%29
2024-11-28,ZXC,CFK,IARC,7+,https://ja.wikipedia.org/wiki/Nintendo_Switch%E3%81%AE%E3%82%B2%E3%83%BC%E3%83%A0%E3%82%BF%E3%82%A4%E3%83%88%E3%83%AB%E4%B8%80%E8%A6%A7_%282024%E5%B9%B4%29
2024-11-28,ドレッドロックのダンジョン2 - 死王の秘密,Christoph Minnameier,IARC,7+,https://ja.wikipedia.org/wiki/Nintendo_Switch%E3%81%AE%E3%82%B2%E3%83%BC%E3%83%A0%E3%82%BF%E3%82%A4%E3%83%88%E3%83%AB%E4%B8%80%E8%A6%A7_%282024%E5%B9%B4%29
2024-11-28,応急処置の基本・緊急時に備える方法,Cooking & Publishing,IARC,3+,https://ja.wikipedia.org/wiki/Nintendo_Switch%E3%81%AE%E3%82%B2%E3%83%BC%E3%83%A0%E3%82%BF%E3%82%A4%E3%83%88%E3%83%AB%E4%B8%80%E8%A6%A7_%282024%E5%B9%B4%29
2024-11-28,個人財務ガイド・お金の管理方法,Cooking & Publishing,IARC,3+,https://ja.wikipedia.org/wiki/Nintendo_Switch%E3%81%AE%E3%82%B2%E3%83%BC%E3%83%A0%E3%82%BF%E3%82%A4%E3%83%88%E3%83%AB%E4%B8%80%E8%A6%A7_%282024%E5%B9%B4%29
2024-11-28,Food Courier: Bike Adventure,DEMENCI Games,IARC,3+,https://ja.wikipedia.org/wiki/Nintendo_Switch%E3%81%AE%E3%82%B2%E3%83%BC%E3%83%A0%E3%82%BF%E3%82%A4%E3%83%88%E3%83%AB%E4%B8%80%E8%A6%A7_%282024%E5%B9%B4%29
2024-11-28,Monster Truck Arena: Battle Royale,DEMENCI Games,IARC,3+,https://ja.wikipedia.org/wiki/Nintendo_Switch%E3%81%AE%E3%82%B2%E3%83%BC%E3%83%A0%E3%82%BF%E3%82%A4%E3%83%88%E3%83%AB%E4%B8%80%E8%A6%A7_%282024%E5%B9%B4%29
2024-11-28,Pretty Girls Pop Match,eastasiasoft,IARC,12+,https://ja.wikipedia.org/wiki/Nintendo_Switch%E3%81%AE%E3%82%B2%E3%83%BC%E3%83%A0%E3%82%BF%E3%82%A4%E3%83%88%E3%83%AB%E4%B8%80%E8%A6%A7_%282024%E5%B9%B4%29
2024-11-28,ビヨンドメモリーズ テールオブザロストソールズ,EpiXR Games,IARC,7+,https://ja.wikipedia.org/wiki/Nintendo_Switch%E3%81%AE%E3%82%B2%E3%83%BC%E3%83%A0%E3%82%BF%E3%82%A4%E3%83%88%E3%83%AB%E4%B8%80%E8%A6%A7_%282024%E5%B9%B4%29
2024-11-28,物探しの達人:ここはクリスマスプレゼントがない,Error 300 Games,IARC,3+,https://ja.wikipedia.org/wiki/Nintendo_Switch%E3%81%AE%E3%82%B2%E3%83%BC%E3%83%A0%E3%82%BF%E3%82%A4%E3%83%88%E3%83%AB%E4%B8%80%E8%A6%A7_%282024%E5%B9%B4%29
2024-11-28,ファンタジーソード,HUNTERS,IARC,12+,https://ja.wikipedia.org/wiki/Nintendo_Switch%E3%81%AE%E3%82%B2%E3%83%BC%E3%83%A0%E3%82%BF%E3%82%A4%E3%83%88%E3%83%AB%E4%B8%80%E8%A6%A7_%282024%E5%B9%B4%29
2024-11-28,学校怪異研究所,KIMIDORI SOFT,IARC,12+,https://ja.wikipedia.org/wiki/Nintendo_Switch%E3%81%AE%E3%82%B2%E3%83%BC%E3%83%A0%E3%82%BF%E3%82%A4%E3%83%88%E3%83%AB%E4%B8%80%E8%A6%A7_%282024%E5%B9%B4%29
2024-11-28,八角独,Max Interactive Studio,IARC,3+,https://ja.wikipedia.org/wiki/Nintendo_Switch%E3%81%AE%E3%82%B2%E3%83%BC%E3%83%A0%E3%82%BF%E3%82%A4%E3%83%88%E3%83%AB%E4%B8%80%E8%A6%A7_%282024%E5%B9%B4%29
2024-11-28,Crown Wars: The Black Prince,Nacon,IARC,16+,https://ja.wikipedia.org/wiki/Nintendo_Switch%E3%81%AE%E3%82%B2%E3%83%BC%E3%83%A0%E3%82%BF%E3%82%A4%E3%83%88%E3%83%AB%E4%B8%80%E8%A6%A7_%282024%E5%B9%B4%29
2024-11-28,ソリライダー Sled Riders,NOSTRA GAMES,IARC,3+,https://ja.wikipedia.org/wiki/Nintendo_Switch%E3%81%AE%E3%82%B2%E3%83%BC%E3%83%A0%E3%82%BF%E3%82%A4%E3%83%88%E3%83%AB%E4%B8%80%E8%A6%A7_%282024%E5%B9%B4%29
2024-11-28,ヘブンインパクト Heaven Impact,NOSTRA GAMES,IARC,12+,https://ja.wikipedia.org/wiki/Nintendo_Switch%E3%81%AE%E3%82%B2%E3%83%BC%E3%83%A0%E3%82%BF%E3%82%A4%E3%83%88%E3%83%AB%E4%B8%80%E8%A6%A7_%282024%E5%B9%B4%29
2024-11-28,Sugoi Girls: Sassy Heroine,Pakotime,IARC,12+,https://ja.wikipedia.org/wiki/Nintendo_Switch%E3%81%AE%E3%82%B2%E3%83%BC%E3%83%A0%E3%82%BF%E3%82%A4%E3%83%88%E3%83%AB%E4%B8%80%E8%A6%A7_%282024%E5%B9%B4%29
2024-11-28,Epyxゲーム スポーツコレクション,Pixel Games UK,IARC,3+,https://ja.wikipedia.org/wiki/Nintendo_Switch%E3%81%AE%E3%82%B2%E3%83%BC%E3%83%A0%E3%82%BF%E3%82%A4%E3%83%88%E3%83%AB%E4%B8%80%E8%A6%A7_%282024%E5%B9%B4%29
2024-11-28,8番のりば,PLAYISM,IARC,7+,https://ja.wikipedia.org/wiki/Nintendo_Switch%E3%81%AE%E3%82%B2%E3%83%BC%E3%83%A0%E3%82%BF%E3%82%A4%E3%83%88%E3%83%AB%E4%B8%80%E8%A6%A7_%282024%E5%B9%B4%29
2024-11-28,Death Elevator,QUByte Interactive,IARC,16+,https://ja.wikipedia.org/wiki/Nintendo_Switch%E3%81%AE%E3%82%B2%E3%83%BC%E3%83%A0%E3%82%BF%E3%82%A4%E3%83%88%E3%83%AB%E4%B8%80%E8%A6%A7_%282024%E5%B9%B4%29
2024-11-28,クロガネ回姫譚-閃夜一夜-,RED FLAG SHIP,CERO,C,https://ja.wikipedia.org/wiki/Nintendo_Switch%E3%81%AE%E3%82%B2%E3%83%BC%E3%83%A0%E3%82%BF%E3%82%A4%E3%83%88%E3%83%AB%E4%B8%80%E8%A6%A7_%282024%E5%B9%B4%29
2024-11-28,Pet Clinic Simulator,SimulaMaker,IARC,3+,https://ja.wikipedia.org/wiki/Nintendo_Switch%E3%81%AE%E3%82%B2%E3%83%BC%E3%83%A0%E3%82%BF%E3%82%A4%E3%83%88%E3%83%AB%E4%B8%80%E8%A6%A7_%282024%E5%B9%B4%29
2024-11-28,Sports Supermarket,SimulaMaker,IARC,3+,https://ja.wikipedia.org/wiki/Nintendo_Switch%E3%81%AE%E3%82%B2%E3%83%BC%E3%83%A0%E3%82%BF%E3%82%A4%E3%83%88%E3%83%AB%E4%B8%80%E8%A6%A7_%282024%E5%B9%B4%29
2024-11-28,Georgie-Yolkie,SPACEFARER GAMES,IARC,3+,https://ja.wikipedia.org/wiki/Nintendo_Switch%E3%81%AE%E3%82%B2%E3%83%BC%E3%83%A0%E3%82%BF%E3%82%A4%E3%83%88%E3%83%AB%E4%B8%80%E8%A6%A7_%282024%E5%B9%B4%29
2024-11-28,Crystal Breaker,TERARIN GAMES,IARC,7+,https://ja.wikipedia.org/wiki/Nintendo_Switch%E3%81%AE%E3%82%B2%E3%83%BC%E3%83%A0%E3%82%BF%E3%82%A4%E3%83%88%E3%83%AB%E4%B8%80%E8%A6%A7_%282024%E5%B9%B4%29
2024-11-28,Cats Hidden in Bali,Travellin Cats,IARC,3+,https://ja.wikipedia.org/wiki/Nintendo_Switch%E3%81%AE%E3%82%B2%E3%83%BC%E3%83%A0%E3%82%BF%E3%82%A4%E3%83%88%E3%83%AB%E4%B8%80%E8%A6%A7_%282024%E5%B9%B4%29
2024-11-28,MiceGard,Valkyrie Initiative,IARC,3+,https://ja.wikipedia.org/wiki/Nintendo_Switch%E3%81%AE%E3%82%B2%E3%83%BC%E3%83%A0%E3%82%BF%E3%82%A4%E3%83%88%E3%83%AB%E4%B8%80%E8%A6%A7_%282024%E5%B9%B4%29
2024-11-28,IRONFALL -Invasion-,VD-DEV,IARC,12+,https://ja.wikipedia.org/wiki/Nintendo_Switch%E3%81%AE%E3%82%B2%E3%83%BC%E3%83%A0%E3%82%BF%E3%82%A4%E3%83%88%E3%83%AB%E4%B8%80%E8%A6%A7_%282024%E5%B9%B4%29
2024-11-28,Water Blast Shooter - Wet Gun,VRCFORGE STUDIOS,IARC,7+,https://ja.wikipedia.org/wiki/Nintendo_Switch%E3%81%AE%E3%82%B2%E3%83%BC%E3%83%A0%E3%82%BF%E3%82%A4%E3%83%88%E3%83%AB%E4%B8%80%E8%A6%A7_%282024%E5%B9%B4%29
2024-11-28,Shark Simulator: Ocean Predator Survival,Yellow ink,IARC,7+,https://ja.wikipedia.org/wiki/Nintendo_Switch%E3%81%AE%E3%82%B2%E3%83%BC%E3%83%A0%E3%82%BF%E3%82%A4%E3%83%88%E3%83%AB%E4%B8%80%E8%A6%A7_%282024%E5%B9%B4%29
2024-11-28,Bamboo Retro Run,Zakym,IARC,7+,https://ja.wikipedia.org/wiki/Nintendo_Switch%E3%81%AE%E3%82%B2%E3%83%BC%E3%83%A0%E3%82%BF%E3%82%A4%E3%83%88%E3%83%AB%E4%B8%80%E8%A6%A7_%282024%E5%B9%B4%29
2024-11-28,あまつそらに咲く,エンターグラム,CERO,B,https://ja.wikipedia.org/wiki/Nintendo_Switch%E3%81%AE%E3%82%B2%E3%83%BC%E3%83%A0%E3%82%BF%E3%82%A4%E3%83%88%E3%83%AB%E4%B8%80%E8%A6%A7_%282024%E5%B9%B4%29
2024-11-28,アークランナー,オーイズミ・アミュージオ,IARC,12+,https://ja.wikipedia.org/wiki/Nintendo_Switch%E3%81%AE%E3%82%B2%E3%83%BC%E3%83%A0%E3%82%BF%E3%82%A4%E3%83%88%E3%83%AB%E4%B8%80%E8%A6%A7_%282024%E5%B9%B4%29
2024-11-28,クライム・オクロック,テヨンジャパン,CERO,B,https://ja.wikipedia.org/wiki/Nintendo_Switch%E3%81%AE%E3%82%B2%E3%83%BC%E3%83%A0%E3%82%BF%E3%82%A4%E3%83%88%E3%83%AB%E4%B8%80%E8%A6%A7_%282024%E5%B9%B4%29
2024-11-28,アンナのゾンビ オデッセイ,トローゼ,IARC,16+,https://ja.wikipedia.org/wiki/Nintendo_Switch%E3%81%AE%E3%82%B2%E3%83%BC%E3%83%A0%E3%82%BF%E3%82%A4%E3%83%88%E3%83%AB%E4%B8%80%E8%A6%A7_%282024%E5%B9%B4%29
2024-11-28,レッドネグオールスターズ スイングバイエディション,わくわくゲームズ,IARC,12+,https://ja.wikipedia.org/wiki/Nintendo_Switch%E3%81%AE%E3%82%B2%E3%83%BC%E3%83%A0%E3%82%BF%E3%82%A4%E3%83%88%E3%83%AB%E4%B8%80%E8%A6%A7_%282024%E5%B9%B4%29
2024-11-29,Glitch Blaster's Waifu,Gamuzumi,IARC,16+,https://ja.wikipedia.org/wiki/Nintendo_Switch%E3%81%AE%E3%82%B2%E3%83%BC%E3%83%A0%E3%82%BF%E3%82%A4%E3%83%88%E3%83%AB%E4%B8%80%E8%A6%A7_%282024%E5%B9%B4%29
2024-11-29,Sun Haven,Pixel Sprout Studios,IARC,7+,https://ja.wikipedia.org/wiki/Nintendo_Switch%E3%81%AE%E3%82%B2%E3%83%BC%E3%83%A0%E3%82%BF%E3%82%A4%E3%83%88%E3%83%AB%E4%B8%80%E8%A6%A7_%282024%E5%B9%B4%29
2024-11-29,東京巫女:サバイバル,Untold Tales,IARC,7+,https://ja.wikipedia.org/wiki/Nintendo_Switch%E3%81%AE%E3%82%B2%E3%83%BC%E3%83%A0%E3%82%BF%E3%82%A4%E3%83%88%E3%83%AB%E4%B8%80%E8%A6%A7_%282024%E5%B9%B4%29
2024-11-29,Furious Bikers,ラタライカゲームス,IARC,7+,https://ja.wikipedia.org/wiki/Nintendo_Switch%E3%81%AE%E3%82%B2%E3%83%BC%E3%83%A0%E3%82%BF%E3%82%A4%E3%83%88%E3%83%AB%E4%B8%80%E8%A6%A7_%282024%E5%B9%B4%29
2024-12-05,Funko Fusion,10:10 Games,CERO,C,https://ja.wikipedia.org/wiki/Nintendo_Switch%E3%81%AE%E3%82%B2%E3%83%BC%E3%83%A0%E3%82%BF%E3%82%A4%E3%83%88%E3%83%AB%E4%B8%80%E8%A6%A7_%282024%E5%B9%B4%29
2024-12-05,Cowboy Duel: Red Wild West Massacre,16BIT,IARC,12+,https://ja.wikipedia.org/wiki/Nintendo_Switch%E3%81%AE%E3%82%B2%E3%83%BC%E3%83%A0%E3%82%BF%E3%82%A4%E3%83%88%E3%83%AB%E4%B8%80%E8%A6%A7_%282024%E5%B9%B4%29
2024-12-05,Hentai Waifu 3,17Studio,IARC,12+,https://ja.wikipedia.org/wiki/Nintendo_Switch%E3%81%AE%E3%82%B2%E3%83%BC%E3%83%A0%E3%82%BF%E3%82%A4%E3%83%88%E3%83%AB%E4%B8%80%E8%A6%A7_%282024%E5%B9%B4%29
2024-12-05,クックロ,Adrian Corpuz,IARC,3+,https://ja.wikipedia.org/wiki/Nintendo_Switch%E3%81%AE%E3%82%B2%E3%83%BC%E3%83%A0%E3%82%BF%E3%82%A4%E3%83%88%E3%83%AB%E4%B8%80%E8%A6%A7_%282024%E5%B9%B4%29
2024-12-05,RollerCoaster Tycoon Classic,Atari,IARC,7+,https://ja.wikipedia.org/wiki/Nintendo_Switch%E3%81%AE%E3%82%B2%E3%83%BC%E3%83%A0%E3%82%BF%E3%82%A4%E3%83%88%E3%83%AB%E4%B8%80%E8%A6%A7_%282024%E5%B9%B4%29
2024-12-05,オールスター スーパーマーケット シミュレーター - All-Star Supermarket Simulator: Vinyl Vibes,CGI LAB,IARC,3+,https://ja.wikipedia.org/wiki/Nintendo_Switch%E3%81%AE%E3%82%B2%E3%83%BC%E3%83%A0%E3%82%BF%E3%82%A4%E3%83%88%E3%83%AB%E4%B8%80%E8%A6%A7_%282024%E5%B9%B4%29
2024-12-05,スーパーマーケット シミュレーター Cat MeowMart: Supermarket Simulator,CGI LAB,IARC,3+,https://ja.wikipedia.org/wiki/Nintendo_Switch%E3%81%AE%E3%82%B2%E3%83%BC%E3%83%A0%E3%82%BF%E3%82%A4%E3%83%88%E3%83%AB%E4%B8%80%E8%A6%A7_%282024%E5%B9%B4%29
2024-12-05,インドアガーデニング・自分だけの家の庭を作ろう,Cooking & Publishing,IARC,3+,https://ja.wikipedia.org/wiki/Nintendo_Switch%E3%81%AE%E3%82%B2%E3%83%BC%E3%83%A0%E3%82%BF%E3%82%A4%E3%83%88%E3%83%AB%E4%B8%80%E8%A6%A7_%282024%E5%B9%B4%29
2024-12-05,クリスマスの魔法の物語・心を温める10のストーリー,Cooking & Publishing,IARC,3+,https://ja.wikipedia.org/wiki/Nintendo_Switch%E3%81%AE%E3%82%B2%E3%83%BC%E3%83%A0%E3%82%BF%E3%82%A4%E3%83%88%E3%83%AB%E4%B8%80%E8%A6%A7_%282024%E5%B9%B4%29
2024-12-05,Backrooms Horror Escape,COOL DEVS,IARC,12+,https://ja.wikipedia.org/wiki/Nintendo_Switch%E3%81%AE%E3%82%B2%E3%83%BC%E3%83%A0%E3%82%BF%E3%82%A4%E3%83%88%E3%83%AB%E4%B8%80%E8%A6%A7_%282024%E5%B9%B4%29
2024-12-05,Game Empire Tycoon: Dealer Simulator,COOL DEVS,IARC,12+,https://ja.wikipedia.org/wiki/Nintendo_Switch%E3%81%AE%E3%82%B2%E3%83%BC%E3%83%A0%E3%82%BF%E3%82%A4%E3%83%88%E3%83%AB%E4%B8%80%E8%A6%A7_%282024%E5%B9%B4%29
2024-12-05,TCG Empire: Card Shop Simulator,COOL DEVS,IARC,3+,https://ja.wikipedia.org/wiki/Nintendo_Switch%E3%81%AE%E3%82%B2%E3%83%BC%E3%83%A0%E3%82%BF%E3%82%A4%E3%83%88%E3%83%AB%E4%B8%80%E8%A6%A7_%282024%E5%B9%B4%29
2024-12-05,Savant - Ascent REMIX,D-Pad Studio,IARC,7+,https://ja.wikipedia.org/wiki/Nintendo_Switch%E3%81%AE%E3%82%B2%E3%83%BC%E3%83%A0%E3%82%BF%E3%82%A4%E3%83%88%E3%83%AB%E4%B8%80%E8%A6%A7_%282024%E5%B9%B4%29
2024-12-05,Dirt Bike Extreme 3D,DEMENCI Games,IARC,3+,https://ja.wikipedia.org/wiki/Nintendo_Switch%E3%81%AE%E3%82%B2%E3%83%BC%E3%83%A0%E3%82%BF%E3%82%A4%E3%83%88%E3%83%AB%E4%B8%80%E8%A6%A7_%282024%E5%B9%B4%29
2024-12-05,Learn to Play - Gravity Space Walk,eastasiasoft,IARC,3+,https://ja.wikipedia.org/wiki/Nintendo_Switch%E3%81%AE%E3%82%B2%E3%83%BC%E3%83%A0%E3%82%BF%E3%82%A4%E3%83%88%E3%83%AB%E4%B8%80%E8%A6%A7_%282024%E5%B9%B4%29
2024-12-05,Santa's Christmas Adventure,Eclipse Interactive,IARC,3+,https://ja.wikipedia.org/wiki/Nintendo_Switch%E3%81%AE%E3%82%B2%E3%83%BC%E3%83%A0%E3%82%BF%E3%82%A4%E3%83%88%E3%83%AB%E4%B8%80%E8%A6%A7_%282024%E5%B9%B4%29
2024-12-05,シュガータンクスアリーナ,EpiXR Games,IARC,7+,https://ja.wikipedia.org/wiki/Nintendo_Switch%E3%81%AE%E3%82%B2%E3%83%BC%E3%83%A0%E3%82%BF%E3%82%A4%E3%83%88%E3%83%AB%E4%B8%80%E8%A6%A7_%282024%E5%B9%B4%29
2024-12-05,Dinosaur RPG - Dino Survival Simulator Survivor,GOGAME CONSOLE PUBLISHER,IARC,12+,https://ja.wikipedia.org/wiki/Nintendo_Switch%E3%81%AE%E3%82%B2%E3%83%BC%E3%83%A0%E3%82%BF%E3%82%A4%E3%83%88%E3%83%AB%E4%B8%80%E8%A6%A7_%282024%E5%B9%B4%29
2024-12-05,沼落ち禁止,H2 INTERACTIVE,IARC,7+,https://ja.wikipedia.org/wiki/Nintendo_Switch%E3%81%AE%E3%82%B2%E3%83%BC%E3%83%A0%E3%82%BF%E3%82%A4%E3%83%88%E3%83%AB%E4%B8%80%E8%A6%A7_%282024%E5%B9%B4%29
2024-12-05,Bunker Builder & Construction Simulator: バンカービルダー&建設シミュレーター,Halva Studio,IARC,3+,https://ja.wikipedia.org/wiki/Nintendo_Switch%E3%81%AE%E3%82%B2%E3%83%BC%E3%83%A0%E3%82%BF%E3%82%A4%E3%83%88%E3%83%AB%E4%B8%80%E8%A6%A7_%282024%E5%B9%B4%29
2024-12-05,Uncle Chop's Rocket Shop,Kasedo Games,IARC,16+,https://ja.wikipedia.org/wiki/Nintendo_Switch%E3%81%AE%E3%82%B2%E3%83%BC%E3%83%A0%E3%82%BF%E3%82%A4%E3%83%88%E3%83%AB%E4%B8%80%E8%A6%A7_%282024%E5%B9%B4%29
2024-12-05,BeatBlast: Rhythm Rampage,MagicProStudio,IARC,7+,https://ja.wikipedia.org/wiki/Nintendo_Switch%E3%81%AE%E3%82%B2%E3%83%BC%E3%83%A0%E3%82%BF%E3%82%A4%E3%83%88%E3%83%AB%E4%B8%80%E8%A6%A7_%282024%E5%B9%B4%29
2024-12-05,Sky Aces: WWII Air Combat,MagicProStudio,IARC,7+,https://ja.wikipedia.org/wiki/Nintendo_Switch%E3%81%AE%E3%82%B2%E3%83%BC%E3%83%A0%E3%82%BF%E3%82%A4%E3%83%88%E3%83%AB%E4%B8%80%E8%A6%A7_%282024%E5%B9%B4%29
2024-12-05,Diesel Legacy: The Brazen Age,Maximum Entertainment,IARC,16+,https://ja.wikipedia.org/wiki/Nintendo_Switch%E3%81%AE%E3%82%B2%E3%83%BC%E3%83%A0%E3%82%BF%E3%82%A4%E3%83%88%E3%83%AB%E4%B8%80%E8%A6%A7_%282024%E5%B9%B4%29
2024-12-05,ドッグマン:ミッション・ワンポッシブル,Mindscape,IARC,3+,https://ja.wikipedia.org/wiki/Nintendo_Switch%E3%81%AE%E3%82%B2%E3%83%BC%E3%83%A0%E3%82%BF%E3%82%A4%E3%83%88%E3%83%AB%E4%B8%80%E8%A6%A7_%282024%E5%B9%B4%29
2024-12-05,もう雪はありません,No Gravity Games,IARC,7+,https://ja.wikipedia.org/wiki/Nintendo_Switch%E3%81%AE%E3%82%B2%E3%83%BC%E3%83%A0%E3%82%BF%E3%82%A4%E3%83%88%E3%83%AB%E4%B8%80%E8%A6%A7_%282024%E5%B9%B4%29
2024-12-05,Hentai Girls: College Romance,Pakotime,IARC,12+,https://ja.wikipedia.org/wiki/Nintendo_Switch%E3%81%AE%E3%82%B2%E3%83%BC%E3%83%A0%E3%82%BF%E3%82%A4%E3%83%88%E3%83%AB%E4%B8%80%E8%A6%A7_%282024%E5%B9%B4%29
2024-12-05,Monkey Kong In New York,Pix Arts,IARC,3+,https://ja.wikipedia.org/wiki/Nintendo_Switch%E3%81%AE%E3%82%B2%E3%83%BC%E3%83%A0%E3%82%BF%E3%82%A4%E3%83%88%E3%83%AB%E4%B8%80%E8%A6%A7_%282024%E5%B9%B4%29
2024-12-05,犬の獣医 病院クリニックや総合病院,Red Fables,IARC,3+,https://ja.wikipedia.org/wiki/Nintendo_Switch%E3%81%AE%E3%82%B2%E3%83%BC%E3%83%A0%E3%82%BF%E3%82%A4%E3%83%88%E3%83%AB%E4%B8%80%E8%A6%A7_%282024%E5%B9%B4%29
2024-12-05,猫の獣医 動物の病院 近く,Red Fables,IARC,3+,https://ja.wikipedia.org/wiki/Nintendo_Switch%E3%81%AE%E3%82%B2%E3%83%BC%E3%83%A0%E3%82%BF%E3%82%A4%E3%83%88%E3%83%AB%E4%B8%80%E8%A6%A7_%282024%E5%B9%B4%29
2024-12-05,脱出ゲームキラー:月 花 そして不気味な幽霊,Red Fables,IARC,12+,https://ja.wikipedia.org/wiki/Nintendo_Switch%E3%81%AE%E3%82%B2%E3%83%BC%E3%83%A0%E3%82%BF%E3%82%A4%E3%83%88%E3%83%AB%E4%B8%80%E8%A6%A7_%282024%E5%B9%B4%29
2024-12-05,My Cozy Room,RedDeerGames,IARC,3+,https://ja.wikipedia.org/wiki/Nintendo_Switch%E3%81%AE%E3%82%B2%E3%83%BC%E3%83%A0%E3%82%BF%E3%82%A4%E3%83%88%E3%83%AB%E4%B8%80%E8%A6%A7_%282024%E5%B9%B4%29
2024-12-05,Pick My Heart Chapter 1,RedDeerGames,IARC,12+,https://ja.wikipedia.org/wiki/Nintendo_Switch%E3%81%AE%E3%82%B2%E3%83%BC%E3%83%A0%E3%82%BF%E3%82%A4%E3%83%88%E3%83%AB%E4%B8%80%E8%A6%A7_%282024%E5%B9%B4%29
2024-12-05,Pick My Heart Chapter 2,不明,"","",https://ja.wikipedia.org/wiki/Nintendo_Switch%E3%81%AE%E3%82%B2%E3%83%BC%E3%83%A0%E3%82%BF%E3%82%A4%E3%83%88%E3%83%AB%E4%B8%80%E8%A6%A7_%282024%E5%B9%B4%29
2024-12-05,Baseball,Sabec,IARC,3+,https://ja.wikipedia.org/wiki/Nintendo_Switch%E3%81%AE%E3%82%B2%E3%83%BC%E3%83%A0%E3%82%BF%E3%82%A4%E3%83%88%E3%83%AB%E4%B8%80%E8%A6%A7_%282024%E5%B9%B4%29
2024-12-05,クラシック レーシング パック,Shinyuden,IARC,7+,https://ja.wikipedia.org/wiki/Nintendo_Switch%E3%81%AE%E3%82%B2%E3%83%BC%E3%83%A0%E3%82%BF%E3%82%A4%E3%83%88%E3%83%AB%E4%B8%80%E8%A6%A7_%282024%E5%B9%B4%29
2024-12-05,Cats VS Dogs Military Mission,SimulaMaker,IARC,12+,https://ja.wikipedia.org/wiki/Nintendo_Switch%E3%81%AE%E3%82%B2%E3%83%BC%E3%83%A0%E3%82%BF%E3%82%A4%E3%83%88%E3%83%AB%E4%B8%80%E8%A6%A7_%282024%E5%B9%B4%29
2024-12-05,Robo Rescue,Super Villain Games,IARC,3+,https://ja.wikipedia.org/wiki/Nintendo_Switch%E3%81%AE%E3%82%B2%E3%83%BC%E3%83%A0%E3%82%BF%E3%82%A4%E3%83%88%E3%83%AB%E4%B8%80%E8%A6%A7_%282024%E5%B9%B4%29
2024-12-05,Pet Kawaii Shop,Tashlik,IARC,3+,https://ja.wikipedia.org/wiki/Nintendo_Switch%E3%81%AE%E3%82%B2%E3%83%BC%E3%83%A0%E3%82%BF%E3%82%A4%E3%83%88%E3%83%AB%E4%B8%80%E8%A6%A7_%282024%E5%B9%B4%29
2024-12-05,World War II City Rebirth Tycoon,Tashlik,IARC,12+,https://ja.wikipedia.org/wiki/Nintendo_Switch%E3%81%AE%E3%82%B2%E3%83%BC%E3%83%A0%E3%82%BF%E3%82%A4%E3%83%88%E3%83%AB%E4%B8%80%E8%A6%A7_%282024%E5%B9%B4%29
2024-12-05,星のカケラ殺人事件2－ナゾトキ推理ミステリー探偵刑事テキストアドベンチャー－,TT,IARC,12+,https://ja.wikipedia.org/wiki/Nintendo_Switch%E3%81%AE%E3%82%B2%E3%83%BC%E3%83%A0%E3%82%BF%E3%82%A4%E3%83%88%E3%83%AB%E4%B8%80%E8%A6%A7_%282024%E5%B9%B4%29
2024-12-05,平安京ものがたり,カイロソフト,IARC,3+,https://ja.wikipedia.org/wiki/Nintendo_Switch%E3%81%AE%E3%82%B2%E3%83%BC%E3%83%A0%E3%82%BF%E3%82%A4%E3%83%88%E3%83%AB%E4%B8%80%E8%A6%A7_%282024%E5%B9%B4%29
2024-12-05,HEAVEN SEEKER コノ残酷ナ世界ノ救イ方,サクセス,IARC,12+,https://ja.wikipedia.org/wiki/Nintendo_Switch%E3%81%AE%E3%82%B2%E3%83%BC%E3%83%A0%E3%82%BF%E3%82%A4%E3%83%88%E3%83%AB%E4%B8%80%E8%A6%A7_%282024%E5%B9%B4%29
2024-12-05,THE 密室からの脱出 ep1: 不思議なクマドナルバーガー編,ディースリー・パブリッシャー,CERO,A,https://ja.wikipedia.org/wiki/Nintendo_Switch%E3%81%AE%E3%82%B2%E3%83%BC%E3%83%A0%E3%82%BF%E3%82%A4%E3%83%88%E3%83%AB%E4%B8%80%E8%A6%A7_%282024%E5%B9%B4%29
2024-12-06,Westild's Law,ラタライカゲームス,IARC,16+,https://ja.wikipedia.org/wiki/Nintendo_Switch%E3%81%AE%E3%82%B2%E3%83%BC%E3%83%A0%E3%82%BF%E3%82%A4%E3%83%88%E3%83%AB%E4%B8%80%E8%A6%A7_%282024%E5%B9%B4%29
2024-12-12,Real Hentai 4,17Studio,IARC,12+,https://ja.wikipedia.org/wiki/Nintendo_Switch%E3%81%AE%E3%82%B2%E3%83%BC%E3%83%A0%E3%82%BF%E3%82%A4%E3%83%88%E3%83%AB%E4%B8%80%E8%A6%A7_%282024%E5%B9%B4%29
2024-12-12,Aquatic Life: Fish Simulator RPG,404 Games,IARC,7+,https://ja.wikipedia.org/wiki/Nintendo_Switch%E3%81%AE%E3%82%B2%E3%83%BC%E3%83%A0%E3%82%BF%E3%82%A4%E3%83%88%E3%83%AB%E4%B8%80%E8%A6%A7_%282024%E5%B9%B4%29
2024-12-12,アーティファクトシーカー,BD Games,IARC,7+,https://ja.wikipedia.org/wiki/Nintendo_Switch%E3%81%AE%E3%82%B2%E3%83%BC%E3%83%A0%E3%82%BF%E3%82%A4%E3%83%88%E3%83%AB%E4%B8%80%E8%A6%A7_%282024%E5%B9%B4%29
2024-12-12,The ZVENGERS -INFINITY DEFENSE-,CFK,IARC,7+,https://ja.wikipedia.org/wiki/Nintendo_Switch%E3%81%AE%E3%82%B2%E3%83%BC%E3%83%A0%E3%82%BF%E3%82%A4%E3%83%88%E3%83%AB%E4%B8%80%E8%A6%A7_%282024%E5%B9%B4%29
2024-12-12,カウボーイズ vs ゾンビ - Cowboys vs Zombies,CGI LAB,IARC,16+,https://ja.wikipedia.org/wiki/Nintendo_Switch%E3%81%AE%E3%82%B2%E3%83%BC%E3%83%A0%E3%82%BF%E3%82%A4%E3%83%88%E3%83%AB%E4%B8%80%E8%A6%A7_%282024%E5%B9%B4%29
2024-12-12,イベントの計画・ステップバイステップガイド,Cooking & Publishing,IARC,3+,https://ja.wikipedia.org/wiki/Nintendo_Switch%E3%81%AE%E3%82%B2%E3%83%BC%E3%83%A0%E3%82%BF%E3%82%A4%E3%83%88%E3%83%AB%E4%B8%80%E8%A6%A7_%282024%E5%B9%B4%29
2024-12-12,瞑想とマインドフルネス・今この瞬間に生きる方法,Cooking & Publishing,IARC,3+,https://ja.wikipedia.org/wiki/Nintendo_Switch%E3%81%AE%E3%82%B2%E3%83%BC%E3%83%A0%E3%82%BF%E3%82%A4%E3%83%88%E3%83%AB%E4%B8%80%E8%A6%A7_%282024%E5%B9%B4%29
2024-12-12,Chained Towards Heaven,COOL DEVS,IARC,3+,https://ja.wikipedia.org/wiki/Nintendo_Switch%E3%81%AE%E3%82%B2%E3%83%BC%E3%83%A0%E3%82%BF%E3%82%A4%E3%83%88%E3%83%AB%E4%B8%80%E8%A6%A7_%282024%E5%B9%B4%29
2024-12-12,Paw Paw Destiny,Daiyu.studio,IARC,12+,https://ja.wikipedia.org/wiki/Nintendo_Switch%E3%81%AE%E3%82%B2%E3%83%BC%E3%83%A0%E3%82%BF%E3%82%A4%E3%83%88%E3%83%AB%E4%B8%80%E8%A6%A7_%282024%E5%B9%B4%29
2024-12-12,Bodycam Rescue Shooter,DEMENCI Games,IARC,12+,https://ja.wikipedia.org/wiki/Nintendo_Switch%E3%81%AE%E3%82%B2%E3%83%BC%E3%83%A0%E3%82%BF%E3%82%A4%E3%83%88%E3%83%AB%E4%B8%80%E8%A6%A7_%282024%E5%B9%B4%29
2024-12-12,Kart Life,Genie Gaming,IARC,3+,https://ja.wikipedia.org/wiki/Nintendo_Switch%E3%81%AE%E3%82%B2%E3%83%BC%E3%83%A0%E3%82%BF%E3%82%A4%E3%83%88%E3%83%AB%E4%B8%80%E8%A6%A7_%282024%E5%B9%B4%29
2024-12-12,Border Police: Contraband Simulator 2024,GOGAME CONSOLE PUBLISHER,IARC,3+,https://ja.wikipedia.org/wiki/Nintendo_Switch%E3%81%AE%E3%82%B2%E3%83%BC%E3%83%A0%E3%82%BF%E3%82%A4%E3%83%88%E3%83%AB%E4%B8%80%E8%A6%A7_%282024%E5%B9%B4%29
2024-12-12,NAIAD,HiWarp,IARC,3+,https://ja.wikipedia.org/wiki/Nintendo_Switch%E3%81%AE%E3%82%B2%E3%83%BC%E3%83%A0%E3%82%BF%E3%82%A4%E3%83%88%E3%83%AB%E4%B8%80%E8%A6%A7_%282024%E5%B9%B4%29
2024-12-12,ふしぎのくにのアリス 魔法の迷宮,Intelectiva Soluciones Innovadoras,IARC,3+,https://ja.wikipedia.org/wiki/Nintendo_Switch%E3%81%AE%E3%82%B2%E3%83%BC%E3%83%A0%E3%82%BF%E3%82%A4%E3%83%88%E3%83%AB%E4%B8%80%E8%A6%A7_%282024%E5%B9%B4%29
2024-12-12,Tri Breaker: A Sacred Symbols Odyssey,Lillymo Games,IARC,12+,https://ja.wikipedia.org/wiki/Nintendo_Switch%E3%81%AE%E3%82%B2%E3%83%BC%E3%83%A0%E3%82%BF%E3%82%A4%E3%83%88%E3%83%AB%E4%B8%80%E8%A6%A7_%282024%E5%B9%B4%29
2024-12-12,スポット・ザ・ディフランス クラシック・ファインディング・パズル,Megame,IARC,3+,https://ja.wikipedia.org/wiki/Nintendo_Switch%E3%81%AE%E3%82%B2%E3%83%BC%E3%83%A0%E3%82%BF%E3%82%A4%E3%83%88%E3%83%AB%E4%B8%80%E8%A6%A7_%282024%E5%B9%B4%29
2024-12-12,Meow Moments: Celebrating Renewal & Romance,Mens Sana Interactive,IARC,3+,https://ja.wikipedia.org/wiki/Nintendo_Switch%E3%81%AE%E3%82%B2%E3%83%BC%E3%83%A0%E3%82%BF%E3%82%A4%E3%83%88%E3%83%AB%E4%B8%80%E8%A6%A7_%282024%E5%B9%B4%29
2024-12-12,消えゆく星のメロディ,moesoft,IARC,3+,https://ja.wikipedia.org/wiki/Nintendo_Switch%E3%81%AE%E3%82%B2%E3%83%BC%E3%83%A0%E3%82%BF%E3%82%A4%E3%83%88%E3%83%AB%E4%B8%80%E8%A6%A7_%282024%E5%B9%B4%29
2024-12-12,ドットピースパズル,neon,IARC,3+,https://ja.wikipedia.org/wiki/Nintendo_Switch%E3%81%AE%E3%82%B2%E3%83%BC%E3%83%A0%E3%82%BF%E3%82%A4%E3%83%88%E3%83%AB%E4%B8%80%E8%A6%A7_%282024%E5%B9%B4%29
2024-12-12,スノーマン・ストーリー,Odencat,IARC,7+,https://ja.wikipedia.org/wiki/Nintendo_Switch%E3%81%AE%E3%82%B2%E3%83%BC%E3%83%A0%E3%82%BF%E3%82%A4%E3%83%88%E3%83%AB%E4%B8%80%E8%A6%A7_%282024%E5%B9%B4%29
2024-12-12,Neon Beats,OKYO GAMES,IARC,3+,https://ja.wikipedia.org/wiki/Nintendo_Switch%E3%81%AE%E3%82%B2%E3%83%BC%E3%83%A0%E3%82%BF%E3%82%A4%E3%83%88%E3%83%AB%E4%B8%80%E8%A6%A7_%282024%E5%B9%B4%29
2024-12-12,Anime Girls: Lovely Lolita,Pakotime,IARC,12+,https://ja.wikipedia.org/wiki/Nintendo_Switch%E3%81%AE%E3%82%B2%E3%83%BC%E3%83%A0%E3%82%BF%E3%82%A4%E3%83%88%E3%83%AB%E4%B8%80%E8%A6%A7_%282024%E5%B9%B4%29
2024-12-12,Victory Heat Rally,Playtonic Friends,IARC,7+,https://ja.wikipedia.org/wiki/Nintendo_Switch%E3%81%AE%E3%82%B2%E3%83%BC%E3%83%A0%E3%82%BF%E3%82%A4%E3%83%88%E3%83%AB%E4%B8%80%E8%A6%A7_%282024%E5%B9%B4%29
2024-12-12,Maki: Paw of Fury,RedDeerGames,IARC,3+,https://ja.wikipedia.org/wiki/Nintendo_Switch%E3%81%AE%E3%82%B2%E3%83%BC%E3%83%A0%E3%82%BF%E3%82%A4%E3%83%88%E3%83%AB%E4%B8%80%E8%A6%A7_%282024%E5%B9%B4%29
2024-12-12,すごろくカジノパーティ,SAT-BOX,CERO,A,https://ja.wikipedia.org/wiki/Nintendo_Switch%E3%81%AE%E3%82%B2%E3%83%BC%E3%83%A0%E3%82%BF%E3%82%A4%E3%83%88%E3%83%AB%E4%B8%80%E8%A6%A7_%282024%E5%B9%B4%29
2024-12-12,エアプレーン フライト シミュレーター:危険な着陸,SC Ovilex Soft,IARC,12+,https://ja.wikipedia.org/wiki/Nintendo_Switch%E3%81%AE%E3%82%B2%E3%83%BC%E3%83%A0%E3%82%BF%E3%82%A4%E3%83%88%E3%83%AB%E4%B8%80%E8%A6%A7_%282024%E5%B9%B4%29
2024-12-12,Hidden Cats in Santa's Realm,Silesia Games,IARC,3+,https://ja.wikipedia.org/wiki/Nintendo_Switch%E3%81%AE%E3%82%B2%E3%83%BC%E3%83%A0%E3%82%BF%E3%82%A4%E3%83%88%E3%83%AB%E4%B8%80%E8%A6%A7_%282024%E5%B9%B4%29
2024-12-12,Azura's Crystals,SOFT SOURCE,IARC,7+,https://ja.wikipedia.org/wiki/Nintendo_Switch%E3%81%AE%E3%82%B2%E3%83%BC%E3%83%A0%E3%82%BF%E3%82%A4%E3%83%88%E3%83%AB%E4%B8%80%E8%A6%A7_%282024%E5%B9%B4%29
2024-12-12,SMILE SIMULATION,Vidas Games,IARC,12+,https://ja.wikipedia.org/wiki/Nintendo_Switch%E3%81%AE%E3%82%B2%E3%83%BC%E3%83%A0%E3%82%BF%E3%82%A4%E3%83%88%E3%83%AB%E4%B8%80%E8%A6%A7_%282024%E5%B9%B4%29
2024-12-12,TIMORE NARHELMA,不明,"",日本語非対応,https://ja.wikipedia.org/wiki/Nintendo_Switch%E3%81%AE%E3%82%B2%E3%83%BC%E3%83%A0%E3%82%BF%E3%82%A4%E3%83%88%E3%83%AB%E4%B8%80%E8%A6%A7_%282024%E5%B9%B4%29
2024-12-12,ぴよパズ - piyokoro×puzzle -,インビリティー,IARC,3+,https://ja.wikipedia.org/wiki/Nintendo_Switch%E3%81%AE%E3%82%B2%E3%83%BC%E3%83%A0%E3%82%BF%E3%82%A4%E3%83%88%E3%83%AB%E4%B8%80%E8%A6%A7_%282024%E5%B9%B4%29
2024-12-12,ケツバトラー,カヤック,IARC,3+,https://ja.wikipedia.org/wiki/Nintendo_Switch%E3%81%AE%E3%82%B2%E3%83%BC%E3%83%A0%E3%82%BF%E3%82%A4%E3%83%88%E3%83%AB%E4%B8%80%E8%A6%A7_%282024%E5%B9%B4%29
2024-12-12,なぃとみ〜ちゅ! -おばけのめあと癒しのヒトイキ-,サイバーステップ,IARC,12+,https://ja.wikipedia.org/wiki/Nintendo_Switch%E3%81%AE%E3%82%B2%E3%83%BC%E3%83%A0%E3%82%BF%E3%82%A4%E3%83%88%E3%83%AB%E4%B8%80%E8%A6%A7_%282024%E5%B9%B4%29
2024-12-12,きらめきビームストライク1000,サクセス,IARC,3+,https://ja.wikipedia.org/wiki/Nintendo_Switch%E3%81%AE%E3%82%B2%E3%83%BC%E3%83%A0%E3%82%BF%E3%82%A4%E3%83%88%E3%83%AB%E4%B8%80%E8%A6%A7_%282024%E5%B9%B4%29
2024-12-12,THE 密室からの脱出 ep2: 学校の旧校舎編,ディースリー・パブリッシャー,CERO,A,https://ja.wikipedia.org/wiki/Nintendo_Switch%E3%81%AE%E3%82%B2%E3%83%BC%E3%83%A0%E3%82%BF%E3%82%A4%E3%83%88%E3%83%AB%E4%B8%80%E8%A6%A7_%282024%E5%B9%B4%29
2024-12-12,ガンファイア AI リベリオン,トローゼ,IARC,7+,https://ja.wikipedia.org/wiki/Nintendo_Switch%E3%81%AE%E3%82%B2%E3%83%BC%E3%83%A0%E3%82%BF%E3%82%A4%E3%83%88%E3%83%AB%E4%B8%80%E8%A6%A7_%282024%E5%B9%B4%29
2024-12-12,bounce,リイカ,IARC,3+,https://ja.wikipedia.org/wiki/Nintendo_Switch%E3%81%AE%E3%82%B2%E3%83%BC%E3%83%A0%E3%82%BF%E3%82%A4%E3%83%88%E3%83%AB%E4%B8%80%E8%A6%A7_%282024%E5%B9%B4%29
2024-12-13,Ninja 1987,ラタライカゲームス,IARC,7+,https://ja.wikipedia.org/wiki/Nintendo_Switch%E3%81%AE%E3%82%B2%E3%83%BC%E3%83%A0%E3%82%BF%E3%82%A4%E3%83%88%E3%83%AB%E4%B8%80%E8%A6%A7_%282024%E5%B9%B4%29
2024-12-19,Cop Officers: Police Simulator of NYPD City,16BIT,IARC,16+,https://ja.wikipedia.org/wiki/Nintendo_Switch%E3%81%AE%E3%82%B2%E3%83%BC%E3%83%A0%E3%82%BF%E3%82%A4%E3%83%88%E3%83%AB%E4%B8%80%E8%A6%A7_%282024%E5%B9%B4%29
2024-12-19,Float Survival Simulator - Ocean Survivor,16BIT,IARC,12+,https://ja.wikipedia.org/wiki/Nintendo_Switch%E3%81%AE%E3%82%B2%E3%83%BC%E3%83%A0%E3%82%BF%E3%82%A4%E3%83%88%E3%83%AB%E4%B8%80%E8%A6%A7_%282024%E5%B9%B4%29
2024-12-19,猫たちクリスマスタウン訪問: Cats Visiting Christmas Town,AGE Zero,IARC,3+,https://ja.wikipedia.org/wiki/Nintendo_Switch%E3%81%AE%E3%82%B2%E3%83%BC%E3%83%A0%E3%82%BF%E3%82%A4%E3%83%88%E3%83%AB%E4%B8%80%E8%A6%A7_%282024%E5%B9%B4%29
2024-12-19,猫たちの海底世界訪問: Cats Visiting Underwater World,AGE Zero,IARC,3+,https://ja.wikipedia.org/wiki/Nintendo_Switch%E3%81%AE%E3%82%B2%E3%83%BC%E3%83%A0%E3%82%BF%E3%82%A4%E3%83%88%E3%83%AB%E4%B8%80%E8%A6%A7_%282024%E5%B9%B4%29
2024-12-19,Darts Fever,Baltoro Minis,IARC,3+,https://ja.wikipedia.org/wiki/Nintendo_Switch%E3%81%AE%E3%82%B2%E3%83%BC%E3%83%A0%E3%82%BF%E3%82%A4%E3%83%88%E3%83%AB%E4%B8%80%E8%A6%A7_%282024%E5%B9%B4%29
2024-12-19,Sky Diving: Parachute Flight Simulator - スカイ ダイビング: パラシュート フライト シミュレーター,CGI LAB,IARC,3+,https://ja.wikipedia.org/wiki/Nintendo_Switch%E3%81%AE%E3%82%B2%E3%83%BC%E3%83%A0%E3%82%BF%E3%82%A4%E3%83%88%E3%83%AB%E4%B8%80%E8%A6%A7_%282024%E5%B9%B4%29
2024-12-19,パーソナルデベロップメント・成長への旅,Cooking & Publishing,IARC,3+,https://ja.wikipedia.org/wiki/Nintendo_Switch%E3%81%AE%E3%82%B2%E3%83%BC%E3%83%A0%E3%82%BF%E3%82%A4%E3%83%88%E3%83%AB%E4%B8%80%E8%A6%A7_%282024%E5%B9%B4%29
2024-12-19,Taxi Driver Simulation 2025,COOL DEVS,IARC,7+,https://ja.wikipedia.org/wiki/Nintendo_Switch%E3%81%AE%E3%82%B2%E3%83%BC%E3%83%A0%E3%82%BF%E3%82%A4%E3%83%88%E3%83%AB%E4%B8%80%E8%A6%A7_%282024%E5%B9%B4%29
2024-12-19,アニメダンス アラウンドザワールド,EpiXR Games,IARC,3+,https://ja.wikipedia.org/wiki/Nintendo_Switch%E3%81%AE%E3%82%B2%E3%83%BC%E3%83%A0%E3%82%BF%E3%82%A4%E3%83%88%E3%83%AB%E4%B8%80%E8%A6%A7_%282024%E5%B9%B4%29
2024-12-19,Garten of Banban 7,Feardemic,IARC,12+,https://ja.wikipedia.org/wiki/Nintendo_Switch%E3%81%AE%E3%82%B2%E3%83%BC%E3%83%A0%E3%82%BF%E3%82%A4%E3%83%88%E3%83%AB%E4%B8%80%E8%A6%A7_%282024%E5%B9%B4%29
2024-12-19,Pine: 喪失の物語,Fellow Traveller,IARC,7+,https://ja.wikipedia.org/wiki/Nintendo_Switch%E3%81%AE%E3%82%B2%E3%83%BC%E3%83%A0%E3%82%BF%E3%82%A4%E3%83%88%E3%83%AB%E4%B8%80%E8%A6%A7_%282024%E5%B9%B4%29
2024-12-19,Super Spy Raccoon スーパー・スパイ・ラクーン,Flynn's Arcade,IARC,3+,https://ja.wikipedia.org/wiki/Nintendo_Switch%E3%81%AE%E3%82%B2%E3%83%BC%E3%83%A0%E3%82%BF%E3%82%A4%E3%83%88%E3%83%AB%E4%B8%80%E8%A6%A7_%282024%E5%B9%B4%29
2024-12-19,ボイスラブ オンエア -Voice Love On Air-,Game Source Entertainment,CERO,D,https://ja.wikipedia.org/wiki/Nintendo_Switch%E3%81%AE%E3%82%B2%E3%83%BC%E3%83%A0%E3%82%BF%E3%82%A4%E3%83%88%E3%83%AB%E4%B8%80%E8%A6%A7_%282024%E5%B9%B4%29
2024-12-19,Jigsaw Puzzle Utopia,Gametry,IARC,3+,https://ja.wikipedia.org/wiki/Nintendo_Switch%E3%81%AE%E3%82%B2%E3%83%BC%E3%83%A0%E3%82%BF%E3%82%A4%E3%83%88%E3%83%AB%E4%B8%80%E8%A6%A7_%282024%E5%B9%B4%29
2024-12-19,Ramp Bike Racing,Gametry,IARC,3+,https://ja.wikipedia.org/wiki/Nintendo_Switch%E3%81%AE%E3%82%B2%E3%83%BC%E3%83%A0%E3%82%BF%E3%82%A4%E3%83%88%E3%83%AB%E4%B8%80%E8%A6%A7_%282024%E5%B9%B4%29
2024-12-19,Internet Cafe Simulator 2025,Halva Studio,IARC,3+,https://ja.wikipedia.org/wiki/Nintendo_Switch%E3%81%AE%E3%82%B2%E3%83%BC%E3%83%A0%E3%82%BF%E3%82%A4%E3%83%88%E3%83%AB%E4%B8%80%E8%A6%A7_%282024%E5%B9%B4%29
2024-12-19,4番線,KOSEI YASUDA,IARC,7+,https://ja.wikipedia.org/wiki/Nintendo_Switch%E3%81%AE%E3%82%B2%E3%83%BC%E3%83%A0%E3%82%BF%E3%82%A4%E3%83%88%E3%83%AB%E4%B8%80%E8%A6%A7_%282024%E5%B9%B4%29
2024-12-19,怒首領蜂最大往生,Live Wire,IARC,7+,https://ja.wikipedia.org/wiki/Nintendo_Switch%E3%81%AE%E3%82%B2%E3%83%BC%E3%83%A0%E3%82%BF%E3%82%A4%E3%83%88%E3%83%AB%E4%B8%80%E8%A6%A7_%282024%E5%B9%B4%29
2024-12-19,ブロックブラスターDX!,Max Interactive Studio,IARC,3+,https://ja.wikipedia.org/wiki/Nintendo_Switch%E3%81%AE%E3%82%B2%E3%83%BC%E3%83%A0%E3%82%BF%E3%82%A4%E3%83%88%E3%83%AB%E4%B8%80%E8%A6%A7_%282024%E5%B9%B4%29
2024-12-19,ウィンターゲームコレクション,Mindscape,IARC,3+,https://ja.wikipedia.org/wiki/Nintendo_Switch%E3%81%AE%E3%82%B2%E3%83%BC%E3%83%A0%E3%82%BF%E3%82%A4%E3%83%88%E3%83%AB%E4%B8%80%E8%A6%A7_%282024%E5%B9%B4%29
2024-12-19,キャリコ 〜陽だまりネコとパッチワーク〜,Monster Couch,IARC,3+,https://ja.wikipedia.org/wiki/Nintendo_Switch%E3%81%AE%E3%82%B2%E3%83%BC%E3%83%A0%E3%82%BF%E3%82%A4%E3%83%88%E3%83%AB%E4%B8%80%E8%A6%A7_%282024%E5%B9%B4%29
2024-12-19,Sugoi Girls: Enchanting Elf,Pakotime,IARC,12+,https://ja.wikipedia.org/wiki/Nintendo_Switch%E3%81%AE%E3%82%B2%E3%83%BC%E3%83%A0%E3%82%BF%E3%82%A4%E3%83%88%E3%83%AB%E4%B8%80%E8%A6%A7_%282024%E5%B9%B4%29
2024-12-19,Ghoulie's Garden,Pixel Lantern,IARC,3+,https://ja.wikipedia.org/wiki/Nintendo_Switch%E3%81%AE%E3%82%B2%E3%83%BC%E3%83%A0%E3%82%BF%E3%82%A4%E3%83%88%E3%83%AB%E4%B8%80%E8%A6%A7_%282024%E5%B9%B4%29
2024-12-19,アニメ女子のデート クリスマスイブとツリー,Red Fables,IARC,12+,https://ja.wikipedia.org/wiki/Nintendo_Switch%E3%81%AE%E3%82%B2%E3%83%BC%E3%83%A0%E3%82%BF%E3%82%A4%E3%83%88%E3%83%AB%E4%B8%80%E8%A6%A7_%282024%E5%B9%B4%29
2024-12-19,アニメ男子のデート クリスマスイブとツリー,Red Fables,IARC,12+,https://ja.wikipedia.org/wiki/Nintendo_Switch%E3%81%AE%E3%82%B2%E3%83%BC%E3%83%A0%E3%82%BF%E3%82%A4%E3%83%88%E3%83%AB%E4%B8%80%E8%A6%A7_%282024%E5%B9%B4%29
2024-12-19,ケモナーたちを愛する: 女の子向け占星術デーティングアプリ,Red Fables,IARC,12+,https://ja.wikipedia.org/wiki/Nintendo_Switch%E3%81%AE%E3%82%B2%E3%83%BC%E3%83%A0%E3%82%BF%E3%82%A4%E3%83%88%E3%83%AB%E4%B8%80%E8%A6%A7_%282024%E5%B9%B4%29
2024-12-19,ケモナーたちを愛する占星術デーティングアプリ,Red Fables,IARC,12+,https://ja.wikipedia.org/wiki/Nintendo_Switch%E3%81%AE%E3%82%B2%E3%83%BC%E3%83%A0%E3%82%BF%E3%82%A4%E3%83%88%E3%83%AB%E4%B8%80%E8%A6%A7_%282024%E5%B9%B4%29
2024-12-19,クリスマスパズルストーリー,RuWaMo Games,IARC,3+,https://ja.wikipedia.org/wiki/Nintendo_Switch%E3%81%AE%E3%82%B2%E3%83%BC%E3%83%A0%E3%82%BF%E3%82%A4%E3%83%88%E3%83%AB%E4%B8%80%E8%A6%A7_%282024%E5%B9%B4%29
2024-12-19,Fighter Aces: Sky Dominance,Yellow ink,IARC,12+,https://ja.wikipedia.org/wiki/Nintendo_Switch%E3%81%AE%E3%82%B2%E3%83%BC%E3%83%A0%E3%82%BF%E3%82%A4%E3%83%88%E3%83%AB%E4%B8%80%E8%A6%A7_%282024%E5%B9%B4%29
2024-12-19,サンタと一緒にクリスマスを救え,Zakym,IARC,7+,https://ja.wikipedia.org/wiki/Nintendo_Switch%E3%81%AE%E3%82%B2%E3%83%BC%E3%83%A0%E3%82%BF%E3%82%A4%E3%83%88%E3%83%AB%E4%B8%80%E8%A6%A7_%282024%E5%B9%B4%29
2024-12-19,おしかけケモミミついんず FURRY TWINS,サイバーステップ,IARC,12+,https://ja.wikipedia.org/wiki/Nintendo_Switch%E3%81%AE%E3%82%B2%E3%83%BC%E3%83%A0%E3%82%BF%E3%82%A4%E3%83%88%E3%83%AB%E4%B8%80%E8%A6%A7_%282024%E5%B9%B4%29
2024-12-19,ジャレコレ ファミコン編:西遊記ワールド,シティコネクション,IARC,3+,https://ja.wikipedia.org/wiki/Nintendo_Switch%E3%81%AE%E3%82%B2%E3%83%BC%E3%83%A0%E3%82%BF%E3%82%A4%E3%83%88%E3%83%AB%E4%B8%80%E8%A6%A7_%282024%E5%B9%B4%29
2024-12-19,THE 密室からの脱出 ep3: 南国のリゾート編,ディースリー・パブリッシャー,CERO,A,https://ja.wikipedia.org/wiki/Nintendo_Switch%E3%81%AE%E3%82%B2%E3%83%BC%E3%83%A0%E3%82%BF%E3%82%A4%E3%83%88%E3%83%AB%E4%B8%80%E8%A6%A7_%282024%E5%B9%B4%29
2024-12-19,戒名メーカー,モアイソフト,IARC,3+,https://ja.wikipedia.org/wiki/Nintendo_Switch%E3%81%AE%E3%82%B2%E3%83%BC%E3%83%A0%E3%82%BF%E3%82%A4%E3%83%88%E3%83%AB%E4%B8%80%E8%A6%A7_%282024%E5%B9%B4%29
2024-12-19,雨の降る家からの脱出,レジスタ,CERO,A,https://ja.wikipedia.org/wiki/Nintendo_Switch%E3%81%AE%E3%82%B2%E3%83%BC%E3%83%A0%E3%82%BF%E3%82%A4%E3%83%88%E3%83%AB%E4%B8%80%E8%A6%A7_%282024%E5%B9%B4%29
2024-12-19,7Days Heroes,賈船,IARC,7+,https://ja.wikipedia.org/wiki/Nintendo_Switch%E3%81%AE%E3%82%B2%E3%83%BC%E3%83%A0%E3%82%BF%E3%82%A4%E3%83%88%E3%83%AB%E4%B8%80%E8%A6%A7_%282024%E5%B9%B4%29
2024-12-19,ぷにるはかわいいスライムのゲームを“あのゲー”ムで作ってみたけれど、果たしてあなたはクリアできるのか?,小学館,CERO,A,https://ja.wikipedia.org/wiki/Nintendo_Switch%E3%81%AE%E3%82%B2%E3%83%BC%E3%83%A0%E3%82%BF%E3%82%A4%E3%83%88%E3%83%AB%E4%B8%80%E8%A6%A7_%282024%E5%B9%B4%29
2024-12-19,パターキング,宮澤卓宏,IARC,3+,https://ja.wikipedia.org/wiki/Nintendo_Switch%E3%81%AE%E3%82%B2%E3%83%BC%E3%83%A0%E3%82%BF%E3%82%A4%E3%83%88%E3%83%AB%E4%B8%80%E8%A6%A7_%282024%E5%B9%B4%29
2024-12-19,スーパー野田ゲーMAKER,吉本興業,CERO,A,https://ja.wikipedia.org/wiki/Nintendo_Switch%E3%81%AE%E3%82%B2%E3%83%BC%E3%83%A0%E3%82%BF%E3%82%A4%E3%83%88%E3%83%AB%E4%B8%80%E8%A6%A7_%282024%E5%B9%B4%29
2024-12-20,小さな小さな農場,GAME NACIONAL,IARC,3+,https://ja.wikipedia.org/wiki/Nintendo_Switch%E3%81%AE%E3%82%B2%E3%83%BC%E3%83%A0%E3%82%BF%E3%82%A4%E3%83%88%E3%83%AB%E4%B8%80%E8%A6%A7_%282024%E5%B9%B4%29
2024-12-26,韓国ドローン飛行ツアー春川市,14次元,IARC,3+,https://ja.wikipedia.org/wiki/Nintendo_Switch%E3%81%AE%E3%82%B2%E3%83%BC%E3%83%A0%E3%82%BF%E3%82%A4%E3%83%88%E3%83%AB%E4%B8%80%E8%A6%A7_%282024%E5%B9%B4%29
2024-12-26,Critical Strike Shooter: SWAT Rescue Missions,16BIT,IARC,16+,https://ja.wikipedia.org/wiki/Nintendo_Switch%E3%81%AE%E3%82%B2%E3%83%BC%E3%83%A0%E3%82%BF%E3%82%A4%E3%83%88%E3%83%AB%E4%B8%80%E8%A6%A7_%282024%E5%B9%B4%29
2024-12-26,Tombs Of Myra,Asylum Square Interactive,IARC,7+,https://ja.wikipedia.org/wiki/Nintendo_Switch%E3%81%AE%E3%82%B2%E3%83%BC%E3%83%A0%E3%82%BF%E3%82%A4%E3%83%88%E3%83%AB%E4%B8%80%E8%A6%A7_%282024%E5%B9%B4%29
2024-12-26,Candy Puzzles,Baltoro Games,IARC,3+,https://ja.wikipedia.org/wiki/Nintendo_Switch%E3%81%AE%E3%82%B2%E3%83%BC%E3%83%A0%E3%82%BF%E3%82%A4%E3%83%88%E3%83%AB%E4%B8%80%E8%A6%A7_%282024%E5%B9%B4%29
2024-12-26,Restaurant Tycoon: My Cooking Empire,Baltoro Games,IARC,3+,https://ja.wikipedia.org/wiki/Nintendo_Switch%E3%81%AE%E3%82%B2%E3%83%BC%E3%83%A0%E3%82%BF%E3%82%A4%E3%83%88%E3%83%AB%E4%B8%80%E8%A6%A7_%282024%E5%B9%B4%29
2024-12-26,Snooker Fever,Baltoro Minis,IARC,3+,https://ja.wikipedia.org/wiki/Nintendo_Switch%E3%81%AE%E3%82%B2%E3%83%BC%E3%83%A0%E3%82%BF%E3%82%A4%E3%83%88%E3%83%AB%E4%B8%80%E8%A6%A7_%282024%E5%B9%B4%29
2024-12-26,Christmas Tree: Holiday Decorate Simulator - クリスマスツリー: ホリデーデコレーションシミュレーター,CGI LAB,IARC,3+,https://ja.wikipedia.org/wiki/Nintendo_Switch%E3%81%AE%E3%82%B2%E3%83%BC%E3%83%A0%E3%82%BF%E3%82%A4%E3%83%88%E3%83%AB%E4%B8%80%E8%A6%A7_%282024%E5%B9%B4%29
2024-12-26,サンタの冒険: クリスマス ギフト ラッシュ - Santa's Adventure: Christmas Gifts Rush,CGI LAB,IARC,3+,https://ja.wikipedia.org/wiki/Nintendo_Switch%E3%81%AE%E3%82%B2%E3%83%BC%E3%83%A0%E3%82%BF%E3%82%A4%E3%83%88%E3%83%AB%E4%B8%80%E8%A6%A7_%282024%E5%B9%B4%29
2024-12-26,Cute Puppy Academy かわいい子犬アカデミー,COMMANDO PANDA,IARC,3+,https://ja.wikipedia.org/wiki/Nintendo_Switch%E3%81%AE%E3%82%B2%E3%83%BC%E3%83%A0%E3%82%BF%E3%82%A4%E3%83%88%E3%83%AB%E4%B8%80%E8%A6%A7_%282024%E5%B9%B4%29
2024-12-26,フラワーアレンジメント・美しいディスプレイの作り方,Cooking & Publishing,IARC,3+,https://ja.wikipedia.org/wiki/Nintendo_Switch%E3%81%AE%E3%82%B2%E3%83%BC%E3%83%A0%E3%82%BF%E3%82%A4%E3%83%88%E3%83%AB%E4%B8%80%E8%A6%A7_%282024%E5%B9%B4%29
2024-12-26,画の世界・パズルゲームチャレンジ,Cooking & Publishing,IARC,7+,https://ja.wikipedia.org/wiki/Nintendo_Switch%E3%81%AE%E3%82%B2%E3%83%BC%E3%83%A0%E3%82%BF%E3%82%A4%E3%83%88%E3%83%AB%E4%B8%80%E8%A6%A7_%282024%E5%B9%B4%29
2024-12-26,髪のケア・健康な髪を維持しスタイリングする方法,Cooking & Publishing,IARC,3+,https://ja.wikipedia.org/wiki/Nintendo_Switch%E3%81%AE%E3%82%B2%E3%83%BC%E3%83%A0%E3%82%BF%E3%82%A4%E3%83%88%E3%83%AB%E4%B8%80%E8%A6%A7_%282024%E5%B9%B4%29
2024-12-26,Prison Escape Simulator: Breakout Master,DEMENCI Games,IARC,12+,https://ja.wikipedia.org/wiki/Nintendo_Switch%E3%81%AE%E3%82%B2%E3%83%BC%E3%83%A0%E3%82%BF%E3%82%A4%E3%83%88%E3%83%AB%E4%B8%80%E8%A6%A7_%282024%E5%B9%B4%29
2024-12-26,Basketball Legends 24,DEZVOLT GAMES,IARC,3+,https://ja.wikipedia.org/wiki/Nintendo_Switch%E3%81%AE%E3%82%B2%E3%83%BC%E3%83%A0%E3%82%BF%E3%82%A4%E3%83%88%E3%83%AB%E4%B8%80%E8%A6%A7_%282024%E5%B9%B4%29
2024-12-26,Learn to Play - Santa's Sleigh Ride,eastasiasoft,IARC,3+,https://ja.wikipedia.org/wiki/Nintendo_Switch%E3%81%AE%E3%82%B2%E3%83%BC%E3%83%A0%E3%82%BF%E3%82%A4%E3%83%88%E3%83%AB%E4%B8%80%E8%A6%A7_%282024%E5%B9%B4%29
2024-12-26,ポテトアリーナ,Erik Games,IARC,3+,https://ja.wikipedia.org/wiki/Nintendo_Switch%E3%81%AE%E3%82%B2%E3%83%BC%E3%83%A0%E3%82%BF%E3%82%A4%E3%83%88%E3%83%AB%E4%B8%80%E8%A6%A7_%282024%E5%B9%B4%29
2024-12-26,Detail Hunter,Gametry,IARC,3+,https://ja.wikipedia.org/wiki/Nintendo_Switch%E3%81%AE%E3%82%B2%E3%83%BC%E3%83%A0%E3%82%BF%E3%82%A4%E3%83%88%E3%83%AB%E4%B8%80%E8%A6%A7_%282024%E5%B9%B4%29
2024-12-26,Retro Santa Run,Gametry,IARC,3+,https://ja.wikipedia.org/wiki/Nintendo_Switch%E3%81%AE%E3%82%B2%E3%83%BC%E3%83%A0%E3%82%BF%E3%82%A4%E3%83%88%E3%83%AB%E4%B8%80%E8%A6%A7_%282024%E5%B9%B4%29
2024-12-26,Football Stars: Head Ball Soccer Co-op Battle,GlobalGameStudio,IARC,3+,https://ja.wikipedia.org/wiki/Nintendo_Switch%E3%81%AE%E3%82%B2%E3%83%BC%E3%83%A0%E3%82%BF%E3%82%A4%E3%83%88%E3%83%AB%E4%B8%80%E8%A6%A7_%282024%E5%B9%B4%29
2024-12-26,Trench Shooter: Warfare Tactics,GOGAME CONSOLE PUBLISHER,IARC,16+,https://ja.wikipedia.org/wiki/Nintendo_Switch%E3%81%AE%E3%82%B2%E3%83%BC%E3%83%A0%E3%82%BF%E3%82%A4%E3%83%88%E3%83%AB%E4%B8%80%E8%A6%A7_%282024%E5%B9%B4%29
2024-12-26,Buried Alive: Breathless Rescue,Great Escape Games Publishing,IARC,16+,https://ja.wikipedia.org/wiki/Nintendo_Switch%E3%81%AE%E3%82%B2%E3%83%BC%E3%83%A0%E3%82%BF%E3%82%A4%E3%83%88%E3%83%AB%E4%B8%80%E8%A6%A7_%282024%E5%B9%B4%29
2024-12-26,終末掃討士,Happy Player,IARC,16+,https://ja.wikipedia.org/wiki/Nintendo_Switch%E3%81%AE%E3%82%B2%E3%83%BC%E3%83%A0%E3%82%BF%E3%82%A4%E3%83%88%E3%83%AB%E4%B8%80%E8%A6%A7_%282024%E5%B9%B4%29
2024-12-26,ドラゴンズ vs. バルーン TD,Kanuni Games,IARC,3+,https://ja.wikipedia.org/wiki/Nintendo_Switch%E3%81%AE%E3%82%B2%E3%83%BC%E3%83%A0%E3%82%BF%E3%82%A4%E3%83%88%E3%83%AB%E4%B8%80%E8%A6%A7_%282024%E5%B9%B4%29
2024-12-26,時の彼方で君を想う,moesoft,IARC,3+,https://ja.wikipedia.org/wiki/Nintendo_Switch%E3%81%AE%E3%82%B2%E3%83%BC%E3%83%A0%E3%82%BF%E3%82%A4%E3%83%88%E3%83%AB%E4%B8%80%E8%A6%A7_%282024%E5%B9%B4%29
2024-12-26,ドリフト伝説2,Nikita Alexeevich,IARC,3+,https://ja.wikipedia.org/wiki/Nintendo_Switch%E3%81%AE%E3%82%B2%E3%83%BC%E3%83%A0%E3%82%BF%E3%82%A4%E3%83%88%E3%83%AB%E4%B8%80%E8%A6%A7_%282024%E5%B9%B4%29
2024-12-26,Hentai Girls: Sweet Skier,Pakotime,IARC,12+,https://ja.wikipedia.org/wiki/Nintendo_Switch%E3%81%AE%E3%82%B2%E3%83%BC%E3%83%A0%E3%82%BF%E3%82%A4%E3%83%88%E3%83%AB%E4%B8%80%E8%A6%A7_%282024%E5%B9%B4%29
2024-12-26,Penguin Helper,Paybox,IARC,3+,https://ja.wikipedia.org/wiki/Nintendo_Switch%E3%81%AE%E3%82%B2%E3%83%BC%E3%83%A0%E3%82%BF%E3%82%A4%E3%83%88%E3%83%AB%E4%B8%80%E8%A6%A7_%282024%E5%B9%B4%29
2024-12-26,SOS OPS!,Paybox,IARC,7+,https://ja.wikipedia.org/wiki/Nintendo_Switch%E3%81%AE%E3%82%B2%E3%83%BC%E3%83%A0%E3%82%BF%E3%82%A4%E3%83%88%E3%83%AB%E4%B8%80%E8%A6%A7_%282024%E5%B9%B4%29
2024-12-26,Leo's Fortune レオズ・フォーチュン,QubicGames,IARC,3+,https://ja.wikipedia.org/wiki/Nintendo_Switch%E3%81%AE%E3%82%B2%E3%83%BC%E3%83%A0%E3%82%BF%E3%82%A4%E3%83%88%E3%83%AB%E4%B8%80%E8%A6%A7_%282024%E5%B9%B4%29
2024-12-26,Star Trek: Legends,QubicGames,IARC,12+,https://ja.wikipedia.org/wiki/Nintendo_Switch%E3%81%AE%E3%82%B2%E3%83%BC%E3%83%A0%E3%82%BF%E3%82%A4%E3%83%88%E3%83%AB%E4%B8%80%E8%A6%A7_%282024%E5%B9%B4%29
2024-12-26,ホール io,QubicGames,IARC,7+,https://ja.wikipedia.org/wiki/Nintendo_Switch%E3%81%AE%E3%82%B2%E3%83%BC%E3%83%A0%E3%82%BF%E3%82%A4%E3%83%88%E3%83%AB%E4%B8%80%E8%A6%A7_%282024%E5%B9%B4%29
2024-12-26,作って!おでん,SAT-BOX,IARC,3+,https://ja.wikipedia.org/wiki/Nintendo_Switch%E3%81%AE%E3%82%B2%E3%83%BC%E3%83%A0%E3%82%BF%E3%82%A4%E3%83%88%E3%83%AB%E4%B8%80%E8%A6%A7_%282024%E5%B9%B4%29
2024-12-26,Universe For Sale,SOFT SOURCE,IARC,12+,https://ja.wikipedia.org/wiki/Nintendo_Switch%E3%81%AE%E3%82%B2%E3%83%BC%E3%83%A0%E3%82%BF%E3%82%A4%E3%83%88%E3%83%AB%E4%B8%80%E8%A6%A7_%282024%E5%B9%B4%29
2024-12-26,Jewel Fever 3,Sprakelsoft,IARC,3+,https://ja.wikipedia.org/wiki/Nintendo_Switch%E3%81%AE%E3%82%B2%E3%83%BC%E3%83%A0%E3%82%BF%E3%82%A4%E3%83%88%E3%83%AB%E4%B8%80%E8%A6%A7_%282024%E5%B9%B4%29
2024-12-26,古銭プッシャーフレンズ参,STP WORKS,IARC,7+,https://ja.wikipedia.org/wiki/Nintendo_Switch%E3%81%AE%E3%82%B2%E3%83%BC%E3%83%A0%E3%82%BF%E3%82%A4%E3%83%88%E3%83%AB%E4%B8%80%E8%A6%A7_%282024%E5%B9%B4%29
2024-12-26,Cyberpunk Speed Assassin,Tashlik,IARC,7+,https://ja.wikipedia.org/wiki/Nintendo_Switch%E3%81%AE%E3%82%B2%E3%83%BC%E3%83%A0%E3%82%BF%E3%82%A4%E3%83%88%E3%83%AB%E4%B8%80%E8%A6%A7_%282024%E5%B9%B4%29
2024-12-26,BODY CAM SHOOTER,Testagamercreations,IARC,16+,https://ja.wikipedia.org/wiki/Nintendo_Switch%E3%81%AE%E3%82%B2%E3%83%BC%E3%83%A0%E3%82%BF%E3%82%A4%E3%83%88%E3%83%AB%E4%B8%80%E8%A6%A7_%282024%E5%B9%B4%29
2024-12-26,Shop Simulator: Pet Shop,UniqueGames,IARC,3+,https://ja.wikipedia.org/wiki/Nintendo_Switch%E3%81%AE%E3%82%B2%E3%83%BC%E3%83%A0%E3%82%BF%E3%82%A4%E3%83%88%E3%83%AB%E4%B8%80%E8%A6%A7_%282024%E5%B9%B4%29
2024-12-26,Shop Simulator: Supermarket,UniqueGames,IARC,3+,https://ja.wikipedia.org/wiki/Nintendo_Switch%E3%81%AE%E3%82%B2%E3%83%BC%E3%83%A0%E3%82%BF%E3%82%A4%E3%83%88%E3%83%AB%E4%B8%80%E8%A6%A7_%282024%E5%B9%B4%29
2024-12-26,ピクセルハウス 数字で色を塗る,Upscale Studio,IARC,3+,https://ja.wikipedia.org/wiki/Nintendo_Switch%E3%81%AE%E3%82%B2%E3%83%BC%E3%83%A0%E3%82%BF%E3%82%A4%E3%83%88%E3%83%AB%E4%B8%80%E8%A6%A7_%282024%E5%B9%B4%29
2024-12-26,ストレイチルドレン,オニオンゲームス,CERO,C,https://ja.wikipedia.org/wiki/Nintendo_Switch%E3%81%AE%E3%82%B2%E3%83%BC%E3%83%A0%E3%82%BF%E3%82%A4%E3%83%88%E3%83%AB%E4%B8%80%E8%A6%A7_%282024%E5%B9%B4%29
2024-12-26,くるくる回そう!方向幕コレクション for Nintendo Switch -近畿日本鉄道編 part2 近鉄大阪線・名古屋線- 鉄道方向幕シミュレーター,カエルパンダ,IARC,3+,https://ja.wikipedia.org/wiki/Nintendo_Switch%E3%81%AE%E3%82%B2%E3%83%BC%E3%83%A0%E3%82%BF%E3%82%A4%E3%83%88%E3%83%AB%E4%B8%80%E8%A6%A7_%282024%E5%B9%B4%29
2024-12-26,なつ♡カノ SUMMER GIRLFRIEND,サイバーステップ,IARC,12+,https://ja.wikipedia.org/wiki/Nintendo_Switch%E3%81%AE%E3%82%B2%E3%83%BC%E3%83%A0%E3%82%BF%E3%82%A4%E3%83%88%E3%83%AB%E4%B8%80%E8%A6%A7_%282024%E5%B9%B4%29
2024-12-26,ナンプレClassic2,ジー・モード,IARC,3+,https://ja.wikipedia.org/wiki/Nintendo_Switch%E3%81%AE%E3%82%B2%E3%83%BC%E3%83%A0%E3%82%BF%E3%82%A4%E3%83%88%E3%83%AB%E4%B8%80%E8%A6%A7_%282024%E5%B9%B4%29
2024-12-26,ジャレコレ ファミコン編:ピザポップ,シティコネクション,IARC,3+,https://ja.wikipedia.org/wiki/Nintendo_Switch%E3%81%AE%E3%82%B2%E3%83%BC%E3%83%A0%E3%82%BF%E3%82%A4%E3%83%88%E3%83%AB%E4%B8%80%E8%A6%A7_%282024%E5%B9%B4%29
2024-12-26,THE 密室からの脱出 ep4: テレビ局密着24時編,ディースリー・パブリッシャー,CERO,A,https://ja.wikipedia.org/wiki/Nintendo_Switch%E3%81%AE%E3%82%B2%E3%83%BC%E3%83%A0%E3%82%BF%E3%82%A4%E3%83%88%E3%83%AB%E4%B8%80%E8%A6%A7_%282024%E5%B9%B4%29
2024-12-26,Life or Reach,幸志,IARC,7+,https://ja.wikipedia.org/wiki/Nintendo_Switch%E3%81%AE%E3%82%B2%E3%83%BC%E3%83%A0%E3%82%BF%E3%82%A4%E3%83%88%E3%83%AB%E4%B8%80%E8%A6%A7_%282024%E5%B9%B4%29
2024-12-27,ピザメーカー,Nerd Games,IARC,3+,https://ja.wikipedia.org/wiki/Nintendo_Switch%E3%81%AE%E3%82%B2%E3%83%BC%E3%83%A0%E3%82%BF%E3%82%A4%E3%83%88%E3%83%AB%E4%B8%80%E8%A6%A7_%282024%E5%B9%B4%29
2024-12-27,ぷにゃん,ジー・モード,IARC,3+,https://ja.wikipedia.org/wiki/Nintendo_Switch%E3%81%AE%E3%82%B2%E3%83%BC%E3%83%A0%E3%82%BF%E3%82%A4%E3%83%88%E3%83%AB%E4%B8%80%E8%A6%A7_%282024%E5%B9%B4%29
2024-12-30,Broken Reality,Digital Tribe Games,IARC,12+,https://ja.wikipedia.org/wiki/Nintendo_Switch%E3%81%AE%E3%82%B2%E3%83%BC%E3%83%A0%E3%82%BF%E3%82%A4%E3%83%88%E3%83%AB%E4%B8%80%E8%A6%A7_%282024%E5%B9%B4%29
