発売日,メーカー,タイトル,⭐クロスレビュー(評価),パッケージ併売,ジャンル,開発元,ID,販売本数,ジャンル(詳細),プラットフォーム
2017-03-03,任天堂,1-2-Switch,-,YES,ETC,任天堂,700_0m_2,1,その他,その他
2017-03-03,フライハイワークス,VOEZ,31,,音,フライハイワークス,0,1,リズムゲーム,その他
2017-03-03,スクウェア・エニックス,いけにえと雪のセツナ,-,YES,ETC,スクウェア・エニックス,704_0m_6,1,その他,その他
2017-03-03,任天堂,いっしょにチョキッと スニッパーズ,33,,PZL,任天堂,1044_0m_104,1,コミュニケーション・パズル,その他
2017-03-03,シティコネクション,そるだむ 開花宣言,-,,ETC,シティコネクション,0,1,その他,その他
2017-03-03,セガゲームス,ぷよぷよテトリスS,-,YES,ETC,セガゲームス,705_0m_7,1,その他,その他
2017-03-03,アークシステムワークス,オセロ,-,,ETC,アークシステムワークス,0,1,その他,その他
2017-03-03,コナミデジタルエンタテインメント,スーパーボンバーマン R,30,YES,ACT,コナミデジタルエンタテインメント,702_0m_4,1,アクション,その他
2017-03-03,任天堂,ゼルダの伝説 ブレス オブ ザ ワイルド,40,YES,ADV,任天堂,699_0m_1,1,オープンエアアドベンチャー,その他
2017-03-03,スクウェア・エニックス,ドラゴンクエストヒーローズI・II for Nintendo Switch,36,YES,ARPG,スクウェア・エニックス,701_0m_3,1,アクションRPG,その他
2017-03-03,インティ・クリエイツ,ブラスターマスター ゼロ,32,,ACT,インティ・クリエイツ,0,1,探索アクション,その他
2017-03-03,コーエーテクモゲームス,信長の野望・創造 with パワーアップキット,-,YES,ETC,コーエーテクモゲームス,703_0m_5,1,その他,その他
2017-03-03,アークシステムワークス,新大開拓時代 〜街をつくろう〜（英語版）,-,,ETC,アークシステムワークス,0,1,その他,その他
2017-03-03,ポイソフト,空飛ぶブンブンバーン（英語版）,-,,ETC,ポイソフト,0,1,その他,その他
2017-03-03,日本一ソフトウェア,魔界戦記ディスガイア5,-,YES,ETC,日本一ソフトウェア,706_0m_8,1,その他,その他
2017-03-30,コーエーテクモゲームス,三國志13 with パワーアップキット,-,YES,ETC,コーエーテクモゲームス,711_0m_11,1,その他,その他
2017-04-13,メビウス,メゾン・ド・魔王,-,,ETC,メビウス,0,1,その他,その他
2017-04-13,フライハイワークス,神巫女 -カミコ-,30,,ACT,フライハイワークス,0,1,巫女アクション,その他
2017-04-18,DotEmu,Wonder Boy: The Dragon's Trap,-,,ETC,DotEmu,0,1,その他,その他
2017-04-20,スクウェア・エニックス,みんなでワイワイ！スペランカー,-,YES,ETC,スクウェア・エニックス,712_0m_12,1,その他,その他
2017-04-27,シルバースタージャパン,銀星将棋 強天怒闘風雷神,-,,ETC,シルバースタージャパン,0,1,その他,その他
2017-04-28,任天堂,マリオカート8 デラックス,35,YES,RCG,任天堂,708_0m_10,1,アクションレース,その他
2017-05-02,aeiowu,TumbleSeed（英語版）,-,,ETC,aeiowu,0,1,その他,その他
2017-05-11,フライハイワークス,ルディミカル♪ 魔神少女音楽外伝,30,,音,フライハイワークス,0,1,リズムゲーム,その他
2017-05-12,Mojang/日本マイクロソフト,Minecraft: Nintendo Switch Edition,-,,ETC,Mojang/日本マイクロソフト,0,1,その他,その他
2017-05-18,Drool,THUMPER リズム・バイオレンスゲーム（英語版）,-,,ETC,Drool,0,1,その他,その他
2017-05-18,OVER FENCE,バトルスポーツ めく〜る（英語版）,-,,ETC,OVER FENCE,0,1,その他,その他
2017-05-25,tinyBuild Games（英語版）,Mr. Shifty（英語版）,32,,ACT,tinyBuild Games（英語版）,0,1,アクション,その他
2017-05-25,フライハイワークス,グーの惑星,32,,ACT,フライハイワークス,0,1,アクションパズル,その他
2017-05-26,カプコン,ウルトラストリートファイターII ザ・ファイナルチャレンジャーズ,-,YES,ETC,カプコン,746_0m_17n,1,その他,その他
2017-05-30,ヨットクラブゲームズ（英語版）,ショベルナイト,-,,ETC,ヨットクラブゲームズ（英語版）,0,1,その他,その他
2017-06-01,フライハイワークス,リトルインフェルノ,-,,ETC,フライハイワークス,0,1,その他,その他
2017-06-01,スクウェア・エニックス,聖剣伝説コレクション,-,YES,ETC,スクウェア・エニックス,757_0m_20,1,その他,その他
2017-06-08,フライハイワークス,ヒューマン・リソース・マシーン,30,,PZL,フライハイワークス,0,1,プログラミングパズル,その他
2017-06-08,レイニーフロッグ,プランテラ ガーデンライフ DXエディション,-,,ETC,レイニーフロッグ,0,1,その他,その他
2017-06-15,インティ・クリエイツ,マイティガンヴォルト バースト,32,,ACT,インティ・クリエイツ,0,1,2D横スクロールアクション,その他
2017-06-16,任天堂,ARMS,33,YES,SPT,任天堂,789_0m_28,1,格闘スポーツ,その他
2017-06-22,FDG Entertainment,オーシャンホーン - 未知の海にひそむかい物,-,,ETC,FDG Entertainment,0,1,その他,その他
2017-06-22,シルバースタージャパン,タッチバトル戦車SP,-,,ETC,シルバースタージャパン,0,1,その他,その他
2017-06-29,Raw Fury,GoNNER,-,,ETC,Raw Fury,0,1,その他,その他
2017-06-29,スマイルアクス,PHOTON3 (フォトン・キューブ),-,,ETC,スマイルアクス,0,1,その他,その他
2017-06-29,レイニーフロッグ,デッドハウス 再生,-,,ETC,レイニーフロッグ,0,1,その他,その他
2017-06-29,コーラス・ワールドワイド,デ・マンボ,30,,ACT,コーラス・ワールドワイド,0,1,対戦アクション,その他
2017-06-29,ワーナー ブラザース ジャパン,レゴシティ アンダーカバー,-,YES,ETC,ワーナー ブラザース ジャパン,767_0m_21,1,その他,その他
2017-07-06,フライハイワークス,IMPLOSION,30,,ACT,フライハイワークス,0,1,アクション,その他
2017-07-06,アークシステムワークス,シェフィ -Shephy-,-,,ETC,アークシステムワークス,0,1,その他,その他
2017-07-06,レイニーフロッグ,ボクと僕の世界で（英語版）,30,,ACT,レイニーフロッグ,0,1,アクションパズル,その他
2017-07-13,ドワンゴ,niconico,-,,ETC,ドワンゴ,0,1,その他,その他
2017-07-13,スターサイン,スーパーピンポン トリックショット,-,,ETC,スターサイン,0,1,その他,その他
2017-07-13,flow,中毒パズル レベルス+,31,,PZL,flow,0,1,パズル,その他
2017-07-20,アークシステムワークス,BOOST BEAST,30,,PZL,アークシステムワークス,0,1,ディフェンスパズル,その他
2017-07-20,マーベラス,Fate/EXTELLA,-,YES,ETC,マーベラス,804_0m_32,1,その他,その他
2017-07-20,ワーナー ブラザース ジャパン,カーズ3 勝利への道,32,YES,RCG,ワーナー ブラザース ジャパン,805_0m_33,1,アクションレース,その他
2017-07-20,Bulbware,バルブ・ボーイ（英語版）,-,,ETC,Bulbware,0,1,その他,その他
2017-07-20,Collavier,密着対戦スピード,-,,ETC,Collavier,0,1,その他,その他
2017-07-21,任天堂,スプラトゥーン2,37,YES,ASHT,任天堂,782_0m_22,1,アクションシューティング,その他
2017-07-27,Vertex Pop,Graceful Explosion Machine,30,,SHT,Vertex Pop,0,1,全方位シューティング,その他
2017-07-28,バンダイナムコエンターテインメント,ナムコミュージアム,-,,ETC,バンダイナムコエンターテインメント,0,1,その他,その他
2017-07-28,バンダイナムコエンターテインメント,ナムコミュージアム（パックマンVS.持っている人と対戦版）,-,,ETC,バンダイナムコエンターテインメント,0,1,その他,その他
2017-07-28,SPRINGLOADED,ハイパーフェザーボール,-,,ETC,SPRINGLOADED,0,1,その他,その他
2017-08-03,ゼロディブ,GUNBARICH for Nintendo Switch,-,,ETC,ゼロディブ,0,1,その他,その他
2017-08-03,ゼロディブ,STRIKERS1945 for Nintendo Switch,-,,ETC,ゼロディブ,0,1,その他,その他
2017-08-03,インテンス,パズルアドベンチャー ブロッくる,-,,ETC,インテンス,0,1,その他,その他
2017-08-03,ケムコ[注 7],レイジングループ,-,,ETC,ケムコ[注 7],0,1,その他,その他
2017-08-10,Zen Studios（英語版）,Infinite Minigolf,-,,ETC,Zen Studios（英語版）,0,1,その他,その他
2017-08-10,フライハイワークス,クエストオブダンジョンズ,-,,ETC,フライハイワークス,0,1,その他,その他
2017-08-10,メビウス,刑事J.B.ハロルドの事件簿 マーダー・クラブ,-,,ETC,メビウス,0,1,その他,その他
2017-08-16,セガゲームス,ソニックマニア,32,,ACT,セガゲームス,0,1,2Dアクション,その他
2017-08-24,バンダイナムコエンターテインメント,ONE PIECE アンリミテッドワールド R デラックスエディション,-,YES,ETC,バンダイナムコエンターテインメント,0,1,その他,その他
2017-08-24,MUTAN,Sky Ride,-,,ETC,MUTAN,0,1,その他,その他
2017-08-24,レイニーフロッグ,ピクセル ライン DX,-,,ETC,レイニーフロッグ,0,1,その他,その他
2017-08-25,カプコン,モンスターハンターダブルクロス Nintendo Switch Ver.,-,YES,ETC,カプコン,838_0m_41,1,その他,その他
2017-08-31,GameTrust Games,Has-Been Heroes（英語版）,-,,ETC,GameTrust Games,0,1,その他,その他
2017-08-31,コーエーテクモゲームス,よるのないくに2 〜新月の花嫁〜,31,YES,RPG,コーエーテクモゲームス,840_0m_43n,1,美少女従魔RPG,その他
2017-08-31,レイニーフロッグ,リーグ オブ イーブル（英語版）,-,,ETC,レイニーフロッグ,0,1,その他,その他
2017-08-31,インティ・クリエイツ,蒼き雷霆ガンヴォルト ストライカーパック,-,YES,ETC,インティ・クリエイツ,864_0m_48n,1,その他,その他
2017-09-07,アークシステムワークス,ダブルドラゴンIV,-,,ETC,アークシステムワークス,0,1,その他,その他
2017-09-07,バンダイナムコエンターテインメント,ドラゴンボール ゼノバース2 for Nintendo Switch,-,YES,ETC,バンダイナムコエンターテインメント,912_0m_62,1,その他,その他
2017-09-07,Collavier,密着対戦2048,-,,ETC,Collavier,0,1,その他,その他
2017-09-07,シルバースタージャパン,翔べよ!!ドラゴン!,-,,ETC,シルバースタージャパン,0,1,その他,その他
2017-09-14,コーエーテクモゲームス,Champion Jockey Special,-,YES,ETC,コーエーテクモゲームス,0,1,その他,その他
2017-09-14,Shin'en Multimedia（英語版）,FAST RMX,-,,ETC,Shin'en Multimedia（英語版）,0,1,その他,その他
2017-09-14,Raw Fury,Kingdom: New Lands（英語版）,-,,ETC,Raw Fury,0,1,その他,その他
2017-09-14,フライハイワークス,PAN-PAN〜ちっちゃな大冒険〜,-,,ETC,フライハイワークス,0,1,その他,その他
2017-09-14,コーエーテクモゲームス,Winning Post 8 2017,-,YES,ETC,コーエーテクモゲームス,0,1,その他,その他
2017-09-15,テイクツー・インタラクティブ・ジャパン,NBA 2K18,33,YES,SPT,テイクツー・インタラクティブ・ジャパン,926_0m_70,1,バスケットボール,その他
2017-09-21,フライハイワークス,DEEMO,-,,ETC,フライハイワークス,0,1,その他,その他
2017-09-21,シティコネクション,ぺんぎんくんギラギラWARS,30,,SPT,シティコネクション,0,1,ボール投げバトルアクション,その他
2017-09-21,スクウェア・エニックス,ドラゴンクエストX オールインワンパッケージ,-,YES,ETC,スクウェア・エニックス,6948_0m_4919,1,その他,その他
2017-09-22,ポケモン,ポッ拳 POKKÉN TOURNAMENT DX,-,YES,ETC,ポケモン,890_0m_58,1,その他,その他
2017-09-28,レイニーフロッグ,forma.8,30,,ADV,レイニーフロッグ,0,1,探索アドベンチャー,その他
2017-09-28,Hypersect,INVERSUS Deluxe,-,,ETC,Hypersect,0,1,その他,その他
2017-09-28,ジュピター,ピクロスS,-,,ETC,ジュピター,0,1,その他,その他
2017-09-28,コーエーテクモゲームス,ファイアーエムブレム無双,36,YES,ACT,コーエーテクモゲームス,891_0m_59,1,タクティカルアクション,その他
2017-09-28,INSIDE SYSTEM,ブレイブダンジョン+魔神少女COMBAT,-,,ETC,INSIDE SYSTEM,0,1,その他,その他
2017-09-28,レイニーフロッグ,ロストスター,-,,ETC,レイニーフロッグ,0,1,その他,その他
2017-09-28,Collavier,密着対戦ピクプレ,-,,ETC,Collavier,0,1,その他,その他
2017-09-28,ポイソフト,王だぁランド!,-,,ETC,ポイソフト,0,1,その他,その他
2017-09-28,シルバースタージャパン,謎解きメール,-,,ETC,シルバースタージャパン,0,1,その他,その他
2017-09-29,エレクトロニック・アーツ,FIFA 18,37,YES,SPT,エレクトロニック・アーツ,892_0m_60n,1,サッカー,その他
2017-10-05,Thomas Happ Games,Axiom Verge（英語版）,-,,ETC,Thomas Happ Games,0,1,その他,その他
2017-10-05,Asteroid Base,LOVERS:みんなですすめ!宇宙の旅,33,,ASHT,Asteroid Base,0,1,アクションシューティング,その他
2017-10-05,フライハイワークス,鯉 (KOI),-,,ETC,フライハイワークス,0,1,その他,その他
2017-10-12,Rising Star Games,88 Heroes - 98 Heroes Edition,-,,ETC,Rising Star Games,0,1,その他,その他
2017-10-12,スクウェア・エニックス,LOST SPHEAR,32,YES,RPG,スクウェア・エニックス,947_0m_79,1,ネオ・トラディショナルRPG,その他
2017-10-12,Team17（英語版）,Overcooked - オーバークック スペシャルエディション,-,,ETC,Team17（英語版）,0,1,その他,その他
2017-10-12,Headup Games（英語版）,Slime-san: Superslime Edition,30,,ACT,Headup Games（英語版）,0,1,アクション,その他
2017-10-19,Headup Games,Earth Atlantis（英語版）,-,,ETC,Headup Games,0,1,その他,その他
2017-10-19,Panic Button（英語版）,アストロデュエルデラックス（英語版）,-,,ETC,Panic Button（英語版）,0,1,その他,その他
2017-10-19,PlayEveryWare,エリエット・クエスト（英語版）,-,,ETC,PlayEveryWare,0,1,その他,その他
2017-10-19,ワーナー ブラザース ジャパン,レゴ ニンジャゴー ムービー ザ・ゲーム,33,YES,AADV,ワーナー ブラザース ジャパン,948_0m_80,1,アクションアドベンチャー,その他
2017-10-19,ケムコ,レヴナントサーガ,-,,ETC,ケムコ,0,1,その他,その他
2017-10-26,Kitfox Games,Moon Hunters（英語版）,-,,ETC,Kitfox Games,0,1,その他,その他
2017-10-26,アメージング,ZOMBIE GOLD RUSH,-,,ETC,アメージング,0,1,その他,その他
2017-10-26,メビウス,刑事J.B.ハロルドの事件簿 マンハッタン・レクイエム,-,,ETC,メビウス,0,1,その他,その他
2017-10-27,任天堂,スーパーマリオ オデッセイ,39,YES,ACT,任天堂,949_0m_81n,1,3Dアクション,その他
2017-11-02,Harmonix（英語版）,Super Beat Sports,-,,ETC,Harmonix（英語版）,0,1,その他,その他
2017-11-02,CIRCLE Ent.,ロロロロ,-,,ETC,CIRCLE Ent.,0,1,その他,その他
2017-11-02,メディアスケープ,東方Project『東方紅舞闘V』,-,,ETC,メディアスケープ,0,1,その他,その他
2017-11-07,ユービーアイソフト,UNO,-,,ETC,ユービーアイソフト,0,1,その他,その他
2017-11-09,Rising Star Games,Ninja Shodown,-,,ETC,Rising Star Games,0,1,その他,その他
2017-11-09,QuantumAstroGuild,The Bridge,-,,ETC,QuantumAstroGuild,0,1,その他,その他
2017-11-09,フライハイワークス,キャットクエスト,33,,ARPG,フライハイワークス,0,1,アクションRPG,その他
2017-11-09,セガゲームス,ソニックフォース,35,YES,ACT,セガゲームス,999_0m_89n,1,3Dハイスピードアクション,その他
2017-11-09,ユービーアイソフト,モノポリー for Nintendo Switch,-,YES,ETC,ユービーアイソフト,1000_0m_90,1,その他,その他
2017-11-09,コーエーテクモゲームス,戦国無双 〜真田丸〜,-,YES,ETC,コーエーテクモゲームス,0,1,その他,その他
2017-11-09,コーエーテクモゲームス,無双OROCHI2 Ultimate,-,YES,ETC,コーエーテクモゲームス,1003_0m_93n,1,その他,その他
2017-11-09,コーエーテクモゲームス,真・三國無双7 Empires,-,YES,ETC,コーエーテクモゲームス,1001_0m_91n,1,その他,その他
2017-11-10,任天堂,いっしょにチョキッと スニッパーズ プラス,-,YES,ETC,任天堂,1044_0m_104,1,その他,その他
2017-11-14,Psyonix（英語版）,ロケットリーグ,-,,ETC,Psyonix（英語版）,0,1,その他,その他
2017-11-16,Rising Star Games,Lumo,-,,ETC,Rising Star Games,0,1,その他,その他
2017-11-16,Grey Box,RiME,-,,ETC,Grey Box,0,1,その他,その他
2017-11-16,フライハイワークス,テスラグラッド,-,,ETC,フライハイワークス,0,1,その他,その他
2017-11-16,ケムコ,忘失のイストリア,-,,ETC,ケムコ,0,1,その他,その他
2017-11-21,Raw Fury,Uurnog Uurnlimited,-,,ETC,Raw Fury,0,1,その他,その他
2017-11-22,ワーナー ブラザース ジャパン,LEGO ワールド 目指せマスタービルダー（英語版）,-,YES,ETC,ワーナー ブラザース ジャパン,1004_0m_94,1,その他,その他
2017-11-23,Adult Swim Games,Battle Chef Brigade,31,,ACT,Adult Swim Games,0,1,クッキングバトルアクション,その他
2017-11-23,レイニーフロッグ,キッドトリップ RUN!,-,,ETC,レイニーフロッグ,0,1,その他,その他
2017-11-23,フライハイワークス,スチームワールドディグ2,33,,ACT,フライハイワークス,0,1,2D採掘アクション,その他
2017-11-23,QuantumAstroGuild,タンブルストーン（英語版）,-,,ETC,QuantumAstroGuild,0,1,その他,その他
2017-11-23,Plug In Digital,トランスクリプティッド,-,,ETC,Plug In Digital,0,1,その他,その他
2017-11-24,マーベラス,シノビリフレ -SENRAN KAGURA-,-,,ETC,マーベラス,0,1,その他,その他
2017-11-30,オインクゲームズ,MUJO,-,,ETC,オインクゲームズ,0,1,その他,その他
2017-11-30,フライハイワークス,OPUS-地球計画,-,,ETC,フライハイワークス,0,1,その他,その他
2017-11-30,Vivid Helix,Semispheres,-,,ETC,Vivid Helix,0,1,その他,その他
2017-11-30,レイニーフロッグ,スターゴースト,-,,ETC,レイニーフロッグ,0,1,その他,その他
2017-11-30,カプコン,バイオハザード リベレーションズ アンベールド エディション,-,YES,ETC,カプコン,1019_0m_98,1,その他,その他
2017-11-30,カプコン,バイオハザード リベレーションズ2,-,,ETC,カプコン,0,1,その他,その他
2017-11-30,コーエーテクモゲームス,信長の野望・大志,36,YES,SLG,コーエーテクモゲームス,1005_0m_95,1,歴史シミュレーション,その他
2017-12-01,任天堂,ゼノブレイド2,35,YES,RPG,任天堂,1082_0m_123,1,RPG,その他
2017-12-06,テイクツー・インタラクティブ・ジャパン,WWE 2K18,-,,ETC,テイクツー・インタラクティブ・ジャパン,0,1,その他,その他
2017-12-06,任天堂,カラオケJOYSOUND for Nintendo Switch,-,,ETC,任天堂,0,1,その他,その他
2017-12-07,ROCKSTAR GAMESテイクツー・インタラクティブ・ジャパン,L.A.ノワール,-,YES,ETC,ROCKSTAR GAMESテイクツー・インタラクティブ・ジャパン,1080_0m_121,1,その他,その他
2017-12-07,Frozenbyte（英語版）,Nine Parchments,-,,ETC,Frozenbyte（英語版）,0,1,その他,その他
2017-12-07,Wired Productions,Vostok Inc.,-,,ETC,Wired Productions,0,1,その他,その他
2017-12-07,日本コロムビア,すみっコぐらし すみっコパークへようこそ,-,YES,ETC,日本コロムビア,1081_0m_122,1,その他,その他
2017-12-07,ゼロディブ,ガンバード for Nintendo Switch,-,,ETC,ゼロディブ,0,1,その他,その他
2017-12-07,フライハイワークス,スプラッシャー,-,,ETC,フライハイワークス,0,1,その他,その他
2017-12-07,MAGES.,ファントムブレイカー:バトルグラウンド オーバードライブ,-,,ETC,MAGES.,0,1,その他,その他
2017-12-07,ケムコ,妖談寺,-,,ETC,ケムコ,0,1,その他,その他
2017-12-14,Dry Cactus,Poly Bridge（英語版）,-,,ETC,Dry Cactus,0,1,その他,その他
2017-12-14,フライハイワークス,RIVE:アルティメットエディション（英語版）,-,,ETC,フライハイワークス,0,1,その他,その他
2017-12-14,スターサイン,ROCK'N RACING OFF ROAD DX,-,,ETC,スターサイン,0,1,その他,その他
2017-12-14,3goo,ギア・クラブ アンリミテッド（英語版）,30,YES,RCG,3goo,1078_0m_119,1,レース,その他
2017-12-14,レイニーフロッグ,スクウェアボーイ リベンジファイト,-,,ETC,レイニーフロッグ,0,1,その他,その他
2017-12-14,トイディア,ドラゴンファングZ 竜者ロゼと宿り木の迷宮,-,,ETC,トイディア,0,1,その他,その他
2017-12-14,オーイズミ・アミュージオ,ファーミングシミュレーター Nintendo Switch Edition（英語版）,-,YES,ETC,オーイズミ・アミュージオ,1133_0m_139,1,その他,その他
2017-12-14,シルバースタージャパン,遊んで将棋が強くなる!銀星将棋DX,-,YES,ETC,シルバースタージャパン,1079_0m_120,1,その他,その他
2017-12-15,スクウェア・エニックス,ロマンシング サガ2,-,,ETC,スクウェア・エニックス,0,1,その他,その他
2017-12-19,Angry Mob Games,Brawlout（英語版）,-,,ETC,Angry Mob Games,0,1,その他,その他
2017-12-19,カヤック,RXN -雷神-,-,,ETC,カヤック,0,1,その他,その他
2017-12-21,エディア,10秒走 RETURNS,-,,ETC,エディア,0,1,その他,その他
2017-12-21,Devolver Digital,Enter the Gungeon（英語版）,30,,ASHT,Devolver Digital,0,1,アクションシューティング,その他
2017-12-21,レイニーフロッグ,ONE MORE DUNGEON,-,,ETC,レイニーフロッグ,0,1,その他,その他
2017-12-21,UNTIES,TINY METAL（英語版）,31,,SLG,UNTIES,0,1,戦略シミュレーション,その他
2017-12-21,Annapurna Interactive,ゴロゴア,-,,ETC,Annapurna Interactive,0,1,その他,その他
2017-12-21,アークシステムワークス,サバクのネズミ団!改。,-,,ETC,アークシステムワークス,0,1,その他,その他
2017-12-21,アークシステムワークス,シンプル麻雀オンライン,-,,ETC,アークシステムワークス,0,1,その他,その他
2017-12-21,日本一ソフトウェア,セクシー・ブルテイル（英語版）,32,,ADV,日本一ソフトウェア,0,1,パズルアドベンチャー,その他
2017-12-21,メディアファイブ,ナナミと一緒に学ぼ! TOEIC LISTENING AND READING TEST 完全マスター,-,,ETC,メディアファイブ,0,1,その他,その他
2017-12-21,ジェイコンテンツ,プラチナ・トレイン～日本縦断てつどうの旅～,-,,ETC,ジェイコンテンツ,0,1,その他,その他
2017-12-21,ハップ,ママにゲーム隠された,-,,ETC,ハップ,0,1,その他,その他
2017-12-21,コーエーテクモゲームス,リディー&スールのアトリエ 〜不思議な絵画の錬金術士〜,35,YES,RPG,コーエーテクモゲームス,1077_0m_118n,1,錬金術再生RPG,その他
2017-12-21,バンダイナムコエンターテインメント,ワンピース 海賊無双3 デラックスエディション,-,YES,ETC,バンダイナムコエンターテインメント,1131_0m_138,1,その他,その他
2017-12-28,メビウス,L.F.O. -Lost Future Omega-,-,,ETC,メビウス,0,1,その他,その他
2017-12-28,Higgs Games前:Young Fun Studio,Moorhuhn Knights & Castles（英語版）,-,,ETC,Higgs Games前:Young Fun Studio,0,1,その他,その他
2017-12-28,Plug In Digital,The Next Penelope,-,,ETC,Plug In Digital,0,1,その他,その他
2017-12-28,ソリッドスフィア,カイジ〜絶望の鉄骨渡り〜 for Nintendo Switch,-,,ETC,ソリッドスフィア,0,1,その他,その他
2017-12-28,フライハイワークス,スライムの野望,-,,ETC,フライハイワークス,0,1,その他,その他
2017-12-28,テヨンジャパン,タロミア,-,,ETC,テヨンジャパン,0,1,その他,その他
2017-12-28,テヨンジャパン,ヒューマン フォール フラット,-,,ETC,テヨンジャパン,1257_0m_197n,1,その他,その他
2017-12-28,Phoenixx前:UNTIES,不思議の幻想郷TOD -RELOADED-,32,,RPG,Phoenixx前:UNTIES,0,1,ダンジョンRPG,その他
2018-01-11,ConcernedApe前:Chucklefish（英語版）,Stardew Valley（英語版）,-,,ETC,ConcernedApe前:Chucklefish（英語版）,0,1,その他,その他
2018-01-11,レイニーフロッグ,お絵かきパズル Pic-a-Pix Deluxe,-,,ETC,レイニーフロッグ,0,1,その他,その他
2018-01-18,ピッキー,VVVVVV,-,,ETC,ピッキー,0,1,その他,その他
2018-01-18,フライハイワークス,World to the West,32,,AADV,フライハイワークス,0,1,アクションアドベンチャー,その他
2018-01-18,ゼロディブ,ZERO GUNNER 2- for Nintendo Switch,-,,ETC,ゼロディブ,0,1,その他,その他
2018-01-18,任天堂,マリオ+ラビッツ キングダムバトル,36,YES,SLG,任天堂,1144_0m_147,1,シミュレーションアドベンチャー,その他
2018-01-18,ライドオンジャパン,マーセナリーズサーガ クロニクルズ,-,,ETC,ライドオンジャパン,0,1,その他,その他
2018-01-18,レイニーフロッグ,迷宮の塔 トレジャーダンジョン,-,,ETC,レイニーフロッグ,0,1,その他,その他
2018-01-23,Coatsink Software,Shu,31,,ACT,Coatsink Software,0,1,横スクロールアクション,その他
2018-01-25,ワンオアエイト,EARTH WARS,-,,ETC,ワンオアエイト,0,1,その他,その他
2018-01-25,ゼロディブ,STRIKERS1945 II for Nintendo Switch,-,,ETC,ゼロディブ,0,1,その他,その他
2018-01-25,クロスファンクション,Tiny Troopers Joint Ops XL（英語版）,-,,ETC,クロスファンクション,0,1,その他,その他
2018-01-25,レイニーフロッグ,コンバット! サーチ&レスキュー,-,,ETC,レイニーフロッグ,0,1,その他,その他
2018-01-25,ポケット,チキチキ BOXY RACERS,32,,RCG,ポケット,0,1,カジュアルレース,その他
2018-01-25,ディースリー・パブリッシャー,テニス,-,,ETC,ディースリー・パブリッシャー,0,1,その他,その他
2018-01-25,アークシステムワークス,ファンタジーヒーロー 〜アンサインドレガシー〜,-,,ETC,アークシステムワークス,0,1,その他,その他
2018-01-25,ディースリー・パブリッシャー,逆転吉原〜菊屋編〜,-,,ETC,ディースリー・パブリッシャー,0,1,その他,その他
2018-02-01,ベセスダ・ソフトワークス/ゼニマックス・アジア,The Elder Scrolls V: Skyrim,-,YES,ETC,ベセスダ・ソフトワークス/ゼニマックス・アジア,0,1,その他,その他
2018-02-01,フライハイワークス,ガンズゴア&カノーリ,33,,ASHT,フライハイワークス,0,1,アクションシューティング,その他
2018-02-01,スパイク・チュンソフト,クリプト・オブ・ネクロダンサー: Nintendo Switch Edition,-,,ETC,スパイク・チュンソフト,0,1,その他,その他
2018-02-01,PLAYISM,トルクル 物理調整版,-,,ETC,PLAYISM,0,1,その他,その他
2018-02-01,ワーナー ブラザース ジャパン,レゴ マーベル スーパー・ヒーローズ2 ザ・ゲーム,-,YES,ETC,ワーナー ブラザース ジャパン,0,1,その他,その他
2018-02-06,Raw Fury,Dandara,31,,AADV,Raw Fury,0,1,アクションアドベンチャー,その他
2018-02-08,Humble Bundle,Aegis Defenders,32,,ACT,Humble Bundle,0,1,アクション/タワーディフェンス,その他
2018-02-08,ピッキー,Cave Story+,-,YES,ETC,ピッキー,0,1,その他,その他
2018-02-08,DMM GAMES,がるメタる!,31,YES,ETC,DMM GAMES,0,1,メタルドラム×ジュヴナイルSFコミック,その他
2018-02-08,ウインライト,ジャンナビ麻雀オンライン,-,YES,ETC,ウインライト,0,1,その他,その他
2018-02-08,スパイシーソフト,大盛りチャリ走DX,-,,ETC,スパイシーソフト,0,1,その他,その他
2018-02-13,D-Pad Studio,Owlboy,31,,AADV,D-Pad Studio,0,1,アクションアドベンチャー,その他
2018-02-15,ディースリー・パブリッシャー,BILLIARD,-,,ETC,ディースリー・パブリッシャー,0,1,その他,その他
2018-02-15,ディースリー・パブリッシャー,THE 密室からの脱出 〜運命をつなぐ35の謎〜,-,YES,ETC,ディースリー・パブリッシャー,0,1,その他,その他
2018-02-15,スターサイン,Tower of Babel,-,,ETC,スターサイン,0,1,その他,その他
2018-02-15,クロスファンクション,Unbox: Newbie's Adventure,-,,ETC,クロスファンクション,0,1,その他,その他
2018-02-15,ゼロディブ,戦国エース for Nintendo Switch,-,,ETC,ゼロディブ,0,1,その他,その他
2018-02-16,エレクトロニック・アーツ,Fe（英語版）,32,,ADV,エレクトロニック・アーツ,0,1,パズルアドベンチャー,その他
2018-02-17,任天堂,ベヨネッタ,-,,ETC,任天堂,1206_0m_178,1,その他,その他
2018-02-17,任天堂,ベヨネッタ2,-,YES,ETC,任天堂,1205_0m_177,1,その他,その他
2018-02-22,シティコネクション,Conga Master Cruisin,31,,ACT,シティコネクション,0,1,行列ダンサーアクション,その他
2018-02-22,レジスタ,Dear My Abyss,-,,ETC,レジスタ,0,1,その他,その他
2018-02-22,Broken Rules,おじいちゃんの記憶を巡る旅,-,,ETC,Broken Rules,0,1,その他,その他
2018-02-22,バンダイナムコエンターテインメント,ご当地鉄道 for Nintendo Switch !!,-,YES,ETC,バンダイナムコエンターテインメント,0,1,その他,その他
2018-02-22,Nussoft,エース・オブ・シーフード,-,,ETC,Nussoft,0,1,その他,その他
2018-02-22,ケムコ,ドラゴンシンカー,-,,ETC,ケムコ,0,1,その他,その他
2018-02-22,CIRCLE Ent.,ニューロボイダー,-,,ETC,CIRCLE Ent.,0,1,その他,その他
2018-02-22,バンダイナムコエンターテインメント,パックマン チャンピオンシップ エディション2 プラス,-,,ETC,バンダイナムコエンターテインメント,0,1,その他,その他
2018-02-22,ユービーアイソフト,レイマン レジェンド for Nintendo Switch,-,YES,ETC,ユービーアイソフト,0,1,その他,その他
2018-02-22,ハッピーミール,協撃 カルテットファイターズ,-,,ETC,ハッピーミール,0,1,その他,その他
2018-03-01,ベセスダ・ソフトワークス/ゼニマックス・アジア,DOOM,-,YES,ETC,ベセスダ・ソフトワークス/ゼニマックス・アジア,0,1,その他,その他
2018-03-01,甲南電機製作所,Little Triangle,30,,ACT,甲南電機製作所,0,1,横スクロールアクション,その他
2018-03-01,Digerati,Slain: Back from Hell,-,,ETC,Digerati,0,1,その他,その他
2018-03-01,Abylight,キュービックペイント,-,,ETC,Abylight,0,1,その他,その他
2018-03-01,アークシステムワークス,ダマスカスギヤ 東京始戦,-,,ETC,アークシステムワークス,0,1,その他,その他
2018-03-01,スクウェア・エニックス,ドラゴンクエストビルダーズ アレフガルドを復活せよ,-,YES,ETC,スクウェア・エニックス,1273_0m_205,1,その他,その他
2018-03-01,スタジオエフシャープ,パケットクイーン＃,-,,ETC,スタジオエフシャープ,0,1,その他,その他
2018-03-01,ポイソフト,ポイソフトのズン 〜アツいトランプ〜,-,,ETC,ポイソフト,0,1,その他,その他
2018-03-01,メディアファイブ,数学力王 中学1年,-,,ETC,メディアファイブ,0,1,その他,その他
2018-03-01,メディアファイブ,数学力王 中学2年,-,,ETC,メディアファイブ,0,1,その他,その他
2018-03-01,メディアファイブ,数学力王 中学3年,-,,ETC,メディアファイブ,0,1,その他,その他
2018-03-01,シルバースタージャパン,超獣ギガ大戦,-,,ETC,シルバースタージャパン,0,1,その他,その他
2018-03-01,PLAYISM,返校 -Detention-,31,,ADV,PLAYISM,0,1,ホラーアドベンチャー,その他
2018-03-08,Tribute Games（英語版）,Flinthook（英語版）,-,,ETC,Tribute Games（英語版）,0,1,その他,その他
2018-03-08,アイ・ティー・エル,HANDY麻雀,-,,ETC,アイ・ティー・エル,0,1,その他,その他
2018-03-08,Tribute Games,Mercenary Kings Reloaded Edition（英語版）,-,,ETC,Tribute Games,0,1,その他,その他
2018-03-08,日本一ソフトウェア,あなたの四騎姫教導譚,-,YES,ETC,日本一ソフトウェア,0,1,その他,その他
2018-03-08,クラウズ プレイカンパニー,おしゃべり!ホリジョ!,-,,ETC,クラウズ プレイカンパニー,0,1,その他,その他
2018-03-08,DigiPen Game Studios,タートルポップ:自由への旅,-,,ETC,DigiPen Game Studios,0,1,その他,その他
2018-03-08,ディースリー・パブリッシャー,逆転吉原〜扇屋編〜,-,,ETC,ディースリー・パブリッシャー,0,1,その他,その他
2018-03-09,フライハイワークス,ゴルフストーリー,32,,SPT,フライハイワークス,0,1,ゴルフRPG,その他
2018-03-15,クロスファンクション,Earthlock（英語版）,-,,ETC,クロスファンクション,0,1,その他,その他
2018-03-15,ForwardXP,Guilt Battle Arena 罪悪感バトルアリーナ,-,,ETC,ForwardXP,0,1,その他,その他
2018-03-15,コーエーテクモゲームス,Winning Post 8 2018,-,YES,ETC,コーエーテクモゲームス,0,1,その他,その他
2018-03-15,インティ・クリエイツ,ぎゃる☆がん2,31,YES,SHT,インティ・クリエイツ,0,1,眼（ガン）シューティング,その他
2018-03-15,スターサイン,パーティBINGO,-,,ETC,スターサイン,0,1,その他,その他
2018-03-15,アルティ,ワールドネバーランド エルネア王国の日々,30,YES,SLG,アルティ,0,1,箱庭ライフアドベンチャー,その他
2018-03-15,ディースリー・パブリッシャー,二角取り:鏡花水月,-,,ETC,ディースリー・パブリッシャー,0,1,その他,その他
2018-03-15,コーエーテクモゲームス,進撃の巨人2,36,YES,ACT,コーエーテクモゲームス,1277_0m_209,1,タクティカルハンティングアクション,その他
2018-03-16,任天堂,星のカービィ スターアライズ,35,YES,ACT,任天堂,1305_0m_219,1,横スクロールアクション,その他
2018-03-20,セガゲームス,ファンタシースターオンライン2 クラウド,-,,ETC,セガゲームス,0,1,その他,その他
2018-03-22,賈船,Bit Dungeon+,-,,ETC,賈船,0,1,その他,その他
2018-03-22,オーイズミ・アミュージオ,Monster Energy Supercross - The Official Videogame,-,YES,ETC,オーイズミ・アミュージオ,0,1,その他,その他
2018-03-22,フライハイワークス,OPUS-魂の架け橋,35,,ADV,フライハイワークス,0,1,探索アドベンチャー,その他
2018-03-22,アークシステムワークス,イートビート デッドスパイクさん,-,,ETC,アークシステムワークス,0,1,その他,その他
2018-03-22,コーエーテクモゲームス,ゼルダ無双 ハイラルオールスターズ DX,-,YES,ETC,コーエーテクモゲームス,1306_0m_220,1,その他,その他
2018-03-22,ゼロディブ,ソルディバイド for Nintendo Switch,-,,ETC,ゼロディブ,0,1,その他,その他
2018-03-22,タカラトミーアーツ,プリパラ オールアイドルパーフェクトステージ!,30,YES,音,タカラトミーアーツ,0,1,おしゃれ＆リズムアクション,その他
2018-03-22,レイニーフロッグ,原始人 うぉーりあーず,-,,ETC,レイニーフロッグ,0,1,その他,その他
2018-03-29,Coatsink Software,ClusterPuck 99,-,,ETC,Coatsink Software,0,1,その他,その他
2018-03-29,アークシステムワークス,ガチャレーシング2nd,-,,ETC,アークシステムワークス,0,1,その他,その他
2018-03-29,テヨンジャパン,ザ フレイム イン ザ フラッド:Complete Edition,-,,ETC,テヨンジャパン,0,1,その他,その他
2018-03-29,アークシステムワークス,ハッピーバースデイズ,-,YES,ETC,アークシステムワークス,0,1,その他,その他
2018-03-29,コーラス・ワールドワイド,バートラム・フィドルの冒険 エピソード1:霊刻なる事件,-,,ETC,コーラス・ワールドワイド,0,1,その他,その他
2018-03-29,CIRCLE Ent.,レイヤーズ・オブ・フィアー:レガシー（英語版）,-,,ETC,CIRCLE Ent.,0,1,その他,その他
2018-03-29,Tozai Games,ロードランナー・レガシー,31,,ACT,Tozai Games,0,1,アクションパズル,その他
2018-03-29,ディースリー・パブリッシャー,帝國カレイド-万華の革命-,-,,ETC,ディースリー・パブリッシャー,0,1,その他,その他
2018-03-29,ゼロディブ,戦国ブレード for Nintendo Switch,-,,ETC,ゼロディブ,0,1,その他,その他
2018-03-29,ドラス,真・電愛「なにが欲しいの？」 〜北見えり〜,-,,ETC,ドラス,0,1,その他,その他
2018-03-29,PIACCI,蒼の彼方のフォーリズム for Nintendo Switch,32,YES,ADV,PIACCI,0,1,恋愛アドベンチャー,その他
2018-04-05,eastasiasoft,Aqua Kitty UDX,-,,ETC,eastasiasoft,0,1,その他,その他
2018-04-05,レイニーフロッグ,うごくジグソーパズル 日本の風景コレクション,-,,ETC,レイニーフロッグ,0,1,その他,その他
2018-04-05,フライハイワークス,アンエピック,-,,ETC,フライハイワークス,0,1,その他,その他
2018-04-05,ポラリスエックス,サリーの法則,-,,ETC,ポラリスエックス,0,1,その他,その他
2018-04-05,ゼロディブ,ドラゴンブレイズ for Nintendo Switch,-,,ETC,ゼロディブ,0,1,その他,その他
2018-04-12,SandSailorStudio,Black The Fall,-,,ETC,SandSailorStudio,0,1,その他,その他
2018-04-12,ケムコ,アスディバインハーツ,32,,RPG,ケムコ,0,1,RPG,その他
2018-04-12,レベルファイブ,スナックワールド トレジャラーズ ゴールド,35,YES,ARPG,レベルファイブ,1365_0m_249n,1,アクションRPG,その他
2018-04-12,シルバースタージャパン,ドローンファイト,-,,ETC,シルバースタージャパン,0,1,その他,その他
2018-04-12,日本一ソフトウェア,ロジック麻雀 創龍 四人打ち・三人打ち,-,,ETC,日本一ソフトウェア,0,1,その他,その他
2018-04-19,SAT-BOX,Voxel Shot for Nintendo Switch,-,,ETC,SAT-BOX,0,1,その他,その他
2018-04-19,ナツメアタリ,WILD GUNS Reloaded（英語版）,-,,ETC,ナツメアタリ,0,1,その他,その他
2018-04-19,メディアファイブ,グレコからの挑戦状! 計算の城とオバケたち たし算,-,,ETC,メディアファイブ,0,1,その他,その他
2018-04-19,メディアファイブ,グレコからの挑戦状! 計算の城とオバケたち ひき算,-,,ETC,メディアファイブ,0,1,その他,その他
2018-04-19,フライハイワークス,ニンジャストライカー!,-,,ETC,フライハイワークス,0,1,その他,その他
2018-04-19,スタジオアートディンク,ネオアトラス1469,-,YES,ETC,スタジオアートディンク,0,1,その他,その他
2018-04-19,スパイク・チュンソフト,ポータルナイツ,31,YES,ARPG,スパイク・チュンソフト,0,1,モノづくりアクションRPG,その他
2018-04-19,ドラス,真・電愛「みんなあげる！」 〜さくらえま〜,-,,ETC,ドラス,0,1,その他,その他
2018-04-20,Koch Media（英語版）,Manticore - Galaxy on Fire（英語版）,-,,ETC,Koch Media（英語版）,0,1,その他,その他
2018-04-20,任天堂,Nintendo Labo Toy-Con 01: Variety Kit,-,YES,ETC,任天堂,1460_0m_298,1,その他,その他
2018-04-20,任天堂,Nintendo Labo Toy-Con 02: Robot Kit,-,YES,ETC,任天堂,0,1,その他,その他
2018-04-26,Roman Uhlig,12 orbits,-,,ETC,Roman Uhlig,0,1,その他,その他
2018-04-26,PLiCy,Buddy Collection if -宿命の赤い糸-,30,,ADV,PLiCy,0,1,微乙女×推理ノベル,その他
2018-04-26,Thunder Lotus Games,Jotun: Valhalla Edition,-,,ETC,Thunder Lotus Games,0,1,その他,その他
2018-04-26,DETUNE,KORG Gadget for Nintendo Switch,-,,ETC,DETUNE,0,1,その他,その他
2018-04-26,Bishop Games,Light Fall,-,,ETC,Bishop Games,0,1,その他,その他
2018-04-26,レイニーフロッグ,MAX マジックマーカーと兄弟の絆（英語版）,-,,ETC,レイニーフロッグ,0,1,その他,その他
2018-04-26,バンダイナムコエンターテインメント,NARUTO-ナルト- 疾風伝 ナルティメットストームトリロジー for Nintendo Switch,-,YES,ETC,バンダイナムコエンターテインメント,1396_0m_265,1,その他,その他
2018-04-26,バンダイナムコエンターテインメント,SDガンダム ジージェネレーション ジェネシス for Nintendo Switch,-,YES,ETC,バンダイナムコエンターテインメント,1371_0m_255,1,その他,その他
2018-04-26,ソニックパワード,SKYPEACE,-,,ETC,ソニックパワード,0,1,その他,その他
2018-04-26,eastasiasoft,Vesta,-,,ETC,eastasiasoft,0,1,その他,その他
2018-04-26,ChubbyPixel,Woodle Tree Adventures Deluxe,-,,ETC,ChubbyPixel,0,1,その他,その他
2018-04-26,アークシステムワークス,キューブクリエイターX,-,YES,ETC,アークシステムワークス,0,1,その他,その他
2018-04-26,メディアファイブ,グレコからの挑戦状! 計算の城とオバケたち かけ算,-,,ETC,メディアファイブ,0,1,その他,その他
2018-04-26,メディアファイブ,グレコからの挑戦状! 計算の城とオバケたち わり算,-,,ETC,メディアファイブ,0,1,その他,その他
2018-04-26,日本一ソフトウェア,プリンセスは金の亡者,-,,ETC,日本一ソフトウェア,0,1,その他,その他
2018-04-26,グランゼーラ,不如帰 大乱,-,,ETC,グランゼーラ,0,1,その他,その他
2018-04-26,日本一ソフトウェア,世界一長い5分間,-,,ETC,日本一ソフトウェア,0,1,その他,その他
2018-04-26,アクワイア,剣と魔法と学園モノ。 Anniversary Edition,-,,ETC,アクワイア,0,1,その他,その他
2018-04-26,デジマース,妖かし恋戯曲,-,,ETC,デジマース,0,1,その他,その他
2018-04-26,アンバランス,金沢将棋 〜レベル300〜,-,,ETC,アンバランス,0,1,その他,その他
2018-05-03,スターサイン,ROCK'N RACING GRAND PRIX,-,,ETC,スターサイン,0,1,その他,その他
2018-05-03,CIRCLE Ent.,Yono,-,,ETC,CIRCLE Ent.,0,1,その他,その他
2018-05-03,イッタロ,カドバトうぉーず!,30,,TBL,イッタロ,0,1,カードバトル,その他
2018-05-03,任天堂,ドンキーコング トロピカルフリーズ,-,YES,ETC,任天堂,1438_0m_282,1,その他,その他
2018-05-03,メビウス,刑事J.B.ハロルドの事件簿 キス・オブ・マーダー,-,,ETC,メビウス,0,1,その他,その他
2018-05-03,ドラス,純・電愛「私の瞳を見て！」 〜山内もえ〜,-,,ETC,ドラス,0,1,その他,その他
2018-05-10,Matt Makes Games,Celeste,31,,AADV,Matt Makes Games,0,1,アクションアドベンチャー,その他
2018-05-10,CremaGames,Immortal Redneck[注釈 5],-,,ETC,CremaGames,0,1,その他,その他
2018-05-10,賈船,Nihilumbra（英語版）,31,,ACT,賈船,0,1,色彩パズルアクション,その他
2018-05-10,アークシステムワークス,おきらく大富豪SP,-,,ETC,アークシステムワークス,0,1,その他,その他
2018-05-10,コーラス・ワールドワイド,アペリオン・サイバーストーム,-,,ETC,コーラス・ワールドワイド,0,1,その他,その他
2018-05-15,Humble Bundle,Wizard of Legend（英語版）,-,,ETC,Humble Bundle,0,1,その他,その他
2018-05-17,ドラス,ドタバタ調理アクション IT系ラーメン どらす,-,,ETC,ドラス,0,1,その他,その他
2018-05-17,フライハイワークス,フェアルーンコレクション,-,,ETC,フライハイワークス,0,1,その他,その他
2018-05-17,レイニーフロッグ,進化のひみつ,-,,ETC,レイニーフロッグ,0,1,その他,その他
2018-05-17,シルバースタージャパン,銀星チェス,-,,ETC,シルバースタージャパン,0,1,その他,その他
2018-05-24,カプコン,BIOHAZARD 7 resident evil cloud version,-,,ETC,カプコン,0,1,その他,その他
2018-05-24,インティ・クリエイツ,Bloodstained: Curse of the Moon,-,,ETC,インティ・クリエイツ,0,1,その他,その他
2018-05-24,スパイク・チュンソフト,PixelJunk モンスターズ2,-,,ETC,スパイク・チュンソフト,0,1,その他,その他
2018-05-24,賈船,Tachyon Project,-,,ETC,賈船,0,1,その他,その他
2018-05-24,Digerati,The Coma: Recut,-,,ETC,Digerati,0,1,その他,その他
2018-05-24,CELLNAVI,みんなで大富豪,-,,ETC,CELLNAVI,0,1,その他,その他
2018-05-24,3goo,アーバントライアル プレイグラウンド,30,YES,ACT,3goo,0,1,横スクロールバイクアクション,その他
2018-05-24,DANGEN Entertainment,スーパースポーツマチェン,-,,ETC,DANGEN Entertainment,0,1,その他,その他
2018-05-24,Secretexit,ゼンバウンド 2（英語版）,-,,ETC,Secretexit,0,1,その他,その他
2018-05-24,レイニーフロッグ,ブロックビルダー SP,-,,ETC,レイニーフロッグ,0,1,その他,その他
2018-05-24,シルバースタージャパン,ラビ×ラビ -パズルアウトストーリーズ-,-,YES,ETC,シルバースタージャパン,0,1,その他,その他
2018-05-24,カプコン,ロックマン クラシックス コレクション 1+2,-,YES,ETC,カプコン,0,1,その他,その他
2018-05-24,工画堂スタジオ,白衣性愛情依存症,-,,ETC,工画堂スタジオ,0,1,その他,その他
2018-05-24,シルバースタージャパン,脱出ゲーム Aloha ハワイの海に浮かぶ家,-,,ETC,シルバースタージャパン,0,1,その他,その他
2018-05-29,アークシステムワークス,Fallen Legion -栄光への系譜-,-,,ETC,アークシステムワークス,0,1,その他,その他
2018-05-29,Team17（英語版）,Yoku's Island Express,33,,AADV,Team17（英語版）,0,1,アクションアドベンチャー,その他
2018-05-30,ポケモン,ポケモンクエスト,33,,RPG,ポケモン,0,1,わちゃわちゃ探検RPG,その他
2018-05-30,ピッキー,斑鳩 IKARUGA,-,,ETC,ピッキー,0,1,その他,その他
2018-05-31,アークシステムワークス,BLAZBLUE CROSS TAG BATTLE,-,YES,ETC,アークシステムワークス,0,1,その他,その他
2018-05-31,H2 INTERACTIVE,DUNGEON RUSHERS,-,,ETC,H2 INTERACTIVE,0,1,その他,その他
2018-05-31,Surprise Attack,FRAMED Collection（英語版）,30,,ADV,Surprise Attack,0,1,パズルアドベンチャー,その他
2018-05-31,CIRCLE Ent.,Furi,-,,ETC,CIRCLE Ent.,0,1,その他,その他
2018-05-31,X.D. Network,ICEY,-,,ETC,X.D. Network,0,1,その他,その他
2018-05-31,eastasiasoft,Lost Sea,-,,ETC,eastasiasoft,0,1,その他,その他
2018-05-31,Double Eleven（英語版）,そんぐぶりんがー（英語版）,-,,ETC,Double Eleven（英語版）,0,1,その他,その他
2018-05-31,オーイズミ・アミュージオ,シャンティ:ハーフ・ジーニー ヒーロー アルティメット・エディション,33,YES,ACT,オーイズミ・アミュージオ,0,1,横スクロールアクション,その他
2018-05-31,ISBIT GAMES,ワープシフト,-,,ETC,ISBIT GAMES,0,1,その他,その他
2018-05-31,日本一ソフトウェア,嘘つき姫と盲目王子,-,YES,ETC,日本一ソフトウェア,0,1,その他,その他
2018-05-31,SAT-BOX,机でサッカー,-,,ETC,SAT-BOX,0,1,その他,その他
2018-05-31,賈船,落雨落葉 Defoliation,-,,ETC,賈船,0,1,その他,その他
2018-06-07,MERJ Media,Floor Kids,-,,ETC,MERJ Media,0,1,その他,その他
2018-06-07,レイニーフロッグ,GEKIDO（英語版）,-,,ETC,レイニーフロッグ,0,1,その他,その他
2018-06-07,Berzerk Studio,Just Shapes & Beats,31,,ACT,Berzerk Studio,0,1,弾幕アクション,その他
2018-06-07,バンダイナムコエンターテインメント,LITTLE NIGHTMARES-リトルナイトメア- Deluxe Edition,-,YES,ETC,バンダイナムコエンターテインメント,1532_0m_341,1,その他,その他
2018-06-07,Reign Bros,Stikbold! ドッジボールアドベンチャー!DELUXE,30,,TBL,Reign Bros,0,1,ドッジボール,その他
2018-06-07,ディースリー・パブリッシャー,THE 数字パズル,-,,ETC,ディースリー・パブリッシャー,0,1,その他,その他
2018-06-07,eastasiasoft,イロ・ヒーロー,-,,ETC,eastasiasoft,0,1,その他,その他
2018-06-07,フライハイワークス,サムライディフェンダー 〜戦国合戦アクション〜,-,,ETC,フライハイワークス,0,1,その他,その他
2018-06-07,Sekai Games,魔法の女子高生,-,,ETC,Sekai Games,0,1,その他,その他
2018-06-08,任天堂,超回転 寿司ストライカー The Way of Sushido,32,YES,ACT,任天堂,1533_0m_342,1,アクションパズル,その他
2018-06-13,Team Cherry,Hollow Knight,34,,AADV,Team Cherry,1668_0m_428n,1,アクションアドベンチャー,その他
2018-06-13,Hi-Rez Studios（英語版）,Paladins（英語版）,-,,ETC,Hi-Rez Studios（英語版）,0,1,その他,その他
2018-06-13,Epic Games,フォートナイト バトルロイヤル,-,,ETC,Epic Games,0,1,その他,その他
2018-06-14,ディースリー・パブリッシャー,Dandy Shot,-,,ETC,ディースリー・パブリッシャー,0,1,その他,その他
2018-06-14,角川ゲームス,GOD WARS 日本神話大戦,-,YES,ETC,角川ゲームス,0,1,その他,その他
2018-06-14,フライハイワークス,Lanota,-,,ETC,フライハイワークス,0,1,その他,その他
2018-06-14,MLBAM（英語版）,R.B.I. Baseball 18,-,,ETC,MLBAM（英語版）,0,1,その他,その他
2018-06-14,Team17,Yooka-Laylee,-,,ETC,Team17,0,1,その他,その他
2018-06-14,eastasiasoft,アルケミックジョスト,-,,ETC,eastasiasoft,0,1,その他,その他
2018-06-14,オーイズミ・アミュージオ,インナースペース（英語版）,-,,ETC,オーイズミ・アミュージオ,0,1,その他,その他
2018-06-14,ワーカービー,エース・オブ・ルフトバッフェ -スクアドロン-,-,,ETC,ワーカービー,0,1,その他,その他
2018-06-14,アルファ・システム,シスターズロワイヤル 5姉妹に嫌がらせを受けて困っています,-,,ETC,アルファ・システム,0,1,その他,その他
2018-06-14,Ratalaika Games,ツインロボットDX,-,,ETC,Ratalaika Games,0,1,その他,その他
2018-06-14,コーラス・ワールドワイド,ノーヒーローズ・ヒア,31,,ACT,コーラス・ワールドワイド,0,1,タワーディフェンス×アクション,その他
2018-06-14,アルファ・ユニット,ホイップ! ホイップ!,-,,ETC,アルファ・ユニット,0,1,その他,その他
2018-06-21,レイニーフロッグ,6180 the moon（英語版）,-,,ETC,レイニーフロッグ,0,1,その他,その他
2018-06-21,Mojang/日本マイクロソフト,Minecraft,-,YES,ETC,Mojang/日本マイクロソフト,787_0m_26n,1,その他,その他
2018-06-21,Atypical Games,RADIATION ISLAND,-,,ETC,Atypical Games,0,1,その他,その他
2018-06-21,QubicGames,Robonauts ロボノーツ（英語版）,-,,ETC,QubicGames,0,1,その他,その他
2018-06-21,賈船,Super Toy Cars,-,,ETC,賈船,0,1,その他,その他
2018-06-21,ディースリー・パブリッシャー,THE 麻雀,-,YES,ETC,ディースリー・パブリッシャー,1535_0m_344,1,その他,その他
2018-06-21,ゼロディブ,ガンバード2 for Nintendo Switch,-,,ETC,ゼロディブ,0,1,その他,その他
2018-06-21,ディースリー・パブリッシャー,戦国姫歌〜時果の契り〜,-,,ETC,ディースリー・パブリッシャー,0,1,その他,その他
2018-06-22,任天堂,マリオテニス エース,33,YES,SPT,任天堂,1536_0m_345,1,テニス,その他
2018-06-26,Enhance,ルミネス リマスター,-,,ETC,Enhance,0,1,その他,その他
2018-06-28,Plug In Digital,Burly Men at Sea: 三人の海の男,30,,ADV,Plug In Digital,0,1,アドベンチャー,その他
2018-06-28,Playdead,INSIDE,-,,ETC,Playdead,0,1,その他,その他
2018-06-28,Playdead,LIMBO,-,,ETC,Playdead,0,1,その他,その他
2018-06-28,日本一ソフトウェア,イースVIII -Lacrimosa of DANA-,-,YES,ETC,日本一ソフトウェア,1538_0m_347,1,その他,その他
2018-06-28,イントラゲームズ,サバイブ!ミスター・キューブ,-,,ETC,イントラゲームズ,0,1,その他,その他
2018-06-28,テヨンジャパン,シリアルクリーナー ジョージの裏シゴト,-,,ETC,テヨンジャパン,0,1,その他,その他
2018-06-28,スターサイン,ネオンロード,-,,ETC,スターサイン,0,1,その他,その他
2018-06-28,フライハイワークス,マンティス・バーン・レーシング,-,YES,ETC,フライハイワークス,0,1,その他,その他
2018-06-28,Ratalaika Games,ミッドナイトDX,-,,ETC,Ratalaika Games,0,1,その他,その他
2018-06-28,エクスペリエンス,死印,-,YES,ETC,エクスペリエンス,0,1,その他,その他
2018-06-28,PLAYISM,殺戮の天使,-,,ETC,PLAYISM,0,1,その他,その他
2018-07-04,CFK,ネコぱらVol.1 ソレイユ開店しました!,-,,ETC,CFK,0,1,その他,その他
2018-07-05,マーベラス,ASSAULT GUNNERS HD EDITION,-,,ETC,マーベラス,0,1,その他,その他
2018-07-05,ディースリー・パブリッシャー,Disease -ディジーズ-,-,,ETC,ディースリー・パブリッシャー,0,1,その他,その他
2018-07-05,賈船,Legendary Eleven,-,,ETC,賈船,0,1,その他,その他
2018-07-05,Toge Productions,Ultra Space Battle Brawl,-,,ETC,Toge Productions,0,1,その他,その他
2018-07-05,日本一ソフトウェア,Yonder 青と大地と雲の物語（英語版）,30,,AADV,日本一ソフトウェア,0,1,アクションアドベンチャー,その他
2018-07-05,フライハイワークス,スチームワールドディグ,-,,ETC,フライハイワークス,0,1,その他,その他
2018-07-05,3goo,チャリオット 王様パック,-,,ETC,3goo,0,1,その他,その他
2018-07-05,ビヨンド・インタラクティブ,パンカプ〜オムニアの防人,31,,ACT,ビヨンド・インタラクティブ,0,1,ナラティブ2Dアクション,その他
2018-07-05,ゼロディブ,対戦ホットギミック コスプレ雀 for Nintendo Switch,-,,ETC,ゼロディブ,0,1,その他,その他
2018-07-05,サイバーステップ,暁のブレイカーズ,-,,ETC,サイバーステップ,0,1,その他,その他
2018-07-05,シルバースタージャパン,本格AI搭載 銀星麻雀,-,,ETC,シルバースタージャパン,0,1,その他,その他
2018-07-10,Batterystaple,20XX（英語版）,-,,ETC,Batterystaple,0,1,その他,その他
2018-07-12,DotEmu,Another World,-,,ETC,DotEmu,0,1,その他,その他
2018-07-12,Henchman&Goon,Pode,-,,ETC,Henchman&Goon,0,1,その他,その他
2018-07-12,Kongregate,ザ・トレイル:フロンティアチャレンジ（英語版）,33,,SLG,Kongregate,0,1,クラフトゲーム,その他
2018-07-12,セガゲームス,シャイニング・レゾナンス リフレイン,-,YES,ETC,セガゲームス,0,1,その他,その他
2018-07-12,フライハイワークス,スチームワールドハイスト,32,,SLG,フライハイワークス,0,1,シミュレーション,その他
2018-07-12,Ratalaika Games,スーパーデストロノートDX,-,,ETC,Ratalaika Games,0,1,その他,その他
2018-07-12,レイニーフロッグ,モザイクアート Fill-a-Pix Deluxe,-,,ETC,レイニーフロッグ,0,1,その他,その他
2018-07-12,アークシステムワークス,ラジオハンマーステーション,-,,ETC,アークシステムワークス,0,1,その他,その他
2018-07-12,メビウス,送り犬,-,,ETC,メビウス,0,1,その他,その他
2018-07-13,スクウェア・エニックス,OCTOPATH TRAVELER,36,YES,RPG,スクウェア・エニックス,1447_0m_290n,1,コマンドバトルRPG,その他
2018-07-13,任天堂,進め! キノピオ隊長,-,YES,ETC,任天堂,1581_0m_376,1,その他,その他
2018-07-17,Team17,Mugsters,-,,ETC,Team17,0,1,その他,その他
2018-07-17,ユービーアイソフト,ハングリー シャーク ワールド（英語版）,-,,ETC,ユービーアイソフト,0,1,その他,その他
2018-07-19,日本一ソフトウェア,CLOSED NIGHTMARE,-,YES,ETC,日本一ソフトウェア,0,1,その他,その他
2018-07-19,CIRCLE Ent.,Toki Tori（英語版）,-,,ETC,CIRCLE Ent.,0,1,その他,その他
2018-07-19,PLAYISM,VERTICAL STRIKE ENDLESS CHALLENGE,-,,ETC,PLAYISM,0,1,その他,その他
2018-07-19,Red Panda Interactive,シフトクアンタム Shift Quantum,-,,ETC,Red Panda Interactive,0,1,その他,その他
2018-07-19,スターサイン,ジュラシック ピンボール,-,,ETC,スターサイン,0,1,その他,その他
2018-07-19,トムクリエイト,スターシップアベンジャー 地球奪還大作戦,-,,ETC,トムクリエイト,0,1,その他,その他
2018-07-19,スターサイン,ワールドサッカー ピンボール,-,,ETC,スターサイン,0,1,その他,その他
2018-07-19,バンダイナムコエンターテインメント,太鼓の達人 Nintendo Switchば〜じょん!,-,YES,ETC,バンダイナムコエンターテインメント,1582_0m_377,1,その他,その他
2018-07-24,Gambitious（英語版）,Semblance（英語版）,-,,ETC,Gambitious（英語版）,0,1,その他,その他
2018-07-26,Devolver Digital,Crossing Souls（英語版）,30,,AADV,Devolver Digital,0,1,アクションアドベンチャー,その他
2018-07-26,2Awesome Studio,Dimension Drive,-,,ETC,2Awesome Studio,0,1,その他,その他
2018-07-26,STUDIO GREEN,GREEN,-,,ETC,STUDIO GREEN,0,1,その他,その他
2018-07-26,ベセスダ・ソフトワークス/ゼニマックス・アジア,Wolfenstein II: The New Colossus,-,YES,ETC,ベセスダ・ソフトワークス/ゼニマックス・アジア,0,1,その他,その他
2018-07-26,フライハイワークス,XEODRIFTER,-,,ETC,フライハイワークス,0,1,その他,その他
2018-07-26,エンターグラム,ひぐらしのなく頃に 奉,-,YES,ETC,エンターグラム,0,1,その他,その他
2018-07-26,日本コロムビア,わくわくどうぶつランド,-,YES,ETC,日本コロムビア,0,1,その他,その他
2018-07-26,レイニーフロッグ,ピクセル ライン DX ニューパズル500!,-,,ETC,レイニーフロッグ,0,1,その他,その他
2018-07-26,Merge Games,ルカノール伯爵,-,,ETC,Merge Games,0,1,その他,その他
2018-07-26,カプコン,ロックマンX アニバーサリー コレクション,-,YES,ETC,カプコン,0,1,その他,その他
2018-07-26,カプコン,ロックマンX アニバーサリー コレクション2,-,YES,ETC,カプコン,0,1,その他,その他
2018-07-26,エンターグラム,大図書館の羊飼い -Library Party-,-,YES,ETC,エンターグラム,0,1,その他,その他
2018-07-26,メディアスケープ,東方蒼神縁起V,-,,ETC,メディアスケープ,0,1,その他,その他
2018-07-26,メディアスケープ,海のカケラ,-,,ETC,メディアスケープ,0,1,その他,その他
2018-07-26,日本一ソフトウェア,魔界戦記ディスガイア Refine,-,YES,ETC,日本一ソフトウェア,0,1,その他,その他
2018-08-02,Atypical Games,Battle Supremacy,-,,ETC,Atypical Games,0,1,その他,その他
2018-08-02,ピッキー,Code of Princess EX,-,YES,ETC,ピッキー,0,1,その他,その他
2018-08-02,Deck 13（英語版）,Flat Heroes,32,,ACT,Deck 13（英語版）,0,1,回避アクション,その他
2018-08-02,DANGEN Entertainment,Iconoclasts,-,,ETC,DANGEN Entertainment,0,1,その他,その他
2018-08-02,Ska Studios（英語版）,Salt and Sanctuary（英語版）,-,,ETC,Ska Studios（英語版）,0,1,その他,その他
2018-08-02,ディースリー・パブリッシャー,あつまれ!金魚すくい,-,,ETC,ディースリー・パブリッシャー,0,1,その他,その他
2018-08-02,デジマース,アイリス魔法学園〜Vinculum Hearts〜,-,,ETC,デジマース,0,1,その他,その他
2018-08-02,フライハイワークス,ガンズゴア&カノーリ2,-,,ETC,フライハイワークス,0,1,その他,その他
2018-08-02,スクウェア・エニックス,サガ スカーレット グレイス 緋色の野望,32,YES,RPG,スクウェア・エニックス,0,1,RPG,その他
2018-08-02,ジュピター,ピクロスS2,-,,ETC,ジュピター,0,1,その他,その他
2018-08-02,バンダイナムコエンターテインメント,プロ野球 ファミスタ エボリューション,32,YES,SPT,バンダイナムコエンターテインメント,1638_0m_407,1,野球アクション,その他
2018-08-02,ワーナー ブラザース ジャパン,レゴ インクレディブル・ファミリー,32,YES,AADV,ワーナー ブラザース ジャパン,0,1,アクションアドベンチャー,その他
2018-08-02,ドラス,図書館SW・名作100選+α,-,,ETC,ドラス,0,1,その他,その他
2018-08-07,Motion Twin（英語版）,Dead Cells（英語版）,33,,ACT,Motion Twin（英語版）,0,1,ローグライクアクション,その他
2018-08-07,Team17（英語版）,Overcooked 2 - オーバークック 2,31,YES,ACT,Team17（英語版）,0,1,クッキングアクション,その他
2018-08-09,角川ゲームス,Darkest Dungeon（英語版）,31,YES,RPG,角川ゲームス,0,1,ローグライクRPG,その他
2018-08-09,Hitcents（英語版）,Draw a Stickman: EPIC 2,-,,ETC,Hitcents（英語版）,0,1,その他,その他
2018-08-09,ドラス,EXTREME POKER,-,,ETC,ドラス,0,1,その他,その他
2018-08-09,Devolver Digital,Minit,30,,AADV,Devolver Digital,0,1,アクションアドベンチャー,その他
2018-08-09,Team17,The Escapists 2,-,,ETC,Team17,0,1,その他,その他
2018-08-09,レイニーフロッグ,かいぞくポップ,-,,ETC,レイニーフロッグ,0,1,その他,その他
2018-08-09,MUTAN,ひっくりガエル,-,,ETC,MUTAN,0,1,その他,その他
2018-08-09,ソニックパワード,わくわくスイーツ あまい おかしが できるかな?,-,YES,ETC,ソニックパワード,0,1,その他,その他
2018-08-09,フライハイワークス,スバラシティ,-,,ETC,フライハイワークス,0,1,その他,その他
2018-08-09,SAT-BOX,チョークダッシュカーニバル,-,,ETC,SAT-BOX,0,1,その他,その他
2018-08-09,シルバースタージャパン,テト字ス,-,,ETC,シルバースタージャパン,0,1,その他,その他
2018-08-09,3goo,フラッシュバック,-,,ETC,3goo,0,1,その他,その他
2018-08-09,レベルファイブ,レイトン ミステリージャーニー カトリーエイルと大富豪の陰謀 DX,35,YES,PZL,レベルファイブ,1643_0m_412n,1,ナゾトキ・ファンタジーアドベンチャー,その他
2018-08-09,CIRCLE Ent.,世界の覇者X,-,,ETC,CIRCLE Ent.,0,1,その他,その他
2018-08-09,カプコン,大神 絶景版,-,YES,ETC,カプコン,1640_0m_409,1,その他,その他
2018-08-09,アークシステムワークス,探偵 神宮寺三郎 PRISM OF EYES,32,YES,ADV,アークシステムワークス,0,1,推理アドベンチャー,その他
2018-08-09,ディースリー・パブリッシャー,新撰組アメイジング〜火照る躰と恋炎〜,-,,ETC,ディースリー・パブリッシャー,0,1,その他,その他
2018-08-20,Raw Fury,Bad North,-,,ETC,Raw Fury,0,1,その他,その他
2018-08-20,Double Eleven,Prison Architect: Nintendo Switch Edition,-,,ETC,Double Eleven,0,1,その他,その他
2018-08-23,indienova,Flood of Light,-,,ETC,indienova,0,1,その他,その他
2018-08-23,Higgs Games,Moorhuhn Remake（英語版）,-,,ETC,Higgs Games,0,1,その他,その他
2018-08-23,Atypical Games,Sky Gamblers: Storm Raiders（英語版）,-,,ETC,Atypical Games,0,1,その他,その他
2018-08-23,Topstitch Games,Treadnauts（英語版）,-,,ETC,Topstitch Games,0,1,その他,その他
2018-08-23,エンターグラム,キミの瞳にヒットミー,-,,ETC,エンターグラム,0,1,その他,その他
2018-08-23,PLAYISM,ケロブラスター,31,,ASHT,PLAYISM,0,1,2Dアクションシューティング,その他
2018-08-23,CIRCLE Ent.,シェルター ジェネレーション（英語版）,-,,ETC,CIRCLE Ent.,0,1,その他,その他
2018-08-23,Wobbly Tooth,トイスタントバイク〜チポトポトライアルズ〜,-,,ETC,Wobbly Tooth,0,1,その他,その他
2018-08-23,ケムコ,フェルンズゲート,-,,ETC,ケムコ,0,1,その他,その他
2018-08-23,Cosmoscope,モーフィーズ・ロウ,-,,ETC,Cosmoscope,0,1,その他,その他
2018-08-23,Rising Star Games,レッドズ キングダム,-,,ETC,Rising Star Games,0,1,その他,その他
2018-08-23,バンダイナムコエンターテインメント,僕のヒーローアカデミア One's Justice,31,YES,ACT,バンダイナムコエンターテインメント,0,1,対戦アクション,その他
2018-08-23,Coconut Island Games,汐,-,,ETC,Coconut Island Games,0,1,その他,その他
2018-08-23,賈船,螢幕判官 Behind The Screen,-,,ETC,賈船,0,1,その他,その他
2018-08-30,ピッキー,Blade Strangers,-,YES,ETC,ピッキー,0,1,その他,その他
2018-08-30,Gearbox Publishing,Burnstar,-,,ETC,Gearbox Publishing,0,1,その他,その他
2018-08-30,Radial Games,Mini Metro,33,,PZL,Radial Games,0,1,パズルシミュレーション,その他
2018-08-30,eastasiasoft,Plague Road,-,,ETC,eastasiasoft,0,1,その他,その他
2018-08-30,賈船,SIX SIDES OF THE WORLD ENHANCED,-,,ETC,賈船,0,1,その他,その他
2018-08-30,Devolver Digital,The Messenger,32,,ACT,Devolver Digital,0,1,忍者アクション,その他
2018-08-30,CIRCLE Ent.,Toki Tori 2+（英語版）,-,,ETC,CIRCLE Ent.,0,1,その他,その他
2018-08-30,Gモード,みんなで空気読み。,-,,ETC,Gモード,0,1,その他,その他
2018-08-30,シティコネクション,サイヴァリア デルタ,31,YES,SHT,シティコネクション,0,1,縦スクロールシューティング,その他
2018-08-30,コーラス・ワールドワイド,ザ・ビデオキッド,-,,ETC,コーラス・ワールドワイド,0,1,その他,その他
2018-08-30,Ratalaika Games,テトラのエスケープ,-,,ETC,Ratalaika Games,0,1,その他,その他
2018-08-30,オーイズミ・アミュージオ,テニス ワールドツアー,-,YES,ETC,オーイズミ・アミュージオ,0,1,その他,その他
2018-08-30,マーベラス,フリーダムプラネット（英語版）,-,,ETC,マーベラス,0,1,その他,その他
2018-08-30,マーベラス,リトルドラゴンズカフェ -ひみつの竜とふしぎな島-,31,YES,ETC,マーベラス,0,1,ドラマチック冒険生活ゲーム,その他
2018-08-30,アークシステムワークス,ワールドエンド・シンドローム,32,YES,ADV,アークシステムワークス,0,1,ミステリー×恋愛アドベンチャー,その他
2018-08-30,ディースリー・パブリッシャー,学園CLUB〜放課後のヒミツ〜,-,,ETC,ディースリー・パブリッシャー,0,1,その他,その他
2018-08-30,アークシステムワークス,斬!斬!斬!,-,,ETC,アークシステムワークス,0,1,その他,その他
2018-08-30,シルバースタージャパン,本格AI搭載 大富豪,-,,ETC,シルバースタージャパン,0,1,その他,その他
2018-08-30,ハピネット,百鬼城 公儀隠密録,-,,ETC,ハピネット,0,1,その他,その他
2018-08-30,Phoenixx前:UNTIES,舞華蒼魔鏡,-,,ETC,Phoenixx前:UNTIES,0,1,その他,その他
2018-09-04,Team17,PLANET ALPHA,-,,ETC,Team17,0,1,その他,その他
2018-09-06,Devolver Digital,Broforce,-,,ETC,Devolver Digital,0,1,その他,その他
2018-09-06,Abylight,Hyper Light Drifter - スペシャルエディション（英語版）,33,,ARPG,Abylight,0,1,アクションRPG,その他
2018-09-06,SNK,SNKヒロインズ Tag Team Frenzy（英語版）,31,YES,FTG,SNK,0,1,対戦格闘,その他
2018-09-06,Darkwind Media,Wulverblade,-,,ETC,Darkwind Media,0,1,その他,その他
2018-09-06,デジマース,にゃんらぶ〜私の恋の見つけ方〜,-,,ETC,デジマース,0,1,その他,その他
2018-09-06,アイ・ティー・エル,めんトリパズル,-,,ETC,アイ・ティー・エル,0,1,その他,その他
2018-09-06,スターサイン,アイスクリームサーファー,-,,ETC,スターサイン,0,1,その他,その他
2018-09-06,フライハイワークス,スパイダーソリティアF,-,,ETC,フライハイワークス,0,1,その他,その他
2018-09-06,ジョイフルテーブル,中華大仙,-,,ETC,ジョイフルテーブル,0,1,その他,その他
2018-09-06,SEEC,籠庭のクックロビン,-,,ETC,SEEC,0,1,その他,その他
2018-09-06,アイディアファクトリー,薄桜鬼 真改 風華伝 for Nintendo Switch,-,YES,ETC,アイディアファクトリー,1758_0m_487n,1,その他,その他
2018-09-06,JetDogs,見性,-,,ETC,JetDogs,0,1,その他,その他
2018-09-07,テイクツー・インタラクティブ・ジャパン,NBA 2K19 20周年記念エディション,-,YES,ETC,テイクツー・インタラクティブ・ジャパン,0,1,その他,その他
2018-09-13,アイディアファクトリー,Code:Realize 〜彩虹の花束〜 for Nintendo Switch,-,YES,ETC,アイディアファクトリー,0,1,その他,その他
2018-09-13,ChubbyPixel,Suicide Guy,-,,ETC,ChubbyPixel,0,1,その他,その他
2018-09-13,クラウズ プレイカンパニー,おしゃべり!カケジョ!〜奪われたドットコインを追え!〜,-,,ETC,クラウズ プレイカンパニー,0,1,その他,その他
2018-09-13,Nekki,シャドウファイト2（英語版）,-,,ETC,Nekki,0,1,その他,その他
2018-09-13,LAN - GAMES EOOD,レントフォーチュン,-,,ETC,LAN - GAMES EOOD,0,1,その他,その他
2018-09-13,スターサイン,ワーウルフピンボール,-,,ETC,スターサイン,0,1,その他,その他
2018-09-14,スクウェア・エニックス,FINAL FANTASY XV POCKET EDITION HD,-,,ETC,スクウェア・エニックス,0,1,その他,その他
2018-09-14,任天堂,Nintendo Labo Toy-Con 03: Drive Kit,-,YES,ETC,任天堂,1821_0m_520,1,その他,その他
2018-09-14,Paradox Interactive,シティーズ:スカイライン - Nintendo Switch Edition,32,,SLG,Paradox Interactive,0,1,都市開発シミュレーション,その他
2018-09-15,ハチノヨン,UNDERTALE,33,YES,RPG,ハチノヨン,1814_0m_516,1,RPG,その他
2018-09-19,任天堂,ファミリーコンピュータ Nintendo Classics,-,,ETC,任天堂,0,1,その他,その他
2018-09-20,Flightless,Element エレメント,-,,ETC,Flightless,0,1,その他,その他
2018-09-20,GAMEPOCH,Life Goes On,-,,ETC,GAMEPOCH,0,1,その他,その他
2018-09-20,Devolver Digital,Reigns: Kings & Queens,32,,ADV,Devolver Digital,0,1,アドベンチャー,その他
2018-09-20,MAGES.,STEINS;GATE ELITE,-,YES,ETC,MAGES.,0,1,その他,その他
2018-09-20,The Voxel Agents（英語版）,The Gardens Between,30,,ADV,The Voxel Agents（英語版）,0,1,パズルアドベンチャー,その他
2018-09-20,ディースリー・パブリッシャー,THE カード 〜ポーカー、テキサスホールデム、ブラックジャック、ページワン〜,-,,ETC,ディースリー・パブリッシャー,0,1,その他,その他
2018-09-20,カプコン,カプコン ベルトアクション コレクション,-,YES,ETC,カプコン,1976_0m_618,1,その他,その他
2018-09-20,レイニーフロッグ,ステレデン バイナリースターズ,-,,ETC,レイニーフロッグ,0,1,その他,その他
2018-09-20,スターサイン,ダーツUP,-,,ETC,スターサイン,0,1,その他,その他
2018-09-20,コーエーテクモゲームス,トトリのアトリエ 〜アーランドの錬金術師2〜 DX,-,YES,ETC,コーエーテクモゲームス,0,1,その他,その他
2018-09-20,アイディアファクトリー,ニル・アドミラリ天秤 色ドリ撫子,-,YES,ETC,アイディアファクトリー,1762_0m_491n,1,その他,その他
2018-09-20,コーエーテクモゲームス,メルルのアトリエ 〜アーランドの錬金術師3〜 DX,-,YES,ETC,コーエーテクモゲームス,0,1,その他,その他
2018-09-20,コーエーテクモゲームス,ロロナのアトリエ 〜アーランドの錬金術師〜 DX,-,YES,ETC,コーエーテクモゲームス,0,1,その他,その他
2018-09-20,システムソフト・アルファー,大戦略パーフェクト4.0,-,YES,ETC,システムソフト・アルファー,0,1,その他,その他
2018-09-20,ZENITH BLUE,巫剣神威控,-,,ETC,ZENITH BLUE,0,1,その他,その他
2018-09-20,ケムコ,最悪なる災厄人間に捧ぐ,31,,ADV,ケムコ,0,1,ホラーアドベンチャー,その他
2018-09-21,任天堂,ゼノブレイド2 黄金の国イーラ,35,YES,RPG,任天堂,0,1,RPG,その他
2018-09-25,Tencent Games,Arena of Valor,-,,ETC,Tencent Games,0,1,その他,その他
2018-09-25,Clever Endeavour Games,Ultimate Chicken Horse（英語版）,-,,ETC,Clever Endeavour Games,0,1,その他,その他
2018-09-27,カエルエックス,BEAST Darling! 〜けもみみ男子と秘密の寮〜,-,,ETC,カエルエックス,0,1,その他,その他
2018-09-27,レイニーフロッグ,Bridge Constructor Portal,-,,ETC,レイニーフロッグ,0,1,その他,その他
2018-09-27,SEモバイル・アンド・オンライン,Dokuro,34,,ACT,SEモバイル・アンド・オンライン,0,1,ギミックアクション,その他
2018-09-27,Higgs Games,Moorhuhn Wanted（英語版）,-,,ETC,Higgs Games,0,1,その他,その他
2018-09-27,オーイズミ・アミュージオ,MotoGP 18,-,YES,ETC,オーイズミ・アミュージオ,0,1,その他,その他
2018-09-27,アイディアファクトリー,NORN9 LOFN for Nintendo Switch,-,YES,ETC,アイディアファクトリー,0,1,その他,その他
2018-09-27,スクウェア・エニックス,すばらしきこのせかい -Final Remix-,33,YES,ARPG,スクウェア・エニックス,0,1,アクションRPG,その他
2018-09-27,League of Geeks,アルメロ（英語版）,-,,ETC,League of Geeks,0,1,その他,その他
2018-09-27,ウインライト,エレメンタルナイツR,-,,ETC,ウインライト,0,1,その他,その他
2018-09-27,ヴューズ,シークレットゲーム KILLER QUEEN for Nintendo Switch,-,,ETC,ヴューズ,0,1,その他,その他
2018-09-27,バンダイナムコエンターテインメント,ドラゴンボール ファイターズ,-,YES,ETC,バンダイナムコエンターテインメント,1772_0m_501,1,その他,その他
2018-09-27,ワーカービー,ドリームアローン -Dream Alone-,-,,ETC,ワーカービー,0,1,その他,その他
2018-09-27,スターサイン,マミーピンボール,-,,ETC,スターサイン,0,1,その他,その他
2018-09-27,ライドオンジャパン,マーセナリーズウィングス 偽りの不死鳥,-,,ETC,ライドオンジャパン,0,1,その他,その他
2018-09-27,ヴューズ,リベリオンズ Secret Game 2nd Stage for Nintendo Switch,-,,ETC,ヴューズ,0,1,その他,その他
2018-09-27,日本一ソフトウェア,ルフランの地下迷宮と魔女ノ旅団,36,YES,RPG,日本一ソフトウェア,0,1,ダンジョンRPG,その他
2018-09-27,プリズムプラス,ルームズ アンとジョージの不思議なパズル,-,,ETC,プリズムプラス,0,1,その他,その他
2018-09-27,セガゲームス,戦場のヴァルキュリア for Nintendo Switch,-,,ETC,セガゲームス,0,1,その他,その他
2018-09-27,セガゲームス,戦場のヴァルキュリア4,35,YES,SRPG,セガゲームス,0,1,アクティブ・シミュレーションRPG,その他
2018-09-27,コーエーテクモゲームス,無双OROCHI 3,35,YES,ACT,コーエーテクモゲームス,0,1,タクティカルアクション,その他
2018-09-28,エレクトロニック・アーツ,FIFA 19,36,YES,SPT,エレクトロニック・アーツ,1775_0m_504n,1,サッカー,その他
2018-10-04,ワーカービー,Battle Chasers: Nightwar（英語版）,-,,ETC,ワーカービー,0,1,その他,その他
2018-10-04,eastasiasoft,FullBlast,-,,ETC,eastasiasoft,0,1,その他,その他
2018-10-04,フリュー,WORK×WORK,32,YES,RPG,フリュー,0,1,RPG,その他
2018-10-04,レイニーフロッグ,うごくジグソーパズル 美しき女性,-,,ETC,レイニーフロッグ,0,1,その他,その他
2018-10-04,ジュピター,けものフレンズピクロス,-,,ETC,ジュピター,0,1,その他,その他
2018-10-04,日本コロムビア,すみっコぐらし あつまれ!すみっコタウン,30,YES,TBL,日本コロムビア,1922_0m_578,1,すみっコミュニケーション,その他
2018-10-04,UNTIES,マヨナカ・ガラン,30,,ADV,UNTIES,0,1,オカルトホラーノベル,その他
2018-10-04,ケムコ,レヴナントドグマ,-,,ETC,ケムコ,0,1,その他,その他
2018-10-04,カプコン,ロックマン11 運命の歯車!!,32,YES,ACT,カプコン,0,1,横スクロールアクション,その他
2018-10-05,ユービーアイソフト,アサシン クリード オデッセイ - クラウドバージョン,-,,ETC,ユービーアイソフト,0,1,その他,その他
2018-10-05,任天堂,スーパー マリオパーティ,34,YES,TBL,任天堂,1924_0m_580,1,パーティーゲーム,その他
2018-10-11,QubicGames,One Strike一騎打ち,-,,ETC,QubicGames,0,1,その他,その他
2018-10-11,レイニーフロッグ,PERFECT ANGLE イリュージョン パズル,-,,ETC,レイニーフロッグ,0,1,その他,その他
2018-10-11,アークシステムワークス,The MISSING -J.J.マクフィールドと追憶島-（英語版）,-,,ETC,アークシステムワークス,0,1,その他,その他
2018-10-11,WeirdBeard,Tricky Towers（英語版）,-,,ETC,WeirdBeard,0,1,その他,その他
2018-10-11,カイロソフト,ゆけむり温泉郷,-,,ETC,カイロソフト,0,1,その他,その他
2018-10-11,カイロソフト,ゲーム発展国++,-,,ETC,カイロソフト,0,1,その他,その他
2018-10-11,ユービーアイソフト,チャイルド オブ ライト,35,,RPG,ユービーアイソフト,0,1,2D RPG,その他
2018-10-11,ギフトテンインダストリ,マドリカ不動産,32,,PZL,ギフトテンインダストリ,0,1,謎解きゲーム,その他
2018-10-11,カイロソフト,冒険ダンジョン村,-,,ETC,カイロソフト,0,1,その他,その他
2018-10-12,レコチョク,レコチョク,-,,ETC,レコチョク,0,1,その他,その他
2018-10-16,テイクツー・インタラクティブ・ジャパン,NBA 2K プレイグラウンド2（英語版）,-,,ETC,テイクツー・インタラクティブ・ジャパン,0,1,その他,その他
2018-10-18,オニオンゲームス,BLACK BIRD,32,,SHT,オニオンゲームス,0,1,循環型シューティング,その他
2018-10-18,フロム・ソフトウェア,DARK SOULS REMASTERED,-,YES,ETC,フロム・ソフトウェア,1440_0m_284,1,その他,その他
2018-10-18,ヴューズ,Dies irae 〜Amantes amentes〜 For Nintendo Switch,-,,ETC,ヴューズ,0,1,その他,その他
2018-10-18,Another Indie Studio,SINNER: Sacrifice for Redemption,-,,ETC,Another Indie Studio,0,1,その他,その他
2018-10-18,Drageus Games,Tactical Mind タクティカル・マインド,-,,ETC,Drageus Games,0,1,その他,その他
2018-10-18,Shin'en Multimedia（英語版）,アートオブバランス（英語版）,30,,PZL,Shin'en Multimedia（英語版）,0,1,バランスパズル,その他
2018-10-18,セガゲームス,クラッシュ・バンディクー ブッとび3段もり! ボーナスエディション,-,YES,ETC,セガゲームス,0,1,その他,その他
2018-10-18,Team17,ザ・ルーム（英語版）,-,,ETC,Team17,0,1,その他,その他
2018-10-18,Plug In Digital,モモンガ ピンボール アドベンチャー,-,,ETC,Plug In Digital,0,1,その他,その他
2018-10-18,MythicOwl,六方 論理,-,,ETC,MythicOwl,0,1,その他,その他
2018-10-18,ゼロディブ,戦国キャノン for Nintendo Switch,-,,ETC,ゼロディブ,0,1,その他,その他
2018-10-23,DotEmu,フライングパワーディスク: Windjammers（英語版）,31,,SPT,DotEmu,0,1,スポーツ,その他
2018-10-25,アイディアファクトリー,Cendrillon palikA,-,YES,ETC,アイディアファクトリー,0,1,その他,その他
2018-10-25,RED FLAG SHIP,EVE burst error R,-,,ETC,RED FLAG SHIP,0,1,その他,その他
2018-10-25,Annapurna Interactive,Gone Home,-,,ETC,Annapurna Interactive,0,1,その他,その他
2018-10-25,メディアスケープ,Magic Scroll Tactics,-,,ETC,メディアスケープ,0,1,その他,その他
2018-10-25,eastasiasoft,Shikhondo - 食魂徒,-,,ETC,eastasiasoft,0,1,その他,その他
2018-10-25,KONAMI,Snake Pass（英語版）,-,,ETC,KONAMI,0,1,その他,その他
2018-10-25,おふぃす5656,おとぎパズル〜魔法のオブジェ〜,-,,ETC,おふぃす5656,0,1,その他,その他
2018-10-25,セガゲームス,ぷよぷよeスポーツ,-,,ETC,セガゲームス,0,1,その他,その他
2018-10-25,レイニーフロッグ,わいわい!ウォールチャレンジ,-,,ETC,レイニーフロッグ,0,1,その他,その他
2018-10-25,オーイズミ・アミュージオ,シャンティ -海賊の呪い- for Nintendo Switch,-,,ETC,オーイズミ・アミュージオ,0,1,その他,その他
2018-10-25,カプコン,ストリートファイター 30th アニバーサリーコレクション インターナショナル,-,YES,ETC,カプコン,0,1,その他,その他
2018-10-25,Gモード,スパイダーソリティア BLACK,-,,ETC,Gモード,0,1,その他,その他
2018-10-25,フライハイワークス,セブン・ビリオン・ヒューマンズ,-,,ETC,フライハイワークス,0,1,その他,その他
2018-10-25,PIACCI,ノラと皇女と野良猫ハート HD,-,YES,ETC,PIACCI,0,1,その他,その他
2018-10-25,Superb,ピアニスタ,-,,ETC,Superb,0,1,その他,その他
2018-10-25,フリュー,ベイブレードバースト バトルゼロ,30,YES,TBL,フリュー,0,1,ベイブレードバトル,その他
2018-10-25,MAGES.,メモリーズオフ -Innocent Fille-,32,YES,ADV,MAGES.,0,1,恋愛アドベンチャー,その他
2018-10-25,ワーナー ブラザース ジャパン,レゴ DC スーパーヴィランズ（英語版）,32,YES,AADV,ワーナー ブラザース ジャパン,0,1,アクションアドベンチャー,その他
2018-10-25,日本一ソフトウェア,夜廻と深夜廻 for Nintendo Switch,-,YES,ETC,日本一ソフトウェア,1932_0m_587n,1,その他,その他
2018-10-25,ラクジン,怪盗ツインズ,-,,ETC,ラクジン,0,1,その他,その他
2018-10-25,アンバランス,最強の麻雀 〜100万人のための麻雀道場〜,-,,ETC,アンバランス,0,1,その他,その他
2018-10-30,ユービーアイソフト,リスク:世界征服ゲーム,-,,ETC,ユービーアイソフト,0,1,その他,その他
2018-11-01,Skeleton Crew Studio,A Hole New World,-,,ETC,Skeleton Crew Studio,0,1,その他,その他
2018-11-01,Nitrome,Bomb Chicken（英語版）,-,,ETC,Nitrome,0,1,その他,その他
2018-11-01,Amanita Design（英語版）,Machinarium,32,,ADV,Amanita Design（英語版）,0,1,パズルアドベンチャー,その他
2018-11-01,PLAYISM,クロワルール・シグマ,30,,ACT,PLAYISM,0,1,一騎当千ハイスピードアクション,その他
2018-11-01,レイニーフロッグ,ティンバーマン VS エディション,-,,ETC,レイニーフロッグ,0,1,その他,その他
2018-11-01,メディアファイブ,ナナミと一緒に学ぼ! English 上達のコツ 理論編,-,,ETC,メディアファイブ,0,1,その他,その他
2018-11-01,バンダイナムコエンターテインメント,ネコ・トモ,33,YES,ETC,バンダイナムコエンターテインメント,1936_0m_590,1,家族ができちゃうゲーム,その他
2018-11-01,PQube,マダルダッシュ,-,,ETC,PQube,0,1,その他,その他
2018-11-01,テヨンジャパン,マニュアル・サミュエル 〜死神との約束〜,-,,ETC,テヨンジャパン,0,1,その他,その他
2018-11-01,CIRCLE Ent.,レッドストリート - 悪魔の挑戦デラックス,-,,ETC,CIRCLE Ent.,0,1,その他,その他
2018-11-06,テイクツー・インタラクティブ・ジャパン,みんなでカーニバル・ゲーム!（英語版）,-,,ETC,テイクツー・インタラクティブ・ジャパン,0,1,その他,その他
2018-11-06,スクウェア・エニックス,ワールド オブ ファイナルファンタジー マキシマ,-,,ETC,スクウェア・エニックス,0,1,その他,その他
2018-11-08,Daedalic GmbH（英語版）,State of Mind,-,,ETC,Daedalic GmbH（英語版）,0,1,その他,その他
2018-11-08,サクセス,お絵かきパズル1000!,-,,ETC,サクセス,0,1,その他,その他
2018-11-08,PLAYISM,アスタブリード,32,,SHT,PLAYISM,0,1,2.5Dシューティング,その他
2018-11-08,フライハイワークス,ゴースト-1.0-（英語版）,-,,ETC,フライハイワークス,0,1,その他,その他
2018-11-08,スターサイン,ゴーストプリズン,-,,ETC,スターサイン,0,1,その他,その他
2018-11-08,コーラス・ワールドワイド,ジェットメロ:ヒーロー・オブ・ザ・ユニバース,-,,ETC,コーラス・ワールドワイド,0,1,その他,その他
2018-11-08,ユービーアイソフト,バリアント ハート ザ グレイト ウォー,-,,ETC,ユービーアイソフト,0,1,その他,その他
2018-11-08,フリュー,ピカちんキット ゲームでピラメキ大作戦!,-,YES,ETC,フリュー,0,1,その他,その他
2018-11-08,SAT-BOX,ボクらの消しゴム落とし,-,,ETC,SAT-BOX,0,1,その他,その他
2018-11-08,ワーカービー,ロスト・イン・ハーモニー -Lost in Harmony-,-,,ETC,ワーカービー,0,1,その他,その他
2018-11-09,Google,YouTube,-,,ETC,Google,0,1,その他,その他
2018-11-15,賈船,Destruction,-,,ETC,賈船,0,1,その他,その他
2018-11-15,ダブルドライブ,GEM CRASH,-,,ETC,ダブルドライブ,0,1,その他,その他
2018-11-15,角川ゲームス,RPGツクールMV Trinity,-,YES,ETC,角川ゲームス,0,1,その他,その他
2018-11-15,Abylight,Super Hydorah - スーパーハイドラ（英語版）,-,,ETC,Abylight,0,1,その他,その他
2018-11-15,PLAYISM,Will -素晴らしき世界-,34,,ADV,PLAYISM,0,1,パズルアドベンチャー,その他
2018-11-15,日本コロムビア,げっし〜ず がじがじなかまをそだてよう,-,YES,ETC,日本コロムビア,0,1,その他,その他
2018-11-15,ユービーアイソフト,スポーツパーティー,-,YES,ETC,ユービーアイソフト,0,1,その他,その他
2018-11-15,メイキング,ソリティア BATTLE ROYAL,-,,ETC,メイキング,0,1,その他,その他
2018-11-15,Rising Star Games,トレイルブレイザーズ,-,,ETC,Rising Star Games,0,1,その他,その他
2018-11-15,ユービーアイソフト,レジェンダリー フィッシング,-,YES,ETC,ユービーアイソフト,0,1,その他,その他
2018-11-16,テイクツー・インタラクティブ・ジャパン,シドマイヤーズ シヴィライゼーションVI,31,YES,RTS,テイクツー・インタラクティブ・ジャパン,2094_0m_702,1,ターン制ストラテジー,その他
2018-11-16,ポケモン,ポケットモンスター Let's Go! イーブイ,37,YES,RPG,ポケモン,1940_0m_594,1,RPG,その他
2018-11-16,ポケモン,ポケットモンスター Let's Go! ピカチュウ,37,YES,RPG,ポケモン,1941_0m_595,1,RPG,その他
2018-11-21,Digital Extremes（英語版）,Warframe,-,,ETC,Digital Extremes（英語版）,0,1,その他,その他
2018-11-21,バンダイナムコエンターテインメント,なりキッズパーク HUGっと!プリキュア,-,YES,ETC,バンダイナムコエンターテインメント,0,1,その他,その他
2018-11-21,バンダイナムコエンターテインメント,なりキッズパーク ウルトラマンR/B,-,YES,ETC,バンダイナムコエンターテインメント,0,1,その他,その他
2018-11-21,バンダイナムコエンターテインメント,なりキッズパーク 快盗戦隊ルパンレンジャーVS警察戦隊パトレンジャー,-,YES,ETC,バンダイナムコエンターテインメント,0,1,その他,その他
2018-11-22,日本一ソフトウェア,Hand of Fate 2（英語版）,30,,ARPG,日本一ソフトウェア,0,1,アクションRPG,その他
2018-11-22,eastasiasoft,Hyper Sentinel,-,,ETC,eastasiasoft,0,1,その他,その他
2018-11-22,レイニーフロッグ,I Am The Hero,-,,ETC,レイニーフロッグ,0,1,その他,その他
2018-11-22,ピッキー,The Binding of Isaac: Rebirth（英語版）,-,,ETC,ピッキー,0,1,その他,その他
2018-11-22,コーラス・ワールドワイド,バートラム・フィドルの冒険 エピソード2:惨々たる誤算,-,,ETC,コーラス・ワールドワイド,0,1,その他,その他
2018-11-22,プロトタイプ,三国恋戦記〜オトメの兵法!〜,32,YES,ADV,プロトタイプ,1945_0m_599,1,恋愛アドベンチャー,その他
2018-11-29,レイニーフロッグ,Castle of Heart,-,,ETC,レイニーフロッグ,0,1,その他,その他
2018-11-29,Another Indie Studio,NAIRI: Tower of Shirin,-,,ETC,Another Indie Studio,0,1,その他,その他
2018-11-29,Tozai Games,R-Type Dimensions EX,-,,ETC,Tozai Games,0,1,その他,その他
2018-11-29,David Wehle,The First Tree,-,,ETC,David Wehle,0,1,その他,その他
2018-11-29,スターサイン,アニマルハンターZ,-,,ETC,スターサイン,0,1,その他,その他
2018-11-29,Aksys Games,スターダスト ギャラクシー ウォリアーズ:ステラー クライマックス,-,,ETC,Aksys Games,0,1,その他,その他
2018-11-29,Winking,ドント・ノック・トワイス（英語版）,-,,ETC,Winking,0,1,その他,その他
2018-11-29,バンダイナムコエンターテインメント,ビリオンロード,32,YES,TBL,バンダイナムコエンターテインメント,0,1,ボードゲーム,その他
2018-11-29,カエルエックス,マドリスR,-,,ETC,カエルエックス,0,1,その他,その他
2018-11-29,ケムコ,マレニア国の冒険酒場 〜パティアとハラペコの神〜,-,,ETC,ケムコ,0,1,その他,その他
2018-11-29,デジカ,ライバル・メガガン,-,,ETC,デジカ,0,1,その他,その他
2018-11-29,日本一ソフトウェア,ラピス・リ・アビス,31,YES,ARPG,日本一ソフトウェア,1949_0m_602,1,アクションRPG,その他
2018-11-29,サンソフト,上海 Refresh,-,YES,ETC,サンソフト,0,1,その他,その他
2018-11-29,バンダイナムコエンターテインメント,仮面ライダー クライマックススクランブル ジオウ,-,YES,ETC,バンダイナムコエンターテインメント,1963_0m_613,1,その他,その他
2018-11-29,ピッキー（日本）Nicalis（全世界）,助けてタコさん,-,,ETC,ピッキー（日本）Nicalis（全世界）,0,1,その他,その他
2018-11-29,Phoenixx前:UNTIES,幻想郷ディフェンダーズ,-,,ETC,Phoenixx前:UNTIES,0,1,その他,その他
2018-11-29,ドラス,秋葉原クラッシュ! 123ステージ+1,-,,ETC,ドラス,0,1,その他,その他
2018-11-29,バンダイナムコエンターテインメント,超・逃走中&超・戦闘中 ダブルパック,-,YES,ETC,バンダイナムコエンターテインメント,1991_0m_631,1,その他,その他
2018-12-04,FDG Entertainment,モンスターボーイ 呪われた王国（英語版）,32,,ARPG,FDG Entertainment,0,1,アクションRPG,その他
2018-12-06,レイニーフロッグ,Hollow,-,,ETC,レイニーフロッグ,0,1,その他,その他
2018-12-06,イマジニア,LITTLE FRIENDS -DOGS & CATS-,-,YES,ETC,イマジニア,0,1,その他,その他
2018-12-06,スターサイン,Super Volley Blast,-,,ETC,スターサイン,0,1,その他,その他
2018-12-06,eastasiasoft,The Bug Butcher,-,,ETC,eastasiasoft,0,1,その他,その他
2018-12-06,トローゼ,アニマス,-,,ETC,トローゼ,0,1,その他,その他
2018-12-07,任天堂,大乱闘スマッシュブラザーズ SPECIAL,38,YES,ACT,任天堂,1950_0m_603,1,対戦アクション,その他
2018-12-11,Akupara Games,Desert Child〜砂漠の子〜,-,,ETC,Akupara Games,0,1,その他,その他
2018-12-11,ROCKFISH Games,Everspace - Stellar Edition（英語版）,-,,ETC,ROCKFISH Games,0,1,その他,その他
2018-12-11,Raw Fury,Kingdom: Two Crowns（英語版）,31,,RTS,Raw Fury,0,1,タワーディフェンス,その他
2018-12-13,eastasiasoft,Blue Rider,-,,ETC,eastasiasoft,0,1,その他,その他
2018-12-13,Higgs Games,Bring Them Home ブリング・ゼム・ホーム,-,,ETC,Higgs Games,0,1,その他,その他
2018-12-13,賈船,Fight of Gods,-,,ETC,賈船,0,1,その他,その他
2018-12-13,Devolver Digital,GRIS,33,,ACT,Devolver Digital,0,1,パズルアクション,その他
2018-12-13,Twisted Pixel（英語版）,Ms. Splosion Man（英語版）,-,,ETC,Twisted Pixel（英語版）,0,1,その他,その他
2018-12-13,マーベラス,PEACH BALL 閃乱カグラ,31,YES,ETC,マーベラス,0,1,爆乳ハイパーピンボール,その他
2018-12-13,レイニーフロッグ,Runbow,-,,ETC,レイニーフロッグ,0,1,その他,その他
2018-12-13,ワーカービー,Sine Mora EX（英語版）,-,,ETC,ワーカービー,0,1,その他,その他
2018-12-13,CIRCLE Ent.,SQUIDS-ひっぱりイカの大冒険-（英語版）,-,,ETC,CIRCLE Ent.,0,1,その他,その他
2018-12-13,Supergiant Games（英語版）,Transistor（英語版）,-,,ETC,Supergiant Games（英語版）,0,1,その他,その他
2018-12-13,H2 INTERACTIVE,キル・ザ・バッドガイ,-,,ETC,H2 INTERACTIVE,0,1,その他,その他
2018-12-13,3goo,ギア・クラブ アンリミテッド2（英語版）,-,YES,ETC,3goo,0,1,その他,その他
2018-12-13,工画堂スタジオ,シンフォニック=レイン,-,,ETC,工画堂スタジオ,0,1,その他,その他
2018-12-13,アークシステムワークス,ダイダロス:ジ・アウェイクニング・オブ・ゴールデンジャズ,31,YES,ADV,アークシステムワークス,0,1,推理アドベンチャー,その他
2018-12-13,ハイマックス,トライビット ロジック,-,,ETC,ハイマックス,0,1,その他,その他
2018-12-13,サクセス,ナンプレ10000,-,,ETC,サクセス,0,1,その他,その他
2018-12-13,日本一ソフトウェア,ニーズヘッグ2（英語版）,-,,ETC,日本一ソフトウェア,0,1,その他,その他
2018-12-13,Fruitbat Factory,ネコネイビー -デイドリーム・エディション-,-,,ETC,Fruitbat Factory,0,1,その他,その他
2018-12-13,イントラゲームズ,ムラカ,-,,ETC,イントラゲームズ,0,1,その他,その他
2018-12-13,シルバースタージャパン,遊んで囲碁が強くなる!銀星囲碁DX,-,YES,ETC,シルバースタージャパン,2108_0m_714,1,その他,その他
2018-12-13,ジョイフルテーブル,雪ん娘大旋風 〜さゆきとこゆきのひえひえ大騒動〜,-,,ETC,ジョイフルテーブル,0,1,その他,その他
2018-12-17,アークシステムワークス,ニッポンマラソン,-,,ETC,アークシステムワークス,0,1,その他,その他
2018-12-18,Campo Santo（英語版）,Firewatch（英語版）,-,,ETC,Campo Santo（英語版）,0,1,その他,その他
2018-12-18,Annapurna Interactive,ドーナツ カウンティ,-,,ETC,Annapurna Interactive,0,1,その他,その他
2018-12-20,イマジニア,Fit Boxing,-,YES,ETC,イマジニア,2113_0m_719,1,その他,その他
2018-12-20,ディースリー・パブリッシャー,Nightshade／百花百狼,33,YES,ADV,ディースリー・パブリッシャー,0,1,恋愛アドベンチャー,その他
2018-12-20,メディアスケープ,PHRASEFIGHT,-,,ETC,メディアスケープ,0,1,その他,その他
2018-12-20,ディースリー・パブリッシャー,THE なめこのパズル 〜なめこ大繁殖〜,-,YES,ETC,ディースリー・パブリッシャー,0,1,その他,その他
2018-12-20,PLiCy,WWA Collection,-,,ETC,PLiCy,0,1,その他,その他
2018-12-20,角川ゲームス,√Letter ルートレター Last Answer,-,YES,ETC,角川ゲームス,0,1,その他,その他
2018-12-20,レイニーフロッグ,うごくジグソーパズル 野生動物,-,,ETC,レイニーフロッグ,0,1,その他,その他
2018-12-20,アークシステムワークス,くにおくん ザ・ワールド〜クラシックスコレクション〜,-,YES,ETC,アークシステムワークス,2110_0m_716,1,その他,その他
2018-12-20,ポノス,ふたりで!にゃんこ大戦争,-,,ETC,ポノス,2236_0m_785,1,その他,その他
2018-12-20,ケムコ,クロノスアーク,-,,ETC,ケムコ,0,1,その他,その他
2018-12-20,サイバーステップ,ゲットアンプドモバイル,-,,ETC,サイバーステップ,0,1,その他,その他
2018-12-20,Microïds（英語版）,シベリア 日本語版,-,,ETC,Microïds（英語版）,0,1,その他,その他
2018-12-20,Microïds,シベリア 日本語版 2,-,,ETC,Microïds,0,1,その他,その他
2018-12-20,スターサイン,スパイカメレオン,-,,ETC,スターサイン,0,1,その他,その他
2018-12-20,レジスタ,デーモンクリスタル,-,,ETC,レジスタ,0,1,その他,その他
2018-12-20,スクウェア・エニックス,ドラゴンクエストビルダーズ2 破壊神シドーとからっぽの島,37,YES,RPG,スクウェア・エニックス,2109_0m_715,1,ブロックメイクRPG,その他
2018-12-20,ネッチ,ネットキャッチャー ネッチ,-,,ETC,ネッチ,0,1,その他,その他
2018-12-20,3goo,バトルプリンセス マデリーン,-,YES,ETC,3goo,0,1,その他,その他
2018-12-20,ワーカービー,ブロブ カラフルなきぼう,-,,ETC,ワーカービー,0,1,その他,その他
2018-12-20,PLiCy,リバーティア,-,,ETC,PLiCy,0,1,その他,その他
2018-12-20,エンターグラム,リプキス,-,,ETC,エンターグラム,0,1,その他,その他
2018-12-20,ポケット,加藤一二三 九段監修 ひふみんの将棋道場,-,YES,ETC,ポケット,0,1,その他,その他
2018-12-20,プロトタイプ,吉原彼岸花 久遠の契り,34,YES,ADV,プロトタイプ,0,1,恋愛アドベンチャー,その他
2018-12-20,バンダイナムコエンターテインメント,塊魂アンコール,-,YES,ETC,バンダイナムコエンターテインメント,0,1,その他,その他
2018-12-20,カイロソフト,財閥タウンズV,-,,ETC,カイロソフト,0,1,その他,その他
2018-12-20,カプコン,鬼武者,-,YES,ETC,カプコン,2114_0m_720,1,その他,その他
2018-12-20,Gモード,鳥魂 〜みんなでチキン度診断〜,-,,ETC,Gモード,0,1,その他,その他
2018-12-21,Thunder Lotus Games,Sundered:エルドリッチエディション（英語版）,-,,ETC,Thunder Lotus Games,0,1,その他,その他
2018-12-27,PLAYISM,2064: Read Only Memories INTEGRAL,-,,ETC,PLAYISM,0,1,その他,その他
2018-12-27,S2 Entertainment,Aaero Complete Edition（英語版）,-,,ETC,S2 Entertainment,0,1,その他,その他
2018-12-27,ワンダーランドカザキリ,BQM ブロッククエスト・メーカー,-,,ETC,ワンダーランドカザキリ,0,1,その他,その他
2018-12-27,バンダイナムコエンターテインメント,GO VACATION,-,YES,ETC,バンダイナムコエンターテインメント,2118_0m_724,1,その他,その他
2018-12-27,Headup Games（英語版）,Super Treasure Arena,-,,ETC,Headup Games（英語版）,0,1,その他,その他
2018-12-27,SAT-BOX,Voxel Sword,-,,ETC,SAT-BOX,0,1,その他,その他
2018-12-27,ディースリー・パブリッシャー,あつまれ!ボウリング,-,,ETC,ディースリー・パブリッシャー,0,1,その他,その他
2018-12-27,Monster Couch,いけいけヴァルハラ,-,,ETC,Monster Couch,0,1,その他,その他
2018-12-27,メビウス,アガルタ エス,-,,ETC,メビウス,0,1,その他,その他
2018-12-27,ワーカービー,ギアナシスターズ: ツイストドリームズ - オウルティメイト エディション,-,,ETC,ワーカービー,0,1,その他,その他
2018-12-27,Gモード,ソリティア クロンダイク BLACK,-,,ETC,Gモード,0,1,その他,その他
2018-12-27,ヴァンガード,ダッジハード,-,,ETC,ヴァンガード,0,1,その他,その他
2018-12-27,Blizzard Entertainment,ディアブロ III エターナルコレクション,-,YES,ETC,Blizzard Entertainment,0,1,その他,その他
2018-12-27,レジスタ,デイグラシアの羅針盤,-,,ETC,レジスタ,0,1,その他,その他
2018-12-27,テヨンジャパン,ピクセルアクションヒーローズ,-,,ETC,テヨンジャパン,0,1,その他,その他
2018-12-27,コーエーテクモゲームス,真・三國無双7 with 猛将伝 DX,-,YES,ETC,コーエーテクモゲームス,2120_0m_726,1,その他,その他
2019-01-10,ワーカービー,A系ヲタク彼女,-,,ETC,ワーカービー,0,1,その他,その他
2019-01-10,DANGEN Entertainment,Momodora: 月下のレクイエム（英語版）,31,,ACT,DANGEN Entertainment,0,1,2D探索アクション,その他
2019-01-10,角川ゲームス,RPGツクールMVプレイヤー,-,,ETC,角川ゲームス,0,1,その他,その他
2019-01-10,Red Bull Media House,Snowboarding The Next Phase,-,,ETC,Red Bull Media House,0,1,その他,その他
2019-01-10,ChubbyPixel,Suicide Guy: Sleepin' Deeply,-,,ETC,ChubbyPixel,0,1,その他,その他
2019-01-10,フライハイワークス,アルワの覚醒,-,,ETC,フライハイワークス,0,1,その他,その他
2019-01-10,Sold Out,ビッグクラウン:ショーダウン,-,,ETC,Sold Out,0,1,その他,その他
2019-01-10,レイニーフロッグ,ピースお絵かきパズル Pic-a-Pix,-,,ETC,レイニーフロッグ,0,1,その他,その他
2019-01-11,任天堂,New スーパーマリオブラザーズ U デラックス,32,YES,ACT,任天堂,2266_0m_806,1,横スクロールアクション,その他
2019-01-11,バンダイナムコエンターテインメント,テイルズ オブ ヴェスペリア REMASTER,-,YES,ETC,バンダイナムコエンターテインメント,0,1,その他,その他
2019-01-17,レイニーフロッグ,ABCナンプレ Word-a-Pix,-,,ETC,レイニーフロッグ,0,1,その他,その他
2019-01-17,Yogscast（英語版）,Caveblazers,30,,ACT,Yogscast（英語版）,0,1,洞窟探検アクション,その他
2019-01-17,ケムコ,アスディバインハーツII,-,,ETC,ケムコ,0,1,その他,その他
2019-01-17,ワーカービー,クラウド&シープ2,-,,ETC,ワーカービー,0,1,その他,その他
2019-01-17,Coconut Island Games,ダイイング:リボーン Nintendo Switch Edition,-,,ETC,Coconut Island Games,0,1,その他,その他
2019-01-17,フライハイワークス,大富豪F.net,-,,ETC,フライハイワークス,0,1,その他,その他
2019-01-17,カイロソフト,開店デパート日記,-,,ETC,カイロソフト,0,1,その他,その他
2019-01-18,グラスホッパー・マニファクチュア,Travis Strikes Again: No More Heroes,-,,ETC,グラスホッパー・マニファクチュア,0,1,その他,その他
2019-01-24,Devolver Digital,Pikuniku,32,,AADV,Devolver Digital,0,1,アクションアドベンチャー,その他
2019-01-24,Team17（英語版）,Raging Justice,-,,ETC,Team17（英語版）,0,1,その他,その他
2019-01-24,ワーカービー,タウンズメン,-,,ETC,ワーカービー,0,1,その他,その他
2019-01-24,メイキング,フリーセル BATTLE KING,-,,ETC,メイキング,0,1,その他,その他
2019-01-24,Abylight,マルディタカスティーラ-ドン・ラミロと呪われた大地-,-,,ETC,Abylight,0,1,その他,その他
2019-01-24,賈船,モンキーウォール,-,,ETC,賈船,0,1,その他,その他
2019-01-24,フライハイワークス,伊勢志摩ミステリー案内 偽りの黒真珠,31,,ADV,フライハイワークス,0,1,サスペンスアドベンチャー,その他
2019-01-24,エンターグラム,甘えかたは彼女なりに。,-,,ETC,エンターグラム,0,1,その他,その他
2019-01-25,Hi-Rez Studios（英語版）,SMITE（英語版）,-,,ETC,Hi-Rez Studios（英語版）,0,1,その他,その他
2019-01-31,Devolver Digital,Downwell（英語版）,33,,ASHT,Devolver Digital,0,1,アクションシューティング,その他
2019-01-31,インティ・クリエイツ,Dragon Marked For Death,31,YES,ARPG,インティ・クリエイツ,0,1,アクションRPG,その他
2019-01-31,マーベラス,Fate/EXTELLA LINK,-,YES,ETC,マーベラス,0,1,その他,その他
2019-01-31,Shinyuden,Heroes Trials,-,,ETC,Shinyuden,0,1,その他,その他
2019-01-31,UNTIES,Necrosphere Deluxe,-,,ETC,UNTIES,0,1,その他,その他
2019-01-31,フライハイワークス,OPUSコレクション 地球計画+魂の架け橋,-,YES,ETC,フライハイワークス,0,1,その他,その他
2019-01-31,プロトタイプ,planetarian 〜ちいさなほしのゆめ〜,-,,ETC,プロトタイプ,0,1,その他,その他
2019-01-31,MAGES.,ROBOTICS;NOTES DaSH,-,YES,ETC,MAGES.,0,1,その他,その他
2019-01-31,MAGES.,ROBOTICS;NOTES ELITE,-,,ETC,MAGES.,0,1,その他,その他
2019-01-31,Impact Gameworks,Tangledeep,30,,RPG,Impact Gameworks,0,1,ローグライク・ダンジョンRPG,その他
2019-01-31,Ysbryd Games,YIIK: ポストモダンRPG,-,,ETC,Ysbryd Games,0,1,その他,その他
2019-01-31,ハ・ン・ド,ガブッチ,-,,ETC,ハ・ン・ド,0,1,その他,その他
2019-01-31,ワーカービー,ダイナマイトフィッシング:ワールドゲームズ,-,,ETC,ワーカービー,0,1,その他,その他
2019-01-31,コーエーテクモゲームス,ネルケと伝説の錬金術士たち 〜新たな大地のアトリエ〜,33,YES,RPG,コーエーテクモゲームス,0,1,街づくり×RPG,その他
2019-01-31,レイニーフロッグ,ピクセル カラーズ,-,,ETC,レイニーフロッグ,0,1,その他,その他
2019-01-31,スターサイン,ピンポントリックショットエボリューション,-,,ETC,スターサイン,0,1,その他,その他
2019-01-31,H2 INTERACTIVE,ミストラリアの魔術師,-,,ETC,H2 INTERACTIVE,0,1,その他,その他
2019-01-31,パルスモ,迷い猫の旅 - Stray Cat Doors -,-,,ETC,パルスモ,0,1,その他,その他
2019-01-31,WFS,釣りスタ ワールドツアー,-,,ETC,WFS,0,1,その他,その他
2019-01-31,アイディアファクトリー,限界凸記 モエロクロニクル H,-,,ETC,アイディアファクトリー,0,1,その他,その他
2019-01-31,サイバーステップ,鬼斬,-,,ETC,サイバーステップ,0,1,その他,その他
2019-02-07,アークシステムワークス,BLAZBLUE CENTRALFICTION Special Edition,-,YES,ETC,アークシステムワークス,0,1,その他,その他
2019-02-07,NextNinja,KYUB,-,,ETC,NextNinja,0,1,その他,その他
2019-02-07,Marble It Up,Marble It Up!（英語版）,-,,ETC,Marble It Up,0,1,その他,その他
2019-02-07,Beep,Neverout,-,,ETC,Beep,0,1,その他,その他
2019-02-07,Samurai Punk,Screencheat: Unplugged（英語版）,-,,ETC,Samurai Punk,0,1,その他,その他
2019-02-07,Fellow Traveller,The Stillness of the Wind,30,,SLG,Fellow Traveller,0,1,シミュレーション / アドベンチャー,その他
2019-02-07,ケムコ,アルバスティア戦記,31,,RPG,ケムコ,0,1,RPG,その他
2019-02-07,フライハイワークス,キャプテン スターワン,-,,ETC,フライハイワークス,0,1,その他,その他
2019-02-07,Atypical Games,スカイギャンブラー アフターバーナー（英語版）,-,,ETC,Atypical Games,0,1,その他,その他
2019-02-07,カイロソフト,名門ポケット学院2,-,,ETC,カイロソフト,0,1,その他,その他
2019-02-07,メディアスケープ,東方幻想魔録W,-,,ETC,メディアスケープ,0,1,その他,その他
2019-02-08,Chucklefish（英語版）,Wargroove（英語版）,-,,ETC,Chucklefish（英語版）,0,1,その他,その他
2019-02-14,スクウェア・エニックス,FINAL FANTASY IX,-,,ETC,スクウェア・エニックス,0,1,その他,その他
2019-02-14,Gambitious（英語版）,OlliOlli: Switch Stance（英語版）,-,,ETC,Gambitious（英語版）,0,1,その他,その他
2019-02-14,IlluminationGames,Skies of Fury DX,-,,ETC,IlluminationGames,0,1,その他,その他
2019-02-14,甲南電機製作所,Superola and the Lost Burgers,-,,ETC,甲南電機製作所,0,1,その他,その他
2019-02-14,任天堂,TETRIS 99,-,YES,ETC,任天堂,0,1,その他,その他
2019-02-14,ディースリー・パブリッシャー,THE ゴルフ,-,,ETC,ディースリー・パブリッシャー,0,1,その他,その他
2019-02-14,エムツー,Tokyo School Life,-,,ETC,エムツー,0,1,その他,その他
2019-02-14,フライハイワークス,アルケミックダンジョンズDX,-,,ETC,フライハイワークス,0,1,その他,その他
2019-02-14,スターサイン,イモムシウォーズDX,-,,ETC,スターサイン,0,1,その他,その他
2019-02-14,スクウェア・エニックス,ドラゴンクエストライバルズ エース,-,,ETC,スクウェア・エニックス,0,1,その他,その他
2019-02-14,CFK,ネコぱらVol.2 姉妹ネコのシュクレ,-,,ETC,CFK,0,1,その他,その他
2019-02-14,3goo,ヴィクター・ヴラン オーバーキルエディション（英語版）,32,YES,ARPG,3goo,0,1,アクションRPG,その他
2019-02-14,コーエーテクモゲームス,信長の野望・大志 with パワーアップキット,-,YES,ETC,コーエーテクモゲームス,1947_0m_601,1,その他,その他
2019-02-14,SAT-BOX,机でピンポン,-,,ETC,SAT-BOX,0,1,その他,その他
2019-02-14,メディアスケープ,東方スカイアリーナ 幻想郷空戦姫-MATSURI-CLIMAX,-,,ETC,メディアスケープ,0,1,その他,その他
2019-02-14,コーエーテクモゲームス,金色のコルダ オクターヴ,-,YES,ETC,コーエーテクモゲームス,0,1,その他,その他
2019-02-15,ゲームロフト,モダンコンバット Blackout,-,,ETC,ゲームロフト,0,1,その他,その他
2019-02-21,Digital Bards,30 in 1 ミニゲームコレクション Vol.1,-,,ETC,Digital Bards,0,1,その他,その他
2019-02-21,Merge Games,Aragami: Shadow Edition（英語版）,32,YES,ACT,Merge Games,0,1,ステルスアクション,その他
2019-02-21,eastasiasoft,Daggerhood,-,,ETC,eastasiasoft,0,1,その他,その他
2019-02-21,Crunching Koalas,Lichtspeer: Double Speer Edition（英語版）,-,,ETC,Crunching Koalas,0,1,その他,その他
2019-02-21,プラチナロケット,SMASHING THE BATTLE,-,,ETC,プラチナロケット,0,1,その他,その他
2019-02-21,PLAYISM,YUMENIKKI -DREAM DIARY-,32,,ADV,PLAYISM,0,1,夢探索アドベンチャー,その他
2019-02-21,QuantumAstroGuild,もう少し!:プラットフォーマー,-,,ETC,QuantumAstroGuild,0,1,その他,その他
2019-02-21,バンダイナムコエンターテインメント,ガールズ&パンツァー ドリームタンクマッチDX,-,YES,ETC,バンダイナムコエンターテインメント,0,1,その他,その他
2019-02-21,メディアファイブ,グレコからの挑戦状! 漢字の館とオバケたち 小学1年生,-,,ETC,メディアファイブ,0,1,その他,その他
2019-02-21,メディアファイブ,グレコからの挑戦状! 漢字の館とオバケたち 小学2年生,-,,ETC,メディアファイブ,0,1,その他,その他
2019-02-21,メディアファイブ,グレコからの挑戦状! 漢字の館とオバケたち 小学3年生,-,,ETC,メディアファイブ,0,1,その他,その他
2019-02-21,DANGEN Entertainment,デビルエンジン,-,,ETC,DANGEN Entertainment,0,1,その他,その他
2019-02-21,レイニーフロッグ,ブリキの騎士,30,,ARPG,レイニーフロッグ,0,1,アクションRPG,その他
2019-02-21,ワーカービー,ブロブ カラフルなきぼう リターンズ（英語版）,-,,ETC,ワーカービー,0,1,その他,その他
2019-02-21,賈船,ローテティングブレイブ,-,,ETC,賈船,0,1,その他,その他
2019-02-21,シルバースタージャパン,教えて おねだり将棋,-,,ETC,シルバースタージャパン,0,1,その他,その他
2019-02-21,エンターグラム,添いカノ〜ぎゅっと抱きしめて〜,-,,ETC,エンターグラム,0,1,その他,その他
2019-02-21,カプコン,逆転裁判123 成歩堂セレクション,-,YES,ETC,カプコン,2274_0m_814n,1,その他,その他
2019-02-28,Devolver Digital,Ape Out,32,,ACT,Devolver Digital,0,1,アクション,その他
2019-02-28,UNTIES,BATTLLOON - バトルーン,-,,ETC,UNTIES,0,1,その他,その他
2019-02-28,ハチノヨン,DELTARUNE Chapter 1,-,,ETC,ハチノヨン,0,1,その他,その他
2019-02-28,甲南電機製作所,Dexteritrip,-,,ETC,甲南電機製作所,0,1,その他,その他
2019-02-28,MAGES.,JUDGEMENT 7 俺達の世界わ終っている。,-,,ETC,MAGES.,0,1,その他,その他
2019-02-28,メビウス,Rolling Gunner,-,,ETC,メビウス,0,1,その他,その他
2019-02-28,アイディアファクトリー,ゆのはなSpRING! 〜Mellow Times〜 for Nintendo Switch,-,YES,ETC,アイディアファクトリー,0,1,その他,その他
2019-02-28,アークシステムワークス,ウィザーズ シンフォニー,30,YES,RPG,アークシステムワークス,0,1,ドラマチックダンジョンRPG,その他
2019-02-28,タカラトミー,ゾイドワイルド キング オブ ブラスト,-,YES,ETC,タカラトミー,0,1,その他,その他
2019-02-28,タイトー,ダライアス コズミックコレクション,-,YES,ETC,タイトー,2280_0m_819,1,その他,その他
2019-02-28,ユービーアイソフト,トライアルズ ライジング,-,YES,ETC,ユービーアイソフト,0,1,その他,その他
2019-02-28,フリュー,ドラえもん のび太の月面探査記,-,YES,ETC,フリュー,0,1,その他,その他
2019-02-28,PIACCI,ノラと皇女と野良猫ハート2,-,YES,ETC,PIACCI,0,1,その他,その他
2019-02-28,レイニーフロッグ,パイロットスポーツ,-,,ETC,レイニーフロッグ,0,1,その他,その他
2019-02-28,コーラス・ワールドワイド,フォーゴットン・アン,-,,ETC,コーラス・ワールドワイド,0,1,その他,その他
2019-02-28,賈船,僕の彼女は人魚姫!?,-,YES,ETC,賈船,0,1,その他,その他
2019-02-28,カイロソフト,合戦!!にんじゃ村,-,,ETC,カイロソフト,0,1,その他,その他
2019-02-28,フライハイワークス,大繁盛!まんぷくマルシェ,-,,ETC,フライハイワークス,0,1,その他,その他
2019-02-28,Steel Crate Games,完全爆弾解除マニュアル:Keep Talking and Nobody Explodes,30,,PZL,Steel Crate Games,0,1,パズル / コミュニケーション,その他
2019-03-07,スターサイン,99セコンド,-,,ETC,スターサイン,0,1,その他,その他
2019-03-07,FDG Entertainment,Blossom Tales: The Sleeping King,-,,ETC,FDG Entertainment,0,1,その他,その他
2019-03-07,MLBAM（英語版）,R.B.I. Baseball 19,-,,ETC,MLBAM（英語版）,0,1,その他,その他
2019-03-07,eastasiasoft,Reverie: Sweet As Edition,-,,ETC,eastasiasoft,0,1,その他,その他
2019-03-07,Kitfox Games,The Shrouded Isle（英語版）,-,,ETC,Kitfox Games,0,1,その他,その他
2019-03-07,PLAYISM,アサルトアンドロイドカクタス プラス（英語版）,-,,ETC,PLAYISM,0,1,その他,その他
2019-03-07,Flamebait,パスパルトゥー:アーティストの描いた夢,-,,ETC,Flamebait,0,1,その他,その他
2019-03-14,スターサイン,99ムーブ,-,,ETC,スターサイン,0,1,その他,その他
2019-03-14,セガゲームス,BLADE ARCUS Rebellion from Shining,-,YES,ETC,セガゲームス,0,1,その他,その他
2019-03-14,フリュー,Caligula Overdose/カリギュラ オーバードーズ,33,YES,RPG,フリュー,0,1,学園ジュブナイルRPG,その他
2019-03-14,SVC Games,Debris Infinity,-,,ETC,SVC Games,0,1,その他,その他
2019-03-14,日本一ソフトウェア,DESTINY CONNECT,-,YES,ETC,日本一ソフトウェア,0,1,その他,その他
2019-03-14,Coffee Stain（英語版）,Goat Simulator: The GOATY,31,,SLG,Coffee Stain（英語版）,0,1,ヤギシミュレーター,その他
2019-03-14,Rising Star Games,RICO,-,,ETC,Rising Star Games,0,1,その他,その他
2019-03-14,Merge Games,RIOT - Civil Unrest（英語版）,-,,ETC,Merge Games,0,1,その他,その他
2019-03-14,MAGES.,この世の果てで恋を唄う少女YU-NO,-,YES,ETC,MAGES.,0,1,その他,その他
2019-03-14,レイニーフロッグ,まちがいさがしパーティー,-,,ETC,レイニーフロッグ,0,1,その他,その他
2019-03-14,ORENDA,エイリアンクルーズ,-,,ETC,ORENDA,0,1,その他,その他
2019-03-14,マイティークラフト,スーパーリアル麻雀PⅤ,-,,ETC,マイティークラフト,0,1,その他,その他
2019-03-14,CFK,マキナイツ -ブラッドバゴス-,-,,ETC,CFK,0,1,その他,その他
2019-03-14,シルバースタージャパン,リアルタイムバトル将棋,-,,ETC,シルバースタージャパン,0,1,その他,その他
2019-03-14,コーエーテクモゲームス,戦国無双4 DX,-,YES,ETC,コーエーテクモゲームス,2437_0m_914,1,その他,その他
2019-03-14,ケムコ,空のフォークロア,-,,ETC,ケムコ,0,1,その他,その他
2019-03-14,コーエーテクモゲームス,遙かなる時空の中で6 DX,-,YES,ETC,コーエーテクモゲームス,0,1,その他,その他
2019-03-20,コーエーテクモゲームス,DEAD OR ALIVE Xtreme 3 Scarlet,-,YES,ETC,コーエーテクモゲームス,0,1,その他,その他
2019-03-20,MAGES.,STEINS;GATE ダイバージェンシズ アソート,-,YES,ETC,MAGES.,0,1,その他,その他
2019-03-20,バンダイナムコエンターテインメント,スーパーロボット大戦T,32,YES,SRPG,バンダイナムコエンターテインメント,7031_0m_5002,1,シミュレーションRPG,その他
2019-03-20,スクウェア・エニックス,チョコボの不思議なダンジョン エブリバディ!,31,YES,RPG,スクウェア・エニックス,2434_0m_911,1,ローグライクRPG,その他
2019-03-20,コーエーテクモゲームス,ルルアのアトリエ 〜アーランドの錬金術士4〜,32,YES,RPG,コーエーテクモゲームス,0,1,新約錬金術RPG,その他
2019-03-21,CELLNAVI,みんなでハーツ,-,,ETC,CELLNAVI,0,1,その他,その他
2019-03-21,スターサイン,アビス,-,,ETC,スターサイン,0,1,その他,その他
2019-03-21,ハピネット,ガラクタの星,-,,ETC,ハピネット,0,1,その他,その他
2019-03-21,Xaloc Studios,スーパーキッカーズリーグ,-,,ETC,Xaloc Studios,0,1,その他,その他
2019-03-21,レイニーフロッグ,ファントムキャット スーパーニャーエディション,30,,ACT,レイニーフロッグ,0,1,横スクロールアクション,その他
2019-03-21,インティ・クリエイツ,ブラスターマスター ゼロ 2,-,,ETC,インティ・クリエイツ,0,1,その他,その他
2019-03-21,カイロソフト,開幕!!パドックGP,-,,ETC,カイロソフト,0,1,その他,その他
2019-03-21,フライハイワークス,魔女と勇者,-,,ETC,フライハイワークス,0,1,その他,その他
2019-03-22,エレクトロニック・アーツ,Unravel Two,-,,ETC,エレクトロニック・アーツ,0,1,その他,その他
2019-03-26,スクウェア・エニックス,FINAL FANTASY VII,-,,ETC,スクウェア・エニックス,0,1,その他,その他
2019-03-28,アイディアファクトリー,DIABOLIK LOVERS CHAOS LINEAGE,-,YES,ETC,アイディアファクトリー,0,1,その他,その他
2019-03-28,HERO CONCEPT,Doughlings: Arcade,-,,ETC,HERO CONCEPT,0,1,その他,その他
2019-03-28,GIANTY,GOKEN,-,,ETC,GIANTY,0,1,その他,その他
2019-03-28,Wired Productions,GRIP: Combat Racing（英語版）,31,,RCG,Wired Productions,0,1,アクションレース,その他
2019-03-28,コーエーテクモゲームス,Winning Post 9,-,YES,ETC,コーエーテクモゲームス,0,1,その他,その他
2019-03-28,アークシステムワークス,インフェルノクライマー:リボーン,-,,ETC,アークシステムワークス,0,1,その他,その他
2019-03-28,ダブルドライブ,ゾンビーズマンション,-,,ETC,ダブルドライブ,0,1,その他,その他
2019-03-28,レジスタ,デーモンクリスタル2 ナイザー,-,,ETC,レジスタ,0,1,その他,その他
2019-03-28,PLAYISM,ナイト・イン・ザ・ウッズ,33,,ADV,PLAYISM,0,1,2Dアドベンチャー,その他
2019-03-28,コーラス・ワールドワイド,ボムスリンガー,-,,ETC,コーラス・ワールドワイド,0,1,その他,その他
2019-03-28,テヨンジャパン,ムーンライター 店主と勇者の冒険,31,,ARPG,テヨンジャパン,0,1,アクションRPG,その他
2019-03-28,MAGES.,メモリーズオフ -Innocent Fille- for Dearest,-,YES,ETC,MAGES.,0,1,その他,その他
2019-03-28,ワーナー ブラザース ジャパン,レゴ ムービー2 ザ・ゲーム,32,YES,ADV,ワーナー ブラザース ジャパン,0,1,ブロックビルドアドベンチャー,その他
2019-03-28,ピッキー,レミロア〜少女と異世界と魔導書〜,-,YES,ETC,ピッキー,0,1,その他,その他
2019-03-28,SAT-BOX,机で野球,-,,ETC,SAT-BOX,0,1,その他,その他
2019-03-28,賈船,陽春白雪 Lyrica,30,,音,賈船,0,1,リズムアクション,その他
2019-03-29,任天堂,ヨッシークラフトワールド,37,YES,ACT,任天堂,2325_0m_851,1,横スクロールアクション,その他
2019-04-04,indienova,AngerForce: Reloaded for Nintendo Switch,-,,ETC,indienova,0,1,その他,その他
2019-04-04,Sprakelsoft,Croc's World,-,,ETC,Sprakelsoft,0,1,その他,その他
2019-04-04,CIRCLE Ent.,The friends of Ringo Ishikawa,-,,ETC,CIRCLE Ent.,0,1,その他,その他
2019-04-04,ディースリー・パブリッシャー,THE バラエティゲーム大集合 〜金魚すくい・カード・数字パズル・二角取り〜,-,YES,ETC,ディースリー・パブリッシャー,0,1,その他,その他
2019-04-04,ディースリー・パブリッシャー,THE 体感!スポーツパック 〜テニス・ボウリング・ゴルフ・ビリヤード〜,-,YES,ETC,ディースリー・パブリッシャー,0,1,その他,その他
2019-04-04,バンダイナムコエンターテインメント,スーパードラゴンボールヒーローズ ワールドミッション,33,YES,TBL,バンダイナムコエンターテインメント,2463_0m_940,1,スーパーカードバトルアドベンチャー,その他
2019-04-04,ケムコ,セフィロティックストーリーズ,-,,ETC,ケムコ,0,1,その他,その他
2019-04-04,レイニーフロッグ,ゼノン ヴァルキリー プラス,-,,ETC,レイニーフロッグ,0,1,その他,その他
2019-04-04,Abstraction Games,ピットフォール・プラネット,-,,ETC,Abstraction Games,0,1,その他,その他
2019-04-08,Rising Win Tech.,Jungle Z,-,,ETC,Rising Win Tech.,0,1,その他,その他
2019-04-11,スクウェア・エニックス,FINAL FANTASY X/X-2 HD Remaster,-,YES,ETC,スクウェア・エニックス,0,1,その他,その他
2019-04-11,eastasiasoft,GhoulBoy,-,,ETC,eastasiasoft,0,1,その他,その他
2019-04-11,Devolver Digital,Reigns: Game of Thrones,-,,ETC,Devolver Digital,0,1,その他,その他
2019-04-11,オーイズミ・アミュージオ,V-Rally 4,30,YES,RCG,オーイズミ・アミュージオ,0,1,ラリーレーシング,その他
2019-04-11,Abstraction Games,シャドウゲイト,-,,ETC,Abstraction Games,0,1,その他,その他
2019-04-11,フライハイワークス,スライムタクティクス,31,,RTS,フライハイワークス,0,1,リアルタイム・ストラテジー,その他
2019-04-11,トイディア,ドギーニンジャ 金ぴかコバン大作戦!,-,,ETC,トイディア,0,1,その他,その他
2019-04-11,トムス・エンタテインメント,名探偵コナン スケボーラン 怪盗キッドと神秘の秘宝,-,,ETC,トムス・エンタテインメント,0,1,その他,その他
2019-04-12,任天堂,Nintendo Labo Toy-Con 04: VR Kit,-,YES,ETC,任天堂,0,1,その他,その他
2019-04-12,Rising Win Tech.,ローリングスカイ,-,,ETC,Rising Win Tech.,0,1,その他,その他
2019-04-16,Team17,きみのまち ポルティア（英語版）,-,YES,ETC,Team17,0,1,その他,その他
2019-04-16,アクワイア,スクラップラッシュ!!,-,,ETC,アクワイア,0,1,その他,その他
2019-04-18,要,ALPHA,-,,ETC,要,0,1,その他,その他
2019-04-18,StudioMDHR,Cuphead,-,,ETC,StudioMDHR,0,1,その他,その他
2019-04-18,Devolver Digital,Katana ZERO,35,,ACT,Devolver Digital,0,1,横スクロールアクション,その他
2019-04-18,Herrero,Mercury Race,-,,ETC,Herrero,0,1,その他,その他
2019-04-18,KONAMI,アーケードクラシックス アニバーサリーコレクション,-,,ETC,KONAMI,0,1,その他,その他
2019-04-18,メディアファイブ,グレコからの挑戦状! 漢字の館とオバケたち 小学4年生,-,,ETC,メディアファイブ,0,1,その他,その他
2019-04-18,メディアファイブ,グレコからの挑戦状! 漢字の館とオバケたち 小学5年生,-,,ETC,メディアファイブ,0,1,その他,その他
2019-04-18,メディアファイブ,グレコからの挑戦状! 漢字の館とオバケたち 小学6年生,-,,ETC,メディアファイブ,0,1,その他,その他
2019-04-18,レイニーフロッグ,スクエアピクト Block-a-Pix DELUXE,-,,ETC,レイニーフロッグ,0,1,その他,その他
2019-04-18,ワーカービー,ラッドロジャース:ラディカルエディション,-,,ETC,ワーカービー,0,1,その他,その他
2019-04-18,角川ゲームス,ラングリッサーI&II,-,YES,ETC,角川ゲームス,0,1,その他,その他
2019-04-18,プロトタイプ,大正×対称アリス all in one,-,YES,ETC,プロトタイプ,0,1,その他,その他
2019-04-18,カイロソフト,大盛グルメ食堂,-,,ETC,カイロソフト,0,1,その他,その他
2019-04-19,工画堂スタジオ,白衣性恋愛症候群 RE:Therapy,-,,ETC,工画堂スタジオ,0,1,その他,その他
2019-04-25,フライハイワークス,Cytus α,-,YES,ETC,フライハイワークス,0,1,その他,その他
2019-04-25,THQ Nordic ジャパン前:ワーカービー,Darksiders Warmastered Edition（英語版）,-,,ETC,THQ Nordic ジャパン前:ワーカービー,0,1,その他,その他
2019-04-25,Zodiac Interactive,Death Coming,-,,ETC,Zodiac Interactive,0,1,その他,その他
2019-04-25,UNTIES,Figment,-,,ETC,UNTIES,0,1,その他,その他
2019-04-25,スクウェア・エニックス,FINAL FANTASY XII THE ZODIAC AGE,-,YES,ETC,スクウェア・エニックス,0,1,その他,その他
2019-04-25,ORENDA,Isoland,-,,ETC,ORENDA,0,1,その他,その他
2019-04-25,ORENDA,Isoland 2 - Ashes of Time,-,,ETC,ORENDA,0,1,その他,その他
2019-04-25,Beep,Light Tracer,-,,ETC,Beep,0,1,その他,その他
2019-04-25,Shinyuden,SlabWell,-,,ETC,Shinyuden,0,1,その他,その他
2019-04-25,サイバーステップ,クレーンゲーム「トレバ」,-,,ETC,サイバーステップ,0,1,その他,その他
2019-04-25,アピリッツ,ゴエティア -千の魔神と無限の塔-,-,,ETC,アピリッツ,0,1,その他,その他
2019-04-25,テヨンジャパン,ザ・ウェイ 〜トワの誓い〜,30,,AADV,テヨンジャパン,0,1,アクションアドベンチャー,その他
2019-04-25,ユービーアイソフト,スターリンク バトル・フォー・アトラス（英語版）,-,YES,ETC,ユービーアイソフト,0,1,その他,その他
2019-04-25,バンダイナムコエンターテインメント,ソードアート・オンライン -ホロウ・リアリゼーション- DELUXE EDITION,-,YES,ETC,バンダイナムコエンターテインメント,2496_0m_967,1,その他,その他
2019-04-25,カプコン,ドラゴンズドグマ: ダークアリズン,-,YES,ETC,カプコン,0,1,その他,その他
2019-04-25,ジー・モード,ナンプレ Relax,-,,ETC,ジー・モード,0,1,その他,その他
2019-04-25,アークシステムワークス,ニンジン:クラッシュ・オブ・キャロット,31,,ACT,アークシステムワークス,0,1,横スクロールニンジャ疾走アクション,その他
2019-04-25,賈船,パンティパーティー,-,,ETC,賈船,0,1,その他,その他
2019-04-25,レイニーフロッグ,ピクセル パズルパック 3-in-1,-,YES,ETC,レイニーフロッグ,0,1,その他,その他
2019-04-25,ジュピター,ピクロスS3,-,,ETC,ジュピター,0,1,その他,その他
2019-04-25,H2 INTERACTIVE,プロジェクト・ハイライズ アーキテクトエディション（英語版）,30,YES,SLG,H2 INTERACTIVE,0,1,経営シミュレーション,その他
2019-04-25,アイディアファクトリー,レンドフルール for Nintendo Switch,-,YES,ETC,アイディアファクトリー,0,1,その他,その他
2019-04-25,SAT-BOX,机でボウリング,-,,ETC,SAT-BOX,0,1,その他,その他
2019-04-25,日本一ソフトウェア,殺人探偵ジャック・ザ・リッパー,-,YES,ETC,日本一ソフトウェア,0,1,その他,その他
2019-04-25,サクセス,海腹川背 Fresh!,-,YES,ETC,サクセス,0,1,その他,その他
2019-04-25,KONAMI,遊☆戯☆王デュエルモンスターズ レガシー・オブ・ザ・デュエリスト:リンク・エボリューション,-,,ETC,KONAMI,0,1,その他,その他
2019-04-26,任天堂,ハコボーイ!&ハコガール!,31,,ACT,任天堂,0,1,パズルアクション,その他
2019-05-02,eastasiasoft,Bard's Gold - Nintendo Switch Edition,-,,ETC,eastasiasoft,0,1,その他,その他
2019-05-02,テヨンジャパン,エックスモーフ:ディフェンス,34,,SHT,テヨンジャパン,0,1,タワーディフェンス＆シューティング,その他
2019-05-09,Ratalaika Games,Bird Game +,-,,ETC,Ratalaika Games,0,1,その他,その他
2019-05-09,H2 INTERACTIVE,Mars or Die! 〜火星!さもなくば死を!〜,-,,ETC,H2 INTERACTIVE,0,1,その他,その他
2019-05-09,Koch Media（英語版）,Saints Row: The Third - THE FULL PACKAGE,-,,ETC,Koch Media（英語版）,0,1,その他,その他
2019-05-09,Devolver Digital,The Swords of Ditto: Mormo's Curse（英語版）,30,,ARPG,Devolver Digital,0,1,アクションRPG,その他
2019-05-09,FDG Entertainment,Venture Kid,-,,ETC,FDG Entertainment,0,1,その他,その他
2019-05-09,CIRCLE Ent.,Zombie Night Terror,-,,ETC,CIRCLE Ent.,0,1,その他,その他
2019-05-09,レイニーフロッグ,アベンジャーバード,-,,ETC,レイニーフロッグ,0,1,その他,その他
2019-05-09,Ratalaika Games,ジャックとジルDX,-,,ETC,Ratalaika Games,0,1,その他,その他
2019-05-09,ケムコ,フラン 〜Dragons' Odyssey〜,-,,ETC,ケムコ,0,1,その他,その他
2019-05-16,Its Anecdotal,39 Days to Mars,-,,ETC,Its Anecdotal,0,1,その他,その他
2019-05-16,eastasiasoft,Back to Bed,-,,ETC,eastasiasoft,0,1,その他,その他
2019-05-16,アークシステムワークス,GUILTY GEAR 20th ANNIVERSARY PACK,-,YES,ETC,アークシステムワークス,0,1,その他,その他
2019-05-16,Bromio,Pato Box,-,,ETC,Bromio,0,1,その他,その他
2019-05-16,Merge Games,Vaporum,-,,ETC,Merge Games,0,1,その他,その他
2019-05-16,カイロソフト,サッカークラブ物語,-,,ETC,カイロソフト,0,1,その他,その他
2019-05-16,スターサイン,パイレーツピンボール,-,,ETC,スターサイン,0,1,その他,その他
2019-05-16,GameTomo,プロジェクト・ニンバス:コンプリート・エディション,-,,ETC,GameTomo,0,1,その他,その他
2019-05-16,オーイズミ・アミュージオ,ローラーコースタータイクーン・アドベンチャー,-,YES,ETC,オーイズミ・アミュージオ,0,1,その他,その他
2019-05-16,KONAMI,悪魔城ドラキュラ アニバーサリーコレクション,-,,ETC,KONAMI,0,1,その他,その他
2019-05-16,アイディアファクトリー,華ヤカ哉、我ガ一族 モダンノスタルジィ for Nintendo Switch,-,YES,ETC,アイディアファクトリー,0,1,その他,その他
2019-05-21,セガゲームス,チームソニックレーシング,34,YES,RCG,セガゲームス,0,1,レーシング,その他
2019-05-23,メディアスケープ,Back in 1995,-,,ETC,メディアスケープ,0,1,その他,その他
2019-05-23,Team17,The Escapists: Complete Edition,-,,ETC,Team17,0,1,その他,その他
2019-05-23,eastasiasoft,V.O.I.D.,-,,ETC,eastasiasoft,0,1,その他,その他
2019-05-23,シルバースタージャパン,みんなのどうぶつしょうぎ,-,YES,ETC,シルバースタージャパン,0,1,その他,その他
2019-05-23,アンバランス,みんなの倉庫番,-,,ETC,アンバランス,0,1,その他,その他
2019-05-23,ユービーアイソフト,アサシン クリード III リマスター,-,YES,ETC,ユービーアイソフト,0,1,その他,その他
2019-05-23,マイティークラフト,スーパーリアル麻雀PVI,-,,ETC,マイティークラフト,0,1,その他,その他
2019-05-23,スターサイン,ドラゴンピンボール,-,,ETC,スターサイン,0,1,その他,その他
2019-05-23,カプコン,バイオハザード オリジンズコレクション,-,YES,ETC,カプコン,0,1,その他,その他
2019-05-23,Winking,ヒロインアンセムゼロ エピソード1,-,,ETC,Winking,0,1,その他,その他
2019-05-23,PLAYISM,ブルームーン,-,,ETC,PLAYISM,0,1,その他,その他
2019-05-23,スマイルブーム,プチコン4 SmileBASIC,-,,ETC,スマイルブーム,0,1,その他,その他
2019-05-23,CFK,ワンダーボーイ リターンズ リミックス,-,,ETC,CFK,0,1,その他,その他
2019-05-23,アイディアファクトリー,私立ベルばら学園 〜ベルサイユのばら Re*imagination〜,32,YES,ADV,アイディアファクトリー,0,1,学園青春恋愛アドベンチャー,その他
2019-05-24,Hi-Rez Studios,Realm Royale（英語版）,-,,ETC,Hi-Rez Studios,0,1,その他,その他
2019-05-30,Devolver Digital,Gato Roboto,-,,ETC,Devolver Digital,0,1,その他,その他
2019-05-30,PLAYISM,VA-11 Hall-A,-,YES,ETC,PLAYISM,2615_0m_1041,1,その他,その他
2019-05-30,テヨンジャパン,スモーク アンド サクリファイス,-,,ETC,テヨンジャパン,0,1,その他,その他
2019-05-30,トローゼ,バレットバトル エボリューション,-,,ETC,トローゼ,0,1,その他,その他
2019-05-30,ディー・オー,ホッピングガールこはね ジャンピングキングダム -黒兎の姫-,-,,ETC,ディー・オー,0,1,その他,その他
2019-05-30,スティング,マッチョでポン!ZZ,-,,ETC,スティング,0,1,その他,その他
2019-05-30,フライハイワークス,ワードマン,30,,ACT,フライハイワークス,0,1,アクションパズル,その他
2019-05-30,コーラス・ワールドワイド,火吹山の魔法使い,-,,ETC,コーラス・ワールドワイド,0,1,その他,その他
2019-05-30,アイディアファクトリー,猛獣使いと王子様 〜Flower & Snow〜 for Nintendo Switch,-,YES,ETC,アイディアファクトリー,0,1,その他,その他
2019-05-31,DANGEN Entertainment,Pocket Rumble,-,,ETC,DANGEN Entertainment,0,1,その他,その他
2019-06-06,room6,ARTIFACT ADVENTURE 外伝 DX,-,,ETC,room6,0,1,その他,その他
2019-06-06,Digital Bards,HUE,-,,ETC,Digital Bards,0,1,その他,その他
2019-06-06,Humble Bundle,Slay the Spire,35,,TBL,Humble Bundle,0,1,カードバトルRPG,その他
2019-06-06,カエルエックス,ディアマジ -魔法少年学科-,-,,ETC,カエルエックス,0,1,その他,その他
2019-06-06,Nikita Alexeevich,ドリフトレジェンド,-,,ETC,Nikita Alexeevich,0,1,その他,その他
2019-06-06,ケムコ,フォーレジェリア,30,,RPG,ケムコ,0,1,RPG,その他
2019-06-06,テヨンジャパン,ボンバークルー:Complete Edition,30,,RTS,テヨンジャパン,0,1,ウォーシミュレーション,その他
2019-06-06,カイロソフト,海鮮!!すし街道,-,,ETC,カイロソフト,0,1,その他,その他
2019-06-06,UNTIES,蹴落とし!トレジャーハンター!,-,,ETC,UNTIES,0,1,その他,その他
2019-06-08,TECOPARK,PICO PARK,32,,ACT,TECOPARK,0,1,アクションパズル,その他
2019-06-11,スクウェア・エニックス,THE LAST REMNANT Remastered,-,,ETC,スクウェア・エニックス,0,1,その他,その他
2019-06-12,KONAMI,魂斗羅 アニバーサリーコレクション,-,,ETC,KONAMI,0,1,その他,その他
2019-06-13,PQube,PlataGO! Super Platform Game Maker,-,,ETC,PQube,0,1,その他,その他
2019-06-13,Atypical Games,Radiation City,-,,ETC,Atypical Games,0,1,その他,その他
2019-06-13,フライハイワークス,ガンマンストーリーHDコレクション,-,,ETC,フライハイワークス,0,1,その他,その他
2019-06-13,Northplay,コンダクト トゥギャザー!,-,,ETC,Northplay,0,1,その他,その他
2019-06-13,マイティークラフト,スーパーリアル麻雀P7,-,,ETC,マイティークラフト,0,1,その他,その他
2019-06-13,eastasiasoft,ゼロプシャンインベージョン,-,,ETC,eastasiasoft,0,1,その他,その他
2019-06-13,バンダイナムコエンターテインメント,ドラえもん のび太の牧場物語,34,YES,ETC,バンダイナムコエンターテインメント,0,1,ほのぼの生活ゲーム,その他
2019-06-13,RS34,ラジルギスワッグ,-,,ETC,RS34,0,1,その他,その他
2019-06-13,ボルテージ,今宵、妖しい口づけを 〜綺龍・千影・雪之丞編〜,-,,ETC,ボルテージ,0,1,その他,その他
2019-06-13,ボルテージ,今宵、妖しい口づけを 〜雅・京牙・沙門編〜,-,,ETC,ボルテージ,0,1,その他,その他
2019-06-13,工画堂スタジオ,夢現Re:Master,-,,ETC,工画堂スタジオ,0,1,その他,その他
2019-06-14,スパイク・チュンソフト,ケイデンス・オブ・ハイラル: クリプト・オブ・ネクロダンサー feat. ゼルダの伝説,32,,音,スパイク・チュンソフト,0,1,ローグライクリズムアクション,その他
2019-06-20,eastasiasoft,METAGAL,-,,ETC,eastasiasoft,0,1,その他,その他
2019-06-20,X.D. Network,Muse Dash,30,,音,X.D. Network,0,1,リズムアクション,その他
2019-06-20,Devolver Digital,My Friend Pedro,32,,ASHT,Devolver Digital,0,1,アクションシューティング,その他
2019-06-20,Sabec,ROBOX,-,,ETC,Sabec,0,1,その他,その他
2019-06-20,プロトタイプ,Summer Pockets,-,YES,ETC,プロトタイプ,0,1,その他,その他
2019-06-20,カエルエックス,ダンジョンディナー〜不思議な迷宮の不気味な料理〜,-,,ETC,カエルエックス,0,1,その他,その他
2019-06-20,Greenlight Games,テーブルトップレーシング:ワールドツアー - ナイトロエディション（英語版）,-,,ETC,Greenlight Games,0,1,その他,その他
2019-06-20,フライハイワークス,メカフォース,30,,ASHT,フライハイワークス,0,1,アクションシューティング,その他
2019-06-20,Prime Time,ラグタグのアドベンチャーズ,-,,ETC,Prime Time,0,1,その他,その他
2019-06-20,CIRCLE Ent.,レイト・シフト（英語版）,-,,ETC,CIRCLE Ent.,0,1,その他,その他
2019-06-20,レベルファイブ,妖怪ウォッチ4 ぼくらは同じ空を見上げている,37,YES,ARPG,レベルファイブ,2616_0m_1042,1,アクションRPG,その他
2019-06-20,アイディアファクトリー,華ヤカ哉、我ガ一族 幻燈ノスタルジィ for Nintendo Switch,-,YES,ETC,アイディアファクトリー,0,1,その他,その他
2019-06-27,アイディアファクトリー,CLOCK ZERO 〜終焉の一秒〜 Devote,-,YES,ETC,アイディアファクトリー,0,1,その他,その他
2019-06-27,eastasiasoft,Furwind,-,,ETC,eastasiasoft,0,1,その他,その他
2019-06-27,Sprakelsoft,Jewel Fever 2,-,,ETC,Sprakelsoft,0,1,その他,その他
2019-06-27,PLAYISM,LA-MULANA2,30,YES,AADV,PLAYISM,0,1,アクションアドベンチャー,その他
2019-06-27,Metanet Software,N++（英語版）,31,,ACT,Metanet Software,0,1,アクションパズル,その他
2019-06-27,ORENDA,Rain City,-,,ETC,ORENDA,0,1,その他,その他
2019-06-27,DICO,Remothered: Tormented Fathers（英語版）,31,,ETC,DICO,0,1,サバイバルホラー,その他
2019-06-27,eastasiasoft,Shadow of Loot Box,-,,ETC,eastasiasoft,0,1,その他,その他
2019-06-27,日本一ソフトウェア,じんるいのみなさまへ,-,YES,ETC,日本一ソフトウェア,0,1,その他,その他
2019-06-27,Ninja Games Japan,アキハバラ リズム アンド リミックス,-,,ETC,Ninja Games Japan,0,1,その他,その他
2019-06-27,Shinyuden,アクセス不可,-,,ETC,Shinyuden,0,1,その他,その他
2019-06-27,カイロソフト,アストロ探検隊,-,,ETC,カイロソフト,0,1,その他,その他
2019-06-27,MUTAN,グーニャファイター,-,,ETC,MUTAN,0,1,その他,その他
2019-06-27,フライハイワークス,スチームワールドクエスト,32,,TBL,フライハイワークス,0,1,カードバトルRPG,その他
2019-06-27,ポケット,チキチキプロレス大乱闘!!,30,,SPT,ポケット,0,1,プロレス,その他
2019-06-27,カプコン,デビルメイクライ,-,,ETC,カプコン,0,1,その他,その他
2019-06-27,CFK,ネコぱらVol.3 ネコたちのアロマティゼ,-,,ETC,CFK,0,1,その他,その他
2019-06-27,アイディアファクトリー,フェアリーフェンサー エフ ADVENT DARK FORCE for Nintendo Switch,-,,ETC,アイディアファクトリー,0,1,その他,その他
2019-06-27,オーイズミ・アミュージオ,ヘル・ワーダー,-,YES,ETC,オーイズミ・アミュージオ,0,1,その他,その他
2019-06-27,オニオンゲームス,勇者ヤマダくん,32,,RPG,オニオンゲームス,0,1,RPG,その他
2019-06-27,KONAMI,実況パワフルプロ野球,-,YES,ETC,KONAMI,0,1,その他,その他
2019-06-27,レイニーフロッグ,進化のひみつ ZERO,-,,ETC,レイニーフロッグ,0,1,その他,その他
2019-06-28,任天堂,スーパーマリオメーカー2,37,YES,ACT,任天堂,2654_0m_1072,1,エディット・アクション,その他
2019-07-04,メイキング,3びきのこぶたとオオカミ,-,,ETC,メイキング,0,1,その他,その他
2019-07-04,プロトタイプ,CLANNAD,-,YES,ETC,プロトタイプ,2746_0m_1131,1,その他,その他
2019-07-04,eastasiasoft,Devious Dungeon 2,-,,ETC,eastasiasoft,0,1,その他,その他
2019-07-04,スパイク・チュンソフト,PixARK（英語版）,-,YES,ETC,スパイク・チュンソフト,0,1,その他,その他
2019-07-04,Annapurna Interactive,What Remains of Edith Finch,-,,ETC,Annapurna Interactive,0,1,その他,その他
2019-07-04,レイニーフロッグ,わいわい!ナイスショットテニス,-,,ETC,レイニーフロッグ,0,1,その他,その他
2019-07-04,ケムコ,アスディバインディオス,-,,ETC,ケムコ,0,1,その他,その他
2019-07-04,Forever Entertainment,キュービック,-,,ETC,Forever Entertainment,0,1,その他,その他
2019-07-04,トムクリエイト,ゴッド・オブ・ウォール 魔宮の秘宝,-,,ETC,トムクリエイト,0,1,その他,その他
2019-07-04,シティコネクション,対戦ホットギミック アクセス雀 for Nintendo Switch,-,,ETC,シティコネクション,0,1,その他,その他
2019-07-04,賈船,記憶 Path to Mnemosyne,-,,ETC,賈船,0,1,その他,その他
2019-07-04,コーエーテクモゲームス,進撃の巨人2 -Final Battle-,35,YES,ACT,コーエーテクモゲームス,2638_0m_1060,1,タクティカルハンティングアクション,その他
2019-07-11,The Arcade Crew,Blazing Chrome,30,,ASHT,The Arcade Crew,0,1,アクションシューティング,その他
2019-07-11,フライハイワークス,ELLI -エリ-,30,,AADV,フライハイワークス,0,1,アクションアドベンチャー,その他
2019-07-11,バンダイナムコエンターテインメント,GOD EATER 3,-,YES,ETC,バンダイナムコエンターテインメント,0,1,その他,その他
2019-07-11,eastasiasoft,Warlock's Tower,-,,ETC,eastasiasoft,0,1,その他,その他
2019-07-11,ネオス,ぷるきゃらフレンズ ほっぺちゃんとサンリオキャラクターズ,-,YES,ETC,ネオス,0,1,その他,その他
2019-07-11,スターサイン,エクストリーム クラブ レーシング,-,,ETC,スターサイン,0,1,その他,その他
2019-07-11,TAKUYO,カエル畑DEつかまえて,-,YES,ETC,TAKUYO,0,1,その他,その他
2019-07-11,Soedesco（英語版）,キセノン レーサー（英語版）,-,,ETC,Soedesco（英語版）,0,1,その他,その他
2019-07-11,ワーカービー,スタント カイト パーティ,-,,ETC,ワーカービー,0,1,その他,その他
2019-07-11,Kongregate,スピードブロウル,-,,ETC,Kongregate,0,1,その他,その他
2019-07-11,ディライトワークス,タイニーメタル 虚構の帝国,31,,SLG,ディライトワークス,0,1,戦略シミュレーション,その他
2019-07-11,レイニーフロッグ,ビビエット,-,,ETC,レイニーフロッグ,0,1,その他,その他
2019-07-11,ライオンズフィルム,少女とドラゴン -幻獣契約クリプトラクト-,-,,ETC,ライオンズフィルム,0,1,その他,その他
2019-07-12,オーイズミ・アミュージオ,リーサルリーグ ブレイズ（英語版）,31,YES,ACT,オーイズミ・アミュージオ,0,1,対戦アクション,その他
2019-07-18,Merge Games,Candle,-,,ETC,Merge Games,0,1,その他,その他
2019-07-18,Adult Swim Games,Rain World（英語版）,-,,ETC,Adult Swim Games,0,1,その他,その他
2019-07-18,アイディアファクトリー,Tlicolity Eyes -twinkle showtime-,30,YES,ADV,アイディアファクトリー,0,1,女性向け恋愛アドベンチャー,その他
2019-07-18,日本コロムビア,すみっコぐらし 学校生活はじめるんです,-,YES,ETC,日本コロムビア,0,1,その他,その他
2019-07-18,モス,カラドリウス ブレイズ,-,,ETC,モス,0,1,その他,その他
2019-07-18,カイロソフト,クルーズ大紀行,-,,ETC,カイロソフト,0,1,その他,その他
2019-07-18,CIRCLE Ent.,ソルスティスクロニクル（英語版）,-,,ETC,CIRCLE Ent.,0,1,その他,その他
2019-07-18,スターサイン,バトル&クラッシュ,-,,ETC,スターサイン,0,1,その他,その他
2019-07-18,UNTIES,不思議の幻想郷 -ロータスラビリンス-,-,YES,ETC,UNTIES,0,1,その他,その他
2019-07-18,ケムコ,獅子王の伝説,-,,ETC,ケムコ,0,1,その他,その他
2019-07-18,日本一ソフトウェア,真 流行り神1・2パック,-,YES,ETC,日本一ソフトウェア,0,1,その他,その他
2019-07-19,任天堂,MARVEL ULTIMATE ALLIANCE 3: The Black Order,33,YES,ARPG,任天堂,0,1,アクションRPG,その他
2019-07-23,Team17,Automachef,-,,ETC,Team17,0,1,その他,その他
2019-07-24,セガゲームス,東京2020オリンピック The Official Video Game,33,YES,SPT,セガゲームス,2844_0m_1180,1,オリンピック公式スポーツ,その他
2019-07-25,Timothee Paez,Kiai Resonance,-,,ETC,Timothee Paez,0,1,その他,その他
2019-07-25,ジュピター,PICROSS LORD OF THE NAZARICK,-,,ETC,ジュピター,0,1,その他,その他
2019-07-25,メディアスケープ,PIRATES 7,-,,ETC,メディアスケープ,0,1,その他,その他
2019-07-25,フライハイワークス,SEVERED-セヴァード-,32,,ARPG,フライハイワークス,0,1,アクションRPG,その他
2019-07-25,Infinite Dreams（英語版）,Sky Force Reloaded（英語版）,-,,ETC,Infinite Dreams（英語版）,0,1,その他,その他
2019-07-25,Digital Kingdom,インビジボールズ,-,,ETC,Digital Kingdom,0,1,その他,その他
2019-07-25,アークシステムワークス,キルラキル ザ・ゲーム -異布-,32,YES,ACT,アークシステムワークス,0,1,キルラキル 耐繊アクション,その他
2019-07-25,Shinyuden,サイバリアン 〜タイム トラベル ウォリアー〜,-,,ETC,Shinyuden,0,1,その他,その他
2019-07-25,タイトー,ザ・ニンジャウォーリアーズ ワンスアゲイン,-,,ETC,タイトー,0,1,その他,その他
2019-07-25,Digital Bards,ソウルブライト,-,,ETC,Digital Bards,0,1,その他,その他
2019-07-25,DICO,デビルキングダム,-,,ETC,DICO,0,1,その他,その他
2019-07-25,Monster Couch,ドスコイの壁,-,,ETC,Monster Couch,0,1,その他,その他
2019-07-25,PLiCy,ハシビロコウとメジェド,-,,ETC,PLiCy,0,1,その他,その他
2019-07-25,アイディアファクトリー,ピオフィオーレの晩鐘 -ricordo-,31,YES,ADV,アイディアファクトリー,2741_0m_1127n,1,女性向け恋愛アドベンチャー,その他
2019-07-25,メディアスケープ,ヨイヤミドリーマー,31,,ACT,メディアスケープ,0,1,2D固定画面アクション,その他
2019-07-25,マーベラス,ルーンファクトリー4スペシャル,34,YES,ETC,マーベラス,0,1,ファンタジー生活ゲーム,その他
2019-07-25,スターサイン,出会い玉2,-,,ETC,スターサイン,0,1,その他,その他
2019-07-25,アイディアファクトリー,勇者ネプテューヌ 世界よ宇宙よ刮目せよ!! アルティメットRPG宣言!!,30,,RPG,アイディアファクトリー,0,1,ねぷねぷ2D RPG,その他
2019-07-25,シティコネクション,彩京 SHOOTING LIBRARY Vol.1,-,YES,ETC,シティコネクション,2846_0m_1182n,1,その他,その他
2019-07-25,SAT-BOX,机でドッジボール,-,,ETC,SAT-BOX,0,1,その他,その他
2019-07-25,バンダイナムコエンターテインメント,釣りスピリッツ Nintendo Switchバージョン,31,YES,SPT,バンダイナムコエンターテインメント,2759_0m_1140,1,釣り,その他
2019-07-25,モス,雷電V Director's Cut,-,,ETC,モス,0,1,その他,その他
2019-07-26,任天堂,ファイアーエムブレム 風花雪月,37,YES,SRPG,任天堂,2848_0m_1184,1,シミュレーションRPG,その他
2019-07-27,ベセスダ・ソフトワークス,DOOM (1993),-,,ETC,ベセスダ・ソフトワークス,0,1,その他,その他
2019-07-27,ベセスダ・ソフトワークス,DOOM II (Classic),-,,ETC,ベセスダ・ソフトワークス,0,1,その他,その他
2019-07-30,Humble Bundle,Forager,32,,ACT,Humble Bundle,0,1,サバイバルアクション,その他
2019-08-01,Magic Design Studios,Unruly Heroes（英語版）,31,,ACT,Magic Design Studios,0,1,横スクロールアクション,その他
2019-08-01,H2 INTERACTIVE,エア コンフリクト コレクション（英語版）,-,YES,ETC,H2 INTERACTIVE,0,1,その他,その他
2019-08-01,フリースタイル,オバケイドロ!,30,YES,ACT,フリースタイル,2906_0m_1226n,1,対戦型アクション,その他
2019-08-01,ディースリー・パブリッシャー,オメガラビリンス ライフ,32,YES,RPG,ディースリー・パブリッシャー,0,1,ローグライクRPG×スローライフ,その他
2019-08-01,セガゲームス,クラッシュ・バンディクー レーシング ブッとびニトロ!,-,YES,ETC,セガゲームス,0,1,その他,その他
2019-08-01,ピッキー,クリスタルクライシス,-,YES,ETC,ピッキー,0,1,その他,その他
2019-08-01,レイニーフロッグ,コーラル サンゴ海の探検,-,,ETC,レイニーフロッグ,0,1,その他,その他
2019-08-01,スターサイン,スーパー アーケード サッカー,-,,ETC,スターサイン,0,1,その他,その他
2019-08-01,ジー・モード,ナンプレ Relax 2 Summer Waves,-,,ETC,ジー・モード,0,1,その他,その他
2019-08-01,Forever Entertainment,バランスさがし,-,,ETC,Forever Entertainment,0,1,その他,その他
2019-08-01,ケムコ,レファルシアの幻影,-,,ETC,ケムコ,0,1,その他,その他
2019-08-01,トムクリエイト,忍スピリッツS 真田獣勇士伝,30,,ACT,トムクリエイト,0,1,忍者アクション,その他
2019-08-08,HERO CONCEPT,Doughlings: Invasion,-,,ETC,HERO CONCEPT,0,1,その他,その他
2019-08-08,Samurai Punk,Feather,-,,ETC,Samurai Punk,0,1,その他,その他
2019-08-08,eastasiasoft,Odallus: The Dark Call（英語版）,30,,ACT,eastasiasoft,0,1,探索アクション,その他
2019-08-08,eastasiasoft,Oniken（英語版）,-,,ETC,eastasiasoft,0,1,その他,その他
2019-08-08,Fractal Phase,Sky Rogue,-,,ETC,Fractal Phase,0,1,その他,その他
2019-08-08,indienova,SUDOKU UNIVERSE,-,,ETC,indienova,0,1,その他,その他
2019-08-08,ベセスダ・ソフトワークス,Wolfenstein: Youngblood（英語版）,-,,ETC,ベセスダ・ソフトワークス,0,1,その他,その他
2019-08-08,Digital Bards,エニグマティス2:レイブンウッドの霧,-,,ETC,Digital Bards,0,1,その他,その他
2019-08-08,レジスタ,シャドーコリドー 影の回廊,-,,ETC,レジスタ,0,1,その他,その他
2019-08-08,Onteca,スペース・リボン,-,,ETC,Onteca,0,1,その他,その他
2019-08-08,バンダイナムコエンターテインメント,ソードアート・オンライン フェイタル・バレット COMPLETE EDITION,31,YES,SHT,バンダイナムコエンターテインメント,0,1,シューティングRPG,その他
2019-08-08,カイロソフト,大江戸タウンズ,-,,ETC,カイロソフト,0,1,その他,その他
2019-08-08,カイロソフト,発掘ピラミッド王国,-,,ETC,カイロソフト,0,1,その他,その他
2019-08-14,Shinyuden,パラドックス ソール,-,,ETC,Shinyuden,0,1,その他,その他
2019-08-22,クラウズ プレイカンパニー,おしゃべり!ホリジョ!撃掘 〜アナ・ホリスキー宇宙を救う!ってなんでやねん〜,-,,ETC,クラウズ プレイカンパニー,0,1,その他,その他
2019-08-22,ケムコ,エバーダークの時計塔,30,,RPG,ケムコ,0,1,短編RPG,その他
2019-08-22,メビウス,ゲーセンラブ。〜プラス ペンゴ!〜,-,YES,ETC,メビウス,0,1,その他,その他
2019-08-22,Singlecore Games,ダンジョン・ウォーフェア,-,,ETC,Singlecore Games,0,1,その他,その他
2019-08-22,Manufacture 43,パワルミ,30,,SHT,Manufacture 43,0,1,縦スクロールシューティング,その他
2019-08-22,アイディアファクトリー,片恋いコントラスト ―collection of branch―,-,YES,ETC,アイディアファクトリー,0,1,その他,その他
2019-08-22,コンパイルハート/アイディアファクトリー,神獄塔 メアリスケルター2 for Nintendo Switch,33,YES,RPG,コンパイルハート/アイディアファクトリー,0,1,3DダンジョンRPG,その他
2019-08-22,スクウェア・エニックス,鬼ノ哭ク邦,31,YES,ARPG,スクウェア・エニックス,0,1,アクションRPG,その他
2019-08-23,QuantumAstroGuild,グルガモス,-,,ETC,QuantumAstroGuild,0,1,その他,その他
2019-08-27,USERJOY JAPAN,英雄伝説 暁の軌跡モバイル,-,,ETC,USERJOY JAPAN,0,1,その他,その他
2019-08-29,YAK,Agent A - 偽装のパズル,-,,ETC,YAK,0,1,その他,その他
2019-08-29,アイディアファクトリー,BROTHERS CONFLICT Precious Baby for Nintendo Switch,-,YES,ETC,アイディアファクトリー,0,1,その他,その他
2019-08-29,ナナフシ,DEAD OR SCHOOL,31,YES,ARPG,ナナフシ,0,1,アクションRPG,その他
2019-08-29,Devolver Digital,Heave Ho,-,,ETC,Devolver Digital,0,1,その他,その他
2019-08-29,Merge Games,Solo: Islands of the Heart,-,,ETC,Merge Games,0,1,その他,その他
2019-08-29,シティコネクション,STRIKERS1999 for Nintendo Switch,-,,ETC,シティコネクション,0,1,その他,その他
2019-08-29,Team17,Worms W.M.D（英語版）,-,,ETC,Team17,0,1,その他,その他
2019-08-29,エンターグラム,となりに彼女のいる幸せ 〜Two Farce〜,-,,ETC,エンターグラム,0,1,その他,その他
2019-08-29,プロトタイプ,オメガヴァンパイア,-,YES,ETC,プロトタイプ,0,1,その他,その他
2019-08-29,イントラゲームズ,グランブロックシューター,30,,ASHT,イントラゲームズ,0,1,弾幕シューティング,その他
2019-08-29,アークシステムワークス,ダマスカスギヤ 西京EXODUS,-,,ETC,アークシステムワークス,0,1,その他,その他
2019-08-29,ナツメアタリ,フライデー・ザ・13th:ザ・ゲーム / ULTIMATE SLASHER EDITION,-,YES,ETC,ナツメアタリ,0,1,その他,その他
2019-08-29,Yogscast,ブランチクラブ,-,,ETC,Yogscast,0,1,その他,その他
2019-08-29,エンターグラム,ボクと彼女の研修日誌,-,,ETC,エンターグラム,0,1,その他,その他
2019-08-29,イントラゲームズ,マジッ犬64,-,YES,ETC,イントラゲームズ,0,1,その他,その他
2019-08-29,iMel,ラズベリーキューブ,-,YES,ETC,iMel,0,1,その他,その他
2019-08-29,コーラス・ワールドワイド,ヴァンブレイス:コールドソウル,-,,ETC,コーラス・ワールドワイド,0,1,その他,その他
2019-08-29,シティコネクション,彩京 SHOOTING LIBRARY Vol.2,-,YES,ETC,シティコネクション,2861_0m_1197n,1,その他,その他
2019-08-29,ボルテージ,恋してしまった星の王子 〜制裁院編〜,-,,ETC,ボルテージ,0,1,その他,その他
2019-08-29,ボルテージ,恋してしまった星の王子 〜誓願院編〜,-,,ETC,ボルテージ,0,1,その他,その他
2019-08-29,ダブルドライブ[注釈 12],惑星大戦争〜異星人X・恐怖の地球侵略ツアー,-,,ETC,ダブルドライブ[注釈 12],0,1,その他,その他
2019-08-30,任天堂,ASTRAL CHAIN,37,YES,ACT,任天堂,2865_0m_1201,1,デュアルアクション,その他
2019-08-30,カプコン,囚われのパルマ,-,YES,ETC,カプコン,0,1,その他,その他
2019-08-31,Gearbox Publishing,Risk of Rain 2（英語版）,-,,ETC,Gearbox Publishing,0,1,その他,その他
2019-09-03,スクウェア・エニックス,FINAL FANTASY VIII Remastered,-,,ETC,スクウェア・エニックス,0,1,その他,その他
2019-09-05,トイボックス,Deadly Premonition Origins,-,,ETC,トイボックス,0,1,その他,その他
2019-09-05,Sombr Studio,Invisigun Reloaded,-,,ETC,Sombr Studio,0,1,その他,その他
2019-09-05,スターサイン,RALLY ROCK'N RACING,-,,ETC,スターサイン,0,1,その他,その他
2019-09-05,BonusXP,Stranger Things 3:ザ・ゲーム（英語版）,-,,ETC,BonusXP,0,1,その他,その他
2019-09-05,MoeNovel,この大空に、翼をひろげて,-,,ETC,MoeNovel,0,1,その他,その他
2019-09-05,ケムコ,アスディバインメナス,-,,ETC,ケムコ,0,1,その他,その他
2019-09-05,カイロソフト,アパレル洋品店,-,,ETC,カイロソフト,0,1,その他,その他
2019-09-05,任天堂,スーパーカービィハンターズ,-,,ETC,任天堂,0,1,その他,その他
2019-09-05,Atypical Games,バトル・スプレマシー・グラウンド・アソールト,-,,ETC,Atypical Games,0,1,その他,その他
2019-09-05,ユービーアイソフト,ブロウルハラ,-,,ETC,ユービーアイソフト,0,1,その他,その他
2019-09-05,SAT-BOX,机でラグビー,-,,ETC,SAT-BOX,0,1,その他,その他
2019-09-05,アークシステムワークス,熱血硬派くにおくん外伝 River City Girls,-,,ETC,アークシステムワークス,0,1,その他,その他
2019-09-05,ジェムドロップ,狼と香辛料VR,-,,ETC,ジェムドロップ,0,1,その他,その他
2019-09-05,アイディアファクトリー,限界凸起 モエロクリスタル H,-,,ETC,アイディアファクトリー,0,1,その他,その他
2019-09-06,テイクツー・インタラクティブ・ジャパン,NBA 2K20,32,YES,SPT,テイクツー・インタラクティブ・ジャパン,0,1,バスケットボール,その他
2019-09-06,任天堂,スーパーファミコン Nintendo Classics,-,,ETC,任天堂,0,1,その他,その他
2019-09-12,アイディアファクトリー,AMNESIA for Nintendo Switch,-,YES,ETC,アイディアファクトリー,2992_0m_1279,1,その他,その他
2019-09-12,Atypical Games,Battle Supremacy - Evolution,-,,ETC,Atypical Games,0,1,その他,その他
2019-09-12,Valorware,Throne Quest Deluxe,-,,ETC,Valorware,0,1,その他,その他
2019-09-12,Soedesco,アモーング・ザ・スリープ:エンハンスド・エディション（英語版）,-,,ETC,Soedesco,0,1,その他,その他
2019-09-12,Frogwares（英語版）,シンキング シティ（英語版）,-,,ETC,Frogwares（英語版）,0,1,その他,その他
2019-09-12,スターサイン,タイタンピンボール,-,,ETC,スターサイン,0,1,その他,その他
2019-09-13,マーベラス,DAEMON X MACHINA,-,YES,ETC,マーベラス,0,1,その他,その他
2019-09-17,スクウェア・エニックス,ドラゴンクエストモンスターズ テリーのワンダーランド RETRO,-,,ETC,スクウェア・エニックス,0,1,その他,その他
2019-09-19,スパイク・チュンソフト,AI: ソムニウム ファイル,-,YES,ETC,スパイク・チュンソフト,0,1,その他,その他
2019-09-19,コードマスターズ,GRID Autosport（英語版）,-,,ETC,コードマスターズ,0,1,その他,その他
2019-09-19,Another Indie Studio,Lost Castle,-,,ETC,Another Indie Studio,0,1,その他,その他
2019-09-19,D3Go,Puzzle Quest:The Legend Returns,-,,ETC,D3Go,0,1,その他,その他
2019-09-19,Shinyuden,それゆけ!おもちゃ戦車,-,,ETC,Shinyuden,0,1,その他,その他
2019-09-19,フリュー,カードファイト!! ヴァンガード エクス,31,YES,TBL,フリュー,0,1,カードファイトシミュレーター,その他
2019-09-19,カプコン,デビルメイクライ2,-,,ETC,カプコン,0,1,その他,その他
2019-09-19,アイディアファクトリー,蛇香のライラ 〜Trap of MUSK〜,31,YES,ADV,アイディアファクトリー,0,1,女性向け恋愛アドベンチャー,その他
2019-09-20,Panic（英語版）,Untitled Goose Game 〜いたずらガチョウがやって来た!〜,33,,ACT,Panic（英語版）,0,1,ステルスアクション,その他
2019-09-20,任天堂,ゼルダの伝説 夢をみる島,35,YES,AADV,任天堂,2990_0m_1276,1,アクションアドベンチャー,その他
2019-09-20,レベルファイブ,二ノ国 白き聖灰の女王 for Nintendo Switch,-,YES,ETC,レベルファイブ,2989_0m_1275,1,その他,その他
2019-09-20,だいだい,古き良き時代の冒険譚 Ne,-,,ETC,だいだい,0,1,その他,その他
2019-09-26,3goo,Dead by Daylight,-,YES,ETC,3goo,2943_0m_1253,1,その他,その他
2019-09-26,eastasiasoft,Habroxia,-,,ETC,eastasiasoft,0,1,その他,その他
2019-09-26,オーイズミ・アミュージオ,MotoGP 19,30,,RCG,オーイズミ・アミュージオ,0,1,モータースポーツレーシング,その他
2019-09-26,Annapurna Interactive,Sayonara Wild Hearts,-,,ETC,Annapurna Interactive,0,1,その他,その他
2019-09-26,ジー・モード,みんなで空気読み。2 〜令和〜,-,,ETC,ジー・モード,0,1,その他,その他
2019-09-26,アイディアファクトリー,ガンガンピクシーズ HH,-,,ETC,アイディアファクトリー,0,1,その他,その他
2019-09-26,バンダイナムコエンターテインメント,ニンジャボックス,31,YES,RPG,バンダイナムコエンターテインメント,0,1,ヒミツキチづくりRPG,その他
2019-09-26,スターサイン,ハロウィンピンボール,-,,ETC,スターサイン,0,1,その他,その他
2019-09-26,メディアスケープ,フライングガール ストライカー,-,,ETC,メディアスケープ,0,1,その他,その他
2019-09-26,コーエーテクモゲームス,ライザのアトリエ 〜常闇の女王と秘密の隠れ家〜,34,YES,RPG,コーエーテクモゲームス,2984_0m_1270,1,錬金術RPG,その他
2019-09-26,Navila Software Japan,滅魂〜Soulslayer〜,-,,ETC,Navila Software Japan,0,1,その他,その他
2019-09-26,ドラス,激Jパチスロ ハナハナ祭り!TOP5勢ぞろいSP,-,,ETC,ドラス,0,1,その他,その他
2019-09-26,インティ・クリエイツ,白き鋼鉄のX THE OUT OF GUNVOLT,32,YES,ACT,インティ・クリエイツ,0,1,横スクロールアクション,その他
2019-09-26,グランゼーラ,絶体絶命都市4Plus -Summer Memories- for Nintendo Switch,32,YES,AADV,グランゼーラ,0,1,サバイバル・アクションアドベンチャー,その他
2019-09-26,アイディアファクトリー,薄桜鬼 真改 月影ノ抄,-,YES,ETC,アイディアファクトリー,2987_0m_1273n,1,その他,その他
2019-09-26,レイニーフロッグ,進化のひみつ 生命のはじまり,-,,ETC,レイニーフロッグ,0,1,その他,その他
2019-09-26,KONAMI,魂斗羅 ローグ コープス,32,YES,ASHT,KONAMI,0,1,アクションシューティング,その他
2019-09-27,エレクトロニック・アーツ,FIFA 20 Legacy Edition,-,YES,ETC,エレクトロニック・アーツ,0,1,その他,その他
2019-09-27,スクウェア・エニックス,ドラゴンクエスト,-,,ETC,スクウェア・エニックス,0,1,その他,その他
2019-09-27,スクウェア・エニックス,ドラゴンクエストII 悪霊の神々,-,,ETC,スクウェア・エニックス,0,1,その他,その他
2019-09-27,スクウェア・エニックス,ドラゴンクエストIII そして伝説へ…,35,,RPG,スクウェア・エニックス,6946_0m_4917,1,RPG,その他
2019-09-27,スクウェア・エニックス,ドラゴンクエストXI 過ぎ去りし時を求めて S,40,YES,RPG,スクウェア・エニックス,2915_0m_1231,1,RPG,その他
2019-09-28,Microsoft Studios,Ori and the Blind Forest: Definitive Edition,-,,ETC,Microsoft Studios,0,1,その他,その他
2019-10-03,アイディアファクトリー,AMNESIA LATER×CROWD for Nintendo Switch,-,YES,ETC,アイディアファクトリー,0,1,その他,その他
2019-10-03,Cool Small Games,California Sushi Time!: カリフォルニアスシタイム!,-,,ETC,Cool Small Games,0,1,その他,その他
2019-10-03,Altered Matter,Etherborn,-,,ETC,Altered Matter,0,1,その他,その他
2019-10-03,Sekai Games,Fault - Milestone One（英語版）,-,,ETC,Sekai Games,0,1,その他,その他
2019-10-03,Natsume Inc.,Reel Fishing: Road Trip Adventure,-,,ETC,Natsume Inc.,0,1,その他,その他
2019-10-03,eastasiasoft,Super Weekend Mode,-,,ETC,eastasiasoft,0,1,その他,その他
2019-10-03,PM Studios,SUPERBEAT: XONiC（英語版）,-,,ETC,PM Studios,0,1,その他,その他
2019-10-03,Fellow Traveller,The Church in the Darkness（英語版）,-,,ETC,Fellow Traveller,0,1,その他,その他
2019-10-03,indienova,キャンドルちゃん,-,,ETC,indienova,0,1,その他,その他
2019-10-03,レイニーフロッグ,ジャッククエスト 呪われた剣の伝説,-,,ETC,レイニーフロッグ,0,1,その他,その他
2019-10-03,バンダイナムコエンターテインメント,スーパーロボット大戦V,34,YES,SRPG,バンダイナムコエンターテインメント,2978_0m_1264,1,シミュレーションRPG,その他
2019-10-03,Muse Games,ハムスターダム,-,,ETC,Muse Games,0,1,その他,その他
2019-10-04,メディアスケープ,まりさとアリスのトラップタワー,-,,ETC,メディアスケープ,0,1,その他,その他
2019-10-08,Team17,Yooka-Layleeとインポッシブル迷宮,32,,AADV,Team17,0,1,アクションアドベンチャー,その他
2019-10-08,ジー・モード,バーガータイムパーティー,-,,ETC,ジー・モード,0,1,その他,その他
2019-10-09,ゲームロフト,アスファルト9:Legends,-,,ETC,ゲームロフト,0,1,その他,その他
2019-10-10,Digital Bards,30 in 1 ミニゲームコレクション Vol.2,-,,ETC,Digital Bards,0,1,その他,その他
2019-10-10,eastasiasoft,Family Tree,-,,ETC,eastasiasoft,0,1,その他,その他
2019-10-10,カイロソフト,G1牧場ステークス,-,,ETC,カイロソフト,0,1,その他,その他
2019-10-10,GameParadiso,MilkChoco,-,,ETC,GameParadiso,0,1,その他,その他
2019-10-10,アークシステムワークス,MISTOVER,-,,ETC,アークシステムワークス,0,1,その他,その他
2019-10-10,オニオンゲームス,moon,-,YES,ETC,オニオンゲームス,0,1,その他,その他
2019-10-10,DMM GAMES,Sea Salt,-,,ETC,DMM GAMES,0,1,その他,その他
2019-10-10,エインシャント,すすめ!! まもって騎士 姫の突撃セレナーデ,-,,ETC,エインシャント,0,1,その他,その他
2019-10-10,フリュー,アライアンス・アライブ HDリマスター,-,YES,ETC,フリュー,0,1,その他,その他
2019-10-10,コンパイルハート/アイディアファクトリー,アークオブアルケミスト for Nintendo Switch,31,YES,ARPG,コンパイルハート/アイディアファクトリー,0,1,タクティカルアクションRPG,その他
2019-10-10,アークシステムワークス,ダウンタウン乱闘行進曲マッハ,-,,ETC,アークシステムワークス,0,1,その他,その他
2019-10-10,バンダイナムコエンターテインメント,ディズニー ツムツム フェスティバル,-,YES,ETC,バンダイナムコエンターテインメント,0,1,その他,その他
2019-10-10,3goo,トライン4:ザ・ナイトメア プリンス（英語版）,33,YES,PZL,3goo,0,1,謎解き2Dアクション,その他
2019-10-10,ケムコ,モノクロームオーダー ―アイゼデシルの裁定者―,-,,ETC,ケムコ,0,1,その他,その他
2019-10-10,レベルファイブ,妖怪ウォッチ1 for Nintendo Switch,-,YES,ETC,レベルファイブ,0,1,その他,その他
2019-10-10,アイディアファクトリー,幻奏喫茶アンシャンテ,31,YES,ADV,アイディアファクトリー,0,1,女性向け恋愛アドベンチャー,その他
2019-10-10,Navila Software Japan,残業悪夢,-,,ETC,Navila Software Japan,0,1,その他,その他
2019-10-10,Hautecouture,闘源郷麻雀パズル 牌仙,-,,ETC,Hautecouture,0,1,その他,その他
2019-10-11,YFC Games,大マジック時代:最後の守護者,-,,ETC,YFC Games,0,1,その他,その他
2019-10-16,Blizzard Entertainment,オーバーウォッチ レジェンダリー・エディション,36,YES,ASHT,Blizzard Entertainment,0,1,アクションシューティング,その他
2019-10-17,Haunted Tie,Domiverse,-,,ETC,Haunted Tie,0,1,その他,その他
2019-10-17,メディアスケープ,Rabi-Ribi,-,,ETC,メディアスケープ,0,1,その他,その他
2019-10-17,サクセス,○×ロジック1000!,-,,ETC,サクセス,0,1,その他,その他
2019-10-17,スパイク・チュンソフト,ウィッチャー3 ワイルドハント コンプリートエディション,37,YES,ARPG,スパイク・チュンソフト,3006_0m_1289,1,アクションRPG,その他
2019-10-17,風雲,サマースウィートハート,-,,ETC,風雲,0,1,その他,その他
2019-10-17,Forever Entertainment,ショパンの復活 音楽を救え!,-,,ETC,Forever Entertainment,0,1,その他,その他
2019-10-17,バンダイナムコエンターテインメント,デジモンストーリー サイバースルゥース ハッカーズメモリー,35,YES,RPG,バンダイナムコエンターテインメント,0,1,育成RPG,その他
2019-10-17,ゲームフリーク,リトルタウンヒーロー,33,,RPG,ゲームフリーク,0,1,RPG,その他
2019-10-17,マーベラス,牧場物語 再会のミネラルタウン,-,YES,ETC,マーベラス,2969_0m_1255,1,その他,その他
2019-10-18,Humble Bundle,A Hat in Time（英語版）,33,,AADV,Humble Bundle,0,1,アクションアドベンチャー,その他
2019-10-18,3909,Return of the Obra Dinn,-,,ETC,3909,0,1,その他,その他
2019-10-18,任天堂,リングフィット アドベンチャー,-,YES,ETC,任天堂,3076_0m_1336,1,その他,その他
2019-10-24,Game Source Entertainment,Bloodstained: Ritual of the Night,34,YES,ARPG,Game Source Entertainment,0,1,探索型アクションRPG,その他
2019-10-24,The Arcade Crew,Dark Devotion,-,,ETC,The Arcade Crew,0,1,その他,その他
2019-10-24,JUSTDAN INTERNATIONAL,Dusk Diver 酉閃町,-,YES,ETC,JUSTDAN INTERNATIONAL,0,1,その他,その他
2019-10-24,eastasiasoft,Ghost Blade HD,-,,ETC,eastasiasoft,0,1,その他,その他
2019-10-24,レイニーフロッグ,GIGA WRECKER ALT.,30,YES,ACT,レイニーフロッグ,0,1,2Dガレキアクション,その他
2019-10-24,PM Studios,MUSYNX,-,,ETC,PM Studios,0,1,その他,その他
2019-10-24,Beep,Trüberbrook,-,YES,ETC,Beep,0,1,その他,その他
2019-10-24,アルファ・システム,シスターズランナー,-,,ETC,アルファ・システム,0,1,その他,その他
2019-10-24,CIRCLE Ent.,スプラッシュ・ブラスト・パニック,-,,ETC,CIRCLE Ent.,0,1,その他,その他
2019-10-24,BolHut,死んじゃった!けど、ネクロマンサーに復活してもらった!,-,,ETC,BolHut,0,1,その他,その他
2019-10-24,INSIDE SYSTEM,魔神少女 -Chronicle 2D ACT-,-,,ETC,INSIDE SYSTEM,0,1,その他,その他
2019-10-28,Killhouse Games,Door Kickers: Action Squad（英語版）,-,,ETC,Killhouse Games,0,1,その他,その他
2019-10-31,3goo,FIA ヨーロピアン・トラックレーシング・チャンピオンシップ,-,YES,ETC,3goo,0,1,その他,その他
2019-10-31,アネラゲームスタジオ,Flan,-,,ETC,アネラゲームスタジオ,0,1,その他,その他
2019-10-31,BIG BOYS STUDIO,Otokomizu〜漢水〜,-,,ETC,BIG BOYS STUDIO,0,1,その他,その他
2019-10-31,Atypical Games,Sky Gamblers: Storm Raiders 2（英語版）,-,,ETC,Atypical Games,0,1,その他,その他
2019-10-31,Game Source Entertainment,SNIPER ELITE V2 REMASTERED,-,YES,ETC,Game Source Entertainment,0,1,その他,その他
2019-10-31,RebellionInteract（英語版）,SNIPER ELITE V2 REMASTERED,-,,ETC,RebellionInteract（英語版）,0,1,その他,その他
2019-10-31,ChubbyPixel,Woodle Tree 2: Deluxe,-,,ETC,ChubbyPixel,0,1,その他,その他
2019-10-31,Fingerlab,Yuri,-,,ETC,Fingerlab,0,1,その他,その他
2019-10-31,セガゲームス,たべごろ!スーパーモンキーボール,-,YES,ETC,セガゲームス,0,1,その他,その他
2019-10-31,ケムコ,アスディバインカムラ,-,,ETC,ケムコ,0,1,その他,その他
2019-10-31,スパイク・チュンソフト,ディヴィニティ:オリジナル・シン 2 ディフィニティブエディション,32,,SRPG,スパイク・チュンソフト,0,1,シミュレーションRPG,その他
2019-10-31,カプコン,バイオハザード トリプル パック,-,YES,ETC,カプコン,0,1,その他,その他
2019-10-31,カプコン,バイオハザード5,-,,ETC,カプコン,0,1,その他,その他
2019-10-31,カプコン,バイオハザード6,-,,ETC,カプコン,0,1,その他,その他
2019-10-31,HOF Studios,ポリーロール ザ・ローリング・バグ,-,,ETC,HOF Studios,0,1,その他,その他
2019-10-31,任天堂,ルイージマンション3,33,YES,AADV,任天堂,3102_0m_1341,1,アクションアドベンチャー,その他
2019-10-31,NetEase Games,荒野行動,-,,ETC,NetEase Games,0,1,その他,その他
2019-10-31,アークシステムワークス,退魔忍法帖〜妖怪地獄変〜,-,,ETC,アークシステムワークス,0,1,その他,その他
2019-10-31,日本一ソフトウェア,魔界戦記ディスガイア4 Return,-,YES,ETC,日本一ソフトウェア,0,1,その他,その他
2019-10-31,DICO,鷹の爪VSハエの羽団,-,,ETC,DICO,0,1,その他,その他
2019-11-01,フリュー,MODEL Debut #nicola,-,YES,ETC,フリュー,0,1,その他,その他
2019-11-01,セガゲームス,マリオ&ソニック AT 東京2020オリンピック,34,YES,SPT,セガゲームス,3030_0m_1299,1,スポーツアクション,その他
2019-11-07,X.D. Network,Juicy Realm（英語版）,32,,ASHT,X.D. Network,0,1,アクションシューティング,その他
2019-11-07,グッド・フィール,MONKEY BARRELS,-,,ETC,グッド・フィール,0,1,その他,その他
2019-11-07,ワーカービー,Old School Musical,-,,ETC,ワーカービー,0,1,その他,その他
2019-11-07,Plug In Digital,PictoQuest,-,,ETC,Plug In Digital,0,1,その他,その他
2019-11-07,Merge Games,Stranded Sails: Explorers of the Cursed Islands,-,,ETC,Merge Games,0,1,その他,その他
2019-11-07,PLAYISM,Strange Telephone,30,,ADV,PLAYISM,0,1,脱出アドベンチャー,その他
2019-11-07,UNTIES,TOKYO DARK -Remembrance-,31,,ADV,UNTIES,0,1,ミステリーアドベンチャー,その他
2019-11-07,カイロソフト,まんが一本道〆,-,,ETC,カイロソフト,0,1,その他,その他
2019-11-07,フライハイワークス,ガンズ・オブ・マーシー,31,,ASHT,フライハイワークス,0,1,アクションシューティング,その他
2019-11-07,ビバゲームズ,キミノオモチャ,-,,ETC,ビバゲームズ,0,1,その他,その他
2019-11-07,プロトタイプ,グリザイアの果実・迷宮・楽園 フルパッケージ,-,YES,ETC,プロトタイプ,0,1,その他,その他
2019-11-07,タイトー,グルーヴコースター ワイワイパーティー!!!!,-,,ETC,タイトー,0,1,その他,その他
2019-11-07,Astragon（英語版）,コンストラクションシミュレーター 2,-,,ETC,Astragon（英語版）,0,1,その他,その他
2019-11-07,Forever Entertainment,ショパンの復活 悪魔の逆襲!,-,,ETC,Forever Entertainment,0,1,その他,その他
2019-11-07,コーラス・ワールドワイド,スーパードッジボールビーツ,-,,ETC,コーラス・ワールドワイド,0,1,その他,その他
2019-11-07,アクションスクエア,ブレイド2 - ザ・リターン・オブ・エビル,-,,ETC,アクションスクエア,0,1,その他,その他
2019-11-07,RED FLAG SHIP,慟哭そして...,-,,ETC,RED FLAG SHIP,0,1,その他,その他
2019-11-07,日本コロムビア,映画 すみっコぐらし とびだす絵本とひみつのコ ゲームであそぼう!絵本の世界,-,YES,ETC,日本コロムビア,0,1,その他,その他
2019-11-07,アークシステムワークス,熱血硬派くにおくん外伝 イカすぜ!小林さん,-,,ETC,アークシステムワークス,0,1,その他,その他
2019-11-08,Playful,New Super Lucky's Tale（英語版）,-,,ETC,Playful,0,1,その他,その他
2019-11-08,任天堂,ストレッチャーズ（英語版）,-,,ETC,任天堂,0,1,その他,その他
2019-11-11,スクウェア・エニックス,ロマンシング サガ3,-,,ETC,スクウェア・エニックス,0,1,その他,その他
2019-11-14,Wired Productions,Fractured Minds,-,,ETC,Wired Productions,0,1,その他,その他
2019-11-14,VD-DEV（英語版）,RISE: Race The Future,-,,ETC,VD-DEV（英語版）,0,1,その他,その他
2019-11-14,Merge Games,Sparklite,-,,ETC,Merge Games,0,1,その他,その他
2019-11-14,フライハイワークス,ギガンティック・アーミー,-,,ETC,フライハイワークス,0,1,その他,その他
2019-11-14,スターサイン,サファリピンボール,-,,ETC,スターサイン,0,1,その他,その他
2019-11-14,ケムコ,スーパー・ストリート: Racer,-,YES,ETC,ケムコ,0,1,その他,その他
2019-11-14,レイニーフロッグ,ドットホラーストーリー,-,,ETC,レイニーフロッグ,0,1,その他,その他
2019-11-14,ジー・モード,ナンプレ Relax 3 Autumn Leaves,-,,ETC,ジー・モード,0,1,その他,その他
2019-11-14,ワーカービー,バルダーダッシュ:Boulder Dash - 30th Anniversary,-,,ETC,ワーカービー,0,1,その他,その他
2019-11-14,505 Games,ラスト・デイ・オブ・ジューン,-,,ETC,505 Games,0,1,その他,その他
2019-11-14,コーラス・ワールドワイド,婆裟羅コレクション,31,,SHT,コーラス・ワールドワイド,0,1,縦スクロールシューティング,その他
2019-11-14,Digital Bards,建築!ゴンドラ&リフト,-,,ETC,Digital Bards,0,1,その他,その他
2019-11-14,オレンジキューブ,魔女の迷宮,-,,ETC,オレンジキューブ,0,1,その他,その他
2019-11-15,ポケモン,ポケットモンスター シールド,38,YES,RPG,ポケモン,3151_0m_1368,1,RPG,その他
2019-11-15,ポケモン,ポケットモンスター ソード,38,YES,RPG,ポケモン,3150_0m_1367,1,RPG,その他
2019-11-21,スターサイン,8ボールポケット,-,,ETC,スターサイン,0,1,その他,その他
2019-11-21,アークシステムワークス,BLAZBLUE CROSS TAG BATTLE Special Edition,-,YES,ETC,アークシステムワークス,0,1,その他,その他
2019-11-21,Sprakelsoft,Croc's World 2,-,,ETC,Sprakelsoft,0,1,その他,その他
2019-11-21,アイディアファクトリー,DIABOLIK LOVERS GRAND EDITION for Nintendo Switch,-,YES,ETC,アイディアファクトリー,0,1,その他,その他
2019-11-21,ワーナー ブラザース ジャパン,LEGO ジュラシック・ワールド（英語版）,34,YES,AADV,ワーナー ブラザース ジャパン,0,1,アクションアドベンチャー,その他
2019-11-21,アークシステムワークス,ゾンビ パニック イン ワンダーランド DX,-,,ETC,アークシステムワークス,0,1,その他,その他
2019-11-21,ワーカービー,ナイツ オブ ペン アンド ペーパー（英語版）,-,,ETC,ワーカービー,0,1,その他,その他
2019-11-21,SAT-BOX,ボクらの消しゴム落とし+スポーツセット,-,YES,ETC,SAT-BOX,0,1,その他,その他
2019-11-21,3goo,ミュータント・イヤー・ゼロ:ロード・トゥ・エデン デラックスエディション（英語版）,31,YES,ADV,3goo,3155_0m_1371,1,タクティカル・アドベンチャー,その他
2019-11-21,CIRCLE Ent.,帋人形,-,,ETC,CIRCLE Ent.,0,1,その他,その他
2019-11-28,Rising Star Games,Decay of Logos,-,,ETC,Rising Star Games,0,1,その他,その他
2019-11-28,プロトタイプ,FLOWERS 四季,-,YES,ETC,プロトタイプ,0,1,その他,その他
2019-11-28,シティコネクション,Mindball Play（英語版）,-,,ETC,シティコネクション,0,1,その他,その他
2019-11-28,バンダイナムコエンターテインメント,SDガンダム ジージェネレーション クロスレイズ,31,YES,SLG,バンダイナムコエンターテインメント,0,1,ガンダムシミュレーション,その他
2019-11-28,SAT-BOX,Voxel Galaxy,-,,ETC,SAT-BOX,0,1,その他,その他
2019-11-28,アークシステムワークス,おきらくテニスSP,-,,ETC,アークシステムワークス,0,1,その他,その他
2019-11-28,ジョイフルスター,くるくるカメレオン,-,,ETC,ジョイフルスター,0,1,その他,その他
2019-11-28,CIRCLE Ent.,オールスター・フルーツ・レーシング,-,,ETC,CIRCLE Ent.,0,1,その他,その他
2019-11-28,ボルテージ,スイートルームで悪戯なキス,-,,ETC,ボルテージ,0,1,その他,その他
2019-11-28,MAGES.,ダンジョンに出会いを求めるのは間違っているだろうか インフィニト・コンバーテ,-,YES,ETC,MAGES.,0,1,その他,その他
2019-11-28,rokapublish,ハーベスト ライフ,-,,ETC,rokapublish,0,1,その他,その他
2019-11-28,Ratalaika Games[注釈 20],フォクシーランド,-,,ETC,Ratalaika Games[注釈 20],0,1,その他,その他
2019-11-28,ディライトワークス,紙謎 未来からの想いで,31,,PZL,ディライトワークス,0,1,謎解き紙ゲー,その他
2019-11-28,ソニックパワード,鉄道にっぽん!路線たび 叡山電車編,-,YES,ETC,ソニックパワード,0,1,その他,その他
2019-12-05,Feral Interactive（英語版）,Alien: Isolation,-,,ETC,Feral Interactive（英語版）,0,1,その他,その他
2019-12-05,CIRCLE Ent.,AWAY: Journey to the Unexpected,-,,ETC,CIRCLE Ent.,0,1,その他,その他
2019-12-05,メディアスケープ,Little Bit War,-,,ETC,メディアスケープ,0,1,その他,その他
2019-12-05,qureate,NekoMiko,-,,ETC,qureate,0,1,その他,その他
2019-12-05,スクウェア・エニックス,STAR OCEAN -First Departure R-,-,,ETC,スクウェア・エニックス,0,1,その他,その他
2019-12-05,ワーカービー,がんばれ!スーパーストライカーズ,-,,ETC,ワーカービー,0,1,その他,その他
2019-12-05,アンバランス,みんなのオセロ,-,,ETC,アンバランス,0,1,その他,その他
2019-12-05,ディースリー・パブリッシャー,もっと!にゅ〜パズ松さん 〜新品卒業計画〜,-,YES,ETC,ディースリー・パブリッシャー,0,1,その他,その他
2019-12-05,Other Tales Interactive,チックタック:二人のための物語,-,,ETC,Other Tales Interactive,0,1,その他,その他
2019-12-05,ALL IN! GAMES,ツールズアップ!,-,,ETC,ALL IN! GAMES,0,1,その他,その他
2019-12-05,コーラス・ワールドワイド,ディフェンダーズ・オブ・エクロン:デフィニティブエディション,-,,ETC,コーラス・ワールドワイド,0,1,その他,その他
2019-12-05,ケムコ,ブランドルの魔法使い,-,,ETC,ケムコ,0,1,その他,その他
2019-12-05,日本コロムビア,プリティ・プリンセス マジカルコーディネート,-,YES,ETC,日本コロムビア,3323_0m_1466,1,その他,その他
2019-12-05,カイロソフト,ミリオン行進曲♪,-,,ETC,カイロソフト,0,1,その他,その他
2019-12-06,ユービーアイソフト,アサシン クリード リベルコレクション,-,YES,ETC,ユービーアイソフト,0,1,その他,その他
2019-12-07,バンダイ,爆釣ハンターズ,-,YES,ETC,バンダイ,0,1,その他,その他
2019-12-10,Techland,Call of Juarez: Gunslinger（英語版）,-,,ETC,Techland,0,1,その他,その他
2019-12-10,Astragon,Fishing: Barents Sea Complete Edition（英語版）,-,,ETC,Astragon,0,1,その他,その他
2019-12-10,Cococucumber,Riverbond,-,,ETC,Cococucumber,0,1,その他,その他
2019-12-11,Phoenix Labs,ドーントレス,-,,ETC,Phoenix Labs,0,1,その他,その他
2019-12-12,カエルエックス,BATTOJUTSU-抜刀術-,-,,ETC,カエルエックス,0,1,その他,その他
2019-12-12,H2 INTERACTIVE,Ghostbusters: The Video Game Remastered（英語版）,-,YES,ETC,H2 INTERACTIVE,0,1,その他,その他
2019-12-12,eastasiasoft,Gunlord X（英語版）,-,,ETC,eastasiasoft,0,1,その他,その他
2019-12-12,SNK,SAMURAI SPIRITS,31,YES,FTG,SNK,0,1,剣戟対戦格闘,その他
2019-12-12,賈船,Sea King Hunter,-,,ETC,賈船,0,1,その他,その他
2019-12-12,トローゼ,アニマス ハービンジャー,-,,ETC,トローゼ,0,1,その他,その他
2019-12-12,3goo,オーバーライド 巨大メカ大乱闘 スーパーチャージエディション,-,YES,ETC,3goo,0,1,その他,その他
2019-12-12,フライハイワークス,ゴルフピークス,-,,ETC,フライハイワークス,0,1,その他,その他
2019-12-12,CIRCLE Ent.,ステイ,-,,ETC,CIRCLE Ent.,0,1,その他,その他
2019-12-12,CFK,セイクリッド ストーンズ,-,,ETC,CFK,0,1,その他,その他
2019-12-12,Digital Bards,ゾンビドライバー: Immortal Edition（英語版）,30,,ACT,Digital Bards,0,1,カーアクション,その他
2019-12-12,CFK,プリンセスメーカー Go!Go!プリンセス,-,,ETC,CFK,0,1,その他,その他
2019-12-12,コーラス・ワールドワイド,ヘッドライナー:ノヴィニュース,31,YES,ADV,コーラス・ワールドワイド,0,1,アドベンチャー,その他
2019-12-12,コーラス・ワールドワイド,メガクアリウム,30,YES,SLG,コーラス・ワールドワイド,0,1,水族館経営シミュレーション,その他
2019-12-12,メディアスケープ,モチ上ガール,30,,ACT,メディアスケープ,0,1,横スクロールアクション,その他
2019-12-12,Phoenixx前:UNTIES,幻走スカイドリフト,-,,ETC,Phoenixx前:UNTIES,3326_0m_1469n,1,その他,その他
2019-12-12,シティコネクション,忍者じゃじゃ丸 コレクション,-,YES,ETC,シティコネクション,0,1,その他,その他
2019-12-12,CIRCLE Ent.,欧陸の覇者X,-,,ETC,CIRCLE Ent.,0,1,その他,その他
2019-12-13,Headup Games（英語版）,Dead End Job,-,,ETC,Headup Games（英語版）,0,1,その他,その他
2019-12-13,Game Source Entertainment,スター・ウォーズ ピンボール（英語版）,-,YES,ETC,Game Source Entertainment,0,1,その他,その他
2019-12-16,Hempuli,Baba Is You,-,,ETC,Hempuli,0,1,その他,その他
2019-12-19,indienova,64.0,-,,ETC,indienova,0,1,その他,その他
2019-12-19,Team17,Blasphemous（英語版）,31,,ACT,Team17,0,1,横スクロールアクション,その他
2019-12-19,文化放送エクステンド,BUSTAFELLOWS,-,YES,ETC,文化放送エクステンド,0,1,その他,その他
2019-12-19,Sprakelsoft,Croc's World 3,-,,ETC,Sprakelsoft,0,1,その他,その他
2019-12-19,エンターグラム,D.C.4 〜ダ・カーポ4〜,-,YES,ETC,エンターグラム,0,1,その他,その他
2019-12-19,eastasiasoft,Damsel,-,,ETC,eastasiasoft,0,1,その他,その他
2019-12-19,レジスタ,Fable of Fairy Stones:妖精石物語,-,,ETC,レジスタ,0,1,その他,その他
2019-12-19,AQUIRIS,Horizon Chase Turbo（英語版）,-,,ETC,AQUIRIS,0,1,その他,その他
2019-12-19,Plug In Digital,Lethis 繁栄への道,-,,ETC,Plug In Digital,0,1,その他,その他
2019-12-19,Stray Fawn,Retimed,-,,ETC,Stray Fawn,0,1,その他,その他
2019-12-19,Game Source Entertainment,SNIPER ELITE III ULTIMATE EDITION,-,YES,ETC,Game Source Entertainment,0,1,その他,その他
2019-12-19,PLiCy,WWA Collection 2,-,,ETC,PLiCy,0,1,その他,その他
2019-12-19,ブロッコリー,うたの☆プリンスさまっ♪ Repeat LOVE for Nintendo Switch,-,YES,ETC,ブロッコリー,0,1,その他,その他
2019-12-19,Annapurna Interactive,アシェン（英語版）,-,,ETC,Annapurna Interactive,0,1,その他,その他
2019-12-19,Digital Bards,アナーキュート,-,,ETC,Digital Bards,0,1,その他,その他
2019-12-19,エムツー,エスプレイドΨ,32,YES,SHT,エムツー,3334_0m_1477,1,縦スクロールシューティング,その他
2019-12-19,ポケット,オーバークック スペシャルエディション + オーバークック2,-,YES,ETC,ポケット,0,1,その他,その他
2019-12-19,シティコネクション,ゲーム天国 CruisinMix Special,-,,ETC,シティコネクション,0,1,その他,その他
2019-12-19,CIRCLE Ent.,シャドウズ・オブ・アダム,-,,ETC,CIRCLE Ent.,0,1,その他,その他
2019-12-19,レジスタ,ジェミニアームズ,-,,ETC,レジスタ,0,1,その他,その他
2019-12-19,BIG BOYS STUDIO,ジュラシックエキサイト,-,,ETC,BIG BOYS STUDIO,0,1,その他,その他
2019-12-19,カエルエックス,スカッとよこ撃ちパズル ゴーストハンマー,-,,ETC,カエルエックス,0,1,その他,その他
2019-12-19,スパイク・チュンソフト,テラリア,-,YES,ETC,スパイク・チュンソフト,3338_0m_1481,1,その他,その他
2019-12-19,Forever Entertainment,ノーリロードヒーローズ,-,,ETC,Forever Entertainment,0,1,その他,その他
2019-12-19,Forever Entertainment,バイオレットと奇妙な世界,-,,ETC,Forever Entertainment,0,1,その他,その他
2019-12-19,Forever Entertainment,フィンガーサーファー,-,,ETC,Forever Entertainment,0,1,その他,その他
2019-12-19,レイニーフロッグ,ブラックソードマン ―ある死神の物語―（英語版）,-,,ETC,レイニーフロッグ,0,1,その他,その他
2019-12-19,CFK,プリンセスメーカー ゆめみる妖精,-,,ETC,CFK,0,1,その他,その他
2019-12-19,Ichigoichie,ヘキサグルーヴ:タクティカルDJ,-,,ETC,Ichigoichie,0,1,その他,その他
2019-12-19,賈船,ペトゥーンパーティー,-,YES,ETC,賈船,0,1,その他,その他
2019-12-19,SAT-BOX,ボクらのスクールバトル,-,,ETC,SAT-BOX,0,1,その他,その他
2019-12-19,コーエーテクモゲームス,モンスターファーム,-,,ETC,コーエーテクモゲームス,6993_0m_4964,1,その他,その他
2019-12-19,Forever Entertainment,リスキーレスキュー,-,,ETC,Forever Entertainment,0,1,その他,その他
2019-12-19,レイニーフロッグ,リンク絵 Link-a-Pix DELUXE,-,,ETC,レイニーフロッグ,0,1,その他,その他
2019-12-19,エンターグラム,恋する乙女と守護の楯〜薔薇の聖母〜,-,,ETC,エンターグラム,0,1,その他,その他
2019-12-19,コーエーテクモゲームス,無双OROCHI3 Ultimate,34,YES,ACT,コーエーテクモゲームス,0,1,タクティカルアクション,その他
2019-12-19,プロトタイプ,絶対階級学園,33,YES,ADV,プロトタイプ,0,1,女性向け恋愛アドベンチャー,その他
2019-12-19,フライハイワークス,魔女と勇者II,-,,ETC,フライハイワークス,0,1,その他,その他
2019-12-23,CIRCLE Ent.,Jet Kave Adventure,-,,ETC,CIRCLE Ent.,0,1,その他,その他
2019-12-23,SakuraGame,Mirror,-,,ETC,SakuraGame,0,1,その他,その他
2019-12-23,ジー・モード,ぐんまのやぼう あなたもわたしもぐんまけん,-,,ETC,ジー・モード,0,1,その他,その他
2019-12-25,コーエーテクモゲームス,アーシャのアトリエ 〜黄昏の大地の錬金術士〜 DX,31,YES,RPG,コーエーテクモゲームス,3340_0m_1483,1,旧約錬金術RPG,その他
2019-12-25,コーエーテクモゲームス,エスカ&ロジーのアトリエ 〜黄昏の空の錬金術士〜 DX,33,YES,RPG,コーエーテクモゲームス,3341_0m_1484,1,旧約錬金術RPG,その他
2019-12-25,コーエーテクモゲームス,シャリーのアトリエ 〜黄昏の海の錬金術士〜 DX,33,YES,RPG,コーエーテクモゲームス,3342_0m_1485,1,旧約錬金術RPG,その他
2019-12-27,RED FLAG SHIP,DESIRE remaster ver.,-,,ETC,RED FLAG SHIP,0,1,その他,その他
2019-12-27,スターサイン,Dungeon Shooting,-,,ETC,スターサイン,0,1,その他,その他
2019-12-27,トイディア,ドギーニンジャ 爆熱!ストライカーズ,-,,ETC,トイディア,0,1,その他,その他
2019-12-27,任天堂,脳を鍛える大人のNintendo Switchトレーニング,-,YES,ETC,任天堂,0,1,その他,その他
2020-01-09,FLARB,DEMON'S TILT（英語版）,-,,ETC,FLARB,0,1,その他,その他
2020-01-09,eastasiasoft,Sir Eatsalot,-,,ETC,eastasiasoft,0,1,その他,その他
2020-01-09,HumaNature Studios（英語版）,ToeJam & Earl: Back in the Groove!（英語版）,-,,ETC,HumaNature Studios（英語版）,0,1,その他,その他
2020-01-09,シルバースタージャパン,リアルタイムバトル将棋オンライン,30,,TBL,シルバースタージャパン,0,1,早いもの勝ち将棋,その他
2020-01-09,Nomad Games,死のワナの地下迷路 トリロジー,-,,ETC,Nomad Games,0,1,その他,その他
2020-01-10,バンダイナムコエンターテインメント,スーパーロボット大戦X,-,YES,ETC,バンダイナムコエンターテインメント,7031_0m_5002,1,その他,その他
2020-01-15,ガンホー・オンライン・エンターテイメント,パズドラGOLD,-,,ETC,ガンホー・オンライン・エンターテイメント,0,1,その他,その他
2020-01-16,フライハイワークス,Degrees of Separation,31,,ADV,フライハイワークス,0,1,パズルアドベンチャー,その他
2020-01-16,パーフェクト・ワールド,Hob:決定版（英語版）,-,,ETC,パーフェクト・ワールド,0,1,その他,その他
2020-01-16,Zodiac Interactive,One-Way Ticket,-,,ETC,Zodiac Interactive,0,1,その他,その他
2020-01-16,indienova,SELF,-,,ETC,indienova,0,1,その他,その他
2020-01-16,X.D. Network,To the Moon,33,,ADV,X.D. Network,0,1,アドベンチャー,その他
2020-01-16,CIRCLE Ent.,まいてつ -pure station-,-,YES,ETC,CIRCLE Ent.,0,1,その他,その他
2020-01-16,カイロソフト,アニメスタジオ物語,-,,ETC,カイロソフト,0,1,その他,その他
2020-01-16,ケムコ,シークハーツ,-,,ETC,ケムコ,0,1,その他,その他
2020-01-16,Digital Bards,ジョガーノート,-,,ETC,Digital Bards,0,1,その他,その他
2020-01-16,ラタライカゲームス,赤いリボン 〜奇妙な夢〜,-,,ETC,ラタライカゲームス,0,1,その他,その他
2020-01-17,任天堂,幻影異聞録♯FE Encore,-,YES,ETC,任天堂,0,1,その他,その他
2020-01-23,ハチノヨン,198X,-,,ETC,ハチノヨン,0,1,その他,その他
2020-01-23,Raw Fury,Mosaic,-,,ETC,Raw Fury,0,1,その他,その他
2020-01-23,Devolver Digital,Stories Untold（英語版）,31,,ADV,Devolver Digital,0,1,ホラーアドベンチャー,その他
2020-01-23,eastasiasoft,Valfaris,-,,ETC,eastasiasoft,0,1,その他,その他
2020-01-23,日本一ソフトウェア,void tRrLM(); //ボイド・テラリウム,31,YES,RPG,日本一ソフトウェア,0,1,ローグライクお世話RPG,その他
2020-01-23,H2 INTERACTIVE,ファー:ローン・セイルズ,-,,ETC,H2 INTERACTIVE,0,1,その他,その他
2020-01-23,ラタライカゲームス,フォクシーランド2,-,,ETC,ラタライカゲームス,0,1,その他,その他
2020-01-23,トムクリエイト,大乱盗!ジュエルウォーズ,-,,ETC,トムクリエイト,0,1,その他,その他
2020-01-23,レジスタ,村雨のソードブレイカー,-,,ETC,レジスタ,0,1,その他,その他
2020-01-28,Annapurna Interactive,ケンタッキー ルート ゼロ:TV エディション（英語版）,-,,ETC,Annapurna Interactive,0,1,その他,その他
2020-01-28,CD Projekt,奪われし玉座:ウィッチャーテイルズ,32,,TBL,CD Projekt,0,1,カードバトルRPG,その他
2020-01-30,アークシステムワークス,CODE SHIFTER,-,,ETC,アークシステムワークス,0,1,その他,その他
2020-01-30,メディアファイブ,Greco's Hall of Kanji Learn Japanese <Beginner>,-,,ETC,メディアファイブ,0,1,その他,その他
2020-01-30,エンターグラム,IxSHE Tell,-,,ETC,エンターグラム,0,1,その他,その他
2020-01-30,Forever Entertainment,NO THING,-,,ETC,Forever Entertainment,0,1,その他,その他
2020-01-30,Pixelatto Games,Reventure,33,,AADV,Pixelatto Games,0,1,アクションアドベンチャー,その他
2020-01-30,テヨンジャパン,アメリカン・フュージティブ,-,,ETC,テヨンジャパン,0,1,その他,その他
2020-01-30,レジスタ,ウオリス デラックス,-,,ETC,レジスタ,0,1,その他,その他
2020-01-30,ケムコ,ケムコRPGセレクション Vol.1,-,YES,ETC,ケムコ,0,1,その他,その他
2020-01-30,コーラス・ワールドワイド,コーヒートーク,31,YES,ADV,コーラス・ワールドワイド,0,1,バリスタ体験ノベル,その他
2020-01-30,イントラゲームズ,ブックバウンド・ブリゲード,-,YES,ETC,イントラゲームズ,0,1,その他,その他
2020-01-30,qureate,プリズンプリンセス,-,,ETC,qureate,0,1,その他,その他
2020-01-30,エンターグラム,ボクと彼女(女医)の診察日誌,-,,ETC,エンターグラム,0,1,その他,その他
2020-01-30,レイニーフロッグ,ヴァルシリア アーク ヒーロースクールストーリー,-,,ETC,レイニーフロッグ,0,1,その他,その他
2020-01-30,MAGES.,幻想マネージュ,-,YES,ETC,MAGES.,0,1,その他,その他
2020-01-30,TAKUYO,恋の花咲く百花園,-,YES,ETC,TAKUYO,0,1,その他,その他
2020-01-30,メディアスケープ,東方幻想麻雀,-,,ETC,メディアスケープ,0,1,その他,その他
2020-02-06,tinyBuild Games（英語版）,Graveyard Keeper（英語版）,-,,ETC,tinyBuild Games（英語版）,0,1,その他,その他
2020-02-06,イントラゲームズ,KUNAI,32,,ACT,イントラゲームズ,0,1,忍者アクション,その他
2020-02-06,eastasiasoft,Roof Rage,30,,ACT,eastasiasoft,0,1,対戦アクション,その他
2020-02-06,SAT-BOX,Voxel Pirates,-,,ETC,SAT-BOX,0,1,その他,その他
2020-02-06,カイロソフト,きらめきスキー白書,-,,ETC,カイロソフト,0,1,その他,その他
2020-02-06,フライハイワークス,キャットクエスト2,32,,ARPG,フライハイワークス,0,1,アクションRPG,その他
2020-02-06,Rising Win Tech.,ローリングスカイ2,-,,ETC,Rising Win Tech.,0,1,その他,その他
2020-02-06,トライコア,夕鬼 零 -Yuoni:ゼロ-,-,,ETC,トライコア,0,1,その他,その他
2020-02-06,タイトー,東方スペルバブル,-,,ETC,タイトー,0,1,その他,その他
2020-02-07,M2H,キャスタウェイズ,-,,ETC,M2H,0,1,その他,その他
2020-02-12,ポケモン,Pokémon HOME,-,,ETC,ポケモン,0,1,その他,その他
2020-02-13,PLAYISM,Everything（英語版）,31,,SLG,PLAYISM,0,1,シミュレーション,その他
2020-02-13,Annapurna Interactive,Florence,-,,ETC,Annapurna Interactive,0,1,その他,その他
2020-02-13,スターサイン,Super Tennis Blast,-,,ETC,スターサイン,0,1,その他,その他
2020-02-13,Forever Entertainment,チャイルド・サイト,-,,ETC,Forever Entertainment,0,1,その他,その他
2020-02-13,ALL IN! GAMES,デッドリングス,-,,ETC,ALL IN! GAMES,0,1,その他,その他
2020-02-13,ALL IN! GAMES,リトルレーサー,-,,ETC,ALL IN! GAMES,0,1,その他,その他
2020-02-13,セガゲームス,初音ミク Project DIVA MEGA39's,32,YES,音,セガゲームス,3473_0m_1565,1,リズムアクション,その他
2020-02-13,ALL IN! GAMES,脳食いエイリアン,-,,ETC,ALL IN! GAMES,0,1,その他,その他
2020-02-14,THQ Nordic ジャパン,Darksiders Genesis（英語版）,-,,ETC,THQ Nordic ジャパン,0,1,その他,その他
2020-02-14,ユービーアイソフト,レイルウェイ エンパイア Nintendo Switchエディション,-,,ETC,ユービーアイソフト,0,1,その他,その他
2020-02-20,Neopopcorn,3000th Duel,-,,ETC,Neopopcorn,0,1,その他,その他
2020-02-20,オーイズミ・アミュージオ,SCRAP,-,,ETC,オーイズミ・アミュージオ,0,1,その他,その他
2020-02-20,アークシステムワークス,UNDER NIGHT IN-BIRTH Exe:Late[cl-r],-,YES,ETC,アークシステムワークス,0,1,その他,その他
2020-02-20,レジスタ,アサルトチェーンガンズKM,-,,ETC,レジスタ,0,1,その他,その他
2020-02-20,スターサイン,アドベンチャーピンボール バンドル,-,,ETC,スターサイン,0,1,その他,その他
2020-02-20,Shinyuden,ディープ スペース ラッシュ,-,,ETC,Shinyuden,0,1,その他,その他
2020-02-20,カプコン,デビル メイ クライ トリプル パック,-,YES,ETC,カプコン,0,1,その他,その他
2020-02-20,ラタライカゲームス,ナイティン' クロス,-,,ETC,ラタライカゲームス,0,1,その他,その他
2020-02-20,ジー・モード,ナンプレ Relax 4 Winter Snow,-,,ETC,ジー・モード,0,1,その他,その他
2020-02-20,PLiCy,ヘルズ・ハイ・ハーモナイザーズ,-,,ETC,PLiCy,0,1,その他,その他
2020-02-20,アトラス,ペルソナ5 スクランブル ザ ファントム ストライカーズ,36,YES,ARPG,アトラス,3474_0m_1566,1,アクションRPG,その他
2020-02-20,スパイク・チュンソフト,侍道外伝 KATANAKAMI,32,YES,ARPG,スパイク・チュンソフト,0,1,剣術アクションRPG,その他
2020-02-20,プロトタイプ,蝶の毒 華の鎖〜大正艶恋異聞〜,32,YES,ADV,プロトタイプ,3477_0m_1569,1,恋愛アドベンチャー,その他
2020-02-27,505 Games,ABZÛ,-,,ETC,505 Games,0,1,その他,その他
2020-02-27,RED FLAG SHIP,EVE rebirth terror,-,,ETC,RED FLAG SHIP,0,1,その他,その他
2020-02-27,Ironhide Game Studio（英語版）,Kingdom Rush Frontiers（英語版）,-,,ETC,Ironhide Game Studio（英語版）,0,1,その他,その他
2020-02-27,角川ゲームス,LoveR Kiss,33,YES,SLG,角川ゲームス,3484_0m_1574n,1,恋愛シミュレーション,その他
2020-02-27,Vertex Pop,Super Crush KO,30,,ACT,Vertex Pop,0,1,ベルトスクロールアクション,その他
2020-02-27,eastasiasoft,Vortex Attack EX,-,,ETC,eastasiasoft,0,1,その他,その他
2020-02-27,日本一ソフトウェア,ケモノヒーローズ,-,,ETC,日本一ソフトウェア,0,1,その他,その他
2020-02-27,タイトー,バブルボブル 4 フレンズ,30,YES,ACT,タイトー,3486_0m_1575,1,アクション,その他
2020-02-27,テヨンジャパン,リディーマー 僧侶の怒り（英語版）,-,,ETC,テヨンジャパン,0,1,その他,その他
2020-02-27,カプコン,ロックマン ゼロ&ゼクス ダブルヒーローコレクション,-,YES,ETC,カプコン,0,1,その他,その他
2020-02-27,デジカ,勇者死す。again,-,,ETC,デジカ,0,1,その他,その他
2020-02-27,ケムコ,千里の棋譜 〜現代将棋ミステリー〜,30,YES,TBL,ケムコ,0,1,現代将棋ミステリーADV,その他
2020-02-27,SAT-BOX,机でバスケ,-,,ETC,SAT-BOX,0,1,その他,その他
2020-02-27,レジスタ,滅やばたにえん,-,,ETC,レジスタ,0,1,その他,その他
2020-03-05,賈船,BALTHAZAR'S DREAM,-,,ETC,賈船,0,1,その他,その他
2020-03-05,Sparpweed,イッブとオッブ（英語版）,-,,ETC,Sparpweed,0,1,その他,その他
2020-03-05,フリュー,ゲーム ドラえもん のび太の新恐竜,-,YES,ETC,フリュー,0,1,その他,その他
2020-03-05,PLAYISM,タイニーバン・ストーリー,30,,ADV,PLAYISM,0,1,パズルアドベンチャー,その他
2020-03-05,イレギュラー・コーポレーション,パズル探偵スカウト 失われたデータの陰謀,-,,ETC,イレギュラー・コーポレーション,0,1,その他,その他
2020-03-05,スターサイン,ホラーピンボール バンドル,-,,ETC,スターサイン,0,1,その他,その他
2020-03-05,スティング,ユグドラ・ユニオン,-,,ETC,スティング,0,1,その他,その他
2020-03-05,カイロソフト,星になったカイロくん,-,,ETC,カイロソフト,0,1,その他,その他
2020-03-05,ゲームスタジオ,棋士・藤井聡太の将棋トレーニング,-,YES,ETC,ゲームスタジオ,3624_0m_1660,1,その他,その他
2020-03-06,ポケモン,ポケモン不思議のダンジョン 救助隊DX,35,YES,RPG,ポケモン,3501_0m_1581,1,ローグライク・ダンジョンRPG,その他
2020-03-12,アイディアファクトリー,Collar×Malice for Nintendo Switch,-,YES,ETC,アイディアファクトリー,3627_0m_1663,1,その他,その他
2020-03-12,qureate,NinNinDays,-,,ETC,qureate,0,1,その他,その他
2020-03-12,スターサイン,SPEEDWAY RACING,-,,ETC,スターサイン,0,1,その他,その他
2020-03-12,コーエーテクモゲームス,Winning Post 9 2020,-,YES,ETC,コーエーテクモゲームス,0,1,その他,その他
2020-03-12,CFK,のらねこものがたり,-,,ETC,CFK,0,1,その他,その他
2020-03-12,オレンジ,ゴシックマーダー -運命を変えるアドベンチャー-,-,,ETC,オレンジ,0,1,その他,その他
2020-03-12,ユービーアイソフト,ジャストダンス2020,32,YES,音,ユービーアイソフト,0,1,ダンス,その他
2020-03-12,サクセス,ナンプレ10000+パズルの窓,-,YES,ETC,サクセス,0,1,その他,その他
2020-03-12,フライハイワークス,ヒューマン・リソース・マシーン デラックス,-,YES,ETC,フライハイワークス,0,1,その他,その他
2020-03-12,バンダイナムコエンターテインメント,僕のヒーローアカデミア One's Justice2,33,YES,ACT,バンダイナムコエンターテインメント,3672_0m_1691,1,対戦アクション,その他
2020-03-12,カプコン,囚われのパルマ Refrain,-,YES,ETC,カプコン,0,1,その他,その他
2020-03-19,Hanaji Games,Dezatopia,32,,SHT,Hanaji Games,0,1,横スクロールシューティング,その他
2020-03-19,Nimble,Earthfall: Alien Horde（英語版）,-,,ETC,Nimble,0,1,その他,その他
2020-03-19,Devolver Digital,Exit the Gungeon,-,,ETC,Devolver Digital,0,1,その他,その他
2020-03-19,eastasiasoft,Red Death,-,,ETC,eastasiasoft,0,1,その他,その他
2020-03-19,Fruitbat Factory,SeaBed,-,,ETC,Fruitbat Factory,0,1,その他,その他
2020-03-19,ブシロード,クレヨンしんちゃん 嵐を呼ぶ 炎のカスカベランナー!!,-,,ETC,ブシロード,0,1,その他,その他
2020-03-19,CFK,サイレント ワールド,-,,ETC,CFK,0,1,その他,その他
2020-03-19,スターサイン,タッチダウンピンボール,-,,ETC,スターサイン,0,1,その他,その他
2020-03-19,レイニーフロッグ,ファクトタム 90 ダブルウォーカーズ,-,,ETC,レイニーフロッグ,0,1,その他,その他
2020-03-19,ピグミースタジオ,ボコスカウォーズII,-,,ETC,ピグミースタジオ,0,1,その他,その他
2020-03-19,アイディアファクトリー,新次元ゲイム ネプテューヌVII,32,,RPG,アイディアファクトリー,0,1,RPG,その他
2020-03-19,メディアスケープ,秘封ぼうえんきょう,-,,ETC,メディアスケープ,0,1,その他,その他
2020-03-19,日本一ソフトウェア,英雄伝説 閃の軌跡III,33,YES,RPG,日本一ソフトウェア,0,1,ストーリーRPG,その他
2020-03-20,任天堂,あつまれ どうぶつの森,38,YES,ETC,任天堂,3555_0m_1613,1,コミュニケーション,その他
2020-03-25,ガンホー・オンライン・エンターテイメント,グランディア HDコレクション,-,,ETC,ガンホー・オンライン・エンターテイメント,0,1,その他,その他
2020-03-26,DANGEN Entertainment,Ara Fell: Enhanced Edition,-,,ETC,DANGEN Entertainment,0,1,その他,その他
2020-03-26,ベセスダ・ソフトワークス,DOOM 64,-,,ETC,ベセスダ・ソフトワークス,0,1,その他,その他
2020-03-26,任天堂,Good Job!,-,,ETC,任天堂,0,1,その他,その他
2020-03-26,スターサイン,LOCO-SPORTS,-,,ETC,スターサイン,0,1,その他,その他
2020-03-26,eastasiasoft,Lumini,-,,ETC,eastasiasoft,0,1,その他,その他
2020-03-26,Baltoro Games,Moto Rush GT:モトラッシュGT,-,,ETC,Baltoro Games,0,1,その他,その他
2020-03-26,バンダイナムコエンターテインメント,ONE PIECE 海賊無双4,-,YES,ETC,バンダイナムコエンターテインメント,0,1,その他,その他
2020-03-26,Humble Bundle,One Step From Eden,-,,ETC,Humble Bundle,0,1,その他,その他
2020-03-26,Zodiac Interactive,Wanba Warriors,-,,ETC,Zodiac Interactive,0,1,その他,その他
2020-03-26,indienova,Wenjia,-,,ETC,indienova,0,1,その他,その他
2020-03-26,オレンジ,イヌワシ〜うらぶれ探偵とお嬢様刑事の池袋事件ファイル〜,-,,ETC,オレンジ,0,1,その他,その他
2020-03-26,アークシステムワークス,カオスコード -ニューサインオブカタストロフィ-,-,,ETC,アークシステムワークス,0,1,その他,その他
2020-03-26,CIRCLE Ent.,ザ・シェイプシフティング・ディテクティヴ,-,,ETC,CIRCLE Ent.,0,1,その他,その他
2020-03-26,タイトー,スペースインベーダー インヴィンシブルコレクション,-,YES,ETC,タイトー,0,1,その他,その他
2020-03-26,ラタライカゲームス,ダックソウル+,-,,ETC,ラタライカゲームス,0,1,その他,その他
2020-03-26,テヨンジャパン,フォー・ザ・キング,-,,ETC,テヨンジャパン,0,1,その他,その他
2020-03-26,レイニーフロッグ,メコラマ,30,,PZL,レイニーフロッグ,0,1,パズル,その他
2020-03-26,ケムコ,リベンジ・オブ・ジャスティス,-,YES,ETC,ケムコ,0,1,その他,その他
2020-03-26,Funalter Games,夢描き,-,,ETC,Funalter Games,0,1,その他,その他
2020-03-26,工画堂スタジオ,夢現Re:Idol 〜大鳥あいのキャラが主人公として薄すぎる件について〜,-,,ETC,工画堂スタジオ,0,1,その他,その他
2020-03-26,SAT-BOX,机でバレー,-,,ETC,SAT-BOX,0,1,その他,その他
2020-03-26,カプコン,深世海 Into the Depths,-,,ETC,カプコン,0,1,その他,その他
2020-04-02,Thunderful（英語版）,Curious Expedition,-,,ETC,Thunderful（英語版）,0,1,その他,その他
2020-04-02,eastasiasoft,HyperParasite,30,,ASHT,eastasiasoft,0,1,アクションシューティング,その他
2020-04-02,CFK,MazM: ジキル&ハイド,-,,ETC,CFK,0,1,その他,その他
2020-04-02,Brave Wave Productions（英語版）,OCTAHEDRON,-,,ETC,Brave Wave Productions（英語版）,0,1,その他,その他
2020-04-02,MLBAM（英語版）,R.B.I. Baseball 20,-,,ETC,MLBAM（英語版）,0,1,その他,その他
2020-04-02,Coconut Island Games,いたずら大作戦,-,,ETC,Coconut Island Games,0,1,その他,その他
2020-04-02,バンダイナムコエンターテインメント,ことばのパズル もじぴったんアンコール,-,YES,ETC,バンダイナムコエンターテインメント,0,1,その他,その他
2020-04-02,Numskull Games,すーぱーえぴっく,-,,ETC,Numskull Games,0,1,その他,その他
2020-04-02,ウルクスヘブン,ぷちっとクラスター,-,,ETC,ウルクスヘブン,0,1,その他,その他
2020-04-02,オーイズミ・アミュージオ,セルマとウィスプ,-,,ETC,オーイズミ・アミュージオ,0,1,その他,その他
2020-04-02,Forever Entertainment,パンツァードラグーン:リメイク,-,,ETC,Forever Entertainment,0,1,その他,その他
2020-04-02,日本コロムビア,ピカピカナース物語 小児科はいつも大騒ぎ for Nintendo Switch,-,YES,ETC,日本コロムビア,0,1,その他,その他
2020-04-02,カイロソフト,大空ヘクタール農園,-,,ETC,カイロソフト,0,1,その他,その他
2020-04-09,Forever Entertainment,Fly O'Clock VS エディション,-,,ETC,Forever Entertainment,0,1,その他,その他
2020-04-09,eastasiasoft,Null Drifter,-,,ETC,eastasiasoft,0,1,その他,その他
2020-04-09,Forever Entertainment,Q-YO Blaster,-,,ETC,Forever Entertainment,0,1,その他,その他
2020-04-09,オーイズミ・アミュージオ,キャッチ ダック,-,,ETC,オーイズミ・アミュージオ,0,1,その他,その他
2020-04-09,レイニーフロッグ,ピクセル クロス アドベンチャー,31,,ADV,レイニーフロッグ,0,1,アドベンチャー＆お絵かきパズル,その他
2020-04-16,Triple Scale Games,Save Your Nuts,-,,ETC,Triple Scale Games,0,1,その他,その他
2020-04-16,H2 INTERACTIVE,Super Pixel Racers,-,,ETC,H2 INTERACTIVE,0,1,その他,その他
2020-04-16,アークシステムワークス,くにおくん ザ・ワールド 〜熱血硬派くにおくん〜,-,,ETC,アークシステムワークス,0,1,その他,その他
2020-04-16,Wobbly Tooth,アルカディ・スミスの事件簿,-,,ETC,Wobbly Tooth,0,1,その他,その他
2020-04-16,アイディアファクトリー,オランピアソワレ,33,YES,ADV,アイディアファクトリー,3653_0m_1674n,1,女性向け恋愛アドベンチャー,その他
2020-04-16,アークシステムワークス,探偵 神宮寺三郎 プリズム・オブ・アイズ 〜虚飾の夜〜,-,,ETC,アークシステムワークス,0,1,その他,その他
2020-04-16,賈船,狐が僕を待っている The Fox Awaits Me,-,YES,ETC,賈船,0,1,その他,その他
2020-04-22,Armor Games Studios,ITTA,-,,ETC,Armor Games Studios,0,1,その他,その他
2020-04-23,Coconut Island Games,eSports レジェンド,-,,ETC,Coconut Island Games,0,1,その他,その他
2020-04-23,バンダイナムコエンターテインメント,NARUTO -ナルト- 疾風伝 ナルティメットストーム4 ROAD TO BORUTO,37,YES,ACT,バンダイナムコエンターテインメント,3659_0m_1681,1,忍道対戦アクション,その他
2020-04-23,NAパブリッシング,R.I.P レスト・イン・ピーシーズ,-,,ETC,NAパブリッシング,0,1,その他,その他
2020-04-23,Ellada Games,Spaceland,-,,ETC,Ellada Games,0,1,その他,その他
2020-04-23,アークシステムワークス,くにおくん ザ・ワールド 〜熱血高校ドッジボール部〜,-,,ETC,アークシステムワークス,0,1,その他,その他
2020-04-23,シティコネクション,スーパーリアル麻雀 LOVE♥2〜7!,-,YES,ETC,シティコネクション,3657_0m_1679,1,その他,その他
2020-04-23,アムジー,バトル オブ エレメンタル BURST,-,,ETC,アムジー,0,1,その他,その他
2020-04-23,ジュピター,ピクロスS4,-,,ETC,ジュピター,0,1,その他,その他
2020-04-23,日本一ソフトウェア,ボク姫PROJECT,-,YES,ETC,日本一ソフトウェア,0,1,その他,その他
2020-04-23,オーイズミ・アミュージオ,ミツバチ シミュレーター,-,YES,ETC,オーイズミ・アミュージオ,0,1,その他,その他
2020-04-23,3goo,メトロ リダックス ダブルパック,-,YES,ETC,3goo,0,1,その他,その他
2020-04-23,Koch Media（英語版）,メトロ2033リダックス,-,,ETC,Koch Media（英語版）,0,1,その他,その他
2020-04-23,Koch Media,メトロラストライトリダックス,-,,ETC,Koch Media,0,1,その他,その他
2020-04-23,レイニーフロッグ,リトル ナイト ウォーズ,-,,ETC,レイニーフロッグ,0,1,その他,その他
2020-04-23,プロトタイプ,リトルバスターズ! Converted Edition,-,YES,ETC,プロトタイプ,3660_0m_1682,1,その他,その他
2020-04-23,工画堂スタジオ,夢現Re:Master バンドルパック,-,YES,ETC,工画堂スタジオ,0,1,その他,その他
2020-04-23,アークシステムワークス,探偵 神宮寺三郎 プリズム・オブ・アイズ 〜魔鏡の真実〜,-,,ETC,アークシステムワークス,0,1,その他,その他
2020-04-24,メディアスケープ,ヨイヤミダンサーズ,-,,ETC,メディアスケープ,0,1,その他,その他
2020-04-24,スクウェア・エニックス,聖剣伝説3 TRIALS of MANA,-,YES,ETC,スクウェア・エニックス,0,1,その他,その他
2020-04-28,Team17（英語版）,Moving Out,31,YES,TBL,Team17（英語版）,0,1,パーティー,その他
2020-04-30,Digital Crafter,Fight of Animals,-,,ETC,Digital Crafter,0,1,その他,その他
2020-04-30,Butterscotch,Levelhead,-,,ETC,Butterscotch,0,1,その他,その他
2020-04-30,eastasiasoft,Mars: Chaos Menace,-,,ETC,eastasiasoft,0,1,その他,その他
2020-04-30,SNK,SNK GALS' FIGHTERS,-,,ETC,SNK,0,1,その他,その他
2020-04-30,アークシステムワークス,くにおくん ザ・ワールド 〜ダウンタウン熱血物語〜,-,,ETC,アークシステムワークス,0,1,その他,その他
2020-04-30,アンバランス,みんなの花札,-,,ETC,アンバランス,0,1,その他,その他
2020-04-30,Forever Entertainment,ガンパウダー,-,,ETC,Forever Entertainment,0,1,その他,その他
2020-04-30,プチデポット,グノーシア,36,YES,TBL,プチデポット,3724_0m_1727n,1,SF人狼ゲーム,その他
2020-04-30,カイロソフト,ゲームセンター倶楽部,-,,ETC,カイロソフト,0,1,その他,その他
2020-04-30,レイニーフロッグ,ゴブリンソード,30,,ACT,レイニーフロッグ,0,1,横スクロールアクション,その他
2020-04-30,Forever Entertainment,ディガーマン,-,,ETC,Forever Entertainment,0,1,その他,その他
2020-04-30,Forever Entertainment,ノー グラビティ ラボ,-,,ETC,Forever Entertainment,0,1,その他,その他
2020-04-30,ディースリー・パブリッシャー,ヒミツの獣男子,-,,ETC,ディースリー・パブリッシャー,0,1,その他,その他
2020-04-30,CFK,フェアリーナイツ〜精霊の騎士団〜,-,,ETC,CFK,0,1,その他,その他
2020-04-30,DotEmu,ベア・ナックルIV,34,YES,ACT,DotEmu,0,1,ベルトスクロールアクション,その他
2020-04-30,アークシステムワークス,探偵 神宮寺三郎 プリズム・オブ・アイズ 〜死者に捧げる石〜,-,,ETC,アークシステムワークス,0,1,その他,その他
2020-04-30,ケムコ,魔想のウィアートル,-,,ETC,ケムコ,0,1,その他,その他
2020-05-07,CIRCLE Ent.,A Dark Room（英語版）,-,,ETC,CIRCLE Ent.,0,1,その他,その他
2020-05-07,Digital Crafter,Gerritory,-,,ETC,Digital Crafter,0,1,その他,その他
2020-05-07,Thunderful,Lonely Mountains: Downhill,33,,RCG,Thunderful,0,1,アクションレース,その他
2020-05-07,Team Reptile,Megabyte Punch,-,,ETC,Team Reptile,0,1,その他,その他
2020-05-07,PLAYISM,Ministry of Broadcast（英語版）,-,,ETC,PLAYISM,0,1,その他,その他
2020-05-07,Ellada Games,Niffelheim,-,,ETC,Ellada Games,0,1,その他,その他
2020-05-07,The Quantum Astrophysicists Guild,Roundguard,-,,ETC,The Quantum Astrophysicists Guild,0,1,その他,その他
2020-05-07,FDG Entertainment,Slayin 2,30,,ARPG,FDG Entertainment,0,1,アクションRPG,その他
2020-05-07,En Masse Entertainment（英語版）,The Dark Crystal: Age of Resistance Tactics,-,,ETC,En Masse Entertainment（英語版）,0,1,その他,その他
2020-05-07,アークシステムワークス,くにおくん ザ・ワールド 〜熱血高校ドッジボール部 サッカー編〜,-,,ETC,アークシステムワークス,0,1,その他,その他
2020-05-07,ボトルキューブ,ジグソーマスターピース,-,,ETC,ボトルキューブ,0,1,その他,その他
2020-05-07,カイロソフト,テニスクラブ物語,-,,ETC,カイロソフト,0,1,その他,その他
2020-05-07,CFK,モノクロームワールド,-,,ETC,CFK,0,1,その他,その他
2020-05-07,ボルテージ,上司と秘密の2LDK,-,,ETC,ボルテージ,0,1,その他,その他
2020-05-07,アークシステムワークス,探偵 神宮寺三郎 プリズム・オブ・アイズ 〜三郎と謎の秘宝〜,-,,ETC,アークシステムワークス,0,1,その他,その他
2020-05-12,Armor Games Studios,Jet Lancer,31,,ASHT,Armor Games Studios,0,1,アクションシューティング,その他
2020-05-14,オーイズミ・アミュージオ,AOテニス 2（英語版）,30,YES,SPT,オーイズミ・アミュージオ,0,1,テニス,その他
2020-05-14,Soedesco（英語版）,Defunct（英語版）,-,,ETC,Soedesco（英語版）,0,1,その他,その他
2020-05-14,アークシステムワークス,くにおくん ザ・ワールド 〜ダウンタウン熱血行進曲 それゆけ大運動会〜,-,,ETC,アークシステムワークス,0,1,その他,その他
2020-05-14,room6,アンリアルライフ,33,,PZL,room6,0,1,なぞ解きアドベンチャー,その他
2020-05-14,PLiCy,グリードロイド,-,,ETC,PLiCy,0,1,その他,その他
2020-05-14,eastasiasoft,タスクフォース カンパス,-,,ETC,eastasiasoft,0,1,その他,その他
2020-05-14,アークシステムワークス,探偵 神宮寺三郎 プリズム・オブ・アイズ 〜時の過ぎゆくままに〜,-,,ETC,アークシステムワークス,0,1,その他,その他
2020-05-19,Team17,Golf With Your Friends,-,,ETC,Team17,0,1,その他,その他
2020-05-20,Rocket Vulture,カンニバルクッキング,-,,ETC,Rocket Vulture,0,1,その他,その他
2020-05-21,CIRCLE Ent.,Arrest of a stone Buddha,-,,ETC,CIRCLE Ent.,0,1,その他,その他
2020-05-21,eastasiasoft,Circuits,-,,ETC,eastasiasoft,0,1,その他,その他
2020-05-21,エクスペリエンス,NG,-,YES,ETC,エクスペリエンス,0,1,その他,その他
2020-05-21,TribandProductions,WHAT THE GOLF?,33,,SPT,TribandProductions,0,1,ゴルフアクション,その他
2020-05-21,アークシステムワークス,くにおくん ザ・ワールド 〜いけいけ!熱血ホッケー部「すべってころんで大乱闘」〜,-,,ETC,アークシステムワークス,0,1,その他,その他
2020-05-21,Shinyuden,ダンボール ミニカーズ,-,,ETC,Shinyuden,0,1,その他,その他
2020-05-21,Baltoro Games,フードトラック・タイクーン,-,,ETC,Baltoro Games,0,1,その他,その他
2020-05-21,505 Games,ブック・オブ・デーモンズ（英語版）,-,,ETC,505 Games,0,1,その他,その他
2020-05-21,アークシステムワークス,探偵 神宮寺三郎 プリズム・オブ・アイズ 〜6枚の犯行〜,-,,ETC,アークシステムワークス,0,1,その他,その他
2020-05-21,CIRCLE Ent.,胡蝶の夢,-,,ETC,CIRCLE Ent.,0,1,その他,その他
2020-05-26,Mojang/日本マイクロソフト,Minecraft Dungeons,-,YES,ETC,Mojang/日本マイクロソフト,0,1,その他,その他
2020-05-28,ORENDA,BARON: Fur Is Gonna Fly,-,,ETC,ORENDA,0,1,その他,その他
2020-05-28,DANGEN Entertainment,Bug Fables 〜ムシたちとえいえんの若木〜,-,,ETC,DANGEN Entertainment,0,1,その他,その他
2020-05-28,アイディアファクトリー,DAIROKU:AYAKASHIMORI,-,YES,ETC,アイディアファクトリー,0,1,その他,その他
2020-05-28,Fellow Traveller,Neo Cab,31,,ADV,Fellow Traveller,0,1,アドベンチャー,その他
2020-05-28,eastasiasoft,Super Skelemania,-,,ETC,eastasiasoft,0,1,その他,その他
2020-05-28,YUNUO GAMES,SYNAPTIC DRIVE,-,YES,ETC,YUNUO GAMES,0,1,その他,その他
2020-05-28,ブロッコリー,うたの☆プリンスさまっ♪ Amazing Aria & Sweet Serenade LOVE for Nintendo Switch,-,YES,ETC,ブロッコリー,0,1,その他,その他
2020-05-28,アークシステムワークス,くにおくん ザ・ワールド 〜びっくり熱血新記録!はるかなる金メダル〜,-,,ETC,アークシステムワークス,0,1,その他,その他
2020-05-28,エンターグラム,となりに彼女のいる幸せ Summer Surprise,-,,ETC,エンターグラム,0,1,その他,その他
2020-05-28,ワーカービー,ウィジェット・サッチェル〜フェレットのたからもの〜,-,,ETC,ワーカービー,0,1,その他,その他
2020-05-28,ラタライカゲームス,ザイ・ソード,-,,ETC,ラタライカゲームス,0,1,その他,その他
2020-05-28,Game Source Entertainment,ゾンビアーミー・トリロジー（英語版）,-,YES,ETC,Game Source Entertainment,0,1,その他,その他
2020-05-28,オーイズミ・アミュージオ,チキンライダー,-,,ETC,オーイズミ・アミュージオ,0,1,その他,その他
2020-05-28,オーイズミ・アミュージオ,ファーミングシミュレーター 20（英語版）,-,YES,ETC,オーイズミ・アミュージオ,0,1,その他,その他
2020-05-28,アークシステムワークス,探偵 神宮寺三郎 プリズム・オブ・アイズ 〜亡煙を捜せ!〜,-,,ETC,アークシステムワークス,0,1,その他,その他
2020-05-28,サクセス,海腹川背 BaZooKa!,-,YES,ETC,サクセス,0,1,その他,その他
2020-05-29,テイクツー・インタラクティブ・ジャパン,XCOM 2 コレクション,-,,ETC,テイクツー・インタラクティブ・ジャパン,0,1,その他,その他
2020-05-29,任天堂,ゼノブレイド ディフィニティブ・エディション,-,YES,ETC,任天堂,7116_0m_5086,1,その他,その他
2020-05-29,テイクツー・インタラクティブ・ジャパン,バイオショック コレクション,-,YES,ETC,テイクツー・インタラクティブ・ジャパン,0,1,その他,その他
2020-05-29,テイクツー・インタラクティブ・ジャパン,ボーダーランズ レジェンダリー・コレクション,-,YES,ETC,テイクツー・インタラクティブ・ジャパン,0,1,その他,その他
2020-06-04,CIRCLE Ent.,Children of Zodiarcs,-,,ETC,CIRCLE Ent.,0,1,その他,その他
2020-06-04,Antonios Pelekanos,The TakeOver,-,,ETC,Antonios Pelekanos,0,1,その他,その他
2020-06-04,DANGEN Entertainment,Timespinner,-,,ETC,DANGEN Entertainment,0,1,その他,その他
2020-06-04,アークシステムワークス,くにおくん ザ・ワールド 〜熱血格闘伝説〜,-,,ETC,アークシステムワークス,0,1,その他,その他
2020-06-04,Shinyuden,スーパー ウイロー ディメイク,-,,ETC,Shinyuden,0,1,その他,その他
2020-06-04,コーラス・ワールドワイド,ネバーギブアップ,-,,ETC,コーラス・ワールドワイド,0,1,その他,その他
2020-06-04,アークシステムワークス,九龍妖魔學園紀 ORIGIN OF ADVENTURE,-,YES,ETC,アークシステムワークス,0,1,その他,その他
2020-06-04,アークシステムワークス,探偵 神宮寺三郎 プリズム・オブ・アイズ 〜アオイメノリュウ〜,-,,ETC,アークシステムワークス,0,1,その他,その他
2020-06-05,テイクツー・インタラクティブ・ジャパン,アウター・ワールド,34,YES,SHT,テイクツー・インタラクティブ・ジャパン,0,1,RPGシューター,その他
2020-06-05,Private Division,アウター・ワールド,34,,SHT,Private Division,0,1,RPGシューター,その他
2020-06-05,任天堂,世界のアソビ大全51,-,YES,ETC,任天堂,3762_0m_1750,1,その他,その他
2020-06-11,Natsume Inc.,Cosmic Defenders,-,,ETC,Natsume Inc.,0,1,その他,その他
2020-06-11,eastasiasoft,Pity Pit,-,,ETC,eastasiasoft,0,1,その他,その他
2020-06-11,プラチナゲームズ,The Wonderful 101: Remastered,39,YES,ACT,プラチナゲームズ,0,1,ユナイト・アクション,その他
2020-06-11,アークシステムワークス,くにおくん ザ・ワールド 〜くにおくんの熱血サッカーリーグ〜,-,,ETC,アークシステムワークス,0,1,その他,その他
2020-06-11,カイロソフト,ふれあい出版局,-,,ETC,カイロソフト,0,1,その他,その他
2020-06-11,Destructive Creations,アンセスターズレガシー（英語版）,-,YES,ETC,Destructive Creations,0,1,その他,その他
2020-06-11,アークシステムワークス,探偵 神宮寺三郎 プリズム・オブ・アイズ 〜イヌと呼ばれた男〜,-,,ETC,アークシステムワークス,0,1,その他,その他
2020-06-12,GCREST,SELFY COLLECTION 夢のスタイリスト,-,,ETC,GCREST,0,1,その他,その他
2020-06-16,任天堂,ジャンプロープ チャレンジ,-,,ETC,任天堂,0,1,その他,その他
2020-06-18,eastasiasoft,BDSM: ビッグ・ドランク・サタニック・マサカー,-,,ETC,eastasiasoft,0,1,その他,その他
2020-06-18,Devolver Digital,RUINER（英語版）,32,YES,ACT,Devolver Digital,0,1,ハイスピードサイバーアクション,その他
2020-06-18,レジスタ,TETRA for Nintendo Switch,-,,ETC,レジスタ,0,1,その他,その他
2020-06-18,アイディアファクトリー,VARIABLE BARRICADE NS,33,YES,ADV,アイディアファクトリー,0,1,逆攻略系ラブコメADV,その他
2020-06-18,セガ,Zumba de 脂肪燃焼!,-,YES,ETC,セガ,3805_0m_1782,1,その他,その他
2020-06-18,アークシステムワークス,くにおくん ザ・ワールド 〜熱血!すとりーとバスケット がんばれ DUNK HEROES〜,-,,ETC,アークシステムワークス,0,1,その他,その他
2020-06-18,バンダイナムコエンターテインメント,ナムコットコレクション,-,YES,ETC,バンダイナムコエンターテインメント,0,1,その他,その他
2020-06-18,オーイズミ・アミュージオ,バウンシー ボブ 2,-,,ETC,オーイズミ・アミュージオ,0,1,その他,その他
2020-06-18,オーイズミ・アミュージオ,マッドランナー:アメリカン・ワイルド（英語版）,-,YES,ETC,オーイズミ・アミュージオ,0,1,その他,その他
2020-06-18,ジュピター,ワーキング ゾンビーズ,-,,ETC,ジュピター,0,1,その他,その他
2020-06-18,ディースリー・パブリッシャー,執事のプリンスさま,-,,ETC,ディースリー・パブリッシャー,0,1,その他,その他
2020-06-18,アークシステムワークス,探偵 神宮寺三郎 プリズム・オブ・アイズ 〜ふた色の少女〜,-,,ETC,アークシステムワークス,0,1,その他,その他
2020-06-18,PLAYISM,片道勇者プラス,-,,ETC,PLAYISM,0,1,その他,その他
2020-06-18,SEEC,私だけいれば問題ないよね,-,,ETC,SEEC,0,1,その他,その他
2020-06-18,PLAYISM,箱庭えくすぷろーらもあ,-,,ETC,PLAYISM,0,1,その他,その他
2020-06-18,プロトタイプ,軍靴をはいた猫,-,YES,ETC,プロトタイプ,0,1,その他,その他
2020-06-18,コーエーテクモゲームス,遙かなる時空の中で7,34,YES,ADV,コーエーテクモゲームス,0,1,恋愛アドベンチャー,その他
2020-06-19,エレクトロニック・アーツ,Burnout Paradise Remastered,-,YES,ETC,エレクトロニック・アーツ,0,1,その他,その他
2020-06-24,Gearbox Publishing,Duke Nukem 3D: 20th Anniversary World Tour（英語版）,-,,ETC,Gearbox Publishing,0,1,その他,その他
2020-06-24,ポケモン,ようこそ!ポケモンカフェ 〜まぜまぜパズル〜,-,,ETC,ポケモン,0,1,その他,その他
2020-06-25,eastasiasoft,Smoots Summer Games,-,,ETC,eastasiasoft,0,1,その他,その他
2020-06-25,スターサイン,WILDTRAX RACING,-,,ETC,スターサイン,0,1,その他,その他
2020-06-25,アークシステムワークス,くにおくん ザ・ワールド 〜ダウンタウンスペシャルくにおくんの時代劇だよ全員集合!〜,-,,ETC,アークシステムワークス,0,1,その他,その他
2020-06-25,プロトタイプ,グリザイア ファントムトリガー 01&02,-,,ETC,プロトタイプ,0,1,その他,その他
2020-06-25,イザナギゲームズ,デスカムトゥルー,34,,ETC,イザナギゲームズ,0,1,SFミステリー,その他
2020-06-25,ケムコ,デスマッチラブコメ!,-,,ETC,ケムコ,0,1,その他,その他
2020-06-25,ガンホー・オンライン・エンターテイメント,ニンジャラ,34,YES,ACT,ガンホー・オンライン・エンターテイメント,0,1,対戦ニンジャガムアクション,その他
2020-06-25,ハピネット,ブリガンダイン ルーナジア戦記（英語版）,-,YES,ETC,ハピネット,3818_0m_1789,1,その他,その他
2020-06-25,レジスタ,ミサイルダンサー,-,,ETC,レジスタ,0,1,その他,その他
2020-06-25,バンダイナムコエンターテインメント,ミスタードリラーアンコール,-,YES,ETC,バンダイナムコエンターテインメント,0,1,その他,その他
2020-06-25,日本一ソフトウェア,少女地獄のドクムス〆,-,YES,ETC,日本一ソフトウェア,0,1,その他,その他
2020-06-25,アークシステムワークス,探偵 神宮寺三郎 プリズム・オブ・アイズ 〜託された指輪〜,-,,ETC,アークシステムワークス,0,1,その他,その他
2020-07-02,bilibili,Biped,-,,ETC,bilibili,0,1,その他,その他
2020-07-02,DMM GAMES/EXNOA,BOSSGARD,-,,ETC,DMM GAMES/EXNOA,0,1,その他,その他
2020-07-02,Shinyuden,Gun Crazy,-,,ETC,Shinyuden,0,1,その他,その他
2020-07-02,Phoenixx,Keen: One Girl Army,-,,ETC,Phoenixx,0,1,その他,その他
2020-07-02,日本コロムビア,わんニャンどうぶつ病院 ペットを助けるだいじなお仕事,-,YES,ETC,日本コロムビア,3904_0m_1833,1,その他,その他
2020-07-02,アトラス,キャサリン・フルボディ for Nintendo Switch,33,YES,AADV,アトラス,0,1,アクションパズル・アドベンチャー,その他
2020-07-02,レジスタ,トリッキーS,-,,ETC,レジスタ,0,1,その他,その他
2020-07-02,ワーカービー,ドゥードゥルゴッド:エボリューション -Doodle God: Evolution-,-,,ETC,ワーカービー,0,1,その他,その他
2020-07-02,エイチユーピーゲームズ,ファイナルソード,-,,ETC,エイチユーピーゲームズ,0,1,その他,その他
2020-07-02,eastasiasoft,プッシー&プリー・イン・ブロックランド,-,,ETC,eastasiasoft,0,1,その他,その他
2020-07-02,スターサイン,天国の仔猫ちゃん,-,,ETC,スターサイン,0,1,その他,その他
2020-07-02,カイロソフト,常夏プールパレス,-,,ETC,カイロソフト,0,1,その他,その他
2020-07-02,アークシステムワークス,探偵 神宮寺三郎 プリズム・オブ・アイズ 〜椿のゆくえ〜,-,,ETC,アークシステムワークス,0,1,その他,その他
2020-07-07,Pillow Castle,Superliminal,-,,ETC,Pillow Castle,0,1,その他,その他
2020-07-09,DANGEN Entertainment,CrossCode（英語版）,-,,ETC,DANGEN Entertainment,0,1,その他,その他
2020-07-09,KONAMI,eBASEBALLパワフルプロ野球2020,36,YES,SPT,KONAMI,3906_0m_1835,1,野球・育成,その他
2020-07-09,Another Indie Studio,Elden: Path of the Forgotten,-,,ETC,Another Indie Studio,0,1,その他,その他
2020-07-09,レジスタ,QuietMansion2,-,,ETC,レジスタ,0,1,その他,その他
2020-07-09,eastasiasoft,Robozarro,-,,ETC,eastasiasoft,0,1,その他,その他
2020-07-09,Beep,Toby: The Secret Mine（英語版）,-,,ETC,Beep,0,1,その他,その他
2020-07-09,イントラゲームズ,Warparty,-,,ETC,イントラゲームズ,0,1,その他,その他
2020-07-09,qureate,とらぶるでいず,-,,ETC,qureate,0,1,その他,その他
2020-07-09,ケムコ,イノセントリベンジャー 〜壁の乙女とミデンの塔〜,-,,ETC,ケムコ,0,1,その他,その他
2020-07-09,Digital Bards,ゴラッソ!,-,,ETC,Digital Bards,0,1,その他,その他
2020-07-09,NAパブリッシング,ブレア・ウィッチ 日本語版,30,YES,ETC,NAパブリッシング,0,1,サバイバルホラー,その他
2020-07-09,QubicGames,ポケットミニゴルフ,-,,ETC,QubicGames,0,1,その他,その他
2020-07-09,ボルテージ,怪盗X 恋の予告状,-,,ETC,ボルテージ,0,1,その他,その他
2020-07-09,アークシステムワークス,探偵 神宮寺三郎 プリズム・オブ・アイズ 〜果断の一手〜,-,,ETC,アークシステムワークス,0,1,その他,その他
2020-07-09,ディースリー・パブリッシャー,芸能界はアブナイ関係アリですか?,-,,ETC,ディースリー・パブリッシャー,0,1,その他,その他
2020-07-10,インティ・クリエイツ,Bloodstained: Curse of the Moon 2,32,,ACT,インティ・クリエイツ,0,1,横スクロールアクション,その他
2020-07-10,トイボックス,Deadly Premonition 2: A Blessing in Disguise,-,,ETC,トイボックス,0,1,その他,その他
2020-07-11,サムシンググッド,医学博士 平岩幹男監修 読むトレGO!,-,YES,ETC,サムシンググッド,0,1,その他,その他
2020-07-14,Team17,Neon Abyss,30,,ASHT,Team17,0,1,アクションシューティング,その他
2020-07-16,アイディアファクトリー,Code:Realize 〜白銀の奇跡〜 for Nintendo Switch,32,YES,ADV,アイディアファクトリー,0,1,女性向け恋愛アドベンチャー,その他
2020-07-16,indienova,Never Breakup,-,,ETC,indienova,0,1,その他,その他
2020-07-16,eastasiasoft,Waifu アンカバード,-,,ETC,eastasiasoft,0,1,その他,その他
2020-07-16,スパイク・チュンソフト,インディヴィジブル 闇を祓う魂たち,32,YES,ARPG,スパイク・チュンソフト,0,1,アクションRPG,その他
2020-07-16,CIRCLE Ent.,ゲキヤバランナー アニバーサリー エディション,-,,ETC,CIRCLE Ent.,0,1,その他,その他
2020-07-16,スターサイン,スーパー ドロップジグソー Vol.1,-,,ETC,スターサイン,0,1,その他,その他
2020-07-16,ジー・モード,ナンプレ Relax 5 Full Bloom,-,,ETC,ジー・モード,0,1,その他,その他
2020-07-16,SAT-BOX,ボクらの大運動会,-,,ETC,SAT-BOX,0,1,その他,その他
2020-07-16,コーラス・ワールドワイド,リジットフォース・リダックス,-,,ETC,コーラス・ワールドワイド,0,1,その他,その他
2020-07-16,レイニーフロッグ,ワンフィンガーデスパンチ2（英語版）,33,,ACT,レイニーフロッグ,0,1,カンフーアクション,その他
2020-07-16,アークシステムワークス,探偵 神宮寺三郎 プリズム・オブ・アイズ 〜連鎖する呪い〜,-,,ETC,アークシステムワークス,0,1,その他,その他
2020-07-16,Phoenixx,東方の迷宮 -幻想郷と天貫の大樹-,-,,ETC,Phoenixx,0,1,その他,その他
2020-07-16,カイロソフト,野球部ものがたり,-,,ETC,カイロソフト,0,1,その他,その他
2020-07-17,任天堂,ペーパーマリオ オリガミキング,36,YES,AADV,任天堂,3842_0m_1803,1,アクションアドベンチャー,その他
2020-07-21,Hi-Rez Studios（英語版）,Rogue Company,-,,ETC,Hi-Rez Studios（英語版）,0,1,その他,その他
2020-07-22,PLAYISM,Creaks（英語版）,31,,ADV,PLAYISM,0,1,パズルアドベンチャー,その他
2020-07-22,eastasiasoft,Freedom Finger,30,,SHT,eastasiasoft,0,1,横スクロールシューティング,その他
2020-07-22,Tribute Games（英語版）,Panzer Paladin（英語版）,-,,ETC,Tribute Games（英語版）,0,1,その他,その他
2020-07-22,カエルエックス,SUSHI REVERSI〜寿司リバーシ〜,-,,ETC,カエルエックス,0,1,その他,その他
2020-07-22,Merge Games,きたのたましい,-,,ETC,Merge Games,0,1,その他,その他
2020-07-22,日本コロムビア,げっし〜ず 森の小さななかまたち,30,YES,TBL,日本コロムビア,0,1,がじがじコミュニケーション,その他
2020-07-22,プロトタイプ,グリザイア ファントムトリガー 03,-,,ETC,プロトタイプ,0,1,その他,その他
2020-07-22,QubicGames,シップド,-,,ETC,QubicGames,0,1,その他,その他
2020-07-23,Devolver Digital,CARRION,33,,ACT,Devolver Digital,0,1,ホラーアクション,その他
2020-07-23,オーイズミ・アミュージオ,コール・オブ・クトゥルフ,31,YES,ADV,オーイズミ・アミュージオ,0,1,サスペンスアドベンチャー,その他
2020-07-30,Soedesco,Adam's Venture: Origins（英語版）,-,,ETC,Soedesco,0,1,その他,その他
2020-07-30,Team17,Ageless,-,,ETC,Team17,0,1,その他,その他
2020-07-30,アークシステムワークス,Aggelos,-,,ETC,アークシステムワークス,0,1,その他,その他
2020-07-30,ピッキー,Air Missions: HIND,-,YES,ETC,ピッキー,0,1,その他,その他
2020-07-30,エンターグラム,Eスクールライフ,-,YES,ETC,エンターグラム,0,1,その他,その他
2020-07-30,コーエーテクモゲームス,FAIRY TAIL,32,YES,RPG,コーエーテクモゲームス,0,1,RPG,その他
2020-07-30,Ironhide Game Studio,Kingdom Rush（英語版）,-,,ETC,Ironhide Game Studio,0,1,その他,その他
2020-07-30,Soedesco,Monstrum,-,,ETC,Soedesco,0,1,その他,その他
2020-07-30,eastasiasoft,Mushroom Heroes,-,,ETC,eastasiasoft,0,1,その他,その他
2020-07-30,角川ゲームス,Root Film,32,YES,ADV,角川ゲームス,0,1,ミステリーアドベンチャー,その他
2020-07-30,デジマース,Spiral Memoria〜私と出逢う夏〜,-,,ETC,デジマース,0,1,その他,その他
2020-07-30,SNK,サムライスピリッツ ネオジオコレクション,-,YES,ETC,SNK,0,1,その他,その他
2020-07-30,オーイズミ・アミュージオ,ザ・マミー ディマスター（英語版）,-,,ETC,オーイズミ・アミュージオ,0,1,その他,その他
2020-07-30,PLAYISM,ネバーエンディングナイトメア,30,,ADV,PLAYISM,0,1,ホラーアドベンチャー,その他
2020-07-30,CFK,ホテル・ソウルズ,-,,ETC,CFK,0,1,その他,その他
2020-07-30,日本一ソフトウェア,夜、灯す,-,YES,ETC,日本一ソフトウェア,0,1,その他,その他
2020-07-30,シティコネクション,星をみるひと,-,,ETC,シティコネクション,0,1,その他,その他
2020-07-30,アイディアファクトリー,薄桜鬼 真改 銀星ノ抄,-,YES,ETC,アイディアファクトリー,3959_0m_1886,1,その他,その他
2020-08-06,eastasiasoft,112th Seed,-,,ETC,eastasiasoft,0,1,その他,その他
2020-08-06,レイニーフロッグ,80's OVERDRIVE,-,,ETC,レイニーフロッグ,0,1,その他,その他
2020-08-06,indienova,Cruel Bands Career,-,,ETC,indienova,0,1,その他,その他
2020-08-06,Crytek,Crysis Remastered,-,,ETC,Crytek,0,1,その他,その他
2020-08-06,Yogscast（英語版）,Drink More Glurp,-,,ETC,Yogscast（英語版）,0,1,その他,その他
2020-08-06,PLAYISM,LA-MULANA 1&2,-,YES,ETC,PLAYISM,0,1,その他,その他
2020-08-06,eastasiasoft,Metaloid: Origin,-,,ETC,eastasiasoft,0,1,その他,その他
2020-08-06,Decoy Games,Swimsanity!,-,,ETC,Decoy Games,0,1,その他,その他
2020-08-06,Atypical Games,Titan Glory,-,,ETC,Atypical Games,0,1,その他,その他
2020-08-06,qureate,くっころでいず,-,,ETC,qureate,0,1,その他,その他
2020-08-06,Greenlight Games,ひつじのショーン ホーム・シープ・ホーム:UFOフィーバー!パーティー版,-,,ETC,Greenlight Games,0,1,その他,その他
2020-08-06,ケムコ,アルファディア ジェネシス,-,,ETC,ケムコ,0,1,その他,その他
2020-08-06,SNK,キング・オブ・ファイターズ R-2,-,,ETC,SNK,0,1,その他,その他
2020-08-06,MAGES.,コープスパーティー BLOOD DRIVE,-,,ETC,MAGES.,0,1,その他,その他
2020-08-06,SNK,サムライスピリッツ!2,-,,ETC,SNK,0,1,その他,その他
2020-08-06,コーラス・ワールドワイド,ザ・コーマ:ダブルカット,-,YES,ETC,コーラス・ワールドワイド,0,1,その他,その他
2020-08-07,QubicGames,ブレイジングビークス,-,,ETC,QubicGames,0,1,その他,その他
2020-08-13,レベルファイブ,妖怪ウォッチJam 妖怪学園Y 〜ワイワイ学園生活〜,-,YES,ETC,レベルファイブ,0,1,その他,その他
2020-08-20,PLAYISM,Chinese Parents,33,,SLG,PLAYISM,0,1,育成シミュレーション,その他
2020-08-20,レジスタ,CROSS†CHANNEL 〜For all people〜,-,,ETC,レジスタ,0,1,その他,その他
2020-08-20,ディースリー・パブリッシャー,Gleamlight,-,,ETC,ディースリー・パブリッシャー,0,1,その他,その他
2020-08-20,H2 INTERACTIVE,Journey to the Savage Planet（英語版）,30,YES,AADV,H2 INTERACTIVE,0,1,アクションアドベンチャー,その他
2020-08-20,eastasiasoft,Zero Strain,-,,ETC,eastasiasoft,0,1,その他,その他
2020-08-20,コーラス・ワールドワイド,アウトバディーズDX,30,,AADV,コーラス・ワールドワイド,0,1,アクションアドベンチャー,その他
2020-08-20,ラタライカゲームス,ウルトラハットダイメンション,-,,ETC,ラタライカゲームス,0,1,その他,その他
2020-08-20,マスティフ（英語版）,カニノケンカ -Fight Crab-,-,YES,ETC,マスティフ（英語版）,0,1,その他,その他
2020-08-20,eastasiasoft,カワイイデスデス,-,,ETC,eastasiasoft,0,1,その他,その他
2020-08-20,アイディアファクトリー,キューピット・パラサイト,33,YES,ADV,アイディアファクトリー,0,1,女性向け恋愛アドベンチャー,その他
2020-08-20,THQ Nordic ジャパン,スポンジ・ボブ: Battle for Bikini Bottom – Rehydrated（英語版）,31,,AADV,THQ Nordic ジャパン,0,1,アクションアドベンチャー,その他
2020-08-20,フライハイワークス,ブーメランヒュー,-,,ETC,フライハイワークス,0,1,その他,その他
2020-08-20,3goo,ロック・オブ・エイジス:メイク&ブレイク（英語版）,-,,ETC,3goo,0,1,その他,その他
2020-08-20,レイニーフロッグ,吾妻邸くわいだん,-,,ETC,レイニーフロッグ,0,1,その他,その他
2020-08-21,Chucklefish（英語版）,INMOST,-,,ETC,Chucklefish（英語版）,0,1,その他,その他
2020-08-21,Hook Games,Lines XL - ラインズ・エックス・エル,-,,ETC,Hook Games,0,1,その他,その他
2020-08-21,テイクツー・インタラクティブ・ジャパン,ゴルフ PGAツアー 2K21（英語版）,32,YES,SPT,テイクツー・インタラクティブ・ジャパン,0,1,ゴルフ,その他
2020-08-26,Wargaming Group,World of Tanks Blitz,-,,ETC,Wargaming Group,0,1,その他,その他
2020-08-26,オインクゲームズ,タケシとヒロシ,-,,ETC,オインクゲームズ,0,1,その他,その他
2020-08-27,eastasiasoft,Grizzland,-,,ETC,eastasiasoft,0,1,その他,その他
2020-08-27,indienova,Heaven Dust,-,,ETC,indienova,0,1,その他,その他
2020-08-27,Kongregate,Hell is Other Demons,-,,ETC,Kongregate,0,1,その他,その他
2020-08-27,バンダイナムコエンターテインメント,JUMP FORCE デラックスエディション,-,YES,ETC,バンダイナムコエンターテインメント,0,1,その他,その他
2020-08-27,オーイズミ・アミュージオ,MotoGP 20,32,,RCG,オーイズミ・アミュージオ,0,1,モータースポーツレーシング,その他
2020-08-27,dramatic create/ヒューネックス,OZMAFIA!!-vivace-,-,YES,ETC,dramatic create/ヒューネックス,0,1,その他,その他
2020-08-27,Hello Games,The Last Campfire,-,,ETC,Hello Games,0,1,その他,その他
2020-08-27,エンターグラム,この素晴らしい世界に祝福を!〜希望の迷宮と集いし冒険者たち〜Plus,-,YES,ETC,エンターグラム,0,1,その他,その他
2020-08-27,バンダイナムコエンターテインメント,キャプテン翼 RISE OF NEW CHAMPIONS,32,YES,SPT,バンダイナムコエンターテインメント,4102_0m_1959,1,サッカーアクション,その他
2020-08-27,PLAYISM,ジラフとアンニカ,-,YES,ETC,PLAYISM,0,1,その他,その他
2020-08-27,Forever Entertainment,テラービートリズム,-,,ETC,Forever Entertainment,0,1,その他,その他
2020-08-27,Game Source Entertainment,ノー・ストレート・ロード,31,YES,AADV,Game Source Entertainment,0,1,アクションアドベンチャー,その他
2020-08-27,Forever Entertainment,パッキングマスター,-,,ETC,Forever Entertainment,0,1,その他,その他
2020-08-27,スクウェア・エニックス,ファイナルファンタジー・クリスタルクロニクル リマスター,-,YES,ETC,スクウェア・エニックス,0,1,その他,その他
2020-08-27,Forever Entertainment,ポリーパズル,-,,ETC,Forever Entertainment,0,1,その他,その他
2020-08-27,ディースリー・パブリッシャー,口外禁止!! (密)オフィスラブ,-,,ETC,ディースリー・パブリッシャー,0,1,その他,その他
2020-08-27,アイディアファクトリー,忍び、恋うつつ for Nintendo Switch,-,YES,ETC,アイディアファクトリー,0,1,その他,その他
2020-08-28,Koch Media,ウインドバウンド,-,,ETC,Koch Media,0,1,その他,その他
2020-09-03,カエルエックス,BREAK DOT,-,,ETC,カエルエックス,0,1,その他,その他
2020-09-03,eastasiasoft,Never Again,-,,ETC,eastasiasoft,0,1,その他,その他
2020-09-03,CIRCLE Ent.,Observer,-,,ETC,CIRCLE Ent.,0,1,その他,その他
2020-09-03,Rokaplay,The Forgotten Land,-,,ETC,Rokaplay,0,1,その他,その他
2020-09-03,Hipster Whale（英語版）,ぴっふる:ねこのパズルアドベンチャー,-,,ETC,Hipster Whale（英語版）,0,1,その他,その他
2020-09-03,Proletariat,スペルブレイク,-,,ETC,Proletariat,0,1,その他,その他
2020-09-03,505 Games,ブラザーズ 2人の息子の物語,-,,ETC,505 Games,0,1,その他,その他
2020-09-03,サクセス,漢字ナンクロ1000!,-,,ETC,サクセス,0,1,その他,その他
2020-09-04,テイクツー・インタラクティブ・ジャパン,NBA 2K21,31,YES,SPT,テイクツー・インタラクティブ・ジャパン,0,1,バスケットボール,その他
2020-09-10,Streamline Media Group,Bake 'n Switch - ベイク・アンド・スイッチ,-,,ETC,Streamline Media Group,0,1,その他,その他
2020-09-10,The Quantum Astrophysicists Guild,Deleveled,-,,ETC,The Quantum Astrophysicists Guild,0,1,その他,その他
2020-09-10,DANGEN Entertainment,Minoria,31,,ARPG,DANGEN Entertainment,0,1,アクションRPG,その他
2020-09-10,レイアーク,MO：Astray,31,,AADV,レイアーク,0,1,アクションアドベンチャー,その他
2020-09-10,Devolver Digital,Witcheye,-,,ETC,Devolver Digital,0,1,その他,その他
2020-09-10,TAKUYO,ひめひび 1学期 -Princess Days-,-,,ETC,TAKUYO,0,1,その他,その他
2020-09-10,フライハイワークス,アーバントライアル トリッキー,-,,ETC,フライハイワークス,0,1,その他,その他
2020-09-10,CIRCLE Ent.,オーオーオーオー,-,,ETC,CIRCLE Ent.,0,1,その他,その他
2020-09-10,eastasiasoft,タコタン:星のタコ,-,,ETC,eastasiasoft,0,1,その他,その他
2020-09-10,eastasiasoft,ファイト&レイジ,31,,ACT,eastasiasoft,0,1,ベルトスクロールアクション,その他
2020-09-10,角川ゲームス,メタルマックス ゼノ リボーン,-,YES,ETC,角川ゲームス,0,1,その他,その他
2020-09-10,CIRCLE Ent.,ルーンストーンキーパー（英語版）,-,,ETC,CIRCLE Ent.,0,1,その他,その他
2020-09-10,プロトタイプ,智代アフター 〜It's a Wonderful Life〜 CS Edition,-,YES,ETC,プロトタイプ,4105_0m_1962,1,その他,その他
2020-09-17,PLiCy,Cresteaju,-,,ETC,PLiCy,0,1,その他,その他
2020-09-17,Soedesco,Dog Duty,-,,ETC,Soedesco,0,1,その他,その他
2020-09-17,Phoenixx,Kholat（英語版）,-,,ETC,Phoenixx,0,1,その他,その他
2020-09-17,Ironhide Game Studio,Kingdom Rush Origins（英語版）,-,,ETC,Ironhide Game Studio,0,1,その他,その他
2020-09-17,Stray Fawn,Niche - a genetics survival game（英語版）,-,,ETC,Stray Fawn,0,1,その他,その他
2020-09-17,ROBOSARU Games,Reflex Unit 2,-,,ETC,ROBOSARU Games,0,1,その他,その他
2020-09-17,スターサイン,SUPER SOCCER BLAST,-,,ETC,スターサイン,0,1,その他,その他
2020-09-17,room6,World for Two,-,,ETC,room6,0,1,その他,その他
2020-09-17,コンパイルハート/アイディアファクトリー,アズールレーン クロスウェーブ,31,YES,RPG,コンパイルハート/アイディアファクトリー,0,1,進撃海戦RPG,その他
2020-09-17,EXNOA,アトミクロップス,32,YES,ACT,EXNOA,0,1,ファーミングアクション,その他
2020-09-17,プロトタイプ,グリザイア ファントムトリガー 04,-,,ETC,プロトタイプ,0,1,その他,その他
2020-09-17,eastasiasoft,ゼノ・クライシス,-,,ETC,eastasiasoft,0,1,その他,その他
2020-09-17,CFK,ネバエ,-,,ETC,CFK,0,1,その他,その他
2020-09-17,アイディアファクトリー,ビルシャナ戦姫 〜源平飛花夢想〜,33,YES,ADV,アイディアファクトリー,0,1,女性向け恋愛アドベンチャー,その他
2020-09-17,バンダイナムコエンターテインメント,プロ野球 ファミスタ 2020,33,YES,SPT,バンダイナムコエンターテインメント,0,1,野球アクション,その他
2020-09-17,コーエーテクモゲームス,モンスターファーム2,-,,ETC,コーエーテクモゲームス,0,1,その他,その他
2020-09-17,ボルテージ,誓いのキスは突然に,-,,ETC,ボルテージ,0,1,その他,その他
2020-09-17,レジスタ,魔物娘と不思議な冒険〜力の宝珠と帰還の塔〜,-,,ETC,レジスタ,0,1,その他,その他
2020-09-18,Subset Games,Into the Breach,35,,SLG,Subset Games,0,1,戦略シミュレーション,その他
2020-09-18,iam8bit（英語版）,Ori and the Will of the Wisps,36,,ACT,iam8bit（英語版）,0,1,探索アクション,その他
2020-09-18,テイクツー・インタラクティブ・ジャパン,WWE 2K バトルグラウンド（英語版）,33,,FTG,テイクツー・インタラクティブ・ジャパン,0,1,格闘アクション,その他
2020-09-18,任天堂,スーパーマリオ 3Dコレクション,-,YES,ETC,任天堂,4192_0m_2001,1,その他,その他
2020-09-18,ラタライカゲームス,バルーンボーイ,-,,ETC,ラタライカゲームス,0,1,その他,その他
2020-09-23,bilibili,Unrailed!,-,,ETC,bilibili,0,1,その他,その他
2020-09-24,Whippoorwill,A Short Hike,33,,AADV,Whippoorwill,0,1,アクションアドベンチャー,その他
2020-09-24,Merge Games,Bounty Battle,-,,ETC,Merge Games,0,1,その他,その他
2020-09-24,スターサイン,FootGoal! Tiki Taka,-,,ETC,スターサイン,0,1,その他,その他
2020-09-24,Team17,Going Under,31,,ACT,Team17,0,1,アクション,その他
2020-09-24,Mooneye Studios,Lost Ember,-,,ETC,Mooneye Studios,0,1,その他,その他
2020-09-24,QubicGames,Not Not - 頭脳耐久ゲーム,-,,ETC,QubicGames,0,1,その他,その他
2020-09-24,Kongregate,Pine,-,,ETC,Kongregate,0,1,その他,その他
2020-09-24,Beep,Pinstripe（英語版）,-,,ETC,Beep,0,1,その他,その他
2020-09-24,Game Source Entertainment,Radical Rabbit Stew,-,,ETC,Game Source Entertainment,0,1,その他,その他
2020-09-24,Dan Fornace,Rivals of Aether,-,,ETC,Dan Fornace,0,1,その他,その他
2020-09-24,ネオス,いっしょにあそぼ〜♪ コウペンちゃん,-,YES,ETC,ネオス,0,1,その他,その他
2020-09-24,MAGES.,この素晴らしい世界に祝福を!〜この欲望の衣装に寵愛を!〜,-,YES,ETC,MAGES.,0,1,その他,その他
2020-09-24,Whitethorn Digital,エヴァンの残したもの,-,,ETC,Whitethorn Digital,0,1,その他,その他
2020-09-24,任天堂,カービィファイターズ2,-,,ETC,任天堂,0,1,その他,その他
2020-09-24,テヨンジャパン,ザ・パーク（英語版）,-,,ETC,テヨンジャパン,0,1,その他,その他
2020-09-24,ラタライカゲームス,ジェット・セット・ナイツ,-,,ETC,ラタライカゲームス,0,1,その他,その他
2020-09-24,ピッキー,ダングリード,-,YES,ETC,ピッキー,0,1,その他,その他
2020-09-24,ディースリー・パブリッシャー,トーキングラブ,-,,ETC,ディースリー・パブリッシャー,0,1,その他,その他
2020-09-24,NAパブリッシング,レジェンド・オブ・イサーナル,-,,ETC,NAパブリッシング,0,1,その他,その他
2020-09-24,iMel,ワガママハイスペック,-,YES,ETC,iMel,0,1,その他,その他
2020-09-24,アイディアファクトリー,明治活劇 ハイカラ流星組 -成敗しませう、世直し稼業-,-,YES,ETC,アイディアファクトリー,0,1,その他,その他
2020-09-29,Thunder Lotus Games,Spiritfarer,34,,SLG,Thunder Lotus Games,0,1,マネジメント,その他
2020-10-01,ネイロ,Hell Sports,-,,ETC,ネイロ,0,1,その他,その他
2020-10-01,PLAYISM,Orangeblood,-,,ETC,PLAYISM,0,1,その他,その他
2020-10-01,任天堂,SUPER MARIO BROS. 35,-,,ETC,任天堂,0,1,その他,その他
2020-10-01,イントラゲームズ,アースナイト,-,,ETC,イントラゲームズ,0,1,その他,その他
2020-10-01,ビバゲームズ,イマースランド,-,,ETC,ビバゲームズ,0,1,その他,その他
2020-10-01,3goo,イース・オリジン スペシャルエディション,30,YES,ARPG,3goo,0,1,アクションRPG,その他
2020-10-01,ラタライカゲームス,バースデー・オブ・ミッドナイト,-,,ETC,ラタライカゲームス,0,1,その他,その他
2020-10-01,ピタヤゲームス,フライングスライム,-,,ETC,ピタヤゲームス,0,1,その他,その他
2020-10-01,ライドオンジャパン,マーセナリーズブレイズ 黎明の双竜,-,,ETC,ライドオンジャパン,0,1,その他,その他
2020-10-01,ケムコ,ロストドラゴン,-,,ETC,ケムコ,0,1,その他,その他
2020-10-01,ハップ,親フラリズム〜うしろ!うしろ!〜,-,,ETC,ハップ,0,1,その他,その他
2020-10-08,ラタライカゲームス,A HERO AND A GARDEN,-,,ETC,ラタライカゲームス,0,1,その他,その他
2020-10-08,Annapurna Interactive,I Am Dead,-,,ETC,Annapurna Interactive,0,1,その他,その他
2020-10-08,Nikita Alexeevich,JDM Racing,-,,ETC,Nikita Alexeevich,0,1,その他,その他
2020-10-08,THQ Nordic ジャパン,Neighbours back From Hell,-,,ETC,THQ Nordic ジャパン,0,1,その他,その他
2020-10-08,Black Tower Games,Sin Slayers: Enhanced Edition,-,,ETC,Black Tower Games,0,1,その他,その他
2020-10-08,Akupara Games,Spinch,-,,ETC,Akupara Games,0,1,その他,その他
2020-10-08,Prison Games,The Legend of Ninja,-,,ETC,Prison Games,0,1,その他,その他
2020-10-08,Raw Fury,West of Dead,-,,ETC,Raw Fury,0,1,その他,その他
2020-10-08,カイロソフト,こだわりラーメン館,-,,ETC,カイロソフト,0,1,その他,その他
2020-10-08,Toward,アストロウィングス:宇宙戦争,-,,ETC,Toward,0,1,その他,その他
2020-10-08,Cool Small Games,アドレナリンラッシュ - マイアミドライブ,-,,ETC,Cool Small Games,0,1,その他,その他
2020-10-08,QubicGames,グラビティライダーZERO,-,,ETC,QubicGames,0,1,その他,その他
2020-10-08,DICO,ワタワケ - 私が死んだわけ,-,,ETC,DICO,0,1,その他,その他
2020-10-09,エレクトロニック・アーツ,FIFA 21 Legacy Edition,-,YES,ETC,エレクトロニック・アーツ,4273_0m_2051,1,その他,その他
2020-10-09,Team17,The Survivalists,30,YES,ETC,Team17,0,1,サバイバルサンドボックス,その他
2020-10-15,Sometimes You,Active Neurons 2,-,,ETC,Sometimes You,0,1,その他,その他
2020-10-15,H2 INTERACTIVE,AVICII Invector（英語版）,-,,ETC,H2 INTERACTIVE,0,1,その他,その他
2020-10-15,Merge Games,Cloudpunk,-,,ETC,Merge Games,0,1,その他,その他
2020-10-15,SPRINGLOADED,GORSD,-,,ETC,SPRINGLOADED,0,1,その他,その他
2020-10-15,レイニーフロッグ,Linn 〜果樹園への道〜,-,,ETC,レイニーフロッグ,0,1,その他,その他
2020-10-15,Humble Games,Ring of Pain,-,,ETC,Humble Games,0,1,その他,その他
2020-10-15,アールアールジェイ,Tricky Spider,-,,ETC,アールアールジェイ,0,1,その他,その他
2020-10-15,Another Indie Studio,Vigil: The Longest Night,-,,ETC,Another Indie Studio,0,1,その他,その他
2020-10-15,Lightning Rod Games,ア フォルド エーパート,-,,ETC,Lightning Rod Games,0,1,その他,その他
2020-10-15,ワーカービー,オクノカ マッドネス -OkunoKA Madness-,-,,ETC,ワーカービー,0,1,その他,その他
2020-10-15,レジスタ,カガミハラ/ジャスティス,-,,ETC,レジスタ,0,1,その他,その他
2020-10-15,ラタライカゲームス,ゴルフ・ゼロ,-,,ETC,ラタライカゲームス,0,1,その他,その他
2020-10-15,フリュー,ゴーストパレード,-,,ETC,フリュー,0,1,その他,その他
2020-10-15,Funalter Games,シューティング×バーン,-,,ETC,Funalter Games,0,1,その他,その他
2020-10-15,Lightning Games,ハードコア・メカ Nintendo Switch Edition,-,,ETC,Lightning Games,0,1,その他,その他
2020-10-15,Game Source Entertainment,ハードコア・メカ Nintendo Switch Edition ファイターエディション,-,YES,ETC,Game Source Entertainment,0,1,その他,その他
2020-10-15,DANGEN Entertainment,バットバリアン〜太古の洞窟の謎〜,30,,AADV,DANGEN Entertainment,0,1,アクションアドベンチャー,その他
2020-10-15,Winking,映夢,-,,ETC,Winking,0,1,その他,その他
2020-10-15,エクスペリエンス,黄泉ヲ裂ク華,33,YES,RPG,エクスペリエンス,0,1,ダンジョンRPG,その他
2020-10-16,Team17,Crown Trick,-,,ETC,Team17,0,1,その他,その他
2020-10-16,任天堂,マリオカート ライブ ホームサーキット,-,YES,ETC,任天堂,4276_0m_2054,1,その他,その他
2020-10-22,Loopymood,AntVentor,-,,ETC,Loopymood,0,1,その他,その他
2020-10-22,Devolver Digital,Disc Room,30,,ACT,Devolver Digital,0,1,アクション,その他
2020-10-22,Prison Games,Fantasy Tower Defense,-,,ETC,Prison Games,0,1,その他,その他
2020-10-22,The Quantum Astrophysicists Guild,FRACTER,-,,ETC,The Quantum Astrophysicists Guild,0,1,その他,その他
2020-10-22,Raw Fury,GoNNER2,-,,ETC,Raw Fury,0,1,その他,その他
2020-10-22,Annapurna Interactive,If Found...,-,,ETC,Annapurna Interactive,0,1,その他,その他
2020-10-22,7Levels,inbento : インベントウ,-,,ETC,7Levels,0,1,その他,その他
2020-10-22,Coconut Island Games,LUNA The Shadow Dust,-,,ETC,Coconut Island Games,0,1,その他,その他
2020-10-22,Beep,Neversong & Pinstripe（英語版）,-,YES,ETC,Beep,0,1,その他,その他
2020-10-22,Beep,Neversong（英語版）,-,,ETC,Beep,0,1,その他,その他
2020-10-22,Prison Games,Perfect Traffic Simulator,-,,ETC,Prison Games,0,1,その他,その他
2020-10-22,Nellyvision,Rhythm of the Gods,-,,ETC,Nellyvision,0,1,その他,その他
2020-10-22,賈船,Super Toy Cars2,-,,ETC,賈船,0,1,その他,その他
2020-10-22,Spooky Squid Games,They Bleed Pixels（英語版）,-,,ETC,Spooky Squid Games,0,1,その他,その他
2020-10-22,THQ Nordic ジャパン,Through the Darkest of Times,-,,ETC,THQ Nordic ジャパン,0,1,その他,その他
2020-10-22,NAパブリッシング,どうぶつ大乱島,-,,ETC,NAパブリッシング,0,1,その他,その他
2020-10-22,ワーカービー,エスケープ フロム ザ ユニバース -Escape from the Universe-,-,,ETC,ワーカービー,0,1,その他,その他
2020-10-22,ラタライカゲームス,クロスクラッシュ,-,,ETC,ラタライカゲームス,0,1,その他,その他
2020-10-22,Baltoro Games,バーガーシェフ・タイクーン,-,,ETC,Baltoro Games,0,1,その他,その他
2020-10-22,WayForward,ビタミンコネクション,-,,ETC,WayForward,0,1,その他,その他
2020-10-22,Koch Media,レッツ・シング・クイーン,-,,ETC,Koch Media,0,1,その他,その他
2020-10-22,日本一ソフトウェア,羽ばたくヒーロー,-,,ETC,日本一ソフトウェア,0,1,その他,その他
2020-10-24,タカラトミー,キャップ革命 ボトルマン BOT-04 ボトルマン デジタル対戦セット,-,YES,ETC,タカラトミー,0,1,その他,その他
2020-10-27,Humble Games,Carto,32,,ADV,Humble Games,0,1,パズルアドベンチャー,その他
2020-10-28,505 Games,Control Ultimate Edition - Cloud Version,-,,ETC,505 Games,0,1,その他,その他
2020-10-28,マーベラス,NO MORE HEROES,-,,ETC,マーベラス,0,1,その他,その他
2020-10-28,マーベラス,NO MORE HEROES 2 DESPERATE STRUGGLE,-,,ETC,マーベラス,0,1,その他,その他
2020-10-28,任天堂,はたらくUFO,-,,ETC,任天堂,0,1,その他,その他
2020-10-29,デジカ,Crimzon Clover - World EXplosion,-,,ETC,デジカ,0,1,その他,その他
2020-10-29,ポケット,FiNC HOME FiT,-,YES,ETC,ポケット,0,1,その他,その他
2020-10-29,バンダイナムコエンターテインメント,KAMEN RIDER memory of heroez,-,YES,ETC,バンダイナムコエンターテインメント,0,1,その他,その他
2020-10-29,日本一ソフトウェア,MAD RAT DEAD,30,YES,音,日本一ソフトウェア,0,1,リズムアクション,その他
2020-10-29,CIRCLE Ent.,Metaverse Keeper,-,,ETC,CIRCLE Ent.,0,1,その他,その他
2020-10-29,THQ Nordic ジャパン,Monster Jam Steel Titans（英語版）,-,,ETC,THQ Nordic ジャパン,0,1,その他,その他
2020-10-29,Humble Games,Supraland,-,,ETC,Humble Games,0,1,その他,その他
2020-10-29,East2west Games,Wonder Blade,-,,ETC,East2west Games,0,1,その他,その他
2020-10-29,U-Play Online,Youtubers Life OMG Edition（英語版）,-,,ETC,U-Play Online,0,1,その他,その他
2020-10-29,Another Indie Studio,Yuppie Psycho: Executive Edition,-,,ETC,Another Indie Studio,0,1,その他,その他
2020-10-29,エンターグラム,となりに彼女のいる幸せ〜Curious Queen〜,-,,ETC,エンターグラム,0,1,その他,その他
2020-10-29,エンターグラム,アイカノ〜雪空のトライアングル〜,-,,ETC,エンターグラム,0,1,その他,その他
2020-10-29,ラタライカゲームス,クラッシュフォース,-,,ETC,ラタライカゲームス,0,1,その他,その他
2020-10-29,Onteca,クレイジー禅ミニゴルフ,-,,ETC,Onteca,0,1,その他,その他
2020-10-29,オーイズミ・アミュージオ,シャンティと7人のセイレーン,32,YES,ACT,オーイズミ・アミュージオ,0,1,探索アクション,その他
2020-10-29,スターサイン,スーパー ドロップジグソー Vol.2,-,,ETC,スターサイン,0,1,その他,その他
2020-10-29,VR RPG,ナイトオブクイーン,-,,ETC,VR RPG,0,1,その他,その他
2020-10-29,SAT-BOX,ボクらの放課後あそび,-,,ETC,SAT-BOX,0,1,その他,その他
2020-10-29,7 Raven Studios,ラスティ・スパウト レスキューアドベンチャー,-,,ETC,7 Raven Studios,0,1,その他,その他
2020-10-29,ドラス,図書館IISW・名作100選+α,-,,ETC,ドラス,0,1,その他,その他
2020-10-29,プロトタイプ,大正×対称アリス HEADS & TAILS,-,YES,ETC,プロトタイプ,0,1,その他,その他
2020-10-29,SNK,幕末浪漫特別編 月華の剣士 〜月に咲く華、散りゆく花〜,-,,ETC,SNK,0,1,その他,その他
2020-10-29,アトラス,真・女神転生III NOCTURNE HD REMASTER,-,YES,ETC,アトラス,0,1,その他,その他
2020-10-29,シルバースタージャパン,遊んでポーカーが強くなる! テキサスホールデム,-,,ETC,シルバースタージャパン,0,1,その他,その他
2020-10-30,任天堂,ピクミン3 デラックス,-,YES,ETC,任天堂,4151_0m_1975,1,その他,その他
2020-11-05,オーイズミ・アミュージオ,Car Mechanic Simulator ポケット・エディション（英語版）,-,,ETC,オーイズミ・アミュージオ,0,1,その他,その他
2020-11-05,Game Source Entertainment,Descenders（英語版）,32,YES,SPT,Game Source Entertainment,0,1,エクストリームスポーツ,その他
2020-11-05,PLAYISM,Mad Father（英語版）,-,,ETC,PLAYISM,0,1,その他,その他
2020-11-05,アールフォース・エンターテインメント,PICK ME UP! -Rescue Rangers-,-,,ETC,アールフォース・エンターテインメント,0,1,その他,その他
2020-11-05,H2 INTERACTIVE,Röki,-,,ETC,H2 INTERACTIVE,0,1,その他,その他
2020-11-05,日本コロムビア,おうちでリラックマ リラックマがおうちにやってきた,-,YES,ETC,日本コロムビア,0,1,その他,その他
2020-11-05,アウスタ,ゆうしゃVSドラゴン,-,,ETC,アウスタ,0,1,その他,その他
2020-11-05,Sometimes You,アクティブニューロン - パズルゲーム,-,,ETC,Sometimes You,0,1,その他,その他
2020-11-05,レオフル,アルパカボール オールスター,-,,ETC,レオフル,0,1,その他,その他
2020-11-05,3goo,コンストラクションシミュレーター 2&3 ダブルパック,-,YES,ETC,3goo,4283_0m_2060,1,その他,その他
2020-11-05,Astragon（英語版）,コンストラクションシミュレーター 3,-,,ETC,Astragon（英語版）,0,1,その他,その他
2020-11-05,Cygames,シャドウバース チャンピオンズバトル,-,YES,ETC,Cygames,0,1,その他,その他
2020-11-05,FRONTIER,ジュラシック・ワールド エボリューション:コンプリート エディション,-,,ETC,FRONTIER,0,1,その他,その他
2020-11-05,ネットマーブルコーポレーション,セブンナイツ〜時空の旅人〜,-,,ETC,ネットマーブルコーポレーション,0,1,その他,その他
2020-11-05,ケムコ,ドラゴンラピス,-,,ETC,ケムコ,0,1,その他,その他
2020-11-05,ALL IN! GAMES,メタモルフォーシス,-,,ETC,ALL IN! GAMES,0,1,その他,その他
2020-11-05,シルバースタージャパン,リアルタイムバトル将棋オンライン+銀星将棋,-,YES,ETC,シルバースタージャパン,0,1,その他,その他
2020-11-05,RED FLAG SHIP,二角取りゲーム NIKAKUdori,-,,ETC,RED FLAG SHIP,0,1,その他,その他
2020-11-05,ワーナー ブラザース ジャパン,爆丸 チャンピオンズ・オブ・ヴェストロイア,-,YES,ETC,ワーナー ブラザース ジャパン,0,1,その他,その他
2020-11-05,qureate,異世界酒場のセクステット 〜Vol.1 New World Days〜,-,,ETC,qureate,0,1,その他,その他
2020-11-05,コンパイルハート/アイディアファクトリー,神獄塔 メアリスケルターFinale,-,YES,ETC,コンパイルハート/アイディアファクトリー,0,1,その他,その他
2020-11-05,カイロソフト,開園ピクセル牧場,-,,ETC,カイロソフト,0,1,その他,その他
2020-11-07,PLAYISM,REPLICA,-,,ETC,PLAYISM,0,1,その他,その他
2020-11-11,スクウェア・エニックス,キングダム ハーツ メロディ オブ メモリー,34,YES,音,スクウェア・エニックス,0,1,リズムアクション,その他
2020-11-12,The Quantum Astrophysicists Guild,#Funtime,-,,ETC,The Quantum Astrophysicists Guild,0,1,その他,その他
2020-11-12,フライハイワークス,Hidden Through Time,-,,ETC,フライハイワークス,0,1,その他,その他
2020-11-12,Samurai Punk,Roombo: First Blood,-,,ETC,Samurai Punk,0,1,その他,その他
2020-11-12,Baltoro Games,Urban Flow: 交通パニック,-,,ETC,Baltoro Games,0,1,その他,その他
2020-11-12,吉本興業,くっきー!の超進化論,-,,ETC,吉本興業,0,1,その他,その他
2020-11-12,ラタライカゲームス,オード,-,,ETC,ラタライカゲームス,0,1,その他,その他
2020-11-12,ユービーアイソフト,ジャストダンス2021,32,YES,音,ユービーアイソフト,0,1,ダンス,その他
2020-11-12,ゲームミュージアム,ゾンビスクール,-,,ETC,ゲームミュージアム,0,1,その他,その他
2020-11-12,Gameplay First,デスポティズム3K,-,,ETC,Gameplay First,0,1,その他,その他
2020-11-12,スティング,バロック -オリジナルバージョン-,-,,ETC,スティング,0,1,その他,その他
2020-11-12,アイディアファクトリー,ピオフィオーレの晩鐘 -Episodio1926-,32,YES,ADV,アイディアファクトリー,4285_0m_2062,1,女性向け恋愛アドベンチャー,その他
2020-11-12,eastasiasoft,フリークアウト:カラミティTVショー,-,,ETC,eastasiasoft,0,1,その他,その他
2020-11-12,日本一ソフトウェア,プリニー1・2,-,YES,ETC,日本一ソフトウェア,0,1,その他,その他
2020-11-12,イマジニア,メダロット クラシックス プラス カブトVer.,-,YES,ETC,イマジニア,0,1,その他,その他
2020-11-12,イマジニア,メダロット クラシックス プラス クワガタVer.,-,YES,ETC,イマジニア,0,1,その他,その他
2020-11-12,DMM GAMES/EXNOA,ヴァンパイア:ザ・マスカレード 紐育に巣食う血盟（英語版）,-,,ETC,DMM GAMES/EXNOA,0,1,その他,その他
2020-11-12,マーベラス,天穂のサクナヒメ,33,YES,ARPG,マーベラス,4286_0m_2063,1,和風アクションRPG,その他
2020-11-12,CIRCLE Ent.,蘭島物語 レアランドストーリー 少女の約定 Remake,-,,ETC,CIRCLE Ent.,0,1,その他,その他
2020-11-13,エレクトロニック・アーツ,Need for Speed: Hot Pursuit Remastered,-,YES,ETC,エレクトロニック・アーツ,0,1,その他,その他
2020-11-17,Soedesco,Truck Driver,-,,ETC,Soedesco,0,1,その他,その他
2020-11-19,RedDeerGames,Art Sqool,-,,ETC,RedDeerGames,0,1,その他,その他
2020-11-19,RedDeerGames,Brawl Chess 乱闘チェス,-,,ETC,RedDeerGames,0,1,その他,その他
2020-11-19,The Quantum Astrophysicists Guild,Breakpoint,-,,ETC,The Quantum Astrophysicists Guild,0,1,その他,その他
2020-11-19,TERNOX,Bullet Beat,-,,ETC,TERNOX,0,1,その他,その他
2020-11-19,Coatsink Software,Cake Bash,-,,ETC,Coatsink Software,0,1,その他,その他
2020-11-19,Assemble Entertainment,Deadly Days,-,,ETC,Assemble Entertainment,0,1,その他,その他
2020-11-19,QubicGames,DEX（英語版）,-,,ETC,QubicGames,0,1,その他,その他
2020-11-19,Devolver Digital,Hotline Miami Collection,33,,ACT,Devolver Digital,0,1,クライムアクション,その他
2020-11-19,TERNOX,Nexoria: Dungeon Rogue Heroes,-,,ETC,TERNOX,0,1,その他,その他
2020-11-19,RedDeerGames,OMG Police - Car Chase TV Simulator,-,,ETC,RedDeerGames,0,1,その他,その他
2020-11-19,indienova,Rush Rover,-,,ETC,indienova,0,1,その他,その他
2020-11-19,Baltoro Games,S.N.I.P.E.R. ハンタースコープ,-,,ETC,Baltoro Games,0,1,その他,その他
2020-11-19,ディースリー・パブリッシャー,THE カジノ 〜ルーレット、ビデオポーカー、スロットマシン、クラップス、バカラ〜,-,,ETC,ディースリー・パブリッシャー,0,1,その他,その他
2020-11-19,UltramarineSoft,カルマナイト,-,,ETC,UltramarineSoft,0,1,その他,その他
2020-11-19,プロトタイプ,グリザイア ファントムトリガー 05,-,,ETC,プロトタイプ,0,1,その他,その他
2020-11-19,AlignmentSharp,ケープ君の脱出ゲーム,-,,ETC,AlignmentSharp,0,1,その他,その他
2020-11-19,Ripples,ニコロデオン カート レーサーズ2:グランプリ（英語版）,-,,ETC,Ripples,0,1,その他,その他
2020-11-19,Prison Games,フォールガミーズ,-,,ETC,Prison Games,0,1,その他,その他
2020-11-19,SAT-BOX,ボクらのスクールバトル+スポーツセット,-,YES,ETC,SAT-BOX,0,1,その他,その他
2020-11-19,eastasiasoft,ワン・ドッグ・ストーリー,-,,ETC,eastasiasoft,0,1,その他,その他
2020-11-19,KONAMI,桃太郎電鉄 〜昭和 平成 令和も定番!〜,34,YES,TBL,KONAMI,4292_0m_2069,1,ボードゲーム,その他
2020-11-20,コーエーテクモゲームス,ゼルダ無双 厄災の黙示録,36,YES,ACT,コーエーテクモゲームス,4293_0m_2070,1,無双アクション,その他
2020-11-20,ラタライカゲームス,マイストピア,-,,ETC,ラタライカゲームス,0,1,その他,その他
2020-11-26,indienova,Arrog,-,,ETC,indienova,0,1,その他,その他
2020-11-26,PQube,Ciel Fledge: A Daughter Raising Simulator,-,,ETC,PQube,0,1,その他,その他
2020-11-26,OnSkull Development,Curious Cases,-,,ETC,OnSkull Development,0,1,その他,その他
2020-11-26,RedDeerGames,Cyber Protocol サイバープロトコル,-,,ETC,RedDeerGames,0,1,その他,その他
2020-11-26,Jollypunch Games,Fly Punch Boom!,-,,ETC,Jollypunch Games,0,1,その他,その他
2020-11-26,Fellow Traveller,In Other Waters,30,,ADV,Fellow Traveller,0,1,アドベンチャー,その他
2020-11-26,MoeNovel,LoveKami -Divinity Stage-,-,,ETC,MoeNovel,0,1,その他,その他
2020-11-26,MythicOwl,One Line Coloring - ワンラインカラーリング,-,,ETC,MythicOwl,0,1,その他,その他
2020-11-26,Beep,Pumpkin Jack,30,,AADV,Beep,0,1,アクションアドベンチャー,その他
2020-11-26,Snowman（英語版）,The Alto Collection,31,,ACT,Snowman（英語版）,0,1,アクション,その他
2020-11-26,TERNOX,The Explorer of Night,-,,ETC,TERNOX,0,1,その他,その他
2020-11-26,ゲームミュージアム,UNI,-,,ETC,ゲームミュージアム,0,1,その他,その他
2020-11-26,ナウプロダクション,あざらし電鉄,-,,ETC,ナウプロダクション,0,1,その他,その他
2020-11-26,No More Robots（英語版）,イェス・ユア・グレース（英語版）,-,,ETC,No More Robots（英語版）,0,1,その他,その他
2020-11-26,CFK,キュビ,30,,AADV,CFK,0,1,アクションアドベンチャー,その他
2020-11-26,Shinyuden,サウルスファミリーの大冒険,-,,ETC,Shinyuden,0,1,その他,その他
2020-11-26,ナウプロダクション,シャークコプター VS 盆踊りゾンビ,-,,ETC,ナウプロダクション,0,1,その他,その他
2020-11-26,EXNOA,セインツロウIV リエレクテッド,-,YES,ETC,EXNOA,0,1,その他,その他
2020-11-26,レイニーフロッグ,ソウルサーチング,-,,ETC,レイニーフロッグ,0,1,その他,その他
2020-11-26,タカラトミー,ゾイドワイルド インフィニティブラスト,-,YES,ETC,タカラトミー,4301_0m_2076,1,その他,その他
2020-11-26,トローゼ,ダンジョンリンバス,-,,ETC,トローゼ,0,1,その他,その他
2020-11-26,オーイズミ・アミュージオ,ノースガード,31,YES,RTS,オーイズミ・アミュージオ,0,1,リアルタイムストラテジー,その他
2020-11-26,ジュピター,ピクロスS5,-,,ETC,ジュピター,0,1,その他,その他
2020-11-26,フライハイワークス,フェノトピア,-,,ETC,フライハイワークス,0,1,その他,その他
2020-11-26,日本コロムビア,ポリス×戦士 ラブパトリーナ! ラブなリズムでタイホします!,-,YES,ETC,日本コロムビア,0,1,その他,その他
2020-11-26,レイニーフロッグ,マナスパーク,30,,ARPG,レイニーフロッグ,0,1,アクションRPG,その他
2020-11-26,ナウプロダクション,呪いのスペースシャトル,-,,ETC,ナウプロダクション,0,1,その他,その他
2020-11-26,バンダイナムコエンターテインメント,太鼓の達人 ドコどんRPGパック!,-,YES,ETC,バンダイナムコエンターテインメント,4298_0m_2073,1,その他,その他
2020-11-26,エンターグラム,"恋する乙女と守護の楯 Re:boot The ""SHIELD-9""",-,YES,ETC,エンターグラム,0,1,その他,その他
2020-11-26,JUSTDAN INTERNATIONAL,食用系少女 Food Girls,-,YES,ETC,JUSTDAN INTERNATIONAL,0,1,その他,その他
2020-11-28,バンダイ,タベオウジャ,31,YES,ACT,バンダイ,0,1,料理アクションバトル,その他
2020-12-01,THQ Nordic ジャパン,Chronos: Before the Ashes（英語版）,-,,ETC,THQ Nordic ジャパン,0,1,その他,その他
2020-12-03,TERNOX,Cybxus Hearts,-,,ETC,TERNOX,0,1,その他,その他
2020-12-03,Phoenixx,fault - milestone two 上（英語版）,-,,ETC,Phoenixx,0,1,その他,その他
2020-12-03,イマジニア,Fit Boxing 2 -リズム&エクササイズ-,-,YES,ETC,イマジニア,4336_0m_2083,1,その他,その他
2020-12-03,Merge Games,Morbid: The Seven Acolytes,-,,ETC,Merge Games,0,1,その他,その他
2020-12-03,neon,Nosferatu Lilinor,-,,ETC,neon,0,1,その他,その他
2020-12-03,COWCAT,Riddled Corpses EX,-,,ETC,COWCAT,0,1,その他,その他
2020-12-03,Humble Games,Wildfire,-,,ETC,Humble Games,0,1,その他,その他
2020-12-03,日本コロムビア,すみっコぐらし おへやのすみでたびきぶんすごろく,-,YES,ETC,日本コロムビア,4477_0m_2174,1,その他,その他
2020-12-03,TAKUYO,ひめひび 続!二学期 -New Princess Days!!-,-,,ETC,TAKUYO,0,1,その他,その他
2020-12-03,アンバランス,みんなの詰将棋 入門編,-,,ETC,アンバランス,0,1,その他,その他
2020-12-03,ユービーアイソフト,イモータルズ フィニクス ライジング（英語版）,34,YES,AADV,ユービーアイソフト,0,1,アクションアドベンチャー,その他
2020-12-03,ケムコ,クリスタルオーサ,-,,ETC,ケムコ,0,1,その他,その他
2020-12-03,イントラゲームズ,スカージブリンガー,-,,ETC,イントラゲームズ,0,1,その他,その他
2020-12-03,ゲームアディクト,ダービースタリオン,32,YES,SPT,ゲームアディクト,4394_0m_2125,1,競走馬育成シミュレーション,その他
2020-12-03,Forever Entertainment,テニス オープン 2020,-,,ETC,Forever Entertainment,0,1,その他,その他
2020-12-03,Forever Entertainment,ドットボーイ,-,,ETC,Forever Entertainment,0,1,その他,その他
2020-12-03,ラタライカゲームス,パウ・ザ・レジスタンス,-,,ETC,ラタライカゲームス,0,1,その他,その他
2020-12-03,Tru Blu Games（英語版）,ファーラップ うまレースチャレンジ,-,,ETC,Tru Blu Games（英語版）,0,1,その他,その他
2020-12-03,Forever Entertainment,マスクドチェーンダンス,-,,ETC,Forever Entertainment,0,1,その他,その他
2020-12-03,Forever Entertainment,ミスターブラスター,-,,ETC,Forever Entertainment,0,1,その他,その他
2020-12-03,Forever Entertainment,ミリーのメイズ,-,,ETC,Forever Entertainment,0,1,その他,その他
2020-12-03,Forever Entertainment,ミリーのモンスターメイズ,-,,ETC,Forever Entertainment,0,1,その他,その他
2020-12-03,コーエーテクモゲームス,ライザのアトリエ2 〜失われた伝承と秘密の妖精〜,33,YES,RPG,コーエーテクモゲームス,4493_0m_2190,1,錬金術RPG,その他
2020-12-03,3goo,リマザード ダブルパック（英語版）,-,YES,ETC,3goo,0,1,その他,その他
2020-12-03,スパイク・チュンソフト,不思議のダンジョン 風来のシレン5plus フォーチュンタワーと運命のダイス,-,YES,ETC,スパイク・チュンソフト,0,1,その他,その他
2020-12-03,カイロソフト,夢おこし商店街,-,,ETC,カイロソフト,0,1,その他,その他
2020-12-03,Forever Entertainment,泥棒シミュレーター（英語版）,-,,ETC,Forever Entertainment,0,1,その他,その他
2020-12-03,Vagabond Dog,犬のゴルフ,-,,ETC,Vagabond Dog,0,1,その他,その他
2020-12-03,Coatsink Software,犬犬（英語版）,-,,ETC,Coatsink Software,0,1,その他,その他
2020-12-08,ベセスダ・ソフトワークス,DOOM Eternal,34,,FPS,ベセスダ・ソフトワークス,0,1,FPS,その他
2020-12-08,Team17,Monster Sanctuary,32,,RPG,Team17,0,1,RPG,その他
2020-12-08,505 Games,ドローン トゥ ライフ 〜 2つの王国 〜,-,,ETC,505 Games,0,1,その他,その他
2020-12-10,THQ Nordic ジャパン,Chicken Police - Paint it RED!,-,,ETC,THQ Nordic ジャパン,0,1,その他,その他
2020-12-10,Village Bench,Killer Chambers,-,,ETC,Village Bench,0,1,その他,その他
2020-12-10,キュー・ゲームス,PixelJunk Eden 2,-,,ETC,キュー・ゲームス,0,1,その他,その他
2020-12-10,OnSkull Development,The Experiment: Escape Room,-,,ETC,OnSkull Development,0,1,その他,その他
2020-12-10,TAKUYO,ひめひび Another Princess Days 〜White or Black〜,-,YES,ETC,TAKUYO,0,1,その他,その他
2020-12-10,セガ,ぷよぷよテトリス2,34,YES,ACT,セガ,4490_0m_2187,1,アクションパズル,その他
2020-12-10,eastasiasoft,ストーリー・テール,-,,ETC,eastasiasoft,0,1,その他,その他
2020-12-10,トローゼ,デモングハンター,-,,ETC,トローゼ,0,1,その他,その他
2020-12-10,アクアプラス,ドカポンUP! 夢幻のルーレット,-,YES,ETC,アクアプラス,0,1,その他,その他
2020-12-10,Ripples,ネクソモン:絶滅,-,,ETC,Ripples,0,1,その他,その他
2020-12-10,コーエーテクモゲームス,三國志14 with パワーアップキット,33,YES,SLG,コーエーテクモゲームス,4491_0m_2188,1,歴史シミュレーション,その他
2020-12-10,PLiCy,探光エスパシオ,-,,ETC,PLiCy,0,1,その他,その他
2020-12-10,ジェムドロップ,狼と香辛料VR2,-,,ETC,ジェムドロップ,0,1,その他,その他
2020-12-15,スクウェア・エニックス,Sa・Ga COLLECTION,-,,ETC,スクウェア・エニックス,0,1,その他,その他
2020-12-16,Innersloth,Among Us,-,,ETC,Innersloth,0,1,その他,その他
2020-12-16,Distractionware（英語版）,Dicey Dungeons（英語版）,32,,TBL,Distractionware（英語版）,0,1,ボードゲーム,その他
2020-12-16,コーラス・ワールドワイド,When The Past Was Around 過去といた頃,33,,ADV,コーラス・ワールドワイド,0,1,パズルアドベンチャー,その他
2020-12-17,Baltoro Games,Classic Games Collection Vol.1 - クラシックゲームコレクション1,-,,ETC,Baltoro Games,0,1,その他,その他
2020-12-17,RedDeerGames,Comic Coloring Book コミックの塗り絵,-,,ETC,RedDeerGames,0,1,その他,その他
2020-12-17,Artifex Mundi,Dark Arcana: カーニバル,-,,ETC,Artifex Mundi,0,1,その他,その他
2020-12-17,TERNOX,Dark Grim Mariupolis,-,,ETC,TERNOX,0,1,その他,その他
2020-12-17,レイアーク,DEEMO -Reborn-,32,,音,レイアーク,0,1,リズムアクション・アドベンチャー,その他
2020-12-17,WhisperGames,Gerrrms,-,,ETC,WhisperGames,0,1,その他,その他
2020-12-17,ピッキー,Jump King,-,YES,ETC,ピッキー,0,1,その他,その他
2020-12-17,RebellionInteract,Sniper Elite 4,-,YES,ETC,RebellionInteract,0,1,その他,その他
2020-12-17,Baltoro Games,Street Basketball - ストリートバスケットボール,-,,ETC,Baltoro Games,0,1,その他,その他
2020-12-17,Phoenixx,Touhou Luna Nights,31,,ACT,Phoenixx,0,1,探索アクション,その他
2020-12-17,クラウズ プレイカンパニー,おしゃべり!パズル チガタン 〜みんなで間違い探し〜,-,,ETC,クラウズ プレイカンパニー,0,1,その他,その他
2020-12-17,MAGES.,この素晴らしい世界に祝福を!-この欲深いゲームに審判を!-,30,,ADV,MAGES.,0,1,お返し裁判アドベンチャー,その他
2020-12-17,トリコル,みんなでカウンターファイト,-,,ETC,トリコル,0,1,その他,その他
2020-12-17,エンターグラム,りゅうおうのおしごと!,-,YES,ETC,エンターグラム,0,1,その他,その他
2020-12-17,Microids（英語版）,アガサ・クリスティ作 『ABC殺人事件』（英語版）,-,,ETC,Microids（英語版）,0,1,その他,その他
2020-12-17,フライハイワークス,アルワの遺産,-,,ETC,フライハイワークス,0,1,その他,その他
2020-12-17,JanduSoft,インディーカリプス,-,,ETC,JanduSoft,0,1,その他,その他
2020-12-17,レイニーフロッグ,スケッチブックレーシング,-,,ETC,レイニーフロッグ,0,1,その他,その他
2020-12-17,スターサイン,ダンジョノイド,-,,ETC,スターサイン,0,1,その他,その他
2020-12-17,EXNOA,チルドレン・オブ・モルタ 〜家族の絆の物語〜（英語版）,33,YES,ARPG,EXNOA,0,1,アクションRPG,その他
2020-12-17,オーイズミ・アミュージオ,テニス ワールドツアー 2,-,YES,ETC,オーイズミ・アミュージオ,0,1,その他,その他
2020-12-17,フリュー,ディープダイビング アドベンチャー,-,,ETC,フリュー,0,1,その他,その他
2020-12-17,SAT-BOX,バーチャルバトル,-,,ETC,SAT-BOX,0,1,その他,その他
2020-12-17,ShadowLair Games,ファズボール,-,,ETC,ShadowLair Games,0,1,その他,その他
2020-12-17,バンダイナムコエンターテインメント,ファミリートレーナー,-,YES,ETC,バンダイナムコエンターテインメント,0,1,その他,その他
2020-12-17,ラタライカゲームス,フレディスパゲッティ,-,,ETC,ラタライカゲームス,0,1,その他,その他
2020-12-17,Tru Blu Games,ラグビーチャレンジ4（英語版）,-,,ETC,Tru Blu Games,0,1,その他,その他
2020-12-17,ALL IN! GAMES,レッドウィングス:大空のエースたち,-,,ETC,ALL IN! GAMES,0,1,その他,その他
2020-12-17,eastasiasoft,ロスト・ウィング,-,,ETC,eastasiasoft,0,1,その他,その他
2020-12-17,ディースリー・パブリッシャー,密室のサクリファイス/ABYSS OF THE SACRIFICE,-,YES,ETC,ディースリー・パブリッシャー,0,1,その他,その他
2020-12-17,エンターグラム,幻想牢獄のカレイドスコープ,-,YES,ETC,エンターグラム,0,1,その他,その他
2020-12-17,カイロソフト,映画スタジオ物語,-,,ETC,カイロソフト,0,1,その他,その他
2020-12-17,Awesome Games,最恐ゾンビディフェンス HD,-,,ETC,Awesome Games,0,1,その他,その他
2020-12-17,レジスタ,猫様のお宿からの脱出,-,,ETC,レジスタ,0,1,その他,その他
2020-12-17,スタジオアートディンク,魔女の泉3 Re:Fine -人形魔女、『アイールディ』の物語-,-,YES,ETC,スタジオアートディンク,0,1,その他,その他
2020-12-22,CFK,ネコぱらVol.4 ネコとパティシエのノエル,-,,ETC,CFK,0,1,その他,その他
2020-12-24,Sprakelsoft,16-Bit Soccer,-,,ETC,Sprakelsoft,0,1,その他,その他
2020-12-24,RedDeerGames,Clumsy Rush 滑稽駆けっこ,-,,ETC,RedDeerGames,0,1,その他,その他
2020-12-24,アイディアファクトリー,Death end re;Quest,31,,RPG,アイディアファクトリー,0,1,RPG,その他
2020-12-24,COWCAT,Demon's Tier+,-,,ETC,COWCAT,0,1,その他,その他
2020-12-24,Ocean Media,Kaptain Brawe: A Brawe New World（英語版）,-,,ETC,Ocean Media,0,1,その他,その他
2020-12-24,Sometimes You,Mask of Mists,-,,ETC,Sometimes You,0,1,その他,その他
2020-12-24,TERNOX,Smart Moves,-,,ETC,TERNOX,0,1,その他,その他
2020-12-24,Game Source Entertainment,Vampyr -ヴァンパイア,-,YES,ETC,Game Source Entertainment,0,1,その他,その他
2020-12-24,TERNOX,Void Source,-,,ETC,TERNOX,0,1,その他,その他
2020-12-24,Monster Couch,WINGSPAN(ウイングスパン),-,,ETC,Monster Couch,0,1,その他,その他
2020-12-24,ディースリー・パブリッシャー,ま〜るい地球が四角くなった!? デジボク地球防衛軍 EARTH DEFENSE FORCE: WORLD BROTHERS,31,YES,ASHT,ディースリー・パブリッシャー,0,1,アクションシューティング,その他
2020-12-24,エムツー,アレスタコレクション,-,YES,ETC,エムツー,4559_0m_2255,1,その他,その他
2020-12-24,Shinyuden,キセツのキツネ（英語版）,-,,ETC,Shinyuden,0,1,その他,その他
2020-12-24,Ocean Media,キングダム・テイルズ,-,,ETC,Ocean Media,0,1,その他,その他
2020-12-24,マイティークラフト,スーパーリアル麻雀グラフィティ,-,,ETC,マイティークラフト,0,1,その他,その他
2020-12-24,レイニーフロッグ,ドラゴンズレア トリロジー,-,,ETC,レイニーフロッグ,0,1,その他,その他
2020-12-24,eastasiasoft,ドランク・フィスト,-,,ETC,eastasiasoft,0,1,その他,その他
2020-12-24,ドラス,パチスロ ユニバ王国＜A PROJECT＞,-,,ETC,ドラス,0,1,その他,その他
2020-12-24,Koch Media,レッツ・シング2021,-,,ETC,Koch Media,0,1,その他,その他
2020-12-24,CIRCLE Ent.,大征服者:ローマ,-,,ETC,CIRCLE Ent.,0,1,その他,その他
2020-12-24,フライハイワークス,秋田・男鹿ミステリー案内 凍える銀鈴花,30,,ADV,フライハイワークス,0,1,ミステリーアドベンチャー,その他
2020-12-24,SNK,餓狼伝説ファーストコンタクト,-,,ETC,SNK,0,1,その他,その他
2020-12-25,QubicGames,BIT.TRIP BEAT,-,,ETC,QubicGames,0,1,その他,その他
2020-12-25,QubicGames,BIT.TRIP CORE,-,,ETC,QubicGames,0,1,その他,その他
2020-12-25,QubicGames,BIT.TRIP FATE,-,,ETC,QubicGames,0,1,その他,その他
2020-12-25,QubicGames,BIT.TRIP FLUX,-,,ETC,QubicGames,0,1,その他,その他
2020-12-25,QubicGames,BIT.TRIP RUNNER,-,,ETC,QubicGames,0,1,その他,その他
2020-12-25,QubicGames,BIT.TRIP VOID,-,,ETC,QubicGames,0,1,その他,その他
2021-01-07,SimDevs,Area 86,-,,ETC,SimDevs,0,1,その他,その他
2021-01-07,Ocean Media,Kingdom Tales 2,-,,ETC,Ocean Media,0,1,その他,その他
2021-01-07,Baltoro Games,Klondike Solitaire - ソリティア,-,,ETC,Baltoro Games,0,1,その他,その他
2021-01-07,Shinyuden,RED COLONY,-,,ETC,Shinyuden,0,1,その他,その他
2021-01-07,Deck13（英語版）,Resolutiion,-,,ETC,Deck13（英語版）,0,1,その他,その他
2021-01-07,JKM Corp,Shadow Gangs,-,,ETC,JKM Corp,0,1,その他,その他
2021-01-07,Ocean Media,Zotrix Starglider,-,,ETC,Ocean Media,0,1,その他,その他
2021-01-07,賈船,コントラプションズ つくってあそべるカラクリそうち,-,,ETC,賈船,0,1,その他,その他
2021-01-07,テヨンジャパン,ダンジョンナイトメア 1+2 コレクション,-,,ETC,テヨンジャパン,0,1,その他,その他
2021-01-07,ケムコ,砂の国の宮廷鍛冶屋,30,,SLG,ケムコ,0,1,鍛冶屋経営RPG,その他
2021-01-14,Ocean Media,Brightstone Mysteries: Paranormal Hotel,-,,ETC,Ocean Media,0,1,その他,その他
2021-01-14,COWCAT,Demetrios - The BIG Cynical Adventure（英語版）,-,,ETC,COWCAT,0,1,その他,その他
2021-01-14,YAK,Down in Bermuda,-,,ETC,YAK,0,1,その他,その他
2021-01-14,OnSkull Development,Escape First,-,,ETC,OnSkull Development,0,1,その他,その他
2021-01-14,Ocean Media,Myths of Orion: Light from the North,-,,ETC,Ocean Media,0,1,その他,その他
2021-01-14,Nami Tentou,PING REDUX,-,,ETC,Nami Tentou,0,1,その他,その他
2021-01-14,Ocean Media,Red Crow Mysteries: Legion,-,,ETC,Ocean Media,0,1,その他,その他
2021-01-14,ユービーアイソフト,Scott Pilgrim vs. The World: The Game - Complete Edition,-,,ETC,ユービーアイソフト,0,1,その他,その他
2021-01-14,YFC Games,Tap Tap Legions,-,,ETC,YFC Games,0,1,その他,その他
2021-01-14,クラウンゲームス,クレイジーキャプチャー,-,,ETC,クラウンゲームス,0,1,その他,その他
2021-01-14,eastasiasoft,ピラー:パズル・エスケープ,-,,ETC,eastasiasoft,0,1,その他,その他
2021-01-14,Coconut Island Games,リズムファイター,-,,ETC,Coconut Island Games,0,1,その他,その他
2021-01-14,qureate,異世界酒場のセクステット 〜Vol.2 Adventurer's Days〜,-,,ETC,qureate,0,1,その他,その他
2021-01-15,Thunder Sparrow,Spinny's Journey,-,,ETC,Thunder Sparrow,0,1,その他,その他
2021-01-20,IO Interactive（英語版）,HITMAN 3 - Cloud Version,-,,ETC,IO Interactive（英語版）,0,1,その他,その他
2021-01-21,Artifex Mundi,Abyss: エデンの怒り,-,,ETC,Artifex Mundi,0,1,その他,その他
2021-01-21,Cyber Rhino Studios,Gryphon Knight Epic: Definitive Edition,-,,ETC,Cyber Rhino Studios,0,1,その他,その他
2021-01-21,YFC Games,Legend of Numbers 数字の伝説,-,,ETC,YFC Games,0,1,その他,その他
2021-01-21,メディアスケープ,Lily 白き百合の乙女たち S,30,,SRPG,メディアスケープ,0,1,シミュレーションRPG,その他
2021-01-21,GrosChevaux,Unspottable,-,,ETC,GrosChevaux,0,1,その他,その他
2021-01-21,ヒューネックス,エフェメラル -FANTASY ON DARK-,-,,ETC,ヒューネックス,0,1,その他,その他
2021-01-21,プロトタイプ,グリザイア ファントムトリガー 5.5,-,,ETC,プロトタイプ,0,1,その他,その他
2021-01-21,DMM GAMES/EXNOA,サムライジャック:時空の戦い（英語版）,32,YES,ARPG,DMM GAMES/EXNOA,0,1,アクションRPG,その他
2021-01-21,NAパブリッシング,サムライフォース:斬!,-,YES,ETC,NAパブリッシング,0,1,その他,その他
2021-01-21,Ocean Media,ドラゴンマウンテンストーリー2:隠れ家,-,,ETC,Ocean Media,0,1,その他,その他
2021-01-21,Ocean Media,ドラゴンマウンテンストーリー:ストリックス,-,,ETC,Ocean Media,0,1,その他,その他
2021-01-21,Tino Games,ネオバース Neoverse Trinity Edition,-,,ETC,Tino Games,0,1,その他,その他
2021-01-21,Turtle Cream,バウンシング・ヒーロー,-,,ETC,Turtle Cream,0,1,その他,その他
2021-01-21,エイチユーピーゲームズ,ファイナルソード Definitive Edition,-,,ETC,エイチユーピーゲームズ,0,1,その他,その他
2021-01-21,オーイズミ・アミュージオ,マイティー スイッチ フォース! コレクション（英語版）,-,,ETC,オーイズミ・アミュージオ,0,1,その他,その他
2021-01-21,Ocean Media,天使が泣くところ,-,,ETC,Ocean Media,0,1,その他,その他
2021-01-21,ボルテージ,恋人は公安刑事,-,,ETC,ボルテージ,0,1,その他,その他
2021-01-26,インティ・クリエイツ,サイバーシャドウ（英語版）,31,,ACT,インティ・クリエイツ,0,1,探索アクション,その他
2021-01-28,OnSkull Development,Escape 2088,-,,ETC,OnSkull Development,0,1,その他,その他
2021-01-28,Ocean Media,Farm Mystery: The Happy Orchard Nightmare,-,,ETC,Ocean Media,0,1,その他,その他
2021-01-28,H2 INTERACTIVE,Ghostrunner（英語版）,32,YES,ACT,H2 INTERACTIVE,0,1,SFパルクールアクション,その他
2021-01-28,Devolver Digital,Olija,30,,AADV,Devolver Digital,0,1,アクションアドベンチャー,その他
2021-01-28,スパイク・チュンソフト,Re:ゼロから始める異世界生活 偽りの王選候補,32,YES,ADV,スパイク・チュンソフト,0,1,タクティカルアドベンチャー,その他
2021-01-28,Akupara Games,Relic Hunters Zero: Remix,-,,ETC,Akupara Games,0,1,その他,その他
2021-01-28,Wildbus Studio,Strange Field Football,-,,ETC,Wildbus Studio,0,1,その他,その他
2021-01-28,Team Meat,Super Meat Boy Forever（英語版）,-,,ETC,Team Meat,0,1,その他,その他
2021-01-28,エンターグラム,うみねこのなく頃に咲 〜猫箱と夢想の交響曲〜,-,YES,ETC,エンターグラム,0,1,その他,その他
2021-01-28,インティ・クリエイツ,ぎゃる☆がん りたーんず,-,YES,ETC,インティ・クリエイツ,0,1,その他,その他
2021-01-28,ALPHAWING GAMES,ガチンコ★テニスS,-,,ETC,ALPHAWING GAMES,0,1,その他,その他
2021-01-28,フライハイワークス,ザ フレンズ オブ リンゴ イシカワ & アレスト オブ ア ストーン ブッダ,31,YES,AADV,フライハイワークス,0,1,アクションアドベンチャー,その他
2021-01-28,ケムコ,シチズンズ・ユナイト!:アース×スペース（英語版）,-,YES,ETC,ケムコ,0,1,その他,その他
2021-01-28,Lozange Lab,スウィム・アウト,-,,ETC,Lozange Lab,0,1,その他,その他
2021-01-28,WOWWOW Technology,スーパーミートボール,-,,ETC,WOWWOW Technology,0,1,その他,その他
2021-01-28,Grimorio of Games,ソード・オブ・ザ・ネクロマンサー,-,,ETC,Grimorio of Games,0,1,その他,その他
2021-01-28,レイニーフロッグ,ドットホラーストーリー 2,30,,ADV,レイニーフロッグ,0,1,サイコホラーアドベンチャー,その他
2021-01-28,レイニーフロッグ,ドットホラーストーリー ダブルパック,-,,ETC,レイニーフロッグ,0,1,その他,その他
2021-01-28,DMM GAMES/EXNOA,フェルシール:アービターズマーク,31,,SRPG,DMM GAMES/EXNOA,0,1,シミュレーションRPG,その他
2021-01-28,eastasiasoft,プロジェクト・スターシップ・エックス,-,,ETC,eastasiasoft,0,1,その他,その他
2021-01-28,クラウディッドレパードエンタテインメント,メルヘンフォーレスト,-,YES,ETC,クラウディッドレパードエンタテインメント,0,1,その他,その他
2021-01-28,Porcelain Fortress,リラックスしてらんない,-,,ETC,Porcelain Fortress,0,1,その他,その他
2021-01-28,Prison Games,ロイヤルタワーディフェンス,-,,ETC,Prison Games,0,1,その他,その他
2021-01-28,dramatic create/ヒューネックス,大正メビウスライン 大全,-,YES,ETC,dramatic create/ヒューネックス,0,1,その他,その他
2021-01-28,アネラゲームスタジオ,寿司パーティー,-,,ETC,アネラゲームスタジオ,0,1,その他,その他
2021-01-28,レジスタ,迷宮伝説,-,,ETC,レジスタ,0,1,その他,その他
2021-01-28,日本一ソフトウェア,魔界戦記ディスガイア6,33,YES,SRPG,日本一ソフトウェア,0,1,シミュレーションRPG,その他
2021-01-29,任天堂,バディミッション BOND,34,YES,ADV,任天堂,0,1,推理アドベンチャー,その他
2021-02-04,room6,7年後で待ってる,-,,ETC,room6,0,1,その他,その他
2021-02-04,YFC Games,Battle for Blood 血の戦い,-,,ETC,YFC Games,0,1,その他,その他
2021-02-04,PLiCy,Buddy Collection Extra -胡蝶荘の奇妙な五人-,-,,ETC,PLiCy,0,1,その他,その他
2021-02-04,The Game Bakers（英語版）,Haven（英語版）,31,,ARPG,The Game Bakers（英語版）,0,1,アクションRPG,その他
2021-02-04,Noodlecake,NUTS,-,,ETC,Noodlecake,0,1,その他,その他
2021-02-04,Sprakelsoft,Pacific Wings,-,,ETC,Sprakelsoft,0,1,その他,その他
2021-02-04,Awesome Games,"アイ,ゾンビ",-,,ETC,Awesome Games,0,1,その他,その他
2021-02-04,eastasiasoft,アントゥー・ジ・エンド,-,,ETC,eastasiasoft,0,1,その他,その他
2021-02-04,LLC KURENTER,ステルス,-,,ETC,LLC KURENTER,0,1,その他,その他
2021-02-04,レイニーフロッグ,スピーキングシミュレーター,-,,ETC,レイニーフロッグ,0,1,その他,その他
2021-02-04,テヨンジャパン,ダブルクロス（英語版）,30,,AADV,テヨンジャパン,0,1,アクションアドベンチャー,その他
2021-02-04,小学館,ドラえもん学習コレクション,-,YES,ETC,小学館,4716_0m_2413,1,その他,その他
2021-02-04,eastasiasoft,ハブロキシア 2,-,,ETC,eastasiasoft,0,1,その他,その他
2021-02-04,オトムラ,ハーヴェストグリーン,-,,ETC,オトムラ,0,1,その他,その他
2021-02-04,スターサイン,バーン! スーパートラック,-,,ETC,スターサイン,0,1,その他,その他
2021-02-04,Baltoro Games,ピザバー・タイクーン,-,,ETC,Baltoro Games,0,1,その他,その他
2021-02-04,カイロソフト,箱庭シティ鉄道,-,,ETC,カイロソフト,0,1,その他,その他
2021-02-04,ラタライカゲームス,貴方の仮面の外し方★リマスター版,-,,ETC,ラタライカゲームス,0,1,その他,その他
2021-02-10,Forever Entertainment,GREEN HELL（英語版）,-,,ETC,Forever Entertainment,0,1,その他,その他
2021-02-10,eastasiasoft,Super Meat Boy,31,,ACT,eastasiasoft,0,1,横スクロールアクション,その他
2021-02-10,オーイズミ・アミュージオ,エボランド:レジェンダリーコレクション（英語版）,-,,ETC,オーイズミ・アミュージオ,0,1,その他,その他
2021-02-10,レイニーフロッグ,サッカークラブライフ プレイングマネージャー,30,YES,SPT,レイニーフロッグ,0,1,サッカーシミュレーション,その他
2021-02-10,First Press Games,マインド・シーズ,-,,ETC,First Press Games,0,1,その他,その他
2021-02-10,バンダイナムコエンターテインメント,リトルナイトメア2,33,YES,ADV,バンダイナムコエンターテインメント,4688_0m_2385,1,サスペンスアドベンチャー,その他
2021-02-12,Vitei Backroom,Halloween Forever,-,,ETC,Vitei Backroom,0,1,その他,その他
2021-02-12,Noodlecake,サマー・キャッチャー,-,,ETC,Noodlecake,0,1,その他,その他
2021-02-12,任天堂,スーパーマリオ 3Dワールド + フューリーワールド,36,YES,ACT,任天堂,4482_0m_2179,1,3Dアクション,その他
2021-02-18,PM Studios,Iris.Fall,-,,ETC,PM Studios,0,1,その他,その他
2021-02-18,Momo-pi gamestudio,Persephone,-,,ETC,Momo-pi gamestudio,0,1,その他,その他
2021-02-18,SAT-BOX,みんなのラジコンGP,-,,ETC,SAT-BOX,0,1,その他,その他
2021-02-18,Three Legged Egg,アイミ,-,,ETC,Three Legged Egg,0,1,その他,その他
2021-02-18,ラタライカゲームス,アノダイン2:ダストへの帰還（英語版）,-,,ETC,ラタライカゲームス,0,1,その他,その他
2021-02-18,Plug In Digital,イリスと巨人（英語版）,-,,ETC,Plug In Digital,0,1,その他,その他
2021-02-18,カプコン,カプコンアーケードスタジアム,-,,ETC,カプコン,0,1,その他,その他
2021-02-18,Poly Poly Games,キューブクロス,-,,ETC,Poly Poly Games,0,1,その他,その他
2021-02-18,Funalter Games,クリージーオース,-,,ETC,Funalter Games,0,1,その他,その他
2021-02-18,Sekai Games,クレア,-,,ETC,Sekai Games,0,1,その他,その他
2021-02-18,AlignmentSharp,ケープ君の脱出ゲーム 2部屋目,-,,ETC,AlignmentSharp,0,1,その他,その他
2021-02-18,MAGES.,コープスパーティー ブラッドカバー リピーティッドフィアー,-,,ETC,MAGES.,0,1,その他,その他
2021-02-18,EpiXR,ザフライングトラベラー リトルバードアドベンチャー,-,,ETC,EpiXR,0,1,その他,その他
2021-02-18,PLAYISM,シルバー2425,31,YES,ADV,PLAYISM,0,1,アドベンチャー,その他
2021-02-18,コーラス・ワールドワイド,スピードリミット,-,,ETC,コーラス・ワールドワイド,0,1,その他,その他
2021-02-18,サクセス,ナンクロ1000! 日本語と英語,-,,ETC,サクセス,0,1,その他,その他
2021-02-18,eastasiasoft,パチ・パチ! ON・A・ROLL,-,,ETC,eastasiasoft,0,1,その他,その他
2021-02-18,イグニッション・エム,ラズベリーマッシュ,-,,ETC,イグニッション・エム,0,1,その他,その他
2021-02-18,eastasiasoft,ヴォイド・ゴア,-,,ETC,eastasiasoft,0,1,その他,その他
2021-02-18,レイニーフロッグ,世界崩壊の記憶,-,,ETC,レイニーフロッグ,0,1,その他,その他
2021-02-18,レジスタ,猫様の山小屋からの脱出,-,,ETC,レジスタ,0,1,その他,その他
2021-02-18,SNK,頂上決戦 最強ファイターズ SNK VS. CAPCOM,-,,ETC,SNK,0,1,その他,その他
2021-02-20,Blizzard Entertainment,Blizzard Arcade Collection,-,,ETC,Blizzard Entertainment,0,1,その他,その他
2021-02-23,Team17（英語版）,Rogue Heroes: テイソスの遺跡,32,,ARPG,Team17（英語版）,0,1,アクションRPG,その他
2021-02-25,Artifex Mundi,Demon Hunter: 明かされる真実,-,,ETC,Artifex Mundi,0,1,その他,その他
2021-02-25,OnSkull Development,Escape First 2,-,,ETC,OnSkull Development,0,1,その他,その他
2021-02-25,賈船,Forward to the Sky,-,YES,ETC,賈船,0,1,その他,その他
2021-02-25,tinyBuild Games（英語版）,Hellpoint（英語版）,-,,ETC,tinyBuild Games（英語版）,0,1,その他,その他
2021-02-25,Mografi,Jenny LeClue - Detectivu（英語版）,-,,ETC,Mografi,0,1,その他,その他
2021-02-25,THQ Nordic ジャパン,Little Big Workshop,-,,ETC,THQ Nordic ジャパン,0,1,その他,その他
2021-02-25,Focus Home Interactive（英語版）,Othercide（英語版）,-,,ETC,Focus Home Interactive（英語版）,0,1,その他,その他
2021-02-25,Focus Home Interactive,Shady Part of Me,-,,ETC,Focus Home Interactive,0,1,その他,その他
2021-02-25,ブロッコリー,うたの☆プリンスさまっ♪ Debut for Nintendo Switch,-,YES,ETC,ブロッコリー,0,1,その他,その他
2021-02-25,アンバランス,みんなの詰将棋 中級編1,-,,ETC,アンバランス,0,1,その他,その他
2021-02-25,eastasiasoft,イン・セレブレーション・オブ・バイオレンス,-,,ETC,eastasiasoft,0,1,その他,その他
2021-02-25,セガ,エンパイア・オブ・シン（英語版）,-,YES,ETC,セガ,0,1,その他,その他
2021-02-25,Gamera Game,クロッカ 〜時の旅人〜,-,,ETC,Gamera Game,0,1,その他,その他
2021-02-25,BEEP,コットン リブート!,30,YES,SHT,BEEP,0,1,魔女っ娘シューティング,その他
2021-02-25,ラタライカゲームス,サンダーフラッシュ,-,,ETC,ラタライカゲームス,0,1,その他,その他
2021-02-25,EpiXR,ザフライングトラベラー ジャーニービヨンドタイム,-,,ETC,EpiXR,0,1,その他,その他
2021-02-25,エンターグラム,ジンキ・リザレクション,-,YES,ETC,エンターグラム,0,1,その他,その他
2021-02-25,dramatic create/ヒューネックス,スチームプリズン,30,YES,ADV,dramatic create/ヒューネックス,0,1,世の中の不条理を糾す恋愛ADV,その他
2021-02-25,テヨンジャパン,スペースクルー,31,,SLG,テヨンジャパン,0,1,戦略シミュレーション,その他
2021-02-25,KONAMI,ソロモンプログラム,-,,ETC,KONAMI,0,1,その他,その他
2021-02-25,タイトー,ダライアス コズミックリベレーション,-,YES,ETC,タイトー,4699_0m_2396,1,その他,その他
2021-02-25,CFK,ドトリ,-,,ETC,CFK,0,1,その他,その他
2021-02-25,Red Limb Studio,ビート・ミー!,-,,ETC,Red Limb Studio,0,1,その他,その他
2021-02-25,ワーカービー,マイ・ラブリー・ドーター -My Lovely Daughter-,-,,ETC,ワーカービー,0,1,その他,その他
2021-02-25,PLAYISM,リーガルダンジョン,31,,ADV,PLAYISM,0,1,推理アドベンチャー,その他
2021-02-25,カプコン,帰ってきた魔界村,31,,ACT,カプコン,0,1,横スクロールアクション,その他
2021-02-25,マーベラス,牧場物語 オリーブタウンと希望の大地,-,YES,ETC,マーベラス,4695_0m_2392,1,その他,その他
2021-02-25,RedDeerGames,葉の下,-,,ETC,RedDeerGames,0,1,その他,その他
2021-02-25,エンターグラム,金色ラブリッチェ,-,YES,ETC,エンターグラム,0,1,その他,その他
2021-02-25,エンターグラム,金色ラブリッチェ-Golden Time-,-,YES,ETC,エンターグラム,0,1,その他,その他
2021-02-26,スクウェア・エニックス,ブレイブリーデフォルトII,36,YES,RPG,スクウェア・エニックス,4481_0m_2178,1,RPG,その他
2021-03-02,THQ Nordic ジャパン,Monster Jam Steel Titans 2（英語版）,-,,ETC,THQ Nordic ジャパン,0,1,その他,その他
2021-03-04,Emma Franklin,A Glider's Journey,-,,ETC,Emma Franklin,0,1,その他,その他
2021-03-04,eastasiasoft,Cave Bad,-,,ETC,eastasiasoft,0,1,その他,その他
2021-03-04,Focus Home Interactive,Curse of the Dead Gods,-,,ETC,Focus Home Interactive,0,1,その他,その他
2021-03-04,indienova,Duel on Board,-,,ETC,indienova,0,1,その他,その他
2021-03-04,4MB Interactive,Omvorm,-,,ETC,4MB Interactive,0,1,その他,その他
2021-03-04,Shinyuden,Reed Collection,-,,ETC,Shinyuden,0,1,その他,その他
2021-03-04,Quantic Dream,Sea of Solitude: The Director's Cut（英語版）,31,YES,AADV,Quantic Dream,0,1,アクションアドベンチャー,その他
2021-03-04,GODSPEED GAMES,Shaolin vs Wutang,-,,ETC,GODSPEED GAMES,0,1,その他,その他
2021-03-04,ボルテージ,あやかし恋廻り 暁の章・暮の章,-,,ETC,ボルテージ,0,1,その他,その他
2021-03-04,ジェムドロップ,ゆるキャン△ VIRTUAL CAMP 〜本栖湖編〜,-,,ETC,ジェムドロップ,0,1,その他,その他
2021-03-04,Sometimes You,アクティブ・ニューロンズ・スリー ワンダーズ・オブ・ザ・ワールド,-,,ETC,Sometimes You,0,1,その他,その他
2021-03-04,コーエーテクモゲームス,アルノサージュ〜生まれいずる星へ祈る詩〜 DX,-,YES,ETC,コーエーテクモゲームス,0,1,その他,その他
2021-03-04,トローゼ,カウンターリーコン ザ・ファーストミッション,-,,ETC,トローゼ,0,1,その他,その他
2021-03-04,Sometimes You,グラビー・ファイアー,-,,ETC,Sometimes You,0,1,その他,その他
2021-03-04,コーエーテクモゲームス,シェルノサージュ〜失われた星へ捧ぐ詩〜 DX,-,YES,ETC,コーエーテクモゲームス,0,1,その他,その他
2021-03-04,フライハイワークス,スーパーメットボーイ!,30,,ETC,フライハイワークス,0,1,カジュアル,その他
2021-03-04,Sometimes You,ダンジョンズ・アンド・ボムズ,-,,ETC,Sometimes You,0,1,その他,その他
2021-03-04,Coffee Stain（英語版）,ハントダウン（英語版）,31,YES,ASHT,Coffee Stain（英語版）,0,1,アクションシューティング,その他
2021-03-04,EpiXR,ライフオブフライ,-,,ETC,EpiXR,0,1,その他,その他
2021-03-04,pixel games,ラブロットどの,-,,ETC,pixel games,0,1,その他,その他
2021-03-04,ケムコ,ルインバース,-,,ETC,ケムコ,0,1,その他,その他
2021-03-04,eastasiasoft,事件ファイル:アニマトロニクス,-,,ETC,eastasiasoft,0,1,その他,その他
2021-03-05,Foreign Gnomes,Everhood,-,,ETC,Foreign Gnomes,0,1,その他,その他
2021-03-05,tinyBuild Games,Kill It With Fire,-,,ETC,tinyBuild Games,0,1,その他,その他
2021-03-10,エレクトロニック・アーツ,エーペックスレジェンズ,33,,MMO,エレクトロニック・アーツ,0,1,オンラインFPS,その他
2021-03-11,M2H,Crash Drive 2,-,,ETC,M2H,0,1,その他,その他
2021-03-11,Super Villain Games,Doug Hates His Job,-,,ETC,Super Villain Games,0,1,その他,その他
2021-03-11,Assemble Entertainment,Shakes on a Plane,-,,ETC,Assemble Entertainment,0,1,その他,その他
2021-03-11,Badri Bebua,The True,-,,ETC,Badri Bebua,0,1,その他,その他
2021-03-11,Pix Arts,Top Gun Air Combat,-,,ETC,Pix Arts,0,1,その他,その他
2021-03-11,Forever Entertainment,TOWAGA -深淵の影-,-,,ETC,Forever Entertainment,0,1,その他,その他
2021-03-11,eastasiasoft,りっく☆じあ〜す サイバーパニック!,-,,ETC,eastasiasoft,0,1,その他,その他
2021-03-11,PQube,ウォーボーン,-,,ETC,PQube,0,1,その他,その他
2021-03-11,Forever Entertainment,クッキングシミュレーター,-,,ETC,Forever Entertainment,0,1,その他,その他
2021-03-11,eastasiasoft,スパルタン・フィスト,-,,ETC,eastasiasoft,0,1,その他,その他
2021-03-11,EpiXR,タンキータンクス,-,,ETC,EpiXR,0,1,その他,その他
2021-03-11,イントラゲームズ,ティルトパック:グルグル大祭り,-,,ETC,イントラゲームズ,0,1,その他,その他
2021-03-11,Baltoro Games,パンケーキ・バー・タイクーン,-,,ETC,Baltoro Games,0,1,その他,その他
2021-03-11,DigiPen Game Studios,ブラッディ バニー ザ ゲーム,-,,ETC,DigiPen Game Studios,0,1,その他,その他
2021-03-11,Teatime Holdings,リロード不要ヒーローズ 強化エディション,-,,ETC,Teatime Holdings,0,1,その他,その他
2021-03-11,No Gravity Games,助っ人ボブ,-,,ETC,No Gravity Games,0,1,その他,その他
2021-03-12,アートディンク,A列車で行こう はじまる観光計画,32,YES,SLG,アートディンク,0,1,都市開発鉄道シミュレーション,その他
2021-03-12,Activision,クラッシュ・バンディクー4 とんでもマルチバース,-,YES,ETC,Activision,0,1,その他,その他
2021-03-12,QubicGames,ジャンピングジョー & フレンズ,-,,ETC,QubicGames,0,1,その他,その他
2021-03-16,THQ Nordic ジャパン,Kingdoms of Amalur: Re-Reckoning（英語版）,-,,ETC,THQ Nordic ジャパン,0,1,その他,その他
2021-03-18,Terrible Posture Games,3 out of 10: Season One,-,,ETC,Terrible Posture Games,0,1,その他,その他
2021-03-18,Pix Arts,Ace Strike,-,,ETC,Pix Arts,0,1,その他,その他
2021-03-18,Prison Games,Among Pipes,-,,ETC,Prison Games,0,1,その他,その他
2021-03-18,Pix Arts,Arcanoid Breakout,-,,ETC,Pix Arts,0,1,その他,その他
2021-03-18,Game Source Entertainment,Disjunction - ディスジャンクション,31,,ARPG,Game Source Entertainment,0,1,ステルスアクションRPG,その他
2021-03-18,Daedalic Entertainment（英語版）,Edna & Harvey: Harvey's New Eyes（英語版）,-,,ETC,Daedalic Entertainment（英語版）,0,1,その他,その他
2021-03-18,Daedalic Entertainment,Felix The Reaper,-,,ETC,Daedalic Entertainment,0,1,その他,その他
2021-03-18,Big Blue Bubble,Foregone,-,,ETC,Big Blue Bubble,0,1,その他,その他
2021-03-18,Forever Entertainment,FRONTLINE ZED,-,,ETC,Forever Entertainment,0,1,その他,その他
2021-03-18,Prison Games,Gangsta Paradise,-,,ETC,Prison Games,0,1,その他,その他
2021-03-18,Rami Bukhari,Gun Skaters,-,,ETC,Rami Bukhari,0,1,その他,その他
2021-03-18,ディースリー・パブリッシャー,MAGLAM LORD/マグラムロード,31,YES,ARPG,ディースリー・パブリッシャー,0,1,魔剣創造アクションRPG,その他
2021-03-18,SNK,NEOGEO POCKET COLOR SELECTION Vol.1,-,,ETC,SNK,0,1,その他,その他
2021-03-18,Pix Arts,Olympic Boxing,-,,ETC,Pix Arts,0,1,その他,その他
2021-03-18,MLBAM（英語版）,R.B.I. Baseball 21,-,,ETC,MLBAM（英語版）,0,1,その他,その他
2021-03-18,The Quantum Astrophysicists Guild,Space Otter Charlie,-,,ETC,The Quantum Astrophysicists Guild,0,1,その他,その他
2021-03-18,Daedalic Entertainment,The Dark Eye: Memoria（英語版）,-,,ETC,Daedalic Entertainment,0,1,その他,その他
2021-03-18,Alcyone Studio,Unblock Brick,-,,ETC,Alcyone Studio,0,1,その他,その他
2021-03-18,Pix Arts,Urban Street Fighting,-,,ETC,Pix Arts,0,1,その他,その他
2021-03-18,サクセス,うチューしんしゅチュー,-,,ETC,サクセス,0,1,その他,その他
2021-03-18,Aiming,キャラバンストーリーズ,-,,ETC,Aiming,0,1,その他,その他
2021-03-18,Forever Entertainment,クローズドアイ,-,,ETC,Forever Entertainment,0,1,その他,その他
2021-03-18,eastasiasoft,クロールコ・ブロック・ノッカーズ!,-,,ETC,eastasiasoft,0,1,その他,その他
2021-03-18,スティング,グロリア・ユニオン -Twin fates in blue ocean- FHD EDITION,-,,ETC,スティング,0,1,その他,その他
2021-03-18,Funbox Media,サンタのクリスマスアドベンチャー,-,,ETC,Funbox Media,0,1,その他,その他
2021-03-18,Forever Entertainment,ショパンの復活3,-,,ETC,Forever Entertainment,0,1,その他,その他
2021-03-18,ブロッコリー,ジャックジャンヌ,36,YES,SLG,ブロッコリー,0,1,少年歌劇シミュレーション,その他
2021-03-18,トローゼ,ダークウォーター スライム・インベーダー,-,,ETC,トローゼ,0,1,その他,その他
2021-03-18,Forever Entertainment,テディの冒険 ハイキングに行こう!,-,,ETC,Forever Entertainment,0,1,その他,その他
2021-03-18,King Bird Games,ディギードッグ 2,-,,ETC,King Bird Games,0,1,その他,その他
2021-03-18,テヨンジャパン,ナインモンキー 功夫の秘儀（英語版）,-,,ETC,テヨンジャパン,0,1,その他,その他
2021-03-18,サンソフト,ハウスクリーニングサバイバル,-,,ETC,サンソフト,0,1,その他,その他
2021-03-18,ピグミースタジオ,モンケンクラッシャー,-,,ETC,ピグミースタジオ,0,1,その他,その他
2021-03-18,Digerati,ヴァーレットスイング-非常に速く進む,-,,ETC,Digerati,0,1,その他,その他
2021-03-18,Sometimes You,光の中で,-,,ETC,Sometimes You,0,1,その他,その他
2021-03-18,クリプトン・フューチャー・メディア,初音ミク ロジックペイントS,-,,ETC,クリプトン・フューチャー・メディア,0,1,その他,その他
2021-03-18,レジスタ,猫様の車窓からの脱出,-,,ETC,レジスタ,0,1,その他,その他
2021-03-18,qureate,異世界酒場のセクステット 〜Vol.3 Postlude Days〜,-,,ETC,qureate,0,1,その他,その他
2021-03-18,日本一ソフトウェア,英雄伝説 閃の軌跡IV -THE END OF SAGA-,-,YES,ETC,日本一ソフトウェア,0,1,その他,その他
2021-03-18,スクウェア・エニックス,電車でGO!! はしろう山手線,-,YES,ETC,スクウェア・エニックス,4741_0m_2438,1,その他,その他
2021-03-19,Pixel Maniacs,Can't Drive This,-,,ETC,Pixel Maniacs,0,1,その他,その他
2021-03-19,エレクトロニック・アーツ,Plants vs. Zombies: ネイバービルの戦い コンプリート・エディション（英語版）,-,,ETC,エレクトロニック・アーツ,0,1,その他,その他
2021-03-19,ジー・モード,みんなで空気読み。3,-,,ETC,ジー・モード,0,1,その他,その他
2021-03-19,QubicGames,アカネ,-,,ETC,QubicGames,0,1,その他,その他
2021-03-22,Fatbot Games,Vaporum: Lockdown,-,,ETC,Fatbot Games,0,1,その他,その他
2021-03-23,Team17,Overcooked - オーバークック 王国のフルコース,-,YES,ETC,Team17,0,1,その他,その他
2021-03-24,テイクツー・インタラクティブ・ジャパン,テイルズ・フロム・ザ・ボーダーランズ（英語版）,-,,ETC,テイクツー・インタラクティブ・ジャパン,0,1,その他,その他
2021-03-25,Daedalic Entertainment,AER - Memories of Old,-,,ETC,Daedalic Entertainment,0,1,その他,その他
2021-03-25,Hanaji Games,Barrage Fantasia,-,,ETC,Hanaji Games,0,1,その他,その他
2021-03-25,Warcave,Black Legend,-,,ETC,Warcave,0,1,その他,その他
2021-03-25,PM Studios,Bladed Fury,-,,ETC,PM Studios,0,1,その他,その他
2021-03-25,Artax Games,BodyQuest - ボディークエスト,-,,ETC,Artax Games,0,1,その他,その他
2021-03-25,Feardemic,DARQ: Complete Edition,-,,ETC,Feardemic,0,1,その他,その他
2021-03-25,Daedalic Entertainment,Edna & Harvey: The Breakout - Anniversary Edition（英語版）,-,,ETC,Daedalic Entertainment,0,1,その他,その他
2021-03-25,Klabater,From Shadows,-,,ETC,Klabater,0,1,その他,その他
2021-03-25,Redstart,Get-A-Grip Chip,-,,ETC,Redstart,0,1,その他,その他
2021-03-25,Pix Arts,Golf Royale,-,,ETC,Pix Arts,0,1,その他,その他
2021-03-25,Pix Arts,Jumping Stack Ball,-,,ETC,Pix Arts,0,1,その他,その他
2021-03-25,Badri Bebua,Laws of Machine,-,,ETC,Badri Bebua,0,1,その他,その他
2021-03-25,アイディアファクトリー,LoverPretend,31,YES,ADV,アイディアファクトリー,0,1,女性向け恋愛アドベンチャー,その他
2021-03-25,CFK,MazM: オペラ座の怪人,-,,ETC,CFK,0,1,その他,その他
2021-03-25,eastasiasoft,My Hidden Things,-,,ETC,eastasiasoft,0,1,その他,その他
2021-03-25,Phoenixx,My Memory of Us 〜ちいさなオリーブの花たち〜,-,,ETC,Phoenixx,0,1,その他,その他
2021-03-25,Lozange Lab,Rip Them Off,-,,ETC,Lozange Lab,0,1,その他,その他
2021-03-25,Daedalic Entertainment,The Dark Eye: Chains of Satinav（英語版）,-,,ETC,Daedalic Entertainment,0,1,その他,その他
2021-03-25,Four Fats,Toon Shooters 2: The Freelancers,-,,ETC,Four Fats,0,1,その他,その他
2021-03-25,ORENDA,YesterMorrow（英語版）,-,,ETC,ORENDA,0,1,その他,その他
2021-03-25,NAパブリッシング,みんなのおしゃべりチャット,-,,ETC,NAパブリッシング,0,1,その他,その他
2021-03-25,アンバランス,みんなの詰将棋 中級編2,-,,ETC,アンバランス,0,1,その他,その他
2021-03-25,エンターグラム,アイキス2,-,YES,ETC,エンターグラム,0,1,その他,その他
2021-03-25,EpiXR,ザフライングトラベラー ブロークンメモリーズ,-,,ETC,EpiXR,0,1,その他,その他
2021-03-25,Playchemy,スペース・ウォー・アリーナ,-,,ETC,Playchemy,0,1,その他,その他
2021-03-25,dramatic create/ヒューネックス,ファタモルガーナの館 -DREAMS OF THE REVENANTS EDITION-,-,YES,ETC,dramatic create/ヒューネックス,0,1,その他,その他
2021-03-25,フリュー,フィッシング ファイターズ,-,,ETC,フリュー,0,1,その他,その他
2021-03-25,Cliax Games,ペーパーボールデラックス,-,,ETC,Cliax Games,0,1,その他,その他
2021-03-25,MAGES.,メモリーズオフ ヒストリア 上巻,-,YES,ETC,MAGES.,0,1,その他,その他
2021-03-25,MAGES.,メモリーズオフ ヒストリア 下巻,-,YES,ETC,MAGES.,0,1,その他,その他
2021-03-25,ラタライカゲームス,ワン・エスケープ 俺の脱獄作戦,-,,ETC,ラタライカゲームス,0,1,その他,その他
2021-03-25,MAGES.,五等分の花嫁∬ 〜夏の思い出も五等分〜,-,YES,ETC,MAGES.,0,1,その他,その他
2021-03-25,ボルテージ,偽りの君とスキャンダル,-,,ETC,ボルテージ,0,1,その他,その他
2021-03-25,dramatic create/ヒューネックス,時計仕掛けのレイライン -陽炎に彷徨う魔女-,-,YES,ETC,dramatic create/ヒューネックス,0,1,その他,その他
2021-03-25,カイロソフト,発見どうぶつ公園,-,,ETC,カイロソフト,0,1,その他,その他
2021-03-25,カイロソフト,開店デパート日記2,-,,ETC,カイロソフト,0,1,その他,その他
2021-03-25,シルバースタージャパン,香川愛生とふたりで将棋,-,YES,ETC,シルバースタージャパン,0,1,その他,その他
2021-03-26,THQ Nordic ジャパン,El Hijo - A Wild West Tale,-,,ETC,THQ Nordic ジャパン,0,1,その他,その他
2021-03-26,Fellow Traveller,Genesis Noir（英語版）,30,,ADV,Fellow Traveller,0,1,パズルアドベンチャー,その他
2021-03-26,スクウェア・エニックス,バランワンダーワールド,30,YES,ACT,スクウェア・エニックス,0,1,ワンダーアクション,その他
2021-03-26,カプコン,モンスターハンターライズ,38,YES,ACT,カプコン,4480_0m_2177,1,ハンティングアクション,その他
2021-03-30,Team17,Narita Boy,31,,AADV,Team17,0,1,アクションアドベンチャー,その他
2021-04-01,4MB Interactive,BallzOut,-,,ETC,4MB Interactive,0,1,その他,その他
2021-04-01,IndieRevo,Brick Bat Crazy,-,,ETC,IndieRevo,0,1,その他,その他
2021-04-01,Daedalic Entertainment,Deponia Doomsday（英語版）,-,,ETC,Daedalic Entertainment,0,1,その他,その他
2021-04-01,Daedalic Entertainment,Deponia（英語版）,-,,ETC,Daedalic Entertainment,0,1,その他,その他
2021-04-01,アリカ,FIGHTING EX LAYER -ANOTHER DASH-,-,,ETC,アリカ,0,1,その他,その他
2021-04-01,ハイブリッド・スクアード,Give It Up! Bouncy がんばれーラビ!（英語版）,-,,ETC,ハイブリッド・スクアード,0,1,その他,その他
2021-04-01,Higgs Games,Moorhuhn Kart 2（英語版）,-,,ETC,Higgs Games,0,1,その他,その他
2021-04-01,eastasiasoft,Squad Killer,-,,ETC,eastasiasoft,0,1,その他,その他
2021-04-01,Asylum Square Interactive,お子様向けのアビーの農場,-,,ETC,Asylum Square Interactive,0,1,その他,その他
2021-04-01,ケムコ,アスディバインクロス,-,,ETC,ケムコ,0,1,その他,その他
2021-04-01,Digital Legends,アフターパルス,-,,ETC,Digital Legends,0,1,その他,その他
2021-04-01,レオフル,イトルデュー,-,,ETC,レオフル,0,1,その他,その他
2021-04-01,Digital Crafter,ダンジョンとパズル,-,,ETC,Digital Crafter,0,1,その他,その他
2021-04-01,オーイズミ・アミュージオ,ドライブ バイ,-,,ETC,オーイズミ・アミュージオ,0,1,その他,その他
2021-04-01,Sometimes You,ライフインクからの脱出,-,,ETC,Sometimes You,0,1,その他,その他
2021-04-01,eastasiasoft,ローファイ・ピンポン,-,,ETC,eastasiasoft,0,1,その他,その他
2021-04-01,Landfall Games,棒人間ファイト:ザ・ゲーム,-,,ETC,Landfall Games,0,1,その他,その他
2021-04-01,Kistler Benjamin,私の小さなアイスクリームブース,-,,ETC,Kistler Benjamin,0,1,その他,その他
2021-04-01,シルバースタージャパン,謎解きメール2,-,,ETC,シルバースタージャパン,0,1,その他,その他
2021-04-02,Hook Games,Sudoky 数独,-,,ETC,Hook Games,0,1,その他,その他
2021-04-08,Sprakelsoft,Airfield Mania,-,,ETC,Sprakelsoft,0,1,その他,その他
2021-04-08,Sprakelsoft,Birds and Blocks,-,,ETC,Sprakelsoft,0,1,その他,その他
2021-04-08,HypeTrain Digital,Breathedge,-,,ETC,HypeTrain Digital,0,1,その他,その他
2021-04-08,Pix Arts,Bubble Bubble Ocean,-,,ETC,Pix Arts,0,1,その他,その他
2021-04-08,Pix Arts,Candy Match Kiddies,-,,ETC,Pix Arts,0,1,その他,その他
2021-04-08,The Quantum Astrophysicists Guild,Cozy Grove,-,,ETC,The Quantum Astrophysicists Guild,0,1,その他,その他
2021-04-08,Sprakelsoft,Croc's World Run,-,,ETC,Sprakelsoft,0,1,その他,その他
2021-04-08,eastasiasoft,Delicious! Pretty Girls Mahjong Solitaire,-,,ETC,eastasiasoft,0,1,その他,その他
2021-04-08,Nakana.io,EQQO,-,,ETC,Nakana.io,0,1,その他,その他
2021-04-08,Pix Arts,Fly The Bird,-,,ETC,Pix Arts,0,1,その他,その他
2021-04-08,Daedalic Entertainment,Goodbye Deponia（英語版）,-,,ETC,Daedalic Entertainment,0,1,その他,その他
2021-04-08,プロトタイプ,ISLAND,32,YES,ETC,プロトタイプ,0,1,せつなとえいえんのおとぎばなし,その他
2021-04-08,日本一ソフトウェア,Maiden & Spell,30,,ASHT,日本一ソフトウェア,0,1,弾幕シューティング,その他
2021-04-08,THQ Nordic ジャパン,MX vs ATV All Out（英語版）,-,,ETC,THQ Nordic ジャパン,0,1,その他,その他
2021-04-08,バンダイナムコエンターテインメント,PAC-MAN 99,-,,ETC,バンダイナムコエンターテインメント,0,1,その他,その他
2021-04-08,Daedalic Entertainment,Silence（英語版）,-,,ETC,Daedalic Entertainment,0,1,その他,その他
2021-04-08,Artifex Mundi,Skyland: 山に眠る巨人,-,,ETC,Artifex Mundi,0,1,その他,その他
2021-04-08,アークシステムワークス,Songbird Symphony 〜ソングバードシンフォニー 羽ばたくメロディー〜,-,,ETC,アークシステムワークス,0,1,その他,その他
2021-04-08,Herringbone Games,Stacks On Stacks (On Stacks),-,,ETC,Herringbone Games,0,1,その他,その他
2021-04-08,Actoon Studio,Wind Peaks,-,,ETC,Actoon Studio,0,1,その他,その他
2021-04-08,ジェムドロップ,ゆるキャン△ VIRTUAL CAMP 〜麓キャンプ場編〜,-,,ETC,ジェムドロップ,0,1,その他,その他
2021-04-08,No Gravity Games,グラヴィティア,-,,ETC,No Gravity Games,0,1,その他,その他
2021-04-08,Gamuzumi,タリアの伝説 女騎士アルカディア,-,,ETC,Gamuzumi,0,1,その他,その他
2021-04-08,EpiXR,マイスモールドッグアドベンチャー,-,,ETC,EpiXR,0,1,その他,その他
2021-04-08,バンダイナムコエンターテインメント,太鼓の達人 どんとかつの時空大冒険,-,,ETC,バンダイナムコエンターテインメント,0,1,その他,その他
2021-04-08,バンダイナムコエンターテインメント,太鼓の達人 ドコドン!ミステリーアドベンチャー,-,,ETC,バンダイナムコエンターテインメント,0,1,その他,その他
2021-04-08,シルバースタージャパン,本格AI搭載テーブルゲームス〜テキサスホールデムポーカー・麻雀・チェス・大富豪〜,-,YES,ETC,シルバースタージャパン,0,1,その他,その他
2021-04-09,Hook Games,Gradiently 勾配,-,,ETC,Hook Games,0,1,その他,その他
2021-04-09,Thunderful（英語版）,Say No! More,-,,ETC,Thunderful（英語版）,0,1,その他,その他
2021-04-14,Chainsawesome,Knight Squad 2,-,,ETC,Chainsawesome,0,1,その他,その他
2021-04-15,Pix Arts,Checkers Master,-,,ETC,Pix Arts,0,1,その他,その他
2021-04-15,Croix Apps,Get Ogre It,-,,ETC,Croix Apps,0,1,その他,その他
2021-04-15,Freedom Games,Godstrike,-,,ETC,Freedom Games,0,1,その他,その他
2021-04-15,Beep,Nine Witches: 家族騒動,-,,ETC,Beep,0,1,その他,その他
2021-04-15,TERNOX,ReactorX,-,,ETC,TERNOX,0,1,その他,その他
2021-04-15,Koch Media（英語版）,Relicta,-,,ETC,Koch Media（英語版）,0,1,その他,その他
2021-04-15,Hook Games,Shikaku Shapes,-,,ETC,Hook Games,0,1,その他,その他
2021-04-15,Polygoat,Stitchy in Tooki Trouble,-,,ETC,Polygoat,0,1,その他,その他
2021-04-15,Pix Arts,Sudoku Master,-,,ETC,Pix Arts,0,1,その他,その他
2021-04-15,コーエーテクモゲームス,Winning Post 9 2021,-,YES,ETC,コーエーテクモゲームス,0,1,その他,その他
2021-04-15,レジスタ,アトリエ喫茶ふらっとからの脱出,-,,ETC,レジスタ,0,1,その他,その他
2021-04-15,Sometimes You,イソーローマズ,-,,ETC,Sometimes You,0,1,その他,その他
2021-04-15,EpiXR,エアバウンス,-,,ETC,EpiXR,0,1,その他,その他
2021-04-15,eastasiasoft,キングダム・オブ・アルカディア,-,,ETC,eastasiasoft,0,1,その他,その他
2021-04-15,3goo,ギア・クラブ アンリミテッド2 アルティメットエディション（英語版）,-,YES,ETC,3goo,0,1,その他,その他
2021-04-15,スクウェア・エニックス,サガ フロンティア リマスター,-,,ETC,スクウェア・エニックス,0,1,その他,その他
2021-04-15,トムクリエイト,ポイポイ!どうぶつパーク,-,,ETC,トムクリエイト,0,1,その他,その他
2021-04-15,レイニーフロッグ,マルくんの旅 〜出会いと別れの物語〜,30,,ACT,レイニーフロッグ,0,1,アクション,その他
2021-04-15,デジマース,ミアステール 〜デズニフの遺跡〜,-,,ETC,デジマース,0,1,その他,その他
2021-04-15,Unbound Creations,レインパレード:イタズラ雲の冒険!,31,,SLG,Unbound Creations,0,1,シミュレーション,その他
2021-04-15,qureate,廃深,-,,ETC,qureate,0,1,その他,その他
2021-04-15,メディアスケープ,迷宮経営SLG -ZombieVital DG-,-,,ETC,メディアスケープ,0,1,その他,その他
2021-04-16,Hook Games,Kakuro Magic,-,,ETC,Hook Games,0,1,その他,その他
2021-04-22,バンダイナムコエンターテインメント,-右脳の達人- まちがいさがしミュージアム for Nintendo Switch,-,YES,ETC,バンダイナムコエンターテインメント,0,1,その他,その他
2021-04-22,Pix Arts,Archery Blast,-,,ETC,Pix Arts,0,1,その他,その他
2021-04-22,Lululu Entertainment,Bamerang,-,,ETC,Lululu Entertainment,0,1,その他,その他
2021-04-22,Merge Games,Buildings Have Feelings Too!,-,,ETC,Merge Games,0,1,その他,その他
2021-04-22,Prison Games,Colorfall,-,,ETC,Prison Games,0,1,その他,その他
2021-04-22,Klabater,Effie,-,,ETC,Klabater,0,1,その他,その他
2021-04-22,Plug In Digital,Flipon,-,,ETC,Plug In Digital,0,1,その他,その他
2021-04-22,Nacon（英語版）,Hunting Simulator 2,-,,ETC,Nacon（英語版）,0,1,その他,その他
2021-04-22,Artax Games,MathLand - マスランド,-,,ETC,Artax Games,0,1,その他,その他
2021-04-22,Pix Arts,Park Inc,-,,ETC,Pix Arts,0,1,その他,その他
2021-04-22,Funbox Media,Road Fury,-,,ETC,Funbox Media,0,1,その他,その他
2021-04-22,Hook Games,Solitaire Klondike Minimal,-,,ETC,Hook Games,0,1,その他,その他
2021-04-22,Pix Arts,Space Aliens Invaders,-,,ETC,Pix Arts,0,1,その他,その他
2021-04-22,goGame,Speed 3: Grand Prix,-,,ETC,goGame,0,1,その他,その他
2021-04-22,Sekai Games,WORLD END ECONOMiCA 〜完全版〜,-,,ETC,Sekai Games,0,1,その他,その他
2021-04-22,ChiliDog Interactive,Yoko & Yuki: Dr. Rat's Revenge,-,,ETC,ChiliDog Interactive,0,1,その他,その他
2021-04-22,カエルエックス,あそぶタイツ パズルレッスン,-,,ETC,カエルエックス,0,1,その他,その他
2021-04-22,eastasiasoft,エリオット,-,,ETC,eastasiasoft,0,1,その他,その他
2021-04-22,Gamuzumi,サクラ・サキュバス 〜モテ期は唐突に〜,-,,ETC,Gamuzumi,0,1,その他,その他
2021-04-22,EpiXR,ザフライングトラベラー フォートレスインザスカイ,-,,ETC,EpiXR,0,1,その他,その他
2021-04-22,LLC KURENTER,ステルス戦争 - 暗殺者,-,,ETC,LLC KURENTER,0,1,その他,その他
2021-04-22,スターサイン,スノーボール コレクション バブル,-,,ETC,スターサイン,0,1,その他,その他
2021-04-22,スターサイン,スピードトラックレーシング,-,,ETC,スターサイン,0,1,その他,その他
2021-04-22,DANGEN Entertainment,スメルター,31,,ACT,DANGEN Entertainment,0,1,アクションストラテジー,その他
2021-04-22,コーエーテクモゲームス,ソフィーのアトリエ 〜不思議な本の錬金術士〜 DX,33,YES,RPG,コーエーテクモゲームス,0,1,錬金術再生RPG,その他
2021-04-22,セナネットワークス,タイピングクエスト,-,YES,ETC,セナネットワークス,0,1,その他,その他
2021-04-22,カリプソメディアジャパン,トロピコ 6 Nintendo Switchエディション,33,YES,SLG,カリプソメディアジャパン,0,1,国家運営シミュレーション,その他
2021-04-22,ジュピター,ピクロスS6,-,,ETC,ジュピター,0,1,その他,その他
2021-04-22,コーエーテクモゲームス,フィリスのアトリエ 〜不思議な旅の錬金術士〜 DX,34,YES,RPG,コーエーテクモゲームス,0,1,錬金術再生RPG,その他
2021-04-22,コーエーテクモゲームス,リディー&スールのアトリエ 〜不思議な絵画の錬金術士〜 DX,-,YES,ETC,コーエーテクモゲームス,1077_0m_118n,1,その他,その他
2021-04-22,スタジオアートディンク,ワンダーボーイ アーシャ・イン・モンスターワールド,30,YES,ARPG,スタジオアートディンク,0,1,アクションRPG,その他
2021-04-22,AlignmentSharp,子供部屋での脱出,-,,ETC,AlignmentSharp,0,1,その他,その他
2021-04-22,NAパブリッシング,怪盗ロビーと忘れられた神殿（英語版）,-,,ETC,NAパブリッシング,0,1,その他,その他
2021-04-22,indienova,斬妖Raksasi,-,,ETC,indienova,0,1,その他,その他
2021-04-22,アイディアファクトリー,時計仕掛けのアポカリプス,31,YES,ADV,アイディアファクトリー,0,1,女性向け恋愛アドベンチャー,その他
2021-04-22,Phoenixx,東方憑依華 〜 Antinomy of Common Flowers.,-,,ETC,Phoenixx,0,1,その他,その他
2021-04-22,モス,雷電IV×MIKADO remix,-,YES,ETC,モス,0,1,その他,その他
2021-04-22,RedDeerGames,鼠ちゃんの百科事典,-,,ETC,RedDeerGames,0,1,その他,その他
2021-04-23,Hook Games,Chess Minimal,-,,ETC,Hook Games,0,1,その他,その他
2021-04-23,ワンダーランドカザキリ,ダンジョンに捧ぐ墓標,30,YES,RPG,ワンダーランドカザキリ,0,1,ダンジョンRPG,その他
2021-04-26,Beep,Silver Chains,-,,ETC,Beep,0,1,その他,その他
2021-04-28,シティコネクション,アイドル麻雀 ファイナルロマンス2,-,,ETC,シティコネクション,0,1,その他,その他
2021-04-28,プロトタイプ,グリザイア ファントムトリガー 01 to 05,-,YES,ETC,プロトタイプ,0,1,その他,その他
2021-04-28,DMM GAMES/EXNOA,スターレネゲード,32,YES,RPG,DMM GAMES/EXNOA,0,1,ローグライクRPG,その他
2021-04-28,Rogue Games,スーパーグリッチダッシュ,-,,ETC,Rogue Games,0,1,その他,その他
2021-04-28,テヨンジャパン,テラテック（英語版）,32,YES,ADV,テヨンジャパン,0,1,サンドボックスアドベンチャー,その他
2021-04-28,Northplay,フライトゥギャザー!,-,,ETC,Northplay,0,1,その他,その他
2021-04-28,ハップ,ママにゲーム隠された2,-,,ETC,ハップ,0,1,その他,その他
2021-04-28,レイニーフロッグ,ミクと水没都市（英語版）,-,,ETC,レイニーフロッグ,0,1,その他,その他
2021-04-28,毛ナカガワ,世界の中心で、AIは戦う,-,,ETC,毛ナカガワ,0,1,その他,その他
2021-04-28,アニプレックス,毎日♪衛宮さんちの今日のごはん,-,,ETC,アニプレックス,0,1,その他,その他
2021-04-28,RED FLAG SHIP,神田アリス も 推理スル。,-,,ETC,RED FLAG SHIP,0,1,その他,その他
2021-04-28,WOWWOW Technology,臺灣妖果:序章,-,,ETC,WOWWOW Technology,0,1,その他,その他
2021-04-29,グランゼーラ,R-TYPE FINAL2,31,YES,SHT,グランゼーラ,0,1,横スクロールシューティング,その他
2021-04-29,吉本興業,スーパー野田ゲーPARTY,-,,ETC,吉本興業,0,1,その他,その他
2021-04-30,ラタライカゲームス,Heal,-,,ETC,ラタライカゲームス,0,1,その他,その他
2021-04-30,Goblinz Studio,Legend of Keepers: Welcome to the Dungeons Company,-,,ETC,Goblinz Studio,0,1,その他,その他
2021-04-30,ポケモン,New ポケモンスナップ,34,YES,ACT,ポケモン,4744_0m_2441,1,カメラアクション,その他
2021-04-30,Hook Games,Solitaire Spider Minimal,-,,ETC,Hook Games,0,1,その他,その他
2021-04-30,Hook Games,The Big Journey,-,,ETC,Hook Games,0,1,その他,その他
2021-05-06,Sometimes You,Dull Grey,-,,ETC,Sometimes You,0,1,その他,その他
2021-05-06,OnSkull Development,Escape First 3,-,,ETC,OnSkull Development,0,1,その他,その他
2021-05-06,Pix Arts,Olympic Basketball,-,,ETC,Pix Arts,0,1,その他,その他
2021-05-06,eastasiasoft,Poker Pretty Girls Battle: Fantasy World Edition,-,,ETC,eastasiasoft,0,1,その他,その他
2021-05-06,レジスタ,Sofia,-,,ETC,レジスタ,0,1,その他,その他
2021-05-06,Hook Games,Wordify 言葉,-,,ETC,Hook Games,0,1,その他,その他
2021-05-06,レオフル,アストロベアーズ,-,,ETC,レオフル,0,1,その他,その他
2021-05-06,Modus Games,スカリー,-,,ETC,Modus Games,0,1,その他,その他
2021-05-06,Snowman（英語版）,スケートシティ,-,,ETC,Snowman（英語版）,0,1,その他,その他
2021-05-06,EpiXR,テクノタンク,-,,ETC,EpiXR,0,1,その他,その他
2021-05-06,カエルエックス,変身少女,-,,ETC,カエルエックス,0,1,その他,その他
2021-05-06,レジスタ,連邦刑務所からの脱出,-,,ETC,レジスタ,0,1,その他,その他
2021-05-07,gFaUmNe,Flowing Lights,-,,ETC,gFaUmNe,0,1,その他,その他
2021-05-11,ユービーアイソフト,チャイルド オブ ライト + バリアント ハート ザ グレイト ウォー,-,,ETC,ユービーアイソフト,0,1,その他,その他
2021-05-13,GAME NACIONAL,.cat,-,,ETC,GAME NACIONAL,0,1,その他,その他
2021-05-13,Big Cheese Studio,Cooking Simulator - Pizza,-,,ETC,Big Cheese Studio,0,1,その他,その他
2021-05-13,7Levels,Destrobots: デストロボット,-,,ETC,7Levels,0,1,その他,その他
2021-05-13,Prison Games,Fantasy Checkers,-,,ETC,Prison Games,0,1,その他,その他
2021-05-13,Daedalic Entertainment,Fire: Ungh's Quest,-,,ETC,Daedalic Entertainment,0,1,その他,その他
2021-05-13,Pix Arts,Grand Prix Racing,-,,ETC,Pix Arts,0,1,その他,その他
2021-05-13,Piotr Skalski,Highway Haste,-,,ETC,Piotr Skalski,0,1,その他,その他
2021-05-13,Hook Games,Kropki 8（英語版）,-,,ETC,Hook Games,0,1,その他,その他
2021-05-13,DMM GAMES/EXNOA,MotoGP 21,32,,RCG,DMM GAMES/EXNOA,0,1,モータースポーツレーシング,その他
2021-05-13,Pix Arts,Ninja Epic Adventure,-,,ETC,Pix Arts,0,1,その他,その他
2021-05-13,Four Fats,Smash Club: Streets of Shmeenis,-,,ETC,Four Fats,0,1,その他,その他
2021-05-13,Unknown Worlds Entertainment（英語版）,Subnautica,-,,ETC,Unknown Worlds Entertainment（英語版）,0,1,その他,その他
2021-05-13,Unknown Worlds Entertainment,Subnautica: Below Zero（英語版）,-,,ETC,Unknown Worlds Entertainment,0,1,その他,その他
2021-05-13,eastasiasoft,エクソデーモン,-,,ETC,eastasiasoft,0,1,その他,その他
2021-05-13,No Gravity Games,コネクション・リホーンテッド,-,,ETC,No Gravity Games,0,1,その他,その他
2021-05-13,Entity3,スカイロール!,-,,ETC,Entity3,0,1,その他,その他
2021-05-13,Tilting Point（英語版）,スポンジ・ボブ:カニカーニ・クックオフ,-,,ETC,Tilting Point（英語版）,0,1,その他,その他
2021-05-13,Forever Entertainment,ライズ・エテルナ,-,,ETC,Forever Entertainment,0,1,その他,その他
2021-05-13,Playstige Interactive,夢見るキャンバス,-,,ETC,Playstige Interactive,0,1,その他,その他
2021-05-14,バンダイナムコエンターテインメント,サブノーティカ + サブノーティカ:ビロウ ゼロ,-,YES,ETC,バンダイナムコエンターテインメント,0,1,その他,その他
2021-05-14,任天堂,ファミコン探偵倶楽部 消えた後継者・うしろに立つ少女 COLLECTOR'S EDITION,31,YES,ADV,任天堂,4991_0m_2868,1,ミステリーアドベンチャー,その他
2021-05-18,lowiro,Arcaea,-,,ETC,lowiro,0,1,その他,その他
2021-05-18,Freedom Games,Jetboard Joust,-,,ETC,Freedom Games,0,1,その他,その他
2021-05-20,eastasiasoft,0 Degrees,-,,ETC,eastasiasoft,0,1,その他,その他
2021-05-20,CORECELL,AeternoBlade,-,,ETC,CORECELL,0,1,その他,その他
2021-05-20,アクワイア,AKIBA'S TRIP ファーストメモリー,-,YES,ETC,アクワイア,0,1,その他,その他
2021-05-20,Piotr Skalski,Bakery Master,-,,ETC,Piotr Skalski,0,1,その他,その他
2021-05-20,Pix Arts,Bounce Mania,-,,ETC,Pix Arts,0,1,その他,その他
2021-05-20,Piotr Skalski,Burger Master,-,,ETC,Piotr Skalski,0,1,その他,その他
2021-05-20,Rokaplay,Castaway Paradise（英語版）,-,,ETC,Rokaplay,0,1,その他,その他
2021-05-20,Piotr Skalski,Castle Heroes,-,,ETC,Piotr Skalski,0,1,その他,その他
2021-05-20,プロトタイプ,CLANNAD 光見守る坂道で,-,YES,ETC,プロトタイプ,0,1,その他,その他
2021-05-20,Piotr Skalski,Classic Solitaire,-,,ETC,Piotr Skalski,0,1,その他,その他
2021-05-20,Piotr Skalski,Dirt Bike Retro,-,,ETC,Piotr Skalski,0,1,その他,その他
2021-05-20,Pix Arts,Dynos & Ghosts,-,,ETC,Pix Arts,0,1,その他,その他
2021-05-20,Piotr Skalski,Empire Invasion,-,,ETC,Piotr Skalski,0,1,その他,その他
2021-05-20,Ocean Media,Fate Of The Pharaoh,-,,ETC,Ocean Media,0,1,その他,その他
2021-05-20,Piotr Skalski,Fire & Water,-,,ETC,Piotr Skalski,0,1,その他,その他
2021-05-20,Piotr Skalski,Magical Maze,-,,ETC,Piotr Skalski,0,1,その他,その他
2021-05-20,Piotr Skalski,Maze with cube,-,,ETC,Piotr Skalski,0,1,その他,その他
2021-05-20,Piotr Skalski,Super Punch,-,,ETC,Piotr Skalski,0,1,その他,その他
2021-05-20,Piotr Skalski,Tank Battle Retro,-,,ETC,Piotr Skalski,0,1,その他,その他
2021-05-20,7 Raven Studios,The Skylia Prophecy,-,,ETC,7 Raven Studios,0,1,その他,その他
2021-05-20,SAT-BOX,Undead Battle Royale,-,,ETC,SAT-BOX,0,1,その他,その他
2021-05-20,Piotr Skalski,Wacky Run,-,,ETC,Piotr Skalski,0,1,その他,その他
2021-05-20,Pikii,Wanna Survive: ワナサバイブ,31,,ETC,Pikii,0,1,タクティカルバトル,その他
2021-05-20,サクセス,じゃんがりあん物語,-,YES,ETC,サクセス,0,1,その他,その他
2021-05-20,オインクゲームズ,とらきちのトラキッチン,-,,ETC,オインクゲームズ,0,1,その他,その他
2021-05-20,コーエーテクモゲームス,アンジェリーク ルミナライズ,36,YES,SLG,コーエーテクモゲームス,0,1,恋愛シミュレーション,その他
2021-05-20,Gamuzumi,サクラ・サキュバス2 〜止まらぬ出会い〜,-,,ETC,Gamuzumi,0,1,その他,その他
2021-05-20,レジスタ,ストレンジパークからの脱出,-,,ETC,レジスタ,0,1,その他,その他
2021-05-20,eastasiasoft,ホーン・ナイト,-,,ETC,eastasiasoft,0,1,その他,その他
2021-05-20,PLAYISM,マニフォールド ガーデン（英語版）,31,YES,FPS,PLAYISM,0,1,一人称パズル,その他
2021-05-20,コーラス・ワールドワイド,ライジングヘル,31,,ACT,コーラス・ワールドワイド,0,1,ローグライトアクション,その他
2021-05-20,マーベラス,ルーンファクトリー5,-,YES,ETC,マーベラス,4995_0m_2872,1,その他,その他
2021-05-20,コーエーテクモゲームス,大航海時代IV with パワーアップキット HD Version,-,YES,ETC,コーエーテクモゲームス,0,1,その他,その他
2021-05-20,賈船,放浪者 フランケンシュタインの創りしモノ,31,YES,ADV,賈船,0,1,ナラティブ・アドベンチャー,その他
2021-05-21,エレクトロニック・アーツ,ノックアウトシティ（英語版）,-,,ETC,エレクトロニック・アーツ,0,1,その他,その他
2021-05-21,任天堂,ミートピア,-,YES,ETC,任天堂,4994_0m_2871,1,その他,その他
2021-05-25,Team17,King of Seas - 海の王,-,,ETC,Team17,0,1,その他,その他
2021-05-27,コーラス・ワールドワイド,Bridge Constructor: The Walking Dead（英語版）,-,,ETC,コーラス・ワールドワイド,0,1,その他,その他
2021-05-27,TERNOX,Castle of no Escape,-,,ETC,TERNOX,0,1,その他,その他
2021-05-27,Alcyone Studio,Connect Color Dots: Fun Water Flow Pipe Line Art Puzzle Game,-,,ETC,Alcyone Studio,0,1,その他,その他
2021-05-27,Humble Games,Crying Suns（英語版）,-,,ETC,Humble Games,0,1,その他,その他
2021-05-27,Artifex Mundi,Family Mysteries 3: 犯罪者の頭脳,-,,ETC,Artifex Mundi,0,1,その他,その他
2021-05-27,DMM GAMES/EXNOA,LIBERATED（英語版）,-,YES,ETC,DMM GAMES/EXNOA,0,1,その他,その他
2021-05-27,PLAYISM,LiEat,-,,ETC,PLAYISM,0,1,その他,その他
2021-05-27,Deep Silver/Koch Media（英語版）,Maneater（英語版）,34,YES,ARPG,Deep Silver/Koch Media（英語版）,0,1,アクションRPG,その他
2021-05-27,MWM Interactive（英語版）,Mundaun（英語版）,-,,ETC,MWM Interactive（英語版）,0,1,その他,その他
2021-05-27,アイディアファクトリー,Paradigm Paradox,30,YES,ADV,アイディアファクトリー,0,1,女性向け恋愛アドベンチャー,その他
2021-05-27,Chucklefish（英語版）,Pathway,-,,ETC,Chucklefish（英語版）,0,1,その他,その他
2021-05-27,Piotr Skalski,Pixel Head Soccer,-,,ETC,Piotr Skalski,0,1,その他,その他
2021-05-27,Pix Arts,Skittles,-,,ETC,Pix Arts,0,1,その他,その他
2021-05-27,goGame,Taxi Chaos,-,,ETC,goGame,0,1,その他,その他
2021-05-27,Crytivo,Weaving Tides（英語版）,-,,ETC,Crytivo,0,1,その他,その他
2021-05-27,サクセス,かしおり,-,,ETC,サクセス,0,1,その他,その他
2021-05-27,GameTomo,すみれの空,-,,ETC,GameTomo,0,1,その他,その他
2021-05-27,エンターグラム,となりに彼女のいる幸せ〜Winter Guest〜,-,,ETC,エンターグラム,0,1,その他,その他
2021-05-27,ハイブリッド・スクアード,オールモスト・ゴーン,-,,ETC,ハイブリッド・スクアード,0,1,その他,その他
2021-05-27,レイニーフロッグ,キッズプレイ お城での冒険,-,,ETC,レイニーフロッグ,0,1,その他,その他
2021-05-27,レイニーフロッグ,キッズプレイ パズル:動物・車など,-,,ETC,レイニーフロッグ,0,1,その他,その他
2021-05-27,レイニーフロッグ,キッズプレイ 動物カード マッチングゲーム/神経衰弱トランプゲーム,-,,ETC,レイニーフロッグ,0,1,その他,その他
2021-05-27,レイニーフロッグ,キッズプレイ 動物鳴き声ゲーム,-,,ETC,レイニーフロッグ,0,1,その他,その他
2021-05-27,レイニーフロッグ,キッズプレイ 形パズル,-,,ETC,レイニーフロッグ,0,1,その他,その他
2021-05-27,AlignmentSharp,ケープ君の脱出ゲーム 2.5部屋目,-,,ETC,AlignmentSharp,0,1,その他,その他
2021-05-27,KONAMI,スーパーボンバーマン R オンライン,-,,ETC,KONAMI,702_0m_4,1,その他,その他
2021-05-27,eastasiasoft,マールク:ダークデーモン,-,,ETC,eastasiasoft,0,1,その他,その他
2021-05-27,イザナギゲームズ,ワールズエンドクラブ,31,YES,AADV,イザナギゲームズ,0,1,パズルアクションADV,その他
2021-05-27,日本一ソフトウェア,探偵撲滅,31,YES,SLG,日本一ソフトウェア,0,1,探偵シミュレーションアドベンチャー,その他
2021-05-27,アイディアファクトリー,竜星のヴァルニール,31,,RPG,アイディアファクトリー,0,1,生きるために竜を喰らうRPG,その他
2021-05-27,ボルテージ,至極の男〜もう一度愛される夜,-,,ETC,ボルテージ,0,1,その他,その他
2021-05-28,Hook Games,Kakurasu World,-,,ETC,Hook Games,0,1,その他,その他
2021-05-28,レオフル,イトルデュー 2+（英語版）,-,,ETC,レオフル,0,1,その他,その他
2021-06-03,NAISU前:NevzatGoeksanGuener,Dark Fantasy: Jigsaw Puzzle,-,,ETC,NAISU前:NevzatGoeksanGuener,0,1,その他,その他
2021-06-03,Pix Arts,Grand Slam Tennis,-,,ETC,Pix Arts,0,1,その他,その他
2021-06-03,Piotr Skalski,Head Games,-,,ETC,Piotr Skalski,0,1,その他,その他
2021-06-03,Piotr Skalski,Knight with Tactics,-,,ETC,Piotr Skalski,0,1,その他,その他
2021-06-03,Thalamus Digital,LOVE - 物語が詰まったパズルボックス,-,,ETC,Thalamus Digital,0,1,その他,その他
2021-06-03,Piotr Skalski,Party Games: 15 in 1,-,,ETC,Piotr Skalski,0,1,その他,その他
2021-06-03,2 Zombie Games,Quest Hunter,-,,ETC,2 Zombie Games,0,1,その他,その他
2021-06-03,goGame,Slide Stars スライド・スターズ,-,,ETC,goGame,0,1,その他,その他
2021-06-03,Devolver Digital,Sludge Life,-,,ETC,Devolver Digital,0,1,その他,その他
2021-06-03,Pix Arts,Strike Daz Cans,-,,ETC,Pix Arts,0,1,その他,その他
2021-06-03,Bonus Stage Publishing,Sunblaze,-,,ETC,Bonus Stage Publishing,0,1,その他,その他
2021-06-03,Pretty Fly Games,Total Arcade Racing,-,,ETC,Pretty Fly Games,0,1,その他,その他
2021-06-03,Bit2Good,What The Fork,-,,ETC,Bit2Good,0,1,その他,その他
2021-06-03,DANGEN Entertainment,アスタロン: 地球の涙,-,,ETC,DANGEN Entertainment,0,1,その他,その他
2021-06-03,Atypical Games,インフィニット・タンク WW2,-,,ETC,Atypical Games,0,1,その他,その他
2021-06-03,eastasiasoft,イービル・インサイド,-,,ETC,eastasiasoft,0,1,その他,その他
2021-06-03,CFK,ウィッチェ,-,,ETC,CFK,0,1,その他,その他
2021-06-03,Whitethorn Digital,カリコ,-,,ETC,Whitethorn Digital,0,1,その他,その他
2021-06-03,Baltoro Games,スウィート・ベーカリー・タイクーン,-,,ETC,Baltoro Games,0,1,その他,その他
2021-06-03,eastasiasoft,ダンジョン・エスケープ,-,,ETC,eastasiasoft,0,1,その他,その他
2021-06-03,Sabec,テーブルテニス,-,,ETC,Sabec,0,1,その他,その他
2021-06-03,レジスタ,トイハウスからの脱出,-,,ETC,レジスタ,0,1,その他,その他
2021-06-03,カイロソフト,バスケクラブ物語,-,,ETC,カイロソフト,0,1,その他,その他
2021-06-03,Phase Two Games,バトル・ハンターズ,-,,ETC,Phase Two Games,0,1,その他,その他
2021-06-03,Sabec,ペイント,-,,ETC,Sabec,0,1,その他,その他
2021-06-03,ピクセル,ホーギーヒューwithフレンズ,-,,ETC,ピクセル,0,1,その他,その他
2021-06-03,トローゼ,ホーンテッドドーン ザ・ゾンビ アポカリプス,-,,ETC,トローゼ,0,1,その他,その他
2021-06-03,East2west Games,マイチャイルドレーベンスボーン,-,,ETC,East2west Games,0,1,その他,その他
2021-06-03,Holy Cow Productions,ミスティック・ピラー 〜インド式パズル〜,-,,ETC,Holy Cow Productions,0,1,その他,その他
2021-06-03,indienova,リバーシ レッツゴー,-,,ETC,indienova,0,1,その他,その他
2021-06-03,ケムコ,彩色のカルテット,-,,ETC,ケムコ,0,1,その他,その他
2021-06-03,クラウディッドレパードエンタテインメント,有翼のフロイライン Wing of Darkness,-,YES,ETC,クラウディッドレパードエンタテインメント,0,1,その他,その他
2021-06-03,パルスモ,迷い猫の旅2 -Stray Cat Doors 2-,-,,ETC,パルスモ,0,1,その他,その他
2021-06-04,任天堂,DCスーパーヒーローガールズ ティーンパワー,32,YES,AADV,任天堂,0,1,アクションアドベンチャー,その他
2021-06-04,Hook Games,Hitori Logic,-,,ETC,Hook Games,0,1,その他,その他
2021-06-05,Neon Doctrine,Retrograde Arena,-,,ETC,Neon Doctrine,0,1,その他,その他
2021-06-05,PLAYISM,ウムランギジェネレーション スペシャルエディション（英語版）,-,,ETC,PLAYISM,0,1,その他,その他
2021-06-05,PLAYISM,マイティ・グース,33,,ASHT,PLAYISM,0,1,アクションシューティング,その他
2021-06-09,セガ,ファンタシースターオンライン2 ニュージェネシス クラウド,-,YES,ETC,セガ,0,1,その他,その他
2021-06-10,Pix Arts,CAESAR EMPIRE WAR,-,,ETC,Pix Arts,0,1,その他,その他
2021-06-10,Piotr Skalski,Classic Checkers,-,,ETC,Piotr Skalski,0,1,その他,その他
2021-06-10,4MB Interactive,Galactic Defence Squadron,-,,ETC,4MB Interactive,0,1,その他,その他
2021-06-10,コーエーテクモゲームス,NINJA GAIDEN: マスターコレクション,-,YES,ETC,コーエーテクモゲームス,0,1,その他,その他
2021-06-10,eastasiasoft,Paradox Error,-,,ETC,eastasiasoft,0,1,その他,その他
2021-06-10,Cool Small Games,Pet Shop Snacks - ペットショップスナック,-,,ETC,Cool Small Games,0,1,その他,その他
2021-06-10,Toyful,Very Very Valet,-,,ETC,Toyful,0,1,その他,その他
2021-06-10,Focus Home Interactive,Warhammer Age of Sigmar: Storm Ground（英語版）,-,,ETC,Focus Home Interactive,0,1,その他,その他
2021-06-10,エディア,きらきらスターズ -idol project Ai-,-,,ETC,エディア,0,1,その他,その他
2021-06-10,トローゼ,アニマス レヴェナント,-,,ETC,トローゼ,0,1,その他,その他
2021-06-10,レオフル,ジオリフターズ,-,,ETC,レオフル,0,1,その他,その他
2021-06-10,Ant Workshop,ソリティア・コンスピラシー,-,,ETC,Ant Workshop,0,1,その他,その他
2021-06-10,Sabec,ナイトビジョン - 暗いところで見る,-,,ETC,Sabec,0,1,その他,その他
2021-06-10,レイニーフロッグ,ピクセル セル,-,,ETC,レイニーフロッグ,0,1,その他,その他
2021-06-10,Erik Games,ブレインブレーカー,-,,ETC,Erik Games,0,1,その他,その他
2021-06-10,Sabec,ボウリング,-,,ETC,Sabec,0,1,その他,その他
2021-06-10,メディアスケープ,メイドさんを右にミ☆,-,,ETC,メディアスケープ,0,1,その他,その他
2021-06-10,EpiXR,ライフオブフライ アナザーデー,-,,ETC,EpiXR,0,1,その他,その他
2021-06-10,eastasiasoft,ラックスリンガー,-,,ETC,eastasiasoft,0,1,その他,その他
2021-06-10,Nether Yoshi Studios,六角形ディフェンス,-,,ETC,Nether Yoshi Studios,0,1,その他,その他
2021-06-11,Hook Games,Suguru Nature,-,,ETC,Hook Games,0,1,その他,その他
2021-06-11,任天堂,ナビつき! つくってわかる はじめてゲームプログラミング,-,YES,ETC,任天堂,5120_0m_2998,1,その他,その他
2021-06-16,Live Wire,虫姫さま,-,,ETC,Live Wire,0,1,その他,その他
2021-06-17,isTom Games,32 SECS,-,,ETC,isTom Games,0,1,その他,その他
2021-06-17,Piotr Skalski,Connect It!,-,,ETC,Piotr Skalski,0,1,その他,その他
2021-06-17,Piotr Skalski,Escape Route,-,,ETC,Piotr Skalski,0,1,その他,その他
2021-06-17,Pix Arts,League Of Champions Soccer,-,,ETC,Pix Arts,0,1,その他,その他
2021-06-17,NEOWIZ,Metal Unit,-,,ETC,NEOWIZ,0,1,その他,その他
2021-06-17,Pix Arts,Ninja Buddy Epic Quest,-,,ETC,Pix Arts,0,1,その他,その他
2021-06-17,eastasiasoft,Pretty Girls Klondike Solitaire,-,,ETC,eastasiasoft,0,1,その他,その他
2021-06-17,Piotr Skalski,Ragdoll Fighter,-,,ETC,Piotr Skalski,0,1,その他,その他
2021-06-17,Hanaji Games,Rangerdog,-,,ETC,Hanaji Games,0,1,その他,その他
2021-06-17,Dahku,Rotund Takeoff,-,,ETC,Dahku,0,1,その他,その他
2021-06-17,Hook Games,Slither Loop,-,,ETC,Hook Games,0,1,その他,その他
2021-06-17,Pix Arts,Zombie Raid,-,,ETC,Pix Arts,0,1,その他,その他
2021-06-17,Odencat,くまのレストラン,32,,ADV,Odencat,0,1,ドット絵アドベンチャー,その他
2021-06-17,Sabec,スパイアラーム,-,,ETC,Sabec,0,1,その他,その他
2021-06-17,タイトー,スペースインベーダー フォーエバー,-,,ETC,タイトー,0,1,その他,その他
2021-06-17,Story Fort,ダンクロードズ,-,,ETC,Story Fort,0,1,その他,その他
2021-06-17,レジスタ,デーモンクリスタル4,-,,ETC,レジスタ,0,1,その他,その他
2021-06-17,Playstige Interactive,ナーブド,-,,ETC,Playstige Interactive,0,1,その他,その他
2021-06-17,スターサイン,バスケットボールピンボール,-,,ETC,スターサイン,0,1,その他,その他
2021-06-17,Sabec,ビリヤード,-,,ETC,Sabec,0,1,その他,その他
2021-06-17,Whitethorn Digital,マラビーヤ島の動物たち,-,,ETC,Whitethorn Digital,0,1,その他,その他
2021-06-17,ディースリー・パブリッシャー,幕末恋華新選組 尽忠報国の士,-,YES,ETC,ディースリー・パブリッシャー,0,1,その他,その他
2021-06-17,qureate,愛怒流でいず,-,,ETC,qureate,0,1,その他,その他
2021-06-22,Binary Haze Interactive,ENDER LILIES: Quietus of the Knights,34,,ARPG,Binary Haze Interactive,0,1,アクションRPG,その他
2021-06-22,Team17,Super Magbot,-,,ETC,Team17,0,1,その他,その他
2021-06-23,Team17,Worms Rumble（英語版）,-,,ETC,Team17,0,1,その他,その他
2021-06-24,パラダイムシフト,1971 プロジェクト・ヘリオス,-,,ETC,パラダイムシフト,0,1,その他,その他
2021-06-24,Merge Games,Alex Kidd in Miracle World DX,-,YES,ETC,Merge Games,0,1,その他,その他
2021-06-24,Prison Games,AnimaLudo,-,,ETC,Prison Games,0,1,その他,その他
2021-06-24,フリュー,Caligula2,-,YES,ETC,フリュー,0,1,その他,その他
2021-06-24,Pix Arts,CANNON ARMY,-,,ETC,Pix Arts,0,1,その他,その他
2021-06-24,Artifex Mundi,Enigmatis: メープルクリークの亡霊たち,-,,ETC,Artifex Mundi,0,1,その他,その他
2021-06-24,Secret Item Games,Farm for your Life - 人生を耕そう,-,,ETC,Secret Item Games,0,1,その他,その他
2021-06-24,Hook Games,Futoshiki Math（英語版）,-,,ETC,Hook Games,0,1,その他,その他
2021-06-24,Supergiant Games（英語版）,HADES,38,YES,ACT,Supergiant Games（英語版）,0,1,ローグライトアクション,その他
2021-06-24,MoeNovel,LoveKami -Useless Goddess-,-,,ETC,MoeNovel,0,1,その他,その他
2021-06-24,Baltoro Games,Paratopic（英語版）,-,,ETC,Baltoro Games,0,1,その他,その他
2021-06-24,Piotr Skalski,Pocket Races,-,,ETC,Piotr Skalski,0,1,その他,その他
2021-06-24,エンターグラム,Sugar*Style,-,YES,ETC,エンターグラム,0,1,その他,その他
2021-06-24,Beep,Super Cable Boy,-,,ETC,Beep,0,1,その他,その他
2021-06-24,賈船,Super Mash,-,YES,ETC,賈船,0,1,その他,その他
2021-06-24,スターサイン,SUPER SOCCER BLAST: America vs Europe,-,,ETC,スターサイン,0,1,その他,その他
2021-06-24,Pix Arts,Sweet Sugar Candy,-,,ETC,Pix Arts,0,1,その他,その他
2021-06-24,Pix Arts,Turbo Skiddy Racing,-,,ETC,Pix Arts,0,1,その他,その他
2021-06-24,HAKAMA,WORTH LIFE,-,,ETC,HAKAMA,0,1,その他,その他
2021-06-24,エディア,きらきらスターズ -idol project Nagisa-,-,,ETC,エディア,0,1,その他,その他
2021-06-24,日本一ソフトウェア,わるい王様とりっぱな勇者,30,YES,RPG,日本一ソフトウェア,0,1,絵本を旅するRPG,その他
2021-06-24,イントラゲームズ,アルケミスト・アドベンチャー,-,,ETC,イントラゲームズ,0,1,その他,その他
2021-06-24,Hyperstrange,エキ,-,,ETC,Hyperstrange,0,1,その他,その他
2021-06-24,Sabec,カルキュレーター,-,,ETC,Sabec,0,1,その他,その他
2021-06-24,CarX Technologies,カーエックス ドリフトレーシング オンライン,-,,ETC,CarX Technologies,0,1,その他,その他
2021-06-24,isTom Games,キューブブラスト:マッチ,-,,ETC,isTom Games,0,1,その他,その他
2021-06-24,Gamuzumi,サクラ・サキュバス3 〜魔性の支配者〜,-,,ETC,Gamuzumi,0,1,その他,その他
2021-06-24,First Press Games,シドニー・ハンターとマヤの呪い,-,,ETC,First Press Games,0,1,その他,その他
2021-06-24,レジスタ,ストレンジミュージアムからの脱出,-,,ETC,レジスタ,0,1,その他,その他
2021-06-24,Sabec,チェス,-,,ETC,Sabec,0,1,その他,その他
2021-06-24,HOF Studios,デプス・オブ・エキスティンクション 決定版,-,,ETC,HOF Studios,0,1,その他,その他
2021-06-24,iMel,ハミダシクリエイティブ,-,YES,ETC,iMel,0,1,その他,その他
2021-06-24,Sometimes You,ビトマスター,-,,ETC,Sometimes You,0,1,その他,その他
2021-06-24,レジスタ,レイジングブラスターズ,-,,ETC,レジスタ,0,1,その他,その他
2021-06-24,Rejet,剣が君 for S,-,YES,ETC,Rejet,0,1,その他,その他
2021-06-24,コーエーテクモゲームス,戦国無双5,35,YES,ACT,コーエーテクモゲームス,5166_0m_3045,1,タクティカルアクション,その他
2021-06-24,システムソフト・ベータ,現代大戦略2020 〜揺れる世界秩序!大国の野望と世界大戦〜,-,YES,ETC,システムソフト・ベータ,0,1,その他,その他
2021-06-24,アイディアファクトリー,白と黒のアリス for Nintendo Switch,-,YES,ETC,アイディアファクトリー,0,1,その他,その他
2021-06-24,スクウェア・エニックス,聖剣伝説 LEGEND OF MANA,-,YES,ETC,スクウェア・エニックス,0,1,その他,その他
2021-06-25,Activision,トニー・ホーク プロ・スケーター 1+2（英語版）,-,,ETC,Activision,0,1,その他,その他
2021-06-25,任天堂,マリオゴルフ スーパーラッシュ,33,YES,SPT,任天堂,5197_0m_3076,1,ゴルフ,その他
2021-06-30,トイボックス,Battle Axe,-,YES,ETC,トイボックス,0,1,その他,その他
2021-06-30,thatgamecompany,Sky 星を紡ぐ子どもたち,-,,ETC,thatgamecompany,0,1,その他,その他
2021-07-01,Daedalic Entertainment,Anna's Quest（英語版）,-,,ETC,Daedalic Entertainment,0,1,その他,その他
2021-07-01,Piotr Skalski,Bullet Trail,-,,ETC,Piotr Skalski,0,1,その他,その他
2021-07-01,Godbey Games,Discolored ディスカラード,-,,ETC,Godbey Games,0,1,その他,その他
2021-07-01,NAパブリッシング,Layers of Fear 2-恐怖のクルーズ（英語版）,-,,ETC,NAパブリッシング,0,1,その他,その他
2021-07-01,Banana Cat,SDST: Deluxe,-,,ETC,Banana Cat,0,1,その他,その他
2021-07-01,プロトタイプ,Summer Pockets REFLECTION BLUE,-,YES,ETC,プロトタイプ,0,1,その他,その他
2021-07-01,エディア,きらきらスターズ -idol project Reika-,-,,ETC,エディア,0,1,その他,その他
2021-07-01,日本コロムビア,もしかして? おばけの射的屋 for Nintendo Switch,33,YES,SHT,日本コロムビア,0,1,射的シューティング,その他
2021-07-01,ケムコ,アルファディア ジェネシス2,-,,ETC,ケムコ,0,1,その他,その他
2021-07-01,Sometimes You,アーキャン・ザ・ドッグ・アドベンチュラー,-,,ETC,Sometimes You,0,1,その他,その他
2021-07-01,Sabec,エアホッケー,-,,ETC,Sabec,0,1,その他,その他
2021-07-01,No Gravity Games,キッカリーニョ・ワールド,-,,ETC,No Gravity Games,0,1,その他,その他
2021-07-01,Baltoro Games,サラダ・バー・タイクーン,-,,ETC,Baltoro Games,0,1,その他,その他
2021-07-01,ラタライカゲームス,スーパーデストロノートDX-2,-,,ETC,ラタライカゲームス,0,1,その他,その他
2021-07-01,Sabec,ダーツ,-,,ETC,Sabec,0,1,その他,その他
2021-07-01,ゲームミュージアム,ドラゴンクエスチョン,-,,ETC,ゲームミュージアム,0,1,その他,その他
2021-07-01,レイニーフロッグ,ビートダウンシティ コマンドファイターズ,-,,ETC,レイニーフロッグ,0,1,その他,その他
2021-07-01,Funalter Games,フォレストウォーク,-,,ETC,Funalter Games,0,1,その他,その他
2021-07-01,SAT-BOX,ボクらの大夏まつり,-,,ETC,SAT-BOX,0,1,その他,その他
2021-07-01,レジスタ,レトロハウスからの脱出,-,,ETC,レジスタ,0,1,その他,その他
2021-07-01,メディアスケープ,ヴァスタークロウズ3〜神界の龍師〜,-,,ETC,メディアスケープ,0,1,その他,その他
2021-07-01,オレンジ,少女首領の推理領域 -黄金島の密約-,-,,ETC,オレンジ,0,1,その他,その他
2021-07-01,宮澤卓宏,赤白黄色,-,,ETC,宮澤卓宏,0,1,その他,その他
2021-07-02,7 Raven Studios,Dyna Bomb,-,,ETC,7 Raven Studios,0,1,その他,その他
2021-07-06,Focus Home Interactive,A Plague Tale: Innocence - Cloud Version,-,,ETC,Focus Home Interactive,0,1,その他,その他
2021-07-08,CREST,ARIA CHRONICLE,-,YES,ETC,CREST,0,1,その他,その他
2021-07-08,eastasiasoft,Blitz Breaker,-,,ETC,eastasiasoft,0,1,その他,その他
2021-07-08,Pix Arts,Bocce,-,,ETC,Pix Arts,0,1,その他,その他
2021-07-08,Devolver Digital,Boomerang X,31,,ACT,Devolver Digital,0,1,アクション,その他
2021-07-08,Alcyone Studio,Connect Bricks,-,,ETC,Alcyone Studio,0,1,その他,その他
2021-07-08,Lateralis,Dogworld,-,,ETC,Lateralis,0,1,その他,その他
2021-07-08,KONAMI,eBASEBALLプロ野球スピリッツ2021 グランドスラム,33,YES,SPT,KONAMI,5213_0m_3092,1,プロ野球・育成,その他
2021-07-08,Pix Arts,Fantasy Cards,-,,ETC,Pix Arts,0,1,その他,その他
2021-07-08,IceTorch,Mermaid Castle,-,,ETC,IceTorch,0,1,その他,その他
2021-07-08,D-Games,Monument,-,,ETC,D-Games,0,1,その他,その他
2021-07-08,TERNOX,My Maitê,-,,ETC,TERNOX,0,1,その他,その他
2021-07-08,大元メディア,Ruvato: Original Complex,-,,ETC,大元メディア,0,1,その他,その他
2021-07-08,M2H,クラッシュドライブ3,-,,ETC,M2H,0,1,その他,その他
2021-07-08,Sabec,ピアノ,-,,ETC,Sabec,0,1,その他,その他
2021-07-08,レベルファイブ,レイトン ミステリージャーニー カトリーエイルと大富豪の陰謀 DX+,35,YES,PZL,レベルファイブ,1643_0m_412n,1,ナゾトキ・ファンタジーアドベンチャー,その他
2021-07-08,DorsalFin Studio,真砂楼,-,,ETC,DorsalFin Studio,0,1,その他,その他
2021-07-08,クラウディッドレパードエンタテインメント,英雄伝説 閃の軌跡I:改 -Thors Military Academy 1204-,-,YES,ETC,クラウディッドレパードエンタテインメント,5212_0m_3091,1,その他,その他
2021-07-08,日本一ソフトウェア,風雨来記4,32,YES,ADV,日本一ソフトウェア,0,1,旅アドベンチャー,その他
2021-07-09,カプコン,モンスターハンターストーリーズ2 〜破滅の翼〜,36,YES,RPG,カプコン,5216_0m_3095,1,RPG,その他
2021-07-15,Pix Arts,3D Air Hockey,-,,ETC,Pix Arts,0,1,その他,その他
2021-07-15,Pixel Lantern,Akinofa,-,,ETC,Pixel Lantern,0,1,その他,その他
2021-07-15,winterworks,Car Wash - 洗車 幼児と子供のための車とトラックのガレージゲーム,-,,ETC,winterworks,0,1,その他,その他
2021-07-15,Revulo Games,Classic Pool,-,,ETC,Revulo Games,0,1,その他,その他
2021-07-15,Pix Arts,Egg Up,-,,ETC,Pix Arts,0,1,その他,その他
2021-07-15,レジスタ,GOHOME,-,,ETC,レジスタ,0,1,その他,その他
2021-07-15,Bryan Gale,Induction,-,,ETC,Bryan Gale,0,1,その他,その他
2021-07-15,Artifex Mundi,Lost Grimoires 3: 忘れられし井戸,-,,ETC,Artifex Mundi,0,1,その他,その他
2021-07-15,TERNOX,Nyakamon Adventures,-,,ETC,TERNOX,0,1,その他,その他
2021-07-15,Sabec,Rainbocorns ZURU,-,,ETC,Sabec,0,1,その他,その他
2021-07-15,Shinyuden,RED COLONY 2,-,,ETC,Shinyuden,0,1,その他,その他
2021-07-15,Chute Apps,Rogue Star Rescue,-,,ETC,Chute Apps,0,1,その他,その他
2021-07-15,Marcin Skierski,Squeakers,-,,ETC,Marcin Skierski,0,1,その他,その他
2021-07-15,Prison Games,Zoo Dentist,-,,ETC,Prison Games,0,1,その他,その他
2021-07-15,日本コロムビア,わんニャンペットショップ かわいいペットとふれあう毎日,-,YES,ETC,日本コロムビア,0,1,その他,その他
2021-07-15,eastasiasoft,エイト・ドラゴン,-,,ETC,eastasiasoft,0,1,その他,その他
2021-07-15,ネオス,クレヨンしんちゃん 「オラと博士の夏休み」〜おわらない七日間の旅〜,32,YES,ADV,ネオス,5217_0m_3096,1,アドベンチャー,その他
2021-07-15,コーラス・ワールドワイド,ザ・コロニスト,32,,SLG,コーラス・ワールドワイド,0,1,開拓シミュレーション,その他
2021-07-15,Sabec,スポット・ザ・ディファレンス - 2プレイヤー,-,,ETC,Sabec,0,1,その他,その他
2021-07-15,Sabec,ドラムス,-,,ETC,Sabec,0,1,その他,その他
2021-07-15,Sabec,ハント,-,,ETC,Sabec,0,1,その他,その他
2021-07-15,eastasiasoft,マクロティス:ある母の日記,-,,ETC,eastasiasoft,0,1,その他,その他
2021-07-15,エクスペリエンス,モンスターを倒して強い剣や鎧を手にしなさい。死んでも諦めずに強くなりなさい。勇者隊が魔王を倒すその日を信じています。,-,YES,ETC,エクスペリエンス,0,1,その他,その他
2021-07-15,Keinart,ロータスレバリー:ファーストネクサス,-,,ETC,Keinart,0,1,その他,その他
2021-07-15,ブリッジ,俺たちの戦いはこれからだ! episode 1,-,,ETC,ブリッジ,0,1,その他,その他
2021-07-15,Tozai Games,元祖みんなでスペランカー,-,YES,ETC,Tozai Games,0,1,その他,その他
2021-07-15,ディースリー・パブリッシャー,地球防衛軍2 for Nintendo Switch,-,YES,ETC,ディースリー・パブリッシャー,0,1,その他,その他
2021-07-15,レジスタ,思い出の母校からの脱出,-,,ETC,レジスタ,0,1,その他,その他
2021-07-15,AlignmentSharp,無人島からの脱出,-,,ETC,AlignmentSharp,0,1,その他,その他
2021-07-15,Pixmain,迷路探偵ピエール:ラビリンス・シティ,-,,ETC,Pixmain,0,1,その他,その他
2021-07-16,ラタライカゲームス,ウィズン・ザ・ブレード,-,,ETC,ラタライカゲームス,0,1,その他,その他
2021-07-16,任天堂,ゼルダの伝説 スカイウォードソード HD,34,YES,AADV,任天堂,5222_0m_3101,1,アクションアドベンチャー,その他
2021-07-19,Odd Critter Games,ヘノシス,-,,ETC,Odd Critter Games,0,1,その他,その他
2021-07-20,Modus Games,Cris Tales（英語版）,-,,ETC,Modus Games,0,1,その他,その他
2021-07-20,PLAYISM,すすめ!じでんしゃナイツ（英語版）,31,,ADV,PLAYISM,0,1,大冒険アドベンチャー,その他
2021-07-21,サンソフト,Alba Wildlife Adventure,-,YES,ETC,サンソフト,0,1,その他,その他
2021-07-21,GAME NACIONAL,Dininho Space Adventure,-,,ETC,GAME NACIONAL,0,1,その他,その他
2021-07-21,Piotr Skalski,Dungeon Bricker,-,,ETC,Piotr Skalski,0,1,その他,その他
2021-07-21,プロトタイプ,FATAL TWELVE,-,,ETC,プロトタイプ,0,1,その他,その他
2021-07-21,ポケモン,Pokémon UNITE,-,,ETC,ポケモン,0,1,その他,その他
2021-07-21,エンターグラム,おにあま -わたしに甘えて、お兄ちゃん♡-,-,,ETC,エンターグラム,0,1,その他,その他
2021-07-21,ラタライカゲームス,フレディスパゲッティ 2,-,,ETC,ラタライカゲームス,0,1,その他,その他
2021-07-21,エンターグラム,恋愛、借りちゃいました,-,YES,ETC,エンターグラム,0,1,その他,その他
2021-07-21,エンターグラム,戦国†恋姫〜乙女絢爛☆戦国絵巻〜,-,YES,ETC,エンターグラム,0,1,その他,その他
2021-07-22,Annapurna Interactive,Last Stop（英語版）,-,,ETC,Annapurna Interactive,0,1,その他,その他
2021-07-22,TAKUYO,SWEET CLOWN 〜午前三時のオカシな道化師〜,-,YES,ETC,TAKUYO,0,1,その他,その他
2021-07-27,スクウェア・エニックス,新すばらしきこのせかい,35,YES,ARPG,スクウェア・エニックス,0,1,アクションRPG,その他
2021-07-28,Cloud M1,Ayo the Clown,30,,AADV,Cloud M1,0,1,アクションアドベンチャー,その他
2021-07-29,Limited Run Games（英語版）,Alfonzo's Arctic Adventure,-,,ETC,Limited Run Games（英語版）,0,1,その他,その他
2021-07-29,Goblinz Studio,Banners of Ruin,-,,ETC,Goblinz Studio,0,1,その他,その他
2021-07-29,Coconut Island Games,Christmas Tina -泡沫冬景-,-,,ETC,Coconut Island Games,0,1,その他,その他
2021-07-29,2P Games,CLOSER,-,,ETC,2P Games,0,1,その他,その他
2021-07-29,H2 INTERACTIVE,Eldest Souls,-,,ETC,H2 INTERACTIVE,0,1,その他,その他
2021-07-29,Sabec,Fight,-,,ETC,Sabec,0,1,その他,その他
2021-07-29,Pix Arts,Hunter Shooting Camp,-,,ETC,Pix Arts,0,1,その他,その他
2021-07-29,LKMAD,Kosmonavtes: エスケープ・リアリティ,-,,ETC,LKMAD,0,1,その他,その他
2021-07-29,UIG Entertainment,Metro Simulator,-,,ETC,UIG Entertainment,0,1,その他,その他
2021-07-29,H2 INTERACTIVE,Minute of Islands,-,,ETC,H2 INTERACTIVE,0,1,その他,その他
2021-07-29,South East Games,Paint the Town Red,-,,ETC,South East Games,0,1,その他,その他
2021-07-29,Inductance,The Long Gate,-,,ETC,Inductance,0,1,その他,その他
2021-07-29,Alien Pixel Publishing,Unbound: Worlds Apart,-,,ETC,Alien Pixel Publishing,0,1,その他,その他
2021-07-29,Sabec,ZOMB,-,,ETC,Sabec,0,1,その他,その他
2021-07-29,カイロソフト,お住まい夢物語DX,-,,ETC,カイロソフト,0,1,その他,その他
2021-07-29,ソニックパワード,さんすうドリラー,-,,ETC,ソニックパワード,0,1,その他,その他
2021-07-29,eastasiasoft,りっく☆じあ〜す 麻雀ソリティア,-,,ETC,eastasiasoft,0,1,その他,その他
2021-07-29,Sabec,ギター,-,,ETC,Sabec,0,1,その他,その他
2021-07-29,レジスタ,クトゥルフ神話RPG 瘴気の海に眠る少女,-,,ETC,レジスタ,0,1,その他,その他
2021-07-29,EpiXR,ザフライングトラベラー カームマインド,-,,ETC,EpiXR,0,1,その他,その他
2021-07-29,THQ Nordic ジャパン,スカイドリフト インフィニティ（英語版）,-,,ETC,THQ Nordic ジャパン,0,1,その他,その他
2021-07-29,メビウス,スサノオ〜日本神話RPG〜,-,YES,ETC,メビウス,0,1,その他,その他
2021-07-29,Sabec,スナイパー,-,,ETC,Sabec,0,1,その他,その他
2021-07-29,セガ,ツーポイントホスピタル:ジャンボエディション,32,YES,SLG,セガ,0,1,ヘンテコ病院経営シミュレーション,その他
2021-07-29,Funbox Media,テラボンバー,-,,ETC,Funbox Media,0,1,その他,その他
2021-07-29,Funbox Media,テラランダー,-,,ETC,Funbox Media,0,1,その他,その他
2021-07-29,Funbox Media,テラランダーII - ロックスライドレスキュー,-,,ETC,Funbox Media,0,1,その他,その他
2021-07-29,eastasiasoft,トリガー・ウィッチ,-,,ETC,eastasiasoft,0,1,その他,その他
2021-07-29,レイニーフロッグ,ピクセル パズル&ウォッチ コレクション,-,,ETC,レイニーフロッグ,0,1,その他,その他
2021-07-29,インティ・クリエイツ,ブラスターマスター ゼロ 3,-,,ETC,インティ・クリエイツ,0,1,その他,その他
2021-07-29,インティ・クリエイツ,ブラスターマスター ゼロ トリロジー メタファイトクロニクル,31,YES,ACT,インティ・クリエイツ,5232_0m_3111n,1,探索アクション,その他
2021-07-29,Sometimes You,マインドメイズ,-,,ETC,Sometimes You,0,1,その他,その他
2021-07-29,NAパブリッシング,ワールドスプリッター,-,,ETC,NAパブリッシング,0,1,その他,その他
2021-07-29,アイディアファクトリー,君は雪間に希う,33,YES,ADV,アイディアファクトリー,0,1,和風伝奇恋愛ADV,その他
2021-07-29,カプコン,大逆転裁判1&2 -成歩堂龍ノ介の冒險と覺悟-,-,YES,ETC,カプコン,5115_0m_2993,1,その他,その他
2021-07-29,Skermunkel Studios,失われた心,-,,ETC,Skermunkel Studios,0,1,その他,その他
2021-07-29,テンカイゲームズ,感染メイズ,-,,ETC,テンカイゲームズ,0,1,その他,その他
2021-07-29,サイバーコネクトツー,戦場のフーガ,33,YES,SRPG,サイバーコネクトツー,0,1,シミュレーションRPG,その他
2021-07-29,日本一ソフトウェア,真 流行り神3,31,YES,ADV,日本一ソフトウェア,0,1,ホラーアドベンチャー,その他
2021-07-29,LLC KURENTER,音波,-,,ETC,LLC KURENTER,0,1,その他,その他
2021-08-05,Artax Games,123 Dots,-,,ETC,Artax Games,0,1,その他,その他
2021-08-05,Draknek,A Monster's Expedition,-,,ETC,Draknek,0,1,その他,その他
2021-08-05,Gamuzumi,Dating Life: マイリー&エミリー,-,,ETC,Gamuzumi,0,1,その他,その他
2021-08-05,Humble Games,Dodgeball Academia,-,,ETC,Humble Games,0,1,その他,その他
2021-08-05,Flightless,Doomsday Vault 終末のヴォールト,-,,ETC,Flightless,0,1,その他,その他
2021-08-05,Freedom Games,Dreamscaper,-,,ETC,Freedom Games,0,1,その他,その他
2021-08-05,Mooneye Studios,Haven Park,-,,ETC,Mooneye Studios,0,1,その他,その他
2021-08-05,Turtle Cream,I.F.O,-,,ETC,Turtle Cream,0,1,その他,その他
2021-08-05,Pix Arts,International Table Tennis,-,,ETC,Pix Arts,0,1,その他,その他
2021-08-05,レジスタ,MistWorld the after,-,,ETC,レジスタ,0,1,その他,その他
2021-08-05,ハイブリッド・スクアード,PONPU,-,,ETC,ハイブリッド・スクアード,0,1,その他,その他
2021-08-05,Pretty Fly Games,Snake vs Snake,-,,ETC,Pretty Fly Games,0,1,その他,その他
2021-08-05,Pix Arts,US Navy Sea Conflict,-,,ETC,Pix Arts,0,1,その他,その他
2021-08-05,eastasiasoft,エターナムEX,-,,ETC,eastasiasoft,0,1,その他,その他
2021-08-05,Soedesco（英語版）,カゼと野生のマスク,-,,ETC,Soedesco（英語版）,0,1,その他,その他
2021-08-05,コーラス・ワールドワイド,スターハンターDX,-,,ETC,コーラス・ワールドワイド,0,1,その他,その他
2021-08-05,Sabec,スネーク&ラダーズ,-,,ETC,Sabec,0,1,その他,その他
2021-08-05,タカラトミー,デュエマであそぼう!,-,,ETC,タカラトミー,0,1,その他,その他
2021-08-05,ジュピター,ピクロスS MEGA DRIVE & MARKIII edition,-,,ETC,ジュピター,0,1,その他,その他
2021-08-05,3goo,ファルコニア ウォリアーエディション プレミアムパック（英語版）,-,YES,ETC,3goo,0,1,その他,その他
2021-08-05,テヨンジャパン,ラジィ 古の伝説（英語版）,31,,AADV,テヨンジャパン,0,1,アクションアドベンチャー,その他
2021-08-05,RedDeerGames,最後の調査,-,,ETC,RedDeerGames,0,1,その他,その他
2021-08-05,Blacksmith DoubleCircle,激闘関数電卓,-,,ETC,Blacksmith DoubleCircle,0,1,その他,その他
2021-08-05,ハッピーミール,発掘!恐竜パズルDX,-,,ETC,ハッピーミール,0,1,その他,その他
2021-08-05,クラウディッドレパードエンタテインメント,英雄伝説 閃の軌跡II:改 -The Erebonian Civil War-,-,YES,ETC,クラウディッドレパードエンタテインメント,0,1,その他,その他
2021-08-05,レジスタ,開かずの庭からの脱出,-,,ETC,レジスタ,0,1,その他,その他
2021-08-10,Subliminal,ボタンシティ,-,,ETC,Subliminal,0,1,その他,その他
2021-08-12,Thomas Happ Games,Axiom Verge 2（英語版）,-,,ETC,Thomas Happ Games,0,1,その他,その他
2021-08-12,Kitfox Games（英語版）,Boyfriend Dungeon（英語版）,30,,AADV,Kitfox Games（英語版）,0,1,アクションアドベンチャー,その他
2021-08-12,Thunderful,Curious Expedition 2,-,,ETC,Thunderful,0,1,その他,その他
2021-08-12,Monomi Park,Slime Rancher: Plortable Edition,-,,ETC,Monomi Park,0,1,その他,その他
2021-08-12,PLAYISM,ネクロバリスタ:最期の一杯,-,,ETC,PLAYISM,0,1,その他,その他
2021-08-12,Coatsink Software,島の民: コンソール版,-,,ETC,Coatsink Software,0,1,その他,その他
2021-08-12,KONAMI,遊戯王ラッシュデュエル 最強バトルロイヤル!!,-,YES,ETC,KONAMI,0,1,その他,その他
2021-08-13,ジー・モード,ナンプレClassic,-,,ETC,ジー・モード,0,1,その他,その他
2021-08-13,ALL IN! GAMES,フォートトライアンフ,-,,ETC,ALL IN! GAMES,0,1,その他,その他
2021-08-16,Digixart Entertainment,Road 96,32,,ADV,Digixart Entertainment,0,1,ロードトリップアドベンチャー,その他
2021-08-17,Team17,グリーク:アズールの記憶,30,,AADV,Team17,0,1,アクションアドベンチャー,その他
2021-08-17,THQ Nordic ジャパン,パイルアップ!ボックス・バイ・ボックス,-,,ETC,THQ Nordic ジャパン,0,1,その他,その他
2021-08-18,H2 INTERACTIVE,Out of Line,-,,ETC,H2 INTERACTIVE,0,1,その他,その他
2021-08-19,アイディアファクトリー,AMNESIA World for Nintendo Switch,31,YES,ADV,アイディアファクトリー,0,1,女性向け恋愛アドベンチャー,その他
2021-08-19,Prison Games,Checkers for Kids,-,,ETC,Prison Games,0,1,その他,その他
2021-08-19,アイディアファクトリー,Death end re;Quest2,32,,RPG,アイディアファクトリー,0,1,RPG,その他
2021-08-19,Piotr Skalski,Dungeon's Hell,-,,ETC,Piotr Skalski,0,1,その他,その他
2021-08-19,Pix Arts,Easy Flight Simulator,-,,ETC,Pix Arts,0,1,その他,その他
2021-08-19,Merge Games,FORECLOSED,-,,ETC,Merge Games,0,1,その他,その他
2021-08-19,Baltoro Games,Freecell Solitaire Deluxe,-,,ETC,Baltoro Games,0,1,その他,その他
2021-08-19,Baltoro Games,Lines Frenzy,-,,ETC,Baltoro Games,0,1,その他,その他
2021-08-19,HERO CONCEPT,Mayhem Brawler,-,,ETC,HERO CONCEPT,0,1,その他,その他
2021-08-19,あまた,NOSTALGIC TRAIN,-,,ETC,あまた,0,1,その他,その他
2021-08-19,Pix Arts,Pop Blocks,-,,ETC,Pix Arts,0,1,その他,その他
2021-08-19,eastasiasoft,Rogue Explorer,-,,ETC,eastasiasoft,0,1,その他,その他
2021-08-19,QUByte Interactive,Super Hiking League DX,-,,ETC,QUByte Interactive,0,1,その他,その他
2021-08-19,Piotr Skalski,Tomb Sweeper,-,,ETC,Piotr Skalski,0,1,その他,その他
2021-08-19,コーラス・ワールドワイド,What Comes After,-,,ETC,コーラス・ワールドワイド,0,1,その他,その他
2021-08-19,ROKiT Games,Where's Samantha?,-,,ETC,ROKiT Games,0,1,その他,その他
2021-08-19,Gamuzumi,サクラ・サキュバス4 〜真夏のハーレム休暇〜,-,,ETC,Gamuzumi,0,1,その他,その他
2021-08-19,プラチナロケット,スマッシング・ザ・バトル ゴーストソウル,-,,ETC,プラチナロケット,0,1,その他,その他
2021-08-19,Maze Theory,ドクター・フー 孤独な暗殺者,-,,ETC,Maze Theory,0,1,その他,その他
2021-08-19,3goo,リムズ レーシング,31,YES,SLG,3goo,0,1,リアル・バイク・シミュレーター,その他
2021-08-19,レジスタ,奇妙な遺跡からの脱出,-,,ETC,レジスタ,0,1,その他,その他
2021-08-19,Nikita Alexeevich,宇宙戦士,-,,ETC,Nikita Alexeevich,0,1,その他,その他
2021-08-19,ソニックパワード,悪夢の妖怪村,-,,ETC,ソニックパワード,0,1,その他,その他
2021-08-20,TeamFractalAlligator,Wrestledunk Sports,-,,ETC,TeamFractalAlligator,0,1,その他,その他
2021-08-20,レオフル,パラダイスキラー,32,,ETC,レオフル,0,1,オープンワールド殺人ミステリー,その他
2021-08-24,Koch Media,King's Bounty II（英語版）,31,YES,SRPG,Koch Media,0,1,シミュレーションRPG,その他
2021-08-26,NAPS Team（英語版）,Baldo The Guardian Owls（英語版）,-,,ETC,NAPS Team（英語版）,0,1,その他,その他
2021-08-26,QUByte Interactive,How Buddy's parents met,-,,ETC,QUByte Interactive,0,1,その他,その他
2021-08-26,Pixmain,Inked: A Tale of Love（英語版）,-,,ETC,Pixmain,0,1,その他,その他
2021-08-26,Klabater,May's Mysteries: The Secret of Dragonville,-,,ETC,Klabater,0,1,その他,その他
2021-08-26,eastasiasoft,Pretty Girls Panic!,-,,ETC,eastasiasoft,0,1,その他,その他
2021-08-26,QUByte Interactive,Puzzletronics,-,,ETC,QUByte Interactive,0,1,その他,その他
2021-08-26,QUByte Interactive,Reason - Casual Puzzle,-,,ETC,QUByte Interactive,0,1,その他,その他
2021-08-26,Yooreka Studio,RichMan 10（英語版）,-,,ETC,Yooreka Studio,0,1,その他,その他
2021-08-26,QUByte Interactive,Savage Halloween,-,,ETC,QUByte Interactive,0,1,その他,その他
2021-08-26,リイカ,SHAPE SUITABLE:らくがきパズル,-,,ETC,リイカ,0,1,その他,その他
2021-08-26,Baltoro Games,Spider Solitaire スパイダー・ソリティア,-,,ETC,Baltoro Games,0,1,その他,その他
2021-08-26,tinyBuild Games,Totally Reliable Delivery Service,-,,ETC,tinyBuild Games,0,1,その他,その他
2021-08-26,Raw Fury,Townscaper（英語版）,-,,ETC,Raw Fury,0,1,その他,その他
2021-08-26,QUByte Interactive,Valentina,-,,ETC,QUByte Interactive,0,1,その他,その他
2021-08-26,My.com（英語版）,Warface,-,,ETC,My.com（英語版）,0,1,その他,その他
2021-08-26,Wildbus Studio,Wildbus,-,,ETC,Wildbus Studio,0,1,その他,その他
2021-08-26,エンターグラム,かけぬけ★青春スパーキング!,-,YES,ETC,エンターグラム,0,1,その他,その他
2021-08-26,オーイズミ・アミュージオ,オーバーライド 2:スーパーメカリーグ ULTRAMAN DX Edition（英語版）,-,YES,ETC,オーイズミ・アミュージオ,0,1,その他,その他
2021-08-26,トローゼ,ガールズタンクバトル,-,,ETC,トローゼ,0,1,その他,その他
2021-08-26,レイニーフロッグ,キッズプレイ 風船割り:数・文字・色・動物など,-,,ETC,レイニーフロッグ,0,1,その他,その他
2021-08-26,AlignmentSharp,ケープ君の脱出ゲーム 3部屋目,-,,ETC,AlignmentSharp,0,1,その他,その他
2021-08-26,Pikii,サマー イン マーラ,-,YES,ETC,Pikii,0,1,その他,その他
2021-08-26,日本一ソフトウェア,ソウルクレイドル 世界を喰らう者,-,,ETC,日本一ソフトウェア,0,1,その他,その他
2021-08-26,Funbox Media,ダークスローン,-,,ETC,Funbox Media,0,1,その他,その他
2021-08-26,ハイブリッド・スクアード,チェスパズル Knight Swap 2,-,,ETC,ハイブリッド・スクアード,0,1,その他,その他
2021-08-26,THQ Nordic ジャパン,デストロイ オール ヒューマンズ!（英語版）,30,YES,AADV,THQ Nordic ジャパン,0,1,SFアクションアドベンチャー,その他
2021-08-26,日本一ソフトウェア,ファントム・ブレイブ,-,,ETC,日本一ソフトウェア,0,1,その他,その他
2021-08-26,SAT-BOX,ボクらの消しゴム落とし 新学期,-,,ETC,SAT-BOX,0,1,その他,その他
2021-08-26,NAパブリッシング,レトロ・マキナ〜無人の世界〜,-,,ETC,NAパブリッシング,0,1,その他,その他
2021-08-26,MeteorbyteStudios,ワールドサッカーストライカーズ'91,-,,ETC,MeteorbyteStudios,0,1,その他,その他
2021-08-26,Nikita Alexeevich,国内市場車レーシング-2,-,,ETC,Nikita Alexeevich,0,1,その他,その他
2021-08-26,カエルエックス,変身少女 Second Magic,-,,ETC,カエルエックス,0,1,その他,その他
2021-08-26,アニプレックス,月姫 -A piece of blue glass moon-,-,YES,ETC,アニプレックス,5246_0m_3125n,1,その他,その他
2021-08-26,Microids（英語版）,殺人ミステリーマシーン,-,,ETC,Microids（英語版）,0,1,その他,その他
2021-08-26,エンターグラム,神様のような君へ,-,YES,ETC,エンターグラム,0,1,その他,その他
2021-08-26,クラウディッドレパードエンタテインメント,英雄伝説 創の軌跡,-,YES,ETC,クラウディッドレパードエンタテインメント,0,1,その他,その他
2021-08-26,アイディアファクトリー,薄桜鬼 真改 黎明録,-,YES,ETC,アイディアファクトリー,0,1,その他,その他
2021-08-26,Funbox Media,魔女ハンター,-,,ETC,Funbox Media,0,1,その他,その他
2021-08-27,tinyBuild Games,Secret Neighbor,-,,ETC,tinyBuild Games,0,1,その他,その他
2021-08-27,マーベラス,ノーモア★ヒーローズ3（英語版）,-,YES,ETC,マーベラス,0,1,その他,その他
2021-09-02,Draknek,A Good Snowman Is Hard To Build（英語版）,-,,ETC,Draknek,0,1,その他,その他
2021-09-02,Nakana.io,A Night at the Races,-,,ETC,Nakana.io,0,1,その他,その他
2021-09-02,QUByte Interactive,ASMR Journey - Jigsaw Puzzle,-,,ETC,QUByte Interactive,0,1,その他,その他
2021-09-02,Draknek,Cosmic Express（英語版）,-,,ETC,Draknek,0,1,その他,その他
2021-09-02,日本一ソフトウェア,Darkwood（英語版）,-,,ETC,日本一ソフトウェア,0,1,その他,その他
2021-09-02,QUByte Interactive,Dongo Adventure,-,,ETC,QUByte Interactive,0,1,その他,その他
2021-09-02,Artifex Mundi,Endless Fables: 陰の王国,-,,ETC,Artifex Mundi,0,1,その他,その他
2021-09-02,McPeppergames,Funny Farm - 子供と幼児のための面白い農場の動物ジグソーパズルゲーム,-,,ETC,McPeppergames,0,1,その他,その他
2021-09-02,Pix Arts,Hammer 2 Reloaded,-,,ETC,Pix Arts,0,1,その他,その他
2021-09-02,GAMEDIA,HIX: Puzzle Islands,-,,ETC,GAMEDIA,0,1,その他,その他
2021-09-02,Game Source Entertainment,KeyWe-キーウィ-,-,YES,ETC,Game Source Entertainment,0,1,その他,その他
2021-09-02,Neon Doctrine,Lamentum,-,,ETC,Neon Doctrine,0,1,その他,その他
2021-09-02,Merge Games,Monster Harvest,-,,ETC,Merge Games,0,1,その他,その他
2021-09-02,CELLNAVI,Smash Reversi,-,,ETC,CELLNAVI,0,1,その他,その他
2021-09-02,Draknek,Sokobond（英語版）,-,,ETC,Draknek,0,1,その他,その他
2021-09-02,QUByte Interactive,Space Elite Force,-,,ETC,QUByte Interactive,0,1,その他,その他
2021-09-02,QUByte Interactive,Space Elite Force II,-,,ETC,QUByte Interactive,0,1,その他,その他
2021-09-02,QUByte Interactive,Tinker Racers,-,,ETC,QUByte Interactive,0,1,その他,その他
2021-09-02,Humble Games,Void Bastards（英語版）,-,,ETC,Humble Games,0,1,その他,その他
2021-09-02,ケムコ,アームド&ゴーレム,-,,ETC,ケムコ,0,1,その他,その他
2021-09-02,レイニーフロッグ,キッズプレイ 動物パズル,-,,ETC,レイニーフロッグ,0,1,その他,その他
2021-09-02,Sabec,チェッカーズ,-,,ETC,Sabec,0,1,その他,その他
2021-09-02,角川ゲームス,デモンゲイズ エクストラ,-,YES,ETC,角川ゲームス,0,1,その他,その他
2021-09-02,アークシステムワークス,ニャンザの冒険,-,,ETC,アークシステムワークス,0,1,その他,その他
2021-09-02,Rising Win Tech.,ファーマーズコープ:アウト オブ ディス ワールド,-,,ETC,Rising Win Tech.,0,1,その他,その他
2021-09-02,カリプソメディアジャパン,ポートロイヤル4,-,YES,ETC,カリプソメディアジャパン,0,1,その他,その他
2021-09-02,Game Mavericks,ラリーレーサー:オフロードレーシングカーゲーム,-,,ETC,Game Mavericks,0,1,その他,その他
2021-09-02,eastasiasoft,ラーヴァとサイクロプスの呪い,-,,ETC,eastasiasoft,0,1,その他,その他
2021-09-02,Otorakobo,白の少女,-,,ETC,Otorakobo,0,1,その他,その他
2021-09-02,Sometimes You,肺胞,-,,ETC,Sometimes You,0,1,その他,その他
2021-09-09,プロトタイプ,AIR,-,YES,ETC,プロトタイプ,0,1,その他,その他
2021-09-09,McPeppergames,Animal Puzzle - 子供と幼児のための動物パズル就学前学習ゲーム,-,,ETC,McPeppergames,0,1,その他,その他
2021-09-09,QUByte Interactive,Ant-Gravity: Tiny's Adventure,-,,ETC,QUByte Interactive,0,1,その他,その他
2021-09-09,Limitless,Apple Knight,-,,ETC,Limitless,0,1,その他,その他
2021-09-09,Pix Arts,Block Puzzle,-,,ETC,Pix Arts,0,1,その他,その他
2021-09-09,Daedalic Entertainment,Chaos on Deponia（英語版）,-,,ETC,Daedalic Entertainment,0,1,その他,その他
2021-09-09,NAISU,Dark Fantasy: Jigsaw Puzzle 2,-,,ETC,NAISU,0,1,その他,その他
2021-09-09,Koch Media,Dice Legacy,-,,ETC,Koch Media,0,1,その他,その他
2021-09-09,Sabec,Dogfight,-,,ETC,Sabec,0,1,その他,その他
2021-09-09,Triple-I Games,Hindsight 20/20 - Wrath of the Raakshasa,-,,ETC,Triple-I Games,0,1,その他,その他
2021-09-09,Baltoro Games,Knights & Guns,-,,ETC,Baltoro Games,0,1,その他,その他
2021-09-09,MoeNovel,LoveKami -Healing Harem-,-,,ETC,MoeNovel,0,1,その他,その他
2021-09-09,AbsoDev,Luna's Fishing Garden,-,,ETC,AbsoDev,0,1,その他,その他
2021-09-09,QUByte Interactive,Puzzle Car,-,,ETC,QUByte Interactive,0,1,その他,その他
2021-09-09,Pix Arts,Space Wars,-,,ETC,Pix Arts,0,1,その他,その他
2021-09-09,Sabec,Teddy Gangs,-,,ETC,Sabec,0,1,その他,その他
2021-09-09,日本一ソフトウェア,イースIX -Monstrum NOX-,35,YES,ARPG,日本一ソフトウェア,5327_0m_3206,1,アクションRPG,その他
2021-09-09,イントラゲームズ,ウルトラエージ,30,YES,ACT,イントラゲームズ,0,1,ハイスピードアクション,その他
2021-09-09,Live Wire,エスプガルーダII 〜覚聖せよ。生まれし第三の輝石〜,-,,ETC,Live Wire,5481_0m_3361n,1,その他,その他
2021-09-09,Game Mavericks,オフロード運転シミュレーター4x4:トラックとSUVトロフィー,-,,ETC,Game Mavericks,0,1,その他,その他
2021-09-09,Liquid Bit,キラークイーンブラック（英語版）,-,,ETC,Liquid Bit,0,1,その他,その他
2021-09-09,Hyperstrange,クロスボウ・ブラッドナイト,-,,ETC,Hyperstrange,0,1,その他,その他
2021-09-09,セガ,ソニックカラーズ アルティメット,34,YES,ACT,セガ,0,1,3Dハイスピードアクション,その他
2021-09-09,eastasiasoft,バツ・タ・バツ,-,,ETC,eastasiasoft,0,1,その他,その他
2021-09-09,BBG Entertainment,バルダーダッシュデラックス,-,,ETC,BBG Entertainment,0,1,その他,その他
2021-09-09,オレンジ,パズルハムスター 〜地球冒険記〜,-,,ETC,オレンジ,0,1,その他,その他
2021-09-09,EpiXR,リーチフォーザヘブン,-,,ETC,EpiXR,0,1,その他,その他
2021-09-09,Game Mavericks,車の運転シミュレーター,-,,ETC,Game Mavericks,0,1,その他,その他
2021-09-10,ラタライカゲームス,Love Choice 愛の選択,-,,ETC,ラタライカゲームス,0,1,その他,その他
2021-09-10,テイクツー・インタラクティブ・ジャパン,NBA 2K22,-,YES,ETC,テイクツー・インタラクティブ・ジャパン,0,1,その他,その他
2021-09-10,任天堂,おすそわける メイド イン ワリオ,33,YES,ACT,任天堂,5261_0m_3140,1,瞬間アクション,その他
2021-09-10,エレクトロニック・アーツ,ロスト・イン・ランダム（英語版）,-,,ETC,エレクトロニック・アーツ,0,1,その他,その他
2021-09-16,アイディアファクトリー,CharadeManiacs for Nintendo Switch,-,YES,ETC,アイディアファクトリー,0,1,その他,その他
2021-09-16,Collecting Smiles,Colors Live（英語版）,-,,ETC,Collecting Smiles,0,1,その他,その他
2021-09-16,Raw Thrills（英語版）,Cruis'n Blast（英語版）,-,,ETC,Raw Thrills（英語版）,0,1,その他,その他
2021-09-16,Chucklefish,Eastward（英語版）,31,YES,AADV,Chucklefish,0,1,アクションアドベンチャー,その他
2021-09-16,ISDEC Soluciones,Elva the Eco Dragon,-,,ETC,ISDEC Soluciones,0,1,その他,その他
2021-09-16,Phoenixx,Evergate,-,,ETC,Phoenixx,0,1,その他,その他
2021-09-16,Humble Games,Flynn: Son of Crimson,-,,ETC,Humble Games,0,1,その他,その他
2021-09-16,CREST,METALLIC CHILD,32,YES,ACT,CREST,0,1,ローグライト・コアアクション,その他
2021-09-16,eastasiasoft,Poker Pretty Girls Battle: Texas Hold'em,-,,ETC,eastasiasoft,0,1,その他,その他
2021-09-16,レジスタ,PREDATOR AND WREAK 捕食者と崩壊,-,,ETC,レジスタ,0,1,その他,その他
2021-09-16,Other Ocean（英語版）,Project Winter,-,,ETC,Other Ocean（英語版）,0,1,その他,その他
2021-09-16,QUByte Interactive,Rift Adventure,-,,ETC,QUByte Interactive,0,1,その他,その他
2021-09-16,Glass Bottom Games,SkateBIRD（英語版）,-,,ETC,Glass Bottom Games,0,1,その他,その他
2021-09-16,Double Dash Studios,Sky Racket（英語版）,-,,ETC,Double Dash Studios,0,1,その他,その他
2021-09-16,Manekoware,にゃんこラテラル・ダメージ:リマスター版,-,,ETC,Manekoware,0,1,その他,その他
2021-09-16,エンターグラム,アママネ2,-,,ETC,エンターグラム,0,1,その他,その他
2021-09-16,No Gravity Games,クラシック・ロジカル・バンドル,-,,ETC,No Gravity Games,0,1,その他,その他
2021-09-16,MAGES.,シンスメモリーズ 星天の下で,-,YES,ETC,MAGES.,0,1,その他,その他
2021-09-16,ボトルキューブ,ジグソーマスターピースEX 神連鎖ジュエルヘヴン,-,,ETC,ボトルキューブ,0,1,その他,その他
2021-09-16,カリプソメディアジャパン,スペースベース スタートピア（英語版）,-,YES,ETC,カリプソメディアジャパン,0,1,その他,その他
2021-09-16,ブシロード,バンドリ! ガールズバンドパーティ! for Nintendo Switch,31,YES,音,ブシロード,0,1,リズムアドベンチャー,その他
2021-09-16,EpiXR,マーダーダイアリーズ,-,,ETC,EpiXR,0,1,その他,その他
2021-09-16,SNK,メタルスラッグ ファースト&セカンドミッション ダブルパック,-,,ETC,SNK,0,1,その他,その他
2021-09-16,レベルファイブ,二ノ国II レヴァナントキングダム All In One Edition,38,YES,RPG,レベルファイブ,0,1,ファンタジーRPG,その他
2021-09-16,レジスタ,要塞刑務所からの脱出,-,,ETC,レジスタ,0,1,その他,その他
2021-09-17,Klabater,The Amazing American Circus,-,,ETC,Klabater,0,1,その他,その他
2021-09-17,Something We Made,TOEM,-,,ETC,Something We Made,0,1,その他,その他
2021-09-17,United Label,テイルズ・オブ・アイアン Tails of Iron,-,,ETC,United Label,0,1,その他,その他
2021-09-22,Nomad Games,Fighting Fantasy Legends,-,,ETC,Nomad Games,0,1,その他,その他
2021-09-22,Pix Arts,Galactic Invasion,-,,ETC,Pix Arts,0,1,その他,その他
2021-09-22,Virtual Basement,The Mean Greens - Plastic Warfare,-,,ETC,Virtual Basement,0,1,その他,その他
2021-09-22,エディア,きらきらスターズ -idol project Memories-,-,,ETC,エディア,0,1,その他,その他
2021-09-22,プロトタイプ,グリザイア ファントムトリガー 06,-,,ETC,プロトタイプ,0,1,その他,その他
2021-09-22,バンダイナムコエンターテインメント,ドラゴンボールZ カカロット + 新たなる覚醒セット,-,YES,ETC,バンダイナムコエンターテインメント,0,1,その他,その他
2021-09-22,RedDeerGames,ハウストリア,-,,ETC,RedDeerGames,0,1,その他,その他
2021-09-22,Bowlcut Studios,メイジクイット,-,,ETC,Bowlcut Studios,0,1,その他,その他
2021-09-24,KONAMI,Castlevania Advance Collection,-,,ETC,KONAMI,0,1,その他,その他
2021-09-24,Alcyone Studio,Mountain Bike Hill Climb Race: Real Physics Fun 2D Arcade Speed Drive Dirt Racing Games,-,,ETC,Alcyone Studio,0,1,その他,その他
2021-09-24,パラダイムシフト,Red Rope -運命の赤い縄-,-,,ETC,パラダイムシフト,0,1,その他,その他
2021-09-24,ユビタス,The Forgotten City - Cloud Version（英語版）,-,,ETC,ユビタス,0,1,その他,その他
2021-09-24,スクウェア・エニックス,アクトレイザー・ルネサンス,-,,ETC,スクウェア・エニックス,0,1,その他,その他
2021-09-24,Blizzard Entertainment,ディアブロ II リザレクテッド,-,,ETC,Blizzard Entertainment,0,1,その他,その他
2021-09-24,パラダイムシフト,バグアカデミー,-,,ETC,パラダイムシフト,0,1,その他,その他
2021-09-28,NEOWIZ,Dandy Ace,-,,ETC,NEOWIZ,0,1,その他,その他
2021-09-30,Critical Reflex,Aeon Drive,-,,ETC,Critical Reflex,0,1,その他,その他
2021-09-30,MAGES.,B-PROJECT 流星*ファンタジア,-,YES,ETC,MAGES.,0,1,その他,その他
2021-09-30,フライペンギン,BARRICADEZ ReVisited,-,,ETC,フライペンギン,0,1,その他,その他
2021-09-30,Pix Arts,Beat Them All,-,,ETC,Pix Arts,0,1,その他,その他
2021-09-30,eastasiasoft,BFF or Die,-,,ETC,eastasiasoft,0,1,その他,その他
2021-09-30,Draknek,Bonfire Peaks,-,,ETC,Draknek,0,1,その他,その他
2021-09-30,Atari,Centipede: Recharged,-,,ETC,Atari,0,1,その他,その他
2021-09-30,D-Games,Colsword,-,,ETC,D-Games,0,1,その他,その他
2021-09-30,Natsume Inc.,ConnecTank,-,,ETC,Natsume Inc.,0,1,その他,その他
2021-09-30,Koch Media,HOT WHEELS UNLEASHED,30,YES,RCG,Koch Media,0,1,アクションレース,その他
2021-09-30,ISDEC Soluciones,Math Classroom Challenge,-,,ETC,ISDEC Soluciones,0,1,その他,その他
2021-09-30,ディライトワークス,MELTY BLOOD: TYPE LUMINA,-,YES,ETC,ディライトワークス,0,1,その他,その他
2021-09-30,Gametry,Miners Races,-,,ETC,Gametry,0,1,その他,その他
2021-09-30,AlignmentSharp,RPGの最初の村の準備をしよう,-,,ETC,AlignmentSharp,0,1,その他,その他
2021-09-30,Mossmouth,Spelunky,-,,ETC,Mossmouth,0,1,その他,その他
2021-09-30,Mossmouth,Spelunky 2,30,,AADV,Mossmouth,0,1,アクションアドベンチャー,その他
2021-09-30,Tribute Games（英語版）,Steel Assault（英語版）,-,,ETC,Tribute Games（英語版）,0,1,その他,その他
2021-09-30,Gametry,Stickman: Far East Battle,-,,ETC,Gametry,0,1,その他,その他
2021-09-30,ディースリー・パブリッシャー,THE カードバトル 〜Eternal Destiny〜,-,,ETC,ディースリー・パブリッシャー,0,1,その他,その他
2021-09-30,Humble Games,UNSIGHTED,31,,AADV,Humble Games,0,1,アクションアドベンチャー,その他
2021-09-30,Sabec,Xylophone,-,,ETC,Sabec,0,1,その他,その他
2021-09-30,Microids,アガサ・クリスティ - エルキュール・ポアロ:初事件,-,,ETC,Microids,0,1,その他,その他
2021-09-30,ケムコ,アスディバインサーガ,-,,ETC,ケムコ,0,1,その他,その他
2021-09-30,サクセス,ガーディアンフォース サターントリビュート,-,,ETC,サクセス,0,1,その他,その他
2021-09-30,eastasiasoft,クライシス・ウィング,-,,ETC,eastasiasoft,0,1,その他,その他
2021-09-30,シティコネクション,コットン ガーディアンフォース サターントリビュート,-,YES,ETC,シティコネクション,0,1,その他,その他
2021-09-30,Gamuzumi,サクラ水泳部 〜転校生の決意〜,-,,ETC,Gamuzumi,0,1,その他,その他
2021-09-30,LLC KURENTER,スプラッター Splatter,-,,ETC,LLC KURENTER,0,1,その他,その他
2021-09-30,アイディアファクトリー,スペードの国のアリス 〜Wonderful White World〜,32,YES,ADV,アイディアファクトリー,0,1,銃弾飛び交う恋愛AVG,その他
2021-09-30,ビーシュピール,ソラリオ:協力謎解きゲーム,-,,ETC,ビーシュピール,0,1,その他,その他
2021-09-30,テヨンジャパン,ブラックフューチャー '88,-,,ETC,テヨンジャパン,0,1,その他,その他
2021-09-30,サクセス,マジカルナイトドリームズ コットン2 サターントリビュート,-,,ETC,サクセス,0,1,その他,その他
2021-09-30,サクセス,マジカルナイトドリームズ コットンブーメラン サターントリビュート,-,,ETC,サクセス,0,1,その他,その他
2021-09-30,Phoenixx,不思議の幻想郷 -ロータスラビリンスR-,-,,ETC,Phoenixx,0,1,その他,その他
2021-09-30,MAGES.,宮本算数教室 賢くなるパズル 大全,-,YES,ETC,MAGES.,0,1,その他,その他
2021-10-01,エレクトロニック・アーツ,FIFA 22 Legacy Edition,-,YES,ETC,エレクトロニック・アーツ,5519_0m_3399,1,その他,その他
2021-10-01,ラタライカゲームス,タコリタ・ミーツ・ポテト,-,,ETC,ラタライカゲームス,0,1,その他,その他
2021-10-07,RedDeerGames,AAAクロック,-,,ETC,RedDeerGames,0,1,その他,その他
2021-10-07,McPeppergames,Balloon Pop - 就学前の子供と幼児のための学習ゲーム・14の言語で数字・文字・形・色を学ぶ,-,,ETC,McPeppergames,0,1,その他,その他
2021-10-07,ChiliDog Interactive,Earth Marines,-,,ETC,ChiliDog Interactive,0,1,その他,その他
2021-10-07,Artifex Mundi,Enigmatis 3: カークハラの影,-,,ETC,Artifex Mundi,0,1,その他,その他
2021-10-07,Neon Doctrine,Jack Axe,-,,ETC,Neon Doctrine,0,1,その他,その他
2021-10-07,QUByte Interactive,Magicolors,-,,ETC,QUByte Interactive,0,1,その他,その他
2021-10-07,QUByte Interactive,Missing Features: 2D,-,,ETC,QUByte Interactive,0,1,その他,その他
2021-10-07,Fellow Traveller,No Longer Home,-,,ETC,Fellow Traveller,0,1,その他,その他
2021-10-07,GetAGame,PandaBall,-,,ETC,GetAGame,0,1,その他,その他
2021-10-07,LKMAD,Panmorphia,-,,ETC,LKMAD,0,1,その他,その他
2021-10-07,Gametry,Pool Puzzles,-,,ETC,Gametry,0,1,その他,その他
2021-10-07,eastasiasoft,Pretty Girls Mahjong Solitaire,-,,ETC,eastasiasoft,0,1,その他,その他
2021-10-07,Gametry,Simple Dominoes,-,,ETC,Gametry,0,1,その他,その他
2021-10-07,Asylum Square Interactive,Sophia's World,-,,ETC,Asylum Square Interactive,0,1,その他,その他
2021-10-07,eastasiasoft,Super Arcade Soccer 2021,-,,ETC,eastasiasoft,0,1,その他,その他
2021-10-07,SFB Games（英語版）,Tangle Tower（英語版）,31,,ADV,SFB Games（英語版）,0,1,推理アドベンチャー,その他
2021-10-07,Pix Arts,Top Down Racer,-,,ETC,Pix Arts,0,1,その他,その他
2021-10-07,Samurai Punk,TRIOS - lofi ビート/チルアウトするための数字,-,,ETC,Samurai Punk,0,1,その他,その他
2021-10-07,QUByte Interactive,Underland,-,,ETC,QUByte Interactive,0,1,その他,その他
2021-10-07,セガ,たべごろ!スーパーモンキーボール 1&2リメイク,-,YES,ETC,セガ,0,1,その他,その他
2021-10-07,3goo,アストリア アセンディング,-,YES,ETC,3goo,0,1,その他,その他
2021-10-07,Funselektor,アブソリュート ドリフト（英語版）,-,,ETC,Funselektor,0,1,その他,その他
2021-10-07,No Gravity Games,クリーピーテイル2,-,,ETC,No Gravity Games,0,1,その他,その他
2021-10-07,No Gravity Games,スーパーソニックタンク・キャッツ,-,,ETC,No Gravity Games,0,1,その他,その他
2021-10-07,PLAYISM,ドキドキ文芸部プラス!,-,YES,ETC,PLAYISM,5533_0m_3412,1,その他,その他
2021-10-07,スターサイン,ハロウィン スノーボールバブル,-,,ETC,スターサイン,0,1,その他,その他
2021-10-07,アフィリティ,ヒュプノノーツ,-,,ETC,アフィリティ,0,1,その他,その他
2021-10-07,Game Mavericks,ロボットカー戦争:戦闘機を変換,-,,ETC,Game Mavericks,0,1,その他,その他
2021-10-07,ハッピーミール,発掘!古代生物パズル,-,,ETC,ハッピーミール,0,1,その他,その他
2021-10-07,アイディアファクトリー,終遠のヴィルシュ -ErroR:salvation-,33,YES,ADV,アイディアファクトリー,5531_0m_3411,1,女性向け恋愛アドベンチャー,その他
2021-10-07,賈船,続・陽春白雪 結星諧調 Lyrica2 Stars Align,-,,ETC,賈船,0,1,その他,その他
2021-10-07,賈船,陽春白雪 Lyrica & 続・陽春白雪 結星諧調 Lyrica2 Stars Align,-,YES,ETC,賈船,0,1,その他,その他
2021-10-07,サイバーステップ,雨音スイッチ -AmaneSwitch-,-,,ETC,サイバーステップ,0,1,その他,その他
2021-10-08,Enhance,テトリス エフェクト・コネクテッド,-,,ETC,Enhance,0,1,その他,その他
2021-10-08,任天堂,メトロイド ドレッド,34,YES,AADV,任天堂,5260_0m_3139,1,アクションアドベンチャー,その他
2021-10-13,パーフェクト・ワールド,Lumione,-,,ETC,パーフェクト・ワールド,0,1,その他,その他
2021-10-14,Playtonic Friends（英語版）,A Little Golf Journey,30,,SPT,Playtonic Friends（英語版）,0,1,ゴルフ,その他
2021-10-14,Focus Home Interactive,Aeon Must Die!,-,,ETC,Focus Home Interactive,0,1,その他,その他
2021-10-14,Gametry,Battle of Archers,-,,ETC,Gametry,0,1,その他,その他
2021-10-14,Studio Somewhere,Bonito Days,-,,ETC,Studio Somewhere,0,1,その他,その他
2021-10-14,DMM GAMES/EXNOA,CRSED: F.O.A.D.,-,,ETC,DMM GAMES/EXNOA,0,1,その他,その他
2021-10-14,QUByte Interactive,Damn Dolls,-,,ETC,QUByte Interactive,0,1,その他,その他
2021-10-14,レイニーフロッグ,DRUM BOX,-,,ETC,レイニーフロッグ,0,1,その他,その他
2021-10-14,スクウェア・エニックス,DUNGEON ENCOUNTERS,-,,ETC,スクウェア・エニックス,0,1,その他,その他
2021-10-14,Orube Game Studio,Dwarf Journey,-,,ETC,Orube Game Studio,0,1,その他,その他
2021-10-14,JUSTDAN INTERNATIONAL,Fight of Animals: Arena,-,YES,ETC,JUSTDAN INTERNATIONAL,0,1,その他,その他
2021-10-14,McPeppergames,Halloween Jigsaw Puzzles - 子供と幼児のためのハロウィーンのジグソーパズルゲーム,-,,ETC,McPeppergames,0,1,その他,その他
2021-10-14,tinyBuild Games,Hello Neighbor,-,,ETC,tinyBuild Games,0,1,その他,その他
2021-10-14,eastasiasoft,Immortus Temporus,-,,ETC,eastasiasoft,0,1,その他,その他
2021-10-14,ハイブリッド・スクアード,Knight's Retreat チェスパズル:ナイツ リトリート,-,,ETC,ハイブリッド・スクアード,0,1,その他,その他
2021-10-14,Pix Arts,Medieval Tower Defense,-,,ETC,Pix Arts,0,1,その他,その他
2021-10-14,Revulo Games,Minigolf Adventure,-,,ETC,Revulo Games,0,1,その他,その他
2021-10-14,Vidas Games,Parasomnia Verum,-,,ETC,Vidas Games,0,1,その他,その他
2021-10-14,Gametry,Pocket Soccer,-,,ETC,Gametry,0,1,その他,その他
2021-10-14,QUByte Interactive,Red Ronin,-,,ETC,QUByte Interactive,0,1,その他,その他
2021-10-14,Freedom Games,Ruin Raiders,-,,ETC,Freedom Games,0,1,その他,その他
2021-10-14,Ember Entertainment,Survival Z,-,,ETC,Ember Entertainment,0,1,その他,その他
2021-10-14,PQube,Tears of Avia,-,,ETC,PQube,0,1,その他,その他
2021-10-14,eastasiasoft,Waifu ディスカバード2:中世ファンタジー,-,,ETC,eastasiasoft,0,1,その他,その他
2021-10-14,レジスタ,からくり刑務所からの脱出,-,,ETC,レジスタ,0,1,その他,その他
2021-10-14,レイニーフロッグ,アリエッタ オブ スピリッツ,-,,ETC,レイニーフロッグ,0,1,その他,その他
2021-10-14,Sometimes You,キャティとバティ:スピリットガイド,-,,ETC,Sometimes You,0,1,その他,その他
2021-10-14,Kistler Benjamin,スウィーツ・スウォップ,-,,ETC,Kistler Benjamin,0,1,その他,その他
2021-10-14,ライドオンジャパン,マーセナリーズリバース 追憶のワイルドリンクス,-,,ETC,ライドオンジャパン,0,1,その他,その他
2021-10-14,オニオンゲームス,モナムール,-,,ETC,オニオンゲームス,0,1,その他,その他
2021-10-14,フリュー,モナーク/Monark,30,YES,RPG,フリュー,5549_0m_3428,1,RPG,その他
2021-10-14,トローゼ,ラスト4アライブ ゾンビからの脱出,-,,ETC,トローゼ,0,1,その他,その他
2021-10-14,ディースリー・パブリッシャー,地球防衛軍3 for Nintendo Switch,30,YES,ASHT,ディースリー・パブリッシャー,5324_0m_3203,1,アクションシューティング,その他
2021-10-14,RedDeerGames,孤高,-,,ETC,RedDeerGames,0,1,その他,その他
2021-10-14,Puppet Combo,殺しの館,-,,ETC,Puppet Combo,0,1,その他,その他
2021-10-14,Jack Boylan,熊と大将さん,-,,ETC,Jack Boylan,0,1,その他,その他
2021-10-15,Shinyuden,Gley Lancer（英語版）,-,,ETC,Shinyuden,0,1,その他,その他
2021-10-15,PLAYISM,The Good Life,31,,SLG,PLAYISM,0,1,借金返済生活シミュレーター,その他
2021-10-15,GAME NACIONAL,Toroom,-,,ETC,GAME NACIONAL,0,1,その他,その他
2021-10-18,Tayanna Studios,月のダークサイド:インタラクティブなFMVスリラー,-,,ETC,Tayanna Studios,0,1,その他,その他
2021-10-21,CORECELL,AeternoBlade II: Director's Rewind,-,,ETC,CORECELL,0,1,その他,その他
2021-10-21,QUByte Interactive,Arcade Space Shooter 2 In 1,-,,ETC,QUByte Interactive,0,1,その他,その他
2021-10-21,コーエーテクモゲームス,BLUE REFLECTION TIE/帝,32,YES,RPG,コーエーテクモゲームス,0,1,ヒロイックRPG,その他
2021-10-21,eastasiasoft,Crazy Gravity,-,,ETC,eastasiasoft,0,1,その他,その他
2021-10-21,ハイブリッド・スクアード,Creature in the Well ◎謎の古代遺跡◎,-,,ETC,ハイブリッド・スクアード,0,1,その他,その他
2021-10-21,THQ Nordic ジャパン,Darksiders III（英語版）,-,,ETC,THQ Nordic ジャパン,0,1,その他,その他
2021-10-21,Artifex Mundi,Demon Hunter: 謎めいた光,-,,ETC,Artifex Mundi,0,1,その他,その他
2021-10-21,QUByte Interactive,Dracula Frames,-,,ETC,QUByte Interactive,0,1,その他,その他
2021-10-21,Flying Islands Team,Flaskoman,-,,ETC,Flying Islands Team,0,1,その他,その他
2021-10-21,Daedalic Entertainment,JARS,30,,PZL,Daedalic Entertainment,0,1,パズル、ストラテジー,その他
2021-10-21,ChiliDog Interactive,Lord of the Click II,-,,ETC,ChiliDog Interactive,0,1,その他,その他
2021-10-21,Soedesco,Monster Crown,-,,ETC,Soedesco,0,1,その他,その他
2021-10-21,Pix Arts,Pro Flight Simulator,-,,ETC,Pix Arts,0,1,その他,その他
2021-10-21,Pix Arts,Puzzle 9,-,,ETC,Pix Arts,0,1,その他,その他
2021-10-21,PERZIUR,rRootage Reloaded,-,,ETC,PERZIUR,0,1,その他,その他
2021-10-21,NEOWIZ,Skul: The Hero Slayer,30,,ACT,NEOWIZ,0,1,ローグライクアクション,その他
2021-10-21,Forever Entertainment,アルティメット フィッシング シミュレータ,-,,ETC,Forever Entertainment,0,1,その他,その他
2021-10-21,Forever Entertainment,アルティメットスキージャンプ2021,-,,ETC,Forever Entertainment,0,1,その他,その他
2021-10-21,ケムコ,アーキタイプ・アーカディア,32,YES,ADV,ケムコ,0,1,終末仮想世界ノベルアドベンチャー,その他
2021-10-21,Kistler Benjamin,ウッド・ブロック・エスケープ・パズルズ,-,,ETC,Kistler Benjamin,0,1,その他,その他
2021-10-21,DANGEN Entertainment,エバートライド,30,,RTS,DANGEN Entertainment,0,1,ストラテジー,その他
2021-10-21,Buschmann Studios,エンドークライシス,-,,ETC,Buschmann Studios,0,1,その他,その他
2021-10-21,LLC KURENTER,クロスロードクラッシュ,-,,ETC,LLC KURENTER,0,1,その他,その他
2021-10-21,Playstige Interactive,ケアテイカー,-,,ETC,Playstige Interactive,0,1,その他,その他
2021-10-21,Gamuzumi,サクラ・ノヴァ 〜騎士学園物語〜,-,,ETC,Gamuzumi,0,1,その他,その他
2021-10-21,スターサイン,スーパー ドロップジグソー Vol.3,-,,ETC,スターサイン,0,1,その他,その他
2021-10-21,Forever Entertainment,タップスケーターズ,-,,ETC,Forever Entertainment,0,1,その他,その他
2021-10-21,Refold,デュオゾンビ,-,,ETC,Refold,0,1,その他,その他
2021-10-21,Forever Entertainment,デンジャースカベンジャー,-,,ETC,Forever Entertainment,0,1,その他,その他
2021-10-21,MoonGlass,プパイポコスモデラックス,-,,ETC,MoonGlass,0,1,その他,その他
2021-10-21,Kistler Benjamin,マイリトルフルーツジュースブース,-,,ETC,Kistler Benjamin,0,1,その他,その他
2021-10-21,EpiXR,マーダーダイアリーズ 2,-,,ETC,EpiXR,0,1,その他,その他
2021-10-21,Rogue Games,モノアニマル,-,,ETC,Rogue Games,0,1,その他,その他
2021-10-21,Kistler Benjamin,レッドボールエスケープ,-,,ETC,Kistler Benjamin,0,1,その他,その他
2021-10-21,Kistler Benjamin,レッド・スクエア・エスケープ,-,,ETC,Kistler Benjamin,0,1,その他,その他
2021-10-21,レジスタ,愛莉澄,-,,ETC,レジスタ,0,1,その他,その他
2021-10-21,コーラス・ワールドワイド,犬鳴村〜残響〜,-,,ETC,コーラス・ワールドワイド,0,1,その他,その他
2021-10-21,ガンバリオン,縁がわ男子とけものたん,-,,ETC,ガンバリオン,0,1,その他,その他
2021-10-22,7 Raven Studios,ゴーストスイーパー,-,,ETC,7 Raven Studios,0,1,その他,その他
2021-10-26,スクウェア・エニックス,Marvel's Guardians of the Galaxy: Cloud Version,36,,AADV,スクウェア・エニックス,0,1,アクションアドベンチャー,その他
2021-10-26,任天堂,NINTENDO 64 Nintendo Classics,-,,ETC,任天堂,0,1,その他,その他
2021-10-26,THQ Nordic ジャパン,スタッブス・ザ・ゾンビ: Stubbs the Zombie in Rebel Without a Pulse（英語版）,-,,ETC,THQ Nordic ジャパン,0,1,その他,その他
2021-10-26,任天堂,セガ メガドライブ for Nintendo Switch Online,-,,ETC,任天堂,0,1,その他,その他
2021-10-28,ChiliDog Interactive,Ancient Stories: Gods of Egypt,-,,ETC,ChiliDog Interactive,0,1,その他,その他
2021-10-28,Atari,Black Widow: Recharged（英語版）,-,,ETC,Atari,0,1,その他,その他
2021-10-28,CFK,Brain Meltdown - Into Despair,-,,ETC,CFK,0,1,その他,その他
2021-10-28,H2 INTERACTIVE,Commandos 2 - HD Remaster,-,YES,ETC,H2 INTERACTIVE,0,1,その他,その他
2021-10-28,Dynamic Voltage Games,Composer,-,,ETC,Dynamic Voltage Games,0,1,その他,その他
2021-10-28,アークシステムワークス,Fallen Legion -救いの亡霊-（英語版）,-,,ETC,アークシステムワークス,0,1,その他,その他
2021-10-28,ハピネット,Fury Unleashed,31,,ASHT,ハピネット,0,1,アクションシューティング,その他
2021-10-28,Amanita Design（英語版）,Happy Game（英語版）,-,,ETC,Amanita Design（英語版）,0,1,その他,その他
2021-10-28,QUByte Interactive,Head over Heels（英語版）,-,,ETC,QUByte Interactive,0,1,その他,その他
2021-10-28,QUByte Interactive,Milli & Greg,-,,ETC,QUByte Interactive,0,1,その他,その他
2021-10-28,QUByte Interactive,QUByte Classics - The Immortal by PIKO（英語版）,-,,ETC,QUByte Interactive,0,1,その他,その他
2021-10-28,Daedalic Entertainment,The Suicide of Rachel Foster,-,,ETC,Daedalic Entertainment,0,1,その他,その他
2021-10-28,Blood Music,VirtuaVerse（英語版）,-,,ETC,Blood Music,0,1,その他,その他
2021-10-28,スクウェア・エニックス,Voice of Cards ドラゴンの島,-,,ETC,スクウェア・エニックス,0,1,その他,その他
2021-10-28,日本一ソフトウェア,こちら、母なる星より,-,YES,ETC,日本一ソフトウェア,0,1,その他,その他
2021-10-28,エンターグラム,さかあがりハリケーン Portable,-,,ETC,エンターグラム,0,1,その他,その他
2021-10-28,テンカイゲームズ,せどまいり,-,,ETC,テンカイゲームズ,0,1,その他,その他
2021-10-28,Kistler Benjamin,それを転がしてみましょう,-,,ETC,Kistler Benjamin,0,1,その他,その他
2021-10-28,KONAMI,ときめきメモリアル Girl's Side 4th Heart,32,YES,SLG,KONAMI,5559_0m_3458,1,学園恋愛シミュレーション,その他
2021-10-28,iMel,アイカギ3,-,,ETC,iMel,0,1,その他,その他
2021-10-28,Kistler Benjamin,カラー・ドット・コネクト,-,,ETC,Kistler Benjamin,0,1,その他,その他
2021-10-28,レオフル,グリーンフェニックス,-,,ETC,レオフル,0,1,その他,その他
2021-10-28,AlignmentSharp,ケープ君の脱出ゲーム 4部屋目,-,,ETC,AlignmentSharp,0,1,その他,その他
2021-10-28,Mindscape,ジグソー・ファン:驚くべき動物たち,-,,ETC,Mindscape,0,1,その他,その他
2021-10-28,オーイズミ・アミュージオ,スノーランナー（英語版）,-,YES,ETC,オーイズミ・アミュージオ,0,1,その他,その他
2021-10-28,バンダイナムコエンターテインメント,スーパーロボット大戦30,33,YES,SRPG,バンダイナムコエンターテインメント,5537_0m_3416,1,シミュレーションRPG,その他
2021-10-28,Outright Games（英語版）,パウ・パトロール:ザ・ムービー アドベンチャー・シティがよんでいる,-,YES,ETC,Outright Games（英語版）,0,1,その他,その他
2021-10-28,Kistler Benjamin,パズルボックス3 in 1,-,,ETC,Kistler Benjamin,0,1,その他,その他
2021-10-28,Kistler Benjamin,ピックスジャングルアドベンチャー,-,,ETC,Kistler Benjamin,0,1,その他,その他
2021-10-28,Kistler Benjamin,ファインド・テン・ディファレンス,-,,ETC,Kistler Benjamin,0,1,その他,その他
2021-10-28,エンターグラム,フルキスSS,-,YES,ETC,エンターグラム,0,1,その他,その他
2021-10-28,ToastieLabs,ヘクスシード,-,,ETC,ToastieLabs,0,1,その他,その他
2021-10-28,Kistler Benjamin,ミニ・カー・レーシング2,-,,ETC,Kistler Benjamin,0,1,その他,その他
2021-10-28,eastasiasoft,ルーシッド・サイクル,-,,ETC,eastasiasoft,0,1,その他,その他
2021-10-28,シティコネクション,暴れん坊天狗 & ZOMBIE NATION,-,,ETC,シティコネクション,0,1,その他,その他
2021-10-28,No Gravity Games,沖縄ラッシュ,-,,ETC,No Gravity Games,0,1,その他,その他
2021-10-28,エムツー,究極タイガーヘリ,-,YES,ETC,エムツー,0,1,その他,その他
2021-10-28,エンターグラム,経験ゼロなクラスメイト,-,,ETC,エンターグラム,0,1,その他,その他
2021-10-28,コーエーテクモゲームス,零 〜濡鴉ノ巫女〜,-,YES,ETC,コーエーテクモゲームス,0,1,その他,その他
2021-10-29,7 Raven Studios,Ghosts and Apples Featuring Jack Redrum,-,,ETC,7 Raven Studios,0,1,その他,その他
2021-10-29,任天堂,マリオパーティ スーパースターズ,-,YES,ETC,任天堂,5259_0m_3138,1,その他,その他
2021-11-02,Humble Games,Unpacking アンパッキング,-,,ETC,Humble Games,0,1,その他,その他
2021-11-02,Neon Doctrine,添丁の伝説,-,,ETC,Neon Doctrine,0,1,その他,その他
2021-11-04,Pix Arts,Air Stunt Racing,-,,ETC,Pix Arts,0,1,その他,その他
2021-11-04,Gametry,Dungeon Adventure,-,,ETC,Gametry,0,1,その他,その他
2021-11-04,Assemble Entertainment,Encodya,-,,ETC,Assemble Entertainment,0,1,その他,その他
2021-11-04,Sabec,Handpan,-,,ETC,Sabec,0,1,その他,その他
2021-11-04,Raw Fury,Kathy Rain: The Director's Cut（英語版）,-,,ETC,Raw Fury,0,1,その他,その他
2021-11-04,フリュー,MODEL Debut2 #nicola,-,YES,ETC,フリュー,0,1,その他,その他
2021-11-04,Gametry,Neon Hell,-,,ETC,Gametry,0,1,その他,その他
2021-11-04,ハイブリッド・スクアード,Pets No More エアホッケー,-,,ETC,ハイブリッド・スクアード,0,1,その他,その他
2021-11-04,Gametry,Plumber Puzzles,-,,ETC,Gametry,0,1,その他,その他
2021-11-04,Sabec,Popeye,-,,ETC,Sabec,0,1,その他,その他
2021-11-04,eastasiasoft,Pretty Girls Panic! PLUS,-,,ETC,eastasiasoft,0,1,その他,その他
2021-11-04,Nakana.io,Stilstand,-,,ETC,Nakana.io,0,1,その他,その他
2021-11-04,HypeTrain Digital,Tunche,-,,ETC,HypeTrain Digital,0,1,その他,その他
2021-11-04,Snowman,Where Cards Fall,-,,ETC,Snowman,0,1,その他,その他
2021-11-04,日本コロムビア,おしりたんてい ププッ みらいのめいたんていとうじょう!,30,YES,ADV,日本コロムビア,0,1,ナゾときアドベンチャー,その他
2021-11-04,テヨンジャパン,エンバー それゆけ救助隊,-,,ETC,テヨンジャパン,0,1,その他,その他
2021-11-04,Finite Reflection Studios,ガーデナーとからまるツタ,-,,ETC,Finite Reflection Studios,0,1,その他,その他
2021-11-04,RedDeerGames,サーキュラー・インフィニティ（英語版）,-,,ETC,RedDeerGames,0,1,その他,その他
2021-11-04,Kistler Studios旧:Kistler Benjamin,シティパイプ,-,,ETC,Kistler Studios旧:Kistler Benjamin,0,1,その他,その他
2021-11-04,ユービーアイソフト,ジャストダンス2022,31,YES,音,ユービーアイソフト,0,1,ダンス,その他
2021-11-04,Kistler Studios,スウィーツ・スウォップ・クラシック,-,,ETC,Kistler Studios,0,1,その他,その他
2021-11-04,工画堂スタジオ,スターメロディー ユメミドリーマー,-,,ETC,工画堂スタジオ,0,1,その他,その他
2021-11-04,スパイク・チュンソフト,ダンガンロンパ トリロジーパック + ハッピーダンガンロンパS 超高校級の南国サイコロ合宿,-,YES,ETC,スパイク・チュンソフト,5561_0m_3460,1,その他,その他
2021-11-04,Kistler Studios,ディフェンド・ザ・キングダム,-,,ETC,Kistler Studios,0,1,その他,その他
2021-11-04,Green Sauce Games,フィッシュウィッチ・ハロウィーン,-,,ETC,Green Sauce Games,0,1,その他,その他
2021-11-04,Kistler Studios,ブリング・ホーム・ハニー,-,,ETC,Kistler Studios,0,1,その他,その他
2021-11-04,Forthright,マイティー・ファイト・フェデレーション,-,,ETC,Forthright,0,1,その他,その他
2021-11-04,Kistler Studios,マイ・リトル・ファースト・フード・ブース,-,,ETC,Kistler Studios,0,1,その他,その他
2021-11-04,Kistler Studios,マイ・リトル・ラーメンバー,-,,ETC,Kistler Studios,0,1,その他,その他
2021-11-04,ARTIFACTS,マジックポーション・ミリオネア,-,,ETC,ARTIFACTS,0,1,その他,その他
2021-11-04,Kistler Studios,マンダラーズ,-,,ETC,Kistler Studios,0,1,その他,その他
2021-11-04,EpiXR,ワンラストメモリー,-,,ETC,EpiXR,0,1,その他,その他
2021-11-04,レジスタ,光と鏡の間からの脱出,-,,ETC,レジスタ,0,1,その他,その他
2021-11-05,Ziggurat,A Boy and His Blob（英語版）,-,,ETC,Ziggurat,0,1,その他,その他
2021-11-09,Freedom Games,Airborne Kingdom,-,,ETC,Freedom Games,0,1,その他,その他
2021-11-10,Soedesco,Real Farm - Premium Edition,-,,ETC,Soedesco,0,1,その他,その他
2021-11-11,Pix Arts,America Wild Hunting,-,,ETC,Pix Arts,0,1,その他,その他
2021-11-11,E-Line Media,Beyond Blue（英語版）,-,,ETC,E-Line Media,0,1,その他,その他
2021-11-11,QUByte Interactive,Chess Brain,-,,ETC,QUByte Interactive,0,1,その他,その他
2021-11-11,Team17,Epic Chef,-,,ETC,Team17,0,1,その他,その他
2021-11-11,eastasiasoft,Hentai vs. Evil,-,,ETC,eastasiasoft,0,1,その他,その他
2021-11-11,レジスタ,Littlebird/TrueEyes,-,,ETC,レジスタ,0,1,その他,その他
2021-11-11,LKMAD,Panmorphia: まほうのアミュレット,-,,ETC,LKMAD,0,1,その他,その他
2021-11-11,Gametry,Sky Races,-,,ETC,Gametry,0,1,その他,その他
2021-11-11,Pix Arts,SPACETIME ODISSEY,-,,ETC,Pix Arts,0,1,その他,その他
2021-11-11,Whitethorn Digital,Teacup,-,,ETC,Whitethorn Digital,0,1,その他,その他
2021-11-11,Cube Games,X-Force Genesis,-,,ETC,Cube Games,0,1,その他,その他
2021-11-11,ChiliDog Interactive,Zombo Buster Rising,-,,ETC,ChiliDog Interactive,0,1,その他,その他
2021-11-11,MAGES.,たいみんぐぅ〜,-,,ETC,MAGES.,0,1,その他,その他
2021-11-11,MAGES.,ゆるキャン△ Have a nice day!,-,YES,ETC,MAGES.,0,1,その他,その他
2021-11-11,Kistler Studios,イート・ユア・レターズ,-,,ETC,Kistler Studios,0,1,その他,その他
2021-11-11,日本一ソフトウェア,ガレリアの地下迷宮と魔女ノ旅団,33,YES,RPG,日本一ソフトウェア,0,1,ダンジョンRPG,その他
2021-11-11,スターサイン,シャークピンボール,-,,ETC,スターサイン,0,1,その他,その他
2021-11-11,Kistler Studios,ソリティア・カード・ゲームズ,-,,ETC,Kistler Studios,0,1,その他,その他
2021-11-11,トローゼ,ゾンビ イズ プランティング,-,,ETC,トローゼ,0,1,その他,その他
2021-11-11,Thomas K. Young,ダディッシュ,-,,ETC,Thomas K. Young,0,1,その他,その他
2021-11-11,NAパブリッシング/ナツメアタリ,テトラゴン,-,,ETC,NAパブリッシング/ナツメアタリ,0,1,その他,その他
2021-11-11,Kistler Studios,パイプ・フィッター,-,,ETC,Kistler Studios,0,1,その他,その他
2021-11-11,Kistler Studios,ブロッキー・パズル,-,,ETC,Kistler Studios,0,1,その他,その他
2021-11-11,Kistler Studios,ボール・フィジクス・ドロー・パズルズ,-,,ETC,Kistler Studios,0,1,その他,その他
2021-11-11,Kistler Studios,マージャンマスターズ,-,,ETC,Kistler Studios,0,1,その他,その他
2021-11-11,Kistler Studios,マーブルズ・ラッシュ,-,,ETC,Kistler Studios,0,1,その他,その他
2021-11-11,レベルファイブ,メガトン級ムサシ,34,YES,ARPG,レベルファイブ,5676_0m_3577,1,アクションRPG,その他
2021-11-11,メディアスケープ,ラビィとナビィの大冒険,-,,ETC,メディアスケープ,0,1,その他,その他
2021-11-11,ギフトテンインダストリ,リズムで英語 ビートトーク!,-,,ETC,ギフトテンインダストリ,0,1,その他,その他
2021-11-11,Erik Games,レトロスペースファイター,-,,ETC,Erik Games,0,1,その他,その他
2021-11-11,Kistler Studios,ワード・クラッシュ・ヒデン,-,,ETC,Kistler Studios,0,1,その他,その他
2021-11-11,アトラス,真・女神転生V,36,YES,RPG,アトラス,5677_0m_3578,1,RPG,その他
2021-11-11,DigiPen Game Studios,迷子のチビウサギ,-,,ETC,DigiPen Game Studios,0,1,その他,その他
2021-11-12,Shinyuden,Gynoug,-,,ETC,Shinyuden,0,1,その他,その他
2021-11-12,Twitch Interactive,Twitch,-,,ETC,Twitch Interactive,0,1,その他,その他
2021-11-12,テイクツー・インタラクティブ・ジャパン,グランド・セフト・オート:トリロジー:決定版,-,,ETC,テイクツー・インタラクティブ・ジャパン,5681_0m_3582n,1,その他,その他
2021-11-17,505 Games,Grow: Song of the Evertree,-,,ETC,505 Games,0,1,その他,その他
2021-11-17,Humble Games,The Wild at Heart,-,,ETC,Humble Games,0,1,その他,その他
2021-11-17,ラタライカゲームス,クラング 2,-,,ETC,ラタライカゲームス,0,1,その他,その他
2021-11-17,Riot Forge,ヘクステックメイヘム:リーグ・オブ・レジェンド ストーリー,-,,ETC,Riot Forge,0,1,その他,その他
2021-11-17,Riot Forge,ルインドキング:リーグ・オブ・レジェンド ストーリー（英語版）,-,,ETC,Riot Forge,0,1,その他,その他
2021-11-18,スターサイン,9ボールポケット,-,,ETC,スターサイン,0,1,その他,その他
2021-11-18,UIG Entertainment,Airport Simulator: Day & Night,-,,ETC,UIG Entertainment,0,1,その他,その他
2021-11-18,Limkernel,H.I.C.H.,-,,ETC,Limkernel,0,1,その他,その他
2021-11-18,LKMAD,Kosmonavtes: アカデミー・エスケープ,-,,ETC,LKMAD,0,1,その他,その他
2021-11-18,Microids,MARSUPILAMI - HOOBADVENTURE,-,,ETC,Microids,0,1,その他,その他
2021-11-18,eastasiasoft,Mastho is Together,-,,ETC,eastasiasoft,0,1,その他,その他
2021-11-18,qureate,NinNinDays2,-,,ETC,qureate,0,1,その他,その他
2021-11-18,ChiliDog Interactive,"Pukan, Bye-Bye!",-,,ETC,ChiliDog Interactive,0,1,その他,その他
2021-11-18,QUByte Interactive,Shapeshooter,-,,ETC,QUByte Interactive,0,1,その他,その他
2021-11-18,Phoenixx,The Plane Effect -サラリーマン-,-,,ETC,Phoenixx,0,1,その他,その他
2021-11-18,Happymagenta,Tomb of the Mask,-,,ETC,Happymagenta,0,1,その他,その他
2021-11-18,SAT-BOX,みんなのジョブチャレンジ,-,,ETC,SAT-BOX,0,1,その他,その他
2021-11-18,SAT-BOX,みんなのラジコンGP+バラエティセット,-,YES,ETC,SAT-BOX,0,1,その他,その他
2021-11-18,Wobbly Tooth,アイス ステーションZ,-,,ETC,Wobbly Tooth,0,1,その他,その他
2021-11-18,Gamuzumi,アイドルカフェを経営しませんか?,-,,ETC,Gamuzumi,0,1,その他,その他
2021-11-18,シティコネクション,アイドル麻雀 ファイナルロマンスR,-,,ETC,シティコネクション,0,1,その他,その他
2021-11-18,メビウス,イルベロスウォンプ+ラジルギスワッグ,31,YES,SHT,メビウス,0,1,縦スクロールシューティング,その他
2021-11-18,Kistler Studios,ウッド・ブロック・エスケープ・パズルズ 2,-,,ETC,Kistler Studios,0,1,その他,その他
2021-11-18,キュート,エスカトス,-,,ETC,キュート,0,1,その他,その他
2021-11-18,レイニーフロッグ,シーポ,30,,ACT,レイニーフロッグ,0,1,探索アクション,その他
2021-11-18,コーラス・ワールドワイド,スペースモス・ルナエディション,30,,SHT,コーラス・ワールドワイド,0,1,縦スクロールシューティング,その他
2021-11-18,Screenwave Media,ダンピー&バンピー,-,,ETC,Screenwave Media,0,1,その他,その他
2021-11-19,ポケモン,ポケットモンスター シャイニングパール,34,YES,RPG,ポケモン,5564_0m_3463,1,RPG,その他
2021-11-19,ポケモン,ポケットモンスター ブリリアントダイヤモンド,34,YES,RPG,ポケモン,5563_0m_3462,1,RPG,その他
2021-11-23,Devolver Digital,Death's Door（英語版）,33,,ACT,Devolver Digital,0,1,探索アクション,その他
2021-11-25,Pix Arts,Aliens Strike,-,,ETC,Pix Arts,0,1,その他,その他
2021-11-25,Pix Arts,Clay Skeet Shooting,-,,ETC,Pix Arts,0,1,その他,その他
2021-11-25,Prison Games,Crazy Trucks,-,,ETC,Prison Games,0,1,その他,その他
2021-11-25,SOFTSOURCE,GEARSHIFTERS,-,YES,ETC,SOFTSOURCE,0,1,その他,その他
2021-11-25,Koch Media,Let's Sing 2022,-,,ETC,Koch Media,0,1,その他,その他
2021-11-25,TERNOX,Shiro,-,,ETC,TERNOX,0,1,その他,その他
2021-11-25,Beep,Tandem: 影の物語,-,,ETC,Beep,0,1,その他,その他
2021-11-25,SOFTSOURCE,TREASURES OF THE AEGEAN,-,YES,ETC,SOFTSOURCE,0,1,その他,その他
2021-11-25,ChiliDog Interactive,Whiskey Mafia: Leo's Family,-,,ETC,ChiliDog Interactive,0,1,その他,その他
2021-11-25,PLAYISM,ごく普通の鹿のゲーム DEEEER Simulator 鹿フル装備エディション,-,YES,ETC,PLAYISM,5688_0m_3589,1,その他,その他
2021-11-25,ジー・モード,みんなで空気読み。1・2・3+,-,YES,ETC,ジー・モード,5687_0m_3588,1,その他,その他
2021-11-25,日本一ソフトウェア,アサツグトリ,-,YES,ETC,日本一ソフトウェア,0,1,その他,その他
2021-11-25,MoonGlass,クランN:影の守り人,-,,ETC,MoonGlass,0,1,その他,その他
2021-11-25,レイニーフロッグ,グミーズライフ,-,,ETC,レイニーフロッグ,0,1,その他,その他
2021-11-25,RedDeerGames,コミック塗り絵の本 完全版,-,,ETC,RedDeerGames,0,1,その他,その他
2021-11-25,Maze Theory,ドクター・フー 真実の狭間,-,,ETC,Maze Theory,0,1,その他,その他
2021-11-25,eastasiasoft,ドリズルパス:デジャヴ,-,,ETC,eastasiasoft,0,1,その他,その他
2021-11-25,エンターグラム,パルフェリメイク,-,YES,ETC,エンターグラム,0,1,その他,その他
2021-11-25,KONAMI,パワプロクンポケットR,32,YES,SPT,KONAMI,5684_0m_3585,1,野球バラエティ,その他
2021-11-25,エンターグラム,フユキス,-,YES,ETC,エンターグラム,0,1,その他,その他
2021-11-25,Kistler Studios,レッド・スクエア・エスケープ 2,-,,ETC,Kistler Studios,0,1,その他,その他
2021-11-25,ボルテージ,大人の初恋、はじめます,-,,ETC,ボルテージ,0,1,その他,その他
2021-11-25,RedDeerGames,小さな虫,-,,ETC,RedDeerGames,0,1,その他,その他
2021-11-25,Live Wire,怒首領蜂 大復活,-,,ETC,Live Wire,5807_0m_3709,1,その他,その他
2021-11-25,Asylum Square Interactive,農場の冒険,-,,ETC,Asylum Square Interactive,0,1,その他,その他
2021-11-30,ININ Games,時計じかけのアクワリオ,-,YES,ETC,ININ Games,0,1,その他,その他
2021-12-02,レジスタ,5つのネイト+,-,,ETC,レジスタ,0,1,その他,その他
2021-12-02,H2 INTERACTIVE,A Juggler's Tale,-,,ETC,H2 INTERACTIVE,0,1,その他,その他
2021-12-02,goGame,Angry Alligator ワニワニ大冒険,-,YES,ETC,goGame,0,1,その他,その他
2021-12-02,Gametry,Astro Rangers,-,,ETC,Gametry,0,1,その他,その他
2021-12-02,Microids,Beyond a Steel Sky（英語版）,-,,ETC,Microids,0,1,その他,その他
2021-12-02,Sirlin Games（英語版）,Fantasy Strike 〜ファンタジーストライク〜（英語版）,-,,ETC,Sirlin Games（英語版）,0,1,その他,その他
2021-12-02,ISDEC Soluciones,Meteoroids 3D,-,,ETC,ISDEC Soluciones,0,1,その他,その他
2021-12-02,eastasiasoft,Pretty Girls Mahjong Solitaire - Blue,-,,ETC,eastasiasoft,0,1,その他,その他
2021-12-02,eastasiasoft,Pretty Girls Mahjong Solitaire - Green,-,,ETC,eastasiasoft,0,1,その他,その他
2021-12-02,Megame,Zumania - マジックカジュアルパズル,-,,ETC,Megame,0,1,その他,その他
2021-12-02,Kistler Studios,ウッド・ブロック・エスケープ・パズルズ 3,-,,ETC,Kistler Studios,0,1,その他,その他
2021-12-02,GODSPEED GAMES,クリストピア,-,,ETC,GODSPEED GAMES,0,1,その他,その他
2021-12-02,ケムコ,ゴーストシンク,-,,ETC,ケムコ,0,1,その他,その他
2021-12-02,Mindscape,ジグソー・ファン:目を見張る自然の美,-,,ETC,Mindscape,0,1,その他,その他
2021-12-02,バンダイナムコエンターテインメント,ディズニー マジックキャッスル マイ・ハッピー・ライフ2:エンチャンテッドエディション,-,YES,ETC,バンダイナムコエンターテインメント,5693_0m_3594,1,その他,その他
2021-12-02,RedDeerGames,ディ探偵,-,,ETC,RedDeerGames,0,1,その他,その他
2021-12-02,パラダイムシフト,フォビドゥン・アーツ,-,,ETC,パラダイムシフト,0,1,その他,その他
2021-12-02,CFK,ミラクルスイーツショップ,-,,ETC,CFK,0,1,その他,その他
2021-12-02,AOE Plus,モノボット,-,,ETC,AOE Plus,0,1,その他,その他
2021-12-02,RedDeerGames,レーザー線:ナノウォーズ,-,,ETC,RedDeerGames,0,1,その他,その他
2021-12-02,GAGEX,忘れないで、おとなになっても。,32,,ADV,GAGEX,0,1,シネマティックアドベンチャー,その他
2021-12-02,日本コロムビア,映画 すみっコぐらし 青い月夜のまほうのコ ゲームであそぼう! 絵本の世界,-,YES,ETC,日本コロムビア,5691_0m_3592,1,その他,その他
2021-12-02,カイロソフト,開拓サバイバル島DX,-,,ETC,カイロソフト,0,1,その他,その他
2021-12-03,Humble Games,Archvale,-,,ETC,Humble Games,0,1,その他,その他
2021-12-03,Klabater,Castle on the Coast,-,,ETC,Klabater,0,1,その他,その他
2021-12-03,GAME NACIONAL,Him & Her 3,-,,ETC,GAME NACIONAL,0,1,その他,その他
2021-12-03,任天堂,やわらかあたま塾 いっしょにあたまのストレッチ,30,YES,PZL,任天堂,5565_0m_3464,1,脳トレ,その他
2021-12-03,ラタライカゲームス,シックスソウルズ,-,,ETC,ラタライカゲームス,0,1,その他,その他
2021-12-03,ALL IN! GAMES,パラダイスロスト,-,,ETC,ALL IN! GAMES,0,1,その他,その他
2021-12-09,eastasiasoft,Ball laB,-,,ETC,eastasiasoft,0,1,その他,その他
2021-12-09,Klei Entertainment（英語版）,Griftlands（英語版）,-,,ETC,Klei Entertainment（英語版）,0,1,その他,その他
2021-12-09,Humble Games,Ikenfell,31,,RPG,Humble Games,0,1,RPG,その他
2021-12-09,Devolver Digital,Loop Hero,32,,SRPG,Devolver Digital,0,1,シミュレーションRPG,その他
2021-12-09,Screenwave Media,LOVE 3,-,,ETC,Screenwave Media,0,1,その他,その他
2021-12-09,ユービーアイソフト,Monopoly マッドネス,-,,ETC,ユービーアイソフト,0,1,その他,その他
2021-12-09,ChiliDog Interactive,Restless Night,-,,ETC,ChiliDog Interactive,0,1,その他,その他
2021-12-09,SOFTSOURCE,RICO London,-,YES,ETC,SOFTSOURCE,0,1,その他,その他
2021-12-09,Pix Arts,Superpanda,-,,ETC,Pix Arts,0,1,その他,その他
2021-12-09,Whitethorn Digital,Wytchwood,-,,ETC,Whitethorn Digital,0,1,その他,その他
2021-12-09,DMM GAMES/EXNOA,Youtubers Life 2 -ユーチューバーになろう-（英語版）,-,YES,ETC,DMM GAMES/EXNOA,0,1,その他,その他
2021-12-09,QubicGames,アイズ:ホラーゲーム,-,,ETC,QubicGames,0,1,その他,その他
2021-12-09,Erik Games,アローンムスク,-,,ETC,Erik Games,0,1,その他,その他
2021-12-09,Kistler Studios,エアレーサー,-,,ETC,Kistler Studios,0,1,その他,その他
2021-12-09,Phoenixx,クビナシリコレクション,-,,ETC,Phoenixx,0,1,その他,その他
2021-12-09,レジスタ,クローズドサークルからの脱出,-,,ETC,レジスタ,0,1,その他,その他
2021-12-09,RedDeerGames,ゴミの探求,-,,ETC,RedDeerGames,0,1,その他,その他
2021-12-09,popIn,スイカゲーム,-,,ETC,popIn,0,1,その他,その他
2021-12-09,QubicGames,ステンシルアート,-,,ETC,QubicGames,0,1,その他,その他
2021-12-09,Wild Sphere,ティモシー VS エイリアン - Timothy vs the Aliens,-,,ETC,Wild Sphere,0,1,その他,その他
2021-12-09,ユービーアイソフト,モノポリー for Nintendo Switch + Monopoly マッドネス,-,YES,ETC,ユービーアイソフト,1000_0m_90,1,その他,その他
2021-12-09,コーエーテクモゲームス,モンスターファーム1&2 DX,-,YES,ETC,コーエーテクモゲームス,0,1,その他,その他
2021-12-09,エディア,夢幻戦士ヴァリスCOLLECTION,-,YES,ETC,エディア,0,1,その他,その他
2021-12-09,レジスタ,猫様の宇宙船からの脱出,-,,ETC,レジスタ,0,1,その他,その他
2021-12-09,Rogue Games,絶対不可能な道 (Super Impossible Road)（英語版）,-,,ETC,Rogue Games,0,1,その他,その他
2021-12-10,ラタライカゲームス,A YEAR OF SPRINGS,-,,ETC,ラタライカゲームス,0,1,その他,その他
2021-12-13,ヨットクラブゲームズ（英語版）,ショベルナイト ポケットダンジョン,-,,ETC,ヨットクラブゲームズ（英語版）,0,1,その他,その他
2021-12-14,THQ Nordic ジャパン,One Hand Clapping ワン ハンド クラッピング,-,,ETC,THQ Nordic ジャパン,0,1,その他,その他
2021-12-16,Robot Gentleman,60 Parsecs!,-,,ETC,Robot Gentleman,0,1,その他,その他
2021-12-16,Atari,Asteroids: Recharged,-,,ETC,Atari,0,1,その他,その他
2021-12-16,iMel,ATRI -My Dear Moments-,-,,ETC,iMel,0,1,その他,その他
2021-12-16,Asylum Square Interactive,Captain Backwater,-,,ETC,Asylum Square Interactive,0,1,その他,その他
2021-12-16,Pix Arts,Cartoon Tower Defense,-,,ETC,Pix Arts,0,1,その他,その他
2021-12-16,Pikii,Cave Story's Secret Santa,-,,ETC,Pikii,0,1,その他,その他
2021-12-16,McPeppergames,Dinosaur Jigsaw Puzzles - 恐竜ジグソーパズル-子供と幼児のための恐竜パズルゲーム,-,,ETC,McPeppergames,0,1,その他,その他
2021-12-16,ブラウニーズ,EGGLIA Rebirth,-,,ETC,ブラウニーズ,0,1,その他,その他
2021-12-16,Phoenixx,FILMECHANISM,31,,ACT,Phoenixx,0,1,パズルアクション,その他
2021-12-16,ワーナー ブラザース ジャパン,LEGO マーベル スーパー・ヒーローズ ザ・ゲーム,33,YES,AADV,ワーナー ブラザース ジャパン,0,1,アクションアドベンチャー,その他
2021-12-16,Higgs Games,Moorhuhn ジャンプアンドラン トレジャーハンター（英語版）,-,,ETC,Higgs Games,0,1,その他,その他
2021-12-16,バンダイナムコエンターテインメント,PUI PUI モルカー Let's!モルカーパーティー!,-,YES,ETC,バンダイナムコエンターテインメント,5701_0m_3602,1,その他,その他
2021-12-16,ChiliDog Interactive,Scrap Garden（英語版）,-,,ETC,ChiliDog Interactive,0,1,その他,その他
2021-12-16,Draw Me A Pixel,There Is No Game: Wrong Dimension,34,,ADV,Draw Me A Pixel,0,1,パズルアドベンチャー,その他
2021-12-16,ジー・モード,Timelie - タイムライ,32,,ADV,ジー・モード,0,1,パズルアドベンチャー,その他
2021-12-16,iMel,Vtuberメイドラミエ,-,,ETC,iMel,0,1,その他,その他
2021-12-16,アークシステムワークス,くにおくんの三国志だよ全員集合!,-,,ETC,アークシステムワークス,5849_0m_3784n,1,その他,その他
2021-12-16,ハッピーミール,ひらめきパズル!面積迷路,-,,ETC,ハッピーミール,0,1,その他,その他
2021-12-16,iMel,アイカギ きみと一緒にパック,-,,ETC,iMel,0,1,その他,その他
2021-12-16,iMel,アイカギ2,-,,ETC,iMel,0,1,その他,その他
2021-12-16,Pikii,クリタデル:機械仕掛けの塔,31,,ASHT,Pikii,0,1,アクションシューティング,その他
2021-12-16,AlignmentSharp,ケープ君の脱出ゲーム 5部屋目,-,,ETC,AlignmentSharp,0,1,その他,その他
2021-12-16,Gamuzumi,サクラ・サンタ 〜天運の巡り会い〜,-,,ETC,Gamuzumi,0,1,その他,その他
2021-12-16,RedDeerGames,サーキュラー・インフィニティ 究極版（英語版）,-,,ETC,RedDeerGames,0,1,その他,その他
2021-12-16,ボトルキューブ,ジグソーマスターキッズ,-,,ETC,ボトルキューブ,0,1,その他,その他
2021-12-16,トローゼ,スペースステラ 未知の惑星,-,,ETC,トローゼ,0,1,その他,その他
2021-12-16,コーラス・ワールドワイド,ダンジョンマンチーズ,31,,ARPG,コーラス・ワールドワイド,0,1,アクションRPG,その他
2021-12-16,シティコネクション,デススマイルズI・II,-,YES,ETC,シティコネクション,0,1,その他,その他
2021-12-16,アソビズム,ビビッドナイト,33,,RPG,アソビズム,0,1,ローグライクRPG,その他
2021-12-16,スターサイン,ピュアチェイス 80's,-,,ETC,スターサイン,0,1,その他,その他
2021-12-16,Wild Sphere,フライングソルジャー - Flying Soldiers,-,,ETC,Wild Sphere,0,1,その他,その他
2021-12-16,Erik Games,マインプル,-,,ETC,Erik Games,0,1,その他,その他
2021-12-16,EpiXR,マーダーダイアリーズ 3,-,,ETC,EpiXR,0,1,その他,その他
2021-12-16,スターサイン,メリークリスマス スノーボールバブル,-,,ETC,スターサイン,0,1,その他,その他
2021-12-16,オインクゲームズ,レッツプレイ!オインクゲームズ,30,,TBL,オインクゲームズ,0,1,ボードゲーム,その他
2021-12-16,PLAYISM,ロードス島戦記 -ディードリット・イン・ワンダーラビリンス-,33,YES,ACT,PLAYISM,0,1,2D探索型アクション,その他
2021-12-16,dramatic create/ヒューネックス,古書店街の橋姫 々,-,YES,ETC,dramatic create/ヒューネックス,0,1,その他,その他
2021-12-16,iMel,徒花異譚,-,,ETC,iMel,0,1,その他,その他
2021-12-16,Green Sauce Games,死者の日:ソリティアコレクション,-,,ETC,Green Sauce Games,0,1,その他,その他
2021-12-16,エインシャント,王立 穴ポコ学園,31,,RPG,エインシャント,0,1,RPG,その他
2021-12-16,AlignmentSharp,鏡の国からの脱出,-,,ETC,AlignmentSharp,0,1,その他,その他
2021-12-17,GAME NACIONAL,EXTREME RACE,-,,ETC,GAME NACIONAL,0,1,その他,その他
2021-12-23,AbemaTV,ABEMA,-,,ETC,AbemaTV,0,1,その他,その他
2021-12-23,Gametry,Christmas Racing,-,,ETC,Gametry,0,1,その他,その他
2021-12-23,TERNOX,Cold Silence,-,,ETC,TERNOX,0,1,その他,その他
2021-12-23,SAT-BOX,DRIVE DRIFT X,-,,ETC,SAT-BOX,0,1,その他,その他
2021-12-23,Beep,Golf Club Wasteland,-,,ETC,Beep,0,1,その他,その他
2021-12-23,Asylum Square Interactive,Hammer Kid,-,,ETC,Asylum Square Interactive,0,1,その他,その他
2021-12-23,eastasiasoft,Horatio Goes Snowboarding,-,,ETC,eastasiasoft,0,1,その他,その他
2021-12-23,Assemble Entertainment,Lacuna,-,,ETC,Assemble Entertainment,0,1,その他,その他
2021-12-23,Prison Games,Sky Games スカイゲーム,-,,ETC,Prison Games,0,1,その他,その他
2021-12-23,Pretty Fly Games,Super Jumpy Ball,-,,ETC,Pretty Fly Games,0,1,その他,その他
2021-12-23,PLiCy,いきなり魔王,-,,ETC,PLiCy,0,1,その他,その他
2021-12-23,ブロッコリー,うたの☆プリンスさまっ♪ All Star for Nintendo Switch,-,YES,ETC,ブロッコリー,5706_0m_3607n,1,その他,その他
2021-12-23,エンターグラム,さくらの雲*スカアレットの恋,-,YES,ETC,エンターグラム,0,1,その他,その他
2021-12-23,スマイルブーム,しんや一族 北海道おいしいもの争奪戦,-,,ETC,スマイルブーム,0,1,その他,その他
2021-12-23,エンターグラム,アイキス,-,YES,ETC,エンターグラム,0,1,その他,その他
2021-12-23,QubicGames,アクト:頂上決戦,-,,ETC,QubicGames,0,1,その他,その他
2021-12-23,ハイブリッド・スクアード,オーマイGOD! ヤバカミ,-,,ETC,ハイブリッド・スクアード,0,1,その他,その他
2021-12-23,サクセス,コットンロックンロール,30,YES,SHT,サクセス,0,1,横スクロールシューティング,その他
2021-12-23,Mindscape,ジグソー・ファン:大都市,-,,ETC,Mindscape,0,1,その他,その他
2021-12-23,MEGAXUS,スイングサガ,-,,ETC,MEGAXUS,0,1,その他,その他
2021-12-23,THQ Nordic ジャパン,スター・ウォーズ エピソード1 レーサー（英語版）,-,,ETC,THQ Nordic ジャパン,0,1,その他,その他
2021-12-23,THQ Nordic ジャパン,スター・ウォーズ ジェダイナイト コレクション（英語版）,-,YES,ETC,THQ Nordic ジャパン,0,1,その他,その他
2021-12-23,THQ Nordic ジャパン,スター・ウォーズ レーサー アンド コマンド コンボ,-,YES,ETC,THQ Nordic ジャパン,0,1,その他,その他
2021-12-23,Green Sauce Games,ストームテール2,-,,ETC,Green Sauce Games,0,1,その他,その他
2021-12-23,Pipetka Games,スナイパー・タイム・ザ・シューティング・レーンジ,-,,ETC,Pipetka Games,0,1,その他,その他
2021-12-23,eastasiasoft,テラトピア,30,,AADV,eastasiasoft,0,1,アクションアドベンチャー,その他
2021-12-23,QubicGames,バッドランド:ゲーム・オブ・ザ・イヤー・エディション（英語版）,-,,ETC,QubicGames,0,1,その他,その他
2021-12-23,ジュピター,ピクロスS7,-,,ETC,ジュピター,0,1,その他,その他
2021-12-23,Denda Games,マッチ・スリー・パイレーツII,-,,ETC,Denda Games,0,1,その他,その他
2021-12-23,エンターグラム,メルキス,-,,ETC,エンターグラム,0,1,その他,その他
2021-12-23,CFK,リン、パズルに描かれた少女の物語,-,,ETC,CFK,0,1,その他,その他
2021-12-23,QubicGames,小さな世界,-,,ETC,QubicGames,0,1,その他,その他
2021-12-23,レジスタ,病棟からの脱出,-,,ETC,レジスタ,0,1,その他,その他
2021-12-23,コーエーテクモゲームス,真・三國無双8 Empires,35,YES,ACT,コーエーテクモゲームス,0,1,タクティカルアクション,その他
2021-12-23,ソニックパワード,鉄道にっぽん!路線たび 三岐鉄道編,-,YES,ETC,ソニックパワード,0,1,その他,その他
2021-12-24,GAME NACIONAL,.dog,-,,ETC,GAME NACIONAL,0,1,その他,その他
2021-12-25,Elefantopia,McDROID（英語版）,-,,ETC,Elefantopia,0,1,その他,その他
2021-12-28,H2 INTERACTIVE,Immortal Realms: Vampire Wars,-,,ETC,H2 INTERACTIVE,0,1,その他,その他
2022-01-06,Adamvision Studios,Ding Dong XL,-,,ETC,Adamvision Studios,0,1,その他,その他
2022-01-06,UFO Interactive（英語版）,Freddi Fish 3: The Case of the Stolen Conch Shell,-,,ETC,UFO Interactive（英語版）,0,1,その他,その他
2022-01-06,indienova,Heaven Dust 2,-,,ETC,indienova,0,1,その他,その他
2022-01-06,ラタライカゲームス,Jisei 〜喫茶店殺人事件〜,-,,ETC,ラタライカゲームス,0,1,その他,その他
2022-01-06,Adamvision Studios,Orbt XL,-,,ETC,Adamvision Studios,0,1,その他,その他
2022-01-06,UFO Interactive,Putt-Putt Travels Through Time,-,,ETC,UFO Interactive,0,1,その他,その他
2022-01-06,Kistler Studios,Racing Karts,-,,ETC,Kistler Studios,0,1,その他,その他
2022-01-06,Adamvision Studios,Super Bit Blaster XL,-,,ETC,Adamvision Studios,0,1,その他,その他
2022-01-06,チームサモイド,Teamfight Manager,-,,ETC,チームサモイド,0,1,その他,その他
2022-01-06,QUByte Interactive,Watermelon Blocks,-,,ETC,QUByte Interactive,0,1,その他,その他
2022-01-06,Fellhuhn,トロール パトロール,-,,ETC,Fellhuhn,0,1,その他,その他
2022-01-06,eastasiasoft,ピクセル・スカルの城,-,,ETC,eastasiasoft,0,1,その他,その他
2022-01-06,ケムコ,聖戦クロニクル,-,,ETC,ケムコ,0,1,その他,その他
2022-01-06,PLiCy,進撃するカブトムシ,-,,ETC,PLiCy,0,1,その他,その他
2022-01-07,GAME NACIONAL,.cat Milk,-,,ETC,GAME NACIONAL,0,1,その他,その他
2022-01-13,PLAYISM,ASTRONEER -アストロニーア-,-,YES,ETC,PLAYISM,0,1,その他,その他
2022-01-13,QUByte Interactive,BOX align,-,,ETC,QUByte Interactive,0,1,その他,その他
2022-01-13,QUByte Interactive,Cosmonauta,-,,ETC,QUByte Interactive,0,1,その他,その他
2022-01-13,QUByte Interactive,Darkness Maze Cube,-,,ETC,QUByte Interactive,0,1,その他,その他
2022-01-13,QUByte Interactive,Dogurai,-,,ETC,QUByte Interactive,0,1,その他,その他
2022-01-13,Visualnoveler,Eternal Radiance,-,,ETC,Visualnoveler,0,1,その他,その他
2022-01-13,gamebra.in,hocus 2,-,,ETC,gamebra.in,0,1,その他,その他
2022-01-13,Gametry,Pirate Treasure: Island of Mazes,-,,ETC,Gametry,0,1,その他,その他
2022-01-13,SNK,SNK VS. CAPCOM 激突カードファイターズ,-,,ETC,SNK,0,1,その他,その他
2022-01-13,Refold,Trigger Dungeon,-,,ETC,Refold,0,1,その他,その他
2022-01-13,QUByte Interactive,Unlock the Cat,-,,ETC,QUByte Interactive,0,1,その他,その他
2022-01-13,パラダイムシフト,アンデッドパーティ,-,,ETC,パラダイムシフト,0,1,その他,その他
2022-01-13,FDG Entertainment,オーシャンホーン2:亡国の騎士（英語版）,-,,ETC,FDG Entertainment,0,1,その他,その他
2022-01-13,EpiXR,ザフライングトラベラー ドリームスケープ,-,,ETC,EpiXR,0,1,その他,その他
2022-01-13,Wizard Games,ターボショット,-,,ETC,Wizard Games,0,1,その他,その他
2022-01-13,スパイク・チュンソフト,ダイイングライト プラチナエディション,-,YES,ETC,スパイク・チュンソフト,0,1,その他,その他
2022-01-13,qureate,デュエルプリンセス,-,,ETC,qureate,0,1,その他,その他
2022-01-13,No Gravity Games,ノヴァ-111（英語版）,-,,ETC,No Gravity Games,0,1,その他,その他
2022-01-13,Northplay,ヘッドランド,-,,ETC,Northplay,0,1,その他,その他
2022-01-13,メディアスケープ,ヴァジアルサーガ 愚民化戦略XX,-,,ETC,メディアスケープ,0,1,その他,その他
2022-01-13,VDimension,究極のバトルシミュレーター,-,,ETC,VDimension,0,1,その他,その他
2022-01-14,ラタライカゲームス,Kansei 〜豪邸殺人事件〜,-,,ETC,ラタライカゲームス,0,1,その他,その他
2022-01-19,KONAMI,遊戯王 マスターデュエル,-,,ETC,KONAMI,0,1,その他,その他
2022-01-20,Forever Entertainment,Baby Storm,-,,ETC,Forever Entertainment,0,1,その他,その他
2022-01-20,Artifex Mundi,Demon Hunter: アセンダンス,-,,ETC,Artifex Mundi,0,1,その他,その他
2022-01-20,Weakfish Studio,Kubi Adventures,-,,ETC,Weakfish Studio,0,1,その他,その他
2022-01-20,レジスタ,Lovelydoll/Wildmachine,-,,ETC,レジスタ,0,1,その他,その他
2022-01-20,レイニーフロッグ,Mindcell,-,,ETC,レイニーフロッグ,0,1,その他,その他
2022-01-20,ImaginationOverflow,Number Pieces Zenkai,-,,ETC,ImaginationOverflow,0,1,その他,その他
2022-01-20,Gametry,Pure Mini Golf,-,,ETC,Gametry,0,1,その他,その他
2022-01-20,ケムコ,RPGolf Legends,-,YES,ETC,ケムコ,0,1,その他,その他
2022-01-20,Gametry,Shadow Quest,-,,ETC,Gametry,0,1,その他,その他
2022-01-20,ImaginationOverflow,Stellar Interface,-,,ETC,ImaginationOverflow,0,1,その他,その他
2022-01-20,DotEmu,Windjammers 2 - フライング・パワー・ディスク（英語版）,30,,SPT,DotEmu,0,1,スポーツ,その他
2022-01-20,RandomSpin Games,エイリアンデストロイヤ,-,,ETC,RandomSpin Games,0,1,その他,その他
2022-01-20,RockGame,スクラップノート,-,,ETC,RockGame,0,1,その他,その他
2022-01-20,ゲームミュージアム,ネイチャー,-,,ETC,ゲームミュージアム,0,1,その他,その他
2022-01-20,Pancake Games,ポニーワールド3,-,,ETC,Pancake Games,0,1,その他,その他
2022-01-20,LLC KURENTER,マジックコード,-,,ETC,LLC KURENTER,0,1,その他,その他
2022-01-20,レジスタ,メンヘラフレシア -Flowering Abyss-,-,,ETC,レジスタ,0,1,その他,その他
2022-01-20,プロトタイプ,ラッキードッグ1 for Nintendo Switch,-,YES,ETC,プロトタイプ,0,1,その他,その他
2022-01-20,RandomSpin Games,交通騒動,-,,ETC,RandomSpin Games,0,1,その他,その他
2022-01-20,Megame,駐車シミュレーター,-,,ETC,Megame,0,1,その他,その他
2022-01-21,Hook Games,Go Minimal,-,,ETC,Hook Games,0,1,その他,その他
2022-01-21,レオフル,カンパニーマン 社畜の下剋上,-,,ETC,レオフル,0,1,その他,その他
2022-01-26,Annapurna Interactive,The Artful Escape（英語版）,-,,ETC,Annapurna Interactive,0,1,その他,その他
2022-01-27,Gamera Games,Blackwind,-,,ETC,Gamera Games,0,1,その他,その他
2022-01-27,ChiliDog Interactive,Circus Pocus,-,,ETC,ChiliDog Interactive,0,1,その他,その他
2022-01-27,ジェムドロップ,COGEN: 大鳥こはくと刻の剣,32,YES,ACT,ジェムドロップ,0,1,剣戟2Dアクション,その他
2022-01-27,Crazysoft,Crazy Athletics - Summer Sports & Games,-,,ETC,Crazysoft,0,1,その他,その他
2022-01-27,Sad Panda Studios,Crush Crush（英語版）,-,,ETC,Sad Panda Studios,0,1,その他,その他
2022-01-27,Crazysoft,Educational Games for Kids,-,,ETC,Crazysoft,0,1,その他,その他
2022-01-27,Pix Arts,Froggy Crossing,-,,ETC,Pix Arts,0,1,その他,その他
2022-01-27,Gametry,Heroic Pirates,-,,ETC,Gametry,0,1,その他,その他
2022-01-27,Gametry,Jumping Quest,-,,ETC,Gametry,0,1,その他,その他
2022-01-27,Pix Arts,Magic Pen Color Book,-,,ETC,Pix Arts,0,1,その他,その他
2022-01-27,レジスタ,MistWorld the after 2,-,,ETC,レジスタ,0,1,その他,その他
2022-01-27,1C Entertainment（英語版）,Reverie Knights Tactics,-,,ETC,1C Entertainment（英語版）,0,1,その他,その他
2022-01-27,トイボックス,RICO London,-,,ETC,トイボックス,0,1,その他,その他
2022-01-27,Gametry,Shadow Samurai Revenge,-,,ETC,Gametry,0,1,その他,その他
2022-01-27,Phoenixx,Stela,-,,ETC,Phoenixx,0,1,その他,その他
2022-01-27,エンターグラム,Strawberry Nauts -ストロベリーノーツ-,-,YES,ETC,エンターグラム,0,1,その他,その他
2022-01-27,Raw Fury,The Longest Road on Earth,-,,ETC,Raw Fury,0,1,その他,その他
2022-01-27,オーイズミ・アミュージオ,WRC9 FIA ワールドラリーチャンピオンシップ（英語版）,32,YES,RCG,オーイズミ・アミュージオ,0,1,ラリーレーシング,その他
2022-01-27,レジスタ,からくりホテルからの脱出,-,,ETC,レジスタ,0,1,その他,その他
2022-01-27,カリプソメディアジャパン,"ウォーハンマー40,000:メカニカス",-,YES,ETC,カリプソメディアジャパン,0,1,その他,その他
2022-01-27,エンターグラム,ガラス姫と鏡の従者,-,YES,ETC,エンターグラム,0,1,その他,その他
2022-01-27,レオフル,トラックス トイボックスエディション,-,,ETC,レオフル,0,1,その他,その他
2022-01-27,eastasiasoft,バウムインベーダー,-,,ETC,eastasiasoft,0,1,その他,その他
2022-01-27,No Gravity Games,パンデミック・シューター,-,,ETC,No Gravity Games,0,1,その他,その他
2022-01-27,light,マガツバライ,-,YES,ETC,light,0,1,その他,その他
2022-01-27,WOWWOW Technology,モンスターフルーツアカデミー,-,,ETC,WOWWOW Technology,0,1,その他,その他
2022-01-27,indienova,五目並べ,-,,ETC,indienova,0,1,その他,その他
2022-01-27,クリプトン・フューチャー・メディア,初音ミク つなげるパズル たまごとり,-,,ETC,クリプトン・フューチャー・メディア,0,1,その他,その他
2022-01-27,Sometimes You,夏の狂気,-,,ETC,Sometimes You,0,1,その他,その他
2022-01-27,日本一ソフトウェア,屍喰らいの冒険メシ,32,YES,SRPG,日本一ソフトウェア,0,1,サバイバルシミュレーションRPG,その他
2022-01-27,インティ・クリエイツ,白き鋼鉄のX2,34,YES,ACT,インティ・クリエイツ,0,1,横スクロールアクション,その他
2022-01-27,ブロッコリー,神々の悪戯 Unite Edition,-,YES,ETC,ブロッコリー,0,1,その他,その他
2022-01-28,ポケモン,Pokémon LEGENDS アルセウス,38,YES,ARPG,ポケモン,5566_0m_3465,1,アクションRPG,その他
2022-02-02,Hebi Lee,Kharon's Crypt - Even Death May Die,-,,ETC,Hebi Lee,0,1,その他,その他
2022-02-03,Derin,Ceilless,-,,ETC,Derin,0,1,その他,その他
2022-02-03,Pix Arts,Frog Ball Rerolled,-,,ETC,Pix Arts,0,1,その他,その他
2022-02-03,Pix Arts,Mania Fish,-,,ETC,Pix Arts,0,1,その他,その他
2022-02-03,Asylum Square Interactive,Pirate's Gold,-,,ETC,Asylum Square Interactive,0,1,その他,その他
2022-02-03,QUByte Interactive,QUByte Classics - The Humans by PIKO（英語版）,-,,ETC,QUByte Interactive,0,1,その他,その他
2022-02-03,Gametry,Shark Adventure,-,,ETC,Gametry,0,1,その他,その他
2022-02-03,GAMEDIA,Treasure Temples,-,,ETC,GAMEDIA,0,1,その他,その他
2022-02-03,PLAYISM,くちなしアンプル,31,,RPG,PLAYISM,0,1,ローグライクRPG,その他
2022-02-03,CottonGame,アイソランド 3 宇宙の塵,-,,ETC,CottonGame,0,1,その他,その他
2022-02-03,Nami Tentou,イェア・イェア・ビービース II,-,,ETC,Nami Tentou,0,1,その他,その他
2022-02-03,ケムコ,エルピシアの魔剣少女,-,,ETC,ケムコ,0,1,その他,その他
2022-02-03,Frogwares（英語版）,シャーロック・ホームズ:罪と罰（英語版）,-,,ETC,Frogwares（英語版）,0,1,その他,その他
2022-02-03,PLiCy,スーパーシャドーブレイク 決戦! 忍者 対 三大怪獣,-,,ETC,PLiCy,0,1,その他,その他
2022-02-03,レイニーフロッグ,ファームトゥギャザー,-,YES,ETC,レイニーフロッグ,0,1,その他,その他
2022-02-03,STP WORKS,フードデリバリーバトル,-,,ETC,STP WORKS,0,1,その他,その他
2022-02-03,RandomSpin Games,プレゲトーン,-,,ETC,RandomSpin Games,0,1,その他,その他
2022-02-03,SAT-BOX,ボクらのウィンタースポーツ,-,,ETC,SAT-BOX,0,1,その他,その他
2022-02-03,RedDeerGames,剣と骨,-,,ETC,RedDeerGames,0,1,その他,その他
2022-02-03,Skermunkel Studios,時間は誰も待っていない,-,,ETC,Skermunkel Studios,0,1,その他,その他
2022-02-03,わくわくゲームズ,百年王国,31,,SLG,わくわくゲームズ,0,1,文明育成シミュレーション,その他
2022-02-03,コンパイルハート/アイディアファクトリー,限界凸旗 セブンパイレーツ H,-,,ETC,コンパイルハート/アイディアファクトリー,0,1,その他,その他
2022-02-04,Hook Games,Math Gym,-,,ETC,Hook Games,0,1,その他,その他
2022-02-08,Private Division,オリオリワールド（英語版）,32,,SPT,Private Division,0,1,スケボーアクション,その他
2022-02-10,Prison Games,ABC Follow Me: 動物,-,,ETC,Prison Games,0,1,その他,その他
2022-02-10,Raw Fury,Backbone（英語版）,-,,ETC,Raw Fury,0,1,その他,その他
2022-02-10,TheDollarGameStore,Blipz,-,,ETC,TheDollarGameStore,0,1,その他,その他
2022-02-10,Atari,Breakout: Recharged,-,,ETC,Atari,0,1,その他,その他
2022-02-10,Crazysoft,Classic Snake Adventures,-,,ETC,Crazysoft,0,1,その他,その他
2022-02-10,Forever Entertainment,Dino Galaxy Tennis,-,,ETC,Forever Entertainment,0,1,その他,その他
2022-02-10,eastasiasoft,El Gancho,-,,ETC,eastasiasoft,0,1,その他,その他
2022-02-10,KONAMI,GetsuFumaDen: Undying Moon,-,,ETC,KONAMI,0,1,その他,その他
2022-02-10,ハイブリッド・スクアード,HexON 六角ブロックパズル,-,,ETC,ハイブリッド・スクアード,0,1,その他,その他
2022-02-10,PM Studios,Hoa,-,,ETC,PM Studios,0,1,その他,その他
2022-02-10,Pix Arts,Jumping Helix Ball,-,,ETC,Pix Arts,0,1,その他,その他
2022-02-10,スクウェア・エニックス,KINGDOM HEARTS HD 1.5+2.5 ReMIX - Cloud Version,-,,ETC,スクウェア・エニックス,0,1,その他,その他
2022-02-10,スクウェア・エニックス,KINGDOM HEARTS HD 2.8 Final Chapter Prologue - Cloud Version,-,,ETC,スクウェア・エニックス,0,1,その他,その他
2022-02-10,スクウェア・エニックス,KINGDOM HEARTS III + Re Mind (DLC) - Cloud Version,-,,ETC,スクウェア・エニックス,0,1,その他,その他
2022-02-10,Nordcurrent（英語版）,Ocean's Heart,-,,ETC,Nordcurrent（英語版）,0,1,その他,その他
2022-02-10,UFO Interactive,Pajama Sam: No Need to Hide When It's Dark Outside,-,,ETC,UFO Interactive,0,1,その他,その他
2022-02-10,UFO Interactive,Pajama Sam: Thunder and Lightning Aren't so Frightening,-,,ETC,UFO Interactive,0,1,その他,その他
2022-02-10,UFO Interactive,Putt-Putt Saves the Zoo,-,,ETC,UFO Interactive,0,1,その他,その他
2022-02-10,ベセスダ・ソフトワークス,QUAKE,-,,ETC,ベセスダ・ソフトワークス,0,1,その他,その他
2022-02-10,DANGEN Entertainment,Rise of the Third Power,30,,RPG,DANGEN Entertainment,0,1,RPG,その他
2022-02-10,UFO Interactive,Spy Fox: Dry Cereal,-,,ETC,UFO Interactive,0,1,その他,その他
2022-02-10,X PLUS,Super Sami Roll,31,,ACT,X PLUS,0,1,3Dアクション,その他
2022-02-10,イマジニア,みんなのカーリング,-,YES,ETC,イマジニア,0,1,その他,その他
2022-02-10,Giant Door,ダーピーコンガ,-,,ETC,Giant Door,0,1,その他,その他
2022-02-10,RedDeerGames,ペンデュラのスウィング,-,,ETC,RedDeerGames,0,1,その他,その他
2022-02-10,アイディアファクトリー,乙女ゲームの破滅フラグしかない悪役令嬢に転生してしまった… 〜波乱を呼ぶ海賊〜,31,YES,ADV,アイディアファクトリー,0,1,破滅フラグ回避恋愛コメディADV,その他
2022-02-10,Thermite Games,森久城物語,-,,ETC,Thermite Games,0,1,その他,その他
2022-02-10,PLAYISM,被虐のノエル,32,,ADV,PLAYISM,0,1,伝奇アドベンチャー,その他
2022-02-11,ラタライカゲームス,Blackberry Honey 〜メイド物語〜,-,,ETC,ラタライカゲームス,0,1,その他,その他
2022-02-16,SEEC,四ツ目神 -再会-,-,,ETC,SEEC,0,1,その他,その他
2022-02-17,eastasiasoft,Beat Souls,-,,ETC,eastasiasoft,0,1,その他,その他
2022-02-17,Maxim Nuriev,BigChick,-,,ETC,Maxim Nuriev,0,1,その他,その他
2022-02-17,Nerdvision Games,Duggy,-,,ETC,Nerdvision Games,0,1,その他,その他
2022-02-17,QUByte Interactive,Fluffy Cubed,-,,ETC,QUByte Interactive,0,1,その他,その他
2022-02-17,SOFT SOURCE,Nongunz: Doppelganger Edition,-,,ETC,SOFT SOURCE,0,1,その他,その他
2022-02-17,Pix Arts,Pinball Frenzy,-,,ETC,Pix Arts,0,1,その他,その他
2022-02-17,Shinyuden,RED COLONY 3,-,,ETC,Shinyuden,0,1,その他,その他
2022-02-17,Ocean Media,Shipwreck Escape,-,,ETC,Ocean Media,0,1,その他,その他
2022-02-17,ディースリー・パブリッシャー,SIMPLEシリーズ for Nintendo Switch Vol.1 THE テーブルゲーム Deluxe Pack 〜麻雀・囲碁・将棋・詰将棋・オセロ・カード・花札・二角取り〜,-,YES,ETC,ディースリー・パブリッシャー,6057_0m_3956,1,その他,その他
2022-02-17,Crazysoft,Tarot Readings Premium,-,,ETC,Crazysoft,0,1,その他,その他
2022-02-17,スクウェア・エニックス,Voice of Cards できそこないの巫女,-,,ETC,スクウェア・エニックス,0,1,その他,その他
2022-02-17,レジスタ,からくり洋館からの脱出,-,,ETC,レジスタ,0,1,その他,その他
2022-02-17,ユービーアイソフト,アサシン クリード エツィオコレクション,-,YES,ETC,ユービーアイソフト,0,1,その他,その他
2022-02-17,RedDeerGames,ジェムウィザーズ戦術,-,,ETC,RedDeerGames,0,1,その他,その他
2022-02-17,EpiXR,デスパーク,-,,ETC,EpiXR,0,1,その他,その他
2022-02-17,ドラス,パチスロ ユニバ王国＜沖ドキ!コレクション＞,-,,ETC,ドラス,0,1,その他,その他
2022-02-17,EpiXR,リーチフォーザアース,-,,ETC,EpiXR,0,1,その他,その他
2022-02-17,トローゼ,レッデン,-,,ETC,トローゼ,0,1,その他,その他
2022-02-17,DMM GAMES/EXNOA,刀剣乱舞無双,34,YES,ACT,DMM GAMES/EXNOA,6055_0m_3955,1,タクティカルアクション,その他
2022-02-17,RandomSpin Games,宇宙介入,-,,ETC,RandomSpin Games,0,1,その他,その他
2022-02-17,iMel,秘密のキスは甘くやさしく,-,,ETC,iMel,0,1,その他,その他
2022-02-20,ガンホー・オンライン・エンターテイメント,PUZZLE & DRAGONS Nintendo Switch Edition,-,,ETC,ガンホー・オンライン・エンターテイメント,0,1,その他,その他
2022-02-22,プラチナゲームズ,ソルクレスタ,33,,SHT,プラチナゲームズ,0,1,自在合体シューティング,その他
2022-02-23,ブロッコリー,殺し屋とストロベリー Plus,-,YES,ETC,ブロッコリー,0,1,その他,その他
2022-02-24,MAGES.,CHAOS;HEAD NOAH / CHAOS;CHILD DOUBLE PACK,-,YES,ETC,MAGES.,0,1,その他,その他
2022-02-24,Freedom Games,Clouzy!,-,,ETC,Freedom Games,0,1,その他,その他
2022-02-24,フリュー,CRYSTAR -クライスタ-,30,YES,ARPG,フリュー,0,1,泣いて戦うアクションRPG,その他
2022-02-24,JUSTDAN INTERNATIONAL,Dusk Diver 2 崑崙靈動,-,YES,ETC,JUSTDAN INTERNATIONAL,0,1,その他,その他
2022-02-24,ユビタス,Edge of Eternity（英語版）,-,,ETC,ユビタス,0,1,その他,その他
2022-02-24,eastasiasoft,Explosive Candy World,-,,ETC,eastasiasoft,0,1,その他,その他
2022-02-24,エンターグラム,love clear,-,,ETC,エンターグラム,0,1,その他,その他
2022-02-24,E-Line Media,Never Alone: Arctic Collection（英語版）,33,,ADV,E-Line Media,0,1,パズルアドベンチャー,その他
2022-02-24,isTom Games,"To the Top, Mammoth!",-,,ETC,isTom Games,0,1,その他,その他
2022-02-24,Pix Arts,Word Chef,-,,ETC,Pix Arts,0,1,その他,その他
2022-02-24,indienova,ごめんね、NPCです,-,,ETC,indienova,0,1,その他,その他
2022-02-24,エンターグラム,アオナツライン,-,YES,ETC,エンターグラム,0,1,その他,その他
2022-02-24,EpiXR,アンタークティカ88,-,,ETC,EpiXR,0,1,その他,その他
2022-02-24,サイバーステップ,シオリノコトハ - Dark Reflections -,-,,ETC,サイバーステップ,0,1,その他,その他
2022-02-24,コーエーテクモゲームス,ソフィーのアトリエ2 〜不思議な夢の錬金術士〜,32,YES,RPG,コーエーテクモゲームス,6063_0m_3962,1,錬金術再生RPG,その他
2022-02-24,タイトー,タイトーマイルストーン,-,YES,ETC,タイトー,0,1,その他,その他
2022-02-24,CFK,フー・イズ・ゾンビ,-,,ETC,CFK,0,1,その他,その他
2022-02-24,ラタライカゲームス,ワン・ナイト・スタンド（英語版）,-,,ETC,ラタライカゲームス,0,1,その他,その他
2022-02-24,トローゼ,ワールドウォー タンクバトル,-,,ETC,トローゼ,0,1,その他,その他
2022-02-24,プロトタイプ,三国恋戦記〜思いでがえし〜+学園恋戦記,-,YES,ETC,プロトタイプ,0,1,その他,その他
2022-02-24,エンターグラム,月の彼方で逢いましょう,-,YES,ETC,エンターグラム,0,1,その他,その他
2022-02-24,Aurita Games,狼男アメリカン,-,,ETC,Aurita Games,0,1,その他,その他
2022-02-24,シルバースタージャパン,遊んで将棋が強くなる!銀星将棋DX2,-,YES,ETC,シルバースタージャパン,0,1,その他,その他
2022-02-25,Hook Games,Checkers Minimal,-,,ETC,Hook Games,0,1,その他,その他
2022-02-25,Shinyuden,MOTO ROADER MC,-,,ETC,Shinyuden,0,1,その他,その他
2022-02-25,スクウェア・エニックス,ライフ イズ ストレンジ トゥルー カラーズ,35,YES,ADV,スクウェア・エニックス,0,1,アドベンチャー,その他
2022-02-28,Broken Arms Games,Hundred Days - Winemaking Simulator,-,,ETC,Broken Arms Games,0,1,その他,その他
2022-03-01,FRONTIER,ファー:チェンジング タイド（英語版）,-,,ETC,FRONTIER,0,1,その他,その他
2022-03-03,Beep,1993 シェナンドー,-,,ETC,Beep,0,1,その他,その他
2022-03-03,Sometimes You,35MM,-,,ETC,Sometimes You,0,1,その他,その他
2022-03-03,Prison Games,ABC Match with Me,-,,ETC,Prison Games,0,1,その他,その他
2022-03-03,Megame,Crossroad Simulator,-,,ETC,Megame,0,1,その他,その他
2022-03-03,Pix Arts,Flip The Buddy,-,,ETC,Pix Arts,0,1,その他,その他
2022-03-03,Crazysoft,Personality and Psychology Premium,-,,ETC,Crazysoft,0,1,その他,その他
2022-03-03,Gametry,Plumber Hero,-,,ETC,Gametry,0,1,その他,その他
2022-03-03,eastasiasoft,Pretty Girls Breakers!,-,,ETC,eastasiasoft,0,1,その他,その他
2022-03-03,Megame,Survive on Raft,-,,ETC,Megame,0,1,その他,その他
2022-03-03,Postmeta Games,The Uncertain: Last Quiet Day,-,,ETC,Postmeta Games,0,1,その他,その他
2022-03-03,レイニーフロッグ,Titan Chaser,-,,ETC,レイニーフロッグ,0,1,その他,その他
2022-03-03,Daedalic Entertainment（英語版）,Zombie Rollerz: Pinball Heroes,30,,ASHT,Daedalic Entertainment（英語版）,0,1,アクションシューティング,その他
2022-03-03,ハッピーミール,ひらめきパズル!面積迷路 ジーニアス,-,,ETC,ハッピーミール,0,1,その他,その他
2022-03-03,Gamuzumi,アイドルカフェを経営しませんか?2,-,,ETC,Gamuzumi,0,1,その他,その他
2022-03-03,ケムコ,アンビションレコード,-,,ETC,ケムコ,0,1,その他,その他
2022-03-03,Dogbyte Games,オフ・ザ・ロード・アンリーシュト,-,,ETC,Dogbyte Games,0,1,その他,その他
2022-03-03,トローゼ,カウンターデルタ ザ・バレットレイン,-,,ETC,トローゼ,0,1,その他,その他
2022-03-03,RedDeerGames,バック・ブラッドレー,-,,ETC,RedDeerGames,0,1,その他,その他
2022-03-03,Kistler Studios,ファーストパーソンビューシミュレーター,-,,ETC,Kistler Studios,0,1,その他,その他
2022-03-03,ブリッジ,俺たちの戦いはこれからだ! episode 2,-,,ETC,ブリッジ,0,1,その他,その他
2022-03-03,STP WORKS,古銭プッシャーフレンズ,-,,ETC,STP WORKS,0,1,その他,その他
2022-03-03,レジスタ,猫様の湯からの脱出,-,,ETC,レジスタ,0,1,その他,その他
2022-03-04,フリュー,ゲーム ドラえもん のび太の宇宙小戦争 2021,-,YES,ETC,フリュー,0,1,その他,その他
2022-03-04,スクウェア・エニックス,トライアングルストラテジー,35,YES,SRPG,スクウェア・エニックス,4763_0m_3660n,1,タクティクスRPG,その他
2022-03-09,No Gravity Games,ウィル・ユー・スネイル?,-,,ETC,No Gravity Games,0,1,その他,その他
2022-03-10,バンダイナムコエンターテインメント,.hack//G.U. Last Recode,32,YES,ARPG,バンダイナムコエンターテインメント,0,1,アクションRPG,その他
2022-03-10,オーイズミ・アミュージオ,ASHWALKERS - A SURVIVAL JOURNEY,-,,ETC,オーイズミ・アミュージオ,0,1,その他,その他
2022-03-10,Gametry,Detective Inspector: Mysterious Clues,-,,ETC,Gametry,0,1,その他,その他
2022-03-10,ChiliDog Interactive,Dr. Oil,-,,ETC,ChiliDog Interactive,0,1,その他,その他
2022-03-10,ディー・オー,Dual Brain,-,,ETC,ディー・オー,0,1,その他,その他
2022-03-10,QUByte Interactive,Dungeon Color,-,,ETC,QUByte Interactive,0,1,その他,その他
2022-03-10,ChiliDog Interactive,Gav-Gav Odyssey,-,,ETC,ChiliDog Interactive,0,1,その他,その他
2022-03-10,Microids（英語版）,Grand Mountain Adventure: Wonderlands,-,,ETC,Microids（英語版）,0,1,その他,その他
2022-03-10,OverGamez,LIT: Bend the Light,-,,ETC,OverGamez,0,1,その他,その他
2022-03-10,Gametry,Pipes Master,-,,ETC,Gametry,0,1,その他,その他
2022-03-10,Postmeta Games,Time Loader,-,,ETC,Postmeta Games,0,1,その他,その他
2022-03-10,Midnight Works,Truck Simulator USA Car Games - Driving games & Car 2022,-,,ETC,Midnight Works,0,1,その他,その他
2022-03-10,Kistler Studios,そのボールをボックスに,-,,ETC,Kistler Studios,0,1,その他,その他
2022-03-10,Asylum Square Interactive,アーロン 小さな探偵,-,,ETC,Asylum Square Interactive,0,1,その他,その他
2022-03-10,Kistler Studios,カラーズ ナンバー,-,,ETC,Kistler Studios,0,1,その他,その他
2022-03-10,Kistler Studios,キュー・スポーツ,-,,ETC,Kistler Studios,0,1,その他,その他
2022-03-10,Kistler Studios,シンプルミニゴルフ,-,,ETC,Kistler Studios,0,1,その他,その他
2022-03-10,テヨンジャパン,ストランデッド ディープ（英語版）,-,,ETC,テヨンジャパン,0,1,その他,その他
2022-03-10,eastasiasoft,スプラッシュ・カーズ,-,,ETC,eastasiasoft,0,1,その他,その他
2022-03-10,スクウェア・エニックス,チョコボGP,-,YES,ETC,スクウェア・エニックス,0,1,その他,その他
2022-03-10,Helium9 Games,テニス1920年代,-,,ETC,Helium9 Games,0,1,その他,その他
2022-03-10,Kistler Studios,トリゴナル,-,,ETC,Kistler Studios,0,1,その他,その他
2022-03-10,トイボックス,トレジャーハント エーゲ海の秘宝,-,,ETC,トイボックス,0,1,その他,その他
2022-03-10,Megame,フォークリフトシミュレーター,-,,ETC,Megame,0,1,その他,その他
2022-03-10,Kistler Studios,ボール・フィジクス・ドロー・パズルズ 2,-,,ETC,Kistler Studios,0,1,その他,その他
2022-03-10,Improx Games,ラストキューブ,-,,ETC,Improx Games,0,1,その他,その他
2022-03-10,PLAYISM,両手いっぱいに芋の花を,30,,RPG,PLAYISM,0,1,3DダンジョンRPG,その他
2022-03-10,Rogue Games,暴れん坊ニャンコ,-,,ETC,Rogue Games,0,1,その他,その他
2022-03-10,オトムラ,王国商店街,-,,ETC,オトムラ,0,1,その他,その他
2022-03-11,ラタライカゲームス,コスモスビット,-,,ETC,ラタライカゲームス,0,1,その他,その他
2022-03-14,Rocket Panda Games,ファントムブレイカー:オムニア,-,,ETC,Rocket Panda Games,0,1,その他,その他
2022-03-17,Mischief,Adios,-,,ETC,Mischief,0,1,その他,その他
2022-03-17,ChiliDog Interactive,Ammo Pigs: Cocked and Loaded,-,,ETC,ChiliDog Interactive,0,1,その他,その他
2022-03-17,Crazysoft,Astrology and Horoscope Premium,-,,ETC,Crazysoft,0,1,その他,その他
2022-03-17,Revulo Games,Cyber Pool,-,,ETC,Revulo Games,0,1,その他,その他
2022-03-17,Freedom Games,Dark Deity（英語版）,-,,ETC,Freedom Games,0,1,その他,その他
2022-03-17,JoyBits,Doodle Devil: 3volution,-,,ETC,JoyBits,0,1,その他,その他
2022-03-17,Pix Arts,Jumping Bricks Ball,-,,ETC,Pix Arts,0,1,その他,その他
2022-03-17,Megame,Logistics Simulator,-,,ETC,Megame,0,1,その他,その他
2022-03-17,KIMIDORI SOFT,LOST EGG 2: Be together,-,,ETC,KIMIDORI SOFT,0,1,その他,その他
2022-03-17,PQube,Nexomon,-,,ETC,PQube,0,1,その他,その他
2022-03-17,Crazysoft,Palm Reading Premium,-,,ETC,Crazysoft,0,1,その他,その他
2022-03-17,Weakfish Studio,Rattyvity Lab,-,,ETC,Weakfish Studio,0,1,その他,その他
2022-03-17,SOFT SOURCE,THE HONG KONG MASSACRE（英語版）,-,YES,ETC,SOFT SOURCE,0,1,その他,その他
2022-03-17,Coatsink Software,The Ramp,-,,ETC,Coatsink Software,0,1,その他,その他
2022-03-17,indienova,The Wake,-,,ETC,indienova,0,1,その他,その他
2022-03-17,ユービーアイソフト,TRIVIAL PURSUIT Live! 2,-,,ETC,ユービーアイソフト,0,1,その他,その他
2022-03-17,インティ・クリエイツ,ぎゃる☆がん だぶるぴーす,31,YES,SHT,インティ・クリエイツ,0,1,3D眼（ガン）シューティング,その他
2022-03-17,iMel,らぶおぶ恋愛皇帝 of LOVE!,-,,ETC,iMel,0,1,その他,その他
2022-03-17,RedDeerGames,イヌカリ - 欺瞞の追跡,-,,ETC,RedDeerGames,0,1,その他,その他
2022-03-17,Phoenixx,オッドドッグとイーヴンキャット,-,,ETC,Phoenixx,0,1,その他,その他
2022-03-17,メディアスケープ,クロカミサマの晩餐,-,,ETC,メディアスケープ,0,1,その他,その他
2022-03-17,アトラス,ペルソナ4 ジ・アルティマックス ウルトラスープレックスホールド,-,YES,ETC,アトラス,6088_0m_3989,1,その他,その他
2022-03-17,eastasiasoft,ワイフクエスト,-,,ETC,eastasiasoft,0,1,その他,その他
2022-03-17,サイバーステップ,異世界娘と婚活中 〜Isekai Bride Hunting〜,-,,ETC,サイバーステップ,0,1,その他,その他
2022-03-17,サイバーステップ,絶対君主!小夜様 〜バイト面接に行ったら小夜様の下僕だった件〜,-,,ETC,サイバーステップ,0,1,その他,その他
2022-03-17,コンパイルハート,閃乱忍忍忍者大戦ネプテューヌ -少女達の響艶-,32,YES,ARPG,コンパイルハート,0,1,ねぷねぷ忍者大戦ARPG,その他
2022-03-17,カイロソフト,風雲☆ボクシング物語,-,,ETC,カイロソフト,0,1,その他,その他
2022-03-18,Hook Games,Sea Battle Minimal,-,,ETC,Hook Games,0,1,その他,その他
2022-03-24,Pix Arts,ELO 1100 Chess,-,,ETC,Pix Arts,0,1,その他,その他
2022-03-24,SOFT SOURCE,GLASS MASQUERADE DOUBLE PACK,-,,ETC,SOFT SOURCE,0,1,その他,その他
2022-03-24,Pix Arts,Handball Pelota,-,,ETC,Pix Arts,0,1,その他,その他
2022-03-24,Fellow Traveller,Kraken Academy!!,-,,ETC,Fellow Traveller,0,1,その他,その他
2022-03-24,エンターグラム,MUSICUS!,-,YES,ETC,エンターグラム,0,1,その他,その他
2022-03-24,Puppet Combo,NUN MASSACRE,-,,ETC,Puppet Combo,0,1,その他,その他
2022-03-24,Atari,Tempest 4000（英語版）,-,,ETC,Atari,0,1,その他,その他
2022-03-24,eastasiasoft,Thunder Kid: Hunt for the Robot Emperor,-,,ETC,eastasiasoft,0,1,その他,その他
2022-03-24,Sbug Games,Webbed（英語版）,-,,ETC,Sbug Games,0,1,その他,その他
2022-03-24,アレス,はぴねす! SakuraCelebration,-,YES,ETC,アレス,0,1,その他,その他
2022-03-24,TAKUYO,カエル畑DEつかまえて・夏 千木良参戦!,-,YES,ETC,TAKUYO,0,1,その他,その他
2022-03-24,EpiXR,カームマインド2,-,,ETC,EpiXR,0,1,その他,その他
2022-03-24,Atypical Games,スカイギャンブラー:エアスプレマシー2（英語版）,-,,ETC,Atypical Games,0,1,その他,その他
2022-03-24,CFK,スーパーナナル,-,,ETC,CFK,0,1,その他,その他
2022-03-24,RandomSpin Games,ディスコキャノン航空会社,-,,ETC,RandomSpin Games,0,1,その他,その他
2022-03-24,Gamuzumi,フィンガン,-,,ETC,Gamuzumi,0,1,その他,その他
2022-03-24,eastasiasoft,ホラー・テール:ザ・ワイン,-,,ETC,eastasiasoft,0,1,その他,その他
2022-03-24,バンダイナムコエンターテインメント,モルサッカーオンライン Lite,-,,ETC,バンダイナムコエンターテインメント,0,1,その他,その他
2022-03-24,iMel,ルリイロデイズ 〜Heavenly Blue〜,-,,ETC,iMel,0,1,その他,その他
2022-03-24,ゲームミュージアム,ワールドサッカーキッド,-,,ETC,ゲームミュージアム,0,1,その他,その他
2022-03-24,クリプトン・フューチャー・メディア,初音ミク いっしょに!ジグソーパズル,-,,ETC,クリプトン・フューチャー・メディア,0,1,その他,その他
2022-03-24,レジスタ,囚獄のセブンスヘイム,-,,ETC,レジスタ,0,1,その他,その他
2022-03-24,ブシロード,小林さんちのメイドラゴン 炸裂!!ちょろゴン☆ブレス,-,YES,ETC,ブシロード,0,1,その他,その他
2022-03-24,ロケットスタジオ,幽限御界堂探偵社 1章,-,,ETC,ロケットスタジオ,0,1,その他,その他
2022-03-24,dramatic create/ヒューネックス,東京24区 -祈-,-,YES,ETC,dramatic create/ヒューネックス,0,1,その他,その他
2022-03-24,RandomSpin Games,面白いトラック,-,,ETC,RandomSpin Games,0,1,その他,その他
2022-03-25,Annapurna Interactive,A Memoir Blue,-,,ETC,Annapurna Interactive,0,1,その他,その他
2022-03-25,エンターグラム,アイキス3 cute,-,YES,ETC,エンターグラム,0,1,その他,その他
2022-03-25,任天堂,星のカービィ ディスカバリー,37,YES,ACT,任天堂,5982_0m_3885,1,3Dアクション,その他
2022-03-30,PikPok（英語版）,エージェント・インターセプター,-,,ETC,PikPok（英語版）,0,1,その他,その他
2022-03-31,Artifex Mundi,9 Clues: サーペントクリークの秘密,-,,ETC,Artifex Mundi,0,1,その他,その他
2022-03-31,QUByte Interactive,ARCADE FUZZ,-,,ETC,QUByte Interactive,0,1,その他,その他
2022-03-31,Levi Buck,Bridge Builder Racer,-,,ETC,Levi Buck,0,1,その他,その他
2022-03-31,DMM GAMES/EXNOA,Conan Chop Chop,-,,ETC,DMM GAMES/EXNOA,0,1,その他,その他
2022-03-31,iMel,COSPLAY LOVE! Enchanted princess,-,,ETC,iMel,0,1,その他,その他
2022-03-31,SAT-BOX,HYPER DRONE X,-,,ETC,SAT-BOX,0,1,その他,その他
2022-03-31,ソニックパワード,LANDING HERO 羽田×787,-,,ETC,ソニックパワード,0,1,その他,その他
2022-03-31,QUByte Interactive,Mini Words Collection,-,,ETC,QUByte Interactive,0,1,その他,その他
2022-03-31,Pix Arts,Niko and the Cubic Curse,-,,ETC,Pix Arts,0,1,その他,その他
2022-03-31,CottonGame,One Way: The Elevator,-,,ETC,CottonGame,0,1,その他,その他
2022-03-31,ALL IN! GAMES,Red Wings: American Aces,-,,ETC,ALL IN! GAMES,0,1,その他,その他
2022-03-31,ChiliDog Interactive,Richy's Nightmares,-,,ETC,ChiliDog Interactive,0,1,その他,その他
2022-03-31,ディースリー・パブリッシャー,SIMPLEシリーズ for Nintendo Switch Vol.2 THE トランプ パーフェクトコレクション,-,,ETC,ディースリー・パブリッシャー,0,1,その他,その他
2022-03-31,Nerd Games,Street Cats Race,-,,ETC,Nerd Games,0,1,その他,その他
2022-03-31,QUByte Interactive,UBERMOSH:OMEGA,-,,ETC,QUByte Interactive,0,1,その他,その他
2022-03-31,H2 INTERACTIVE,Young Souls,-,YES,ETC,H2 INTERACTIVE,0,1,その他,その他
2022-03-31,カエルパンダ,ゆるゆる劇場クラシック,-,,ETC,カエルパンダ,0,1,その他,その他
2022-03-31,CottonGame,アイソランド:海辺の遊園地,-,,ETC,CottonGame,0,1,その他,その他
2022-03-31,エンターグラム,キストリロジー,-,YES,ETC,エンターグラム,0,1,その他,その他
2022-03-31,Mindscape,キャンディー 2048 チャレンジ,-,,ETC,Mindscape,0,1,その他,その他
2022-03-31,Acram Digital,コンコルディア:デジタル版,-,,ETC,Acram Digital,0,1,その他,その他
2022-03-31,ハイブリッド・スクアード,ストーンフライ Stonefly,-,,ETC,ハイブリッド・スクアード,0,1,その他,その他
2022-03-31,Pixehn,スピングラム,-,,ETC,Pixehn,0,1,その他,その他
2022-03-31,Astragon（英語版）,テイク・オフ・ザ・フライト・シミュレーター,-,,ETC,Astragon（英語版）,0,1,その他,その他
2022-03-31,SNK,ビッグバンプロレス,-,,ETC,SNK,0,1,その他,その他
2022-03-31,アイディアファクトリー,ビルシャナ戦姫 〜一樹の風〜,-,YES,ETC,アイディアファクトリー,0,1,その他,その他
2022-03-31,日本一ソフトウェア,ファントム・キングダム,-,,ETC,日本一ソフトウェア,0,1,その他,その他
2022-03-31,RedDeerGames,フロオゲン,-,,ETC,RedDeerGames,0,1,その他,その他
2022-03-31,レジスタ,ブレイクスクールシミュレーター,-,,ETC,レジスタ,0,1,その他,その他
2022-03-31,CottonGame,ミスターパンプキン2 九龍城砦,-,,ETC,CottonGame,0,1,その他,その他
2022-03-31,Phoenixx,幻想少女大戦 - DREAM OF THE STRAY DREAMER -,30,,SRPG,Phoenixx,0,1,シミュレーションRPG,その他
2022-03-31,エンターグラム,放課後シンデレラ,-,YES,ETC,エンターグラム,0,1,その他,その他
2022-03-31,日本一ソフトウェア,絶対ヒーロー改造計画,-,,ETC,日本一ソフトウェア,0,1,その他,その他
2022-03-31,RandomSpin Games,開析,-,,ETC,RandomSpin Games,0,1,その他,その他
2022-03-31,Mindscape,魔法の宝石:失われた一族,-,,ETC,Mindscape,0,1,その他,その他
2022-04-01,WhisperGames,tERRORbane,-,,ETC,WhisperGames,0,1,その他,その他
2022-04-05,MLBAM（英語版）,MLB The Show 22（英語版）,-,,ETC,MLBAM（英語版）,0,1,その他,その他
2022-04-05,WB Games,レゴ スター・ウォーズ/スカイウォーカー・サーガ（英語版）,33,YES,AADV,WB Games,0,1,アクションアドベンチャー,その他
2022-04-07,Digital Tribe Games,Astrodogs,-,,ETC,Digital Tribe Games,0,1,その他,その他
2022-04-07,スクウェア・エニックス,CHRONO CROSS: THE RADICAL DREAMERS EDITION,-,,ETC,スクウェア・エニックス,0,1,その他,その他
2022-04-07,tinyBuild Games（英語版）,Happy's Humble Burger Farm,-,,ETC,tinyBuild Games（英語版）,0,1,その他,その他
2022-04-07,H2 INTERACTIVE,Infernax,-,,ETC,H2 INTERACTIVE,0,1,その他,その他
2022-04-07,Atari,Kombinera,-,,ETC,Atari,0,1,その他,その他
2022-04-07,eastasiasoft,Retro Pixel Racers,-,,ETC,eastasiasoft,0,1,その他,その他
2022-04-07,High Tea Frog,Seashell,-,,ETC,High Tea Frog,0,1,その他,その他
2022-04-07,Hues Games,Urban Cards,-,,ETC,Hues Games,0,1,その他,その他
2022-04-07,Pix Arts,Worm Run,-,,ETC,Pix Arts,0,1,その他,その他
2022-04-07,eastasiasoft,Z-Warp,-,,ETC,eastasiasoft,0,1,その他,その他
2022-04-07,ケムコ,イクストナ戦記,-,,ETC,ケムコ,0,1,その他,その他
2022-04-07,Forever Entertainment,ザ・ハウス・オブ・ザ・デッド:リメイク,-,,ETC,Forever Entertainment,6339_0m_4278n,1,その他,その他
2022-04-07,Frogwares,シャーロック・ホームズ 悪魔の娘,30,,ADV,Frogwares,0,1,推理アドベンチャー,その他
2022-04-07,Pix Arts,ソウコバン,-,,ETC,Pix Arts,0,1,その他,その他
2022-04-07,スティング,ナイツ・イン・ザ・ナイトメア,-,,ETC,スティング,0,1,その他,その他
2022-04-07,RedDeerGames,ボレアル テネブレー,-,,ETC,RedDeerGames,0,1,その他,その他
2022-04-07,Sometimes You,ミュージックレーサー,-,,ETC,Sometimes You,0,1,その他,その他
2022-04-07,NAISU,モココX,-,,ETC,NAISU,0,1,その他,その他
2022-04-07,だいだい,古き良き時代の龍后伝,-,,ETC,だいだい,0,1,その他,その他
2022-04-07,賈船,螢幕判官 Behind The Screen&落雨落葉 Defoliation,-,YES,ETC,賈船,0,1,その他,その他
2022-04-07,宮澤卓宏,赤白黄色 Zinger,-,,ETC,宮澤卓宏,0,1,その他,その他
2022-04-07,シルバースタージャパン,魔女のポーション 〜ウォーターソートパズル〜,-,,ETC,シルバースタージャパン,0,1,その他,その他
2022-04-08,Humble Games,Chinatown Detective Agency（英語版）,-,,ETC,Humble Games,0,1,その他,その他
2022-04-08,角川ゲームス,メタルドッグス,-,YES,ETC,角川ゲームス,0,1,その他,その他
2022-04-14,Prison Games,ABC Search with Me,-,,ETC,Prison Games,0,1,その他,その他
2022-04-14,McPeppergames,Animal Babies Puzzle - 赤ちゃんと幼児のための子供幼稚園を学ぶ トップ木製就学前の動物学習パズルゲーム,-,,ETC,McPeppergames,0,1,その他,その他
2022-04-14,McPeppergames,Cars Puzzles Game - 車のパズルゲーム 面白い車とトラックモーターガレージ,-,,ETC,McPeppergames,0,1,その他,その他
2022-04-14,Freedom Games,Cat Cafe Manager,-,,ETC,Freedom Games,0,1,その他,その他
2022-04-14,Goblinz Studio,Defend the Rook,-,,ETC,Goblinz Studio,0,1,その他,その他
2022-04-14,CGA Studio Games,Formula Retro Racing,-,,ETC,CGA Studio Games,0,1,その他,その他
2022-04-14,eastasiasoft,GUNGUNGUN,-,,ETC,eastasiasoft,0,1,その他,その他
2022-04-14,QUByte Interactive,Hidden Shapes: Animals + Lovely Cats,-,,ETC,QUByte Interactive,0,1,その他,その他
2022-04-14,Pix Arts,Micro Stunt Machina,-,,ETC,Pix Arts,0,1,その他,その他
2022-04-14,Higgs Games,Moorhuhn Jump and Run トレジャーハンター2（英語版）,-,,ETC,Higgs Games,0,1,その他,その他
2022-04-14,Drinkbox Studios（英語版）,Nobody Saves the World（英語版）,34,,ARPG,Drinkbox Studios（英語版）,0,1,アクションRPG,その他
2022-04-14,eastasiasoft,Pretty Girls Rivers,-,,ETC,eastasiasoft,0,1,その他,その他
2022-04-14,ChiliDog Interactive,Radioactive Dwarfs: Evil From the Sewers,-,,ETC,ChiliDog Interactive,0,1,その他,その他
2022-04-14,Dahku,Rotund Rebound,-,,ETC,Dahku,0,1,その他,その他
2022-04-14,Versus Evil（英語版）,Sockventure,-,,ETC,Versus Evil（英語版）,0,1,その他,その他
2022-04-14,H2 INTERACTIVE,The Smurfs Mission Vileaf,-,YES,ETC,H2 INTERACTIVE,0,1,その他,その他
2022-04-14,コーエーテクモゲームス,Winning Post 9 2022,-,YES,ETC,コーエーテクモゲームス,0,1,その他,その他
2022-04-14,No Gravity Games,インナー・ヴォイス,-,,ETC,No Gravity Games,0,1,その他,その他
2022-04-14,EpiXR,ザフライングトラベラーコレクション,-,,ETC,EpiXR,0,1,その他,その他
2022-04-14,Origamihero Games,シューティング・スター・アイランド,-,,ETC,Origamihero Games,0,1,その他,その他
2022-04-14,コーラス・ワールドワイド,スカーレット・フッドと邪悪の森,-,,ETC,コーラス・ワールドワイド,0,1,その他,その他
2022-04-14,テヨンジャパン,スタクセル,-,,ETC,テヨンジャパン,0,1,その他,その他
2022-04-14,わくわくゲームズ[注釈 5],チャカ王の迷宮,-,,ETC,わくわくゲームズ[注釈 5],0,1,その他,その他
2022-04-14,EpiXR,デスパーク2,-,,ETC,EpiXR,0,1,その他,その他
2022-04-14,diet zribi,トゥーディーとトップディー,-,,ETC,diet zribi,0,1,その他,その他
2022-04-14,フリュー,バトルスピリッツ コネクテッドバトラーズ,-,YES,ETC,フリュー,6220_0m_4158,1,その他,その他
2022-04-14,CGA Studio Games,ピンボール・フリーダム,-,,ETC,CGA Studio Games,0,1,その他,その他
2022-04-14,Mindscape,ムシャムシャライン,-,,ETC,Mindscape,0,1,その他,その他
2022-04-14,アトラス,十三機兵防衛圏,38,YES,ADV,アトラス,5874_0m_3775,1,ドラマチックアドベンチャー,その他
2022-04-14,Puppet Combo,新殺しの館,-,,ETC,Puppet Combo,0,1,その他,その他
2022-04-14,レジスタ,頑丈な扉の部屋からの脱出,-,,ETC,レジスタ,0,1,その他,その他
2022-04-15,ALL IN! GAMES,Lumberhill,-,,ETC,ALL IN! GAMES,0,1,その他,その他
2022-04-18,タカラトミー,デュエマであそぼう!2022,-,,ETC,タカラトミー,0,1,その他,その他
2022-04-21,QUByte Interactive,8 Ball Clash,-,,ETC,QUByte Interactive,0,1,その他,その他
2022-04-21,NEOWIZ,8Doors: Arum's Afterlife Adventure,-,,ETC,NEOWIZ,0,1,その他,その他
2022-04-21,Forever Entertainment,Anuchard,-,,ETC,Forever Entertainment,0,1,その他,その他
2022-04-21,ChiliDog Interactive,Catana,-,,ETC,ChiliDog Interactive,0,1,その他,その他
2022-04-21,ChiliDog Interactive,CATTCH,-,,ETC,ChiliDog Interactive,0,1,その他,その他
2022-04-21,サイバーステップ,CosmicBreak Gun & Slash,-,,ETC,サイバーステップ,0,1,その他,その他
2022-04-21,コナミデジタルエンタテインメント,eBASEBALLパワフルプロ野球2022,36,YES,SPT,コナミデジタルエンタテインメント,6225_0m_4163,1,野球・育成,その他
2022-04-21,McPeppergames,Funny Car Wash - 子供と幼児のためのトラックと車のゲームアクションRPG洗車ガレージ,-,,ETC,McPeppergames,0,1,その他,その他
2022-04-21,Pix Arts,Galagi Shooter,-,,ETC,Pix Arts,0,1,その他,その他
2022-04-21,Just For Games,Ganryu 2: Hakuma Kojiro,-,,ETC,Just For Games,0,1,その他,その他
2022-04-21,eastasiasoft,In the Mood,-,,ETC,eastasiasoft,0,1,その他,その他
2022-04-21,Gametry,Jim's Adventure,-,,ETC,Gametry,0,1,その他,その他
2022-04-21,Klabater,orbit.industries,-,,ETC,Klabater,0,1,その他,その他
2022-04-21,McPeppergames,Princess and Fairytales Jigsaw Puzzles - お姫様とおとぎ話パズルゲーム 男の子と女の子のためにおままごと,-,,ETC,McPeppergames,0,1,その他,その他
2022-04-21,Gametry,Rail Trail,-,,ETC,Gametry,0,1,その他,その他
2022-04-21,Nacon（英語版）,Roguebook,-,,ETC,Nacon（英語版）,0,1,その他,その他
2022-04-21,Dahku,Rotund Zero,-,,ETC,Dahku,0,1,その他,その他
2022-04-21,Skystone Games,The Last Friend,-,,ETC,Skystone Games,0,1,その他,その他
2022-04-21,H2 INTERACTIVE,WORLD WAR Z（英語版）,31,YES,TPS,H2 INTERACTIVE,0,1,TPS,その他
2022-04-21,EpiXR,エベージョンフロムヘル,-,,ETC,EpiXR,0,1,その他,その他
2022-04-21,レジスタ,クトゥルフ神話RPG 血塗られた天女伝説,-,,ETC,レジスタ,0,1,その他,その他
2022-04-21,Phoenixx,クローンドローン -デンジャーゾーン-（英語版）,-,,ETC,Phoenixx,0,1,その他,その他
2022-04-21,PLAYISM,サムライブリンガー,34,,ACT,PLAYISM,0,1,ローグライクアクション,その他
2022-04-21,Aspyr（英語版）,スター・ウォーズ フォース アンリーシュド,-,,ETC,Aspyr（英語版）,0,1,その他,その他
2022-04-21,トローゼ,スペースジェネシス,-,,ETC,トローゼ,0,1,その他,その他
2022-04-21,Gamuzumi,ダブルショットギャル,-,,ETC,Gamuzumi,0,1,その他,その他
2022-04-21,RedDeerGames,ビットオーチャード アニマルバレー,-,,ETC,RedDeerGames,0,1,その他,その他
2022-04-21,RandomSpin Games,ホラーストーリー,-,,ETC,RandomSpin Games,0,1,その他,その他
2022-04-21,RedDeerGames,ローリングカー,-,,ETC,RedDeerGames,0,1,その他,その他
2022-04-21,ハップ,冷蔵庫のプリン食べられた,30,,ADV,ハップ,0,1,脱出ゲーム,その他
2022-04-21,カイロソフト,創作ハンバーガー堂,-,,ETC,カイロソフト,0,1,その他,その他
2022-04-21,日本一ソフトウェア,夜廻三,-,YES,ETC,日本一ソフトウェア,6208_0m_4147n,1,その他,その他
2022-04-21,ナツメアタリ,奇々怪界 黒マントの謎,30,YES,ASHT,ナツメアタリ,6222_0m_4160n,1,アクションシューティング,その他
2022-04-21,Otorakobo,虹のユグドラシル,-,,ETC,Otorakobo,0,1,その他,その他
2022-04-21,Rogue Games,超巨大ゼロ,-,,ETC,Rogue Games,0,1,その他,その他
2022-04-21,シルバースタージャパン,遊んで麻雀が強くなる!銀星麻雀DX,-,YES,ETC,シルバースタージャパン,6226_0m_4164,1,その他,その他
2022-04-21,RandomSpin Games,道路上の鶏,-,,ETC,RandomSpin Games,0,1,その他,その他
2022-04-22,3goo,WRC10 FIA 世界ラリー選手権（英語版）,-,YES,ETC,3goo,0,1,その他,その他
2022-04-26,Team17（英語版）,サーベントローグ,-,,ETC,Team17（英語版）,0,1,その他,その他
2022-04-26,スパイク・チュンソフト,リサーチアンドデストロイ,32,,SRPG,スパイク・チュンソフト,0,1,ターン制アクションストラテジー,その他
2022-04-27,HJホールディングス,Hulu,-,,ETC,HJホールディングス,0,1,その他,その他
2022-04-28,バイキング,Abyss Memory -飛べない天使と魔法の線-,-,,ETC,バイキング,0,1,その他,その他
2022-04-28,TREVA,Amazing Machines,-,,ETC,TREVA,0,1,その他,その他
2022-04-28,Goblinz Studio,As Far As The Eye,-,,ETC,Goblinz Studio,0,1,その他,その他
2022-04-28,Young Horses,Bugsnax（英語版）,-,,ETC,Young Horses,0,1,その他,その他
2022-04-28,ChiliDog Interactive,Caves and Castles: Underworld,-,,ETC,ChiliDog Interactive,0,1,その他,その他
2022-04-28,Rejet,Dance with Devils,30,,ADV,Rejet,0,1,アクマに魅入られたADV,その他
2022-04-28,レジスタ,DarkBlood Reborn -ダークブラッド・リボーン-,-,,ETC,レジスタ,0,1,その他,その他
2022-04-28,Megame,Derby Racing: Xtreme Driver,-,,ETC,Megame,0,1,その他,その他
2022-04-28,Starriver,Feral Flowers,-,,ETC,Starriver,0,1,その他,その他
2022-04-28,neko.works,Light Fairytale Episode 1,-,,ETC,neko.works,0,1,その他,その他
2022-04-28,メディアスケープ,LilyDeux 警告の黒き百合,-,,ETC,メディアスケープ,0,1,その他,その他
2022-04-28,KIMIDORI SOFT,LOST BUBBLES: Sweet mates,-,,ETC,KIMIDORI SOFT,0,1,その他,その他
2022-04-28,Artifex Mundi,Lost Grimoires: 奪われし王国,-,,ETC,Artifex Mundi,0,1,その他,その他
2022-04-28,Koch Media（英語版）,MotoGP 22,32,,RCG,Koch Media（英語版）,0,1,モータースポーツレーシング,その他
2022-04-28,Hook Games,Nonogram Minimal,-,,ETC,Hook Games,0,1,その他,その他
2022-04-28,QubicGames,Om Nom: Run,-,,ETC,QubicGames,0,1,その他,その他
2022-04-28,Studio Inkyfox,OMNO,-,,ETC,Studio Inkyfox,0,1,その他,その他
2022-04-28,RedDeerGames,P.3,-,,ETC,RedDeerGames,0,1,その他,その他
2022-04-28,LKMAD,Panmorphia: めざめ,-,,ETC,LKMAD,0,1,その他,その他
2022-04-28,Merge Games,Ping Pong Arcade,-,,ETC,Merge Games,0,1,その他,その他
2022-04-28,QUByte Interactive,Raven's Hike,-,,ETC,QUByte Interactive,0,1,その他,その他
2022-04-28,Limited Run Games（英語版）,Save me Mr Tako: Definitive Edition,-,,ETC,Limited Run Games（英語版）,0,1,その他,その他
2022-04-28,Weakfish Studio,Soft Drift,-,,ETC,Weakfish Studio,0,1,その他,その他
2022-04-28,M9 Games,SOTANO,-,,ETC,M9 Games,0,1,その他,その他
2022-04-28,大元メディア,TURN TACK,-,,ETC,大元メディア,0,1,その他,その他
2022-04-28,NEOWIZ,Unsouled,-,,ETC,NEOWIZ,0,1,その他,その他
2022-04-28,RebellionInteract（英語版）,Zombie Army 4: Dead War（英語版）,31,YES,TPS,RebellionInteract（英語版）,0,1,TPS,その他
2022-04-28,エンターグラム,――ッ違う!!!+,-,,ETC,エンターグラム,0,1,その他,その他
2022-04-28,AlignmentSharp,おきがえしましょ,-,,ETC,AlignmentSharp,0,1,その他,その他
2022-04-28,アイディアファクトリー,イケメン戦国◆時をかける恋 新たなる出逢い for Nintendo Switch,32,YES,ADV,アイディアファクトリー,0,1,女性向け恋愛アドベンチャー,その他
2022-04-28,Third Sphere Game Studios,ウォッチャークロニクル,-,,ETC,Third Sphere Game Studios,0,1,その他,その他
2022-04-28,Thalamus Digital,カードフル・プランニング,-,,ETC,Thalamus Digital,0,1,その他,その他
2022-04-28,エンターグラム,キスから始まるギャルの恋 〜くるみのウワサとホントのキモチ〜,-,,ETC,エンターグラム,0,1,その他,その他
2022-04-28,Coatsink Software,ゲットパック〜お引越し大騒動〜,-,,ETC,Coatsink Software,0,1,その他,その他
2022-04-28,eastasiasoft,スムート・ゴルフ,-,,ETC,eastasiasoft,0,1,その他,その他
2022-04-28,フライハイワークス,トランシルビィ,-,,ETC,フライハイワークス,0,1,その他,その他
2022-04-28,Winteryear Studios,ニューテラ,-,,ETC,Winteryear Studios,0,1,その他,その他
2022-04-28,Peaksel,バーチャル ピアノ,-,,ETC,Peaksel,0,1,その他,その他
2022-04-28,Washbear Studio,パークアサウルス（英語版）,-,,ETC,Washbear Studio,0,1,その他,その他
2022-04-28,レオフル,ブリープ ブループ,-,,ETC,レオフル,0,1,その他,その他
2022-04-28,SAT-BOX,ボクらのニンジャワールド,-,,ETC,SAT-BOX,0,1,その他,その他
2022-04-28,レイニーフロッグ,ポップスリンガー,-,,ETC,レイニーフロッグ,0,1,その他,その他
2022-04-28,Mindscape,マッチ・スリー・パイレーツ!デイビー・ジョーンズの後継者,-,,ETC,Mindscape,0,1,その他,その他
2022-04-28,ヒューネックス,マルコと銀河竜 〜MARCO & GALAXY DRAGON〜,-,,ETC,ヒューネックス,0,1,その他,その他
2022-04-28,シティコネクション,レイヤーセクション & ギャラクティックアタック Sトリビュート,-,,ETC,シティコネクション,0,1,その他,その他
2022-04-28,プロトタイプ,推しのラブより恋のラブ+ラブ・オア・ダイ,-,YES,ETC,プロトタイプ,0,1,その他,その他
2022-04-28,AlignmentSharp,脱出ゲーム R00M,-,,ETC,AlignmentSharp,0,1,その他,その他
2022-04-28,エムツー,飛翔鮫!鮫!鮫!,-,YES,ETC,エムツー,0,1,その他,その他
2022-04-28,JUSTDAN INTERNATIONAL,食用系少女 2 美食内戦,-,YES,ETC,JUSTDAN INTERNATIONAL,0,1,その他,その他
2022-04-28,Mindscape,魔法の宝石:ドワーフの運命,-,,ETC,Mindscape,0,1,その他,その他
2022-04-28,PLAYISM,黄昏ニ眠ル街,-,YES,ETC,PLAYISM,0,1,その他,その他
2022-04-29,任天堂,Nintendo Switch Sports,-,YES,ETC,任天堂,6124_0m_4024,1,その他,その他
2022-04-29,ラタライカゲームス,ダンディー&ランディー DX,-,,ETC,ラタライカゲームス,0,1,その他,その他
2022-04-29,でらゲー,ベティア ペラペラ英語アドベンチャー,-,YES,ETC,でらゲー,6239_0m_4177,1,その他,その他
2022-05-11,Klei Entertainment（英語版）,Don't Starve Together（英語版）,-,,ETC,Klei Entertainment（英語版）,0,1,その他,その他
2022-05-11,Boneloaf,Gang Beasts（英語版）,-,,ETC,Boneloaf,0,1,その他,その他
2022-05-11,Dinosaur Polo Club（英語版）,Mini Motorways,-,,ETC,Dinosaur Polo Club（英語版）,0,1,その他,その他
2022-05-11,SIGONO,OPUS 星歌の響き -Full Bloom Edition-（英語版）,31,,ADV,SIGONO,0,1,探索アドベンチャー,その他
2022-05-11,505 Games,百英雄伝 Rising,31,,ARPG,505 Games,0,1,アクションRPG,その他
2022-05-12,サイバーステップ,- Mischief Dungeon Life - 異世界転生した俺のイタズラダンジョンライフ,-,,ETC,サイバーステップ,0,1,その他,その他
2022-05-12,Charles Games,Attentat 1942（英語版）,-,,ETC,Charles Games,0,1,その他,その他
2022-05-12,TREVA,Bibi & Tina - New Adventures with Horses,-,,ETC,TREVA,0,1,その他,その他
2022-05-12,QUByte Interactive,Dog's Donuts,-,,ETC,QUByte Interactive,0,1,その他,その他
2022-05-12,ChristophMinnameier,Dungeons of Dreadrock,-,,ETC,ChristophMinnameier,0,1,その他,その他
2022-05-12,Redstart,Get-A-Grip Chip and the Body Bugs,-,,ETC,Redstart,0,1,その他,その他
2022-05-12,Wired Productions（英語版）,Lumote: The Mastermote Chronicles,-,,ETC,Wired Productions（英語版）,0,1,その他,その他
2022-05-12,Megame,Mahjong: Magic Casual Puzzle,-,,ETC,Megame,0,1,その他,その他
2022-05-12,ALL IN! GAMES,Red Wings: Coloring Planes,-,,ETC,ALL IN! GAMES,0,1,その他,その他
2022-05-12,Nacon,Rogue Lords,-,,ETC,Nacon,0,1,その他,その他
2022-05-12,eastasiasoft,Slap the Rocks,-,,ETC,eastasiasoft,0,1,その他,その他
2022-05-12,Noodlecake,Soundfall,-,,ETC,Noodlecake,0,1,その他,その他
2022-05-12,Thunderful（英語版）,Source of Madness - ソース・オブ・マドネス,-,,ETC,Thunderful（英語版）,0,1,その他,その他
2022-05-12,Aspyr,Star Wars: Knights of the Old Republic,-,,ETC,Aspyr,0,1,その他,その他
2022-05-12,WhisperGames,The Shadow You,-,,ETC,WhisperGames,0,1,その他,その他
2022-05-12,Daedalic Entertainment,Wildcat Gun Machine,-,,ETC,Daedalic Entertainment,0,1,その他,その他
2022-05-12,ケムコ,インフィニットリンクス,-,,ETC,ケムコ,0,1,その他,その他
2022-05-12,Art Games Studio,オーオー,-,,ETC,Art Games Studio,0,1,その他,その他
2022-05-12,eastasiasoft,ガンキッド 99,-,,ETC,eastasiasoft,0,1,その他,その他
2022-05-12,Broken Rules,ギボン:ジャングルを超えて,-,,ETC,Broken Rules,0,1,その他,その他
2022-05-12,Gamuzumi,サクラ・エンジェルズ 〜舞い降りた天使〜,-,,ETC,Gamuzumi,0,1,その他,その他
2022-05-12,EpiXR,ザフライングトラベラー アニューフロンティア,-,,ETC,EpiXR,0,1,その他,その他
2022-05-12,No Gravity Games,フリッピン・カクタス,-,,ETC,No Gravity Games,0,1,その他,その他
2022-05-12,Cordens Interactive,ベスパー・ゼロ・ライト・エディション,-,,ETC,Cordens Interactive,0,1,その他,その他
2022-05-12,Sometimes You,密室:開発者の物語,-,,ETC,Sometimes You,0,1,その他,その他
2022-05-12,スクウェア・エニックス,春ゆきてレトロチカ,33,YES,ADV,スクウェア・エニックス,6369_0m_4308,1,ミステリーアドベンチャー,その他
2022-05-12,RedDeerGames,涅槃,-,,ETC,RedDeerGames,0,1,その他,その他
2022-05-12,宮澤卓宏,赤白黄色 Stingray,-,,ETC,宮澤卓宏,0,1,その他,その他
2022-05-12,Art Games Studio,錬金術師シミュレーター,-,,ETC,Art Games Studio,0,1,その他,その他
2022-05-19,マーベラス,DEADCRAFT,-,,ETC,マーベラス,0,1,その他,その他
2022-05-19,Beep,Death's Gambit: Afterlife（英語版）,32,YES,ACT,Beep,0,1,探索アクション,その他
2022-05-19,Pix Arts,Egg Runner,-,,ETC,Pix Arts,0,1,その他,その他
2022-05-19,QUByte Interactive,Gemini,-,,ETC,QUByte Interactive,0,1,その他,その他
2022-05-19,Midnight Works,Horizon Midnight Sky Combat Aircraft - War Arena Flight Simulator 2022,-,,ETC,Midnight Works,0,1,その他,その他
2022-05-19,Weakfish Studio,Invasion Waves,-,,ETC,Weakfish Studio,0,1,その他,その他
2022-05-19,Danila Gorozhanin,Supaplex（英語版）,-,,ETC,Danila Gorozhanin,0,1,その他,その他
2022-05-19,Gambrinous,ギルド オブ ダンジョニアリング アルティメットエディション（英語版）,-,,ETC,Gambrinous,0,1,その他,その他
2022-05-19,テウォンメディア,スノーブラザーズ スペシャル,-,YES,ETC,テウォンメディア,0,1,その他,その他
2022-05-19,Kistler Studios,チェス・カートゥーン,-,,ETC,Kistler Studios,0,1,その他,その他
2022-05-19,qureate,ノゾムキミノミライ,-,,ETC,qureate,0,1,その他,その他
2022-05-19,Kistler Studios,フラットアウト・ピクセルレーシング,-,,ETC,Kistler Studios,0,1,その他,その他
2022-05-19,コーエーテクモゲームス,太閤立志伝V DX,-,YES,ETC,コーエーテクモゲームス,0,1,その他,その他
2022-05-19,遊技工坊,建国の食堂,-,,ETC,遊技工坊,0,1,その他,その他
2022-05-19,ピクセル,焔龍聖拳シャオメイ,-,,ETC,ピクセル,0,1,その他,その他
2022-05-19,レジスタ,猫様とアウトローズ,-,,ETC,レジスタ,0,1,その他,その他
2022-05-20,ラタライカゲームス,龍炎高校伝説コレクション,-,,ETC,ラタライカゲームス,0,1,その他,その他
2022-05-22,Pikii,Galacticon: ギャラクティコン,-,,ETC,Pikii,0,1,その他,その他
2022-05-26,eastasiasoft,Blow & Fly,-,,ETC,eastasiasoft,0,1,その他,その他
2022-05-26,TREVA,Crazy Chicken Xtreme,-,,ETC,TREVA,0,1,その他,その他
2022-05-26,PromotionSoftware,EMERGENCY HQ（英語版）,-,,ETC,PromotionSoftware,0,1,その他,その他
2022-05-26,kids room,EYE休:こんぺいとう編,-,,ETC,kids room,0,1,その他,その他
2022-05-26,eastasiasoft,Galactic Wars EX,-,,ETC,eastasiasoft,0,1,その他,その他
2022-05-26,Pix Arts,Kiddy Memory,-,,ETC,Pix Arts,0,1,その他,その他
2022-05-26,Midnight Works,Mudness Offroad Car Simulator,-,,ETC,Midnight Works,0,1,その他,その他
2022-05-26,バンダイナムコエンターテインメント,PAC-MAN MUSEUM+,-,YES,ETC,バンダイナムコエンターテインメント,0,1,その他,その他
2022-05-26,QUByte Interactive,Underland: The Climb,-,,ETC,QUByte Interactive,0,1,その他,その他
2022-05-26,unCompany games,ぬすんであそぼ!ドロボー幼稚園,-,,ETC,unCompany games,0,1,その他,その他
2022-05-26,レジスタ,やばたにえん酸,-,,ETC,レジスタ,0,1,その他,その他
2022-05-26,Sometimes You,アメージングスーパーヒーローチーム,-,,ETC,Sometimes You,0,1,その他,その他
2022-05-26,Acram Digital,イスタンブール:デジタル版（英語版）,-,,ETC,Acram Digital,0,1,その他,その他
2022-05-26,グラビティゲームアライズ,エリックじいさんの不思議なブレスレット EMBRACELET,-,,ETC,グラビティゲームアライズ,0,1,その他,その他
2022-05-26,Tate Multimedia（英語版）,カオ・ザ・カンガルー（英語版）,-,,ETC,Tate Multimedia（英語版）,0,1,その他,その他
2022-05-26,オレンジ,カテゴリーI 〜死線上のサバイバー〜,-,,ETC,オレンジ,0,1,その他,その他
2022-05-26,Gamuzumi,サクラ・サキュバス5 〜異郷の魅惑〜,-,,ETC,Gamuzumi,0,1,その他,その他
2022-05-26,THQ Nordic ジャパン,タウンズメン キングダムリビルト コンプリートエディション,-,YES,ETC,THQ Nordic ジャパン,0,1,その他,その他
2022-05-26,SNK,バイオモーター・ユニトロン,-,,ETC,SNK,0,1,その他,その他
2022-05-26,RedDeerGames,バルーンフライト,-,,ETC,RedDeerGames,0,1,その他,その他
2022-05-26,ビータスクリエイション,ビータスクリエイションソリティア,-,,ETC,ビータスクリエイション,0,1,その他,その他
2022-05-26,ToastieLabs,ピクセルぬりえ〜コレクション1〜,-,,ETC,ToastieLabs,0,1,その他,その他
2022-05-26,アイディアファクトリー,ラディアンテイル,31,YES,ADV,アイディアファクトリー,0,1,輝きと笑顔のサーカスファンタジーADV,その他
2022-05-26,イザナギゲームズ,冤罪執行遊戯ユルキル,32,YES,ASHT,イザナギゲームズ,0,1,冤罪脱出ADV&弾幕STG,その他
2022-05-26,NekoNyan,千恋*万花,-,,ETC,NekoNyan,0,1,その他,その他
2022-05-26,グラビティゲームアライズ,少女と宇宙の物語 Milkmaid of the Milky Way（英語版）,-,,ETC,グラビティゲームアライズ,0,1,その他,その他
2022-05-26,iMel,槇村葉月の恋語り,-,,ETC,iMel,0,1,その他,その他
2022-05-26,ウニコ,神奏三国詩,-,,ETC,ウニコ,0,1,その他,その他
2022-05-26,日本ファルコム,那由多の軌跡 アド・アストラ,-,YES,ETC,日本ファルコム,0,1,その他,その他
2022-05-27,ラタライカゲームス,REMOTE LIFE,-,,ETC,ラタライカゲームス,0,1,その他,その他
2022-06-02,Akupara Games（英語版）,Behind the Frame 〜とっておきの景色を〜,-,,ETC,Akupara Games（英語版）,0,1,その他,その他
2022-06-02,Devolver Digital,Card Shark,31,,SLG,Devolver Digital,0,1,アドベンチャー、シミュレーション,その他
2022-06-02,Merge Games,DEATHRUN TV,-,,ETC,Merge Games,0,1,その他,その他
2022-06-02,Valorware,Flewfie's Adventure,-,,ETC,Valorware,0,1,その他,その他
2022-06-02,Crazysoft,Frutakia 2,-,,ETC,Crazysoft,0,1,その他,その他
2022-06-02,Atari,Gravitar: Recharged（英語版）,-,,ETC,Atari,0,1,その他,その他
2022-06-02,2nd Studio,KnightOut,-,,ETC,2nd Studio,0,1,その他,その他
2022-06-02,プロトタイプ,LOOPERS,-,YES,ETC,プロトタイプ,0,1,その他,その他
2022-06-02,McPeppergames,Ocean Animals Puzzle - 子供と幼児のための動物パズルを使った就学前の海洋動物パズル教育学習ゲーム,-,,ETC,McPeppergames,0,1,その他,その他
2022-06-02,McPeppergames,Pirates Jigsaw Puzzle - 海賊ジグソーパズル教育アドベンチャー子供と幼児のための子供パズルゲームを学ぶ,-,,ETC,McPeppergames,0,1,その他,その他
2022-06-02,eastasiasoft,Pretty Girls Speed,-,,ETC,eastasiasoft,0,1,その他,その他
2022-06-02,QUByte Interactive,QUByte Classics: Jim Power: The Lost Dimension by PIKO（英語版）,-,,ETC,QUByte Interactive,0,1,その他,その他
2022-06-02,Daedalic Entertainment,Shift Happens,-,,ETC,Daedalic Entertainment,0,1,その他,その他
2022-06-02,Shin'en Multimedia（英語版）,THE TOURYST（英語版）,-,,ETC,Shin'en Multimedia（英語版）,0,1,その他,その他
2022-06-02,Weakfish Studio,Toonkars Racer,-,,ETC,Weakfish Studio,0,1,その他,その他
2022-06-02,Lukasz Krasniewski,Voxelgram,-,,ETC,Lukasz Krasniewski,0,1,その他,その他
2022-06-02,Raw Fury,Wolfstride -ウルフストライド-,31,,RPG,Raw Fury,0,1,メカバトルRPG,その他
2022-06-02,賈船,インディゴ7,-,YES,ETC,賈船,0,1,その他,その他
2022-06-02,RedDeerGames,エレメタルズ:デスメタルとデスマッチ!,-,,ETC,RedDeerGames,0,1,その他,その他
2022-06-02,H2 INTERACTIVE,オコーネル一族とスタグの王冠（英語版）,-,,ETC,H2 INTERACTIVE,0,1,その他,その他
2022-06-02,レジスタ,コスモプレイヤーZ,-,,ETC,レジスタ,0,1,その他,その他
2022-06-02,Mindscape,ジグソー・ファン:3倍楽しいコレクション,-,,ETC,Mindscape,0,1,その他,その他
2022-06-02,RedDeerGames,バック・ブラッドレー2,-,,ETC,RedDeerGames,0,1,その他,その他
2022-06-02,Odencat,フィッシング・パラダイス,32,,SPT,Odencat,0,1,フィッシングRPG,その他
2022-06-02,カイロソフト,冒険ダンジョン村2,-,,ETC,カイロソフト,0,1,その他,その他
2022-06-02,PLAYISM,常世ノ塔,-,,ETC,PLAYISM,0,1,その他,その他
2022-06-02,MAGES.,映画「五等分の花嫁」 〜君と過ごした五つの思い出〜,-,YES,ETC,MAGES.,0,1,その他,その他
2022-06-02,Game Mavericks,馬小屋:牧畜シミュレーター,-,,ETC,Game Mavericks,0,1,その他,その他
2022-06-03,Lillymo Games（英語版）,Super Perils of Baking,-,,ETC,Lillymo Games（英語版）,0,1,その他,その他
2022-06-06,DANGEN Entertainment,Lost Ruins,31,,ACT,DANGEN Entertainment,0,1,探索アクション,その他
2022-06-08,Neon Doctrine,My Lovely Wife,31,,SLG,Neon Doctrine,0,1,恋愛×育成シミュレーション,その他
2022-06-09,SPACEFARER GAMES,amazin' George Remastered,-,,ETC,SPACEFARER GAMES,0,1,その他,その他
2022-06-09,SOFT SOURCE,BEAUTIFUL DESOLATION,-,,ETC,SOFT SOURCE,0,1,その他,その他
2022-06-09,Weakfish Studio,Boxerpunk Stories,-,,ETC,Weakfish Studio,0,1,その他,その他
2022-06-09,Cube Games,Cool Animals,-,,ETC,Cube Games,0,1,その他,その他
2022-06-09,indienova,Delivery from the Pain,-,,ETC,indienova,0,1,その他,その他
2022-06-09,ボルテージ,even if TEMPEST 宵闇にかく語りき魔女,-,,ETC,ボルテージ,0,1,その他,その他
2022-06-09,アイディアファクトリー,KLAP!! for Nintendo Switch,-,YES,ETC,アイディアファクトリー,0,1,その他,その他
2022-06-09,QUByte Interactive,Sokocat - Combo,-,,ETC,QUByte Interactive,0,1,その他,その他
2022-06-09,eastasiasoft,Spacewing War,-,,ETC,eastasiasoft,0,1,その他,その他
2022-06-09,Drageus Games,アイランド・メイズ,-,,ETC,Drageus Games,0,1,その他,その他
2022-06-09,Art Games Studio,シェフズ テール,-,,ETC,Art Games Studio,0,1,その他,その他
2022-06-09,FIVE-BN STUDIO,ダークネス・アンド・フレイム:失われた記憶,-,,ETC,FIVE-BN STUDIO,0,1,その他,その他
2022-06-09,FIVE-BN STUDIO,ダークネス・アンド・フレイム:闇の領地,-,,ETC,FIVE-BN STUDIO,0,1,その他,その他
2022-06-09,RedDeerGames,プロジムナストシミュレーター,-,,ETC,RedDeerGames,0,1,その他,その他
2022-06-09,Silesia Games,ミニガーデン,-,,ETC,Silesia Games,0,1,その他,その他
2022-06-09,EpiXR,ワンラストメモリー リイマジンド,-,,ETC,EpiXR,0,1,その他,その他
2022-06-09,RandomSpin Games,蒸気機関,-,,ETC,RandomSpin Games,0,1,その他,その他
2022-06-09,アニプレックス,鬼滅の刃 ヒノカミ血風譚,33,YES,ACT,アニプレックス,6372_0m_4311,1,鬼殺対戦アクション,その他
2022-06-10,GAME NACIONAL,Chubby Cat,-,,ETC,GAME NACIONAL,0,1,その他,その他
2022-06-10,The Quantum Astrophysicists Guild,Freshly Frosted,-,,ETC,The Quantum Astrophysicists Guild,0,1,その他,その他
2022-06-10,任天堂,マリオストライカーズ バトルリーグ,32,YES,SPT,任天堂,6149_0m_4087,1,ストライク,その他
2022-06-16,Beep,ARISE - A SIMPLE STORY - 決定版,-,,ETC,Beep,0,1,その他,その他
2022-06-16,Asylum Square Interactive,Around The World,-,,ETC,Asylum Square Interactive,0,1,その他,その他
2022-06-16,Daedalic Entertainment,Blackguards 2（英語版）,-,,ETC,Daedalic Entertainment,0,1,その他,その他
2022-06-16,SOFT SOURCE,GLOOM AND DOOM,-,,ETC,SOFT SOURCE,0,1,その他,その他
2022-06-16,Hook Games,Lines Universe,-,,ETC,Hook Games,0,1,その他,その他
2022-06-16,KADOKAWA,OVERLORD: ESCAPE FROM NAZARICK,31,YES,ACT,KADOKAWA,0,1,2D探索型アクション,その他
2022-06-16,ディースリー・パブリッシャー,SIMPLEシリーズ for Nintendo Switch Vol.3 THE バスフィッシング,-,,ETC,ディースリー・パブリッシャー,0,1,その他,その他
2022-06-16,Danila Gorozhanin,Supaplex HARD（英語版）,-,,ETC,Danila Gorozhanin,0,1,その他,その他
2022-06-16,DotEmu,Teenage Mutant Ninja Turtles: Shredder's Revenge,-,YES,ETC,DotEmu,0,1,その他,その他
2022-06-16,eastasiasoft,Thunder Kid II: Null Mission,-,,ETC,eastasiasoft,0,1,その他,その他
2022-06-16,Crazysoft,Zeus Quest - The Rebirth of Earth,-,,ETC,Crazysoft,0,1,その他,その他
2022-06-16,Coatsink Software,クラウド・ガーデン,-,,ETC,Coatsink Software,0,1,その他,その他
2022-06-16,eastasiasoft,ネコ・シークレットルーム,-,,ETC,eastasiasoft,0,1,その他,その他
2022-06-16,RedDeerGames,ファミリーチェス,-,,ETC,RedDeerGames,0,1,その他,その他
2022-06-16,トローゼ,ホーンテッドゾンビスクール,-,,ETC,トローゼ,0,1,その他,その他
2022-06-16,板装甲,モフモフ戦線,-,,ETC,板装甲,0,1,その他,その他
2022-06-17,Annapurna Interactive,Neon White（英語版）,-,,ETC,Annapurna Interactive,0,1,その他,その他
2022-06-17,OMOCAT,OMORI,-,YES,ETC,OMOCAT,0,1,その他,その他
2022-06-21,Epic Games,Fall Guys,34,,ACT,Epic Games,0,1,バトルロイヤル,その他
2022-06-21,ユービーアイソフト,ローラーチャンピオンズ（英語版）,-,,ETC,ユービーアイソフト,0,1,その他,その他
2022-06-22,Paradox Interactive,Shadowrun Returns（英語版）,-,,ETC,Paradox Interactive,0,1,その他,その他
2022-06-22,Paradox Interactive,Shadowrun: Dragonfall - Director's Cut（英語版）,-,,ETC,Paradox Interactive,0,1,その他,その他
2022-06-22,Paradox Interactive,Shadowrun: Hong Kong - Extended Edition（英語版）,-,,ETC,Paradox Interactive,0,1,その他,その他
2022-06-23,ぱれっと/エンターグラム,9-nine-,-,YES,ETC,ぱれっと/エンターグラム,0,1,その他,その他
2022-06-23,スパイク・チュンソフト,AI: ソムニウムファイル ニルヴァーナ イニシアチブ,34,YES,ADV,スパイク・チュンソフト,0,1,推理アドベンチャー,その他
2022-06-23,DillyFrame,Cube Decider,-,,ETC,DillyFrame,0,1,その他,その他
2022-06-23,NamaTakahashi,ElecHead,32,,ACT,NamaTakahashi,0,1,アクションパズル,その他
2022-06-23,レジスタ,Elysion -feeling of release-,-,,ETC,レジスタ,0,1,その他,その他
2022-06-23,Numskull Games,Final Vendetta,-,YES,ETC,Numskull Games,0,1,その他,その他
2022-06-23,Thunderful,Firegirl: Hack 'n Splash Rescue DX,-,,ETC,Thunderful,0,1,その他,その他
2022-06-23,QUByte Interactive,Him & Her Collection,-,,ETC,QUByte Interactive,0,1,その他,その他
2022-06-23,Soroka Games,Kid's Art Coloring Book,-,,ETC,Soroka Games,0,1,その他,その他
2022-06-23,キャラクターバンク,MYSPERYENCE Story1:大富豪首なし殺人事件,-,,ETC,キャラクターバンク,0,1,その他,その他
2022-06-23,Soroka Games,Snug Finder,-,,ETC,Soroka Games,0,1,その他,その他
2022-06-23,Sometimes You,Why Pizza?,-,,ETC,Sometimes You,0,1,その他,その他
2022-06-23,eastasiasoft,アイスクリーム・サーファー,-,,ETC,eastasiasoft,0,1,その他,その他
2022-06-23,RedDeerGames,ガム+,-,,ETC,RedDeerGames,0,1,その他,その他
2022-06-23,Baltoro Games,クッキング・タイクーン 3ゲームパック,-,,ETC,Baltoro Games,0,1,その他,その他
2022-06-23,RandomSpin Games,サイバーエンジン,-,,ETC,RandomSpin Games,0,1,その他,その他
2022-06-23,Gamuzumi,サクラ・スピリット 〜焼き付く想い〜,-,,ETC,Gamuzumi,0,1,その他,その他
2022-06-23,No Gravity Games,スティーブ・ジャクソンのソーサリー!,-,,ETC,No Gravity Games,0,1,その他,その他
2022-06-23,Silesia Games,スドキャッツ,-,,ETC,Silesia Games,0,1,その他,その他
2022-06-23,セガ,ソニックオリジンズ,-,,ETC,セガ,6997_0m_4968,1,その他,その他
2022-06-23,Acram Digital,チャーターストーン:デジタル版（英語版）,-,,ETC,Acram Digital,0,1,その他,その他
2022-06-23,eastasiasoft,ドランク・フィスト2:ゾンビ・ハングオーバー,-,,ETC,eastasiasoft,0,1,その他,その他
2022-06-23,FIVE-BN STUDIO,レガシー:忘れ去られた門,-,,ETC,FIVE-BN STUDIO,0,1,その他,その他
2022-06-23,エンターグラム,冥契のルペルカリア,-,YES,ETC,エンターグラム,0,1,その他,その他
2022-06-23,エンターグラム,穢翼のユースティア,-,YES,ETC,エンターグラム,0,1,その他,その他
2022-06-24,カプコン,カプコン ファイティング コレクション,-,YES,ETC,カプコン,0,1,その他,その他
2022-06-24,コーエーテクモゲームス,ファイアーエムブレム無双 風花雪月,36,YES,ACT,コーエーテクモゲームス,6150_0m_4088,1,タクティカルアクション,その他
2022-06-28,Valve Corporation,Portal:コンパニオンコレクション,-,,ETC,Valve Corporation,0,1,その他,その他
2022-06-28,Cygames,リトル ノア 楽園の後継者,33,,ACT,Cygames,0,1,ローグライトアクション,その他
2022-06-30,Sometimes You,Almost My Floor,-,,ETC,Sometimes You,0,1,その他,その他
2022-06-30,Pix Arts,Archery Escape,-,,ETC,Pix Arts,0,1,その他,その他
2022-06-30,Derin,Box to the Box,-,,ETC,Derin,0,1,その他,その他
2022-06-30,El Dia,EVE ghost enemies,-,YES,ETC,El Dia,6224_0m_4162,1,その他,その他
2022-06-30,11Sheep,Fillit,-,,ETC,11Sheep,0,1,その他,その他
2022-06-30,Sometimes You,Hillbilly Doomsday,-,,ETC,Sometimes You,0,1,その他,その他
2022-06-30,Midnight Works,JDM Drag Racing Car Driving Simulator 2022 Games,-,,ETC,Midnight Works,0,1,その他,その他
2022-06-30,Sticky Rice Games,Mad Games Tycoon,-,,ETC,Sticky Rice Games,0,1,その他,その他
2022-06-30,Sticky Rice Games,Mad Tower Tycoon,-,,ETC,Sticky Rice Games,0,1,その他,その他
2022-06-30,INSTAMARKETINGANDGAME,Real Car Driving Simulator & Parking 2022 Games,-,,ETC,INSTAMARKETINGANDGAME,0,1,その他,その他
2022-06-30,Danila Gorozhanin,Supaplex SQUARES（英語版）,-,,ETC,Danila Gorozhanin,0,1,その他,その他
2022-06-30,日本一ソフトウェア,void* tRrLM2(); //ボイド・テラリウム2,31,YES,RPG,日本一ソフトウェア,0,1,お世話ダンジョンRPG,その他
2022-06-30,Megame,ZIC: Zombies in City,-,,ETC,Megame,0,1,その他,その他
2022-06-30,RandomSpin Games,エイリアンエンジン,-,,ETC,RandomSpin Games,0,1,その他,その他
2022-06-30,IKINAGAMES,ギャラクシーテイルズ:ストーリー オブ ラプンツェル,-,,ETC,IKINAGAMES,0,1,その他,その他
2022-06-30,PQube,グラビティヒーローズ,-,,ETC,PQube,0,1,その他,その他
2022-06-30,アークシステムワークス,グランダイバー! 〜がんばれ!ツルハシくん〜,-,,ETC,アークシステムワークス,0,1,その他,その他
2022-06-30,Cliax Games,サラリーマン・シ,-,,ETC,Cliax Games,0,1,その他,その他
2022-06-30,GameOverDog,ジェットボーイとドゥームランダマイザー,-,,ETC,GameOverDog,0,1,その他,その他
2022-06-30,Pikii,デイランド:ポケットプラネット,-,YES,ETC,Pikii,0,1,その他,その他
2022-06-30,eastasiasoft,ブラック・ウルフ,-,,ETC,eastasiasoft,0,1,その他,その他
2022-06-30,ユービーアイソフト,ラビッツ:パーティー・オブ・レジェンド,-,YES,ETC,ユービーアイソフト,6703_0m_4672,1,その他,その他
2022-06-30,Thalamus Digital,レインボーレーザーディスコダンジョン,-,,ETC,Thalamus Digital,0,1,その他,その他
2022-06-30,FIVE-BN STUDIO,レガシー:囚われた男,-,,ETC,FIVE-BN STUDIO,0,1,その他,その他
2022-06-30,レジスタ,地下刑務所からの脱出,-,,ETC,レジスタ,0,1,その他,その他
2022-06-30,Feardemic,暗黒の刹那:キラの冒険,-,,ETC,Feardemic,0,1,その他,その他
2022-06-30,Lonely Vertex,正弦,-,,ETC,Lonely Vertex,0,1,その他,その他
2022-06-30,Secret Item Games,砂時計,-,,ETC,Secret Item Games,0,1,その他,その他
2022-06-30,宮澤卓宏,赤白黄色 Cruising,-,,ETC,宮澤卓宏,0,1,その他,その他
2022-06-30,グランゼーラ,雑学クイズ大臣,-,,ETC,グランゼーラ,0,1,その他,その他
2022-07-07,サイバーステップ,- Doki Doki Family - 特異体質者のドキドキ家族生活,-,,ETC,サイバーステップ,0,1,その他,その他
2022-07-07,Dovetail Games（英語版）,Bassmaster® Fishing 2022: Super Deluxe Edition B.A.S.S.,-,,ETC,Dovetail Games（英語版）,0,1,その他,その他
2022-07-07,ChiliDog Interactive,Cursed Island,-,,ETC,ChiliDog Interactive,0,1,その他,その他
2022-07-07,Drageus Games,Don't Be Afraid ドント・ビー・アフレイド,-,,ETC,Drageus Games,0,1,その他,その他
2022-07-07,INSTAMARKETINGANDGAME,Farm Simulator USA Car Games - Driving Games & Car 2022 Farming,-,,ETC,INSTAMARKETINGANDGAME,0,1,その他,その他
2022-07-07,Midnight Works,Luberman and The Legend of Animals Warriors - Platformer Game 2022,-,,ETC,Midnight Works,0,1,その他,その他
2022-07-07,QUByte Interactive,QUByte Classics: Zero Tolerance Collection by PIKO（英語版）,-,,ETC,QUByte Interactive,0,1,その他,その他
2022-07-07,mazette!,Understand,-,,ETC,mazette!,0,1,その他,その他
2022-07-07,eastasiasoft,WAIFU IMPACT,-,,ETC,eastasiasoft,0,1,その他,その他
2022-07-07,House of Pandas,すうぱあだっく!,-,,ETC,House of Pandas,0,1,その他,その他
2022-07-07,Silesia Games,スティックコレクション,-,,ETC,Silesia Games,0,1,その他,その他
2022-07-07,ケムコ,デビラビローグ,31,,RPG,ケムコ,0,1,デッキ構築型ローグライトRPG,その他
2022-07-07,Rogue Games,ハーロウ,-,,ETC,Rogue Games,0,1,その他,その他
2022-07-07,LMG,フォークリフトエクストリーム,-,,ETC,LMG,0,1,その他,その他
2022-07-07,SAT-BOX,ボクらのサマースポーツ,-,,ETC,SAT-BOX,0,1,その他,その他
2022-07-07,フライハイワークス,大分・別府ミステリー案内 歪んだ竹灯篭,31,,ADV,フライハイワークス,0,1,ミステリーアドベンチャー,その他
2022-07-07,東京通信,意味がわかると怖いミステリー,-,,ETC,東京通信,0,1,その他,その他
2022-07-07,バンダイナムコエンターテインメント,風のクロノア 1&2アンコール,-,YES,ETC,バンダイナムコエンターテインメント,6452_0m_4391,1,その他,その他
2022-07-07,Green Sauce Games,魔法の秘密4:ポーションマスター,-,,ETC,Green Sauce Games,0,1,その他,その他
2022-07-08,ラタライカゲームス,Parasite Pack,-,,ETC,ラタライカゲームス,0,1,その他,その他
2022-07-08,Cube Games,Super Rebellion,-,,ETC,Cube Games,0,1,その他,その他
2022-07-12,Merge Games,タイム・オン・フロッグ・アイランド,-,,ETC,Merge Games,0,1,その他,その他
2022-07-14,Midnight Works,Deadliest Catch - Ocean Boat Driving & Fishing 2022 Simulator,-,,ETC,Midnight Works,0,1,その他,その他
2022-07-14,Midnight Works,Faith & Shield: Tower Defense Space Wars Game 2022,-,,ETC,Midnight Works,0,1,その他,その他
2022-07-14,Midnight Works,Firefighter: Car Fire Truck Sim Driving 2022 Simulator,-,,ETC,Midnight Works,0,1,その他,その他
2022-07-14,Sabec,Pet Rock,-,,ETC,Sabec,0,1,その他,その他
2022-07-14,Crazysoft,Raining Coins,-,,ETC,Crazysoft,0,1,その他,その他
2022-07-14,eastasiasoft,Rayland,-,,ETC,eastasiasoft,0,1,その他,その他
2022-07-14,サイバーステップ,SENGOKU Princess 〜 天下統一は姫武将と共に 〜,-,,ETC,サイバーステップ,0,1,その他,その他
2022-07-14,Danila Gorozhanin,Supaplex GO!（英語版）,-,,ETC,Danila Gorozhanin,0,1,その他,その他
2022-07-14,Pix Arts,Universal Flight Simulator,-,,ETC,Pix Arts,0,1,その他,その他
2022-07-14,DarkDes Labs,Vzerthos: The Heir of Thunder,-,,ETC,DarkDes Labs,0,1,その他,その他
2022-07-14,THQ Nordic ジャパン,Wreckfest レックフェスト（英語版）,30,YES,RCG,THQ Nordic ジャパン,0,1,アクションレース,その他
2022-07-14,Assemble Entertainment,XEL,-,,ETC,Assemble Entertainment,0,1,その他,その他
2022-07-14,FIVE-BN STUDIO,ザ・レガシー:勢力の木,-,,ETC,FIVE-BN STUDIO,0,1,その他,その他
2022-07-14,Phoenixx,シューフォーズ,-,,ETC,Phoenixx,0,1,その他,その他
2022-07-14,日本コロムビア,チキップダンサーズ ノリノリダンスでこころもおどる,30,YES,音,日本コロムビア,6579_0m_4518,1,ダンス＆ミニゲーム,その他
2022-07-14,Yooreka Studio,パスカルズ・ウェイジャー ディフィニティブ・エディション,-,,ETC,Yooreka Studio,0,1,その他,その他
2022-07-14,SAT-BOX,ボクらの消しゴム落とし新学期+オールシーズンエンジョイセット,-,YES,ETC,SAT-BOX,0,1,その他,その他
2022-07-14,JoyPlot,マリモ -VS- 外来種,-,,ETC,JoyPlot,0,1,その他,その他
2022-07-14,コーラス・ワールドワイド,モスメン 1966,-,,ETC,コーラス・ワールドワイド,0,1,その他,その他
2022-07-14,RedDeerGames,モヒートザキャット,-,,ETC,RedDeerGames,0,1,その他,その他
2022-07-14,MeteorbyteStudios,ランニングオンマジック,-,,ETC,MeteorbyteStudios,0,1,その他,その他
2022-07-15,ラタライカゲームス,ロング・リブ・ザ・クイーン 〜女王への道しるべ〜（英語版）,-,,ETC,ラタライカゲームス,0,1,その他,その他
2022-07-19,THQ Nordic ジャパン,エンドリング - エクスティンクション イズ フォーエバー,-,YES,ETC,THQ Nordic ジャパン,0,1,その他,その他
2022-07-20,Neon Doctrine,Hazel Sky,-,,ETC,Neon Doctrine,0,1,その他,その他
2022-07-21,SPACEFARER GAMES,amazin' George 2 Digital Deluxe,-,,ETC,SPACEFARER GAMES,0,1,その他,その他
2022-07-21,ハイブリッド・スクアード,Blackjack Hands カードパズル,-,,ETC,ハイブリッド・スクアード,0,1,その他,その他
2022-07-21,QUByte Interactive,Bricky to Me,-,,ETC,QUByte Interactive,0,1,その他,その他
2022-07-21,PLAYISM,Bright Memory: Infinite Gold Edition（英語版）,-,,ETC,PLAYISM,0,1,その他,その他
2022-07-21,Freedom Games,Coromon,-,,ETC,Freedom Games,0,1,その他,その他
2022-07-21,eastasiasoft,Devastator,-,,ETC,eastasiasoft,0,1,その他,その他
2022-07-21,Ultimate Games,Farm Manager 2022,-,,ETC,Ultimate Games,0,1,その他,その他
2022-07-21,ウルクスヘブン,Fragment's Note+,-,,ETC,ウルクスヘブン,0,1,その他,その他
2022-07-21,Pix Arts,Hover Racer,-,,ETC,Pix Arts,0,1,その他,その他
2022-07-21,ORANGE POPCORN,HunterX,-,,ETC,ORANGE POPCORN,0,1,その他,その他
2022-07-21,Assemble Entertainment,Jessika,-,,ETC,Assemble Entertainment,0,1,その他,その他
2022-07-21,INSTAMARKETINGANDGAME,Motorcycle Driving Simulator - Dirt & Parking 2022 Racing Games Ultimate 4x4 City Offroad Kart,-,,ETC,INSTAMARKETINGANDGAME,0,1,その他,その他
2022-07-21,Isaias Game Dev,sCATch: The Painter Cat,-,,ETC,Isaias Game Dev,0,1,その他,その他
2022-07-21,レジスタ,THE MADHOUSE｜感染屋敷,-,,ETC,レジスタ,0,1,その他,その他
2022-07-21,カエルパンダ,ゆるゆる劇場-劇場版-1,-,,ETC,カエルパンダ,0,1,その他,その他
2022-07-21,Cool As Heck Games,ウォーリー,-,,ETC,Cool As Heck Games,0,1,その他,その他
2022-07-21,EpiXR,ザフライングトラベラー バイキングズ,-,,ETC,EpiXR,0,1,その他,その他
2022-07-21,サクセス,ソリティアコレクション,-,,ETC,サクセス,0,1,その他,その他
2022-07-21,メディアスケープ,チェルシーさんは7の魔神をブッ殺さねばならない。,-,,ETC,メディアスケープ,0,1,その他,その他
2022-07-21,Ultimate Games,ポケットスライム,-,,ETC,Ultimate Games,0,1,その他,その他
2022-07-21,Beep,マルチバース:次元を超えた冒険,-,,ETC,Beep,0,1,その他,その他
2022-07-21,サイバーステップ,ワタシのココロは綺麗ですか? - Am I Kind-Hearted? -,-,,ETC,サイバーステップ,0,1,その他,その他
2022-07-21,コーエーテクモゲームス,信長の野望・新生,37,YES,SLG,コーエーテクモゲームス,6576_0m_4515,1,歴史シミュレーション,その他
2022-07-21,TAKUYO,死神と少女,-,YES,ETC,TAKUYO,0,1,その他,その他
2022-07-21,eastasiasoft,誘惑:ある僧の物語,-,,ETC,eastasiasoft,0,1,その他,その他
2022-07-22,カプコン,Capcom Arcade 2nd Stadium,-,,ETC,カプコン,0,1,その他,その他
2022-07-22,Gamuzumi,サクラ・ファンタジー 〜千里眼の少女〜,-,,ETC,Gamuzumi,0,1,その他,その他
2022-07-22,スクウェア・エニックス,ライブアライブ,-,YES,ETC,スクウェア・エニックス,6151_0m_4089,1,その他,その他
2022-07-28,MAGES.,ANONYMOUS;CODE,35,YES,ADV,MAGES.,0,1,メタ科学アドベンチャー,その他
2022-07-28,eastasiasoft,Arsonist Heaven,-,,ETC,eastasiasoft,0,1,その他,その他
2022-07-28,QUByte Interactive,Puzzletronics: Digital Infinite,-,,ETC,QUByte Interactive,0,1,その他,その他
2022-07-28,リイカ,Q REMASTERED,-,,ETC,リイカ,0,1,その他,その他
2022-07-28,iMel,Re:LieF〜親愛なるあなたへ〜 FoR SwitcH,-,YES,ETC,iMel,0,1,その他,その他
2022-07-28,eastasiasoft,Square Keeper,-,,ETC,eastasiasoft,0,1,その他,その他
2022-07-28,Iceberg Interactive（英語版）,Strange Horticulture -幻想植物店-,30,,ADV,Iceberg Interactive（英語版）,0,1,パズルアドベンチャー,その他
2022-07-28,Danila Gorozhanin,Supaplex THINK!（英語版）,-,,ETC,Danila Gorozhanin,0,1,その他,その他
2022-07-28,Phoenixx,Tormented Souls,-,,ETC,Phoenixx,0,1,その他,その他
2022-07-28,Versus Evil,UnMetal,-,,ETC,Versus Evil,0,1,その他,その他
2022-07-28,ハッピーミール,おもしろアクション いい大人達の大冒険,-,,ETC,ハッピーミール,0,1,その他,その他
2022-07-28,Gamera Games,アニキレーション,-,,ETC,Gamera Games,0,1,その他,その他
2022-07-28,トローゼ,カウンターリーコン 2 ザ・ニューウォー,-,,ETC,トローゼ,0,1,その他,その他
2022-07-28,集英社ゲームズ,"キャプテン・ベルベット・メテオ ジャンプ+異世界の""小""冒険",-,,ETC,集英社ゲームズ,0,1,その他,その他
2022-07-28,日本一ソフトウェア,グリムグリモア OnceMore,-,YES,ETC,日本一ソフトウェア,6592_0m_4531,1,その他,その他
2022-07-28,セガ,サバイビング・ジ・アフターマス -滅亡惑星-,-,YES,ETC,セガ,0,1,その他,その他
2022-07-28,吉本興業,スーパー野田ゲーWORLD,-,,ETC,吉本興業,0,1,その他,その他
2022-07-28,バンダイナムコエンターテインメント,デジモンサヴァイブ,-,YES,ETC,バンダイナムコエンターテインメント,0,1,その他,その他
2022-07-28,エンターグラム,ハジラブ -Making*Lovers-,-,YES,ETC,エンターグラム,0,1,その他,その他
2022-07-28,Baltoro Games,フード・トラック・タイクーン - アジア料理,-,,ETC,Baltoro Games,0,1,その他,その他
2022-07-28,Rogue Games,ブライト・ポー:決定版,-,,ETC,Rogue Games,0,1,その他,その他
2022-07-28,レジスタ,ムーンダンサー,-,,ETC,レジスタ,0,1,その他,その他
2022-07-28,Cave Monsters,ロード・ウィンクルボトムの事件簿,-,,ETC,Cave Monsters,0,1,その他,その他
2022-07-28,Silesia Games,ローミャオトゥザクラックドマーズ,-,,ETC,Silesia Games,0,1,その他,その他
2022-07-28,ひつじぐも,僕と彼の危険な同居生活,-,,ETC,ひつじぐも,0,1,その他,その他
2022-07-28,エンターグラム,千の刃濤、桃花染の皇姫,-,YES,ETC,エンターグラム,0,1,その他,その他
2022-07-28,コーラス・ワールドワイド,夕鬼,-,,ETC,コーラス・ワールドワイド,0,1,その他,その他
2022-07-28,アイディアファクトリー,天獄ストラグル -strayside-,-,YES,ETC,アイディアファクトリー,0,1,その他,その他
2022-07-28,エンターグラム,姫宮さんはかまいたい,-,,ETC,エンターグラム,0,1,その他,その他
2022-07-28,オレンジ,未然探偵 The Protea Cases,-,,ETC,オレンジ,0,1,その他,その他
2022-07-28,レジスタ,猫様の甘味処からの脱出,-,,ETC,レジスタ,0,1,その他,その他
2022-07-28,CFK,紅魔城レミリア 緋色の交響曲,-,YES,ETC,CFK,0,1,その他,その他
2022-07-28,インティ・クリエイツ,蒼き雷霆 ガンヴォルト 鎖環,-,YES,ETC,インティ・クリエイツ,0,1,その他,その他
2022-07-28,iMel,銭湯カノジョ-恋もお風呂もアツアツで-,-,,ETC,iMel,0,1,その他,その他
2022-07-29,任天堂,ゼノブレイド3,36,YES,RPG,任天堂,6636_0m_4605,1,RPG,その他
2022-07-29,Shinyuden,ファンタズム,-,,ETC,Shinyuden,0,1,その他,その他
2022-08-01,Ultimate Studio,Hot Lap League: デラックスエディション,-,,ETC,Ultimate Studio,0,1,その他,その他
2022-08-02,Team17,Before We Leave（英語版）,-,,ETC,Team17,0,1,その他,その他
2022-08-04,7 Raven Studios,After Wave: Downfall,-,,ETC,7 Raven Studios,0,1,その他,その他
2022-08-04,Just For Games,Andro Dunos 2,-,,ETC,Just For Games,0,1,その他,その他
2022-08-04,INSTAMARKETINGANDGAME,Counter Bunny Hop - Strike Go Simulator Xtreme Deluxe 3D Shooter,-,,ETC,INSTAMARKETINGANDGAME,0,1,その他,その他
2022-08-04,Take IT Studio!,fig.,-,,ETC,Take IT Studio!,0,1,その他,その他
2022-08-04,Koch Media（英語版）,Let's Get Fit,-,YES,ETC,Koch Media（英語版）,0,1,その他,その他
2022-08-04,QUByte Interactive,QUByte Classics: Thunderbolt Collection by PIKO,-,,ETC,QUByte Interactive,0,1,その他,その他
2022-08-04,Isaias Game Dev,Super Snake Block,-,,ETC,Isaias Game Dev,0,1,その他,その他
2022-08-04,Pix Arts,Superpanda 2,-,,ETC,Pix Arts,0,1,その他,その他
2022-08-04,eastasiasoft,Surface Rush,-,,ETC,eastasiasoft,0,1,その他,その他
2022-08-04,INSTAMARKETINGANDGAME,Ultimate 4x4 Offroad Trucks: Car Racing Driving Simulator 2022,-,,ETC,INSTAMARKETINGANDGAME,0,1,その他,その他
2022-08-04,日本コロムビア,げっし〜ず みんなでちょこまか村づくり,-,YES,ETC,日本コロムビア,0,1,その他,その他
2022-08-04,メビウス,アパシー 鳴神学園七不思議,-,YES,ETC,メビウス,0,1,その他,その他
2022-08-04,Gamera Games,キャティインニャンダーランド,-,,ETC,Gamera Games,0,1,その他,その他
2022-08-04,Mindscape,ジグソー・ファン:ピースをつなげよう!,-,,ETC,Mindscape,0,1,その他,その他
2022-08-04,3goo,ゾロ ザ クロニクルズ,-,YES,ETC,3goo,0,1,その他,その他
2022-08-04,ジュピター,ピクロスX:ピクビッツVSウツボロス,-,,ETC,ジュピター,0,1,その他,その他
2022-08-04,LINE Games,ベリード・スターズ,-,,ETC,LINE Games,0,1,その他,その他
2022-08-04,Prison Games,マージユアルーム,-,,ETC,Prison Games,0,1,その他,その他
2022-08-04,Elusor[注釈 12],モンスター駆逐艦,-,,ETC,Elusor[注釈 12],0,1,その他,その他
2022-08-04,SNK,ロックマン バトル&ファイターズ,-,,ETC,SNK,0,1,その他,その他
2022-08-04,RedDeerGames,不器用ラッシュ:究極ボーイズ,-,,ETC,RedDeerGames,0,1,その他,その他
2022-08-04,PLiCy,壁を乗り越えて,-,,ETC,PLiCy,0,1,その他,その他
2022-08-04,レジスタ,怨枉,-,,ETC,レジスタ,0,1,その他,その他
2022-08-04,レジスタ,扉のない部屋からの脱出,-,,ETC,レジスタ,0,1,その他,その他
2022-08-04,ケムコ,風乗り勇者の物語,-,,ETC,ケムコ,0,1,その他,その他
2022-08-05,Annapurna Interactive,Hindsight,-,,ETC,Annapurna Interactive,0,1,その他,その他
2022-08-05,Headup Games（英語版）,ギガポカリプス - Gigapocalypse,-,,ETC,Headup Games（英語版）,0,1,その他,その他
2022-08-10,SAT-BOX,EXTREME BIKE X,-,,ETC,SAT-BOX,0,1,その他,その他
2022-08-11,Feardemic,最後の一線,-,,ETC,Feardemic,0,1,その他,その他
2022-08-12,Midnight Works,"Car Racing Highway Driving Simulator, real parking driver sim speed traffic deluxe 2022",-,,ETC,Midnight Works,0,1,その他,その他
2022-08-12,Devolver Digital,Cult of the Lamb,35,,AADV,Devolver Digital,0,1,アクションアドベンチャー,その他
2022-08-12,Alderon Games,Path of Titans（英語版）,-,,ETC,Alderon Games,0,1,その他,その他
2022-08-12,ラタライカゲームス,Voyage,-,,ETC,ラタライカゲームス,0,1,その他,その他
2022-08-12,Gamuzumi,サクラ・MMO 〜リアルな現実離れ〜,-,,ETC,Gamuzumi,0,1,その他,その他
2022-08-12,ビサイド,スーパーバレットブレイク,-,,ETC,ビサイド,0,1,その他,その他
2022-08-15,NoteBuddy,パンチマン オンライン,-,,ETC,NoteBuddy,0,1,その他,その他
2022-08-17,任天堂,カービィのグルメフェス,-,,ETC,任天堂,0,1,その他,その他
2022-08-17,PlayShift Games,ヘルブラスターズ,-,,ETC,PlayShift Games,0,1,その他,その他
2022-08-18,M9 Games,ALUMNI - 脱出部屋の冒険,-,,ETC,M9 Games,0,1,その他,その他
2022-08-18,Playtonic Friends（英語版）,Blossom Tales II: The Minotaur Prince,-,,ETC,Playtonic Friends（英語版）,0,1,その他,その他
2022-08-18,QUByte Interactive,Cat Slide Tiles,-,,ETC,QUByte Interactive,0,1,その他,その他
2022-08-18,QUByte Interactive,Chameneon,-,,ETC,QUByte Interactive,0,1,その他,その他
2022-08-18,Midnight Works,CrashMetal - Drift Racing Car Driving Simulator 2022 Games,-,,ETC,Midnight Works,0,1,その他,その他
2022-08-18,QubicGames,Cultist Simulator: Initiate Edition（英語版）,-,,ETC,QubicGames,0,1,その他,その他
2022-08-18,7 Raven Studios,Dyna Bomb 2,-,,ETC,7 Raven Studios,0,1,その他,その他
2022-08-18,DYA Games,Evil Tonight,-,,ETC,DYA Games,0,1,その他,その他
2022-08-18,neko.works,Light Fairytale Episode 2,-,,ETC,neko.works,0,1,その他,その他
2022-08-18,Beep,Move or Die: Unleashed（英語版）,-,,ETC,Beep,0,1,その他,その他
2022-08-18,Soroka Games,My Cute Unicorns - Coloring Book,-,,ETC,Soroka Games,0,1,その他,その他
2022-08-18,Megame,Pipes Puzzle Casual Arcade,-,,ETC,Megame,0,1,その他,その他
2022-08-18,eastasiasoft,Pretty Girls Four Kings Solitaire,-,,ETC,eastasiasoft,0,1,その他,その他
2022-08-18,SPACEFARER GAMES,Puppy Balloon Ride,-,,ETC,SPACEFARER GAMES,0,1,その他,その他
2022-08-18,Soroka Games,Puzzle Collection,-,,ETC,Soroka Games,0,1,その他,その他
2022-08-18,アニプレックス,RPGタイム!〜ライトの伝説〜,35,YES,ADV,アニプレックス,0,1,手作りノートアドベンチャー,その他
2022-08-18,Merge Games,Slaycation Paradise,-,,ETC,Merge Games,0,1,その他,その他
2022-08-18,Smash House Games,Smash Boats,-,,ETC,Smash House Games,0,1,その他,その他
2022-08-18,Fireproof Games（英語版）,The Room Two（英語版）,-,,ETC,Fireproof Games（英語版）,0,1,その他,その他
2022-08-18,Team17,Thymesia - Cloud Version,33,,ARPG,Team17,0,1,アクションRPG,その他
2022-08-18,Fruitbat Factory,Treehouse Riddle,-,,ETC,Fruitbat Factory,0,1,その他,その他
2022-08-18,ボルテージ,あの夜からキミに恋してた,-,,ETC,ボルテージ,0,1,その他,その他
2022-08-18,Digital Bards,オートノーツ,31,,SLG,Digital Bards,0,1,惑星開拓シミュレーション,その他
2022-08-18,Fireshine Games,クライウミクライウミ（英語版）,-,,ETC,Fireshine Games,0,1,その他,その他
2022-08-18,RedDeerGames,サイバープロトコル プロローグ,-,,ETC,RedDeerGames,0,1,その他,その他
2022-08-18,Silesia Games,ズンバガーデン,-,,ETC,Silesia Games,0,1,その他,その他
2022-08-18,Forever Entertainment,ティンバーマン:ザ・ビッグ・アドベンチャー,-,,ETC,Forever Entertainment,0,1,その他,その他
2022-08-18,Perun Creative,ホーボー:タフライフ,-,,ETC,Perun Creative,0,1,その他,その他
2022-08-18,Green Sauce Games,マジックの秘密5:新学期,-,,ETC,Green Sauce Games,0,1,その他,その他
2022-08-18,マメクジラ,人形の傷跡:姉の謎を追うサイコホラー,-,,ETC,マメクジラ,0,1,その他,その他
2022-08-18,Peaksel,大人のぬりえ,-,,ETC,Peaksel,0,1,その他,その他
2022-08-18,RandomSpin Games,有機エンジン,-,,ETC,RandomSpin Games,0,1,その他,その他
2022-08-18,CFK,私の離婚ストーリー,-,,ETC,CFK,0,1,その他,その他
2022-08-18,PrimeBit Games,行け!バーディー,-,,ETC,PrimeBit Games,0,1,その他,その他
2022-08-19,Thunderful,Cursed to Golf - カースド・トゥー・ゴルフ,-,,ETC,Thunderful,0,1,その他,その他
2022-08-19,Nerd Games,Marmoset,-,,ETC,Nerd Games,0,1,その他,その他
2022-08-22,Midnight Works,"Drift Horizon Racing, Driving & Parking Trial Simulator Games",-,,ETC,Midnight Works,0,1,その他,その他
2022-08-25,eastasiasoft,Back Again,-,,ETC,eastasiasoft,0,1,その他,その他
2022-08-25,Pix Arts,Blob Quest,-,,ETC,Pix Arts,0,1,その他,その他
2022-08-25,Baltoro Minis,Classic Games Collection Vol.2 - クラシックゲームコレクション2,-,,ETC,Baltoro Minis,0,1,その他,その他
2022-08-25,RuWaMo Games,Fashion Girls ファッションの女の子,-,,ETC,RuWaMo Games,0,1,その他,その他
2022-08-25,Midnight Works,"Hashiriya Drifter - Car Racing, Drift, Drag Online Multiplayer Simulator Games Driving Sim.",-,,ETC,Midnight Works,0,1,その他,その他
2022-08-25,QUByte Interactive,Hidden Shapes: Black Skull + Old West,-,,ETC,QUByte Interactive,0,1,その他,その他
2022-08-25,Weakfish Studio,Kartoon Racing: Singleplayer Multiplayer Racing,-,,ETC,Weakfish Studio,0,1,その他,その他
2022-08-25,Actoon Studio,Like No Other,-,,ETC,Actoon Studio,0,1,その他,その他
2022-08-25,eastasiasoft,LootLite,-,,ETC,eastasiasoft,0,1,その他,その他
2022-08-25,MoonGlass,Mixolumia,-,,ETC,MoonGlass,0,1,その他,その他
2022-08-25,Higgs Games,Moorhuhn X モーアフーン X（英語版）,-,,ETC,Higgs Games,0,1,その他,その他
2022-08-25,Megame,Pillar Builder Puzzle,-,,ETC,Megame,0,1,その他,その他
2022-08-25,Pond Games,RITE,-,,ETC,Pond Games,0,1,その他,その他
2022-08-25,バンダイナムコエンターテインメント,SDガンダム バトルアライアンス,32,YES,ARPG,バンダイナムコエンターテインメント,6794_0m_4763,1,アクションRPG,その他
2022-08-25,BD Games,Strike Buster Prototype,-,,ETC,BD Games,0,1,その他,その他
2022-08-25,Drageus Games,Tactical Mind 2 タクティカル・マインド2,-,,ETC,Drageus Games,0,1,その他,その他
2022-08-25,FredBear Games,The Bonfire: Forsaken Lands,-,,ETC,FredBear Games,0,1,その他,その他
2022-08-25,Atari,Yars: Recharged（英語版）,-,,ETC,Atari,0,1,その他,その他
2022-08-25,AlignmentSharp,まっちくれ,-,,ETC,AlignmentSharp,0,1,その他,その他
2022-08-25,PLAYISM,アイドルマネージャー,-,YES,ETC,PLAYISM,0,1,その他,その他
2022-08-25,ゲームミュージアム,エイリアン ウォー,-,,ETC,ゲームミュージアム,0,1,その他,その他
2022-08-25,eastasiasoft,キッドボール・アドベンチャー,-,,ETC,eastasiasoft,0,1,その他,その他
2022-08-25,Adult Swim Games,スティーブン・ユニバース・アンリーシュ・ザ・ライト（英語版）,-,,ETC,Adult Swim Games,0,1,その他,その他
2022-08-25,スパイク・チュンソフト,ディスコ エリジウム ザ ファイナルカット,32,YES,RPG,スパイク・チュンソフト,0,1,RPG,その他
2022-08-25,バンダイナムコエンターテインメント,パックマンワールド リ・パック,-,YES,ETC,バンダイナムコエンターテインメント,0,1,その他,その他
2022-08-25,Mindscape,ブロッサムのフラワーブティック,-,,ETC,Mindscape,0,1,その他,その他
2022-08-25,Kistler Studios,ホームデコパズル,-,,ETC,Kistler Studios,0,1,その他,その他
2022-08-25,トローゼ,モダンウォー タンクバトル,-,,ETC,トローゼ,0,1,その他,その他
2022-08-25,オーイズミ・アミュージオ,ラスラー 〜中世のならず者〜,-,YES,ETC,オーイズミ・アミュージオ,0,1,その他,その他
2022-08-25,iMel,友だちから恋びとへ,-,,ETC,iMel,0,1,その他,その他
2022-08-25,サイバーステップ,外道催眠術師と囚われのマリオネット - The Savage Hypnotist's Puppets -,-,,ETC,サイバーステップ,0,1,その他,その他
2022-08-25,カイロソフト,森林キャンプが丘,-,,ETC,カイロソフト,0,1,その他,その他
2022-08-25,ナイトメアスタジオ,歪みの国のアリス〜REcollection,-,,ETC,ナイトメアスタジオ,0,1,その他,その他
2022-08-25,サイバーステップ,猟奇リスナー 〜 狙われた姫配信者 〜 Lunatic Viewer - Streamer Girl at Risk -,-,,ETC,サイバーステップ,0,1,その他,その他
2022-08-25,AlignmentSharp,脱出ゲーム&カード探索ゲーム R01M,-,,ETC,AlignmentSharp,0,1,その他,その他
2022-08-25,Blingame,荒野のハーク (HAAK),-,,ETC,Blingame,0,1,その他,その他
2022-08-25,ソニックパワード,鉄道にっぽん!路線たび 明知鉄道編,-,YES,ETC,ソニックパワード,0,1,その他,その他
2022-08-26,Hook Games,Mahjong Minimal,-,,ETC,Hook Games,0,1,その他,その他
2022-08-29,Midnight Works,Krispain Hero: Roguelite Dungeon Shooter Fire Simulator Counter FPS World,-,,ETC,Midnight Works,0,1,その他,その他
2022-08-30,DillyFrame,Robby's Adventure,-,,ETC,DillyFrame,0,1,その他,その他
2022-08-31,KONAMI,Teenage Mutant Ninja Turtles: The Cowabunga Collection,-,,ETC,KONAMI,0,1,その他,その他
2022-08-31,tinyBuild Games,Tinykin,-,,ETC,tinyBuild Games,0,1,その他,その他
2022-09-01,ラタライカゲームス,Arenas Of Tanks,-,,ETC,ラタライカゲームス,0,1,その他,その他
2022-09-01,QUByte Interactive,Chess Brain: Dark Troops,-,,ETC,QUByte Interactive,0,1,その他,その他
2022-09-01,INSTAMARKETINGANDGAME,Demolish Derby Nitro-Battle Driving Car Games 2022 Deluxe Driver,-,,ETC,INSTAMARKETINGANDGAME,0,1,その他,その他
2022-09-01,17Studio,Draw Rider Remake,-,,ETC,17Studio,0,1,その他,その他
2022-09-01,PM Studios,Ikai,-,,ETC,PM Studios,0,1,その他,その他
2022-09-01,Megame,Mahjong Connect Onet Puzzle,-,,ETC,Megame,0,1,その他,その他
2022-09-01,SPACEFARER GAMES,Matisse's 3D World,-,,ETC,SPACEFARER GAMES,0,1,その他,その他
2022-09-01,Cube Games,Project SNAQE,-,,ETC,Cube Games,0,1,その他,その他
2022-09-01,Megame,Sokoban Block Puzzle,-,,ETC,Megame,0,1,その他,その他
2022-09-01,Danila Gorozhanin,Supaplex WOW!（英語版）,-,,ETC,Danila Gorozhanin,0,1,その他,その他
2022-09-01,eastasiasoft,Superola Champion Edition,-,,ETC,eastasiasoft,0,1,その他,その他
2022-09-01,Gearbox Publishing,Tribes of Midgard（英語版）,-,,ETC,Gearbox Publishing,0,1,その他,その他
2022-09-01,Megame,Zombies in City: Apocalypse Survival,-,,ETC,Megame,0,1,その他,その他
2022-09-01,東京通信,みんなの!小学生あるある探し -子どもも大人も楽しめるイラストクイズ脳トレゲーム-,-,,ETC,東京通信,0,1,その他,その他
2022-09-01,Lightning Games,アノー:ミューテーショネム,30,,AADV,Lightning Games,0,1,アクションアドベンチャー,その他
2022-09-01,バンダイナムコエンターテインメント,ジョジョの奇妙な冒険 オールスターバトルR,-,YES,ETC,バンダイナムコエンターテインメント,6637_0m_4606,1,その他,その他
2022-09-01,Gears for Breakfast,ニコが来た!,-,,ETC,Gears for Breakfast,0,1,その他,その他
2022-09-01,Game Source Entertainment,フィスト 紅蓮城の闇,33,YES,ACT,Game Source Entertainment,0,1,探索アクション,その他
2022-09-01,ケムコ,フェアリーエレメンツ,-,,ETC,ケムコ,0,1,その他,その他
2022-09-01,レイニーフロッグ,マリンエクスプレス殺人事件,-,,ETC,レイニーフロッグ,0,1,その他,その他
2022-09-01,スパイク・チュンソフト,メイドインアビス 闇を目指した連星,30,YES,ARPG,スパイク・チュンソフト,0,1,度し難いアクションRPG,その他
2022-09-01,eastasiasoft,リック・ヘンダーソン,-,,ETC,eastasiasoft,0,1,その他,その他
2022-09-01,レジスタ,廃校舎からの脱出,-,,ETC,レジスタ,0,1,その他,その他
2022-09-03,Nakana.io,"Please, Touch The Artwork",-,,ETC,Nakana.io,0,1,その他,その他
2022-09-06,ゲームロフト,ディズニー ドリームライトバレー,-,,ETC,ゲームロフト,0,1,その他,その他
2022-09-07,PLAYISM,Temtem,30,YES,MMO,PLAYISM,0,1,MMORPG,その他
2022-09-08,eastasiasoft,Hentai Uni,-,,ETC,eastasiasoft,0,1,その他,その他
2022-09-08,Esenthel,Into The Dark,-,,ETC,Esenthel,0,1,その他,その他
2022-09-08,VGNY Soft,Overdriven Evolution,-,,ETC,VGNY Soft,0,1,その他,その他
2022-09-08,QUByte Interactive,Radical Rex (QUByte Classics)（英語版）,-,,ETC,QUByte Interactive,0,1,その他,その他
2022-09-08,Studio Nisse,Skycadia,-,,ETC,Studio Nisse,0,1,その他,その他
2022-09-08,Pix Arts,Space Tanks,-,,ETC,Pix Arts,0,1,その他,その他
2022-09-08,Meangrip Studio,The Hand of Glory,-,,ETC,Meangrip Studio,0,1,その他,その他
2022-09-08,HypeTrain Digital,Tower Princess,-,,ETC,HypeTrain Digital,0,1,その他,その他
2022-09-08,ソニックパワード,ぼくは航空管制官 エアポートヒーロー 羽田,-,YES,ETC,ソニックパワード,6855_0m_4825,1,その他,その他
2022-09-08,MAGES.,アリス・ギア・アイギス CS 〜コンチェルト オブ シミュラトリックス〜,-,YES,ETC,MAGES.,0,1,その他,その他
2022-09-08,Aviary Studios,ザ・ギャラリー,-,,ETC,Aviary Studios,0,1,その他,その他
2022-09-08,RuWaMo Games,ファッションプリンセス Fashion Princess,-,,ETC,RuWaMo Games,0,1,その他,その他
2022-09-08,アクワイア,剣と魔法と学園クエスト。,-,YES,ETC,アクワイア,0,1,その他,その他
2022-09-08,RedDeerGames,脱出,-,,ETC,RedDeerGames,0,1,その他,その他
2022-09-08,RandomSpin Games,風車エンジン,-,,ETC,RandomSpin Games,0,1,その他,その他
2022-09-09,tinyBuild Games,JUSTICE SUCKS,-,,ETC,tinyBuild Games,0,1,その他,その他
2022-09-09,テイクツー・インタラクティブ・ジャパン,NBA 2K23,-,YES,ETC,テイクツー・インタラクティブ・ジャパン,0,1,その他,その他
2022-09-09,ラタライカゲームス,キャットメイズ 魔女の子の冒険,-,,ETC,ラタライカゲームス,0,1,その他,その他
2022-09-09,任天堂,スプラトゥーン3,39,YES,ASHT,任天堂,6638_0m_4607,1,アクションシューティング,その他
2022-09-09,MisterMorrisGames,ハイク・ザ・ロボット,-,,ETC,MisterMorrisGames,0,1,その他,その他
2022-09-13,スクウェア・エニックス,Voice of Cards 囚われの魔物,-,,ETC,スクウェア・エニックス,0,1,その他,その他
2022-09-14,クラップハンズ,いつでもGOLF,-,,ETC,クラップハンズ,0,1,その他,その他
2022-09-14,スクウェア・エニックス,バリアスデイライフ,-,,ETC,スクウェア・エニックス,0,1,その他,その他
2022-09-14,Live Wire,レイディアントシルバーガン,-,,ETC,Live Wire,0,1,その他,その他
2022-09-15,Akupara Games,Absolute Tactics: マーシーの娘達,-,,ETC,Akupara Games,0,1,その他,その他
2022-09-15,Gametry,Animal Drifters,-,,ETC,Gametry,0,1,その他,その他
2022-09-15,Midnight Works,Animals Transport Simulator - Car Driving & Parking Games Real Zoo Park,-,,ETC,Midnight Works,0,1,その他,その他
2022-09-15,eastasiasoft,Death Road to Canada（英語版）,-,,ETC,eastasiasoft,0,1,その他,その他
2022-09-15,Midnight Works,Eagle Simulator - Bird Zoo Park Flight Sky Pilot Driving,-,,ETC,Midnight Works,0,1,その他,その他
2022-09-15,Phoenixx,fault - StP - LIGHTKRAVTE,-,,ETC,Phoenixx,0,1,その他,その他
2022-09-15,Soroka Games,Kitten's Head Football,-,,ETC,Soroka Games,0,1,その他,その他
2022-09-15,AffairesEtrangeres,Kraken Smash: Volleyball,-,,ETC,AffairesEtrangeres,0,1,その他,その他
2022-09-15,7 Raven Studios,Last Beat Enhanced,-,,ETC,7 Raven Studios,0,1,その他,その他
2022-09-15,eastasiasoft,Maggie the Magnet,-,,ETC,eastasiasoft,0,1,その他,その他
2022-09-15,Glumberland,Ooblets（英語版）,-,,ETC,Glumberland,0,1,その他,その他
2022-09-15,Cyclone Studios,Paddles,-,,ETC,Cyclone Studios,0,1,その他,その他
2022-09-15,Will Winn Games,Plunder Panic,-,,ETC,Will Winn Games,0,1,その他,その他
2022-09-15,H2 INTERACTIVE,Redout 2（英語版）,-,,ETC,H2 INTERACTIVE,0,1,その他,その他
2022-09-15,QUByte Interactive,SAOMI,-,,ETC,QUByte Interactive,0,1,その他,その他
2022-09-15,Megame,Sudoku Casual Puzzle,-,,ETC,Megame,0,1,その他,その他
2022-09-15,Charles Games,Svoboda 1945: Liberation,-,,ETC,Charles Games,0,1,その他,その他
2022-09-15,TERNOX,Unichrome: A 1-Bit Unicorn Adventure,-,,ETC,TERNOX,0,1,その他,その他
2022-09-15,RedDeerGames,カイコとココス:塗り絵,-,,ETC,RedDeerGames,0,1,その他,その他
2022-09-15,Green Sauce Games,クイーンズガーデン - 桜の季節,-,,ETC,Green Sauce Games,0,1,その他,その他
2022-09-15,14次元,ゲームオブドラゴンズ,-,,ETC,14次元,0,1,その他,その他
2022-09-15,カリプソメディアジャパン,ダンジョンズ3 Nintendo Switch エディション（英語版）,31,,SLG,カリプソメディアジャパン,0,1,ダンジョン運営シミュレーション,その他
2022-09-15,トローゼ,デッドレイン 新しいゾンビウイルス,-,,ETC,トローゼ,0,1,その他,その他
2022-09-15,スクウェア・エニックス,ドラゴンクエストX 目覚めし五つの種族 オフライン,-,YES,ETC,スクウェア・エニックス,6118_0m_4018,1,その他,その他
2022-09-15,Cokoon Games,ナロナスポーツ,-,,ETC,Cokoon Games,0,1,その他,その他
2022-09-15,ハムスター,ニコリのパズルS 数独,-,,ETC,ハムスター,0,1,その他,その他
2022-09-15,コンパイルハート,フェアリーフェンサー エフ Refrain Chord,31,YES,SRPG,コンパイルハート,0,1,タクティクスRPG,その他
2022-09-15,House of Pandas,ブルータル・チェイス・ターボ,-,,ETC,House of Pandas,0,1,その他,その他
2022-09-15,EpiXR,ポリーリンクオリジンズ,-,,ETC,EpiXR,0,1,その他,その他
2022-09-15,PLiCy,マジシャンズ・チェイス -消えたカレーのレシピ-,-,,ETC,PLiCy,0,1,その他,その他
2022-09-15,HERO GAME,勇気の推理 海苔,-,,ETC,HERO GAME,0,1,その他,その他
2022-09-15,RedDeerGames,宇宙のスペースレイダー,-,,ETC,RedDeerGames,0,1,その他,その他
2022-09-15,フリュー,聖塔神記 トリニティトリガー,31,YES,ARPG,フリュー,6556_0m_4495,1,アクションRPG,その他
2022-09-20,Devolver Digital,Return to Monkey Island - リターン トゥ モンキー・アイランド,-,,ETC,Devolver Digital,0,1,その他,その他
2022-09-21,Humble Games,Midnight Fight Express,-,,ETC,Humble Games,0,1,その他,その他
2022-09-22,Abelix Games,Alter World,-,,ETC,Abelix Games,0,1,その他,その他
2022-09-22,101XP,Blind Fate: Edo no Yami,-,,ETC,101XP,0,1,その他,その他
2022-09-22,DillyFrame,Cubic Figures,-,,ETC,DillyFrame,0,1,その他,その他
2022-09-22,ChiliDog Interactive,Devoured by Darkness,-,,ETC,ChiliDog Interactive,0,1,その他,その他
2022-09-22,Abelix Games,Drift King,-,,ETC,Abelix Games,0,1,その他,その他
2022-09-22,Megame,Elite Soldier Shooter,-,,ETC,Megame,0,1,その他,その他
2022-09-22,HypeTrain Digital,Jack Move,-,,ETC,HypeTrain Digital,0,1,その他,その他
2022-09-22,X.D. Network,Moncage -箱庭ノ夢-,-,,ETC,X.D. Network,0,1,その他,その他
2022-09-22,Beep,No Place for Bravery,-,YES,ETC,Beep,0,1,その他,その他
2022-09-22,レジスタ,NonetEnsemble 魔法仕掛けの迷宮,-,,ETC,レジスタ,0,1,その他,その他
2022-09-22,DANGEN Entertainment,OneShot: World Machine Edition,-,,ETC,DANGEN Entertainment,0,1,その他,その他
2022-09-22,INSTAMARKETINGANDGAME,"Real Truck Simulator USA Car Games - Driving Games, Parking Sim, Car Speed Racing 2022",-,,ETC,INSTAMARKETINGANDGAME,0,1,その他,その他
2022-09-22,Abelix Games,SLICE,-,,ETC,Abelix Games,0,1,その他,その他
2022-09-22,Midnight Works,The Zombie Smasher - Dead Apocalyptic Killer Car Driving & Parking Games Survival,-,,ETC,Midnight Works,0,1,その他,その他
2022-09-22,Studio Drydock,Wylde Flowers,-,,ETC,Studio Drydock,0,1,その他,その他
2022-09-22,RedDeerGames,あなたの「かわいい」を描いて色を塗ろう,-,,ETC,RedDeerGames,0,1,その他,その他
2022-09-22,MAGES.,やはりゲームでも俺の青春ラブコメはまちがっている。&続 おまとめセット,-,YES,ETC,MAGES.,0,1,その他,その他
2022-09-22,Ghost Pattern,ウェイワードストランド,-,,ETC,Ghost Pattern,0,1,その他,その他
2022-09-22,トローゼ,カウンタークロスライン クライムウォー,-,,ETC,トローゼ,0,1,その他,その他
2022-09-22,iMel,コイ×ミツ 〜八重練紗祈と赤い糸の王子様〜,-,,ETC,iMel,0,1,その他,その他
2022-09-22,iMel,コイ×ミツ 〜千葉静玖とサボテンの手紙〜,-,,ETC,iMel,0,1,その他,その他
2022-09-22,iMel,コイ×ミツ 〜絹織双鳩とお菓子の国の約束〜,-,,ETC,iMel,0,1,その他,その他
2022-09-22,スクウェア・エニックス,ディオフィールド クロニクル,32,YES,SRPG,スクウェア・エニックス,6931_0m_4901,1,シミュレーションRPG,その他
2022-09-22,Silesia Games,バーフィア,-,,ETC,Silesia Games,0,1,その他,その他
2022-09-22,わくわくゲームズ,パズルバトラー!みらい,-,,ETC,わくわくゲームズ,0,1,その他,その他
2022-09-22,アイディアファクトリー,十三支演義 偃月三国伝1・2 for Nintendo Switch,-,YES,ETC,アイディアファクトリー,0,1,その他,その他
2022-09-22,エディア,夢幻戦士ヴァリスCOLLECTION II,-,YES,ETC,エディア,0,1,その他,その他
2022-09-22,バンダイナムコエンターテインメント,太鼓の達人 ドンダフルフェスティバル,33,YES,音,バンダイナムコエンターテインメント,6928_0m_4898,1,和太鼓リズムゲーム,その他
2022-09-22,東京通信,探せ!非常口のピクトさん -みんなで遊べる簡単絵探しイラストクイズ脳トレゲーム-,-,,ETC,東京通信,0,1,その他,その他
2022-09-22,アークシステムワークス,新・熱血硬派くにおたちの挽歌 -with River City Girls Extra-,-,,ETC,アークシステムワークス,0,1,その他,その他
2022-09-22,RedDeerGames,熱烈な敗者のリーグ,-,,ETC,RedDeerGames,0,1,その他,その他
2022-09-22,eastasiasoft,男クロス:麻雀ソリティア,-,,ETC,eastasiasoft,0,1,その他,その他
2022-09-23,tinyBuild Games,SpiderHeck,-,,ETC,tinyBuild Games,0,1,その他,その他
2022-09-23,ラタライカゲームス,ロー・オブ・リベンジ,-,,ETC,ラタライカゲームス,0,1,その他,その他
2022-09-24,ヨットクラブゲームズ（英語版）,Shovel Knight Dig（英語版）,-,,ETC,ヨットクラブゲームズ（英語版）,0,1,その他,その他
2022-09-27,Team17,Hokko Life,-,YES,ETC,Team17,0,1,その他,その他
2022-09-27,Finji,TUNIC（英語版）,-,,ETC,Finji,0,1,その他,その他
2022-09-28,Humble Games,Moonscars,-,,ETC,Humble Games,0,1,その他,その他
2022-09-28,Secret Mode,Penko Park,-,,ETC,Secret Mode,0,1,その他,その他
2022-09-29,Drageus Games,Archaica: The Path Of Light アーカイカ ヒカリノミチヲミチビクモノ,-,,ETC,Drageus Games,0,1,その他,その他
2022-09-29,Megame,Brick Breaker Ball Shooter,-,,ETC,Megame,0,1,その他,その他
2022-09-29,Megame,Chess Classic Board Game,-,,ETC,Megame,0,1,その他,その他
2022-09-29,Toukana,Dorfromantik（英語版）,-,,ETC,Toukana,0,1,その他,その他
2022-09-29,Freedom Games,Funtasia,-,,ETC,Freedom Games,0,1,その他,その他
2022-09-29,QUByte Interactive,Host 714,-,,ETC,QUByte Interactive,0,1,その他,その他
2022-09-29,JUSTDAN INTERNATIONAL,Little Witch Nobeta,-,YES,ETC,JUSTDAN INTERNATIONAL,0,1,その他,その他
2022-09-29,Prison Games,Mermaid Story,-,,ETC,Prison Games,0,1,その他,その他
2022-09-29,Consulog,Mission 1985,-,,ETC,Consulog,0,1,その他,その他
2022-09-29,Epic Games,RAILGRADE,-,,ETC,Epic Games,0,1,その他,その他
2022-09-29,SOFT SOURCE,SEVERED STEEL,-,,ETC,SOFT SOURCE,0,1,その他,その他
2022-09-29,PM Studios,Squish,-,,ETC,PM Studios,0,1,その他,その他
2022-09-29,QUByte Interactive,SWARMRIDER OMEGA,-,,ETC,QUByte Interactive,0,1,その他,その他
2022-09-29,Sometimes You,Tip Top: Don't fall!,-,,ETC,Sometimes You,0,1,その他,その他
2022-09-29,7 Raven Studios,Treasures of The Roman Empire,-,,ETC,7 Raven Studios,0,1,その他,その他
2022-09-29,Gogii Games,Virtual Families Cook Off: 第1章 さあ、行こう,-,,ETC,Gogii Games,0,1,その他,その他
2022-09-29,Dire Wolf Digital,エバーデール谷（英語版）,-,,ETC,Dire Wolf Digital,0,1,その他,その他
2022-09-29,Baltoro Games,クッキング・タイクーン2 3ゲームパック,-,,ETC,Baltoro Games,0,1,その他,その他
2022-09-29,Koch Media,クリード チャンピオンズ,-,YES,ETC,Koch Media,0,1,その他,その他
2022-09-29,カリプソメディアジャパン,コマンドス3 HDリマスター,-,,ETC,カリプソメディアジャパン,0,1,その他,その他
2022-09-29,フライハイワークス,シロネ・ザ・ドラゴンガール,-,,ETC,フライハイワークス,0,1,その他,その他
2022-09-29,バンダイナムコエンターテインメント,ソードアート・オンライン アリシゼーション リコリス,-,YES,ETC,バンダイナムコエンターテインメント,0,1,その他,その他
2022-09-29,MAGES.,バレットソウル ダブルソウルパック,-,YES,ETC,MAGES.,0,1,その他,その他
2022-09-29,Vagabond Dog,バーガーパトロール,-,,ETC,Vagabond Dog,0,1,その他,その他
2022-09-29,ジュピター,ピクロスS8,-,,ETC,ジュピター,0,1,その他,その他
2022-09-29,Short Sleeve Studio,ブードゥー探偵,-,,ETC,Short Sleeve Studio,0,1,その他,その他
2022-09-29,EpiXR,ポリーリンクバトルヒーロー,-,,ETC,EpiXR,0,1,その他,その他
2022-09-29,東京通信,ラッキーハプニング －どきどき胸キュンちょっぴりオトナなラブコメイラストクイズ－,-,,ETC,東京通信,0,1,その他,その他
2022-09-29,オーイズミ・アミュージオ,レヴィータ,-,,ETC,オーイズミ・アミュージオ,0,1,その他,その他
2022-09-29,Acram Digital,八分帝国:完全版,-,,ETC,Acram Digital,0,1,その他,その他
2022-09-29,アレス,悠久のカンパネラ,-,YES,ETC,アレス,0,1,その他,その他
2022-09-29,ブシロード,新テニスの王子様 LET'S GO!! 〜Daily Life〜 from RisingBeat,-,YES,ETC,ブシロード,0,1,その他,その他
2022-09-29,メディアスケープ,東方少女綺想譚,-,,ETC,メディアスケープ,0,1,その他,その他
2022-09-29,アクワイア,残月の鎖宮 -Labyrinth of Zangetsu-,-,YES,ETC,アクワイア,0,1,その他,その他
2022-09-29,SAT-BOX,消しゴムくんレースGP,-,,ETC,SAT-BOX,0,1,その他,その他
2022-09-30,Soedesco（英語版）,Airoheart,-,,ETC,Soedesco（英語版）,0,1,その他,その他
2022-09-30,Soedesco,Bunny Park,-,,ETC,Soedesco,0,1,その他,その他
2022-09-30,エレクトロニック・アーツ,EA Sports FIFA 23 Legacy Edition,-,YES,ETC,エレクトロニック・アーツ,0,1,その他,その他
2022-09-30,Soedesco,Lemon Cake,-,,ETC,Soedesco,0,1,その他,その他
2022-09-30,エンターグラム,となりに彼女のいる幸せ〜i fight with summer〜,-,,ETC,エンターグラム,0,1,その他,その他
2022-09-30,Gamuzumi,サクラ・MMO 2 〜明かされし事実〜,-,,ETC,Gamuzumi,0,1,その他,その他
2022-09-30,Postmeta Games,パスファインダー:レイス・オブ・ザ・ライチャス - Cloud Version（英語版）,-,,ETC,Postmeta Games,0,1,その他,その他
2022-09-30,任天堂,ベヨネッタ,-,YES,ETC,任天堂,1206_0m_178,1,その他,その他
2022-10-04,Plaion（英語版）[注釈 14],Let's Sing ABBA,-,,ETC,Plaion（英語版）[注釈 14],0,1,その他,その他
2022-10-04,Kong Studios,ガーディアンテイルズ for Nintendo Switch,-,,ETC,Kong Studios,0,1,その他,その他
2022-10-05,Blizzard Entertainment,オーバーウォッチ2,-,,ETC,Blizzard Entertainment,0,1,その他,その他
2022-10-06,Artifex Mundi,9 Clues 2: 病棟,-,,ETC,Artifex Mundi,0,1,その他,その他
2022-10-06,Midnight Works,Airport Flight Administrator Simulator & Air Traffic - Sky Airplane Sim Plane Games,-,,ETC,Midnight Works,0,1,その他,その他
2022-10-06,Midnight Works,Corrupt - Political Idle City War Strategy Simulator Craft,-,,ETC,Midnight Works,0,1,その他,その他
2022-10-06,Plug In Digital,Double Kick Heroes（英語版）,-,,ETC,Plug In Digital,0,1,その他,その他
2022-10-06,Devolver Digital,Dropsy（英語版）,-,,ETC,Devolver Digital,0,1,その他,その他
2022-10-06,QUByte Interactive,Josh Journey: Darkness Totems,-,,ETC,QUByte Interactive,0,1,その他,その他
2022-10-06,Revulo Games,Maze Blaze,-,,ETC,Revulo Games,0,1,その他,その他
2022-10-06,TREVA,memory - The Original Matching Game from Ravensburger,-,,ETC,TREVA,0,1,その他,その他
2022-10-06,スクウェア・エニックス,NieR:Automata The End of YoRHa Edition,-,YES,ETC,スクウェア・エニックス,0,1,その他,その他
2022-10-06,バンダイナムコエンターテインメント,No Man's Sky,32,YES,AADV,バンダイナムコエンターテインメント,0,1,アクションアドベンチャー,その他
2022-10-06,ChiliDog Interactive,One Hell of a Ride,-,,ETC,ChiliDog Interactive,0,1,その他,その他
2022-10-06,Prison Games,Super Dino,-,,ETC,Prison Games,0,1,その他,その他
2022-10-06,eastasiasoft,Super Jagger Bomb,-,,ETC,eastasiasoft,0,1,その他,その他
2022-10-06,Pikii,The Legend of Bum-bo（英語版）,-,,ETC,Pikii,0,1,その他,その他
2022-10-06,Tribute Games（英語版）,Wizorb（英語版）,-,,ETC,Tribute Games（英語版）,0,1,その他,その他
2022-10-06,frecle,Youropa,-,,ETC,frecle,0,1,その他,その他
2022-10-06,RedDeerGames,おいしい弾薬アーマーピッグ,-,,ETC,RedDeerGames,0,1,その他,その他
2022-10-06,サクセス,おさわり探偵小沢里奈 里奈となめこの事件簿,-,YES,ETC,サクセス,0,1,その他,その他
2022-10-06,No Gravity Games,サイボーグ忍者サイジン,-,,ETC,No Gravity Games,0,1,その他,その他
2022-10-06,タイトー,サーガイア (ゲームボーイ版) -ダライアス コズミックコレクション-,-,,ETC,タイトー,2280_0m_819,1,その他,その他
2022-10-06,トローゼ,バンカーライフ,-,,ETC,トローゼ,0,1,その他,その他
2022-10-06,Firestoke,フォーリング・アウト,-,,ETC,Firestoke,0,1,その他,その他
2022-10-06,Baltoro Games,ブレックファースト・バー・タイクーン,-,,ETC,Baltoro Games,0,1,その他,その他
2022-10-06,RedDeerGames,リトルコング ジャングル遊び,-,,ETC,RedDeerGames,0,1,その他,その他
2022-10-06,RedDeerGames,保育学生:シーズン1,-,,ETC,RedDeerGames,0,1,その他,その他
2022-10-06,kids room,時計メーカー:ぼくのとけい - ver.デジタル（タイマー付き）,-,,ETC,kids room,0,1,その他,その他
2022-10-06,サイバーステップ,異世界娘と婚活中 〜Isekai Bride Hunting〜 フィアEdition,-,,ETC,サイバーステップ,0,1,その他,その他
2022-10-06,サイバーステップ,異世界娘と婚活中 〜Isekai Bride Hunting〜 メイルEdition,-,,ETC,サイバーステップ,0,1,その他,その他
2022-10-06,アイディアファクトリー,薄桜鬼 真改 天運ノ抄,-,YES,ETC,アイディアファクトリー,0,1,その他,その他
2022-10-13,Whitethorn Digital,APICO（英語版）,-,,ETC,Whitethorn Digital,0,1,その他,その他
2022-10-13,Atari,Atari Mania,-,,ETC,Atari,0,1,その他,その他
2022-10-13,Megame,Billiard: Classic 8 Ball Pool,-,,ETC,Megame,0,1,その他,その他
2022-10-13,Astragon,Bus Simulator City Ride,-,,ETC,Astragon,0,1,その他,その他
2022-10-13,Thunderful,LEGO Bricktales - レゴ・ブリックテールズ,-,,ETC,Thunderful,0,1,その他,その他
2022-10-13,Etienne Trudeau,Paradise Marsh,-,,ETC,Etienne Trudeau,0,1,その他,その他
2022-10-13,eastasiasoft,Pretty Girls Escape,-,,ETC,eastasiasoft,0,1,その他,その他
2022-10-13,ChiliDog Interactive,Space Roguelike Adventure,-,,ETC,ChiliDog Interactive,0,1,その他,その他
2022-10-13,DANGEN Entertainment,The Witch's House MV,-,,ETC,DANGEN Entertainment,0,1,その他,その他
2022-10-13,Daedalic Entertainment,Warpips,-,,ETC,Daedalic Entertainment,0,1,その他,その他
2022-10-13,Sometimes You,Witchcrafty,-,,ETC,Sometimes You,0,1,その他,その他
2022-10-13,Midnight Works,"Zombies Killer Machine - Car Games,Driving,Dead Mechanic Simulator",-,,ETC,Midnight Works,0,1,その他,その他
2022-10-13,kido,アタッカーちゃん!,-,,ETC,kido,0,1,その他,その他
2022-10-13,Frogwares,シャーロック・ホームズとバスカヴィル家の犬,-,,ETC,Frogwares,0,1,その他,その他
2022-10-13,Alexandre Kadri,テンプ・ゼロ,-,,ETC,Alexandre Kadri,0,1,その他,その他
2022-10-13,バンダイナムコエンターテインメント,ドラゴンボール ザ ブレイカーズ スペシャルエディション,-,YES,ETC,バンダイナムコエンターテインメント,0,1,その他,その他
2022-10-13,Puppet Combo,ブラッドウォッシュ,-,,ETC,Puppet Combo,0,1,その他,その他
2022-10-13,RedDeerGames,ブロークン・ユニバース:タワーディフェンス,-,,ETC,RedDeerGames,0,1,その他,その他
2022-10-13,SAT-BOX,ボクらのファンタジークエスト,-,,ETC,SAT-BOX,0,1,その他,その他
2022-10-13,Midjiwan,ポリトピア（英語版）,-,,ETC,Midjiwan,0,1,その他,その他
2022-10-13,EpiXR,ルート ボックス シミュレーター アニメ ガールズ,-,,ETC,EpiXR,0,1,その他,その他
2022-10-13,RedDeerGames,レキ,-,,ETC,RedDeerGames,0,1,その他,その他
2022-10-13,サイバーステップ,異世界最強勇者の悲恋物語 - Isekai Tragic Love -,-,,ETC,サイバーステップ,0,1,その他,その他
2022-10-13,アクワイア,神業 盗来 -KAMIWAZA TOURAI-,-,YES,ETC,アクワイア,0,1,その他,その他
2022-10-14,FUZE Technologies,スーパー ファンキー ボーリング,-,,ETC,FUZE Technologies,0,1,その他,その他
2022-10-14,ケムコ,一緒に行きましょう逝きましょう生きましょう,-,,ETC,ケムコ,0,1,その他,その他
2022-10-18,Focus Entertainment（英語版）,A Plague Tale: Requiem - Cloud Version,-,,ETC,Focus Entertainment（英語版）,0,1,その他,その他
2022-10-20,Epic Games,Alan Wake Remastered,-,,ETC,Epic Games,0,1,その他,その他
2022-10-20,2112 Games,Apré Lapli ［雨の後］,-,,ETC,2112 Games,0,1,その他,その他
2022-10-20,Megame,Backgammon: Board Game Puzzle,-,,ETC,Megame,0,1,その他,その他
2022-10-20,DillyFrame,CubicBan,-,,ETC,DillyFrame,0,1,その他,その他
2022-10-20,Vidas Games,Daardoa,-,,ETC,Vidas Games,0,1,その他,その他
2022-10-20,MD GAMES,Gas Station Simulator ガソリンスタンド・シミュレーター,-,,ETC,MD GAMES,0,1,その他,その他
2022-10-20,プロトタイプ,Harmonia,-,YES,ETC,プロトタイプ,0,1,その他,その他
2022-10-20,バンダイナムコエンターテインメント,LEGO Brawls（英語版）,-,YES,ETC,バンダイナムコエンターテインメント,0,1,その他,その他
2022-10-20,Artifex Mundi,Lost Grimoires 2: 不思議のかけら,-,,ETC,Artifex Mundi,0,1,その他,その他
2022-10-20,LYUS,METAL NINJA メタルニンジャ,-,,ETC,LYUS,0,1,その他,その他
2022-10-20,Akupara Games,Mutazione（英語版）,-,,ETC,Akupara Games,0,1,その他,その他
2022-10-20,Freedom Games,One More Island,-,,ETC,Freedom Games,0,1,その他,その他
2022-10-20,Sometimes You,Pnevmo-Capsula,-,,ETC,Sometimes You,0,1,その他,その他
2022-10-20,SOFTSTAR（英語版）,RichMan 11（英語版）,-,,ETC,SOFTSTAR（英語版）,0,1,その他,その他
2022-10-20,eastasiasoft,Sea Horizon,-,,ETC,eastasiasoft,0,1,その他,その他
2022-10-20,Alda Games,The Walking Zombie 2,-,,ETC,Alda Games,0,1,その他,その他
2022-10-20,Vidas Games,Timore Redo,-,,ETC,Vidas Games,0,1,その他,その他
2022-10-20,QUByte Interactive,Tinhead (QUByte Classics)（英語版）,-,,ETC,QUByte Interactive,0,1,その他,その他
2022-10-20,Rogueside,"Warhammer 40,000: Shootas, Blood & Teef",-,,ETC,Rogueside,0,1,その他,その他
2022-10-20,バンダイナムコエンターテインメント,ウルトラ怪獣モンスターファーム,-,YES,ETC,バンダイナムコエンターテインメント,6993_0m_4964,1,その他,その他
2022-10-20,ラタライカゲームス,ガッド・デイム・ザ・ガーデン,-,,ETC,ラタライカゲームス,0,1,その他,その他
2022-10-20,EpiXR,ザフライングトラベラー ラストデーオブアース,-,,ETC,EpiXR,0,1,その他,その他
2022-10-20,CFK,シャッターニャン!DX,-,,ETC,CFK,0,1,その他,その他
2022-10-20,ケムコ,スペースマーシャルズ コレクション（英語版）,-,YES,ETC,ケムコ,0,1,その他,その他
2022-10-20,ハムスター,ニコリのパズルS 美術館,-,,ETC,ハムスター,0,1,その他,その他
2022-10-20,カリプソメディアジャパン,マッチポイント:テニスチャンピオンシップ,-,YES,ETC,カリプソメディアジャパン,0,1,その他,その他
2022-10-20,No Gravity Games,ワン・トゥルー・ヒーロー,-,,ETC,No Gravity Games,0,1,その他,その他
2022-10-20,RedDeerGames,彼女は僕に消えてほしい,-,,ETC,RedDeerGames,0,1,その他,その他
2022-10-20,Phoenixx,東方剛欲異聞 〜 水没した沈愁地獄,-,,ETC,Phoenixx,0,1,その他,その他
2022-10-20,ボルテージ,眠らぬ街のシンデレラ,-,,ETC,ボルテージ,0,1,その他,その他
2022-10-20,サイバーステップ,純情ギャルと幸せのカタチ 〜Shape of Happiness〜,-,,ETC,サイバーステップ,0,1,その他,その他
2022-10-21,テイクツー・インタラクティブ・ジャパン,ニュー・テイルズ・フロム・ザ・ボーダーランズ,-,,ETC,テイクツー・インタラクティブ・ジャパン,0,1,その他,その他
2022-10-21,アトラス,ペルソナ5 ザ・ロイヤル,37,YES,RPG,アトラス,6941_0m_4912,1,学園ジュブナイルRPG,その他
2022-10-25,Plug In Digital,ポムポム:うちゅうーで大レスキュー!,-,,ETC,Plug In Digital,0,1,その他,その他
2022-10-26,エディア,みんなのホームランダービー,-,,ETC,エディア,0,1,その他,その他
2022-10-27,Piotr Rochala,Amazing Chicken Adventures,-,,ETC,Piotr Rochala,0,1,その他,その他
2022-10-27,SOFT SOURCE,ARCADE PARADISE,-,,ETC,SOFT SOURCE,0,1,その他,その他
2022-10-27,Soedesco,Charon's Staircase,-,,ETC,Soedesco,0,1,その他,その他
2022-10-27,DillyFrame,Cubic Parking,-,,ETC,DillyFrame,0,1,その他,その他
2022-10-27,エンターグラム,D.C.4 Fortunate Departures 〜ダ・カーポ4〜 フォーチュネイトデパーチャーズ,-,YES,ETC,エンターグラム,0,1,その他,その他
2022-10-27,Vidas Games,Daemonum,-,,ETC,Vidas Games,0,1,その他,その他
2022-10-27,シルバースタージャパン,DingDong,-,,ETC,シルバースタージャパン,0,1,その他,その他
2022-10-27,7 Raven Studios,Escape String,-,,ETC,7 Raven Studios,0,1,その他,その他
2022-10-27,RuWaMo Games,Fashion Friends ファッションフレンズ,-,,ETC,RuWaMo Games,0,1,その他,その他
2022-10-27,iam8bit（英語版）,Garbage Pail Kids: Mad Mike and the Quest for Stale Gum（英語版）,-,,ETC,iam8bit（英語版）,0,1,その他,その他
2022-10-27,Neverland Entertainment,Harmony's Odyssey リトルウィッチと不思議なワンド,-,,ETC,Neverland Entertainment,0,1,その他,その他
2022-10-27,MERIDIEM GAMES,Insomnis,-,,ETC,MERIDIEM GAMES,0,1,その他,その他
2022-10-27,グラビティゲームアライズ,Live by the Sword: Tactics,-,,ETC,グラビティゲームアライズ,0,1,その他,その他
2022-10-27,WSS playground,NEEDY GIRL OVERDOSE,-,YES,ETC,WSS playground,0,1,その他,その他
2022-10-27,QUByte Interactive,Opus Castle,-,,ETC,QUByte Interactive,0,1,その他,その他
2022-10-27,PLAYISM,SIGNALIS,-,YES,ETC,PLAYISM,0,1,その他,その他
2022-10-27,Megame,Solitaire: Classic Card Game,-,,ETC,Megame,0,1,その他,その他
2022-10-27,Drageus Games,Sweet Witches スウィート・ウィッチーズ,-,,ETC,Drageus Games,0,1,その他,その他
2022-10-27,Frosty Pop,The Pinball Wizard,-,,ETC,Frosty Pop,0,1,その他,その他
2022-10-27,Pix Arts,World Soccer Cup 2022,-,,ETC,Pix Arts,0,1,その他,その他
2022-10-27,エンターグラム,あくありうむ。,-,YES,ETC,エンターグラム,0,1,その他,その他
2022-10-27,RedDeerGames,にゃんこばなし,-,,ETC,RedDeerGames,0,1,その他,その他
2022-10-27,カイロソフト,ゆけむり温泉郷2,-,,ETC,カイロソフト,0,1,その他,その他
2022-10-27,トローゼ,カー+トゥーンレース ラリーバレーチャンピオン,-,,ETC,トローゼ,0,1,その他,その他
2022-10-27,タイトー,ダライアスバーストCSコア + タイトー/セガ パック,-,,ETC,タイトー,0,1,その他,その他
2022-10-27,EpiXR,テンプルオブホラー,-,,ETC,EpiXR,0,1,その他,その他
2022-10-27,東京通信,ナゾトキの時間 －スリルサスペンスな謎解き脱出ミステリー推理ゲーム－,-,,ETC,東京通信,0,1,その他,その他
2022-10-27,House of Pandas,ハロウィンシューター,-,,ETC,House of Pandas,0,1,その他,その他
2022-10-27,サイバーステップ,ハーレム過ぎる異世界は俺が救う - Isekai Harem Saver -,-,,ETC,サイバーステップ,0,1,その他,その他
2022-10-27,Feardemic,バディ・シミュレーター1984,-,,ETC,Feardemic,0,1,その他,その他
2022-10-27,Outright Games（英語版）,パウ・パトロール グランプリ,-,YES,ETC,Outright Games（英語版）,0,1,その他,その他
2022-10-27,eastasiasoft,パチ・パチ! 2 ON・A・ROLL,-,,ETC,eastasiasoft,0,1,その他,その他
2022-10-27,Silesia Games,ヒドゥンパウズミステリー,-,,ETC,Silesia Games,0,1,その他,その他
2022-10-27,Mindscape,ピクセルアーティスト,-,,ETC,Mindscape,0,1,その他,その他
2022-10-27,日本一ソフトウェア,マール王国の人形姫,-,,ETC,日本一ソフトウェア,0,1,その他,その他
2022-10-27,日本一ソフトウェア,ラ・ピュセル†ラグナロック,-,,ETC,日本一ソフトウェア,0,1,その他,その他
2022-10-27,naptime.games,ロジック・ピック,-,,ETC,naptime.games,0,1,その他,その他
2022-10-27,ドラス,激Jパチスロ チバリヨDX,-,,ETC,ドラス,0,1,その他,その他
2022-10-27,バンダイナムコエンターテインメント,釣りスピリッツ 釣って遊べる水族館,-,YES,ETC,バンダイナムコエンターテインメント,0,1,その他,その他
2022-10-28,カプコン,BIOHAZARD VILLAGE CLOUD,-,,ETC,カプコン,0,1,その他,その他
2022-10-28,カプコン,BIOHAZARD VILLAGE CLOUD Z Version,-,,ETC,カプコン,0,1,その他,その他
2022-10-28,ラタライカゲームス,Bones of Halloween,-,,ETC,ラタライカゲームス,0,1,その他,その他
2022-10-28,ININ Games,Cotton 16Bit トリビュート,-,YES,ETC,ININ Games,0,1,その他,その他
2022-10-28,Wube Software,Factorio,-,,ETC,Wube Software,0,1,その他,その他
2022-10-28,任天堂,ベヨネッタ3,37,YES,ACT,任天堂,6944_0m_4915,1,クライマックス・アクション,その他
2022-11-01,Atari,Missile Command: Recharged,-,,ETC,Atari,0,1,その他,その他
2022-11-01,Ogre Pixel,孤独なヴィラ,-,,ETC,Ogre Pixel,0,1,その他,その他
2022-11-02,RedDeerGames,AAAクロック2,-,,ETC,RedDeerGames,0,1,その他,その他
2022-11-02,Badri Bebua,Adrian's Tale,-,,ETC,Badri Bebua,0,1,その他,その他
2022-11-02,Fractal Phase,Flying Neko Delivery,-,,ETC,Fractal Phase,0,1,その他,その他
2022-11-02,Hanaji Games,Mecha Ritz: Steel Rondo,-,,ETC,Hanaji Games,0,1,その他,その他
2022-11-02,PikPok,Shatter Remastered Deluxe,-,,ETC,PikPok,0,1,その他,その他
2022-11-02,Vidas Games,Timore 5,-,,ETC,Vidas Games,0,1,その他,その他
2022-11-02,日本コロムビア,すみっコぐらし みんなでリズムパーティ,-,YES,ETC,日本コロムビア,0,1,その他,その他
2022-11-02,バンダイナムコエンターテインメント,ドラえもん のび太の牧場物語 大自然の王国とみんなの家,-,YES,ETC,バンダイナムコエンターテインメント,0,1,その他,その他
2022-11-02,ケムコ,ドラゴンプラナ,-,,ETC,ケムコ,0,1,その他,その他
2022-11-02,RedDeerGames,ピクセルぬりえ,-,,ETC,RedDeerGames,0,1,その他,その他
2022-11-02,Atooi,ラン・ボックス・ラン,-,,ETC,Atooi,0,1,その他,その他
2022-11-03,アートディンク,A列車で行こう ひろがる観光ライン ガイドブックパック,-,YES,ETC,アートディンク,0,1,その他,その他
2022-11-04,Aeternum Game Studios,Aeterna Noctis,-,,ETC,Aeternum Game Studios,0,1,その他,その他
2022-11-04,Humble Games,Ghost Song,-,,ETC,Humble Games,0,1,その他,その他
2022-11-04,スクウェア・エニックス,ハーヴェステラ,-,YES,ETC,スクウェア・エニックス,6973_0m_4944,1,その他,その他
2022-11-05,エレクトロニック・アーツ,It Takes Two,-,YES,ETC,エレクトロニック・アーツ,0,1,その他,その他
2022-11-07,Midnight Works,Kanjozoku Game レーサー - Car Racing & Highway Driving Simulator Games,-,,ETC,Midnight Works,0,1,その他,その他
2022-11-08,セガ,ソニックフロンティア,35,YES,AADV,セガ,6995_0m_4966,1,アクションアドベンチャー,その他
2022-11-09,SLOCLAP,Sifu（英語版）,-,YES,ETC,SLOCLAP,0,1,その他,その他
2022-11-10,サイバーステップ,- Mischief Dungeon Life - 異世界転生した俺のイタズラダンジョンライフ ジャニスEdition,-,,ETC,サイバーステップ,0,1,その他,その他
2022-11-10,サイバーステップ,- Mischief Dungeon Life - 異世界転生した俺のイタズラダンジョンライフ ドロシーEdition,-,,ETC,サイバーステップ,0,1,その他,その他
2022-11-10,Secret Mode,A Little to the Left,-,,ETC,Secret Mode,0,1,その他,その他
2022-11-10,Microids,Asterix & Obelix XXXL : The Ram From Hibernia,-,,ETC,Microids,0,1,その他,その他
2022-11-10,11Sheep,Cyber Velocity Run,-,,ETC,11Sheep,0,1,その他,その他
2022-11-10,QUByte Interactive,Doomed to Hell,-,,ETC,QUByte Interactive,0,1,その他,その他
2022-11-10,Daedalic Entertainment,Godlike Burger,-,,ETC,Daedalic Entertainment,0,1,その他,その他
2022-11-10,eastasiasoft,Hatup,-,,ETC,eastasiasoft,0,1,その他,その他
2022-11-10,SOFT SOURCE,Jigsaw Puzzle: Belgium Through The Lens,-,,ETC,SOFT SOURCE,0,1,その他,その他
2022-11-10,Coatsink Software,Jurassic World Aftermath Collection（英語版）,-,,ETC,Coatsink Software,0,1,その他,その他
2022-11-10,Pix Arts,Mission Commando,-,,ETC,Pix Arts,0,1,その他,その他
2022-11-10,アメージング,MULTIVERSEPOOL,-,,ETC,アメージング,0,1,その他,その他
2022-11-10,SNK,NEOGEO POCKET COLOR SELECTION Vol.2,-,,ETC,SNK,0,1,その他,その他
2022-11-10,Assemble Entertainment,Orbital Bullet,-,,ETC,Assemble Entertainment,0,1,その他,その他
2022-11-10,Amanita Design（英語版）,Pilgrims,-,,ETC,Amanita Design（英語版）,0,1,その他,その他
2022-11-10,Peaksel,Pixel Art - ドット絵 塗り絵,-,,ETC,Peaksel,0,1,その他,その他
2022-11-10,Cellar Door Games,Rogue Legacy 2 ローグ・レガシー2（英語版）,-,,ETC,Cellar Door Games,0,1,その他,その他
2022-11-10,eastasiasoft,Super Woden GP,-,,ETC,eastasiasoft,0,1,その他,その他
2022-11-10,QUByte Interactive,The Samurai Collection (QUByte Classics),-,,ETC,QUByte Interactive,0,1,その他,その他
2022-11-10,Landfall Games,Totally Accurate Battle Simulator（英語版）,-,,ETC,Landfall Games,0,1,その他,その他
2022-11-10,M9 Games,VEREDA - 脱出部屋の冒険,-,,ETC,M9 Games,0,1,その他,その他
2022-11-10,Plaion,Yum Yum Cookstar,-,,ETC,Plaion,0,1,その他,その他
2022-11-10,東京通信,お絵かき心理テスト －恋愛も友情も!かんたん診断でアナタの脳内マルハダカ!?－,-,,ETC,東京通信,0,1,その他,その他
2022-11-10,オペラハウス/ディースリー・パブリッシャー,アイ★チュウ,-,YES,ETC,オペラハウス/ディースリー・パブリッシャー,0,1,その他,その他
2022-11-10,Infinite Game,アインズソード,-,,ETC,Infinite Game,0,1,その他,その他
2022-11-10,Mindscape,アドベントカレンダー,-,,ETC,Mindscape,0,1,その他,その他
2022-11-10,Gamuzumi,サクラ・MMO 3 〜生と死の女神〜,-,,ETC,Gamuzumi,0,1,その他,その他
2022-11-10,Erik Games,スノーマッドネス,-,,ETC,Erik Games,0,1,その他,その他
2022-11-10,Studio Somewhere,スピンフロッグ:オール・アボード・ザ・フロッグコプター,-,,ETC,Studio Somewhere,0,1,その他,その他
2022-11-10,Mindscape,スーパーパズルパック,-,,ETC,Mindscape,0,1,その他,その他
2022-11-10,ハムスター,ニコリのパズルS スリザーリンク,-,,ETC,ハムスター,0,1,その他,その他
2022-11-10,EpiXR,ポリーリンクファイティングガールズ,-,,ETC,EpiXR,0,1,その他,その他
2022-11-10,ギフトテンインダストリ,マドリカ不動産2 -新物件の間取り謎-,-,,ETC,ギフトテンインダストリ,0,1,その他,その他
2022-11-10,Deck13（英語版）,ルニスティス,-,,ETC,Deck13（英語版）,0,1,その他,その他
2022-11-10,Entity3,悪い紙,-,,ETC,Entity3,0,1,その他,その他
2022-11-10,サイバーステップ,異世界娘と婚活中 〜Isekai Bride Hunting〜 クロロEdition,-,,ETC,サイバーステップ,0,1,その他,その他
2022-11-10,サイバーステップ,異世界娘と婚活中 〜Isekai Bride Hunting〜 シャルティエEdition,-,,ETC,サイバーステップ,0,1,その他,その他
2022-11-10,Red Limb Studio,神風野菜,-,,ETC,Red Limb Studio,0,1,その他,その他
2022-11-10,サクセス,箱庭牧場 ひつじ村,-,YES,ETC,サクセス,0,1,その他,その他
2022-11-10,RedDeerGames,超記憶脳トレ,-,,ETC,RedDeerGames,0,1,その他,その他
2022-11-11,カプコン,BIOHAZARD RE:2 CLOUD,-,,ETC,カプコン,0,1,その他,その他
2022-11-11,カプコン,BIOHAZARD RE:2 CLOUD Z Version,-,,ETC,カプコン,0,1,その他,その他
2022-11-11,Forever Entertainment,Milk inside a bag of milk inside a bag of milk and Milk outside a bag of milk outside a bag of milk,-,,ETC,Forever Entertainment,0,1,その他,その他
2022-11-11,スクウェア・エニックス,タクティクスオウガ リボーン,-,YES,ETC,スクウェア・エニックス,6968_0m_4939,1,その他,その他
2022-11-11,Gamuzumi,ホット・テンタクルズ・シューター,-,,ETC,Gamuzumi,0,1,その他,その他
2022-11-15,Team17,Bravery and Greed,-,,ETC,Team17,0,1,その他,その他
2022-11-15,Plaion,Let's Sing 2023,-,,ETC,Plaion,0,1,その他,その他
2022-11-15,Devolver Digital,McPixel 3,-,,ETC,Devolver Digital,0,1,その他,その他
2022-11-17,RuWaMo Games,Animal Puzzle Cats アニマルパズル 猫,-,,ETC,RuWaMo Games,0,1,その他,その他
2022-11-17,INSTAMARKETINGANDGAME,"Baby Shapes for Kids - Puzzle,Animal,Funny, Parent,Coloring,Farm Simulator Games",-,,ETC,INSTAMARKETINGANDGAME,0,1,その他,その他
2022-11-17,Gametry,Corner Driver,-,,ETC,Gametry,0,1,その他,その他
2022-11-17,QUByte Interactive,Geometric Feel the Beats,-,,ETC,QUByte Interactive,0,1,その他,その他
2022-11-17,フライハイワークス,GOODBYE WORLD,-,,ETC,フライハイワークス,0,1,その他,その他
2022-11-17,QUByte Interactive,In Extremis DX,-,,ETC,QUByte Interactive,0,1,その他,その他
2022-11-17,Megame,Labyrinth: Classic Pinball Puzzle,-,,ETC,Megame,0,1,その他,その他
2022-11-17,ChiliDog Interactive,Lord of the Click III,-,,ETC,ChiliDog Interactive,0,1,その他,その他
2022-11-17,Nacon,My Fantastic Ranch,-,,ETC,Nacon,0,1,その他,その他
2022-11-17,Toplitz Productions,Starsand,-,,ETC,Toplitz Productions,0,1,その他,その他
2022-11-17,Sometimes You,Succubus With Guns,-,,ETC,Sometimes You,0,1,その他,その他
2022-11-17,eastasiasoft,Super Chicken Jumper,-,,ETC,eastasiasoft,0,1,その他,その他
2022-11-17,アイディアファクトリー,SympathyKiss,-,YES,ETC,アイディアファクトリー,0,1,その他,その他
2022-11-17,ゲームロフト,The Oregon Trail,-,,ETC,ゲームロフト,0,1,その他,その他
2022-11-17,Assemble Entertainment,Ultimate ADOM - Caverns of Chaos,-,,ETC,Assemble Entertainment,0,1,その他,その他
2022-11-17,Gametry,War of Ships,-,,ETC,Gametry,0,1,その他,その他
2022-11-17,Pix Arts,WWII Tank Battle Arena,-,,ETC,Pix Arts,0,1,その他,その他
2022-11-17,サイバーステップ,『俺』が『私』に変わった日…〜Becoming a She〜,-,,ETC,サイバーステップ,0,1,その他,その他
2022-11-17,カエルパンダ,ゆるゆる劇場-劇場版-2&3,-,,ETC,カエルパンダ,0,1,その他,その他
2022-11-17,Galdra Studios,アルカディア・フォールン,-,,ETC,Galdra Studios,0,1,その他,その他
2022-11-17,Gamuzumi,エルブス・ファンタジー HENTAI PUZZLE,-,,ETC,Gamuzumi,0,1,その他,その他
2022-11-17,ブシロード,カードファイト!! ヴァンガード ディアデイズ,-,YES,ETC,ブシロード,0,1,その他,その他
2022-11-17,レイニーフロッグ,サッカークラブライフ レトロゴール,-,,ETC,レイニーフロッグ,0,1,その他,その他
2022-11-17,TABINOMICHI/room6,シロナガス島への帰還,-,YES,ETC,TABINOMICHI/room6,0,1,その他,その他
2022-11-17,Utopian Sandwich,チョンピー・チョンプチョンプ・パーティー,-,,ETC,Utopian Sandwich,0,1,その他,その他
2022-11-17,RedDeerGames,ピド,-,,ETC,RedDeerGames,0,1,その他,その他
2022-11-17,Gamuzumi,ファリー・HENTAI・タングラム,-,,ETC,Gamuzumi,0,1,その他,その他
2022-11-17,RedDeerGames,ミルキィモ〜ダッシュ!,-,,ETC,RedDeerGames,0,1,その他,その他
2022-11-17,トローゼ,ワールドクラス チャンピオンサッカー,-,,ETC,トローゼ,0,1,その他,その他
2022-11-17,HERO GAME,勇気の推理 123,-,,ETC,HERO GAME,0,1,その他,その他
2022-11-17,SAT-BOX,机でサッカー2,-,,ETC,SAT-BOX,0,1,その他,その他
2022-11-17,ラプラシアン,白昼夢の青写真,-,YES,ETC,ラプラシアン,0,1,その他,その他
2022-11-18,カプコン,BIOHAZARD RE:3 CLOUD,-,,ETC,カプコン,0,1,その他,その他
2022-11-18,X.D. Network,Finding Paradise（英語版）,-,,ETC,X.D. Network,0,1,その他,その他
2022-11-18,Secret Mode,Wobbledogs,-,,ETC,Secret Mode,0,1,その他,その他
2022-11-18,ポケモン,ポケットモンスター スカーレット,-,YES,ETC,ポケモン,6992_0m_4963,1,その他,その他
2022-11-18,ポケモン,ポケットモンスター バイオレット,-,YES,ETC,ポケモン,6991_0m_4962,1,その他,その他
2022-11-22,Soedesco,Saint Kotar（英語版）,-,,ETC,Soedesco,0,1,その他,その他
2022-11-22,Team17,Ship of Fools,-,,ETC,Team17,0,1,その他,その他
2022-11-22,ユービーアイソフト,ジャストダンス 2023 エディション,-,YES,ETC,ユービーアイソフト,0,1,その他,その他
2022-11-24,サイバーステップ,- Mischief Dungeon Life - 異世界転生した俺のイタズラダンジョンライフ クラーラEdition,-,,ETC,サイバーステップ,0,1,その他,その他
2022-11-24,SOFTSTAR,Aliisha 双子神殿失われたワールド,-,,ETC,SOFTSTAR,0,1,その他,その他
2022-11-24,Game Source Entertainment,Brewmaster: Beer Brewing Simulator,-,,ETC,Game Source Entertainment,0,1,その他,その他
2022-11-24,ChiliDog Interactive,Dead Station,-,,ETC,ChiliDog Interactive,0,1,その他,その他
2022-11-24,Symbolic Software,Dr. Kobushi's Labyrinthine Laboratory,-,,ETC,Symbolic Software,0,1,その他,その他
2022-11-24,VG Games,Drone Race Simulator Pilot Flight School Ariplane Games Jet 2023,-,,ETC,VG Games,0,1,その他,その他
2022-11-24,レジスタ,Elysion2 -Genes of the saints-,-,,ETC,レジスタ,0,1,その他,その他
2022-11-24,Dakko Dakko,Floating Cloud God: Anniversary Edition,-,,ETC,Dakko Dakko,0,1,その他,その他
2022-11-24,Meangrip Studio,Freud's Bones,-,,ETC,Meangrip Studio,0,1,その他,その他
2022-11-24,Tendokore,GyroBlade,-,,ETC,Tendokore,0,1,その他,その他
2022-11-24,QUByte Interactive,Legendary Heroes,-,,ETC,QUByte Interactive,0,1,その他,その他
2022-11-24,Ultimate Games,Mr. Prepper,-,,ETC,Ultimate Games,0,1,その他,その他
2022-11-24,eastasiasoft,Risk System,-,,ETC,eastasiasoft,0,1,その他,その他
2022-11-24,CFK,Savior of the Abyss -深淵の救い主-,-,,ETC,CFK,0,1,その他,その他
2022-11-24,SOFT SOURCE,Swoon! Earth Escape,-,,ETC,SOFT SOURCE,0,1,その他,その他
2022-11-24,Pikii,The Binding of Isaac: Repentance（英語版）,-,YES,ETC,Pikii,0,1,その他,その他
2022-11-24,エンターグラム,この素晴らしい世界に祝福を!〜呪いの遺物と惑いし冒険者たち〜,-,YES,ETC,エンターグラム,0,1,その他,その他
2022-11-24,アレス,アマカノ,-,YES,ETC,アレス,0,1,その他,その他
2022-11-24,Mindscape,ウィンドストーム:新たな友情の始まり,-,,ETC,Mindscape,0,1,その他,その他
2022-11-24,シティコネクション,クレオパトラフォーチュン Sトリビュート,-,,ETC,シティコネクション,0,1,その他,その他
2022-11-24,3goo,ニコロデオン オールスター大乱闘 アルティメットエディション,-,YES,ETC,3goo,0,1,その他,その他
2022-11-24,Silesia Games,ネコでいっぱいのビル,-,,ETC,Silesia Games,0,1,その他,その他
2022-11-24,東京通信,ネット炎上事件簿 －燃えて萌えるSNSアイドル転落イラストクイズゲーム－,-,,ETC,東京通信,0,1,その他,その他
2022-11-24,エンターグラム,ハーヴェストオーバーレイ+彼女はオレからはなれない,-,YES,ETC,エンターグラム,0,1,その他,その他
2022-11-24,エクスフィット,フィットネスランナー,-,YES,ETC,エクスフィット,0,1,その他,その他
2022-11-24,Silesia Games,フットボールバトル,-,,ETC,Silesia Games,0,1,その他,その他
2022-11-24,グラビティゲームアライズ,ポーラトピア,-,,ETC,グラビティゲームアライズ,0,1,その他,その他
2022-11-24,Silesia Games,メイクバーガー,-,,ETC,Silesia Games,0,1,その他,その他
2022-11-24,わくわくゲームズ,モン娘ぐらでぃえーた,-,,ETC,わくわくゲームズ,0,1,その他,その他
2022-11-24,ロケットスタジオ,幽限御界堂探偵社 2章,-,,ETC,ロケットスタジオ,0,1,その他,その他
2022-11-24,No Gravity Games,最初の光,-,,ETC,No Gravity Games,0,1,その他,その他
2022-11-24,メディアスケープ,東方覚醒珠玉 〜 Fan-made Virtual Autography.,-,,ETC,メディアスケープ,0,1,その他,その他
2022-11-25,Shinyuden,KnifeBoy Rebooted,-,,ETC,Shinyuden,0,1,その他,その他
2022-11-25,ラタライカゲームス,嘘つきな王様の騙し方★リマスター版,-,,ETC,ラタライカゲームス,0,1,その他,その他
2022-11-29,Team17,The Knight Witch,-,,ETC,Team17,0,1,その他,その他
2022-11-30,101XP,The Darkest Tales,-,,ETC,101XP,0,1,その他,その他
2022-11-30,Forever Entertainment,フロントミッション ザ・ファースト:リメイク,-,,ETC,Forever Entertainment,7255_0m_5226,1,その他,その他
2022-12-01,eastasiasoft,Astronite,-,,ETC,eastasiasoft,0,1,その他,その他
2022-12-01,Sabec,Boxer,-,,ETC,Sabec,0,1,その他,その他
2022-12-01,VG Games,Car Parking Madness School Drive Mehanic Car Games Simulator 2023,-,,ETC,VG Games,0,1,その他,その他
2022-12-01,Microids,Garfield Lasagna Party,-,,ETC,Microids,0,1,その他,その他
2022-12-01,LLC ROOM710GAMES,HALF DEAD 3,-,,ETC,LLC ROOM710GAMES,0,1,その他,その他
2022-12-01,Devolver Digital,Inscryption（英語版）,-,,ETC,Devolver Digital,0,1,その他,その他
2022-12-01,Plug In Digital,Machinika Museum,-,,ETC,Plug In Digital,0,1,その他,その他
2022-12-01,Sometimes You,MEGALAN 11,-,,ETC,Sometimes You,0,1,その他,その他
2022-12-01,Thalamus Digital,Millie and Molly,-,,ETC,Thalamus Digital,0,1,その他,その他
2022-12-01,7Levels,Railbound: レールバウンド,-,,ETC,7Levels,0,1,その他,その他
2022-12-01,ディースリー・パブリッシャー,SAMURAI MAIDEN -サムライメイデン-,-,YES,ETC,ディースリー・パブリッシャー,0,1,その他,その他
2022-12-01,ChiliDog Interactive,Speedgunner Ultra,-,,ETC,ChiliDog Interactive,0,1,その他,その他
2022-12-01,Midnight Works,Street Drag Racing Car Driving Simulator 2022 Games,-,,ETC,Midnight Works,0,1,その他,その他
2022-12-01,Northplay,Super Planet Life,-,,ETC,Northplay,0,1,その他,その他
2022-12-01,INSTAMARKETINGANDGAME,Supreme Car Race on Highway Simulator - Ultimate Driving Games Poly Experience,-,,ETC,INSTAMARKETINGANDGAME,0,1,その他,その他
2022-12-01,Plow Games,The Rusty Sword: Vanguard Island,-,,ETC,Plow Games,0,1,その他,その他
2022-12-01,わくわくゲームズ,TOMOMI,-,,ETC,わくわくゲームズ,0,1,その他,その他
2022-12-01,Supergonk,Warp Drive,-,,ETC,Supergonk,0,1,その他,その他
2022-12-01,4Divinity,ウィンドストーム コレクション,-,YES,ETC,4Divinity,0,1,その他,その他
2022-12-01,Mindscape,ウィンドストーム:予期せぬ訪問者,-,,ETC,Mindscape,0,1,その他,その他
2022-12-01,シティコネクション,エレベーターアクション -リターンズ- Sトリビュート,-,,ETC,シティコネクション,0,1,その他,その他
2022-12-01,Sekai Games,クレア 2,-,,ETC,Sekai Games,0,1,その他,その他
2022-12-01,プロトタイプ,グリザイア ファントムトリガー 07,-,,ETC,プロトタイプ,0,1,その他,その他
2022-12-01,レイニーフロッグ,ソード オブ ザ バークラント,-,,ETC,レイニーフロッグ,0,1,その他,その他
2022-12-01,Beep,チェンソークラブ,-,,ETC,Beep,0,1,その他,その他
2022-12-01,Feardemic,パペトゥラ,-,,ETC,Feardemic,0,1,その他,その他
2022-12-01,スクウェア・エニックス,ロマンシング サガ -ミンストレルソング- リマスター,-,,ETC,スクウェア・エニックス,0,1,その他,その他
2022-12-01,4DMacau,在宅ワーク,-,,ETC,4DMacau,0,1,その他,その他
2022-12-01,東京通信,意味がわかると怖いマンガ －ゾッとする謎解きミステリー都市伝説怪談ゲーム－,-,,ETC,東京通信,0,1,その他,その他
2022-12-01,エクスペリエンス,死噛 〜シビトマギレ〜,-,YES,ETC,エクスペリエンス,0,1,その他,その他
2022-12-01,アークシステムワークス,熱血硬派くにおくん外伝 River City Girls 2,-,,ETC,アークシステムワークス,0,1,その他,その他
2022-12-01,レジスタ,猫様のにちじょう,-,,ETC,レジスタ,0,1,その他,その他
2022-12-01,ケムコ,白銀ノルニール,-,,ETC,ケムコ,0,1,その他,その他
2022-12-01,コナミデジタルエンタテインメント,遊戯王ラッシュデュエル 最強バトルロイヤル!! いくぞ!ゴーラッシュ!! スペシャルエディション,-,YES,ETC,コナミデジタルエンタテインメント,0,1,その他,その他
2022-12-02,Gamuzumi,サクラ・サキュバス6 〜王女様とお出かけ〜,-,,ETC,Gamuzumi,0,1,その他,その他
2022-12-02,任天堂,マリオ+ラビッツ ギャラクシーバトル,-,YES,ETC,任天堂,6959_0m_4930,1,その他,その他
2022-12-04,MUTAN,グーニャモンスター,-,,ETC,MUTAN,0,1,その他,その他
2022-12-06,Thunderful,Paper Cut Mansion - ペーパー・カット・マンション,-,,ETC,Thunderful,0,1,その他,その他
2022-12-06,Thunderful,Swordship,-,,ETC,Thunderful,0,1,その他,その他
2022-12-08,サイバーステップ,- Mischief Dungeon Life - 異世界転生した俺のイタズラダンジョンライフ アーシャEdition,-,,ETC,サイバーステップ,0,1,その他,その他
2022-12-08,サイバーステップ,- Mischief Dungeon Life - 異世界転生した俺のイタズラダンジョンライフ サツキEdition,-,,ETC,サイバーステップ,0,1,その他,その他
2022-12-08,DillyFrame,Broken Pipe,-,,ETC,DillyFrame,0,1,その他,その他
2022-12-08,Deck13,Chained Echoes,-,,ETC,Deck13,0,1,その他,その他
2022-12-08,ALL IN! GAMES,Coloring Pages: Lumberhill Tales,-,,ETC,ALL IN! GAMES,0,1,その他,その他
2022-12-08,TOYURO,CRYGHT,-,,ETC,TOYURO,0,1,その他,その他
2022-12-08,Midnight Works,Crypto Mining Simulator - Ultimate Trading Strategy Tycoon Craft & Idle Game 3D,-,,ETC,Midnight Works,0,1,その他,その他
2022-12-08,LLC ROOM710GAMES,Happy Animals Mini Golf,-,,ETC,LLC ROOM710GAMES,0,1,その他,その他
2022-12-08,Walaber Entertainment,JellyCar Worlds（英語版）,-,,ETC,Walaber Entertainment,0,1,その他,その他
2022-12-08,Akupara Games,Kardboard Kings: Card Shop Simulator（英語版）,-,,ETC,Akupara Games,0,1,その他,その他
2022-12-08,Wild Sphere,Oxide Room 104,-,,ETC,Wild Sphere,0,1,その他,その他
2022-12-08,eastasiasoft,Rush Rally 3,-,,ETC,eastasiasoft,0,1,その他,その他
2022-12-08,QUByte Interactive,The Tale of Clouds and Wind (QUByte Classics),-,,ETC,QUByte Interactive,0,1,その他,その他
2022-12-08,Thunderful,Togges,-,,ETC,Thunderful,0,1,その他,その他
2022-12-08,VG Games,World War Battle Heroes Field Armies Call of Prison Duty Simulator,-,,ETC,VG Games,0,1,その他,その他
2022-12-08,Silesia Games,このクリスマスにターキーはない,-,,ETC,Silesia Games,0,1,その他,その他
2022-12-08,シティコネクション,アイドル雀士スーチーパイ サターントリビュート,-,YES,ETC,シティコネクション,0,1,その他,その他
2022-12-08,3goo,ザ・ランブルフィッシュ2,30,YES,FTG,3goo,0,1,2D対戦格闘,その他
2022-12-08,Team Simona,シモーナのレクイエム,-,,ETC,Team Simona,0,1,その他,その他
2022-12-08,Mindscape,ジグソー・アート:100以上の名画,-,,ETC,Mindscape,0,1,その他,その他
2022-12-08,ハムスター,ニコリのパズルS ぬりかべ,-,,ETC,ハムスター,0,1,その他,その他
2022-12-08,ToastieLabs,ピクセルぬりえ〜コレクション2〜,-,,ETC,ToastieLabs,0,1,その他,その他
2022-12-08,Silesia Games,フットボールキック,-,,ETC,Silesia Games,0,1,その他,その他
2022-12-08,ピクセル,ホーギーヒューwithフレンズ+焔龍聖拳シャオメイ,-,YES,ETC,ピクセル,0,1,その他,その他
2022-12-08,トローゼ,ホーンテッドゾンビスローター,-,,ETC,トローゼ,0,1,その他,その他
2022-12-08,Oneiric Tales,ラーへの道,-,,ETC,Oneiric Tales,0,1,その他,その他
2022-12-08,システムソフト・ベータ,大戦略SSB,-,YES,ETC,システムソフト・ベータ,0,1,その他,その他
2022-12-08,イマジニア,早押し!漢字スタジアム,-,,ETC,イマジニア,0,1,その他,その他
2022-12-08,アイディアファクトリー,滄海天記,-,YES,ETC,アイディアファクトリー,0,1,その他,その他
2022-12-08,イマジニア,漢検スマート対策,-,YES,ETC,イマジニア,0,1,その他,その他
2022-12-08,イマジニア,英検スマート対策,-,YES,ETC,イマジニア,0,1,その他,その他
2022-12-08,アニプレックス,魔法使いの夜,-,YES,ETC,アニプレックス,0,1,その他,その他
2022-12-09,Narubane,シャンチュチャメル,-,,ETC,Narubane,0,1,その他,その他
2022-12-09,スクウェア・エニックス,ドラゴンクエスト トレジャーズ 蒼き瞳と大空の羅針盤,-,YES,ETC,スクウェア・エニックス,6950_0m_4921,1,その他,その他
2022-12-13,ESDigital Games,Unusual Findings,-,,ETC,ESDigital Games,0,1,その他,その他
2022-12-13,Thunderful,Wavetale - ウェーブテール,-,,ETC,Thunderful,0,1,その他,その他
2022-12-13,スクウェア・エニックス,クライシス コア -ファイナルファンタジーVII- リユニオン,-,YES,ETC,スクウェア・エニックス,6967_0m_4938,1,その他,その他
2022-12-15,NEOWIZ,Aka,-,,ETC,NEOWIZ,0,1,その他,その他
2022-12-15,Ghostwhale Games,Bazzle,-,,ETC,Ghostwhale Games,0,1,その他,その他
2022-12-15,eastasiasoft,Bot Gaiden,-,,ETC,eastasiasoft,0,1,その他,その他
2022-12-15,Plug In Digital,Cassiodora,-,,ETC,Plug In Digital,0,1,その他,その他
2022-12-15,TOYURO,CRYSTORLD,-,,ETC,TOYURO,0,1,その他,その他
2022-12-15,Pix Arts,Extreme Snowboard,-,,ETC,Pix Arts,0,1,その他,その他
2022-12-15,Utopos,Guntech 2,-,,ETC,Utopos,0,1,その他,その他
2022-12-15,Sunblink,HEROish,-,,ETC,Sunblink,0,1,その他,その他
2022-12-15,Shinyuden,Itadaki Smash 「いただきスマッシュ」,-,,ETC,Shinyuden,0,1,その他,その他
2022-12-15,Fumi Games,Kids Party Checkers,-,,ETC,Fumi Games,0,1,その他,その他
2022-12-15,Playtonic Friends,Lil Gator Game,-,,ETC,Playtonic Friends,0,1,その他,その他
2022-12-15,SAT-BOX,Party Party Time,-,,ETC,SAT-BOX,0,1,その他,その他
2022-12-15,H2 INTERACTIVE,Them's Fightin' Herds: Deluxe Edition,-,YES,ETC,H2 INTERACTIVE,0,1,その他,その他
2022-12-15,INSTAMARKETINGANDGAME,Tuk Tuk Extreme - Real Car Driving Simulator & Parking 2023 Car Games 3D Vehicle,-,,ETC,INSTAMARKETINGANDGAME,0,1,その他,その他
2022-12-15,3goo,WRCジェネレーションズ（英語版）,-,YES,ETC,3goo,0,1,その他,その他
2022-12-15,東京通信,あの子は何型?血液型のトリセツ－血液型あるあるかんたん診断絵探しイラストクイズ脳トレゲーム－,-,,ETC,東京通信,0,1,その他,その他
2022-12-15,東京通信,ちょっとおかしい間違い探し －みんな遊べるかんたん楽しいクイズ脳トレゲーム－,-,,ETC,東京通信,0,1,その他,その他
2022-12-15,わくわくゲームズ,コスモドリーマー,-,,ETC,わくわくゲームズ,0,1,その他,その他
2022-12-15,エディア,コズミック・ファンタジーCOLLECTION,-,YES,ETC,エディア,0,1,その他,その他
2022-12-15,EpiXR,ザフライングトラベラー マイニュージョブ,-,,ETC,EpiXR,0,1,その他,その他
2022-12-15,moesoft,ナポレオン少女 Episode.1 不可能という文字のない少女,-,,ETC,moesoft,0,1,その他,その他
2022-12-15,Silesia Games,ヒドゥンパウズ,-,,ETC,Silesia Games,0,1,その他,その他
2022-12-15,Digital Bards,フロムスペース,-,,ETC,Digital Bards,0,1,その他,その他
2022-12-15,フリュー,ロジカル真王,-,,ETC,フリュー,0,1,その他,その他
2022-12-15,東京通信,一般人格付けチェック －全国一斉教養雑学常識バラエティークイズ－,-,,ETC,東京通信,0,1,その他,その他
2022-12-15,東京通信,作画崩壊タイム!－簡単暇つぶし間違い探しトンチキマンガクイズパーティーネタゲーム－,-,,ETC,東京通信,0,1,その他,その他
2022-12-15,カイロソフト,南国バカンス島,-,,ETC,カイロソフト,0,1,その他,その他
2022-12-15,MASK[注釈 29],日常うんちく図鑑－イラストで学べる雑学教養博識クイズ－,-,,ETC,MASK[注釈 29],0,1,その他,その他
2022-12-15,サイバーステップ,理想の恋人になりなさいっ!- My Dream Lover -,-,,ETC,サイバーステップ,0,1,その他,その他
2022-12-15,日本コロムビア,異種最強王図鑑 バトルコロシアム,-,YES,ETC,日本コロムビア,0,1,その他,その他
2022-12-15,Phoenixx,絶叫!スーパーマーケット,-,,ETC,Phoenixx,0,1,その他,その他
2022-12-15,シティコネクション,赤い刀 真,-,YES,ETC,シティコネクション,0,1,その他,その他
2022-12-15,ソニックパワード,鉄道にっぽん!Real Pro 特急走行!名古屋鉄道編,-,YES,ETC,ソニックパワード,0,1,その他,その他
2022-12-15,レオフル,鳥類弁護士の事件簿（英語版）,-,YES,ETC,レオフル,0,1,その他,その他
2022-12-16,カプコン,BIOHAZARD 7 resident evil CLOUD,-,,ETC,カプコン,0,1,その他,その他
2022-12-16,GAME NACIONAL,Chubby Cat 2,-,,ETC,GAME NACIONAL,0,1,その他,その他
2022-12-16,ケムコ,アルファディア ネオ,-,,ETC,ケムコ,0,1,その他,その他
2022-12-16,Gamuzumi,エルブス・クリスマス HENTAI PUZZLE,-,,ETC,Gamuzumi,0,1,その他,その他
2022-12-16,ラタライカゲームス,パンダパンチ,-,,ETC,ラタライカゲームス,0,1,その他,その他
2022-12-16,レベルファイブ,メガトン級ムサシX,-,,ETC,レベルファイブ,5676_0m_3577,1,その他,その他
2022-12-19,EpiXR,エローストライカー ワールドインベーダーズ,-,,ETC,EpiXR,0,1,その他,その他
2022-12-20,Playstack,Mortal Shell: コンプリートエディション,-,,ETC,Playstack,0,1,その他,その他
2022-12-20,Rose City Games,フロッピー・ナイト,-,,ETC,Rose City Games,0,1,その他,その他
2022-12-21,Shin'en Multimedia,The Punchuin,-,,ETC,Shin'en Multimedia,0,1,その他,その他
2022-12-22,Mindscape,3D カラーラビリンス・解きごたえのある100個のカラフルな迷宮パズル,-,,ETC,Mindscape,0,1,その他,その他
2022-12-22,Prison Games,ABC Follow Me: Food Festival,-,,ETC,Prison Games,0,1,その他,その他
2022-12-22,QubicGames,Blade of Darkness ブレードオブダークネス（英語版）,-,,ETC,QubicGames,0,1,その他,その他
2022-12-22,DillyFrame,Bunny Mahjo,-,,ETC,DillyFrame,0,1,その他,その他
2022-12-22,DillyFrame,Bunny Memory,-,,ETC,DillyFrame,0,1,その他,その他
2022-12-22,DillyFrame,Bunny Reversi,-,,ETC,DillyFrame,0,1,その他,その他
2022-12-22,Thalamus Digital,Cecconoid,-,,ETC,Thalamus Digital,0,1,その他,その他
2022-12-22,Baltoro Minis,Classic Games Collection Vol.1+2 Bundle,-,,ETC,Baltoro Minis,0,1,その他,その他
2022-12-22,Esenthel,Dragon Fury,-,,ETC,Esenthel,0,1,その他,その他
2022-12-22,イマジニア,Fit Boxing 北斗の拳 〜お前はもう痩せている〜,-,YES,ETC,イマジニア,0,1,その他,その他
2022-12-22,Baltoro Games,Food Truck Tycoons - 2 in 1 Bundle,-,,ETC,Baltoro Games,0,1,その他,その他
2022-12-22,ウルクスヘブン,Fragment's Note+ AfterStory,-,,ETC,ウルクスヘブン,0,1,その他,その他
2022-12-22,ラタライカゲームス,Headbangers in Holiday Hell,-,,ETC,ラタライカゲームス,0,1,その他,その他
2022-12-22,UFO Interactive,Humongous Classic Collection,-,,ETC,UFO Interactive,0,1,その他,その他
2022-12-22,東京通信,Love choice!2択で恋愛ゲーム －かんたん恋愛シミュレーション胸キュン乙女なラブコメギャルゲーム－,-,,ETC,東京通信,0,1,その他,その他
2022-12-22,TAKUYO,Money Parasite 〜嘘つきな女〜,-,YES,ETC,TAKUYO,0,1,その他,その他
2022-12-22,ラタライカゲームス,Petite Adventure,-,,ETC,ラタライカゲームス,0,1,その他,その他
2022-12-22,The Quantum Astrophysicists Guild,Sail Forth,-,,ETC,The Quantum Astrophysicists Guild,0,1,その他,その他
2022-12-22,ASHGAMES,Sonority,-,,ETC,ASHGAMES,0,1,その他,その他
2022-12-22,ブロッコリー,うたの☆プリンスさまっ♪ All Star After Secret for Nintendo Switch,-,YES,ETC,ブロッコリー,0,1,その他,その他
2022-12-22,ジー・モード,みんなで空気読み。オンライン,-,,ETC,ジー・モード,0,1,その他,その他
2022-12-22,Neofid Studios,アステボルグの悪魔,-,,ETC,Neofid Studios,0,1,その他,その他
2022-12-22,東京通信,イケない彼女のヤりすぎな浮気 －カラダが求めるアブないオトナのギリギリな恋愛ゲーム－,-,,ETC,東京通信,0,1,その他,その他
2022-12-22,アレス,ウィッチズガーデン,-,YES,ETC,アレス,0,1,その他,その他
2022-12-22,H2 INTERACTIVE,グラップルドッグ,-,,ETC,H2 INTERACTIVE,0,1,その他,その他
2022-12-22,Sprakelsoft,グラビティー・スラスト,-,,ETC,Sprakelsoft,0,1,その他,その他
2022-12-22,EpiXR,グラプリングダッシュ,-,,ETC,EpiXR,0,1,その他,その他
2022-12-22,Silesia Games,ズンバアクア,-,,ETC,Silesia Games,0,1,その他,その他
2022-12-22,杉原昭,ズーミーマン,-,,ETC,杉原昭,0,1,その他,その他
2022-12-22,KIMIDORI SOFT,タンブルウィードデスティニー - 荒野を転がるあの子の宿命,-,,ETC,KIMIDORI SOFT,0,1,その他,その他
2022-12-22,ダズカラットエンターグラム,マジェスティック☆マジョリカル,-,YES,ETC,ダズカラットエンターグラム,0,1,その他,その他
2022-12-22,サイバーステップ,メンヘラアンサンブル - Needy Girlfriends -,-,,ETC,サイバーステップ,0,1,その他,その他
2022-12-22,Wobbly Tooth,ヴァンパイア スレイヤー 〜復活〜,-,,ETC,Wobbly Tooth,0,1,その他,その他
2022-12-22,東京通信,世にも不思議な怪奇ミステリー －意味がわかると怖い奇妙なサイコホラー都市伝説－,-,,ETC,東京通信,0,1,その他,その他
2022-12-22,HERO GAME,勇気の推理 海苔2 裏切った海苔,-,,ETC,HERO GAME,0,1,その他,その他
2022-12-22,ディースリー・パブリッシャー,地球防衛軍4.1 for Nintendo Switch,-,YES,ETC,ディースリー・パブリッシャー,0,1,その他,その他
2022-12-22,AlignmentSharp,夕飯を命をかけて取り戻せ -ニャン蔵のアクションゲーム-,-,,ETC,AlignmentSharp,0,1,その他,その他
2022-12-22,メディアスケープ,幻想ガーデン物語 〜第一産業 ゆうかりん〜,-,,ETC,メディアスケープ,0,1,その他,その他
2022-12-22,Klabater,怪獣の戦争,-,,ETC,Klabater,0,1,その他,その他
2022-12-22,iMel,星と乙女が占う未来,-,,ETC,iMel,0,1,その他,その他
2022-12-22,eastasiasoft,男クロス:クロンダイクソリティア,-,,ETC,eastasiasoft,0,1,その他,その他
2022-12-22,アクアプラス,義賊探偵ノスリ,-,,ETC,アクアプラス,0,1,その他,その他
2022-12-22,QubicGames,走れ、ソーセージ、走れ!,-,,ETC,QubicGames,0,1,その他,その他
2022-12-23,GAME NACIONAL,Cats Puzzle,-,,ETC,GAME NACIONAL,0,1,その他,その他
2022-12-23,エンターグラム,となりに彼女のいる幸せ〜in first snow with her〜,-,,ETC,エンターグラム,0,1,その他,その他
2022-12-26,Entalto Studios,Grabitoons!,-,,ETC,Entalto Studios,0,1,その他,その他
2022-12-26,RedDeerGames,楽しいピクセルファミリー,-,,ETC,RedDeerGames,0,1,その他,その他
2022-12-29,VG Games,"Farming Real Simulation Tractor, Combine Trucks Farmer Land Game",-,,ETC,VG Games,0,1,その他,その他
2022-12-29,VG Games,Monster Impossible Truck No Limit Adventure Drive Simulator Sport 3D,-,,ETC,VG Games,0,1,その他,その他
2022-12-31,Nerd Games,Journey To The Blue Mountain,-,,ETC,Nerd Games,0,1,その他,その他
2023-01-05,あまた,Backpack Twins,-,"",ETC,あまた,0,1,その他,その他
2023-01-05,DillyFrame,Blind Postman,-,"",ETC,DillyFrame,0,1,その他,その他
2023-01-05,Artifex Mundi,Crime Secrets: 新紅色のユリ,-,"",ETC,Artifex Mundi,0,1,その他,その他
2023-01-05,ブルースピードスタジオ,Elta7,-,"",ETC,ブルースピードスタジオ,0,1,その他,その他
2023-01-05,VG Games,Infected Run to Survive: Zombie Apocalypse Survival Story Shooter Dead Cry,-,"",ETC,VG Games,0,1,その他,その他
2023-01-05,Silen Games,Lost Snowmen,-,"",ETC,Silen Games,0,1,その他,その他
2023-01-05,eastasiasoft,| Kawaii Slime Arena,-,"",ETC,eastasiasoft,0,1,その他,その他
2023-01-05,Green Sauce Games,エイジ・オブ・ヒーローズ:始まりの章,-,"",ETC,Green Sauce Games,0,1,その他,その他
2023-01-05,Silesia Games,チェスロイヤル,-,"",ETC,Silesia Games,0,1,その他,その他
2023-01-05,Peaksel,ヘビゲーム,-,"",ETC,Peaksel,0,1,その他,その他
2023-01-06,Nerd Games,Soulsland 「ソウルランド」,-,"",ETC,Nerd Games,0,1,その他,その他
2023-01-12,QUByte Interactive,Breakers Collection,-,"",ETC,QUByte Interactive,0,1,その他,その他
2023-01-12,ラタライカゲームス,Chasing Static,-,"",ETC,ラタライカゲームス,0,1,その他,その他
2023-01-12,Digital Crafter,Fight of Steel: Infinity Warrior,-,"",ETC,Digital Crafter,0,1,その他,その他
2023-01-12,eastasiasoft,Rush Rally Origins,-,"",ETC,eastasiasoft,0,1,その他,その他
2023-01-12,xiaoxiao,Sunwards,-,"",ETC,xiaoxiao,0,1,その他,その他
2023-01-12,xiaoxiao,Yeah!ファイティングガール,-,"",ETC,xiaoxiao,0,1,その他,その他
2023-01-12,東京通信,お名前なんだっけ? －大人も子供もかんたん楽しい名前当てクイズゲーム－,-,"",ETC,東京通信,0,1,その他,その他
2023-01-12,Daedalic Entertainment,サイレンタウンの子供たち Children of Silentown,-,"",ETC,Daedalic Entertainment,0,1,その他,その他
2023-01-12,PLAYISM,ドラゴノーカ,-,"",ETC,PLAYISM,0,1,その他,その他
2023-01-12,ハムスター,ニコリのパズルS へやわけ,-,"",ETC,ハムスター,0,1,その他,その他
2023-01-12,RedDeerGames,フューリーファイト:ギャングスタシティ,-,"",ETC,RedDeerGames,0,1,その他,その他
2023-01-12,H2 INTERACTIVE,ムーンライダー:ガーディアンの逆襲,-,"",ETC,H2 INTERACTIVE,0,1,その他,その他
2023-01-12,Silesia Games,ロミャオ:ひび割れた世界で,-,"",ETC,Silesia Games,0,1,その他,その他
2023-01-12,RedDeerGames,地下ダンジョン,-,"",ETC,RedDeerGames,0,1,その他,その他
2023-01-12,東京通信,理想と現実の差 －女子ギャップあるあるオトナラブコメイラストゲーム－,-,"",ETC,東京通信,0,1,その他,その他
2023-01-13,Nerd Games,ET VARGINHA,-,"",ETC,Nerd Games,0,1,その他,その他
2023-01-13,StickyStoneStudio,Memorrha,-,"",ETC,StickyStoneStudio,0,1,その他,その他
2023-01-19,DillyFrame,A Matter of Principle,-,"",ETC,DillyFrame,0,1,その他,その他
2023-01-19,コーラス・ワールドワイド,A Space for the Unbound 心に咲く花,-,YES,ETC,コーラス・ワールドワイド,0,1,その他,その他
2023-01-19,Olzhass Games,Car Parking Multiplayer,-,"",ETC,Olzhass Games,0,1,その他,その他
2023-01-19,VG Games,Counter Bottle Shooter-Pro Aim Master Target Bottle Shoot 3D Game Strike Pistol,-,"",ETC,VG Games,0,1,その他,その他
2023-01-19,KORION,Critical Zone,-,"",ETC,KORION,0,1,その他,その他
2023-01-19,Sanuk,Graze Counter GM,-,"",ETC,Sanuk,0,1,その他,その他
2023-01-19,TakoStudio,Minimal Move,-,"",ETC,TakoStudio,0,1,その他,その他
2023-01-19,Phoenixx,NeverAwake,-,YES,ETC,Phoenixx,0,1,その他,その他
2023-01-19,Flashbulb,Rubber Bandits,-,"",ETC,Flashbulb,0,1,その他,その他
2023-01-19,eastasiasoft,Wings of Bluestar,-,"",ETC,eastasiasoft,0,1,その他,その他
2023-01-19,CFK,スマイルモ,-,"",ETC,CFK,0,1,その他,その他
2023-01-19,Silesia Games,スライドストーリー ネコジャーニー,-,"",ETC,Silesia Games,0,1,その他,その他
2023-01-19,●,トリスティア:リストア,-,,ETC,●,0,1,その他,その他
2023-01-19,工画堂スタジオ,トリスティア:レガシー,-,YES,ETC,工画堂スタジオ,0,1,その他,その他
2023-01-19,Flynn's Arcade,ドーナツ・ドド,-,"",ETC,Flynn's Arcade,0,1,その他,その他
2023-01-19,アトラス,ペルソナ3 ポータブル,-,"",ETC,アトラス,0,1,その他,その他
2023-01-19,不明,ペルソナ4 ザ・ゴールデン,-,"",ETC,不明,0,1,その他,その他
2023-01-19,Winking,ラストコマンド,-,"",ETC,Winking,0,1,その他,その他
2023-01-19,MASK,困った社員ちゃん －会社あるあるゆとりさとりZなイラストクイズ－,-,"",ETC,MASK,0,1,その他,その他
2023-01-19,レジスタ,真夜中のかんしょく,-,"",ETC,レジスタ,0,1,その他,その他
2023-01-19,東京通信,絶体絶命からの脱出 －謎解きクイズイラスト推理ミステリーゲーム－,-,"",ETC,東京通信,0,1,その他,その他
2023-01-20,Artifex Mundi,Demon Hunter: 新章,-,"",ETC,Artifex Mundi,0,1,その他,その他
2023-01-20,ラタライカゲームス,Trenches,-,"",ETC,ラタライカゲームス,0,1,その他,その他
2023-01-20,任天堂,ファイアーエムブレム エンゲージ,36,YES,SRPG,任天堂,7005_0m_4976,1,シミュレーションRPG,その他
2023-01-26,PLAYISM,7 Days to End with You,-,"",ETC,PLAYISM,0,1,その他,その他
2023-01-26,DEZVOLT GAMES,Chain Car Stunt Simulator - 3D Extreme Highway Car Driving Games,-,"",ETC,DEZVOLT GAMES,0,1,その他,その他
2023-01-26,Chaosmonger Studio,Clunky Hero,-,"",ETC,Chaosmonger Studio,0,1,その他,その他
2023-01-26,ハイブリッド・スクアード,Color Grid カラーグリッド,-,"",ETC,ハイブリッド・スクアード,0,1,その他,その他
2023-01-26,DillyFrame,Cubic Light,-,"",ETC,DillyFrame,0,1,その他,その他
2023-01-26,LKMAD,Dobby×Escape: スプーキーアドベンチャー,-,"",ETC,LKMAD,0,1,その他,その他
2023-01-26,halvardo13,Ginnung,-,"",ETC,halvardo13,0,1,その他,その他
2023-01-26,ALGOROCKS,Grammarian Ltd,-,"",ETC,ALGOROCKS,0,1,その他,その他
2023-01-26,Soroka Games,Magic Klondike,-,"",ETC,Soroka Games,0,1,その他,その他
2023-01-26,Freedom Games,Mars Base,-,"",ETC,Freedom Games,0,1,その他,その他
2023-01-26,RedDeerGames,nOS ニューオペレーティングシステム,-,"",ETC,RedDeerGames,0,1,その他,その他
2023-01-26,SOFT SOURCE,PIPELINE PANIC,-,"",ETC,SOFT SOURCE,0,1,その他,その他
2023-01-26,Open Lab,Roller Drama,-,"",ETC,Open Lab,0,1,その他,その他
2023-01-26,Isaias Game Dev,Santa Claus Goblins Attack,-,"",ETC,Isaias Game Dev,0,1,その他,その他
2023-01-26,eastasiasoft,Sissa's Path,-,"",ETC,eastasiasoft,0,1,その他,その他
2023-01-26,11 bit studios,South of the Circle,-,"",ETC,11 bit studios,0,1,その他,その他
2023-01-26,Midnight Works,Tales of Shinobi Fantasy Magic Anime World Fight RPG Simulator,-,"",ETC,Midnight Works,0,1,その他,その他
2023-01-26,7Levels,Uphill Rush Water Park Racing,-,"",ETC,7Levels,0,1,その他,その他
2023-01-26,Daedalic Entertainment,VELONE,-,"",ETC,Daedalic Entertainment,0,1,その他,その他
2023-01-26,ユービーアイソフト,オッドボーラーズ,-,"",ETC,ユービーアイソフト,0,1,その他,その他
2023-01-26,MAGES.,サマータイムレンダ Another Horizon,-,YES,ETC,MAGES.,7113_0m_5083,1,その他,その他
2023-01-26,Silesia Games,ゾディアキャッツ,-,"",ETC,Silesia Games,0,1,その他,その他
2023-01-26,小学館,ドラThink のび太のわくわく頭脳アドベンチャー,-,YES,ETC,小学館,0,1,その他,その他
2023-01-26,エンターグラム,ハルキス,-,YES,ETC,エンターグラム,0,1,その他,その他
2023-01-26,Gamuzumi,ハーレムガール:イザベラ,-,"",ETC,Gamuzumi,0,1,その他,その他
2023-01-26,東京通信,ヤミコレ 量産型ヤミカノコレクション －ドキッと胸キュン地雷系ヤンデレ女子恋愛ギャルゲー－,-,"",ETC,東京通信,0,1,その他,その他
2023-01-26,MASK,人の心が読める心理学 －イラストで学べる深層心理人の心動物ペット心理イラストクイズ－,-,"",ETC,MASK,0,1,その他,その他
2023-01-26,東京通信,歪んだ日々のサイコホラー －意味がわかると怖い妖怪都市伝説ミステリー－,-,"",ETC,東京通信,0,1,その他,その他
2023-01-26,マーベラス,牧場物語 Welcome! ワンダフルライフ,-,YES,ETC,マーベラス,0,1,その他,その他
2023-01-26,日本一ソフトウェア,魔界戦記ディスガイア7,-,YES,ETC,日本一ソフトウェア,0,1,その他,その他
2023-01-27,ラタライカゲームス,不思議の国の夜:白ウサギの日記,-,"",ETC,ラタライカゲームス,0,1,その他,その他
2023-01-31,スクウェア・エニックス,PowerWash Simulator,-,"",ETC,スクウェア・エニックス,0,1,その他,その他
2023-01-31,Devolver Digital,Trek to Yomi,-,"",ETC,Devolver Digital,0,1,その他,その他
2023-02-02,Toplitz Productions,Beholder,-,"",ETC,Toplitz Productions,0,1,その他,その他
2023-02-02,Vittgen,Chasing Light,-,"",ETC,Vittgen,0,1,その他,その他
2023-02-02,Baltoro Games,Cooking Tycoons 3: 3 in 1 Bundle,-,"",ETC,Baltoro Games,0,1,その他,その他
2023-02-02,PLAYISM,DRAINUS -ドレイナス- （英語版）,-,YES,ETC,PLAYISM,0,1,その他,その他
2023-02-02,レイニーフロッグ,ExitMan Deluxe,-,"",ETC,レイニーフロッグ,0,1,その他,その他
2023-02-02,Gametry,Foxy's Coin Hunt,-,"",ETC,Gametry,0,1,その他,その他
2023-02-02,17Studio,Hippo: 赤ずきんちゃん,-,"",ETC,17Studio,0,1,その他,その他
2023-02-02,JanduSoft,Hyper Shapes,-,"",ETC,JanduSoft,0,1,その他,その他
2023-02-02,H2 INTERACTIVE,Lone Ruin,-,"",ETC,H2 INTERACTIVE,0,1,その他,その他
2023-02-02,tinyBuild Games,Rhythm Sprout,-,"",ETC,tinyBuild Games,0,1,その他,その他
2023-02-02,Gametry,Samurai Warrior,-,"",ETC,Gametry,0,1,その他,その他
2023-02-02,17Studio,Words in Word,-,"",ETC,17Studio,0,1,その他,その他
2023-02-02,RedDeerGames,へんなのさがし,-,"",ETC,RedDeerGames,0,1,その他,その他
2023-02-02,RedDeerGames,もふもふ大群,-,"",ETC,RedDeerGames,0,1,その他,その他
2023-02-02,Megame,エクストリーム ハイウェイ レーシング:リアル スピード ドライバー,-,"",ETC,Megame,0,1,その他,その他
2023-02-02,RedDeerGames,クィアの天文部,-,"",ETC,RedDeerGames,0,1,その他,その他
2023-02-02,Gamuzumi,サクラ・キューピッド 〜くらえ!愛の弾丸〜,-,"",ETC,Gamuzumi,0,1,その他,その他
2023-02-02,カイロソフト,ジャンボ空港物語,-,"",ETC,カイロソフト,0,1,その他,その他
2023-02-02,RedDeerGames,スポーツ&遊び 泳ぐ,-,"",ETC,RedDeerGames,0,1,その他,その他
2023-02-02,RedDeerGames,チョークの庭,-,"",ETC,RedDeerGames,0,1,その他,その他
2023-02-02,シティコネクション,パズルボブル2X/バスト ア ムーブ2 アーケードエディション & パズルボブル3/バスト ア ムーブ3 Sトリビュート,-,"",ETC,シティコネクション,0,1,その他,その他
2023-02-02,Megame,ブロックを解除:カジュアル ブロック パズル,-,"",ETC,Megame,0,1,その他,その他
2023-02-02,4Divinity,ライフ・イン・ウィローデール:ファーム・アドベンチャー,-,YES,ETC,4Divinity,0,1,その他,その他
2023-02-02,Peaksel,レッドハンズ 2-プレイヤーゲーム,-,"",ETC,Peaksel,0,1,その他,その他
2023-02-02,Astrolabe Games,勇者よ急げ!Brave's Rage,-,"",ETC,Astrolabe Games,0,1,その他,その他
2023-02-02,MASK,大人の恋愛DX -かんたんオトナ向け乙女の恋愛ゲーム-,-,"",ETC,MASK,0,1,その他,その他
2023-02-02,サイバーステップ,姉恋ごっこ - Siblings Role-play -,-,"",ETC,サイバーステップ,0,1,その他,その他
2023-02-02,レジスタ,推色-オシイロ-,-,"",ETC,レジスタ,0,1,その他,その他
2023-02-02,MASK,東京あるあるSHOW －みんなで楽しい上京物語イラストクイズ－,-,"",ETC,MASK,0,1,その他,その他
2023-02-02,Megame,病院での恐怖:エスケープ ホラー ストーリー,-,"",ETC,Megame,0,1,その他,その他
2023-02-02,MASK,青春恋愛しようよ -かんたん胸キュンラブコメ恋愛ゲーム-,-,"",ETC,MASK,0,1,その他,その他
2023-02-02,わくわくゲームズ,魔物娘と不思議な冒険2〜2人の王と紡がれし約束〜,-,"",ETC,わくわくゲームズ,0,1,その他,その他
2023-02-03,ラタライカゲームス,Pets at Work,-,"",ETC,ラタライカゲームス,0,1,その他,その他
2023-02-03,Annapurna Interactive,The Pathless,-,"",ETC,Annapurna Interactive,0,1,その他,その他
2023-02-09,VG Games,Air Jet Fighter Combat - Europe Fly Plane Attack,-,"",ETC,VG Games,0,1,その他,その他
2023-02-09,QUByte Interactive,Alice in Wonderland - A jigsaw puzzle tale,-,"",ETC,QUByte Interactive,0,1,その他,その他
2023-02-09,アークシステムワークス,Aragami,-,"",ETC,アークシステムワークス,0,1,その他,その他
2023-02-09,Midnight Works,Box Roulette Simulator - Boxing Battle Fight Combat for Nintendo Switch,-,"",ETC,Midnight Works,0,1,その他,その他
2023-02-09,Tortuga Xel,Jade Order,-,"",ETC,Tortuga Xel,0,1,その他,その他
2023-02-09,VG Games,Kart Crazy Race Simulator Game,-,"",ETC,VG Games,0,1,その他,その他
2023-02-09,RedDeerGames,nPaint,-,"",ETC,RedDeerGames,0,1,その他,その他
2023-02-09,Phoenixx,Potion Permit,-,"",ETC,Phoenixx,0,1,その他,その他
2023-02-09,Ziggurat,Prison Tycoon: Under New Management,-,"",ETC,Ziggurat,0,1,その他,その他
2023-02-09,KONAMI,WBSC eBASEBALLパワフルプロ野球,-,"",ETC,KONAMI,0,1,その他,その他
2023-02-09,Digital Bards,カブボーイの冒険 〜税金払うなんてイヤだ!〜,-,"",ETC,Digital Bards,0,1,その他,その他
2023-02-09,任天堂,ゲームボーイ Nintendo Classics,-,"",ETC,任天堂,0,1,その他,その他
2023-02-09,不明,ゲームボーイアドバンス Nintendo Classics,-,"",ETC,不明,0,1,その他,その他
2023-02-09,Mindscape,スーパーパズルパック 2,-,"",ETC,Mindscape,0,1,その他,その他
2023-02-09,MangaGamer,セブンスコート,-,"",ETC,MangaGamer,0,1,その他,その他
2023-02-09,ハムスター,ニコリのパズルS 橋をかけろ,-,"",ETC,ハムスター,0,1,その他,その他
2023-02-09,EpiXR Games,バンブルビーリトルビーアドベンチャー,-,"",ETC,EpiXR Games,0,1,その他,その他
2023-02-09,ライドオンジャパン,マーセナリーズラメント 銀狼と巫女を廻る七つ星,-,"",ETC,ライドオンジャパン,0,1,その他,その他
2023-02-09,任天堂,メトロイドプライム リマスタード,-,YES,ETC,任天堂,0,1,その他,その他
2023-02-09,Megame,レッド・バード・アドベンチャー・クラシック・フィジクス・パズル,-,"",ETC,Megame,0,1,その他,その他
2023-02-09,Mindscape,ロジカルに考えよう! ナンバープレース - バイナリ - スグル,-,"",ETC,Mindscape,0,1,その他,その他
2023-02-09,Megapop,ロブ・リッチス,-,"",ETC,Megapop,0,1,その他,その他
2023-02-09,東京通信,修羅場5秒前! －ドロドロな現場を推理で痛快スカッと成敗－,-,"",ETC,東京通信,0,1,その他,その他
2023-02-10,ラタライカゲームス,ゴー・ゴー・ポーゴー・ガール,-,"",ETC,ラタライカゲームス,0,1,その他,その他
2023-02-14,INSTAMARKETINGANDGAME,Falling Elevator - Hyper Casual Demolish Escape Survival Game,-,"",ETC,INSTAMARKETINGANDGAME,0,1,その他,その他
2023-02-14,RAWRLAB,Spy Bros. (スパイブラザーズ),-,"",ETC,RAWRLAB,0,1,その他,その他
2023-02-16,Gearbox Publishing,Blanc 白き旅,-,"",ETC,Gearbox Publishing,0,1,その他,その他
2023-02-16,呉ソフトウェア工房,FirstQueen1 NEXT,-,"",ETC,呉ソフトウェア工房,0,1,その他,その他
2023-02-16,Artem Kritinin,Galaxy Revo 2,-,"",ETC,Artem Kritinin,0,1,その他,その他
2023-02-16,オーイズミ・アミュージオ,In Sound Mind,-,YES,ETC,オーイズミ・アミュージオ,0,1,その他,その他
2023-02-16,Microids,Oddworld,-,"",ETC,Microids,0,1,その他,その他
2023-02-16,eastasiasoft,Pocket Witch,-,"",ETC,eastasiasoft,0,1,その他,その他
2023-02-16,Silen Games,Prizma Puzzle Prime,-,"",ETC,Silen Games,0,1,その他,その他
2023-02-16,VG Games,Shark Attack: Fish Predator Ocean Sea Adventure Survival,-,"",ETC,VG Games,0,1,その他,その他
2023-02-16,VG Games,"Sniper Strike 3D - Secret elite mission warfare ""GHOST SQUAD""",-,"",ETC,VG Games,0,1,その他,その他
2023-02-16,VG Games,Stack Tower Up 3D Builder Simulator Don't Crash,-,"",ETC,VG Games,0,1,その他,その他
2023-02-16,VG Games,The Dwarf Kingdom - Magic World of War vs Orks and Dragon,-,"",ETC,VG Games,0,1,その他,その他
2023-02-16,7 Raven Studios,W.A.R.P.,-,"",ETC,7 Raven Studios,0,1,その他,その他
2023-02-16,ケムコ,キングズディセント,-,"",ETC,ケムコ,0,1,その他,その他
2023-02-16,ケムコ,ケムコRPGセレクション Vol.2,-,YES,ETC,ケムコ,7211_0m_5168,1,その他,その他
2023-02-16,レジスタ,サイコロサイコ -セブンスヘブン-,-,"",ETC,レジスタ,0,1,その他,その他
2023-02-16,Flynn's Arcade,ザ・レジェンド・オブ・グウェン,-,"",ETC,Flynn's Arcade,0,1,その他,その他
2023-02-16,スクウェア・エニックス,シアトリズム ファイナルバーライン,-,YES,ETC,スクウェア・エニックス,0,1,その他,その他
2023-02-16,Silesia Games,ジオメトリックスナイパー ブラッドインパリ,-,"",ETC,Silesia Games,0,1,その他,その他
2023-02-16,Astrolabe Games,ソウル オブ クロノス,-,"",ETC,Astrolabe Games,0,1,その他,その他
2023-02-16,バンダイナムコエンターテインメント,テイルズ オブ シンフォニア リマスター,-,YES,ETC,バンダイナムコエンターテインメント,0,1,その他,その他
2023-02-16,RedDeerGames,ドクタースマートのスペースアドベンチャー,-,"",ETC,RedDeerGames,0,1,その他,その他
2023-02-16,PixelHeart,バーディクト・ギルティ,-,"",ETC,PixelHeart,0,1,その他,その他
2023-02-16,RedDeerGames,ピアノ:学習と演奏,-,"",ETC,RedDeerGames,0,1,その他,その他
2023-02-16,ディー・オー,ホッピングガールこはねEX,-,"",ETC,ディー・オー,0,1,その他,その他
2023-02-16,わくわくゲームズ,ホーンテッド・ガールズ,-,"",ETC,わくわくゲームズ,0,1,その他,その他
2023-02-16,RedDeerGames,モザイククロニクル デラックス,-,"",ETC,RedDeerGames,0,1,その他,その他
2023-02-16,EpiXR Games,ルートボックスシミュレーター クリムズンファイアー,-,"",ETC,EpiXR Games,0,1,その他,その他
2023-02-16,ハッピーミール,直観パズル 面積さがし,-,"",ETC,ハッピーミール,0,1,その他,その他
2023-02-16,Rogue Games,砂塵とネオン,-,"",ETC,Rogue Games,0,1,その他,その他
2023-02-16,DorsalFin Studio,米砂原醫院,-,"",ETC,DorsalFin Studio,0,1,その他,その他
2023-02-16,レジスタ,荒れ果てた家からの脱出,-,"",ETC,レジスタ,0,1,その他,その他
2023-02-20,TREVA,My Life: Pet Vet,-,"",ETC,TREVA,0,1,その他,その他
2023-02-20,TREVA,Rush Hour Deluxe - The ultimate traffic jam game!,-,"",ETC,TREVA,0,1,その他,その他
2023-02-21,Soedesco,Seven Doors,-,"",ETC,Soedesco,0,1,その他,その他
2023-02-21,iMel,年下彼女,-,"",ETC,iMel,0,1,その他,その他
2023-02-21,iMel,"空のつくりかた -under the same sky, over the rainbow-",-,"",ETC,iMel,0,1,その他,その他
2023-02-22,エンターグラム,"さくら、もゆ。-as the Night's, Reincarnation-",-,YES,ETC,エンターグラム,0,1,その他,その他
2023-02-22,バンダイナムコエンターテインメント,デジモンワールド -next 0rder- INTERNATIONAL EDITION,-,YES,ETC,バンダイナムコエンターテインメント,0,1,その他,その他
2023-02-22,レイニーフロッグ,ピクセルライン2:イントゥパズルバース,-,"",ETC,レイニーフロッグ,0,1,その他,その他
2023-02-22,indienova,ブルブルウルフ,-,"",ETC,indienova,0,1,その他,その他
2023-02-22,Firestoke,プラネット・キューブ:エッジ,-,"",ETC,Firestoke,0,1,その他,その他
2023-02-22,ININ Games,ワンダーボーイ アルティメット コレクション,-,YES,ETC,ININ Games,6938_0m_4908,1,その他,その他
2023-02-22,カイロソフト,名門ポケット学院1,-,"",ETC,カイロソフト,0,1,その他,その他
2023-02-22,エンターグラム,思いで抱えてアイにコイ!!,-,YES,ETC,エンターグラム,0,1,その他,その他
2023-02-22,エンターグラム,恋する彼女の不器用な舞台,-,YES,ETC,エンターグラム,0,1,その他,その他
2023-02-22,エンターグラム,紅月ゆれる恋あかり,-,YES,ETC,エンターグラム,0,1,その他,その他
2023-02-23,Atari,Akka Arrh,-,"",ETC,Atari,0,1,その他,その他
2023-02-23,Binary Haze Interactive,Redemption Reapers,-,YES,ETC,Binary Haze Interactive,0,1,その他,その他
2023-02-23,Freedom Games,Tyrant's Blessing,-,"",ETC,Freedom Games,0,1,その他,その他
2023-02-23,インティ・クリエイツ,グリム・ガーディアンズ デーモンパージ,-,YES,ETC,インティ・クリエイツ,0,1,その他,その他
2023-02-23,EpiXR Games,ホラーテールワン キドナパー,-,"",ETC,EpiXR Games,0,1,その他,その他
2023-02-23,Feardemic,リモース・ザ・リスト,-,"",ETC,Feardemic,0,1,その他,その他
2023-02-23,iMel/『比翼の禽』製作委員会,比翼の禽 -ひよくのとり-,-,"",ETC,iMel/『比翼の禽』製作委員会,0,1,その他,その他
2023-02-23,dramatic create/ヒューネックス,越えざるは紅い花〜対の月〜,-,YES,ETC,dramatic create/ヒューネックス,0,1,その他,その他
2023-02-23,モス,雷電III×MIKADO MANIAX,-,YES,ETC,モス,0,1,その他,その他
2023-02-24,スパイク・チュンソフト,ARK: Survival Evolved,-,YES,ETC,スパイク・チュンソフト,0,1,その他,その他
2023-02-24,SAT-BOX,Dark Dungeon Warrior,-,"",ETC,SAT-BOX,0,1,その他,その他
2023-02-24,Wild Sphere,Naught,-,"",ETC,Wild Sphere,0,1,その他,その他
2023-02-24,Pix Arts,Offroad Moto Bike,-,"",ETC,Pix Arts,0,1,その他,その他
2023-02-24,SoloQ,Remains,-,"",ETC,SoloQ,0,1,その他,その他
2023-02-24,スクウェア・エニックス,オクトパストラベラーII,36,YES,RPG,スクウェア・エニックス,7065_0m_5035,1,RPG,その他
2023-02-24,プロトタイプ,グリザイア ファントムトリガー 08,-,"",ETC,プロトタイプ,0,1,その他,その他
2023-02-24,ラタライカゲームス,ルートボックスライフプラス,-,"",ETC,ラタライカゲームス,0,1,その他,その他
2023-02-24,トローゼ,ワールドウォー プロローグ,-,"",ETC,トローゼ,0,1,その他,その他
2023-02-24,サイバーステップ,催眠スクールデイズ - Hypnotic School Days -,-,"",ETC,サイバーステップ,0,1,その他,その他
2023-02-24,任天堂,星のカービィ Wii デラックス,-,YES,ETC,任天堂,0,1,その他,その他
2023-02-24,サイバーステップ,没落陰陽絵巻 - Tale of the fallen Onmyoji -,-,"",ETC,サイバーステップ,0,1,その他,その他
2023-02-28,THQ Nordic ジャパン,スポンジ・ボブ:ザ コズミック シェイク,-,YES,ETC,THQ Nordic ジャパン,0,1,その他,その他
2023-03-02,Joshua Janik,A Fox and His Robot,-,"",ETC,Joshua Janik,0,1,その他,その他
2023-03-02,COWCAT,BROK the InvestiGator 名探偵ブロクと秘密の依頼,-,"",ETC,COWCAT,0,1,その他,その他
2023-03-02,SC Ovilex Soft,Bus Driving Simulator 22,-,"",ETC,SC Ovilex Soft,0,1,その他,その他
2023-03-02,Tiny Warrior Games,Frog Hop,-,"",ETC,Tiny Warrior Games,0,1,その他,その他
2023-03-02,Isaias Game Dev,Green Soldiers Heroes,-,"",ETC,Isaias Game Dev,0,1,その他,その他
2023-03-02,Daedalic Entertainment,Ken Follett's The Pillars of the Earth,-,"",ETC,Daedalic Entertainment,0,1,その他,その他
2023-03-02,17Studio,Live Factory,-,"",ETC,17Studio,0,1,その他,その他
2023-03-02,ChiliDog Interactive,Looking for Aliens,-,"",ETC,ChiliDog Interactive,0,1,その他,その他
2023-03-02,Midnight Works,Midnight Drifter - Drift Racing Car Driving Simulator 2023 Speed Games,-,"",ETC,Midnight Works,0,1,その他,その他
2023-03-02,QUByte Interactive,Midnight is Lost,-,"",ETC,QUByte Interactive,0,1,その他,その他
2023-03-02,Nami Tentou,Montezuma's Revenge,-,"",ETC,Nami Tentou,0,1,その他,その他
2023-03-02,Assemble Entertainment,Pizza Tycoon,-,"",ETC,Assemble Entertainment,0,1,その他,その他
2023-03-02,eastasiasoft,Pretty Girls Breakers! PLUS,-,"",ETC,eastasiasoft,0,1,その他,その他
2023-03-02,GOGAME CONSOLE PUBLISHER,Rider Among Dead - Mad Zombie Killer Machine Survival,-,"",ETC,GOGAME CONSOLE PUBLISHER,0,1,その他,その他
2023-03-02,mc2games,Right and Down,-,"",ETC,mc2games,0,1,その他,その他
2023-03-02,Floppy Club,Rytmos,-,"",ETC,Floppy Club,0,1,その他,その他
2023-03-02,東京通信,お隣さん －ホラーとサスペンスな意味がわかると怖い謎解きスリルミステリー－,-,"",ETC,東京通信,0,1,その他,その他
2023-03-02,東京通信,きせかえSWEET CLOSET －大人も楽しいかんたんガールズコーデファッションゲーム－,-,"",ETC,東京通信,0,1,その他,その他
2023-03-02,カイロソフト,ゆうえんち夢物語,-,"",ETC,カイロソフト,0,1,その他,その他
2023-03-02,Studio Moondowner,アフターソート,-,"",ETC,Studio Moondowner,0,1,その他,その他
2023-03-02,東京通信,イタズラな消しゴム －新感覚ひっかけなぞとき脳トレパズルゲーム－,-,"",ETC,東京通信,0,1,その他,その他
2023-03-02,東京通信,カワイイだけじゃダメ? －メンヘラ彼女の地雷系ヤンデレ乙女恋愛ギャルゲーム－,-,"",ETC,東京通信,0,1,その他,その他
2023-03-02,EpiXR Games,カームマインド3,-,"",ETC,EpiXR Games,0,1,その他,その他
2023-03-02,レジスタ,クトゥルフ神話RPG 水晶の呼び声 Plus,-,"",ETC,レジスタ,0,1,その他,その他
2023-03-02,Ripples,クレイジーペットショー:プロローグ,-,"",ETC,Ripples,0,1,その他,その他
2023-03-02,Gamuzumi,サクラ・マジカル・ガールズ,-,"",ETC,Gamuzumi,0,1,その他,その他
2023-03-02,賈船,スーパートイカーズオフロード,-,"",ETC,賈船,0,1,その他,その他
2023-03-02,ワーカービー,ダンジョン オブ ジ エンドレス（英語版）,-,YES,ETC,ワーカービー,0,1,その他,その他
2023-03-02,Silesia Games,チェスピル,-,"",ETC,Silesia Games,0,1,その他,その他
2023-03-02,RedDeerGames,ノートとステッカー,-,"",ETC,RedDeerGames,0,1,その他,その他
2023-03-02,東京通信,ミステリーの扉 ナゾトキの時間2 －スリルサスペンスな謎解き推理脱出ゲーム－,-,"",ETC,東京通信,0,1,その他,その他
2023-03-02,Odencat,メグとばけもの,-,"",ETC,Odencat,0,1,その他,その他
2023-03-02,マーベラス,ルーンファクトリー3スペシャル,-,YES,ETC,マーベラス,0,1,その他,その他
2023-03-02,コーラス・ワールドワイド,ヴァナリス・タクティクス,-,"",ETC,コーラス・ワールドワイド,0,1,その他,その他
2023-03-02,カエルエックス,壁ドン彼氏 〜真夏のチャラ男〜,-,"",ETC,カエルエックス,0,1,その他,その他
2023-03-02,HERO GAME,正義の取り調べ,-,"",ETC,HERO GAME,0,1,その他,その他
2023-03-02,宮澤卓宏,紙がない!,-,"",ETC,宮澤卓宏,0,1,その他,その他
2023-03-03,Elushis,The Atla Archives,-,"",ETC,Elushis,0,1,その他,その他
2023-03-03,ジー・モード,ルクちゃんのハートバルーン,-,"",ETC,ジー・モード,0,1,その他,その他
2023-03-03,8BitSkull,ヴォイドスクラッパーズ,-,"",ETC,8BitSkull,0,1,その他,その他
2023-03-03,ディッジ,災難探偵サイガ 名状できない怪事件,-,YES,ETC,ディッジ,0,1,その他,その他
2023-03-03,ケムコ,笑顔の錬金術師,-,"",ETC,ケムコ,0,1,その他,その他
2023-03-07,ハピネット,棄海:忘れられた深海都市,-,"",ETC,ハピネット,0,1,その他,その他
2023-03-09,CVi Games,Ala Mobile,-,"",ETC,CVi Games,0,1,その他,その他
2023-03-09,Atari,Caverns of Mars,-,"",ETC,Atari,0,1,その他,その他
2023-03-09,eastasiasoft,Gunborg: Dark Matters,-,"",ETC,eastasiasoft,0,1,その他,その他
2023-03-09,PLAYISM,Ib,-,YES,ETC,PLAYISM,0,1,その他,その他
2023-03-09,Plug In Digital,Mari & Bayu: The Road Home,-,"",ETC,Plug In Digital,0,1,その他,その他
2023-03-09,Beep,Melon Journey: Bittersweet Memories,-,YES,ETC,Beep,0,1,その他,その他
2023-03-09,ズー,Mystic Gate,-,"",ETC,ズー,0,1,その他,その他
2023-03-09,クラウディッドレパードエンタテインメント,ONI - 空と風の哀歌,-,YES,ETC,クラウディッドレパードエンタテインメント,0,1,その他,その他
2023-03-09,Midnight Works,Outcasts of Dungeon: Epic Magic World Fight Rogue Game Simulator,-,"",ETC,Midnight Works,0,1,その他,その他
2023-03-09,Assemble Entertainment,Plan B from Outer Space: A Bavarian Odyssey,-,"",ETC,Assemble Entertainment,0,1,その他,その他
2023-03-09,QUByte Interactive,Railway Islands - Puzzle,-,"",ETC,QUByte Interactive,0,1,その他,その他
2023-03-09,VG Games,Super Hero Fighting Legends : Anime Mortal Battle,-,"",ETC,VG Games,0,1,その他,その他
2023-03-09,Silen Games,Super Ninja Miner,-,"",ETC,Silen Games,0,1,その他,その他
2023-03-09,DANGEN Entertainment/The Arcade Crew,The Last Spell,-,"",ETC,DANGEN Entertainment/The Arcade Crew,0,1,その他,その他
2023-03-09,Nacon,Train Life: A Railway Simulator,-,"",ETC,Nacon,0,1,その他,その他
2023-03-09,レジスタ,WHY I was Born,-,"",ETC,レジスタ,0,1,その他,その他
2023-03-09,peakvox/オーツー,ちっぴーとのっぽー なかよしコンビのわくわく工場,-,"",ETC,peakvox/オーツー,0,1,その他,その他
2023-03-09,3goo,シェフライフ レストランシミュレーター,-,YES,ETC,3goo,0,1,その他,その他
2023-03-09,Frogwares,シャーロック・ホームズの遺言,-,"",ETC,Frogwares,0,1,その他,その他
2023-03-09,レイニーフロッグ,ゼイ オールウェイズ ラン,-,"",ETC,レイニーフロッグ,0,1,その他,その他
2023-03-09,coly,ドラッグ王子とマトリ姫 for Nintendo Switch,-,"",ETC,coly,0,1,その他,その他
2023-03-09,ハムスター,ニコリのパズルS ましゅ,-,"",ETC,ハムスター,0,1,その他,その他
2023-03-09,RedDeerGames,パッケージラッシュ,-,"",ETC,RedDeerGames,0,1,その他,その他
2023-03-09,スクウェア・エニックス,パラノマサイト FILE23 本所七不思議,-,"",ETC,スクウェア・エニックス,0,1,その他,その他
2023-03-09,タイトー,レイズ アーケード クロノロジー,-,YES,ETC,タイトー,0,1,その他,その他
2023-03-09,東京通信,名探偵のナゾトキ推理 ―スリルとサスペンスの事件解決謎解きゲーム―,-,"",ETC,東京通信,0,1,その他,その他
2023-03-09,RedDeerGames,宇宙の尻尾,-,"",ETC,RedDeerGames,0,1,その他,その他
2023-03-09,東京通信,息子のおヨメさま ―ワケアリ妻は地雷系泥沼ストーリー―,-,"",ETC,東京通信,0,1,その他,その他
2023-03-09,Peaksel,数字パズルゲーム ずっと,-,"",ETC,Peaksel,0,1,その他,その他
2023-03-09,レジスタ,猫様のからくりガーデンからの脱出,-,"",ETC,レジスタ,0,1,その他,その他
2023-03-09,AlignmentSharp,花火工場からの脱出,-,"",ETC,AlignmentSharp,0,1,その他,その他
2023-03-09,サイバーステップ,草食系男子の言いなり入院生活 - A passive boy at the Huntress clinic -,-,"",ETC,サイバーステップ,0,1,その他,その他
2023-03-09,iMel,雲上のフェアリーテイル,-,"",ETC,iMel,0,1,その他,その他
2023-03-09,コーエーテクモゲームス,零 〜月蝕の仮面〜,-,YES,ETC,コーエーテクモゲームス,7038_0m_5008,1,その他,その他
2023-03-10,Joindots,emoji Kart Racer,-,"",ETC,Joindots,0,1,その他,その他
2023-03-10,Gamuzumi,ミソロジー・ワイフ・マージャン,-,"",ETC,Gamuzumi,0,1,その他,その他
2023-03-10,Plaion（英語版）,異夢迷都 果てなき螺旋,-,YES,ETC,Plaion（英語版）,0,1,その他,その他
2023-03-15,小学館,カブトクワガタ,-,YES,ETC,小学館,0,1,その他,その他
2023-03-15,Plug In Digital,ヴァーナルエッジ,-,"",ETC,Plug In Digital,0,1,その他,その他
2023-03-16,Gamera Games,Amber City〜秋の都〜,-,"",ETC,Gamera Games,0,1,その他,その他
2023-03-16,スパイク・チュンソフト,ARK: Dinosaur Discovery,-,"",ETC,スパイク・チュンソフト,0,1,その他,その他
2023-03-16,Microids,Asterix & Obelix: Slap them All!,-,"",ETC,Microids,0,1,その他,その他
2023-03-16,Beep,ATONE: Heart of the Elder Tree,-,"",ETC,Beep,0,1,その他,その他
2023-03-16,Armor Games Studios,Bear and Breakfast,-,"",ETC,Armor Games Studios,0,1,その他,その他
2023-03-16,Forever Entertainment,Blocky Farm,-,"",ETC,Forever Entertainment,0,1,その他,その他
2023-03-16,オーイズミ・アミュージオ,Dawn of the Monsters（英語版）,-,YES,ETC,オーイズミ・アミュージオ,0,1,その他,その他
2023-03-16,Artifex Mundi,Demon Hunter: 向こう側からの記録,-,"",ETC,Artifex Mundi,0,1,その他,その他
2023-03-16,Bedtime Digital,Figment 2: Creed Valley,-,"",ETC,Bedtime Digital,0,1,その他,その他
2023-03-16,VG Games,"Gangster Life: Criminal Untold, Cars, Theft, Police",-,"",ETC,VG Games,0,1,その他,その他
2023-03-16,ININ Games,Jitsu Squad - ジツ・スクワッド,-,YES,ETC,ININ Games,0,1,その他,その他
2023-03-16,GOGAME CONSOLE PUBLISHER,Labyrinth Runner - Horror Escape Survive Simulator,-,"",ETC,GOGAME CONSOLE PUBLISHER,0,1,その他,その他
2023-03-16,Daedalic Entertainment,Life of Delta,-,"",ETC,Daedalic Entertainment,0,1,その他,その他
2023-03-16,Team Chili,Loop,-,"",ETC,Team Chili,0,1,その他,その他
2023-03-16,QUByte Interactive,My Little Prince - A jigsaw puzzle tale,-,"",ETC,QUByte Interactive,0,1,その他,その他
2023-03-16,Microids,My Universe - My Baby Dragon,-,"",ETC,Microids,0,1,その他,その他
2023-03-16,Microids,My Universe - Puppies and Kittens,-,"",ETC,Microids,0,1,その他,その他
2023-03-16,Dawid Poleszczuk,NONO ADVENTURE,-,"",ETC,Dawid Poleszczuk,0,1,その他,その他
2023-03-16,SOFT SOURCE,PIRATED CODE: ADMIN EDITION,-,"",ETC,SOFT SOURCE,0,1,その他,その他
2023-03-16,Prison Games,Sherlock Purr,-,"",ETC,Prison Games,0,1,その他,その他
2023-03-16,CFK,Sixtar Gate: STARTRAIL,-,YES,ETC,CFK,0,1,その他,その他
2023-03-16,PLAYISM,SUBWAY MIDNIGHT -サブウェイミッドナイト-,-,"",ETC,PLAYISM,0,1,その他,その他
2023-03-16,Ziggurat,Terminal Velocity (ゲーム),-,"",ETC,Ziggurat,0,1,その他,その他
2023-03-16,SOFT SOURCE,Tiny Troopers: Global Ops,-,"",ETC,SOFT SOURCE,0,1,その他,その他
2023-03-16,eastasiasoft,Tricky Thief,-,"",ETC,eastasiasoft,0,1,その他,その他
2023-03-16,Acram Digital,Unmatched,-,"",ETC,Acram Digital,0,1,その他,その他
2023-03-16,eastasiasoft,Zapling Bygone,-,"",ETC,eastasiasoft,0,1,その他,その他
2023-03-16,VG Games,Zombie Garden vs Plants Defence - Battle Craft and Survival Simulator Game,-,"",ETC,VG Games,0,1,その他,その他
2023-03-16,Acram Digital,「スチーム:富へのレール」公式版,-,"",ETC,Acram Digital,0,1,その他,その他
2023-03-16,Klabater,アポカリプシス,-,"",ETC,Klabater,0,1,その他,その他
2023-03-16,東京通信,イキすぎ!?ビフォーアフター ―謎解き推理とオトナなJKギャルゲーム―,-,"",ETC,東京通信,0,1,その他,その他
2023-03-16,RedDeerGames,キュートでコワイ,-,"",ETC,RedDeerGames,0,1,その他,その他
2023-03-16,RedDeerGames,ザ・トレフリックファミリー.,-,"",ETC,RedDeerGames,0,1,その他,その他
2023-03-16,EpiXR Games,タンキータンクス2,-,"",ETC,EpiXR Games,0,1,その他,その他
2023-03-16,OverGamez,チタニウム ハウンド,-,"",ETC,OverGamez,0,1,その他,その他
2023-03-16,Frozax Games,テント・アンド・ツリー,-,"",ETC,Frozax Games,0,1,その他,その他
2023-03-16,Ichigoichie,バックビート,-,"",ETC,Ichigoichie,0,1,その他,その他
2023-03-16,サイバーステップ,ビタースイート - 家出少女とワケあり同棲生活 - Bitter-Sweet Cohabitation,-,"",ETC,サイバーステップ,0,1,その他,その他
2023-03-16,Klabater,ビッグ ファーマ,-,"",ETC,Klabater,0,1,その他,その他
2023-03-16,Klabater,ヘルプ ウィル カム トゥモロー,-,"",ETC,Klabater,0,1,その他,その他
2023-03-16,Sprytosaur,ポップリング,-,"",ETC,Sprytosaur,0,1,その他,その他
2023-03-16,EpiXR Games,ルートボックスシミュレーター ヒアローズオブザダークエージ,-,"",ETC,EpiXR Games,0,1,その他,その他
2023-03-16,エクスペリエンス,新釈・剣の街の異邦人,-,YES,ETC,エクスペリエンス,0,1,その他,その他
2023-03-16,ORENDA,毎日続けてぐんぐん伸びる 宮本式フラッシュ暗算S,-,"",ETC,ORENDA,0,1,その他,その他
2023-03-16,Da-Soft,激走!便座レース -Toilet Shooting Star-,-,"",ETC,Da-Soft,0,1,その他,その他
2023-03-16,東京通信,直感!ひらめきお絵かきクイズ ―頭の体操かんたん楽しい謎解き脳トレゲーム―,-,"",ETC,東京通信,0,1,その他,その他
2023-03-16,WhisperGames,第51戦隊「Squad 51 vs. the Flying Saucers」,-,"",ETC,WhisperGames,0,1,その他,その他
2023-03-16,東京通信,脱走中 ―逃走した犯人を探せ！絵探しクイズゲーム―,-,"",ETC,東京通信,0,1,その他,その他
2023-03-16,エクスペリエンス,蒼き翼のシュバリエ,-,YES,ETC,エクスペリエンス,0,1,その他,その他
2023-03-17,任天堂,ベヨネッタ オリジンズ:セレッサと迷子の悪魔,-,YES,ETC,任天堂,0,1,その他,その他
2023-03-20,Cosmic Publishing,もふもふバトル,-,"",ETC,Cosmic Publishing,0,1,その他,その他
2023-03-22,Gearbox Publishing,Have a Nice Death,-,"",ETC,Gearbox Publishing,0,1,その他,その他
2023-03-22,505 Games,Unheard －罪の代弁－,-,"",ETC,505 Games,0,1,その他,その他
2023-03-23,SOFT SOURCE,APSULOV: END OF GODS,-,"",ETC,SOFT SOURCE,0,1,その他,その他
2023-03-23,room6,ghostpia シーズンワン,-,"",ETC,room6,0,1,その他,その他
2023-03-23,Hello There Games,Kung Fury: Street Rage - Ultimate Edition,-,"",ETC,Hello There Games,0,1,その他,その他
2023-03-23,Freedom Games,Monorail Stories,-,"",ETC,Freedom Games,0,1,その他,その他
2023-03-23,Morizora Studios,Rakuen,-,"",ETC,Morizora Studios,0,1,その他,その他
2023-03-23,11Sheep,Scramballed!,-,"",ETC,11Sheep,0,1,その他,その他
2023-03-23,バンダイナムコエンターテインメント,SD シン・仮面ライダー 乱舞,-,YES,ETC,バンダイナムコエンターテインメント,0,1,その他,その他
2023-03-23,Future Tech Lab,Song of Memories,-,"",ETC,Future Tech Lab,0,1,その他,その他
2023-03-23,M9 Games,SUBNET - 脱出部屋の冒険,-,"",ETC,M9 Games,0,1,その他,その他
2023-03-23,RedDeerGames,よちよちマイペット,-,"",ETC,RedDeerGames,0,1,その他,その他
2023-03-23,Corvostudio di Amadei Marco,イージーレッド2,-,"",ETC,Corvostudio di Amadei Marco,0,1,その他,その他
2023-03-23,Megame,エア・ホッケー・アーケード・カジュアル・ボード・ゲーム,-,"",ETC,Megame,0,1,その他,その他
2023-03-23,トローゼ,クライムバスターズ ストライクエリア,-,"",ETC,トローゼ,0,1,その他,その他
2023-03-23,RedDeerGames,ジュラ島 魚つりのたび,-,"",ETC,RedDeerGames,0,1,その他,その他
2023-03-23,Funbox Media,スシ・バー・エクスプレス,-,"",ETC,Funbox Media,0,1,その他,その他
2023-03-23,東京通信,ドコにいる?非常口のピクトさん―遊べて学べる暇つぶし絵探しイラストクイズ脳トレゲーム―,-,"",ETC,東京通信,0,1,その他,その他
2023-03-23,Denda Games,ニューモリション,-,"",ETC,Denda Games,0,1,その他,その他
2023-03-23,東京通信,ヤンデレ裏カノ地雷ちゃん―量産型ヤミ系女子恋愛ギャルゲーム―,-,"",ETC,東京通信,0,1,その他,その他
2023-03-23,コーエーテクモゲームス,ライザのアトリエ3 〜終わりの錬金術士と秘密の鍵〜,34,YES,RPG,コーエーテクモゲームス,7097_0m_5067,1,錬金術RPG,その他
2023-03-23,BitCA,千手英雄,-,"",ETC,BitCA,0,1,その他,その他
2023-03-23,レジスタ,地下水路からの脱出,-,"",ETC,レジスタ,0,1,その他,その他
2023-03-23,KADOKAWA,少年探偵団と丘の上の奇妙なカラクリ屋敷,-,"",ETC,KADOKAWA,0,1,その他,その他
2023-03-24,Annapurna Interactive,Storyteller,-,"",ETC,Annapurna Interactive,0,1,その他,その他
2023-03-28,MLBAM,MLB: The Show,-,"",ETC,MLBAM,0,1,その他,その他
2023-03-30,Firenut,Anyaroth: The Queen's Tyranny アニャーロス 女王の専制政治,-,"",ETC,Firenut,0,1,その他,その他
2023-03-30,PM Studios,Blade Assault,-,"",ETC,PM Studios,0,1,その他,その他
2023-03-30,Gametry,Bounce Journey,-,"",ETC,Gametry,0,1,その他,その他
2023-03-30,Cygnus Entertainment,Colossal Cave,-,"",ETC,Cygnus Entertainment,0,1,その他,その他
2023-03-30,JanduSoft,Dashing Orange,-,"",ETC,JanduSoft,0,1,その他,その他
2023-03-30,Team17,DREDGE,-,YES,ETC,Team17,0,1,その他,その他
2023-03-30,CGA Studio Games,Formula Retro Racing: World Tour,-,"",ETC,CGA Studio Games,0,1,その他,その他
2023-03-30,Heart Core,Gripper グリッパー,-,"",ETC,Heart Core,0,1,その他,その他
2023-03-30,Joindots,Kingdom of Aurelia: Mystery of the Poisoned Dagger,-,"",ETC,Joindots,0,1,その他,その他
2023-03-30,GOGAME CONSOLE PUBLISHER,Madness Brutal Fighting - Mortal Fight Battle Attack Multiplayer,-,"",ETC,GOGAME CONSOLE PUBLISHER,0,1,その他,その他
2023-03-30,Flynn's Arcade,Papertris,-,"",ETC,Flynn's Arcade,0,1,その他,その他
2023-03-30,レジスタ,PIANOFORTE,-,"",ETC,レジスタ,0,1,その他,その他
2023-03-30,mc2games,Regular Factory: Escape Room,-,"",ETC,mc2games,0,1,その他,その他
2023-03-30,Dire Wolf Digital,Root: A Game of Woodland Might and Right,-,"",ETC,Dire Wolf Digital,0,1,その他,その他
2023-03-30,eastasiasoft,RunBean Galactic,-,"",ETC,eastasiasoft,0,1,その他,その他
2023-03-30,Just For Games,Saga of Sins,-,"",ETC,Just For Games,0,1,その他,その他
2023-03-30,Drageus Games,Super Cyborg スーパー・サイボーグ,-,"",ETC,Drageus Games,0,1,その他,その他
2023-03-30,Plug In Digital,That's My Family: Family Fun Night,-,"",ETC,Plug In Digital,0,1,その他,その他
2023-03-30,ラタライカゲームス,The Guise,-,"",ETC,ラタライカゲームス,0,1,その他,その他
2023-03-30,Midnight Works,Tormentor - Action Fire Counter Shooter Game 2023 Gun Strike Simulator,-,"",ETC,Midnight Works,0,1,その他,その他
2023-03-30,NAISU,Ultimate Anime Jigsaw Puzzle,-,"",ETC,NAISU,0,1,その他,その他
2023-03-30,コーエーテクモゲームス,Winning Post 10,-,YES,ETC,コーエーテクモゲームス,0,1,その他,その他
2023-03-30,iMel,アスカさんはなびかない,-,"",ETC,iMel,0,1,その他,その他
2023-03-30,Whitethorn Digital,カナ・クエスト,-,"",ETC,Whitethorn Digital,0,1,その他,その他
2023-03-30,Gamuzumi,サクラ・ネコ計算機,-,"",ETC,Gamuzumi,0,1,その他,その他
2023-03-30,ハピネット,シリアルクリーナーズ,-,YES,ETC,ハピネット,0,1,その他,その他
2023-03-30,Sprakelsoft,バードアンドブロック 2,-,"",ETC,Sprakelsoft,0,1,その他,その他
2023-03-30,Dog Biscuit Studios,ポケットペンギンDX: レトロスタイルの冒険,-,"",ETC,Dog Biscuit Studios,0,1,その他,その他
2023-03-30,RedDeerGames,ポッペの大冒険,-,"",ETC,RedDeerGames,0,1,その他,その他
2023-03-30,Game Source Entertainment,ミスト探偵 Tales of the Neon Sea,-,YES,ETC,Game Source Entertainment,0,1,その他,その他
2023-03-30,iMel,ユキイロサイン,-,"",ETC,iMel,0,1,その他,その他
2023-03-30,わくわくゲームズ,ライクドリーマー,-,"",ETC,わくわくゲームズ,0,1,その他,その他
2023-03-30,カイロソフト,名門ポケット学院3,-,"",ETC,カイロソフト,0,1,その他,その他
2023-03-30,Rainmaker Productions,重装機兵ヴァルケン DECLASSIFIED,-,"",ETC,Rainmaker Productions,0,1,その他,その他
2023-03-31,ラタライカゲームス,Billy 101,-,"",ETC,ラタライカゲームス,0,1,その他,その他
2023-03-31,Humble Games,Infinite Guitars,-,"",ETC,Humble Games,0,1,その他,その他
2023-03-31,tinyBuild Games,Mayhem in Single Valley,-,"",ETC,tinyBuild Games,0,1,その他,その他
2023-03-31,GAME NACIONAL,Rafa's World,-,"",ETC,GAME NACIONAL,0,1,その他,その他
2023-04-04,Plaion,Road 96,-,"",ETC,Plaion,0,1,その他,その他
2023-04-06,東京通信,2択で恋して胸キュン－かんたん恋愛シミュレーション量産少女なラブコメギャルゲーム－,-,"",ETC,東京通信,0,1,その他,その他
2023-04-06,Liron Barzilai,7人目のゲスト,-,"",ETC,Liron Barzilai,0,1,その他,その他
2023-04-06,Sekai Games,A Light in the Dark,-,"",ETC,Sekai Games,0,1,その他,その他
2023-04-06,Team17,Batora: Lost Haven,-,"",ETC,Team17,0,1,その他,その他
2023-04-06,mc2games,Between Time: Escape Room,-,"",ETC,mc2games,0,1,その他,その他
2023-04-06,Isaias Game Dev,Cube Farmer,-,"",ETC,Isaias Game Dev,0,1,その他,その他
2023-04-06,Phoenixx,Curse of the Sea Rats,-,"",ETC,Phoenixx,0,1,その他,その他
2023-04-06,Artifex Mundi,Eventide: スラブの寓話,-,"",ETC,Artifex Mundi,0,1,その他,その他
2023-04-06,indienova,Gemini,-,"",ETC,indienova,0,1,その他,その他
2023-04-06,Epopeia Games,Goroons,-,"",ETC,Epopeia Games,0,1,その他,その他
2023-04-06,Goca Games,Hei,-,"",ETC,Goca Games,0,1,その他,その他
2023-04-06,Beep,Hell Pie,-,"",ETC,Beep,0,1,その他,その他
2023-04-06,Epopeia Games,IIN,-,"",ETC,Epopeia Games,0,1,その他,その他
2023-04-06,Gametry,Mystic Warriors Battleground,-,"",ETC,Gametry,0,1,その他,その他
2023-04-06,Gametry,Nightshade Ninja Warrior,-,"",ETC,Gametry,0,1,その他,その他
2023-04-06,eastasiasoft,Pretty Girls Tile Match,-,"",ETC,eastasiasoft,0,1,その他,その他
2023-04-06,Kitfox Games,Pupperazzi,-,"",ETC,Kitfox Games,0,1,その他,その他
2023-04-06,Goca Games,TacTac Prologue,-,"",ETC,Goca Games,0,1,その他,その他
2023-04-06,FNG Studios,"Tactics V: ""Obsidian Brigade""",-,"",ETC,FNG Studios,0,1,その他,その他
2023-04-06,NAISU,Volley Pals,-,"",ETC,NAISU,0,1,その他,その他
2023-04-06,INSTAMARKETINGANDGAME,Waves Running Simulator - Surfing Hyper Runner Casual 3D Games,-,"",ETC,INSTAMARKETINGANDGAME,0,1,その他,その他
2023-04-06,RedDeerGames,こどものためのぬりえ,-,"",ETC,RedDeerGames,0,1,その他,その他
2023-04-06,RedDeerGames,ねこごっち バーチャルペット,-,"",ETC,RedDeerGames,0,1,その他,その他
2023-04-06,MASK,ゆるっと学べるクラシック－大人も子供も楽しく教養音楽脳トレクイズ－,-,"",ETC,MASK,0,1,その他,その他
2023-04-06,MASK,アハ!写真で間違い探し－遊べて学べる!かんたん楽しい脳トレクイズゲーム－,-,"",ETC,MASK,0,1,その他,その他
2023-04-06,レジスタ,ウィッチエクスプローラー,-,"",ETC,レジスタ,0,1,その他,その他
2023-04-06,Megame,コネクト・ドット・パズル クラシック・カジュアル・アーケード,-,"",ETC,Megame,0,1,その他,その他
2023-04-06,Megame,ザ・シューティング・レンジ・スリー・ディー:シューティング・ギャラリー・シミュレーター,-,"",ETC,Megame,0,1,その他,その他
2023-04-06,ラタライカゲームス,スチール ディファイヤ,-,"",ETC,ラタライカゲームス,0,1,その他,その他
2023-04-06,東京通信,ナゾトキ脳トレBrainQuiz－なぞなぞパズルでひらめきイラストクイズ－,-,"",ETC,東京通信,0,1,その他,その他
2023-04-06,halvardo13,フュージョンシフト,-,"",ETC,halvardo13,0,1,その他,その他
2023-04-06,RedDeerGames,ボレアル テネブレー デラックス,-,"",ETC,RedDeerGames,0,1,その他,その他
2023-04-06,PLAYISM,溶鉄のマルフーシャ,-,"",ETC,PLAYISM,0,1,その他,その他
2023-04-07,ラタライカゲームス,Bumballon,-,"",ETC,ラタライカゲームス,0,1,その他,その他
2023-04-07,Neon Doctrine,バベルの図書館,-,"",ETC,Neon Doctrine,0,1,その他,その他
2023-04-07,Taiga,通夜,-,"",ETC,Taiga,0,1,その他,その他
2023-04-11,Frogwares,Sherlock Holmes: The Awakened,-,"",ETC,Frogwares,0,1,その他,その他
2023-04-12,Bithell Games,トロン:アイデンティティー,-,"",ETC,Bithell Games,0,1,その他,その他
2023-04-13,Silesia Games,15イン1ソリティア,-,"",ETC,Silesia Games,0,1,その他,その他
2023-04-13,Play2Chill,Bugvasion TD,-,"",ETC,Play2Chill,0,1,その他,その他
2023-04-13,eastasiasoft,Hentai: Young Valkyries,-,"",ETC,eastasiasoft,0,1,その他,その他
2023-04-13,Adam Spragg Games,Hidden in Plain Sight,-,"",ETC,Adam Spragg Games,0,1,その他,その他
2023-04-13,eastasiasoft,Hyper-5,-,"",ETC,eastasiasoft,0,1,その他,その他
2023-04-13,鈊象電子,IGS Classic Arcade Collection,-,"",ETC,鈊象電子,0,1,その他,その他
2023-04-13,AlignmentSharp,JarataireRPG,-,"",ETC,AlignmentSharp,0,1,その他,その他
2023-04-13,DEZVOLT GAMES,Parkour Jump Adventure - Simulator Stunt Tycoon Escape Kid Super Hero World Games,-,"",ETC,DEZVOLT GAMES,0,1,その他,その他
2023-04-13,DEZVOLT GAMES,Racing in Car - Night Traffic Highway Driving Games Mechanic Simulator 2023 for Kids,-,"",ETC,DEZVOLT GAMES,0,1,その他,その他
2023-04-13,17Studio,Repit,-,"",ETC,17Studio,0,1,その他,その他
2023-04-13,QUByte Interactive,Sokolor,-,"",ETC,QUByte Interactive,0,1,その他,その他
2023-04-13,Assemble Entertainment,The Innsmouth Case,-,"",ETC,Assemble Entertainment,0,1,その他,その他
2023-04-13,SC Ovilex Soft,Truck Simulator USA,-,"",ETC,SC Ovilex Soft,0,1,その他,その他
2023-04-13,Chucklefish,Wildfrost,-,"",ETC,Chucklefish,0,1,その他,その他
2023-04-13,サイバーステップ,〜ハズレ転生〜 最底辺から始める異世界経営 - Isekai Junior Manager -,-,"",ETC,サイバーステップ,0,1,その他,その他
2023-04-13,RedDeerGames,こどものための記憶ゲーム,-,"",ETC,RedDeerGames,0,1,その他,その他
2023-04-13,シルバースタージャパン,どうぶつしょうぎ,-,"",ETC,シルバースタージャパン,0,1,その他,その他
2023-04-13,MASK,ゆるっと学べる世界遺産－楽しく教養絶景脳トレ博識クイズ－,-,"",ETC,MASK,0,1,その他,その他
2023-04-13,Klabater,ウィー ザ レボリューション,-,"",ETC,Klabater,0,1,その他,その他
2023-04-13,ININ Games,キャノンダンサー -OSMAN-,-,YES,ETC,ININ Games,0,1,その他,その他
2023-04-13,TT,クレイジーお絵かき ―かんたん謎解きひらめき脳トレパズルクイズ―,-,"",ETC,TT,0,1,その他,その他
2023-04-13,3goo,セッション:スケートシム（英語版）,-,YES,ETC,3goo,0,1,その他,その他
2023-04-13,Peaksel,ダイアモンドマインド,-,"",ETC,Peaksel,0,1,その他,その他
2023-04-13,Bit Loom,トレイ・レーサーズ!,-,"",ETC,Bit Loom,0,1,その他,その他
2023-04-13,コンパイルハート,ドカポンキングダム コネクト,-,YES,ETC,コンパイルハート,0,1,その他,その他
2023-04-13,TT,ナゾトキの部屋－ナゾトキの時間3 スリルサスペンスな謎解き脱出ミステリー推理ゲーム－,-,"",ETC,TT,0,1,その他,その他
2023-04-13,ハムスター,ニコリのパズルS 四角に切れ,-,"",ETC,ハムスター,0,1,その他,その他
2023-04-13,House of Pandas,ヒカルの城 Ep1,-,"",ETC,House of Pandas,0,1,その他,その他
2023-04-13,レイニーフロッグ,ヘルベッティ,-,"",ETC,レイニーフロッグ,0,1,その他,その他
2023-04-13,RedDeerGames,ミックス島:リミックスプラス,-,"",ETC,RedDeerGames,0,1,その他,その他
2023-04-13,コスモマキアー,式神の城II,-,YES,ETC,コスモマキアー,0,1,その他,その他
2023-04-13,アイディアファクトリー,戦場の円舞曲 for Nintendo Switch,-,YES,ETC,アイディアファクトリー,0,1,その他,その他
2023-04-13,TT,究極の選択!?ヤバめな心理テスト－当たる!占い性格診断で深層心理がわかっちゃう!?－,-,"",ETC,TT,0,1,その他,その他
2023-04-14,ラタライカゲームス,Ultra Pixel Survive,-,"",ETC,ラタライカゲームス,0,1,その他,その他
2023-04-14,カプコン,ロックマンエグゼ アドバンスドコレクション,-,YES,ETC,カプコン,0,1,その他,その他
2023-04-15,タカラトミー,デュエマであそぼう!!!,-,"",ETC,タカラトミー,0,1,その他,その他
2023-04-15,INSIDE SYSTEM,ブレイブダンジョン 正義の意味,-,"",ETC,INSIDE SYSTEM,0,1,その他,その他
2023-04-18,ゲームロフト,ディズニー スピードストーム,-,"",ETC,ゲームロフト,0,1,その他,その他
2023-04-19,Mojang/日本マイクロソフト,Minecraft Legends,-,YES,ETC,Mojang/日本マイクロソフト,0,1,その他,その他
2023-04-19,Riot Forge,メイジシーカー:リーグ・オブ・レジェンド ストーリー,-,"",ETC,Riot Forge,0,1,その他,その他
2023-04-20,アクワイア,AKIBA'S TRIP2 ディレクターズカット,-,YES,ETC,アクワイア,7009_0m_4980,1,その他,その他
2023-04-20,Ocean Media,Alicia Griffith: Lakeside Murder Collector's Edition,-,"",ETC,Ocean Media,0,1,その他,その他
2023-04-20,ネクソンアークシステムワークス,DNF Duel,-,YES,ETC,ネクソンアークシステムワークス,0,1,その他,その他
2023-04-20,スクウェア・エニックス,FINAL FANTASY,-,"",ETC,スクウェア・エニックス,0,1,その他,その他
2023-04-20,不明,FINAL FANTASY II,-,"",ETC,不明,0,1,その他,その他
2023-04-20,不明,FINAL FANTASY III,-,"",ETC,不明,0,1,その他,その他
2023-04-20,不明,FINAL FANTASY IV,-,"",ETC,不明,0,1,その他,その他
2023-04-20,不明,FINAL FANTASY V,-,"",ETC,不明,0,1,その他,その他
2023-04-20,不明,FINAL FANTASY VI,-,"",ETC,不明,0,1,その他,その他
2023-04-20,Steel Wool Games,Five Nights at Freddy's: Security Breach,-,"",ETC,Steel Wool Games,0,1,その他,その他
2023-04-20,INSTAMARKETINGANDGAME,Fortress Building Puzzle - Galaxy Cube Tower Simulator Game,-,"",ETC,INSTAMARKETINGANDGAME,0,1,その他,その他
2023-04-20,アレス,Hyper→Highspeed→Genius,-,YES,ETC,アレス,0,1,その他,その他
2023-04-20,プロトタイプ,Kanon,-,YES,ETC,プロトタイプ,0,1,その他,その他
2023-04-20,Dreamteck,Lifeslide,-,"",ETC,Dreamteck,0,1,その他,その他
2023-04-20,ワンオアエイト,LOST EPIC,-,"",ETC,ワンオアエイト,0,1,その他,その他
2023-04-20,eastasiasoft,Moe Waifu H,-,"",ETC,eastasiasoft,0,1,その他,その他
2023-04-20,Raw Fury,Mr. Sun's Hatbox,-,"",ETC,Raw Fury,0,1,その他,その他
2023-04-20,Joindots,Namariel Legends: Iron Lord Collectors Edition,-,"",ETC,Joindots,0,1,その他,その他
2023-04-20,HOF Studios,Panic Porcupine,-,"",ETC,HOF Studios,0,1,その他,その他
2023-04-20,Person of Interests,Park Story,-,"",ETC,Person of Interests,0,1,その他,その他
2023-04-20,H2 INTERACTIVE,Teslagrad 2,-,"",ETC,H2 INTERACTIVE,0,1,その他,その他
2023-04-20,ASHGAMES,The Longing,-,"",ETC,ASHGAMES,0,1,その他,その他
2023-04-20,MASK,TVのヒミツ－業界あるあるを探せ！かんたん楽しい暇つぶしイラストクイズ脳トレゲーム－,-,"",ETC,MASK,0,1,その他,その他
2023-04-20,INSTAMARKETINGANDGAME,War Tank Machine Battle Vehicle Simulator - Fight World Wars WWII Mechanic Troopers Royale Driving,-,"",ETC,INSTAMARKETINGANDGAME,0,1,その他,その他
2023-04-20,QUByte Interactive,Wild Dogs,-,"",ETC,QUByte Interactive,0,1,その他,その他
2023-04-20,メビウス,あの、素晴らしい をもう一度/再装版HD,-,YES,ETC,メビウス,0,1,その他,その他
2023-04-20,MASK,あるある○○さんを探せ!－みんなで遊べるかんたん暇つぶしイラストクイズ脳トレゲーム－,-,"",ETC,MASK,0,1,その他,その他
2023-04-20,TT,お姉さんが食べたいのはキミの…－イケないギリギリちょっぴりオトナな胸キュンゲーム－,-,"",ETC,TT,0,1,その他,その他
2023-04-20,RedDeerGames,カーベージ,-,"",ETC,RedDeerGames,0,1,その他,その他
2023-04-20,ケムコ,ケムコRPGセレクション Vol.3,-,YES,ETC,ケムコ,7212_0m_5169,1,その他,その他
2023-04-20,コーラス・ワールドワイド,コーヒートーク エピソード2:ハイビスカス&バタフライ,-,YES,ETC,コーラス・ワールドワイド,6943_0m_4914,1,その他,その他
2023-04-20,Studio Amateur,シャンチー,-,"",ETC,Studio Amateur,0,1,その他,その他
2023-04-20,RedDeerGames,ナチョカド,-,"",ETC,RedDeerGames,0,1,その他,その他
2023-04-20,集英社ゲームズ,ハテナの塔 -The Tower of Children-,-,YES,ETC,集英社ゲームズ,0,1,その他,その他
2023-04-20,MASK,ハラスメントに気をつけて －社会で役立つマナー講座学習クイズゲーム－,-,"",ETC,MASK,0,1,その他,その他
2023-04-20,サクセス,バッカニヤ,-,YES,ETC,サクセス,0,1,その他,その他
2023-04-20,HERO GAME,君の未来,-,"",ETC,HERO GAME,0,1,その他,その他
2023-04-20,TT,彼女はイライラ地雷ガール－ヤンデレ裏カノ女子量産型ヤミカノ恋愛ゲーム－,-,"",ETC,TT,0,1,その他,その他
2023-04-20,Peaksel,算数ファイト - マルチプレイヤーゲーム,-,"",ETC,Peaksel,0,1,その他,その他
2023-04-20,TuanisApps,絶滅の日食,-,"",ETC,TuanisApps,0,1,その他,その他
2023-04-21,Assemble Entertainment,Itorah,-,"",ETC,Assemble Entertainment,0,1,その他,その他
2023-04-21,ラタライカゲームス,Light of Life,-,"",ETC,ラタライカゲームス,0,1,その他,その他
2023-04-22,SOURCE BYTE,Jump Challenge!,-,"",ETC,SOURCE BYTE,0,1,その他,その他
2023-04-25,Embers,Strayed Lights,-,"",ETC,Embers,0,1,その他,その他
2023-04-25,Forever Entertainment,マジカルドロップ6,-,YES,ETC,Forever Entertainment,0,1,その他,その他
2023-04-26,ユビタス,Aliens: Fireteam Elite,-,"",ETC,ユビタス,0,1,その他,その他
2023-04-27,曽和高志,44 Minutes in Nightmare,-,"",ETC,曽和高志,0,1,その他,その他
2023-04-27,eastasiasoft,A Musical Story,-,"",ETC,eastasiasoft,0,1,その他,その他
2023-04-27,ヒューネックス,Almightree: The Last Dreamer,-,"",ETC,ヒューネックス,0,1,その他,その他
2023-04-27,Merge Games,Bramble: The Mountain King,-,YES,ETC,Merge Games,0,1,その他,その他
2023-04-27,RuWaMo Games,Bubble Puzzler,-,"",ETC,RuWaMo Games,0,1,その他,その他
2023-04-27,Sabec,Chef,-,"",ETC,Sabec,0,1,その他,その他
2023-04-27,QUByte Interactive,Cyber Neon Bundle,-,"",ETC,QUByte Interactive,0,1,その他,その他
2023-04-27,ustwo,DESTA: 狭間の記憶,-,"",ETC,ustwo,0,1,その他,その他
2023-04-27,LKMAD,Dobby×Escape: パイレーツアドベンチャー,-,"",ETC,LKMAD,0,1,その他,その他
2023-04-27,SC Ovilex Soft,Driving School Simulator,-,"",ETC,SC Ovilex Soft,0,1,その他,その他
2023-04-27,エンターグラム,JINKI -Infinity-,-,YES,ETC,エンターグラム,0,1,その他,その他
2023-04-27,Sometimes You,Mangavania,-,"",ETC,Sometimes You,0,1,その他,その他
2023-04-27,eastasiasoft,Neko Rescue Tale,-,"",ETC,eastasiasoft,0,1,その他,その他
2023-04-27,BATOVI Games,Pixel Cup Soccer - Ultimate Edition,-,"",ETC,BATOVI Games,0,1,その他,その他
2023-04-27,ESDigital Games,Tetragon,-,"",ETC,ESDigital Games,0,1,その他,その他
2023-04-27,INSTAMARKETINGANDGAME,Ultimate Shot - 3D Real Strike Shouter Counter FPS Simulator Games,-,"",ETC,INSTAMARKETINGANDGAME,0,1,その他,その他
2023-04-27,Midnight Works,Van Van Up - Car Driving Games Ultimate Experience Simulator,-,"",ETC,Midnight Works,0,1,その他,その他
2023-04-27,Midnight Works,Zombie Dead Smasher - World Simulator Kill Strike Gun Shooter 3D Poly Games 2023,-,"",ETC,Midnight Works,0,1,その他,その他
2023-04-27,RedDeerGames,こどものためのピアノ,-,"",ETC,RedDeerGames,0,1,その他,その他
2023-04-27,フライハイワークス,さかだちの街,-,"",ETC,フライハイワークス,0,1,その他,その他
2023-04-27,MAGES.,やはりゲームでも俺の青春ラブコメはまちがっている。完,-,YES,ETC,MAGES.,0,1,その他,その他
2023-04-27,H2 INTERACTIVE,アフターイメージ,-,YES,ETC,H2 INTERACTIVE,0,1,その他,その他
2023-04-27,iMel,アマミエ-longing for you-,-,"",ETC,iMel,0,1,その他,その他
2023-04-27,PLiCy,アル管理人の恋,-,"",ETC,PLiCy,0,1,その他,その他
2023-04-27,日本ファルコム,イース・メモワール -フェルガナの誓い-,-,YES,ETC,日本ファルコム,0,1,その他,その他
2023-04-27,エンターグラム,エヴァーメイデン 〜墜落の園の乙女たち〜,-,YES,ETC,エンターグラム,0,1,その他,その他
2023-04-27,Funbox Media,ガジェット 2,-,"",ETC,Funbox Media,0,1,その他,その他
2023-04-27,アイディアファクトリー,テミラーナ国の強運姫と悲運騎士団,-,YES,ETC,アイディアファクトリー,0,1,その他,その他
2023-04-27,TT,ナゾトキ推理!有罪?無罪?－脳トレクイズ謎解きミステリー脱出ゲーム－,-,"",ETC,TT,0,1,その他,その他
2023-04-27,フライハイワークス,ニンジャスマッシャー!,-,"",ETC,フライハイワークス,0,1,その他,その他
2023-04-27,サクセス,バックギャモンPRO for Nintendo Switch,-,"",ETC,サクセス,0,1,その他,その他
2023-04-27,そらいろ,ビビッター for Nintendo Switch,-,"",ETC,そらいろ,0,1,その他,その他
2023-04-27,ジュピター,ピクロスS9,-,"",ETC,ジュピター,0,1,その他,その他
2023-04-27,スティング,ブレイズ・ユニオン BLAZE UNION -STORY TO REACH THE FUTURE-,-,"",ETC,スティング,0,1,その他,その他
2023-04-27,SAT-BOX,ボクらの消しゴム落とし3 世界編,-,"",ETC,SAT-BOX,0,1,その他,その他
2023-04-27,テウォンメディア,ポトリスS,-,YES,ETC,テウォンメディア,0,1,その他,その他
2023-04-27,Megame,マッチ・パズル クラシック・ロジック・アーケード,-,"",ETC,Megame,0,1,その他,その他
2023-04-27,RedDeerGames,仲間,-,"",ETC,RedDeerGames,0,1,その他,その他
2023-04-27,サイバーステップ,定時制の人妻JK - Married Girls' Night School -,-,"",ETC,サイバーステップ,0,1,その他,その他
2023-04-27,TT,意味がわかると怖い写真－謎解きミステリー都市伝説ホラーゲーム－,-,"",ETC,TT,0,1,その他,その他
2023-04-27,レジスタ,猫様のしもべ,-,"",ETC,レジスタ,0,1,その他,その他
2023-04-27,サイバーステップ,美少女ストリーマーの秘密恋愛 - Secret romance with streamer girls -,-,"",ETC,サイバーステップ,0,1,その他,その他
2023-04-27,カイロソフト,開店コンビニ日記,-,"",ETC,カイロソフト,0,1,その他,その他
2023-04-28,Odyssey Interactive,Omega Strikers,-,"",ETC,Odyssey Interactive,0,1,その他,その他
2023-04-28,ケムコ,イハナシの魔女,-,"",ETC,ケムコ,0,1,その他,その他
2023-04-28,レオフル,カラーブレイカーズ みんなでペイントバトル,-,"",ETC,レオフル,0,1,その他,その他
2023-04-28,コーラス・ワールドワイド,ヴァーニーレイク,-,"",ETC,コーラス・ワールドワイド,0,1,その他,その他
2023-04-28,woof,百獣エスケープ,-,"",ETC,woof,0,1,その他,その他
2023-04-28,ハイスコア,超アロイレンジャー,-,"",ETC,ハイスコア,0,1,その他,その他
2023-04-30,TERARIN GAMES,Terra Flame,-,"",ETC,TERARIN GAMES,0,1,その他,その他
2023-05-02,Sometimes You,Weeping Willow - Detective Visual Novel,-,"",ETC,Sometimes You,0,1,その他,その他
2023-05-02,MASK,しんじゃった彼女－危機回避×謎解き脱出ちょっとホラーで恋愛なゲーム－,-,"",ETC,MASK,0,1,その他,その他
2023-05-02,MASK,ちょっと××な私の日常－危機脱出!?逆転の謎解きライフ－,-,"",ETC,MASK,0,1,その他,その他
2023-05-02,MASK,ゆるっと学べる世界の絵画－楽しく学べる美術芸術雑学教養博識クイズ－,-,"",ETC,MASK,0,1,その他,その他
2023-05-02,スクウェア・エニックス,ライフ イズ ストレンジ リマスター コレクション,-,"",ETC,スクウェア・エニックス,0,1,その他,その他
2023-05-02,スクウェア・エニックス,ライフ イズ ストレンジ2,-,"",ETC,スクウェア・エニックス,0,1,その他,その他
2023-05-02,MASK,青春!部活あるある－なつかし学校暇つぶし絵探し脳トレクイズ－,-,"",ETC,MASK,0,1,その他,その他
2023-05-04,H2 INTERACTIVE,POST VOID,-,"",ETC,H2 INTERACTIVE,0,1,その他,その他
2023-05-05,ラタライカゲームス,グルタ,-,"",ETC,ラタライカゲームス,0,1,その他,その他
2023-05-11,INSTAMARKETINGANDGAME,"Baby Phone 3 in 1 for Kids, Puzzle, Animal, Funny, Parent, Coloring",-,"",ETC,INSTAMARKETINGANDGAME,0,1,その他,その他
2023-05-11,eastasiasoft,Color Pals,-,"",ETC,eastasiasoft,0,1,その他,その他
2023-05-11,Phoenixx,Fallen Knight - フォールンナイト -,-,"",ETC,Phoenixx,0,1,その他,その他
2023-05-11,Toplitz Productions,Garden Simulator,-,"",ETC,Toplitz Productions,0,1,その他,その他
2023-05-11,ラタライカゲームス,Gematombe,-,"",ETC,ラタライカゲームス,0,1,その他,その他
2023-05-11,RedDeerGames,Hentai World,-,"",ETC,RedDeerGames,0,1,その他,その他
2023-05-11,BigWhitePlanet,Hola! Reversi,-,"",ETC,BigWhitePlanet,0,1,その他,その他
2023-05-11,Pretty Fly Games,Pixel Driver,-,"",ETC,Pretty Fly Games,0,1,その他,その他
2023-05-11,Adamvision Studios,Poosh XL,-,"",ETC,Adamvision Studios,0,1,その他,その他
2023-05-11,eastasiasoft,Pretty Girls 2048 Strike,-,"",ETC,eastasiasoft,0,1,その他,その他
2023-05-11,Prison Games,Rainbow Runner,-,"",ETC,Prison Games,0,1,その他,その他
2023-05-11,Isaias Game Dev,SHAPENEON CHAOS,-,"",ETC,Isaias Game Dev,0,1,その他,その他
2023-05-11,バンダイナムコエンターテインメント,THE DARK PICTURES,-,"",ETC,バンダイナムコエンターテインメント,0,1,その他,その他
2023-05-11,Gogii Games,Virtual Families Cook Off: 第2章 農場ライフ,-,"",ETC,Gogii Games,0,1,その他,その他
2023-05-11,RedDeerGames,ちっちゃなドラゴン物語,-,"",ETC,RedDeerGames,0,1,その他,その他
2023-05-11,TuanisApps,とじうはナイト ドラキュラのリベンジ,-,"",ETC,TuanisApps,0,1,その他,その他
2023-05-11,RockGame,アーベックシティービルダー,-,"",ETC,RockGame,0,1,その他,その他
2023-05-11,SC Ovilex Soft,エアプレーン フライト シミュレーター,-,"",ETC,SC Ovilex Soft,0,1,その他,その他
2023-05-11,Clockwork Origins,エレメンタルウォー2,-,"",ETC,Clockwork Origins,0,1,その他,その他
2023-05-11,Gamuzumi,サクラ・ゲーマー,-,"",ETC,Gamuzumi,0,1,その他,その他
2023-05-11,Silesia Games,ゾンボバスターアドバンス,-,"",ETC,Silesia Games,0,1,その他,その他
2023-05-11,RedDeerGames,ピクセルぬりえ2,-,"",ETC,RedDeerGames,0,1,その他,その他
2023-05-11,EpiXR Games,リープフロムヘル,-,"",ETC,EpiXR Games,0,1,その他,その他
2023-05-11,烈帝国,ローション侍 for Nintendo Switch,-,"",ETC,烈帝国,0,1,その他,その他
2023-05-11,RedDeerGames,広がる未来に,-,"",ETC,RedDeerGames,0,1,その他,その他
2023-05-11,サイバーコネクトツー,戦場のフーガ2,-,"",ETC,サイバーコネクトツー,0,1,その他,その他
2023-05-12,任天堂,ゼルダの伝説 ティアーズ オブ ザ キングダム,40,YES,AADV,任天堂,6964_0m_4935,1,アクションアドベンチャー,その他
2023-05-13,tinyBuild Games,Despot's Game,-,"",ETC,tinyBuild Games,0,1,その他,その他
2023-05-17,Ziggurat,World Championship Boxing Manager 2,-,"",ETC,Ziggurat,0,1,その他,その他
2023-05-18,17Studio,911: Cannibal,-,"",ETC,17Studio,0,1,その他,その他
2023-05-18,Ultimate Games,Animal Shelter Simulator,-,"",ETC,Ultimate Games,0,1,その他,その他
2023-05-18,QUByte Interactive,Herodes,-,"",ETC,QUByte Interactive,0,1,その他,その他
2023-05-18,ラタライカゲームス,Little Disaster,-,"",ETC,ラタライカゲームス,0,1,その他,その他
2023-05-18,Flynn's Arcade,Murtop,-,"",ETC,Flynn's Arcade,0,1,その他,その他
2023-05-18,Joindots,Rubberduck Wave Racer,-,"",ETC,Joindots,0,1,その他,その他
2023-05-18,Puppet Combo,SUPER NO ONE LIVES UNDER THE LIGHTHOUSE,-,"",ETC,Puppet Combo,0,1,その他,その他
2023-05-18,Prison Games,Theft Ride Legacy,-,"",ETC,Prison Games,0,1,その他,その他
2023-05-18,eastasiasoft,Trifox,-,"",ETC,eastasiasoft,0,1,その他,その他
2023-05-18,RandomSpin Games,アンアライブ 010,-,"",ETC,RandomSpin Games,0,1,その他,その他
2023-05-18,レイニーフロッグ,インフィニ,-,"",ETC,レイニーフロッグ,0,1,その他,その他
2023-05-18,ハムスター,ニコリのパズルS ナンバーリンク,-,"",ETC,ハムスター,0,1,その他,その他
2023-05-18,BD Games,バイオプロトタイプ,-,"",ETC,BD Games,0,1,その他,その他
2023-05-18,ZenBerry Games,ピ.エクス,-,"",ETC,ZenBerry Games,0,1,その他,その他
2023-05-18,AppsGears,ピクセルボーイ・ロストインザキャッスル,-,"",ETC,AppsGears,0,1,その他,その他
2023-05-18,Megame,ファインド・ザ・ペア クラシック・メモリー・パズル,-,"",ETC,Megame,0,1,その他,その他
2023-05-18,Megame,マジック・バブル・シューター・クラシック・バブルズ・アーケード,-,"",ETC,Megame,0,1,その他,その他
2023-05-18,RedDeerGames,メカニック8230 イルグロトからの脱出,-,"",ETC,RedDeerGames,0,1,その他,その他
2023-05-18,MASK,ランキングならべて常識クイズ－楽しく学べる雑学教養脳トレクイズ－,-,"",ETC,MASK,0,1,その他,その他
2023-05-18,アイディアファクトリー,ワンド オブ フォーチュン R for Nintendo Switch,-,YES,ETC,アイディアファクトリー,0,1,その他,その他
2023-05-18,qureate,俺の有休恋物語,-,"",ETC,qureate,0,1,その他,その他
2023-05-18,TT,恋してドキドキchoice メッセ&デート－かんたん恋愛シミュレーション胸キュン乙女ゲーム－,-,"",ETC,TT,0,1,その他,その他
2023-05-18,レジスタ,月明かりの館からの脱出,-,"",ETC,レジスタ,0,1,その他,その他
2023-05-18,TT,絶対見てはいけない写真,-,"",ETC,TT,0,1,その他,その他
2023-05-19,テイクツー・インタラクティブ・ジャパン,レゴ 2K ドライブ,-,"",ETC,テイクツー・インタラクティブ・ジャパン,0,1,その他,その他
2023-05-19,Shinyuden,改造町人シュビビンマン,-,"",ETC,Shinyuden,0,1,その他,その他
2023-05-21,FlyteCatEmotion,Million Shells,-,"",ETC,FlyteCatEmotion,0,1,その他,その他
2023-05-22,Freedom Games,Terracotta,-,"",ETC,Freedom Games,0,1,その他,その他
2023-05-23,Focus Entertainment,"Warhammer 40,000: Boltgun",-,"",ETC,Focus Entertainment,0,1,その他,その他
2023-05-23,Skybound Entertainment,グリッチバスターズ:スタックオンユー,-,"",ETC,Skybound Entertainment,0,1,その他,その他
2023-05-24,Riot Forge,コンバージェンス:リーグ・オブ・レジェンド ストーリー,-,"",ETC,Riot Forge,0,1,その他,その他
2023-05-24,タイトー,パズルボブル エブリバブル!,-,YES,ETC,タイトー,0,1,その他,その他
2023-05-25,Tendokore,ANIMALITY,-,"",ETC,Tendokore,0,1,その他,その他
2023-05-25,シティコネクション,BATSUGUN サターントリビュート Boosted,-,YES,ETC,シティコネクション,0,1,その他,その他
2023-05-25,文化放送エクステンド,BUSTAFELLOWS シーズン2,-,YES,ETC,文化放送エクステンド,0,1,その他,その他
2023-05-25,Raw Fury,Cassette Beasts,-,"",ETC,Raw Fury,0,1,その他,その他
2023-05-25,GOGAME CONSOLE PUBLISHER,Cop Police Escape Racing Zone Clash,-,"",ETC,GOGAME CONSOLE PUBLISHER,0,1,その他,その他
2023-05-25,RuWaMo Games,Dino Puzzler World: 恐竜パズルワールド,-,"",ETC,RuWaMo Games,0,1,その他,その他
2023-05-25,Mode 7,Fights in Tight Spaces,-,"",ETC,Mode 7,0,1,その他,その他
2023-05-25,Freedom Games,Hello Goodboy,-,"",ETC,Freedom Games,0,1,その他,その他
2023-05-25,eastasiasoft,Hentai Girls: Adventure Clicker,-,"",ETC,eastasiasoft,0,1,その他,その他
2023-05-25,ジェムドロップ,Kizuna AI - Touch the Beat!,-,YES,ETC,ジェムドロップ,0,1,その他,その他
2023-05-25,あまた,Last Labyrinth -Lucidity Lost-,-,"",ETC,あまた,0,1,その他,その他
2023-05-25,FIVE-BN STUDIO,Legendary Tales: 奪われた人生,-,"",ETC,FIVE-BN STUDIO,0,1,その他,その他
2023-05-25,Feardemic,Nightmare Reaper,-,"",ETC,Feardemic,0,1,その他,その他
2023-05-25,Midnight Works,NoEvidence - Scary Horror Quest Survival Story,-,"",ETC,Midnight Works,0,1,その他,その他
2023-05-25,Soroka Games,Paper Dominoes,-,"",ETC,Soroka Games,0,1,その他,その他
2023-05-25,アイディアファクトリー,Princess Arthur for Nintendo Switch,-,YES,ETC,アイディアファクトリー,0,1,その他,その他
2023-05-25,QUByte Interactive,Pulling No Punches,-,"",ETC,QUByte Interactive,0,1,その他,その他
2023-05-25,BD Games,RINA:RhythmERROR,-,"",ETC,BD Games,0,1,その他,その他
2023-05-25,アークシステムワークス,RWBY アロウフェル,-,YES,ETC,アークシステムワークス,0,1,その他,その他
2023-05-25,4J Studios,Skye Tales,-,"",ETC,4J Studios,0,1,その他,その他
2023-05-25,neko.works,Super Night Riders,-,"",ETC,neko.works,0,1,その他,その他
2023-05-25,SOFT SOURCE,Terror of Hemasaurus,-,"",ETC,SOFT SOURCE,0,1,その他,その他
2023-05-25,Playstack,The Case of the Golden Idol,-,"",ETC,Playstack,0,1,その他,その他
2023-05-25,Freedom Games,To The Rescue!,-,"",ETC,Freedom Games,0,1,その他,その他
2023-05-25,eastasiasoft,TORINTO,-,"",ETC,eastasiasoft,0,1,その他,その他
2023-05-25,3goo,TT アイル オブ マン ライド オン ザ エッジ3,-,"",ETC,3goo,0,1,その他,その他
2023-05-25,QUByte Interactive,Undergrave,-,"",ETC,QUByte Interactive,0,1,その他,その他
2023-05-25,サイバーステップ,おいでませ、こくりさん,-,"",ETC,サイバーステップ,0,1,その他,その他
2023-05-25,エンターグラム,ふゆから、くるる。,-,YES,ETC,エンターグラム,0,1,その他,その他
2023-05-25,サクセス,アカイイト&アオイシロ HD REMASTER 特別版,-,YES,ETC,サクセス,0,1,その他,その他
2023-05-25,アネラゲームスタジオ,アプリヴァル モノノ村開拓日記,-,"",ETC,アネラゲームスタジオ,0,1,その他,その他
2023-05-25,SNEG,キャズム ザ・リフト,-,"",ETC,SNEG,0,1,その他,その他
2023-05-25,Silesia Games,ギャラクシーチャンピオンテレビ,-,"",ETC,Silesia Games,0,1,その他,その他
2023-05-25,TT,ゲームでらくらく脳トレ－簡単ひらめきクイズやりこみ暇つぶしパズル－,-,"",ETC,TT,0,1,その他,その他
2023-05-25,レジスタ,スターガニアン,-,"",ETC,レジスタ,0,1,その他,その他
2023-05-25,THQ Nordic ジャパン,ハンディゲームズ デラックスパック,-,YES,ETC,THQ Nordic ジャパン,0,1,その他,その他
2023-05-25,X PLUS,バットボーイ,-,"",ETC,X PLUS,0,1,その他,その他
2023-05-25,ToastieLabs,ピクセルぬりえ〜コレクション3〜,-,"",ETC,ToastieLabs,0,1,その他,その他
2023-05-25,EpiXR Games,ファンタジータワーディフェンス,-,"",ETC,EpiXR Games,0,1,その他,その他
2023-05-25,バンダイナムコエンターテインメント,ファーミングシミュレーター23:Nintendo Switch Edition（英語版）,-,YES,ETC,バンダイナムコエンターテインメント,0,1,その他,その他
2023-05-25,Megame,レーザー・ブレーン・パズル クラシック・ロジック・アーケード,-,"",ETC,Megame,0,1,その他,その他
2023-05-25,Gamuzumi,ワイフの宇宙征服,-,"",ETC,Gamuzumi,0,1,その他,その他
2023-05-25,トローゼ,ワールドウォー コンバットガーディアン,-,"",ETC,トローゼ,0,1,その他,その他
2023-05-25,ボルテージ,最後の恋、僕にください,-,"",ETC,ボルテージ,0,1,その他,その他
2023-05-25,RedDeerGames,盲目の預言者,-,"",ETC,RedDeerGames,0,1,その他,その他
2023-05-25,sprite/RIGHTWAY,蒼の彼方のフォーリズム EXTRA1S,-,YES,ETC,sprite/RIGHTWAY,0,1,その他,その他
2023-05-25,●,蒼の彼方のフォーリズム EXTRA2S,-,,ETC,●,0,1,その他,その他
2023-05-25,TT,超難問ナゾトキ挑戦状－スリルとサスペンスの本格推理ミステリー－,-,"",ETC,TT,0,1,その他,その他
2023-05-25,シルバースタージャパン,遊んで強くなる! 銀星囲碁・将棋・麻雀DX,-,YES,ETC,シルバースタージャパン,0,1,その他,その他
2023-05-26,Annapurna Interactive,Maquette,-,"",ETC,Annapurna Interactive,0,1,その他,その他
2023-05-26,Merge Games,No Place Like Home,-,"",ETC,Merge Games,0,1,その他,その他
2023-05-26,Humble Games,Protodroid DeLTA,-,"",ETC,Humble Games,0,1,その他,その他
2023-05-26,ラタライカゲームス,REPLIKATOR,-,"",ETC,ラタライカゲームス,0,1,その他,その他
2023-05-26,ケムコ,エンシェントハンター,-,"",ETC,ケムコ,0,1,その他,その他
2023-06-01,GOGAME CONSOLE PUBLISHER,Beat Them Up - Street Fight Band Simulator,-,"",ETC,GOGAME CONSOLE PUBLISHER,0,1,その他,その他
2023-06-01,Triomatica Games,Boxville,-,"",ETC,Triomatica Games,0,1,その他,その他
2023-06-01,RAWRLAB,Constellations,-,"",ETC,RAWRLAB,0,1,その他,その他
2023-06-01,Joindots,Fall of the New Age - Collectors Edition,-,"",ETC,Joindots,0,1,その他,その他
2023-06-01,レジスタ,GyroGunner,-,"",ETC,レジスタ,0,1,その他,その他
2023-06-01,TOMAGameStudio,HEXAPODA,-,"",ETC,TOMAGameStudio,0,1,その他,その他
2023-06-01,DillyFrame,Hidden Bunny,-,"",ETC,DillyFrame,0,1,その他,その他
2023-06-01,GOGAME CONSOLE PUBLISHER,Highway Traffic Racer - Car Racing Simulator,-,"",ETC,GOGAME CONSOLE PUBLISHER,0,1,その他,その他
2023-06-01,Team17,Killer Frequency,-,YES,ETC,Team17,0,1,その他,その他
2023-06-01,eastasiasoft,LASERPITIUM,-,"",ETC,eastasiasoft,0,1,その他,その他
2023-06-01,FIVE-BN STUDIO,Legendary Tales: 大惨事,-,"",ETC,FIVE-BN STUDIO,0,1,その他,その他
2023-06-01,マーベラス,LOOP8,-,YES,ETC,マーベラス,0,1,その他,その他
2023-06-01,Soroka Games,Pool Together,-,"",ETC,Soroka Games,0,1,その他,その他
2023-06-01,eastasiasoft,Skautfold: Shrouded in Sanity,-,"",ETC,eastasiasoft,0,1,その他,その他
2023-06-01,Nejcraft,Zero-G Gunfight,-,"",ETC,Nejcraft,0,1,その他,その他
2023-06-01,MASK,ならべてクイズことわざつくろ－楽しく学べる雑学教養脳トレクイズ－,-,"",ETC,MASK,0,1,その他,その他
2023-06-01,バンダイナムコエンターテインメント,みんな大好き塊魂アンコール+ 王様プチメモリー,-,YES,ETC,バンダイナムコエンターテインメント,0,1,その他,その他
2023-06-01,TT,イイワケどっち!?－ギリギリパズル学習パーティーゲーム－,-,"",ETC,TT,0,1,その他,その他
2023-06-01,woof,コロコロハーリィ,-,"",ETC,woof,0,1,その他,その他
2023-06-01,EpiXR Games,ザフライングトラベラー ザ ロストヒーロー,-,"",ETC,EpiXR Games,0,1,その他,その他
2023-06-01,RedDeerGames,セブンホライゾン,-,"",ETC,RedDeerGames,0,1,その他,その他
2023-06-01,ハムスター,ニコリのパズルS ヤジリン,-,"",ETC,ハムスター,0,1,その他,その他
2023-06-01,SC Ovilex Soft,ポリスシミュレーター 2023,-,"",ETC,SC Ovilex Soft,0,1,その他,その他
2023-06-01,アトラス,世界樹の迷宮I・II・III HD REMASTER,-,YES,ETC,アトラス,7006_0m_4977,1,その他,その他
2023-06-01,Rogue Games,恐怖の監禁ハウス (Homebody),-,"",ETC,Rogue Games,0,1,その他,その他
2023-06-01,サイバーステップ,肉食ギャルは清純派!? 〜 Innocent Stuck-Up Girls! 〜,-,"",ETC,サイバーステップ,0,1,その他,その他
2023-06-01,サイバーステップ,背信カノジョ〜Girlfriend's Betrayal〜,-,"",ETC,サイバーステップ,0,1,その他,その他
2023-06-03,エレクトロニック・アーツ,Super Mega Baseball,-,"",ETC,エレクトロニック・アーツ,0,1,その他,その他
2023-06-08,Peaksel,100ドアゲーム - 脱出ゲーム,-,"",ETC,Peaksel,0,1,その他,その他
2023-06-08,Devolver Digital,Bleak Sword DX,-,"",ETC,Devolver Digital,0,1,その他,その他
2023-06-08,SOFT SOURCE,Clive 'N' Wrench,-,"",ETC,SOFT SOURCE,0,1,その他,その他
2023-06-08,DillyFrame,Cubic Figures 2,-,"",ETC,DillyFrame,0,1,その他,その他
2023-06-08,Bilibili HK,Eastern Exorcist,-,"",ETC,Bilibili HK,0,1,その他,その他
2023-06-08,RAWRLAB,Inhabit,-,"",ETC,RAWRLAB,0,1,その他,その他
2023-06-08,eastasiasoft,Kovox Pitch,-,"",ETC,eastasiasoft,0,1,その他,その他
2023-06-08,Plaion,MotoGP 23,-,"",ETC,Plaion,0,1,その他,その他
2023-06-08,H2 INTERACTIVE,Nocturnal,-,"",ETC,H2 INTERACTIVE,0,1,その他,その他
2023-06-08,eastasiasoft,SENSEs: Midnight,-,"",ETC,eastasiasoft,0,1,その他,その他
2023-06-08,Wild Fields,Speed Crew,-,"",ETC,Wild Fields,0,1,その他,その他
2023-06-08,QUByte Interactive,Talk to Strangers,-,"",ETC,QUByte Interactive,0,1,その他,その他
2023-06-08,RedDeerGames,いぬごっち:バーチャルペット,-,"",ETC,RedDeerGames,0,1,その他,その他
2023-06-08,TT,アタマが冴える超IQ－かしこくなるひらめき謎解き脳トレクイズ－,-,"",ETC,TT,0,1,その他,その他
2023-06-08,TT,アハ!アートな間違い探し－遊べて学べる!楽しい脳トレ美術クイズゲーム－,-,"",ETC,TT,0,1,その他,その他
2023-06-08,Elusor,アビア・コーポレーション,-,"",ETC,Elusor,0,1,その他,その他
2023-06-08,MASK,アートな絵探しアドベンチャー－イラストクイズで冒険と脳トレの旅へ!－,-,"",ETC,MASK,0,1,その他,その他
2023-06-08,Silesia Games,ウルトラフードメス,-,"",ETC,Silesia Games,0,1,その他,その他
2023-06-08,レイニーフロッグ,ウーポー 私のおうちはどこ?,-,"",ETC,レイニーフロッグ,0,1,その他,その他
2023-06-08,HUNTERS,エンジェルシンフォニー,-,"",ETC,HUNTERS,0,1,その他,その他
2023-06-08,Gamuzumi,サクラ・ダンジョン 〜美しき激闘〜,-,"",ETC,Gamuzumi,0,1,その他,その他
2023-06-08,シルバースタージャパン,スーパーバトル戦車,-,"",ETC,シルバースタージャパン,0,1,その他,その他
2023-06-08,エディア,テレネット シューティング コレクション,-,YES,ETC,エディア,0,1,その他,その他
2023-06-08,Megame,ムーブ・ザ・ボックス クラシック・ブロック・パズル,-,"",ETC,Megame,0,1,その他,その他
2023-06-08,クリプトン・フューチャー・メディア,初音ミク 不思議なホシと願いのかけら,-,"",ETC,クリプトン・フューチャー・メディア,0,1,その他,その他
2023-06-08,HERO GAME,勇気の推理 海苔3 バランスの良い食事,-,"",ETC,HERO GAME,0,1,その他,その他
2023-06-08,MASK,完全犯罪ミステリー－本格謎解き推理サスペンスゲーム－,-,"",ETC,MASK,0,1,その他,その他
2023-06-08,MASK,本当にあったリアルおとぎ話－みんなの暇潰しトンデモヤバめな笑える話－,-,"",ETC,MASK,0,1,その他,その他
2023-06-08,TT,置くだけ脳トレ指IPPON－パズルでかんたん謎解きひらめきクイズ－,-,"",ETC,TT,0,1,その他,その他
2023-06-08,Sanuk,魔剣インキュバス,-,"",ETC,Sanuk,0,1,その他,その他
2023-06-09,ラタライカゲームス,Cat Souls,-,"",ETC,ラタライカゲームス,0,1,その他,その他
2023-06-09,INSTAMARKETINGANDGAME,Eastern Euro Truck Simulator: Real Offroad Car Driving Game Sim 4x4 Mud,-,"",ETC,INSTAMARKETINGANDGAME,0,1,その他,その他
2023-06-10,Mooneye Studios,Smushi Come Home,-,"",ETC,Mooneye Studios,0,1,その他,その他
2023-06-14,Focus Entertainment,Dordogne,-,"",ETC,Focus Entertainment,0,1,その他,その他
2023-06-15,QUByte Interactive,Beat 'Em Up Archives (QUByte Classics),-,"",ETC,QUByte Interactive,0,1,その他,その他
2023-06-15,WOWWOW Technology,BIRDIE WING -Golf Girls' Story-,-,"",ETC,WOWWOW Technology,0,1,その他,その他
2023-06-15,eastasiasoft,Brave Soldier - Invasion of Cyborgs,-,"",ETC,eastasiasoft,0,1,その他,その他
2023-06-15,eastasiasoft,Cavity Busters,-,"",ETC,eastasiasoft,0,1,その他,その他
2023-06-15,Artifex Mundi,Ghost Files: 見えない犯人を捜せ,-,"",ETC,Artifex Mundi,0,1,その他,その他
2023-06-15,Isaias Game Dev,Gramik Paint Roller,-,"",ETC,Isaias Game Dev,0,1,その他,その他
2023-06-15,Josyan,Hoppy Hop,-,"",ETC,Josyan,0,1,その他,その他
2023-06-15,FIVE-BN STUDIO,Lost Lands: 砂に捕らわれた者,-,"",ETC,FIVE-BN STUDIO,0,1,その他,その他
2023-06-15,Taiga,Pandemic 1993,-,"",ETC,Taiga,0,1,その他,その他
2023-06-15,Plaion,ProtoCorgi,-,"",ETC,Plaion,0,1,その他,その他
2023-06-15,Puppet Combo,SUPER STAY OUT OF THE HOUSE,-,"",ETC,Puppet Combo,0,1,その他,その他
2023-06-15,MASK,ちょこっとスタディ 身近なことば－かんたん雑学楽しく学べる教養脳トレクイズ－,-,"",ETC,MASK,0,1,その他,その他
2023-06-15,カイロソフト,つくろう!ゴルフの森,-,"",ETC,カイロソフト,0,1,その他,その他
2023-06-15,Silesia Games,サマーデイズ ティリーズテイル,-,"",ETC,Silesia Games,0,1,その他,その他
2023-06-15,レイニーフロッグ,ザ・ハウス・オブ・ザ・デッド:リメイク Zバージョン,-,YES,ETC,レイニーフロッグ,6339_0m_4278n,1,その他,その他
2023-06-15,TT,ゾッとする怖い都市伝説－謎解き都市伝説×怪異ホラーミステリー－,-,"",ETC,TT,0,1,その他,その他
2023-06-15,SC Ovilex Soft,ドラッグレースシミュレーター,-,"",ETC,SC Ovilex Soft,0,1,その他,その他
2023-06-15,RedDeerGames,悲しみの洞窟,-,"",ETC,RedDeerGames,0,1,その他,その他
2023-06-15,TAKUYO,神さまと恋ゴコロ,-,YES,ETC,TAKUYO,0,1,その他,その他
2023-06-15,アイディアファクトリー,薄桜鬼SSL 〜sweet school life〜 for Nintendo Switch,-,YES,ETC,アイディアファクトリー,0,1,その他,その他
2023-06-16,Poly Poly Games,島々鉄道局 (Tails of Trainspot),-,"",ETC,Poly Poly Games,0,1,その他,その他
2023-06-20,Coatsink Software,The Last Hero of Nostalgaia,-,"",ETC,Coatsink Software,0,1,その他,その他
2023-06-22,Grove Street Games,Auralux: 星座,-,"",ETC,Grove Street Games,0,1,その他,その他
2023-06-22,Nami Tentou,Doodle World Deluxe,-,"",ETC,Nami Tentou,0,1,その他,その他
2023-06-22,Drageus Games,Moon Raider ムーン・レイダー,-,"",ETC,Drageus Games,0,1,その他,その他
2023-06-22,eastasiasoft,Neko Secret Homecoming,-,"",ETC,eastasiasoft,0,1,その他,その他
2023-06-22,HypeTrain Digital,Nova Lands,-,"",ETC,HypeTrain Digital,0,1,その他,その他
2023-06-22,RedDeerGames,nPiano,-,"",ETC,RedDeerGames,0,1,その他,その他
2023-06-22,Nami Tentou,Orebody: Binder's Tale,-,"",ETC,Nami Tentou,0,1,その他,その他
2023-06-22,Gametry,Ramp Car Racing,-,"",ETC,Gametry,0,1,その他,その他
2023-06-22,SOFT SOURCE,Rice Bowl Restaurant,-,"",ETC,SOFT SOURCE,0,1,その他,その他
2023-06-22,eastasiasoft,Robolt,-,"",ETC,eastasiasoft,0,1,その他,その他
2023-06-22,プラチナゲームズ,The Wonderful One: After School Hero,-,"",ETC,プラチナゲームズ,0,1,その他,その他
2023-06-22,Roflcopter Ink,Unimime - Unicycle Madness,-,"",ETC,Roflcopter Ink,0,1,その他,その他
2023-06-22,サイバーステップ,あまあま人妻包囲網 - Stuck With Naughty Housewives -,-,"",ETC,サイバーステップ,0,1,その他,その他
2023-06-22,MASK,こんなところに?みーつけた!－ひらめき!遊んで脳トレアイテム探し!－,-,"",ETC,MASK,0,1,その他,その他
2023-06-22,MASK,ものしりクイズ 世界のどうぶつ－学べる雑学教養豆知識学習ゲーム－,-,"",ETC,MASK,0,1,その他,その他
2023-06-22,PixelHeart,アリスシスターズ,-,"",ETC,PixelHeart,0,1,その他,その他
2023-06-22,RedDeerGames,スカイキャラバン,-,"",ETC,RedDeerGames,0,1,その他,その他
2023-06-22,オペラハウス,ダイヤモンド★ガール 〜恋の本気レッスン〜,-,"",ETC,オペラハウス,0,1,その他,その他
2023-06-22,任天堂,ピクミン1,-,YES,ETC,任天堂,0,1,その他,その他
2023-06-22,●,ピクミン2,-,"",ETC,●,0,1,その他,その他
2023-06-22,不明,プリンセスクローゼット 〜オシャレと恋で私は変わる〜,-,"",ETC,不明,0,1,その他,その他
2023-06-22,STP WORKS,マーブルボールフレンズ,-,"",ETC,STP WORKS,0,1,その他,その他
2023-06-22,Megame,メディーバル・ロイヤル・チェス クラシック・ボード・ゲーム,-,"",ETC,Megame,0,1,その他,その他
2023-06-22,不明,変貌カレシ 〜魅惑の香水〜,-,"",ETC,不明,0,1,その他,その他
2023-06-22,サイバーステップ,美人姉妹と入れ替わり生活 -Becoming Your Beautiful Cousin-,-,"",ETC,サイバーステップ,0,1,その他,その他
2023-06-23,Headup Games,Dr. Fetus' Mean Meat Machine - ドクター・フィータス・ミーン・ミート・マシーン,-,"",ETC,Headup Games,0,1,その他,その他
2023-06-23,INSTAMARKETINGANDGAME,"Farming Simulator - Farm, Tractor, Experience Logic Games Nintendo Switch Edition",-,"",ETC,INSTAMARKETINGANDGAME,0,1,その他,その他
2023-06-23,ラタライカゲームス,トリックス・マジシャン,-,"",ETC,ラタライカゲームス,0,1,その他,その他
2023-06-24,DEZVOLT GAMES,"Hooligan Simulator - San Gangster Andreas Fight for City, Battle Gangs, Shooter, Police",-,"",ETC,DEZVOLT GAMES,0,1,その他,その他
2023-06-27,集英社ゲームズ,SOULVARS,-,"",ETC,集英社ゲームズ,0,1,その他,その他
2023-06-27,ケムコ,ゾンビ・オブ・ザ・ドット,-,"",ETC,ケムコ,0,1,その他,その他
2023-06-29,アイディアファクトリー,9 R.I.P.,-,YES,ETC,アイディアファクトリー,7334_0m_5305,1,その他,その他
2023-06-29,Plug In Digital,Abandon Ship,-,"",ETC,Plug In Digital,0,1,その他,その他
2023-06-29,Ocean Media,Mahjong Woods,-,"",ETC,Ocean Media,0,1,その他,その他
2023-06-29,Tunnel Vision,Placid Plastic Duck Simulator,-,"",ETC,Tunnel Vision,0,1,その他,その他
2023-06-29,SOURCE BYTE,Quick Race,-,"",ETC,SOURCE BYTE,0,1,その他,その他
2023-06-29,SPACEFARER GAMES,SHIMAZU,-,"",ETC,SPACEFARER GAMES,0,1,その他,その他
2023-06-29,7 Raven Studios,Shootvaders: The Beginning,-,"",ETC,7 Raven Studios,0,1,その他,その他
2023-06-29,Red Suit Studios,Superfidos,-,"",ETC,Red Suit Studios,0,1,その他,その他
2023-06-29,Feral Interactive,The Lara Croft Collection,-,"",ETC,Feral Interactive,0,1,その他,その他
2023-06-29,Bloober Team,The Medium,-,"",ETC,Bloober Team,0,1,その他,その他
2023-06-29,Tenebris Studio,Your Computer Might Be At Risk,-,"",ETC,Tenebris Studio,0,1,その他,その他
2023-06-29,エンターグラム,はつゆきさくら,-,YES,ETC,エンターグラム,0,1,その他,その他
2023-06-29,Funbox Media,クラシックレーサーズエリート,-,"",ETC,Funbox Media,0,1,その他,その他
2023-06-29,プロトタイプ,グリザイア ファントムトリガー 5.5 to 08,-,YES,ETC,プロトタイプ,0,1,その他,その他
2023-06-29,日本一ソフトウェア,シカトリス,-,YES,ETC,日本一ソフトウェア,0,1,その他,その他
2023-06-29,フライハイワークス,ピコンティア,-,"",ETC,フライハイワークス,0,1,その他,その他
2023-06-29,Schmidthoffer David,ブルードスター,-,"",ETC,Schmidthoffer David,0,1,その他,その他
2023-06-29,Megame,マウンテン・クライム・ドライバー リアル・フィジクス・アーケード・レーシング,-,"",ETC,Megame,0,1,その他,その他
2023-06-29,MAGES.,五等分の花嫁 ごとぱずストーリー,-,YES,ETC,MAGES.,0,1,その他,その他
2023-06-29,アレス,初恋サンカイメ,-,YES,ETC,アレス,0,1,その他,その他
2023-06-29,エンターグラム,放課後シンデレラ2,-,YES,ETC,エンターグラム,0,1,その他,その他
2023-06-29,TT,最恐ホラー 悪夢のトビラ－意味がわかると怖い謎解き都市伝説怪談推理ゲーム－,-,"",ETC,TT,0,1,その他,その他
2023-06-29,日本ファルコム,東亰ザナドゥeX＋ for Nintendo Switch,-,YES,ETC,日本ファルコム,0,1,その他,その他
2023-06-29,TT,眠れぬ夜の未解決ミステリー－スリルとサスペンスの謎解き推理探偵脱出ゲーム－,-,"",ETC,TT,0,1,その他,その他
2023-06-29,Art Games Studio,第二次世界大戦: バンカーシミュレーター,-,"",ETC,Art Games Studio,0,1,その他,その他
2023-06-29,スクウェア・エニックス,結合男子,-,"",ETC,スクウェア・エニックス,0,1,その他,その他
2023-06-29,MASK,色彩感覚テスト－アートな教養脳トレ常識IQチェック－,-,"",ETC,MASK,0,1,その他,その他
2023-06-29,レジスタ,警察署からの脱出,-,"",ETC,レジスタ,0,1,その他,その他
2023-06-29,レジスタ,走れ!中間管理職,-,"",ETC,レジスタ,0,1,その他,その他
2023-06-30,THQ Nordic ジャパン,AEW Fight Forever,-,YES,ETC,THQ Nordic ジャパン,0,1,その他,その他
2023-06-30,ラタライカゲームス,ChronoBreach Ultra,-,"",ETC,ラタライカゲームス,0,1,その他,その他
2023-06-30,任天堂,エブリバディ 1-2-Switch!,-,YES,ETC,任天堂,0,1,その他,その他
2023-06-30,カプコン,ゴースト トリック,-,YES,ETC,カプコン,0,1,その他,その他
2023-06-30,Nerd Games,パズル ガールズ Puzzle Girls,-,"",ETC,Nerd Games,0,1,その他,その他
2023-06-30,スパイク・チュンソフト,超探偵事件簿 レインコード,-,YES,ETC,スパイク・チュンソフト,0,1,その他,その他
2023-07-04,ユービーアイソフト,The Settlers,-,"",ETC,ユービーアイソフト,0,1,その他,その他
2023-07-06,17Studio,Bunker 21 Extended Edition,-,"",ETC,17Studio,0,1,その他,その他
2023-07-06,JanduSoft,City Limits,-,"",ETC,JanduSoft,0,1,その他,その他
2023-07-06,eastasiasoft,EchoBlade,-,"",ETC,eastasiasoft,0,1,その他,その他
2023-07-06,イマジニア,LITTLE FRIENDS 〜PUPPY ISLAND〜,-,YES,ETC,イマジニア,0,1,その他,その他
2023-07-06,Malvzach Games,Mage & Monsters,-,"",ETC,Malvzach Games,0,1,その他,その他
2023-07-06,TuanisApps,MOVING BLOCKS THE IDENTICONS CHALLENGE,-,"",ETC,TuanisApps,0,1,その他,その他
2023-07-06,ESDigital Games,Mr. Brocco & Co.,-,"",ETC,ESDigital Games,0,1,その他,その他
2023-07-06,Merge Games,Necrosmith,-,"",ETC,Merge Games,0,1,その他,その他
2023-07-06,SOFTSTAR ENTERTAINMENT,Richman,-,"",ETC,SOFTSTAR ENTERTAINMENT,0,1,その他,その他
2023-07-06,ハイブリッド・スクアード,Still There,-,"",ETC,ハイブリッド・スクアード,0,1,その他,その他
2023-07-06,Revulo Games,Super Box Delivery: Beyond the Horizon,-,"",ETC,Revulo Games,0,1,その他,その他
2023-07-06,Rusty Lake,The Past Within,-,"",ETC,Rusty Lake,0,1,その他,その他
2023-07-06,MASK,あの子を沼らせる恋のモテ心理学－悪用厳禁モテ度診断恋愛学習ゲーム－,-,"",ETC,MASK,0,1,その他,その他
2023-07-06,シティコネクション,ギミック! Special Edition,-,YES,ETC,シティコネクション,0,1,その他,その他
2023-07-06,グランゼーラ,サイドビューゴルフ,-,"",ETC,グランゼーラ,0,1,その他,その他
2023-07-06,RuWaMo Games,スペース ラインズ:パズル アドベンチャー,-,"",ETC,RuWaMo Games,0,1,その他,その他
2023-07-06,qureate,センチメンタルデスループ,-,"",ETC,qureate,0,1,その他,その他
2023-07-06,クラウズプレイカンパニー,チコちゃんの脳活研究所,-,YES,ETC,クラウズプレイカンパニー,0,1,その他,その他
2023-07-06,ロケットエンジン,トラブル☆ウィッチーズ ふぁいなる! 〜アマルガムの娘たち〜,-,YES,ETC,ロケットエンジン,0,1,その他,その他
2023-07-06,TT,ドキドキサプライズ－オトナなハプニングを楽しむラッキートラブルラブコメクイズ－,-,"",ETC,TT,0,1,その他,その他
2023-07-06,RuWaMo Games,ネイチャーパズル,-,"",ETC,RuWaMo Games,0,1,その他,その他
2023-07-06,Megame,ファミリー・ジグソー・パズル クラシック・モザイク・パズルズ,-,"",ETC,Megame,0,1,その他,その他
2023-07-06,日本コロムビア,プリティ・プリンセス マジカルガーデンアイランド,-,YES,ETC,日本コロムビア,0,1,その他,その他
2023-07-06,STP WORKS,メダル オブ ガーディアンズ,-,"",ETC,STP WORKS,0,1,その他,その他
2023-07-06,RandomSpin Games,レインボースネーク,-,"",ETC,RandomSpin Games,0,1,その他,その他
2023-07-06,RedDeerGames,剣と骨2,-,"",ETC,RedDeerGames,0,1,その他,その他
2023-07-06,ブルースピードスタジオ,幻砂,-,"",ETC,ブルースピードスタジオ,0,1,その他,その他
2023-07-06,レジスタ,幻覚,-,"",ETC,レジスタ,0,1,その他,その他
2023-07-06,kids room,電卓メーカー:ぼくのでんたく,-,"",ETC,kids room,0,1,その他,その他
2023-07-07,eastasiasoft,Feeble Light,-,"",ETC,eastasiasoft,0,1,その他,その他
2023-07-07,ラタライカゲームス,Garlic,-,"",ETC,ラタライカゲームス,0,1,その他,その他
2023-07-13,インティ・クリエイツ,Bloodstained: Curse of the Moon Chronicles,-,YES,ETC,インティ・クリエイツ,0,1,その他,その他
2023-07-13,2P Games,Chaos Galaxy,-,"",ETC,2P Games,0,1,その他,その他
2023-07-13,RedDeerGames,Hentai Girls,-,"",ETC,RedDeerGames,0,1,その他,その他
2023-07-13,4J Studios,Manic Mechanics,-,"",ETC,4J Studios,0,1,その他,その他
2023-07-13,Netflix,OXENFREE,-,"",ETC,Netflix,0,1,その他,その他
2023-07-13,Tolga Ay,Remnants of Naezith,-,"",ETC,Tolga Ay,0,1,その他,その他
2023-07-13,SOFT SOURCE,Sacred Zodongga Defense,-,"",ETC,SOFT SOURCE,0,1,その他,その他
2023-07-13,DEZVOLT GAMES,Subway Simulator - Underground Train Ride Station Ultimate Driving Games,-,"",ETC,DEZVOLT GAMES,0,1,その他,その他
2023-07-13,SAT-BOX,Summer Party Time,-,"",ETC,SAT-BOX,0,1,その他,その他
2023-07-13,eastasiasoft,Super Trunko Go,-,"",ETC,eastasiasoft,0,1,その他,その他
2023-07-13,SOFT SOURCE,The Last Worker,-,"",ETC,SOFT SOURCE,0,1,その他,その他
2023-07-13,ESDigital Games,Toadomination,-,"",ETC,ESDigital Games,0,1,その他,その他
2023-07-13,MASK,どんなかんじ?いーかんじ－難読漢字楽しく学習脳トレひらめきクイズ－,-,"",ETC,MASK,0,1,その他,その他
2023-07-13,カエルパンダ,ゆるゆる劇場-劇場版-完結編三部作,-,"",ETC,カエルパンダ,0,1,その他,その他
2023-07-13,テヨンジャパン,アイレッツ 漂流の天空島,-,"",ETC,テヨンジャパン,0,1,その他,その他
2023-07-13,RuWaMo Games,アニマルパズルワールド,-,"",ETC,RuWaMo Games,0,1,その他,その他
2023-07-13,Megame,クラフティング・ブロック・ワールド マジック・ダンジョンズ・アドベンチャー,-,"",ETC,Megame,0,1,その他,その他
2023-07-13,ハムスター,ニコリのパズルS ひとりにしてくれ,-,"",ETC,ハムスター,0,1,その他,その他
2023-07-13,コーエーテクモゲームス,マリーのアトリエ Remake 〜ザールブルグの錬金術士〜,30,YES,RPG,コーエーテクモゲームス,7270_0m_5241,1,新感覚RPG,その他
2023-07-13,Half Asleep,メラトニン,-,"",ETC,Half Asleep,0,1,その他,その他
2023-07-13,サイバーステップ,メンヘラオタ姫サークル - Needy Princess Nerd Club -,-,"",ETC,サイバーステップ,0,1,その他,その他
2023-07-13,Blacksmith DoubleCircle,ロボット VS,-,"",ETC,Blacksmith DoubleCircle,0,1,その他,その他
2023-07-13,RandomSpin Games,ロードバスル2,-,"",ETC,RandomSpin Games,0,1,その他,その他
2023-07-13,サイバーステップ,年上お姉さんの恋愛トレーニング 〜Elder Sister's Love Training〜,-,"",ETC,サイバーステップ,0,1,その他,その他
2023-07-13,TT,早押しクイズアカデミア－1人でめざせハイスコア!2人で対決4択クイズバトル－,-,"",ETC,TT,0,1,その他,その他
2023-07-13,マーベラス,東方シンセカイ,-,YES,ETC,マーベラス,0,1,その他,その他
2023-07-13,MASK,親子で学ぶSDGs－2択で楽しく雑学教養豆知識学習クイズ－,-,"",ETC,MASK,0,1,その他,その他
2023-07-13,QUByte Interactive,邪神ドラクソス,-,"",ETC,QUByte Interactive,0,1,その他,その他
2023-07-14,ラタライカゲームス,UltraGoodness,-,"",ETC,ラタライカゲームス,0,1,その他,その他
2023-07-14,レオフル,ワンダリング DX: 1-1モブの逆襲,-,"",ETC,レオフル,0,1,その他,その他
2023-07-18,ESDigital Games,REMEDIUM: Sentinels,-,"",ETC,ESDigital Games,0,1,その他,その他
2023-07-19,eastasiasoft,Agriculture,-,"",ETC,eastasiasoft,0,1,その他,その他
2023-07-19,HOOK,Madshot,-,"",ETC,HOOK,0,1,その他,その他
2023-07-19,subSilico,スピリットハンター:無限の大群,-,"",ETC,subSilico,0,1,その他,その他
2023-07-20,Valkyrie Initiative,Athanasy,-,"",ETC,Valkyrie Initiative,0,1,その他,その他
2023-07-20,Pikii,Cramped Room of Death,-,"",ETC,Pikii,0,1,その他,その他
2023-07-20,Silesia Games,Crowded Mysteries,-,"",ETC,Silesia Games,0,1,その他,その他
2023-07-20,Valkyrie Initiative,Deep Space Shooter,-,"",ETC,Valkyrie Initiative,0,1,その他,その他
2023-07-20,Dan Fornace,Dungeons of Aether,-,"",ETC,Dan Fornace,0,1,その他,その他
2023-07-20,SPACEFARER GAMES,Ghosty,-,"",ETC,SPACEFARER GAMES,0,1,その他,その他
2023-07-20,INSTAMARKETINGANDGAME,Hospital Doctor - Fix me up for KIDS (Boys & Girls),-,"",ETC,INSTAMARKETINGANDGAME,0,1,その他,その他
2023-07-20,Valkyrie Initiative,Hunahpu Quest. Mechanoid,-,"",ETC,Valkyrie Initiative,0,1,その他,その他
2023-07-20,Gamuzumi,Lucy Got Problems,-,"",ETC,Gamuzumi,0,1,その他,その他
2023-07-20,DillyFrame,MetaDude,-,"",ETC,DillyFrame,0,1,その他,その他
2023-07-20,DotEmu,Might & Magic: Clash of Heroes - Definitive Edition,-,"",ETC,DotEmu,0,1,その他,その他
2023-07-20,Silesia Games,OctaFight,-,"",ETC,Silesia Games,0,1,その他,その他
2023-07-20,Valkyrie Initiative,OMNIMUS,-,"",ETC,Valkyrie Initiative,0,1,その他,その他
2023-07-20,INSTAMARKETINGANDGAME,Police Cop Hot Pursuit - Car Racing Driving Simulator Real,-,"",ETC,INSTAMARKETINGANDGAME,0,1,その他,その他
2023-07-20,Mill Games,Robo Revenge Squad,-,"",ETC,Mill Games,0,1,その他,その他
2023-07-20,Valkyrie Initiative,Stones Keeper,-,"",ETC,Valkyrie Initiative,0,1,その他,その他
2023-07-20,eastasiasoft,The Creepy Syndrome,-,"",ETC,eastasiasoft,0,1,その他,その他
2023-07-20,Valkyrie Initiative,The Excrawlers,-,"",ETC,Valkyrie Initiative,0,1,その他,その他
2023-07-20,Valkyrie Initiative,The Sin,-,"",ETC,Valkyrie Initiative,0,1,その他,その他
2023-07-20,ESDigital Games,The Snow Fable: Mystery of the Flame,-,"",ETC,ESDigital Games,0,1,その他,その他
2023-07-20,テヨンジャパン,the Spirit and the Mouse 精霊とネズミのおはなし,-,"",ETC,テヨンジャパン,0,1,その他,その他
2023-07-20,RNC,Vaccine Rebirth - イビルループ,-,"",ETC,RNC,0,1,その他,その他
2023-07-20,Elushis,Wathitdew Record Game Studio BATTLEFIELD,-,"",ETC,Elushis,0,1,その他,その他
2023-07-20,Grimorio of Games,Whispike Survivors - Sword of the Necromancer,-,"",ETC,Grimorio of Games,0,1,その他,その他
2023-07-20,Joindots,Witch's Pranks: Frog's Fortune,-,"",ETC,Joindots,0,1,その他,その他
2023-07-20,ESDigital Games,Words of Wisdom,-,"",ETC,ESDigital Games,0,1,その他,その他
2023-07-20,KIMIDORI SOFT,たこパ サバイバル,-,"",ETC,KIMIDORI SOFT,0,1,その他,その他
2023-07-20,ディースリー・パブリッシャー,どこかで見た“あのゲー”ムたちを棒人間で作ってみたけれど、果たしてあなたはクリアできるのか?,-,"",ETC,ディースリー・パブリッシャー,0,1,その他,その他
2023-07-20,MASK,ふしぎな実験クイズ!－二択でわかるおもしろ自由研究!－,-,"",ETC,MASK,0,1,その他,その他
2023-07-20,ジー・モード,みんなで空気読み。コロコロコミックVer. コロコロコミック読みますか?それとも空気読みますか?,-,YES,ETC,ジー・モード,0,1,その他,その他
2023-07-20,TT,もっと!ゆるっと学べるクラシック－大人も子供も楽しく教養音楽脳トレクイズ－,-,"",ETC,TT,0,1,その他,その他
2023-07-20,MASK,もっと知りたい宇宙のハテナ－ゲームで楽しく雑学教養豆知識学習2択クイズ－,-,"",ETC,MASK,0,1,その他,その他
2023-07-20,MASK,ものしりクイズ いろいろ植物－学べる雑学教養豆知識学習ゲーム－,-,"",ETC,MASK,0,1,その他,その他
2023-07-20,Megame,ウッド キューブ ブロック:クラシック カジュアル パズル,-,"",ETC,Megame,0,1,その他,その他
2023-07-20,RedDeerGames,カワイイガールズ時計,-,"",ETC,RedDeerGames,0,1,その他,その他
2023-07-20,Tayanna Studios,カームウォーターズ,-,"",ETC,Tayanna Studios,0,1,その他,その他
2023-07-20,Funbox Media,ガジェット 3,-,"",ETC,Funbox Media,0,1,その他,その他
2023-07-20,ケムコ,クロステイルズ,-,YES,ETC,ケムコ,0,1,その他,その他
2023-07-20,STP WORKS,スイーツプッシャーフレンズ,-,"",ETC,STP WORKS,0,1,その他,その他
2023-07-20,Bilibili HK,セーリング エラ,-,"",ETC,Bilibili HK,0,1,その他,その他
2023-07-20,エムツー,ゼロファイアー -TOAPLAN ARCADE GARAGE-,-,YES,ETC,エムツー,0,1,その他,その他
2023-07-20,RedDeerGames,ディー・コープ,-,"",ETC,RedDeerGames,0,1,その他,その他
2023-07-20,FIVE-BN STUDIO,ニューヨーク・ミステリーズ: アートの力,-,"",ETC,FIVE-BN STUDIO,0,1,その他,その他
2023-07-20,Erik Games,ハイパーテンション,-,"",ETC,Erik Games,0,1,その他,その他
2023-07-20,No Gravity Games,パンチ・ア・バンチ,-,"",ETC,No Gravity Games,0,1,その他,その他
2023-07-20,Chute Apps,フォレストファイヤー,-,"",ETC,Chute Apps,0,1,その他,その他
2023-07-20,Megame,ブリード アーケード・アリーナ・シューター,-,"",ETC,Megame,0,1,その他,その他
2023-07-20,Shinyuden,マイダイコン - Daikon Simulator,-,"",ETC,Shinyuden,0,1,その他,その他
2023-07-20,ボルテージ,マスカレード・キス〜危険な駆け引き〜,-,"",ETC,ボルテージ,0,1,その他,その他
2023-07-20,battyRabbit,リンク・ザ・キューブ,-,"",ETC,battyRabbit,0,1,その他,その他
2023-07-20,アイディアファクトリー,ワンド オブ フォーチュン R2 〜時空に沈む黙示録〜 for Nintendo Switch,-,YES,ETC,アイディアファクトリー,0,1,その他,その他
2023-07-20,コーエーテクモゲームス,信長の野望・新生 with パワーアップキット,36,YES,SLG,コーエーテクモゲームス,7071_0m_5041,1,歴史シミュレーション,その他
2023-07-20,Sanuk,爆裂武装バルビークル,-,"",ETC,Sanuk,0,1,その他,その他
2023-07-20,Gameplay First,終末ハンター,-,"",ETC,Gameplay First,0,1,その他,その他
2023-07-20,Ugamehome Technology,藍天衛士-Blue Guardians-,-,"",ETC,Ugamehome Technology,0,1,その他,その他
2023-07-20,TT,証拠隠滅屋－完全犯罪作ります本格謎解き推理サスペンスゲーム－,-,"",ETC,TT,0,1,その他,その他
2023-07-20,Astrolabe Games,闇夜永夢,-,"",ETC,Astrolabe Games,0,1,その他,その他
2023-07-21,tinyBuild Games,Punch Club 2: Fast Forward,-,"",ETC,tinyBuild Games,0,1,その他,その他
2023-07-21,Nerd Games,Puzzle Boys,-,"",ETC,Nerd Games,0,1,その他,その他
2023-07-21,ラタライカゲームス,Sephonie,-,"",ETC,ラタライカゲームス,0,1,その他,その他
2023-07-21,任天堂,ピクミン4,35,YES,ACT,任天堂,7017_0m_4988,1,AIアクション,その他
2023-07-21,eastasiasoft,男クロス:ブレークアップ!,-,"",ETC,eastasiasoft,0,1,その他,その他
2023-07-25,Halva Studio,Heist Force: 強盗フォース,-,"",ETC,Halva Studio,0,1,その他,その他
2023-07-25,eastasiasoft,Magic Exposure,-,"",ETC,eastasiasoft,0,1,その他,その他
2023-07-27,Prison Games,Animal Farm Parking,-,"",ETC,Prison Games,0,1,その他,その他
2023-07-27,Namelessエンターグラム,DeepOne -ディープワン-,-,YES,ETC,Namelessエンターグラム,0,1,その他,その他
2023-07-27,ChiliDog Interactive,Demonic Supremacy,-,"",ETC,ChiliDog Interactive,0,1,その他,その他
2023-07-27,Maximum Games,Double Dragon Gaiden: Rise of the Dragons,-,YES,ETC,Maximum Games,0,1,その他,その他
2023-07-27,VG Games,Mega Ramp Moto - Dirt Bike Stunts Simulator,-,"",ETC,VG Games,0,1,その他,その他
2023-07-27,Atari,Mr. Run and Jump,-,"",ETC,Atari,0,1,その他,その他
2023-07-27,7Levels,Operate Now: Hospital,-,"",ETC,7Levels,0,1,その他,その他
2023-07-27,Draknek,Patrick's Parabox,-,"",ETC,Draknek,0,1,その他,その他
2023-07-27,キュー・ゲームス,PixelJunk Scrappers Deluxe,-,"",ETC,キュー・ゲームス,0,1,その他,その他
2023-07-27,CFK,Zombie Hunter: D-Day,-,"",ETC,CFK,0,1,その他,その他
2023-07-27,C.T. Matthews,お届け!ダッキー宅配便,-,"",ETC,C.T. Matthews,0,1,その他,その他
2023-07-27,Funalter Games,イーエスピー,-,"",ETC,Funalter Games,0,1,その他,その他
2023-07-27,ゲームミュージアム,エイリアン ウォー2 ドッグファイト,-,"",ETC,ゲームミュージアム,0,1,その他,その他
2023-07-27,トローゼ,カウンターデルタ 2 イースタン クライシス,-,"",ETC,トローゼ,0,1,その他,その他
2023-07-27,フリュー,クライマキナ/CRYMACHINA,-,YES,ETC,フリュー,0,1,その他,その他
2023-07-27,シティコネクション,サイキック5 エターナル,-,YES,ETC,シティコネクション,0,1,その他,その他
2023-07-27,グランゼーラ,ハイパートルクレーシング,-,"",ETC,グランゼーラ,0,1,その他,その他
2023-07-27,コーラス・ワールドワイド,フランク&ドレイク,-,"",ETC,コーラス・ワールドワイド,0,1,その他,その他
2023-07-27,ルナのしっぽクリエイティブ,ルナ&モンスターズタワーディフェンス 〜奪われた魔法の王国〜,-,"",ETC,ルナのしっぽクリエイティブ,0,1,その他,その他
2023-07-27,eastasiasoft,仙劍宿屋2,-,"",ETC,eastasiasoft,0,1,その他,その他
2023-07-27,Pat Naoum,巨匠の目,-,"",ETC,Pat Naoum,0,1,その他,その他
2023-07-27,カイロソフト,探険わんぱく動物園,-,"",ETC,カイロソフト,0,1,その他,その他
2023-07-27,メビウス,東方蒼神縁起V & 東方幻想魔録W ダブルパック,-,YES,ETC,メビウス,0,1,その他,その他
2023-07-27,日本一ソフトウェア,流行り神1・2・3パック,-,YES,ETC,日本一ソフトウェア,0,1,その他,その他
2023-07-27,エンターグラム,花咲ワークスプリング!,-,YES,ETC,エンターグラム,0,1,その他,その他
2023-07-27,Game Source Entertainment,駐められるもんなら駐めてみな,-,YES,ETC,Game Source Entertainment,0,1,その他,その他
2023-07-28,Playstack,The Entropy Centre,-,"",ETC,Playstack,0,1,その他,その他
2023-07-28,ラタライカゲームス,Working Hard Collection,-,"",ETC,ラタライカゲームス,0,1,その他,その他
2023-07-28,スパイク・チュンソフト,なつもん! 20世紀の夏休み,-,YES,ETC,スパイク・チュンソフト,0,1,その他,その他
2023-07-28,ウォルト・ディズニー・ジャパン/Disney Interactive,ディズニー イリュージョンアイランド 〜ミッキー&フレンズの不思議な冒険〜,-,YES,ETC,ウォルト・ディズニー・ジャパン/Disney Interactive,0,1,その他,その他
2023-07-31,C-Garden NEXT-B,PSYCHIC ECLIPSE-サイキックイクリプス- reload,-,"",ETC,C-Garden NEXT-B,0,1,その他,その他
2023-08-02,OKJOY,モーリの夢楽園,-,"",ETC,OKJOY,0,1,その他,その他
2023-08-03,QUByte Interactive,Adore,-,"",ETC,QUByte Interactive,0,1,その他,その他
2023-08-03,Seaven Studio,Brotato,-,"",ETC,Seaven Studio,0,1,その他,その他
2023-08-03,Baltoro Games,Cooking Arena,-,"",ETC,Baltoro Games,0,1,その他,その他
2023-08-03,トライアングル・サービス,DELTAZEAL,-,"",ETC,トライアングル・サービス,0,1,その他,その他
2023-08-03,Runaway Play,Flutter Away フラッターアウェイ,-,"",ETC,Runaway Play,0,1,その他,その他
2023-08-03,Nacon,Nova Strike,-,"",ETC,Nacon,0,1,その他,その他
2023-08-03,メディアスケープ,Raindrop Sprinters,-,"",ETC,メディアスケープ,0,1,その他,その他
2023-08-03,ChiliDog Interactive,Super Geisha Neon,-,"",ETC,ChiliDog Interactive,0,1,その他,その他
2023-08-03,eastasiasoft,The Red Exile - Survival Horror,-,"",ETC,eastasiasoft,0,1,その他,その他
2023-08-03,Visai Games,Venba,-,"",ETC,Visai Games,0,1,その他,その他
2023-08-03,DEZVOLT GAMES,"Wash Simulator - Clean Garage, House, Cars Business Tycoons",-,"",ETC,DEZVOLT GAMES,0,1,その他,その他
2023-08-03,mc2games,Wizardry School: Escape Room,-,"",ETC,mc2games,0,1,その他,その他
2023-08-03,わくわくゲームズ,こっそり召喚士,-,"",ETC,わくわくゲームズ,0,1,その他,その他
2023-08-03,MASK,ゆるっと学べる名作文学－知りたい教養小説の名著をおさらい脳トレクイズ－,-,"",ETC,MASK,0,1,その他,その他
2023-08-03,Gamuzumi,アイドルカフェを経営しませんか?3,-,"",ETC,Gamuzumi,0,1,その他,その他
2023-08-03,Blue Volcano,サイドディサイド,-,"",ETC,Blue Volcano,0,1,その他,その他
2023-08-03,アイディアファクトリー,スペードの国のアリス 〜Wonderful Black World〜,-,YES,ETC,アイディアファクトリー,0,1,その他,その他
2023-08-03,Gameforge 4D,タイニー・ソー,-,"",ETC,Gameforge 4D,0,1,その他,その他
2023-08-03,Pixmain,バベル号ガイドブック,-,"",ETC,Pixmain,0,1,その他,その他
2023-08-03,TT,ビジュアルクイズこれな〜んだ?－写真で脳トレひらめきクイズゲーム－,-,"",ETC,TT,0,1,その他,その他
2023-08-03,KIMIDORI SOFT,ロストエッグ3 ザ・ファイナル,-,"",ETC,KIMIDORI SOFT,0,1,その他,その他
2023-08-03,MASK,小学生のうちに覚えたい英単語－身につく差がつく幼児向け英語学習教養クイズ－,-,"",ETC,MASK,0,1,その他,その他
2023-08-03,TT,漫画で探偵ミステリー－意味がわかると怖いナゾトキ脱出リアル推理ゲーム－,-,"",ETC,TT,0,1,その他,その他
2023-08-03,レジスタ,猫様の古民家からの脱出,-,"",ETC,レジスタ,0,1,その他,その他
2023-08-03,TT,禁断の事故物件－お隣さん全員ワケアリやばいヤツ都市伝説怪談ホラー－,-,"",ETC,TT,0,1,その他,その他
2023-08-03,AlignmentSharp,錬金POIPOI SS,-,"",ETC,AlignmentSharp,0,1,その他,その他
2023-08-04,Passion Republic Games,GIGABASH,-,"",ETC,Passion Republic Games,0,1,その他,その他
2023-08-05,Cube Games,X-Force Under Attack,-,"",ETC,Cube Games,0,1,その他,その他
2023-08-10,Sometimes You,Bright Lights of Svetlov,-,"",ETC,Sometimes You,0,1,その他,その他
2023-08-10,eastasiasoft,Fluffy Milo,-,"",ETC,eastasiasoft,0,1,その他,その他
2023-08-10,SOFT SOURCE,Lost in Play 〜ロスト・イン・プレイ〜,-,YES,ETC,SOFT SOURCE,0,1,その他,その他
2023-08-10,Valkyrie Initiative,Mondealy,-,"",ETC,Valkyrie Initiative,0,1,その他,その他
2023-08-10,Freedom Games,Neon Blight,-,"",ETC,Freedom Games,0,1,その他,その他
2023-08-10,Seashell Studio,Running Fable,-,"",ETC,Seashell Studio,0,1,その他,その他
2023-08-10,Humble Games,Stray Gods: The Roleplaying Musical,-,"",ETC,Humble Games,0,1,その他,その他
2023-08-10,Gearbox Publishing,Unidentified Falling Objects,-,"",ETC,Gearbox Publishing,0,1,その他,その他
2023-08-10,ブルースピードスタジオ,Wild Legion,-,"",ETC,ブルースピードスタジオ,0,1,その他,その他
2023-08-10,Prison Games,Wroom Wroom Puzzles,-,"",ETC,Prison Games,0,1,その他,その他
2023-08-10,ゲームマガジン,つぐのひ,-,"",ETC,ゲームマガジン,0,1,その他,その他
2023-08-10,ディースリー・パブリッシャー,ひろがるスカイ!プリキュア ひろがる!パズルコレクション,-,YES,ETC,ディースリー・パブリッシャー,0,1,その他,その他
2023-08-10,MASK,ゆるっと学べる哲学－楽しく学べる雑学大人の教養博識クイズ－,-,"",ETC,MASK,0,1,その他,その他
2023-08-10,Pikii,コアとマーラの5人の海賊,-,YES,ETC,Pikii,0,1,その他,その他
2023-08-10,Gamera Games,ザ・リワインダー〜黄泉からの旅人〜,-,"",ETC,Gamera Games,0,1,その他,その他
2023-08-10,Astrolabe Games,ゾンビスープ,-,"",ETC,Astrolabe Games,0,1,その他,その他
2023-08-10,HUNTERS,マイケルの不思議な冒険,-,"",ETC,HUNTERS,0,1,その他,その他
2023-08-10,カリプソメディアジャパン,レイルウェイ エンパイア2,-,YES,ETC,カリプソメディアジャパン,0,1,その他,その他
2023-08-10,SAT-BOX,世界の中心で回る,-,"",ETC,SAT-BOX,0,1,その他,その他
2023-08-10,As-key,伝創記,-,"",ETC,As-key,0,1,その他,その他
2023-08-10,サイバーステップ,女性国家乗っ取り計画 - 盗賊の俺が王になる - Female Nation Takeover -,-,"",ETC,サイバーステップ,0,1,その他,その他
2023-08-10,アイディアファクトリー,薄桜鬼 真改 万葉ノ抄,-,YES,ETC,アイディアファクトリー,0,1,その他,その他
2023-08-10,コンパイルハート,超次元ゲイム ネプテューヌ GameMaker R:Evolution,-,YES,ETC,コンパイルハート,0,1,その他,その他
2023-08-10,コンパイルハート,超次元ゲイム ネプテューヌ Sisters vs Sisters,-,YES,ETC,コンパイルハート,0,1,その他,その他
2023-08-10,講談社,違う冬のぼくら,-,"",ETC,講談社,0,1,その他,その他
2023-08-11,ベセスダ・ソフトワークス,Quake II,-,"",ETC,ベセスダ・ソフトワークス,0,1,その他,その他
2023-08-15,tinyBuild Games,Black Skylands,-,"",ETC,tinyBuild Games,0,1,その他,その他
2023-08-15,Team17,Moving Out,-,YES,ETC,Team17,0,1,その他,その他
2023-08-17,Sometimes You,Astro Flame: Starfighter,-,"",ETC,Sometimes You,0,1,その他,その他
2023-08-17,INSTAMARKETINGANDGAME,FR Master - Formula Racing Simulator,-,"",ETC,INSTAMARKETINGANDGAME,0,1,その他,その他
2023-08-17,QUByte Interactive,Hidden Shapes: Cat Realm + Trick or Cats,-,"",ETC,QUByte Interactive,0,1,その他,その他
2023-08-17,Marble It Up,Marble It Up! Ultra,-,"",ETC,Marble It Up,0,1,その他,その他
2023-08-17,Atari,Quantum (ゲーム),-,"",ETC,Atari,0,1,その他,その他
2023-08-17,SOFT SOURCE,Satay Shop Tycoon,-,"",ETC,SOFT SOURCE,0,1,その他,その他
2023-08-17,フライハイワークス,SHINOBI NON GRATA,-,"",ETC,フライハイワークス,0,1,その他,その他
2023-08-17,Devolver Digital,The Cosmic Wheel Sisterhood,-,"",ETC,Devolver Digital,0,1,その他,その他
2023-08-17,poncle,Vampire Survivors,-,"",ETC,poncle,0,1,その他,その他
2023-08-17,MASK,おくだけスタディ ハングル基礎単語－指一本で韓国語かんたん勉強学習知育ゲーム－,-,"",ETC,MASK,0,1,その他,その他
2023-08-17,Silesia Games,にゃんこの城,-,"",ETC,Silesia Games,0,1,その他,その他
2023-08-17,MASK,もっと知りたいカラダのハテナ－ゲームで楽しく人体のふしぎ雑学教養豆知識学習クイズ－,-,"",ETC,MASK,0,1,その他,その他
2023-08-17,MASK,もっと知りたい日本の名城－ゲームで楽しく歴史日本史雑学教養豆知識学習クイズ－,-,"",ETC,MASK,0,1,その他,その他
2023-08-17,RedDeerGames,アニメガールズ,-,"",ETC,RedDeerGames,0,1,その他,その他
2023-08-17,Sometimes You,クリーピーテイル:イングリッドの罪滅ぼし,-,"",ETC,Sometimes You,0,1,その他,その他
2023-08-17,EpiXR Games,ザフライングトラベラー フローオブタイム,-,"",ETC,EpiXR Games,0,1,その他,その他
2023-08-17,テイクツー・インタラクティブ・ジャパン,レッド・デッド・リデンプション,-,YES,ETC,テイクツー・インタラクティブ・ジャパン,0,1,その他,その他
2023-08-17,MASK,今日から使える必勝ビジネス心理学－悪用厳禁社会人攻略法学習ゲーム－,-,"",ETC,MASK,0,1,その他,その他
2023-08-17,MASK,呪 恐怖の写真－アハ…ホラーで奇妙な都市伝説ミステリー－,-,"",ETC,MASK,0,1,その他,その他
2023-08-17,シルバースタージャパン,境界領域,-,"",ETC,シルバースタージャパン,0,1,その他,その他
2023-08-17,MASK,脳を鍛える! 絶景写真で間違い探し－世界を旅する脳トレ脳活教養学習パズル－,-,"",ETC,MASK,0,1,その他,その他
2023-08-17,TT,謎解きIQクイズ－アタマが冴える暇つぶしひらめき脳トレパズル－,-,"",ETC,TT,0,1,その他,その他
2023-08-18,Team Reptile,Bomb Rush Cyberfunk,-,"",ETC,Team Reptile,0,1,その他,その他
2023-08-18,tinyBuild Games,Hello Engineer,-,"",ETC,tinyBuild Games,0,1,その他,その他
2023-08-18,ケムコ,鋼鉄幻想記クロムウルフ,-,"",ETC,ケムコ,0,1,その他,その他
2023-08-23,Serenity Forge,Virgo Versus The Zodiac,-,"",ETC,Serenity Forge,0,1,その他,その他
2023-08-24,MASK,BLあるある－絶対に見たことがある共感MAXボーイズラブ漫画ゲーム－,-,"",ETC,MASK,0,1,その他,その他
2023-08-24,エンターグラム,D.C.III P.S. 〜ダ・カーポIII〜 プラスストーリー,-,YES,ETC,エンターグラム,0,1,その他,その他
2023-08-24,eastasiasoft,Giant Wishes,-,"",ETC,eastasiasoft,0,1,その他,その他
2023-08-24,17Studio,Hentai Project,-,"",ETC,17Studio,0,1,その他,その他
2023-08-24,Mens Sana Interactive,Island Cities,-,"",ETC,Mens Sana Interactive,0,1,その他,その他
2023-08-24,Hat Games,King of the Hat,-,"",ETC,Hat Games,0,1,その他,その他
2023-08-24,Dawid Poleszczuk,My Nonogram Waifu: Forbidden Love,-,"",ETC,Dawid Poleszczuk,0,1,その他,その他
2023-08-24,H2 INTERACTIVE,Shotgun King: The Final Checkmate,-,"",ETC,H2 INTERACTIVE,0,1,その他,その他
2023-08-24,アイディアファクトリー,アガレスト戦記,-,"",ETC,アイディアファクトリー,0,1,その他,その他
2023-08-24,RedDeerGames,アニメパラダイス,-,"",ETC,RedDeerGames,0,1,その他,その他
2023-08-24,Sekai Games,アリス・エスケイプト!,-,"",ETC,Sekai Games,0,1,その他,その他
2023-08-24,エンターグラム,カルマルカ*サークル,-,YES,ETC,エンターグラム,0,1,その他,その他
2023-08-24,ケムコ,ケムコRPGセレクション Vol.4,-,YES,ETC,ケムコ,7213_0m_5170,1,その他,その他
2023-08-24,KrzysztofPodsada,サブオクト,-,"",ETC,KrzysztofPodsada,0,1,その他,その他
2023-08-24,Shishi Studios,シシ〜悠久の前奏曲〜,-,"",ETC,Shishi Studios,0,1,その他,その他
2023-08-24,エンターグラム,シロガネ×スピリッツ!,-,YES,ETC,エンターグラム,0,1,その他,その他
2023-08-24,MASK,ナゾトキ少年探偵団－みんなの謎解き学園冒険ミステリー事件簿－,-,"",ETC,MASK,0,1,その他,その他
2023-08-24,ハムスター,ニコリのパズルS カックロ,-,"",ETC,ハムスター,0,1,その他,その他
2023-08-24,Megame,ブレーブ・ボー・アーチャー プリンセス・レスキュー・シミュレーター,-,"",ETC,Megame,0,1,その他,その他
2023-08-24,Megame,ワード・サーチ・パズル ファインド・ザ・ワーズ,-,"",ETC,Megame,0,1,その他,その他
2023-08-24,サイバーステップ,年上お姉さんを独り占めしたい! - Possessing My Older Sister -,-,"",ETC,サイバーステップ,0,1,その他,その他
2023-08-24,SAT-BOX,机でバスケ2,-,"",ETC,SAT-BOX,0,1,その他,その他
2023-08-24,RedDeerGames,野生ごっち:バーチャルペット,-,"",ETC,RedDeerGames,0,1,その他,その他
2023-08-24,ソニックパワード,鉄道にっぽん!路線たびEX 清流運転 長良川鉄道編,-,YES,ETC,ソニックパワード,0,1,その他,その他
2023-08-25,レオフル,リトルデビル ぼくの養親子間戦争,-,"",ETC,レオフル,0,1,その他,その他
2023-08-25,ケムコ,探しものは、夏ですか。,-,"",ETC,ケムコ,0,1,その他,その他
2023-08-29,Microids,アガサ・クリスティ : エルキュール・ポアロ - ロンドン事件簿,-,"",ETC,Microids,0,1,その他,その他
2023-08-30,Sabotage Studio,Sea of Stars,-,YES,ETC,Sabotage Studio,0,1,その他,その他
2023-08-30,セガ,サンバDEアミーゴ:パーティーセントラル,-,YES,ETC,セガ,0,1,その他,その他
2023-08-31,17Studio,1997,-,"",ETC,17Studio,0,1,その他,その他
2023-08-31,Atari,Atari 50: The Anniversary Celebration,-,"",ETC,Atari,0,1,その他,その他
2023-08-31,Timothee Paez,Dissolved - Chapter One,-,"",ETC,Timothee Paez,0,1,その他,その他
2023-08-31,Artifex Mundi,Eventide 2: 魔術師の鏡,-,"",ETC,Artifex Mundi,0,1,その他,その他
2023-08-31,GameToTop Corp.,Farming Tractor Simulator 2023: Drive Combine & Trucks,-,"",ETC,GameToTop Corp.,0,1,その他,その他
2023-08-31,Halva Studio,Forklift Simulator 2023,-,"",ETC,Halva Studio,0,1,その他,その他
2023-08-31,QUByte Interactive,Gourmet Warriors (QUByte Classics),-,"",ETC,QUByte Interactive,0,1,その他,その他
2023-08-31,AMC Games,It's a Wrap!,-,"",ETC,AMC Games,0,1,その他,その他
2023-08-31,グラビティゲームアライズ,NecroBoy : Path to Evilship,-,"",ETC,グラビティゲームアライズ,0,1,その他,その他
2023-08-31,ジー・モード,OU,-,"",ETC,ジー・モード,0,1,その他,その他
2023-08-31,Woum,Sqroma,-,"",ETC,Woum,0,1,その他,その他
2023-08-31,Playasia,Startup Company Console Edition,-,"",ETC,Playasia,0,1,その他,その他
2023-08-31,No Gravity Games,キャットロード,-,"",ETC,No Gravity Games,0,1,その他,その他
2023-08-31,Megame,ジェリー・フルーツ・アドベンチャー マジック・マッチ・スリー・パズル,-,"",ETC,Megame,0,1,その他,その他
2023-08-31,タイトー,タイトーマイルストーン2,-,YES,ETC,タイトー,0,1,その他,その他
2023-08-31,レイニーフロッグ,ニュークリア・ブレイズ,-,"",ETC,レイニーフロッグ,0,1,その他,その他
2023-08-31,ハッピーミール,マサラドライブ,-,"",ETC,ハッピーミール,0,1,その他,その他
2023-08-31,アイディアファクトリー,ラディアンテイル 〜ファンファーレ!〜,-,YES,ETC,アイディアファクトリー,0,1,その他,その他
2023-08-31,カイロソフト,大海賊クエスト島DX,-,"",ETC,カイロソフト,0,1,その他,その他
2023-08-31,eastasiasoft,女鬼橋 開魂路,-,"",ETC,eastasiasoft,0,1,その他,その他
2023-08-31,Cooking & Publishing,恐竜 種類と名称,-,"",ETC,Cooking & Publishing,0,1,その他,その他
2023-08-31,フライハイワークス,焼肉シミュレーター,-,"",ETC,フライハイワークス,0,1,その他,その他
2023-08-31,Hyper Three Studio,物の形,-,"",ETC,Hyper Three Studio,0,1,その他,その他
2023-08-31,●,英雄伝説 碧の軌跡:改,-,,ETC,●,0,1,その他,その他
2023-08-31,日本一ソフトウェア,英雄伝説 零の軌跡:改,-,YES,ETC,日本一ソフトウェア,0,1,その他,その他
2023-08-31,MASK,親子で学ぶ防災－2択で楽しく雑学教養豆知識学習クイズ－,-,"",ETC,MASK,0,1,その他,その他
2023-09-01,ラタライカゲームス,ガストロ・フォース,-,"",ETC,ラタライカゲームス,0,1,その他,その他
2023-09-01,THQ Nordic ジャパン,トライン5:ぜんまい仕掛けの陰謀,-,YES,ETC,THQ Nordic ジャパン,0,1,その他,その他
2023-09-01,eastasiasoft,男クロス:ドロップアウト!,-,"",ETC,eastasiasoft,0,1,その他,その他
2023-09-06,Focus Entertainment,Chants of Sennaar,-,"",ETC,Focus Entertainment,0,1,その他,その他
2023-09-07,Webnetic,Colorful Boi,-,"",ETC,Webnetic,0,1,その他,その他
2023-09-07,Halva Studio,Cube Merge 2048,-,"",ETC,Halva Studio,0,1,その他,その他
2023-09-07,eastasiasoft,Escape from Terror City,-,"",ETC,eastasiasoft,0,1,その他,その他
2023-09-07,アポローン,Forest Crash Party,-,"",ETC,アポローン,0,1,その他,その他
2023-09-07,Ultimate Games,House Flipper,-,"",ETC,Ultimate Games,0,1,その他,その他
2023-09-07,Neko Machine,Spectator 観察者,-,"",ETC,Neko Machine,0,1,その他,その他
2023-09-07,Puppet Combo,SUPER NIGHT AT THE GATES OF HELL,-,"",ETC,Puppet Combo,0,1,その他,その他
2023-09-07,Digital Eclipse,The Making of Karateka,-,"",ETC,Digital Eclipse,0,1,その他,その他
2023-09-07,MERIDIEM GAMES,The Many Pieces of Mr. Coo,-,"",ETC,MERIDIEM GAMES,0,1,その他,その他
2023-09-07,Artifex Mundi,The Myth Seekers: バルカンの遺産,-,"",ETC,Artifex Mundi,0,1,その他,その他
2023-09-07,MASK,くるくるパズル 日本の歴史－ならべてかんたん日本史学習雑学教養勉強ゲーム－,-,"",ETC,MASK,0,1,その他,その他
2023-09-07,イマジニア,ぬりえであそぼう サンリオキャラクターズ,-,"",ETC,イマジニア,0,1,その他,その他
2023-09-07,RedDeerGames,めばえの谷,-,"",ETC,RedDeerGames,0,1,その他,その他
2023-09-07,MASK,ゆるっと学べる星座と神話－楽しく学べる雑学芸術大人の教養脳トレクイズ－,-,"",ETC,MASK,0,1,その他,その他
2023-09-07,EpiXR Games,インターザスカイ,-,"",ETC,EpiXR Games,0,1,その他,その他
2023-09-07,MASK,カガクな発明と発見のクイズ－ノーベル賞とイグノーベル賞の世界－,-,"",ETC,MASK,0,1,その他,その他
2023-09-07,Cooking & Publishing,タトゥー そしてその意味,-,"",ETC,Cooking & Publishing,0,1,その他,その他
2023-09-07,MASK,パイプラインパズル－パイプをつなげ!かしこくなるひらめき脳トレゲーム－,-,"",ETC,MASK,0,1,その他,その他
2023-09-07,THQ Nordic ジャパン,レムナント:フロム・ジ・アッシュ（英語版）,-,YES,ETC,THQ Nordic ジャパン,0,1,その他,その他
2023-09-07,MAGES.,五等分の花嫁 〜彼女と交わす五つの約束〜,-,YES,ETC,MAGES.,0,1,その他,その他
2023-09-07,TT,全国一般人常識チェック－4択教養雑学常識脳トレバラエティークイズ－,-,"",ETC,TT,0,1,その他,その他
2023-09-07,マメクジラ,嘘からはじまる,-,"",ETC,マメクジラ,0,1,その他,その他
2023-09-07,アイディアファクトリー,終遠のヴィルシュ -EpiC:lycoris-,-,YES,ETC,アイディアファクトリー,0,1,その他,その他
2023-09-07,ラタライカゲームス,赤魔女のアシナ,-,"",ETC,ラタライカゲームス,0,1,その他,その他
2023-09-08,テイクツー・インタラクティブ・ジャパン,NBA 2K24,-,YES,ETC,テイクツー・インタラクティブ・ジャパン,0,1,その他,その他
2023-09-12,OutOfTheBit,Full Void,-,"",ETC,OutOfTheBit,0,1,その他,その他
2023-09-14,Sabec,Bingo,-,"",ETC,Sabec,0,1,その他,その他
2023-09-14,Gametry,Champion of Fighters,-,"",ETC,Gametry,0,1,その他,その他
2023-09-14,Freedom Games,City of Beats,-,"",ETC,Freedom Games,0,1,その他,その他
2023-09-14,Isaias Game Dev,Cube Airport,-,"",ETC,Isaias Game Dev,0,1,その他,その他
2023-09-14,BBG Entertainment,DYNABLASTER,-,"",ETC,BBG Entertainment,0,1,その他,その他
2023-09-14,iam8bit,Escape Academy,-,"",ETC,iam8bit,0,1,その他,その他
2023-09-14,Devolver Digital,Gunbrella,-,"",ETC,Devolver Digital,0,1,その他,その他
2023-09-14,RandomSpin Games,Item Tower,-,"",ETC,RandomSpin Games,0,1,その他,その他
2023-09-14,Pix Arts,League Of Champions Soccer 2024,-,"",ETC,Pix Arts,0,1,その他,その他
2023-09-14,Timothee Paez,Railed Up,-,"",ETC,Timothee Paez,0,1,その他,その他
2023-09-14,GameToTop Corp.,Skateboard Drifting with Maxwell Cat: The Game Simulator,-,"",ETC,GameToTop Corp.,0,1,その他,その他
2023-09-14,Aeternum Game Studios,Summum Aeterna,-,"",ETC,Aeternum Game Studios,0,1,その他,その他
2023-09-14,QUByte Interactive,Teocida + Estigma,-,"",ETC,QUByte Interactive,0,1,その他,その他
2023-09-14,Gametry,Word Quest,-,"",ETC,Gametry,0,1,その他,その他
2023-09-14,Microids,ガジェット警部 - マッドタイム・パーティー,-,"",ETC,Microids,0,1,その他,その他
2023-09-14,MASK,スウジアッタ!－脳トレイラストひらめき絵探しクイズ－,-,"",ETC,MASK,0,1,その他,その他
2023-09-14,KONAMI,スーパーボンバーマン R 2,-,YES,ETC,KONAMI,0,1,その他,その他
2023-09-14,フロンティアワークス,ハラキリゲイシャガールズ!,-,"",ETC,フロンティアワークス,0,1,その他,その他
2023-09-14,バンダイナムコエンターテインメント,バテン・カイトス I&II HD Remaster,-,YES,ETC,バンダイナムコエンターテインメント,0,1,その他,その他
2023-09-14,わくわくゲームズ,ラブラブスクールデイズ,-,"",ETC,わくわくゲームズ,0,1,その他,その他
2023-09-14,RandomSpin Games,ワイヤーリップス,-,"",ETC,RandomSpin Games,0,1,その他,その他
2023-09-14,アイディアファクトリー,ワンド オブ フォーチュン R2 FD 〜君に捧げるエピローグ〜 for Nintendo Switch,-,YES,ETC,アイディアファクトリー,0,1,その他,その他
2023-09-14,MASK,小学生あたりまえテスト－たのしく予習復習!クイズで学べる教養学習－,-,"",ETC,MASK,0,1,その他,その他
2023-09-14,TT,意味がわかるとゾッとするマンガ－意味怖謎解き都市伝説怪談ゲーム－,-,"",ETC,TT,0,1,その他,その他
2023-09-14,MASK,星のカケラ殺人事件－スリルとサスペンスの本格謎解き推理ミステリー－,-,"",ETC,MASK,0,1,その他,その他
2023-09-14,MASK,脳を鍛える! にゃんこ写真で間違い探し－猫ネコ癒しの脳トレ脳活教養学習パズル－,-,"",ETC,MASK,0,1,その他,その他
2023-09-14,TT,限界色彩感覚テスト hard－アートな教養脳トレ常識IQチェック－,-,"",ETC,TT,0,1,その他,その他
2023-09-15,Playstack,AK-xolotl,-,"",ETC,Playstack,0,1,その他,その他
2023-09-15,任天堂,F-ZERO 99,-,"",ETC,任天堂,0,1,その他,その他
2023-09-15,Epic Games,Horizon Chase 2,-,"",ETC,Epic Games,0,1,その他,その他
2023-09-15,Annapurna Interactive,Solar Ash,-,"",ETC,Annapurna Interactive,0,1,その他,その他
2023-09-15,ラタライカゲームス,Super Brawl Rush,-,"",ETC,ラタライカゲームス,0,1,その他,その他
2023-09-15,Holy Wow Studios,Trombone Champ,-,"",ETC,Holy Wow Studios,0,1,その他,その他
2023-09-15,GAME NACIONAL,TROUPE,-,"",ETC,GAME NACIONAL,0,1,その他,その他
2023-09-15,Gamuzumi,サクラ・MMO エクストラ 〜新たなる挑戦〜,-,"",ETC,Gamuzumi,0,1,その他,その他
2023-09-15,ケムコ,異世界輪舞 〜御社も異世界もブラックなのでここから先はホワイトライフを目指します!〜,-,"",ETC,ケムコ,0,1,その他,その他
2023-09-19,ビサイド,ペルシャと魔法の迷宮塔 〜アラビアンニャイト編〜,-,"",ETC,ビサイド,0,1,その他,その他
2023-09-19,PLAYISM,薔薇と椿 〜お豪華絢爛版〜,-,"",ETC,PLAYISM,0,1,その他,その他
2023-09-20,eastasiasoft,Rayland 2,-,"",ETC,eastasiasoft,0,1,その他,その他
2023-09-21,eastasiasoft,Alchemy Garden,-,"",ETC,eastasiasoft,0,1,その他,その他
2023-09-21,HIKE,ALTF4,-,"",ETC,HIKE,0,1,その他,その他
2023-09-21,Boros Bros,Bro Falls DELUXE,-,"",ETC,Boros Bros,0,1,その他,その他
2023-09-21,Nejcraft,Crimson Song,-,"",ETC,Nejcraft,0,1,その他,その他
2023-09-21,Merge Games,Cry Babies Magic Tears: The Big Game,-,"",ETC,Merge Games,0,1,その他,その他
2023-09-21,Atari,Days of Doom,-,"",ETC,Atari,0,1,その他,その他
2023-09-21,ハイブリッド・スクアード,Dogfight:ソーセージボンバー空中戦,-,"",ETC,ハイブリッド・スクアード,0,1,その他,その他
2023-09-21,Sometimes You,Earthshine,-,"",ETC,Sometimes You,0,1,その他,その他
2023-09-21,E-Home,Evil Wizard,-,"",ETC,E-Home,0,1,その他,その他
2023-09-21,ウルクスヘブン,Fragment's Note2+,-,"",ETC,ウルクスヘブン,0,1,その他,その他
2023-09-21,Merge Games,Fresh Start,-,"",ETC,Merge Games,0,1,その他,その他
2023-09-21,Gametry,Galaxy Battle,-,"",ETC,Gametry,0,1,その他,その他
2023-09-21,DX Gameworks,Kind Heart Defenders,-,"",ETC,DX Gameworks,0,1,その他,その他
2023-09-21,Microids,Operation Wolf Returns: First Mission,-,"",ETC,Microids,0,1,その他,その他
2023-09-21,Thalamus Digital,Pan-Dimensional Conga Combat,-,"",ETC,Thalamus Digital,0,1,その他,その他
2023-09-21,Halva Studio,The Crisis Zone,-,"",ETC,Halva Studio,0,1,その他,その他
2023-09-21,Gamera Games,Warriors of the Nile 〜太陽の勇士〜 2,-,"",ETC,Gamera Games,0,1,その他,その他
2023-09-21,TT,△とXのナゾトキ －パズルでかんたん脳トレひらめきクイズ－,-,"",ETC,TT,0,1,その他,その他
2023-09-21,サイバーステップ,おためし契約彼女 -Probationary Girlfriend-,-,"",ETC,サイバーステップ,0,1,その他,その他
2023-09-21,RuWaMo Games,お姫様バブル話,-,"",ETC,RuWaMo Games,0,1,その他,その他
2023-09-21,MASK,ちがうのどーれだ?－1か所間違い探しで脳トレ脳活アハ活ひらめきパズル－,-,"",ETC,MASK,0,1,その他,その他
2023-09-21,EpiXR Games,アニメクエスト ミスティックメイデンズ,-,"",ETC,EpiXR Games,0,1,その他,その他
2023-09-21,Gamuzumi,サクラ・フォックス・アドベンチャー,-,"",ETC,Gamuzumi,0,1,その他,その他
2023-09-21,EpiXR Games,シュガータンクス,-,"",ETC,EpiXR Games,0,1,その他,その他
2023-09-21,Devm Games,スーパーハンドの大冒険!,-,"",ETC,Devm Games,0,1,その他,その他
2023-09-21,テンカイゲームズ,チクタクパペット,-,"",ETC,テンカイゲームズ,0,1,その他,その他
2023-09-21,サイバーステップ,ハッピーパパサポート!〜Sugar Daddy Support〜,-,"",ETC,サイバーステップ,0,1,その他,その他
2023-09-21,シティコネクション,ファイナルエクセリオン,-,"",ETC,シティコネクション,0,1,その他,その他
2023-09-21,Mindscape,ペーパーマン:冒険の配達,-,"",ETC,Mindscape,0,1,その他,その他
2023-09-21,Megame,マジック・ドーナツ・アドベンチャー ライン・マッチ・スリー・パズル,-,"",ETC,Megame,0,1,その他,その他
2023-09-21,MASK,マーダーワークブック－証拠を集めて犯人を探せ!探偵謎解き推理ミステリー－,-,"",ETC,MASK,0,1,その他,その他
2023-09-21,MASK,何に見える?診断－心理が読める脳活だまし絵おもしろ性格テスト－,-,"",ETC,MASK,0,1,その他,その他
2023-09-21,SOFTSTAR ENTERTAINMENT,台北大空襲 Raid on Taihoku,-,"",ETC,SOFTSTAR ENTERTAINMENT,0,1,その他,その他
2023-09-21,qureate,廃深2,-,"",ETC,qureate,0,1,その他,その他
2023-09-22,ESDigital Games,Shuyan Saga,-,"",ETC,ESDigital Games,0,1,その他,その他
2023-09-22,Shinyuden,改造町人シュビビンマン2 -新たなる敵-,-,"",ETC,Shinyuden,0,1,その他,その他
2023-09-23,KONAMI,スーパー桃太郎電鉄,-,"",ETC,KONAMI,0,1,その他,その他
2023-09-25,Jollypunch Games,ロボダンク,-,"",ETC,Jollypunch Games,0,1,その他,その他
2023-09-26,Maximum Games,Paleo Pines,-,"",ETC,Maximum Games,0,1,その他,その他
2023-09-26,Humble Games,ミネコのナイトマーケット,-,"",ETC,Humble Games,0,1,その他,その他
2023-09-27,DANGEN Entertainment,Abomi Nation,-,"",ETC,DANGEN Entertainment,0,1,その他,その他
2023-09-28,MASK,1分見るだけ! 名画で記憶力テスト－アートで脳トレ!脳活アハ活教養美術ゲーム－,-,"",ETC,MASK,0,1,その他,その他
2023-09-28,Batterystaple,30XX,-,"",ETC,Batterystaple,0,1,その他,その他
2023-09-28,Feardemic,Afterdream,-,"",ETC,Feardemic,0,1,その他,その他
2023-09-28,Pix Arts,Ancient Mahjong,-,"",ETC,Pix Arts,0,1,その他,その他
2023-09-28,マメクジラ,ANGEL WHISPER〜あるゲーム作家が遺したサスペンスアドベンチャー,-,"",ETC,マメクジラ,0,1,その他,その他
2023-09-28,CFK,Before The Night,-,"",ETC,CFK,0,1,その他,その他
2023-09-28,eastasiasoft,Betomis,-,"",ETC,eastasiasoft,0,1,その他,その他
2023-09-28,QUByte Interactive,Chipmonk!,-,"",ETC,QUByte Interactive,0,1,その他,その他
2023-09-28,Relative Games,CounterAttack: Uprising,-,"",ETC,Relative Games,0,1,その他,その他
2023-09-28,Clockwork Origins,CyberTD,-,"",ETC,Clockwork Origins,0,1,その他,その他
2023-09-28,Gametry,Detail Detective,-,"",ETC,Gametry,0,1,その他,その他
2023-09-28,Pix Arts,Digitris,-,"",ETC,Pix Arts,0,1,その他,その他
2023-09-28,Gametry,Dungeons and Goblins,-,"",ETC,Gametry,0,1,その他,その他
2023-09-28,Thalamus Digital,Easy Japanesey,-,"",ETC,Thalamus Digital,0,1,その他,その他
2023-09-28,不明,Easy Japanesey 2,-,"",ETC,不明,0,1,その他,その他
2023-09-28,不明,Easy Japanesey 3,-,"",ETC,不明,0,1,その他,その他
2023-09-28,Assemble Entertainment,Fall of Porcupine,-,"",ETC,Assemble Entertainment,0,1,その他,その他
2023-09-28,コーエーテクモゲームス,Fate/Samurai Remnant,36,YES,ARPG,コーエーテクモゲームス,7080_0m_5050,1,アクションRPG,その他
2023-09-28,Astragon,Firefighting Simulator - The Squad,-,"",ETC,Astragon,0,1,その他,その他
2023-09-28,マーベラス,FREDERICA,-,YES,ETC,マーベラス,6975_0m_4946,1,その他,その他
2023-09-28,Pixel Games UK,Hidden Gems: Volume One,-,"",ETC,Pixel Games UK,0,1,その他,その他
2023-09-28,pbp,Hilm,-,"",ETC,pbp,0,1,その他,その他
2023-09-28,Snow Day Software,Indoor Kickball,-,"",ETC,Snow Day Software,0,1,その他,その他
2023-09-28,Raw Fury,Pizza Possum,-,"",ETC,Raw Fury,0,1,その他,その他
2023-09-28,TuanisApps,Retro Kart Rush,-,"",ETC,TuanisApps,0,1,その他,その他
2023-09-28,Flynn's Arcade,Sentry City,-,"",ETC,Flynn's Arcade,0,1,その他,その他
2023-09-28,ChubbyPixel,Suicide Guy: The Lost Dreams,-,"",ETC,ChubbyPixel,0,1,その他,その他
2023-09-28,RandomSpin Games,Tetropunk,-,"",ETC,RandomSpin Games,0,1,その他,その他
2023-09-28,Krome Studios,Ty the Tasmanian Tiger,-,"",ETC,Krome Studios,0,1,その他,その他
2023-09-28,Brain Connected,WFO World Football Online,-,"",ETC,Brain Connected,0,1,その他,その他
2023-09-28,MASK,○×常識力検定－ホント?ウソ?2択でかんたん雑学教養豆知識学習クイズ－,-,"",ETC,MASK,0,1,その他,その他
2023-09-28,EpiXR Games,アニメポリパズル 未来の女の子,-,"",ETC,EpiXR Games,0,1,その他,その他
2023-09-28,M9 Games,アート強盗 - エスケープルームアドベンチャー,-,"",ETC,M9 Games,0,1,その他,その他
2023-09-28,スクウェア・エニックス,インフィニティ ストラッシュ ドラゴンクエスト ダイの大冒険,31,YES,ARPG,スクウェア・エニックス,6951_0m_4922,1,アクションRPG,その他
2023-09-28,日本ファルコム,イースX -ノーディクス-,-,YES,ETC,日本ファルコム,0,1,その他,その他
2023-09-28,エンターグラム,ガールズフランティッククラン,-,YES,ETC,エンターグラム,0,1,その他,その他
2023-09-28,AlignmentSharp,クマ吉の爆誕☆破壊神,-,"",ETC,AlignmentSharp,0,1,その他,その他
2023-09-28,RedDeerGames,ディフレクター,-,"",ETC,RedDeerGames,0,1,その他,その他
2023-09-28,エンターグラム,トリノライン,-,YES,ETC,エンターグラム,0,1,その他,その他
2023-09-28,Microids,ドルフィンスピリット:海のミッション,-,"",ETC,Microids,0,1,その他,その他
2023-09-28,Soroka Games,バトルシー,-,"",ETC,Soroka Games,0,1,その他,その他
2023-09-28,マスティフ (企業),フェアリー・アフターライト,-,"",ETC,マスティフ (企業),0,1,その他,その他
2023-09-28,Wildbus Studio,フリークの森,-,"",ETC,Wildbus Studio,0,1,その他,その他
2023-09-28,エンターグラム,フローラル・フローラブ,-,YES,ETC,エンターグラム,0,1,その他,その他
2023-09-28,トローゼ,ホーンテッドゾンビ スローター 2,-,"",ETC,トローゼ,0,1,その他,その他
2023-09-28,EpiXR Games,ボーティータンクス,-,"",ETC,EpiXR Games,0,1,その他,その他
2023-09-28,DMM GAMES/EXNOA,ヴァンパイア:ザ・マスカレード スワンソング,-,"",ETC,DMM GAMES/EXNOA,0,1,その他,その他
2023-09-28,バンダイナムコエンターテインメント,僕のヒーローアカデミア ULTRA RUMBLE,-,"",ETC,バンダイナムコエンターテインメント,0,1,その他,その他
2023-09-29,エレクトロニック・アーツ,EA SPORTS FC 24,31,YES,SPT,エレクトロニック・アーツ,7012_0m_4983,1,サッカー,その他
2023-09-30,Annapurna Interactive,COCOON,-,"",ETC,Annapurna Interactive,0,1,その他,その他
2023-10-05,Nacon,Asterix & Obelix: Heroes,-,"",ETC,Nacon,0,1,その他,その他
2023-10-05,HIKE,BLACK WITCHCRAFT,-,"",ETC,HIKE,0,1,その他,その他
2023-10-05,eastasiasoft,BlackJack Waifu Tour,-,"",ETC,eastasiasoft,0,1,その他,その他
2023-10-05,eastasiasoft,Diorama Dungeoncrawl - Master of the Living Castle,-,"",ETC,eastasiasoft,0,1,その他,その他
2023-10-05,McPeppergames,Halloween Games for Toddlers and Babies,-,"",ETC,McPeppergames,0,1,その他,その他
2023-10-05,ESDigital Games,Lord of the Click: Interstellar Wars,-,"",ETC,ESDigital Games,0,1,その他,その他
2023-10-05,SayGames,My Little Universe,-,"",ETC,SayGames,0,1,その他,その他
2023-10-05,Pix Arts,Park Racer,-,"",ETC,Pix Arts,0,1,その他,その他
2023-10-05,Wild River Games,schleich Puzzles FARM WORLD,-,"",ETC,Wild River Games,0,1,その他,その他
2023-10-05,Mens Sana Interactive,Shy Cats Hidden Orchestra,-,"",ETC,Mens Sana Interactive,0,1,その他,その他
2023-10-05,バンダイナムコエンターテインメント,THE DARK PICTURES,-,"",ETC,バンダイナムコエンターテインメント,0,1,その他,その他
2023-10-05,Microids,The Sisters 2 - Road to Fame,-,"",ETC,Microids,0,1,その他,その他
2023-10-05,Cledman Games,Tough Law,-,"",ETC,Cledman Games,0,1,その他,その他
2023-10-05,MASK,まちがいさがし大捜査線－脳を鍛える犯人追跡謎解き探偵推理パズル－,-,"",ETC,MASK,0,1,その他,その他
2023-10-05,Microids,サバイバー - キャストアウェイ・アイランド,-,"",ETC,Microids,0,1,その他,その他
2023-10-05,SOURCE BYTE,サプフライデリバリーシミュレーター,-,"",ETC,SOURCE BYTE,0,1,その他,その他
2023-10-05,Hound Picked Games,サンシャインマナー,-,"",ETC,Hound Picked Games,0,1,その他,その他
2023-10-05,Cooking & Publishing,ザ・ミーニング・オブ・ドリームズ,-,"",ETC,Cooking & Publishing,0,1,その他,その他
2023-10-05,タイトー,ダライアス EXTRA Ver.,-,"",ETC,タイトー,0,1,その他,その他
2023-10-05,Cooking & Publishing,ダーク・アメリカン・ホラー・ストーリー,-,"",ETC,Cooking & Publishing,0,1,その他,その他
2023-10-05,RedDeerGames,フリーキートリップ,-,"",ETC,RedDeerGames,0,1,その他,その他
2023-10-05,Forever Entertainment,フロントミッション セカンド:リメイク,-,YES,ETC,Forever Entertainment,0,1,その他,その他
2023-10-05,Ogre Pixel,プチシール物語 (A Tiny Sticker Tale),-,"",ETC,Ogre Pixel,0,1,その他,その他
2023-10-05,カイロソフト,喫茶ブレンド物語,-,"",ETC,カイロソフト,0,1,その他,その他
2023-10-05,オペラハウス,艶が〜る 〜維新の裏の恋模様〜,-,"",ETC,オペラハウス,0,1,その他,その他
2023-10-06,テイクツー・インタラクティブ・ジャパン,ボーダーランズ3 アルティメット・エディション,-,YES,ETC,テイクツー・インタラクティブ・ジャパン,0,1,その他,その他
2023-10-06,タカラトミー,人生ゲーム for Nintendo Switch,31,YES,TBL,タカラトミー,6978_0m_4949,1,ボードゲーム,その他
2023-10-06,ポケモン,帰ってきた 名探偵ピカチュウ,31,YES,ADV,ポケモン,7007_0m_4978,1,シネマティックアドベンチャー,その他
2023-10-12,Marginalact,Brutalism22,-,"",ETC,Marginalact,0,1,その他,その他
2023-10-12,Feral Interactive,Company of Heroes Collection,-,"",ETC,Feral Interactive,0,1,その他,その他
2023-10-12,Artifex Mundi,Eventide 3: 伝説の遺産,-,"",ETC,Artifex Mundi,0,1,その他,その他
2023-10-12,Atari,Haunted House,-,"",ETC,Atari,0,1,その他,その他
2023-10-12,GammeraNest,Kittengumi: The Sakabato's Thief,-,"",ETC,GammeraNest,0,1,その他,その他
2023-10-12,Anarch Entertainment,NOISZ re://COLLECTION G,-,"",ETC,Anarch Entertainment,0,1,その他,その他
2023-10-12,Soroka Games,Paint It,-,"",ETC,Soroka Games,0,1,その他,その他
2023-10-12,eastasiasoft,RedRaptor,-,"",ETC,eastasiasoft,0,1,その他,その他
2023-10-12,Die Gute Fabrik,Saltsea Chronicles,-,"",ETC,Die Gute Fabrik,0,1,その他,その他
2023-10-12,Phoenixx,Survival Quiz CITY おまつり編,-,"",ETC,Phoenixx,0,1,その他,その他
2023-10-12,Game Source Entertainment,Tin Hearts 衛兵冒険記,-,YES,ETC,Game Source Entertainment,0,1,その他,その他
2023-10-12,Cooking & Publishing,あにまるす - すみかとおどろき,-,"",ETC,Cooking & Publishing,0,1,その他,その他
2023-10-12,PixelHeart,アステブロス,-,"",ETC,PixelHeart,0,1,その他,その他
2023-10-12,Microids,イーハー!きょうりゅうぼくじょう - 大救出作戦,-,"",ETC,Microids,0,1,その他,その他
2023-10-12,アークシステムワークス,ダウンタウン熱血物語SP,-,YES,ETC,アークシステムワークス,0,1,その他,その他
2023-10-12,ジー・モード,デジプラコレクション まるごと鉄道!ミニ 〜JR東日本編〜,-,"",ETC,ジー・モード,0,1,その他,その他
2023-10-12,Half Human Games,ドワブ 〜鍛冶屋のこびっちょ〜,-,"",ETC,Half Human Games,0,1,その他,その他
2023-10-12,Megame,ブレーク・ザ・グラース・カップ ブレーキング・フィジクス・パズル,-,"",ETC,Megame,0,1,その他,その他
2023-10-12,ブシロード,リアセカイ,-,YES,ETC,ブシロード,0,1,その他,その他
2023-10-12,トローゼ,レジェンドオブシャドウ マスクオブザフォース,-,"",ETC,トローゼ,0,1,その他,その他
2023-10-12,Green Sauce Games,古代遺跡 - エジプト,-,"",ETC,Green Sauce Games,0,1,その他,その他
2023-10-12,RedDeerGames,弾丸ロデオ,-,"",ETC,RedDeerGames,0,1,その他,その他
2023-10-12,サイバーステップ,滴るあの娘 〜Drenched Girls〜,-,"",ETC,サイバーステップ,0,1,その他,その他
2023-10-12,MASK,禁断の心霊写真－霊視スマホで見つけ出せ!謎解き都市伝説怪談ホラーゲーム－,-,"",ETC,MASK,0,1,その他,その他
2023-10-12,MASK,転生異世界RPGからの脱出－ニートの勇者が世界を救う!?脱出謎解きアドベンチャー－,-,"",ETC,MASK,0,1,その他,その他
2023-10-13,ケムコ,アルファディアI&II,-,"",ETC,ケムコ,0,1,その他,その他
2023-10-13,Gamuzumi,サクラ・エイリアン1 〜宇宙からの来訪者〜,-,"",ETC,Gamuzumi,0,1,その他,その他
2023-10-17,Ziggurat,A Boy and His Blob: Retro Collection,-,"",ETC,Ziggurat,0,1,その他,その他
2023-10-17,Raw Fury,Kingdom (ゲーム),-,"",ETC,Raw Fury,0,1,その他,その他
2023-10-17,セガ,ソニック スーパースターズ,32,YES,ACT,セガ,6996_0m_4967,1,ハイスピードアクション,その他
2023-10-18,Plaion,Kona (ゲーム),-,"",ETC,Plaion,0,1,その他,その他
2023-10-19,Nacon,Animal Hospital,-,"",ETC,Nacon,0,1,その他,その他
2023-10-19,eastasiasoft,Ball laB II,-,"",ETC,eastasiasoft,0,1,その他,その他
2023-10-19,AbsoDev,Druidwalker - ドルイドウォーカー,-,"",ETC,AbsoDev,0,1,その他,その他
2023-10-19,Halva Studio,Favela Zombie Shooter,-,"",ETC,Halva Studio,0,1,その他,その他
2023-10-19,17Studio,Hentai Tales Vol. 1: Hitomi and Strange Forest,-,"",ETC,17Studio,0,1,その他,その他
2023-10-19,Silesia Games,Hidden Cats in London,-,"",ETC,Silesia Games,0,1,その他,その他
2023-10-19,Plaion,HOT WHEELS UNLEASHED 2 - TURBOCHARGED,-,YES,ETC,Plaion,0,1,その他,その他
2023-10-19,Selva Interactive,Illuminaria,-,"",ETC,Selva Interactive,0,1,その他,その他
2023-10-19,QUByte Interactive,Jujubos,-,"",ETC,QUByte Interactive,0,1,その他,その他
2023-10-19,Freedom Games,Mail Time,-,"",ETC,Freedom Games,0,1,その他,その他
2023-10-19,INSTAMARKETINGANDGAME,Need for Spirit Drink & Drive Simulator,-,"",ETC,INSTAMARKETINGANDGAME,0,1,その他,その他
2023-10-19,17Studio,Soviet Project,-,"",ETC,17Studio,0,1,その他,その他
2023-10-19,Plug In Digital,Spirit of the Island,-,"",ETC,Plug In Digital,0,1,その他,その他
2023-10-19,アクワイア,XALADIA: Rise of the Space Pirates X2,-,"",ETC,アクワイア,0,1,その他,その他
2023-10-19,Bearded Ants,おもちゃ箱パズル,-,"",ETC,Bearded Ants,0,1,その他,その他
2023-10-19,RedDeerGames,お庭のちっちゃいおともだち,-,"",ETC,RedDeerGames,0,1,その他,その他
2023-10-19,MASK,はっけん! おしごとなーんだ?－こども向けはじめてものしり学習知育クイズ－,-,"",ETC,MASK,0,1,その他,その他
2023-10-19,ソニックパワード,ぼくは航空管制官 エアポートヒーロー 羽田 ALLSTARS,-,YES,ETC,ソニックパワード,6855_0m_4825,1,その他,その他
2023-10-19,MASK,もっとひろがる! 小学生のうちに覚えたい英単語－身につく差がつく幼児向け英語学習教養クイズ－,-,"",ETC,MASK,0,1,その他,その他
2023-10-19,HUNTERS,スーパーアルティメットファイターズ,-,"",ETC,HUNTERS,0,1,その他,その他
2023-10-19,RuWaMo Games,バブルショットファーム,-,"",ETC,RuWaMo Games,0,1,その他,その他
2023-10-19,ハピネット,パスパルトゥー2:あるアーティストのキセキ,-,YES,ETC,ハピネット,0,1,その他,その他
2023-10-19,Firestoke,ビッシュ・バッシュ・ボット,-,"",ETC,Firestoke,0,1,その他,その他
2023-10-19,Megame,フーズボール・リーグ・カップ アーケード・テーブル・フットボール・シミュレーター,-,"",ETC,Megame,0,1,その他,その他
2023-10-19,MASK,厨二編 漢字でどう書くの?－読める例文つき選ばれし者のための学習教養勉強パズル－,-,"",ETC,MASK,0,1,その他,その他
2023-10-19,room6,和階堂真の事件簿 TRILOGY DELUXE,-,"",ETC,room6,0,1,その他,その他
2023-10-19,MASK,怪異輪廻からの脱出－脳トレ×脱出ゲーム!脳活謎解き推理サスペンス－,-,"",ETC,MASK,0,1,その他,その他
2023-10-19,PLAYISM,恐怖の世界,-,YES,ETC,PLAYISM,0,1,その他,その他
2023-10-19,MASK,恐怖の脳トレ－心霊画像でアハ活脳活間違い探しホラーゲーム－,-,"",ETC,MASK,0,1,その他,その他
2023-10-19,Bilibili HK,暖雪 (Warm Snow),-,"",ETC,Bilibili HK,0,1,その他,その他
2023-10-19,サイバーステップ,鬼鎮村の危険な因襲 - Dangerous Village Tradition -,-,"",ETC,サイバーステップ,0,1,その他,その他
2023-10-20,IllFonic,Ghostbusters: Spirits Unleashed,-,"",ETC,IllFonic,0,1,その他,その他
2023-10-20,ラタライカゲームス,NeonPowerUp!,-,"",ETC,ラタライカゲームス,0,1,その他,その他
2023-10-20,任天堂,スーパーマリオブラザーズ ワンダー,36,YES,ACT,任天堂,6953_0m_4924,1,横スクロールアクション,その他
2023-10-20,eastasiasoft,別世界の麻雀少女,-,"",ETC,eastasiasoft,0,1,その他,その他
2023-10-24,KONAMI,METAL GEAR SOLID: MASTER COLLECTION Vol.1,-,YES,ETC,KONAMI,7076_0m_5046,1,その他,その他
2023-10-24,ユービーアイソフト,ジャストダンス 2024 エディション,-,YES,ETC,ユービーアイソフト,0,1,その他,その他
2023-10-26,Just For Games,30 Sport Games in 1,-,"",ETC,Just For Games,0,1,その他,その他
2023-10-26,Budge Studios,Barbie DreamHouse Adventures,-,"",ETC,Budge Studios,0,1,その他,その他
2023-10-26,HypeTrain Digital,Black Book,-,"",ETC,HypeTrain Digital,0,1,その他,その他
2023-10-26,Team17,Blasphemous,-,"",ETC,Team17,0,1,その他,その他
2023-10-26,GameToTop Corp.,Bus Simulator 2023: City Driver,-,"",ETC,GameToTop Corp.,0,1,その他,その他
2023-10-26,Dynamic Voltage Games,Composer World,-,"",ETC,Dynamic Voltage Games,0,1,その他,その他
2023-10-26,Soedesco,DESOLATIUM,-,"",ETC,Soedesco,0,1,その他,その他
2023-10-26,Wild River Games,DINOSAURS: Mission Dino Camp,-,"",ETC,Wild River Games,0,1,その他,その他
2023-10-26,ボルテージ,even if TEMPEST 連なるときの暁,-,"",ETC,ボルテージ,0,1,その他,その他
2023-10-26,Modus Games,Gordian Quest,-,"",ETC,Modus Games,0,1,その他,その他
2023-10-26,DX Gameworks,Hamster on Rails,-,"",ETC,DX Gameworks,0,1,その他,その他
2023-10-26,Rogue Games,HELLO KITTYとなかまたち ハピネスパレード,-,"",ETC,Rogue Games,0,1,その他,その他
2023-10-26,Sometimes You,Hero Survival,-,"",ETC,Sometimes You,0,1,その他,その他
2023-10-26,アレス,HHG 女神の終焉,-,YES,ETC,アレス,0,1,その他,その他
2023-10-26,Just For Games,Kraken Odyssey,-,"",ETC,Just For Games,0,1,その他,その他
2023-10-26,ウニコ,Omen of Sorrow,-,"",ETC,ウニコ,0,1,その他,その他
2023-10-26,Tendokore,Seaside Driving,-,"",ETC,Tendokore,0,1,その他,その他
2023-10-26,Plug In Digital,Skábma - Snowfall,-,"",ETC,Plug In Digital,0,1,その他,その他
2023-10-26,わくわくゲームズ,SPACE STORESHIP,-,"",ETC,わくわくゲームズ,0,1,その他,その他
2023-10-26,Super Spin Digital,Spin Rhythm XD,-,"",ETC,Super Spin Digital,0,1,その他,その他
2023-10-26,eastasiasoft,Swapshot,-,"",ETC,eastasiasoft,0,1,その他,その他
2023-10-26,Thalamus Digital,Tappy Word,-,"",ETC,Thalamus Digital,0,1,その他,その他
2023-10-26,不明,Tappy Word 2,-,"",ETC,不明,0,1,その他,その他
2023-10-26,不明,Tappy Word 3,-,"",ETC,不明,0,1,その他,その他
2023-10-26,不明,Tappy Word Infinite,-,"",ETC,不明,0,1,その他,その他
2023-10-26,JoyBits,Varenje - Don't Touch The Berries,-,"",ETC,JoyBits,0,1,その他,その他
2023-10-26,Valkyrie Initiative,Wet Steps,-,"",ETC,Valkyrie Initiative,0,1,その他,その他
2023-10-26,Gravity,Wetory,-,"",ETC,Gravity,0,1,その他,その他
2023-10-26,Midnight Works,WWII Tanks Battle - World War 2 Heroes Troopers Machines Sim,-,"",ETC,Midnight Works,0,1,その他,その他
2023-10-26,ディッジ,あけておねがい,-,YES,ETC,ディッジ,0,1,その他,その他
2023-10-26,Cooking & Publishing,いろとそのいみ,-,"",ETC,Cooking & Publishing,0,1,その他,その他
2023-10-26,シティコネクション,アイドル麻雀 ファイナルロマンス4 Remaster,-,"",ETC,シティコネクション,0,1,その他,その他
2023-10-26,フライハイワークス,スライムの大いなる野望,-,"",ETC,フライハイワークス,0,1,その他,その他
2023-10-26,ネクソン,デイヴ・ザ・ダイバー,-,"",ETC,ネクソン,0,1,その他,その他
2023-10-26,Green Sauce Games,ドリーム・オブ・ゲイシャ,-,"",ETC,Green Sauce Games,0,1,その他,その他
2023-10-26,AlignmentSharp,ニャン蔵&クマ吉のフラワーガーデンを作ろう,-,"",ETC,AlignmentSharp,0,1,その他,その他
2023-10-26,Outright Games（英語版）,パウ・パトロール ワールド,-,YES,ETC,Outright Games（英語版）,0,1,その他,その他
2023-10-26,Crazysoft,ペイントボール3 - キャンディマッチファクトリー,-,"",ETC,Crazysoft,0,1,その他,その他
2023-10-26,EpiXR Games,ペーパーダッシュゴーストハント,-,"",ETC,EpiXR Games,0,1,その他,その他
2023-10-26,EpiXR Games,ホラーギャラリー,-,"",ETC,EpiXR Games,0,1,その他,その他
2023-10-26,EpiXR Games,ホラーテールワン キドナパー2,-,"",ETC,EpiXR Games,0,1,その他,その他
2023-10-26,Infinite Game,ルミエルマグナ,-,"",ETC,Infinite Game,0,1,その他,その他
2023-10-26,Coconut Island Games,完璧な一日,-,"",ETC,Coconut Island Games,0,1,その他,その他
2023-10-26,日本一ソフトウェア,役づくりパズル ゆめいろユラム,-,YES,ETC,日本一ソフトウェア,0,1,その他,その他
2023-10-26,エンターグラム,白刃きらめく恋しらべ,-,YES,ETC,エンターグラム,0,1,その他,その他
2023-10-26,●,華アワセ 朔 -いろは編-,-,,ETC,●,0,1,その他,その他
2023-10-26,●,華アワセ 朔 -唐紅/うつつ編-,-,,ETC,●,0,1,その他,その他
2023-10-26,●,華アワセ 朔 -姫空木編-,-,,ETC,●,0,1,その他,その他
2023-10-26,dramatic create/ヒューネックス,華アワセ 朔 -蛟編-,-,YES,ETC,dramatic create/ヒューネックス,0,1,その他,その他
2023-10-26,SOURCE BYTE,選択の衝突:あなたはどちらを選びますか,-,"",ETC,SOURCE BYTE,0,1,その他,その他
2023-10-27,eastasiasoft,Alive Paint,-,"",ETC,eastasiasoft,0,1,その他,その他
2023-10-27,Nerd Games,トラック レース クライミング,-,"",ETC,Nerd Games,0,1,その他,その他
2023-10-31,Team17,Headbangers: Rhythm Royale,-,"",ETC,Team17,0,1,その他,その他
2023-10-31,Cyberisle,恋愛綺談 存在しない夏,-,"",ETC,Cyberisle,0,1,その他,その他
2023-11-01,マーベラス,Ninja or Die: Shadow of the Sun,-,"",ETC,マーベラス,0,1,その他,その他
2023-11-02,The Behemoth,Alien Hominid HD,-,"",ETC,The Behemoth,0,1,その他,その他
2023-11-02,不明,Alien Hominid Invasion,-,"",ETC,不明,0,1,その他,その他
2023-11-02,eastasiasoft,Alpha Particle,-,"",ETC,eastasiasoft,0,1,その他,その他
2023-11-02,SPACEFARER GAMES,amazin' Mage,-,"",ETC,SPACEFARER GAMES,0,1,その他,その他
2023-11-02,Maus Games,Eigengrau,-,"",ETC,Maus Games,0,1,その他,その他
2023-11-02,Twin Sails,Ember Knights,-,"",ETC,Twin Sails,0,1,その他,その他
2023-11-02,Sometimes You,Fusion Paradox,-,"",ETC,Sometimes You,0,1,その他,その他
2023-11-02,PixelHeart,FX・ユニット雪 変身エンジン,-,"",ETC,PixelHeart,0,1,その他,その他
2023-11-02,Bonus Stage Publishing,Garden In!,-,"",ETC,Bonus Stage Publishing,0,1,その他,その他
2023-11-02,Rose City Games,Garden Story ガーデンストーリー,-,"",ETC,Rose City Games,0,1,その他,その他
2023-11-02,Disney Electronic Content,Gargoyles (ゲーム),-,"",ETC,Disney Electronic Content,0,1,その他,その他
2023-11-02,RedDeerGames,Hentai Party,-,"",ETC,RedDeerGames,0,1,その他,その他
2023-11-02,Sabec,Makeup Artist,-,"",ETC,Sabec,0,1,その他,その他
2023-11-02,フリュー,MODEL Debut3 #nicola,-,YES,ETC,フリュー,0,1,その他,その他
2023-11-02,McPeppergames,My Little Car Wash,-,"",ETC,McPeppergames,0,1,その他,その他
2023-11-02,COMMANDO PANDA,PAWfectly Designed,-,"",ETC,COMMANDO PANDA,0,1,その他,その他
2023-11-02,RandomSpin Games,Rally Racing: Cars & Drift Mania,-,"",ETC,RandomSpin Games,0,1,その他,その他
2023-11-02,Atari,RollerCoaster Tycoon Adventures Deluxe,-,"",ETC,Atari,0,1,その他,その他
2023-11-02,スクウェア・エニックス,STAR OCEAN THE SECOND STORY R,-,YES,ETC,スクウェア・エニックス,0,1,その他,その他
2023-11-02,Microids,The Smurfs 2: グリーンストーンのとりこ,-,"",ETC,Microids,0,1,その他,その他
2023-11-02,moesoft,White Wings ホワイトウィングス,-,"",ETC,moesoft,0,1,その他,その他
2023-11-02,TT,おくだけドリル 小学6年生漢字－パズルで楽しく国語マスター学習勉強教養ゲーム－,-,"",ETC,TT,0,1,その他,その他
2023-11-02,MASK,くるくるパズル 世界史B－ならべてかんたん世界史学習雑学教養勉強ゲーム－,-,"",ETC,MASK,0,1,その他,その他
2023-11-02,TT,はじめての英語 タイピング&パズル－キーボード配列も学べる幼児向け学習勉強ゲーム－,-,"",ETC,TT,0,1,その他,その他
2023-11-02,Megame,シティー・パーキング・ドライバー ドロー・ザ・パース・シミュレーター,-,"",ETC,Megame,0,1,その他,その他
2023-11-02,SAT-BOX,ジオメトリックブラザーズ,-,"",ETC,SAT-BOX,0,1,その他,その他
2023-11-02,Megame,ストリート・バスケットボール・クラブ スポーツ・スロー・シミュレーター,-,"",ETC,Megame,0,1,その他,その他
2023-11-02,カエルエックス,タマ&フレンズ スリーマッチパズル,-,"",ETC,カエルエックス,0,1,その他,その他
2023-11-02,loonyware,チキンジャーニー,-,"",ETC,loonyware,0,1,その他,その他
2023-11-02,Riot Forge,ヌヌの唄:リーグ・オブ・レジェンド ストーリー,-,"",ETC,Riot Forge,0,1,その他,その他
2023-11-02,マーベラス,ファッションドリーマー,-,YES,ETC,マーベラス,0,1,その他,その他
2023-11-02,RedDeerGames,ワンナイトバーレスク,-,"",ETC,RedDeerGames,0,1,その他,その他
2023-11-02,トローゼ,ワールドウォー D-デイ PART ONE,-,"",ETC,トローゼ,0,1,その他,その他
2023-11-02,コンパイルハート,圧倒的遊戯 ムゲンソウルズ,-,YES,ETC,コンパイルハート,0,1,その他,その他
2023-11-02,●,圧倒的遊戯 ムゲンソウルズZ,-,,ETC,●,0,1,その他,その他
2023-11-02,賈船,狐が僕を待っている 花 The Fox Awaits Me HANA,-,YES,ETC,賈船,0,1,その他,その他
2023-11-02,MASK,迷子の子猫ちゃん－このネコどこだ?癒やしの脳トレ脳活アハ活イラスト探し－,-,"",ETC,MASK,0,1,その他,その他
2023-11-03,Annapurna Interactive,Thirsty Suitors,-,"",ETC,Annapurna Interactive,0,1,その他,その他
2023-11-03,DMM GAMES/EXNOA,きみのまち サンドロック,-,YES,ETC,DMM GAMES/EXNOA,0,1,その他,その他
2023-11-03,任天堂,超おどる メイド イン ワリオ,35,YES,ACT,任天堂,6960_0m_4931,1,瞬間アクション,その他
2023-11-07,セガ,Football Manager,-,YES,ETC,セガ,0,1,その他,その他
2023-11-07,Ska Studios,Salt and Sacrifice,-,"",ETC,Ska Studios,0,1,その他,その他
2023-11-09,Freedom Games,9 Years of Shadows,-,"",ETC,Freedom Games,0,1,その他,その他
2023-11-09,QUByte Interactive,Bem Feito,-,"",ETC,QUByte Interactive,0,1,その他,その他
2023-11-09,Atari,Berzerk,-,"",ETC,Atari,0,1,その他,その他
2023-11-09,OverGamez,Cats and the Other Lives,-,"",ETC,OverGamez,0,1,その他,その他
2023-11-09,Brace Yourself,Cobalt Core,-,"",ETC,Brace Yourself,0,1,その他,その他
2023-11-09,Mens Sana Interactive,Dolmenjord - Viking Islands,-,"",ETC,Mens Sana Interactive,0,1,その他,その他
2023-11-09,PixelHeart,Golden Force,-,"",ETC,PixelHeart,0,1,その他,その他
2023-11-09,Adjective Animal,Kumi-Daiko Beatoff,-,"",ETC,Adjective Animal,0,1,その他,その他
2023-11-09,DEMENCI Games,Polyturbo Drift Racing Simulator,-,"",ETC,DEMENCI Games,0,1,その他,その他
2023-11-09,DEMENCI Games,Real Car Parking 2024: Driving Simulator,-,"",ETC,DEMENCI Games,0,1,その他,その他
2023-11-09,NEOWIZ新世界I&C,SANABI,-,YES,ETC,NEOWIZ新世界I&C,0,1,その他,その他
2023-11-09,Bleeding Pixels Games,Seven Spirits,-,"",ETC,Bleeding Pixels Games,0,1,その他,その他
2023-11-09,Merge Games,Spells & Secrets,-,"",ETC,Merge Games,0,1,その他,その他
2023-11-09,PixelHeart,Tanuki Justice,-,"",ETC,PixelHeart,0,1,その他,その他
2023-11-09,DEMENCI Games,Village Tycoon: Farm City Simulator,-,"",ETC,DEMENCI Games,0,1,その他,その他
2023-11-09,QUByte Interactive,VISCO Collection,-,"",ETC,QUByte Interactive,0,1,その他,その他
2023-11-09,MASK,いろちみっけ!－1か所間違い探しで脳トレ脳活アハ活色彩感覚テスト－,-,"",ETC,MASK,0,1,その他,その他
2023-11-09,ディースリー・パブリッシャー,ふしぎ駄菓子屋 銭天堂 ふしぎ駄菓子ばなし50選,-,YES,ETC,ディースリー・パブリッシャー,0,1,その他,その他
2023-11-09,MASK,もっと知りたい古代エジプト－ゲームで楽しく歴史発見雑学教養豆知識学習クイズ－,-,"",ETC,MASK,0,1,その他,その他
2023-11-09,MASK,ものしりクイズ 太古の恐竜－学べる雑学教養豆知識学習ゲーム－,-,"",ETC,MASK,0,1,その他,その他
2023-11-09,トローゼ,アドベンチャーワード アラウンド・ザ・ワールド,-,"",ETC,トローゼ,0,1,その他,その他
2023-11-09,Megame,ウォー・ゾーン・ソルジャー バトル・ロイアル・シューター,-,"",ETC,Megame,0,1,その他,その他
2023-11-09,Elusor,オンリーアップ!OnlyUP!,-,"",ETC,Elusor,0,1,その他,その他
2023-11-09,Mindscape,ゲームアドベントカレンダー・25日間・25のサプライズ,-,"",ETC,Mindscape,0,1,その他,その他
2023-11-09,アークシステムワークス,ダブルドラゴンコレクション,-,YES,ETC,アークシステムワークス,6937_0m_4907,1,その他,その他
2023-11-09,EpiXR Games,ドラゴンウィングズ,-,"",ETC,EpiXR Games,0,1,その他,その他
2023-11-09,Megame,プリゾン・ブレーク ジェール・エスケープ・シミュレーター,-,"",ETC,Megame,0,1,その他,その他
2023-11-09,HERO GAME,君の未来 2 未来予知,-,"",ETC,HERO GAME,0,1,その他,その他
2023-11-09,MASK,推しと話せる! ハングル基礎フレーズ－クイズで推し活韓国語かんたん勉強学習語学ゲーム－,-,"",ETC,MASK,0,1,その他,その他
2023-11-10,ININ Games,Air Twister,-,YES,ETC,ININ Games,0,1,その他,その他
2023-11-10,ラタライカゲームス,Bob the Elementalist,-,"",ETC,ラタライカゲームス,0,1,その他,その他
2023-11-10,ケムコ,グレイス オブ リトアール,-,"",ETC,ケムコ,0,1,その他,その他
2023-11-10,Gamuzumi,サクラ・エイリアン2 〜もう1人の王女〜,-,"",ETC,Gamuzumi,0,1,その他,その他
2023-11-11,毛ナカガワ,人は金成り,-,"",ETC,毛ナカガワ,0,1,その他,その他
2023-11-14,KONAMI,Super Crazy Rhythm Castle,-,"",ETC,KONAMI,0,1,その他,その他
2023-11-14,WB Games,ホグワーツ・レガシー,37,YES,ARPG,WB Games,7055_0m_5025,1,アクションRPG,その他
2023-11-15,Different Tales,Backpack Hero,-,"",ETC,Different Tales,0,1,その他,その他
2023-11-15,Astragon,Howl,-,"",ETC,Astragon,0,1,その他,その他
2023-11-15,Devolver Digital,KarmaZoo,-,"",ETC,Devolver Digital,0,1,その他,その他
2023-11-15,わくわくゲームズ,ファミレスを享受せよ,-,"",ETC,わくわくゲームズ,0,1,その他,その他
2023-11-15,わくわくゲームズ,闇鍋人狼,-,"",ETC,わくわくゲームズ,0,1,その他,その他
2023-11-16,WhisperGames,ASTLIBRA Revision,-,"",ETC,WhisperGames,0,1,その他,その他
2023-11-16,SUCCESS GAMES,Attack Strategy - Battle Simulator Accurate,-,"",ETC,SUCCESS GAMES,0,1,その他,その他
2023-11-16,ININ Games,Bud Spencer & Terence Hill - Slaps and Beans,-,"",ETC,ININ Games,0,1,その他,その他
2023-11-16,Iced Lizard Games,CometStriker DX,-,"",ETC,Iced Lizard Games,0,1,その他,その他
2023-11-16,moesoft,Criss Cross クリスクロス,-,"",ETC,moesoft,0,1,その他,その他
2023-11-16,DEMENCI Games,Drag Racing Car Simulator,-,"",ETC,DEMENCI Games,0,1,その他,その他
2023-11-16,DEMENCI Games,Extreme Skyway Racer Simulator,-,"",ETC,DEMENCI Games,0,1,その他,その他
2023-11-16,McPeppergames,Find the Pairs Memo Game for Kids,-,"",ETC,McPeppergames,0,1,その他,その他
2023-11-16,Kanuni Games,ForRace GT2D,-,"",ETC,Kanuni Games,0,1,その他,その他
2023-11-16,Soedesco,Guns and Spurs 2,-,"",ETC,Soedesco,0,1,その他,その他
2023-11-16,SUCCESS GAMES,Keep The Fire - Survival Simulator,-,"",ETC,SUCCESS GAMES,0,1,その他,その他
2023-11-16,Plaion,Let's Sing 2024,-,"",ETC,Plaion,0,1,その他,その他
2023-11-16,eastasiasoft,Lily in Puzzle World,-,"",ETC,eastasiasoft,0,1,その他,その他
2023-11-16,DEMENCI Games,MechanixMind: IQ Puzzle Adventure,-,"",ETC,DEMENCI Games,0,1,その他,その他
2023-11-16,バンダイナムコエンターテインメント,NARUTO X BORUTO ナルティメットストームコネクションズ,-,YES,ETC,バンダイナムコエンターテインメント,6986_0m_4957,1,その他,その他
2023-11-16,Nejcraft,Pop and Chicks,-,"",ETC,Nejcraft,0,1,その他,その他
2023-11-16,Screenwave Media,Prison City,-,"",ETC,Screenwave Media,0,1,その他,その他
2023-11-16,Mens Sana Interactive,Ralph and the Blue Ball,-,"",ETC,Mens Sana Interactive,0,1,その他,その他
2023-11-16,Gearbox Publishing,Risk of Rain,-,"",ETC,Gearbox Publishing,0,1,その他,その他
2023-11-16,JanduSoft,Smoots Pinball,-,"",ETC,JanduSoft,0,1,その他,その他
2023-11-16,Soroka Games,Snap Together,-,"",ETC,Soroka Games,0,1,その他,その他
2023-11-16,Bedtime Digital,The Forest Quartet,-,"",ETC,Bedtime Digital,0,1,その他,その他
2023-11-16,SNK,THE KING OF FIGHTERS XIII GLOBAL MATCH,-,YES,ETC,SNK,7036_0m_5007,1,その他,その他
2023-11-16,Playstack,The Last Faith,-,"",ETC,Playstack,0,1,その他,その他
2023-11-16,Artifex Mundi,The Myth Seekers 2: 沈める都,-,"",ETC,Artifex Mundi,0,1,その他,その他
2023-11-16,HypeTrain Digital,There Is No Light,-,"",ETC,HypeTrain Digital,0,1,その他,その他
2023-11-16,TT,いじわるIQテスト－ひっかけ脳トレひらめきアハ活パズル－,-,"",ETC,TT,0,1,その他,その他
2023-11-16,RedDeerGames,こどものための ナンバープレイス,-,"",ETC,RedDeerGames,0,1,その他,その他
2023-11-16,MASK,ちきゅうのふしぎ なぁぜなぁぜ？－ゲームで楽しく地球探検雑学教養豆知識学習クイズ－,-,"",ETC,MASK,0,1,その他,その他
2023-11-16,Amber Studio,ふたごのパズル,-,"",ETC,Amber Studio,0,1,その他,その他
2023-11-16,Cooking & Publishing,みーにんぐ おぶ しんぼるず,-,"",ETC,Cooking & Publishing,0,1,その他,その他
2023-11-16,MASK,ものしりクイズ 世界の昆虫－学べる雑学教養豆知識学習ゲーム－,-,"",ETC,MASK,0,1,その他,その他
2023-11-16,EpiXR Games,アドベンチャータンクス,-,"",ETC,EpiXR Games,0,1,その他,その他
2023-11-16,Thalamus Digital,エイリアン・デス・モブ,-,"",ETC,Thalamus Digital,0,1,その他,その他
2023-11-16,サイバーステップ,コスプレリラクゼーション - Cosplay Relaxation -,-,"",ETC,サイバーステップ,0,1,その他,その他
2023-11-16,No More Robots,スピリットティー,-,"",ETC,No More Robots,0,1,その他,その他
2023-11-16,RedDeerGames,スマーフ 学んで遊ぼう,-,"",ETC,RedDeerGames,0,1,その他,その他
2023-11-16,アポローン,ダ・ダ・ダウンゴ,-,"",ETC,アポローン,0,1,その他,その他
2023-11-16,TT,ナゾトキ魔女と秘密の本－物語も楽しめるひまつぶし脳トレ推理アドベンチャー－,-,"",ETC,TT,0,1,その他,その他
2023-11-16,SC Ovilex Soft,ユーロトラックドライバーシミュレーター,-,"",ETC,SC Ovilex Soft,0,1,その他,その他
2023-11-16,レイニーフロッグ,ヴァルシリア アーク 〜ヒーロースクールストーリー2〜,-,"",ETC,レイニーフロッグ,0,1,その他,その他
2023-11-16,メディアスケープ,不思議な夢の海のとばり,-,"",ETC,メディアスケープ,0,1,その他,その他
2023-11-16,Mindscape,冬休みのジグソーパズル,-,"",ETC,Mindscape,0,1,その他,その他
2023-11-16,カイロソフト,創造タウンズ島,-,"",ETC,カイロソフト,0,1,その他,その他
2023-11-16,インティ・クリエイツ,幻日のヨハネ -BLAZE in the DEEPBLUE-,-,YES,ETC,インティ・クリエイツ,0,1,その他,その他
2023-11-16,日本コロムビア,映画 すみっコぐらし ツギハギ工場のふしぎなコ ゲームであそぼう! 映画の世界,-,YES,ETC,日本コロムビア,0,1,その他,その他
2023-11-16,KONAMI,桃太郎電鉄ワールド 〜地球は希望でまわってる!〜,35,YES,TBL,KONAMI,6989_0m_4960,1,ボードゲーム,その他
2023-11-16,Halva Studio,街の中の猫: Cats on Streets,-,"",ETC,Halva Studio,0,1,その他,その他
2023-11-16,SC Ovilex Soft,電車運転士シミュレーター,-,"",ETC,SC Ovilex Soft,0,1,その他,その他
2023-11-17,任天堂,スーパーマリオRPG,34,YES,RPG,任天堂,6954_0m_4925,1,RPG,その他
2023-11-17,アトラス,ペルソナ5 タクティカ,33,YES,SRPG,アトラス,6942_0m_4913,1,シミュレーションRPG,その他
2023-11-21,Armor Games Studios,In Stars and Time,-,"",ETC,Armor Games Studios,0,1,その他,その他
2023-11-21,Tozai Games,アイレムコレクションVol.1,-,YES,ETC,Tozai Games,0,1,その他,その他
2023-11-21,エム・ビー・エーインターナショナル,泳げ!!サカバンバスピス!! 〜遠くまで泳ぎ続けよう〜,-,"",ETC,エム・ビー・エーインターナショナル,0,1,その他,その他
2023-11-22,イザナギゲームズ,DYSCHRONIA: Chronos Alternate - Definitive Edition,-,YES,ETC,イザナギゲームズ,0,1,その他,その他
2023-11-22,エンターグラム,RE:D Cherish!,-,YES,ETC,エンターグラム,0,1,その他,その他
2023-11-22,eastasiasoft,SETTRIS,-,"",ETC,eastasiasoft,0,1,その他,その他
2023-11-22,Goblinz Studio,Terraformers,-,"",ETC,Goblinz Studio,0,1,その他,その他
2023-11-22,Coatsink Software,Worldless,-,"",ETC,Coatsink Software,0,1,その他,その他
2023-11-22,プロトタイプ,クドわふたー Converted Edition,-,YES,ETC,プロトタイプ,0,1,その他,その他
2023-11-23,DANGEN Entertainment,Alina of the Arena,-,"",ETC,DANGEN Entertainment,0,1,その他,その他
2023-11-23,Flynn's Arcade,Colored Effects カラー・エフェクト,-,"",ETC,Flynn's Arcade,0,1,その他,その他
2023-11-23,TAKUYO,月影の鎖 -錯乱パラノイア-,-,YES,ETC,TAKUYO,0,1,その他,その他
2023-11-24,ラタライカゲームス,Evil Diary,-,"",ETC,ラタライカゲームス,0,1,その他,その他
2023-11-24,Marginalact,Frogvival,-,"",ETC,Marginalact,0,1,その他,その他
2023-11-24,SAT-BOX,ビッグボールスポーツ,-,"",ETC,SAT-BOX,0,1,その他,その他
2023-11-30,Pix Arts,Air Aces,-,"",ETC,Pix Arts,0,1,その他,その他
2023-11-30,SOFT SOURCE,Aspire: Ina's Tale,-,"",ETC,SOFT SOURCE,0,1,その他,その他
2023-11-30,Thalamus Digital,Breakout Birdie Escape,-,"",ETC,Thalamus Digital,0,1,その他,その他
2023-11-30,不明,Breakout Birdie Escape 2,-,"",ETC,不明,0,1,その他,その他
2023-11-30,不明,Breakout Birdie Panic,-,"",ETC,不明,0,1,その他,その他
2023-11-30,不明,Breakout Birdie Panic 2,-,"",ETC,不明,0,1,その他,その他
2023-11-30,不明,Breakout Birdie Puzzle,-,"",ETC,不明,0,1,その他,その他
2023-11-30,不明,Breakout Birdie Puzzle 2,-,"",ETC,不明,0,1,その他,その他
2023-11-30,BATOVI Games,CHARRUA SOCCER - Pro Edition,-,"",ETC,BATOVI Games,0,1,その他,その他
2023-11-30,JanduSoft,Crashy Laps,-,"",ETC,JanduSoft,0,1,その他,その他
2023-11-30,ディースリー・パブリッシャー,DesperaDrops/デスペラドロップス,-,YES,ETC,ディースリー・パブリッシャー,0,1,その他,その他
2023-11-30,Nami Tentou,Eyra: The Crow Maiden,-,"",ETC,Nami Tentou,0,1,その他,その他
2023-11-30,SOFT SOURCE,Flame Keeper,-,"",ETC,SOFT SOURCE,0,1,その他,その他
2023-11-30,オーイズミ・アミュージオ,Gravity Circuit,-,YES,ETC,オーイズミ・アミュージオ,0,1,その他,その他
2023-11-30,Chunderfins,Hazelnut Hex,-,"",ETC,Chunderfins,0,1,その他,その他
2023-11-30,17Studio,Hentai Tales Vol. 2: Hitomi and Sea Trip,-,"",ETC,17Studio,0,1,その他,その他
2023-11-30,CFK,MOTESOLO 〜非モテ男の恋愛奮闘記〜,-,"",ETC,CFK,0,1,その他,その他
2023-11-30,任天堂,NINTENDO 64 Nintendo Classics 18+,-,"",ETC,任天堂,0,1,その他,その他
2023-11-30,Woodhill Interactive,Orten Was The Case,-,"",ETC,Woodhill Interactive,0,1,その他,その他
2023-11-30,Elushis,Ortheo,-,"",ETC,Elushis,0,1,その他,その他
2023-11-30,Baltoro Games,Pixel Cafe,-,"",ETC,Baltoro Games,0,1,その他,その他
2023-11-30,DEMENCI Games,Poly Shooting Simulator,-,"",ETC,DEMENCI Games,0,1,その他,その他
2023-11-30,Soda Den,Roots of Pacha,-,"",ETC,Soda Den,0,1,その他,その他
2023-11-30,ポラリスエックス,Shikon-X 宇宙防衛要塞,-,"",ETC,ポラリスエックス,0,1,その他,その他
2023-11-30,Astra Logical,Snakebird Complete,-,"",ETC,Astra Logical,0,1,その他,その他
2023-11-30,DEMENCI Games,Taxi Driver Simulator 2024,-,"",ETC,DEMENCI Games,0,1,その他,その他
2023-11-30,Neverland Entertainment,TEVI,-,"",ETC,Neverland Entertainment,0,1,その他,その他
2023-11-30,eastasiasoft,The Traveler's Path,-,"",ETC,eastasiasoft,0,1,その他,その他
2023-11-30,Seaven Studio,Toasterball,-,"",ETC,Seaven Studio,0,1,その他,その他
2023-11-30,Baltoro Games,Train Traffic Manager: 列車交通マネージャー,-,"",ETC,Baltoro Games,0,1,その他,その他
2023-11-30,Nacon,Wildshade: Unicorn Champions,-,"",ETC,Nacon,0,1,その他,その他
2023-11-30,ASHGAMES,Witchtastic,-,"",ETC,ASHGAMES,0,1,その他,その他
2023-11-30,Webnetic,Word Space,-,"",ETC,Webnetic,0,1,その他,その他
2023-11-30,ポケット,うちトレ 〜【最短4分】筋トレ&有酸素運動〜,-,YES,ETC,ポケット,0,1,その他,その他
2023-11-30,イマジニア,ぬりえであそぼう どうぶつえん,-,"",ETC,イマジニア,0,1,その他,その他
2023-11-30,RedDeerGames,よちよちマイペットゴルフダッシュ,-,"",ETC,RedDeerGames,0,1,その他,その他
2023-11-30,H2 INTERACTIVE,アストラル アセント,-,"",ETC,H2 INTERACTIVE,0,1,その他,その他
2023-11-30,アレス,アマカノ 〜Second Season〜,-,YES,ETC,アレス,0,1,その他,その他
2023-11-30,アイディアファクトリー,キューピット・パラサイト -Sweet & Spicy Darling.-,-,YES,ETC,アイディアファクトリー,0,1,その他,その他
2023-11-30,MazM,ダイ・クリーチャー,-,"",ETC,MazM,0,1,その他,その他
2023-11-30,サイバーステップ,テラビット,-,"",ETC,サイバーステップ,0,1,その他,その他
2023-11-30,EpiXR Games,デリーティド,-,"",ETC,EpiXR Games,0,1,その他,その他
2023-11-30,サンソフト,トリップワールドDX,-,YES,ETC,サンソフト,0,1,その他,その他
2023-11-30,Megame,ドロー・アンド・カラー・メーズ ペイント・ラビリンス・パズル,-,"",ETC,Megame,0,1,その他,その他
2023-11-30,RedDeerGames,ノラ:錬金術師を志す者,-,"",ETC,RedDeerGames,0,1,その他,その他
2023-11-30,トローゼ,ワールドウォー D-デイ PART TWO,-,"",ETC,トローゼ,0,1,その他,その他
2023-11-30,スタジオアートディンク,今、私たちの学校は…,-,"",ETC,スタジオアートディンク,0,1,その他,その他
2023-11-30,SAT-BOX,作って!たこ焼き,-,"",ETC,SAT-BOX,0,1,その他,その他
2023-11-30,テウォンメディア,幻世酔虎伝プラス,-,YES,ETC,テウォンメディア,0,1,その他,その他
2023-11-30,グッド・フィール,御伽活劇 豆狸のバケル 〜オラクル祭太郎の祭難!!〜,-,YES,ETC,グッド・フィール,0,1,その他,その他
2023-11-30,サイバーステップ,"数学と親友とネタ帳 - Math, BFF, and Notes -",-,"",ETC,サイバーステップ,0,1,その他,その他
2023-11-30,ボルテージ,特別捜査 密着24時,-,"",ETC,ボルテージ,0,1,その他,その他
2023-12-01,Thunderful,SteamWorld Build,-,"",ETC,Thunderful,0,1,その他,その他
2023-12-01,ラタライカゲームス,Zomborg,-,"",ETC,ラタライカゲームス,0,1,その他,その他
2023-12-01,スクウェア・エニックス,ドラゴンクエストモンスターズ3 魔族の王子とエルフの旅,36,YES,RPG,スクウェア・エニックス,6949_0m_4920,1,育成RPG,その他
2023-12-01,WB Gamesセガ,バットマン: アーカム・トリロジー,-,YES,ETC,WB Gamesセガ,0,1,その他,その他
2023-12-04,Secret Mode,Make Way,-,"",ETC,Secret Mode,0,1,その他,その他
2023-12-06,Humble Games,While the Iron's Hot,-,"",ETC,Humble Games,0,1,その他,その他
2023-12-07,SOFT SOURCE,Bang-On Balls: Chronicles,-,"",ETC,SOFT SOURCE,0,1,その他,その他
2023-12-07,eastasiasoft,Battle Stations Blockade,-,"",ETC,eastasiasoft,0,1,その他,その他
2023-12-07,DEMENCI Games,Bulldozer Tycoon: Construction Simulator,-,"",ETC,DEMENCI Games,0,1,その他,その他
2023-12-07,Dev Sunada,CADごっこ,-,"",ETC,Dev Sunada,0,1,その他,その他
2023-12-07,RockGame,Cafe Owner Simulator,-,"",ETC,RockGame,0,1,その他,その他
2023-12-07,PlaySys,DREAMERS: A Nostalgic Adventure,-,"",ETC,PlaySys,0,1,その他,その他
2023-12-07,ESDigital Games,Final Shot,-,"",ETC,ESDigital Games,0,1,その他,その他
2023-12-07,Big Way,Frido,-,"",ETC,Big Way,0,1,その他,その他
2023-12-07,Big Way,Hentai Dream,-,"",ETC,Big Way,0,1,その他,その他
2023-12-07,Pakotime,Hentai Girls: College Crush,-,"",ETC,Pakotime,0,1,その他,その他
2023-12-07,RedDeerGames,Hentai X,-,"",ETC,RedDeerGames,0,1,その他,その他
2023-12-07,Nami Tentou,Nessy The Robot,-,"",ETC,Nami Tentou,0,1,その他,その他
2023-12-07,モス,Petit Petit Petit,-,"",ETC,モス,0,1,その他,その他
2023-12-07,Baltoro Games,Vege Bubble Shoot - ベジバブルシュート,-,"",ETC,Baltoro Games,0,1,その他,その他
2023-12-07,トライアングル・サービス,XIIZEAL,-,"",ETC,トライアングル・サービス,0,1,その他,その他
2023-12-07,Phoenixx,ギガントサウルス ザ・ゲーム,-,YES,ETC,Phoenixx,0,1,その他,その他
2023-12-07,RAWRLAB,クリチップタe,-,"",ETC,RAWRLAB,0,1,その他,その他
2023-12-07,ケムコ,ケムコRPGセレクション Vol.5,-,YES,ETC,ケムコ,7214_0m_5171,1,その他,その他
2023-12-07,IKINAGAMES,ザ・ラムジー,-,"",ETC,IKINAGAMES,0,1,その他,その他
2023-12-07,Megame,シティー・ドライバー カー・パーキング・シミュレーター,-,"",ETC,Megame,0,1,その他,その他
2023-12-07,HUNTERS,ストーンエイジ,-,"",ETC,HUNTERS,0,1,その他,その他
2023-12-07,RedDeerGames,スマーフ の カラフル ストーリー,-,"",ETC,RedDeerGames,0,1,その他,その他
2023-12-07,Megame,ディフェンド・ザ・ベース タワー・タレット・シューティング・レンジ,-,"",ETC,Megame,0,1,その他,その他
2023-12-07,GaGa Games Studio,ベンの冒険:ウサギの走り,-,"",ETC,GaGa Games Studio,0,1,その他,その他
2023-12-07,SAT-BOX,ボクらの消しゴム落とし3 オンライン編,-,"",ETC,SAT-BOX,0,1,その他,その他
2023-12-07,エンターグラム,ヤマノススメ Next Summit 〜あの山に、もう一度〜,-,YES,ETC,エンターグラム,0,1,その他,その他
2023-12-07,サンソフト,上海LEGEND,-,YES,ETC,サンソフト,0,1,その他,その他
2023-12-07,MASK,伝わる!学べる!にゃんこマンガで英会話－2択クイズで英語学習猫ねこ癒しのかんたん知育語学勉強ゲーム－,-,"",ETC,MASK,0,1,その他,その他
2023-12-07,エディア,夢幻戦士ヴァリスCOLLECTION III,-,YES,ETC,エディア,0,1,その他,その他
2023-12-07,エムツー,怒首領蜂大往生 臨廻転生,-,YES,ETC,エムツー,6936_0m_4906,1,その他,その他
2023-12-07,ワンコネクトゲームス,桃の華は鮮血に染まる,-,"",ETC,ワンコネクトゲームス,0,1,その他,その他
2023-12-07,LocaGames,深淵のユカラ,-,"",ETC,LocaGames,0,1,その他,その他
2023-12-07,レジスタ,荒れ果てた病院からの脱出,-,"",ETC,レジスタ,0,1,その他,その他
2023-12-07,シルバースタージャパン,螺旋麗嬢 スパイラルお嬢様 超髪のマキナ,-,YES,ETC,シルバースタージャパン,0,1,その他,その他
2023-12-08,ラタライカゲームス,Fearmonium,-,"",ETC,ラタライカゲームス,0,1,その他,その他
2023-12-08,Annapurna Interactive,Outer Wilds,-,"",ETC,Annapurna Interactive,0,1,その他,その他
2023-12-13,Maximum Games,Hammerwatch,-,"",ETC,Maximum Games,0,1,その他,その他
2023-12-13,不明,Hammerwatch II,-,"",ETC,不明,0,1,その他,その他
2023-12-13,tinyBuild Games,ポーションクラフト,-,"",ETC,tinyBuild Games,0,1,その他,その他
2023-12-14,JanduSoft,Aztec Tiki Talisman,-,"",ETC,JanduSoft,0,1,その他,その他
2023-12-14,DEMENCI Games,City Bus Driver Simulator,-,"",ETC,DEMENCI Games,0,1,その他,その他
2023-12-14,オーイズミ・アミュージオ,Elypse,-,"",ETC,オーイズミ・アミュージオ,0,1,その他,その他
2023-12-14,eastasiasoft,Hell Well,-,"",ETC,eastasiasoft,0,1,その他,その他
2023-12-14,RedDeerGames,Hentai ゴルフ,-,"",ETC,RedDeerGames,0,1,その他,その他
2023-12-14,RedDeerGames,Hentai 神経衰弱,-,"",ETC,RedDeerGames,0,1,その他,その他
2023-12-14,Sanuk,MECHBLAZE,-,"",ETC,Sanuk,0,1,その他,その他
2023-12-14,Goblinz Studio,Oaken,-,"",ETC,Goblinz Studio,0,1,その他,その他
2023-12-14,QUByte Interactive,Raccoo Venture,-,"",ETC,QUByte Interactive,0,1,その他,その他
2023-12-14,Shinyuden,Rising Dusk,-,"",ETC,Shinyuden,0,1,その他,その他
2023-12-14,Artifex Mundi,Yuletide Legends: サンタクロースを救え,-,"",ETC,Artifex Mundi,0,1,その他,その他
2023-12-14,Bearded Ants,おもちゃ箱パズルクリスマス,-,"",ETC,Bearded Ants,0,1,その他,その他
2023-12-14,インビリティー,ぴよころ,-,"",ETC,インビリティー,0,1,その他,その他
2023-12-14,EpiXR Games,アニメパズル 学校トラブル,-,"",ETC,EpiXR Games,0,1,その他,その他
2023-12-14,エディア,コズミック・ファンタジーCOLLECTION2,-,YES,ETC,エディア,0,1,その他,その他
2023-12-14,タイトー,タイトー LDゲームコレクション,-,YES,ETC,タイトー,0,1,その他,その他
2023-12-14,ジー・モード,デジプラコレクション まるごと鉄道!ミニ 〜JR西日本編〜,-,"",ETC,ジー・モード,0,1,その他,その他
2023-12-14,コスモマキアー,トリガーハート エグゼリカ,-,YES,ETC,コスモマキアー,0,1,その他,その他
2023-12-14,ジェットマン,ネコミン,-,"",ETC,ジェットマン,0,1,その他,その他
2023-12-14,Run-Down Games,マルチクイズ,-,"",ETC,Run-Down Games,0,1,その他,その他
2023-12-14,Run-Down Games,レトロゲームパック,-,"",ETC,Run-Down Games,0,1,その他,その他
2023-12-14,サイバーステップ,宿主ガードマン - Host Security Guard -,-,"",ETC,サイバーステップ,0,1,その他,その他
2023-12-14,CFK,紅魔城レミリアII 妖幻の鎮魂歌,-,YES,ETC,CFK,0,1,その他,その他
2023-12-14,ソニックパワード,鉄道にっぽん!Real Pro 特急ロマンスカー!小田急電鉄編,-,YES,ETC,ソニックパワード,0,1,その他,その他
2023-12-15,ラタライカゲームス,Hirilun,-,"",ETC,ラタライカゲームス,0,1,その他,その他
2023-12-15,ケムコ,METRO QUESTER,-,"",ETC,ケムコ,0,1,その他,その他
2023-12-15,eastasiasoft,Stickman's Arena,-,"",ETC,eastasiasoft,0,1,その他,その他
2023-12-15,Gamuzumi,サクラ・エージェント,-,"",ETC,Gamuzumi,0,1,その他,その他
2023-12-15,Ripples,バトルプラネット,-,"",ETC,Ripples,0,1,その他,その他
2023-12-15,Singularity 6,パリア,-,"",ETC,Singularity 6,0,1,その他,その他
2023-12-15,Nerd Games,島からの脱出,-,"",ETC,Nerd Games,0,1,その他,その他
2023-12-19,Devolver Digital,Terra Nil,-,"",ETC,Devolver Digital,0,1,その他,その他
2023-12-21,indienova,20 Minutes Till Dawn,-,"",ETC,indienova,0,1,その他,その他
2023-12-21,エンターグラム,2045、月より。,-,YES,ETC,エンターグラム,0,1,その他,その他
2023-12-21,TT,8P常識力バトル－みんなで遊べる4択教養格付け対戦クイズ－,-,"",ETC,TT,0,1,その他,その他
2023-12-21,IndieRevo,AirRevo,-,"",ETC,IndieRevo,0,1,その他,その他
2023-12-21,Michael Wührer,B.O.O.L: 迷宮パズルをマスターする,-,"",ETC,Michael Wührer,0,1,その他,その他
2023-12-21,Marginalact,Backroom: Constructions,-,"",ETC,Marginalact,0,1,その他,その他
2023-12-21,MASK,BL〜ボクらのラッキーハプニング〜－オトナなサプライズを楽しむドキドキボーイズラブコメゲーム－,-,"",ETC,MASK,0,1,その他,その他
2023-12-21,Thalamus Digital,Breakout Birdie,-,"",ETC,Thalamus Digital,0,1,その他,その他
2023-12-21,不明,Breakout Birdie 2,-,"",ETC,不明,0,1,その他,その他
2023-12-21,不明,Breakout Birdie Adventure,-,"",ETC,不明,0,1,その他,その他
2023-12-21,SleepTeam,Bulanci,-,"",ETC,SleepTeam,0,1,その他,その他
2023-12-21,Silesia Games,Cleaning Queens,-,"",ETC,Silesia Games,0,1,その他,その他
2023-12-21,エンターグラム,D.C.5 〜ダ・カーポ5〜,-,YES,ETC,エンターグラム,0,1,その他,その他
2023-12-21,SimulaMaker,Dungeon Defence Simulator 2024,-,"",ETC,SimulaMaker,0,1,その他,その他
2023-12-21,Baltoro Games,Fashion World ファッションワールド,-,"",ETC,Baltoro Games,0,1,その他,その他
2023-12-21,Plug In Digital,Fireball Wizard,-,"",ETC,Plug In Digital,0,1,その他,その他
2023-12-21,UFO Interactive,Freddi Fish 4: The Case of The Hogfish Rustlers of Briny Gulch,-,"",ETC,UFO Interactive,0,1,その他,その他
2023-12-21,Assemble Entertainment,Growth,-,"",ETC,Assemble Entertainment,0,1,その他,その他
2023-12-21,Pakotime,Hentai Girls: Pretty Christmas,-,"",ETC,Pakotime,0,1,その他,その他
2023-12-21,イマジニア,HOP! STEP! DANCE!,-,YES,ETC,イマジニア,0,1,その他,その他
2023-12-21,Baltoro Games,Kebab Bar Tycoon: ケバブバー・タイクーン,-,"",ETC,Baltoro Games,0,1,その他,その他
2023-12-21,Halva Studio,Military Combat Shooter Desert War,-,"",ETC,Halva Studio,0,1,その他,その他
2023-12-21,Ocean Media,Mystery Box: The Journey,-,"",ETC,Ocean Media,0,1,その他,その他
2023-12-21,UFO Interactive,Pajama Sam 3: You Are What You Eat from Your Head to Your Feet,-,"",ETC,UFO Interactive,0,1,その他,その他
2023-12-21,Revulo Games,Party Friends,-,"",ETC,Revulo Games,0,1,その他,その他
2023-12-21,eastasiasoft,Ravva and the Phantom Library,-,"",ETC,eastasiasoft,0,1,その他,その他
2023-12-21,DEMENCI Games,Roman Empire Simulator,-,"",ETC,DEMENCI Games,0,1,その他,その他
2023-12-21,Daedalic Entertainment,Rough Justice '84,-,"",ETC,Daedalic Entertainment,0,1,その他,その他
2023-12-21,QUByte Interactive,SokoWinter,-,"",ETC,QUByte Interactive,0,1,その他,その他
2023-12-21,eastasiasoft,Speed or Death,-,"",ETC,eastasiasoft,0,1,その他,その他
2023-12-21,Drageus Games,Spirit Roots スピリット・ルーツ,-,"",ETC,Drageus Games,0,1,その他,その他
2023-12-21,バンダイナムコエンターテインメント,SPY×FAMILY OPERATION DIARY,-,YES,ETC,バンダイナムコエンターテインメント,6980_0m_4951,1,その他,その他
2023-12-21,Kanuni Games,Super Kart Mini Car Race,-,"",ETC,Kanuni Games,0,1,その他,その他
2023-12-21,Rewind Games,Tanuki Sunset,-,"",ETC,Rewind Games,0,1,その他,その他
2023-12-21,SimulaMaker,Tennis 2024 Simulator,-,"",ETC,SimulaMaker,0,1,その他,その他
2023-12-21,Assemble Entertainment,Three Minutes To Eight,-,"",ETC,Assemble Entertainment,0,1,その他,その他
2023-12-21,SUCCESS GAMES,Truck Simulator 2024 - USA Driver Zone,-,"",ETC,SUCCESS GAMES,0,1,その他,その他
2023-12-21,Sticky Rice Games,Wall World,-,"",ETC,Sticky Rice Games,0,1,その他,その他
2023-12-21,Run-Down Games,くうこう,-,"",ETC,Run-Down Games,0,1,その他,その他
2023-12-21,エディア,くまモンラン,-,"",ETC,エディア,0,1,その他,その他
2023-12-21,MASK,ちがうのみっけ!－1か所間違い探しで脳トレ脳活アハ活ひらめきパズル－,-,"",ETC,MASK,0,1,その他,その他
2023-12-21,WhisperGames,よお、俺のビールはどこだ?,-,"",ETC,WhisperGames,0,1,その他,その他
2023-12-21,TT,わかる!学べる!小学校教科書テスト－6年間を総復習!基礎が身につく学習勉強対戦クイズ－,-,"",ETC,TT,0,1,その他,その他
2023-12-21,プロトタイプ,クダンノフォークロア,-,YES,ETC,プロトタイプ,0,1,その他,その他
2023-12-21,RuWaMo Games,クリスマス バブル パズル,-,"",ETC,RuWaMo Games,0,1,その他,その他
2023-12-21,AlignmentSharp,ケープ君の脱出ゲーム 6部屋目,-,"",ETC,AlignmentSharp,0,1,その他,その他
2023-12-21,EpiXR Games,ザフライングトラベラー カームマインド4,-,"",ETC,EpiXR Games,0,1,その他,その他
2023-12-21,3goo,ザ・ランブルフィッシュ+,-,"",ETC,3goo,0,1,その他,その他
2023-12-21,Cooking & Publishing,ダニーとエバン:キッズノート,-,"",ETC,Cooking & Publishing,0,1,その他,その他
2023-12-21,Finji,チコリー 色とりどりの物語,-,"",ETC,Finji,0,1,その他,その他
2023-12-21,Two Star Games,チューチュー・チャールズ,-,"",ETC,Two Star Games,0,1,その他,その他
2023-12-21,Nikita Alexeevich,ハードレーシング:スタントカードライビング,-,"",ETC,Nikita Alexeevich,0,1,その他,その他
2023-12-21,DreamVeloper Studio,ブルーピーとドルーピー,-,"",ETC,DreamVeloper Studio,0,1,その他,その他
2023-12-21,RuWaMo Games,プリンセス パズル アドベンチャー,-,"",ETC,RuWaMo Games,0,1,その他,その他
2023-12-21,QubicGames,ヘリックス・ジャンプ,-,"",ETC,QubicGames,0,1,その他,その他
2023-12-21,Mob Entertainment,ポピープレイタイム,-,"",ETC,Mob Entertainment,0,1,その他,その他
2023-12-21,Sarepta Studio,マイチャイルドレーベンスボルンリマスター,-,"",ETC,Sarepta Studio,0,1,その他,その他
2023-12-21,EpiXR Games,マイ・ラブリー・ドッグ・アドベンチャー,-,"",ETC,EpiXR Games,0,1,その他,その他
2023-12-21,sugar star,マサラダタウン物語,-,"",ETC,sugar star,0,1,その他,その他
2023-12-21,不明,ミステリーボックス:部屋からの脱出,-,"",ETC,不明,0,1,その他,その他
2023-12-21,QubicGames,モブ・コントロール,-,"",ETC,QubicGames,0,1,その他,その他
2023-12-21,Pixel Games UK,モンティ・モグラ・コレクション,-,"",ETC,Pixel Games UK,0,1,その他,その他
2023-12-21,日本一ソフトウェア,リトルプリンセス マール王国の人形姫2,-,"",ETC,日本一ソフトウェア,0,1,その他,その他
2023-12-21,RaRo,レヱル・ロマネスク origin,-,YES,ETC,RaRo,0,1,その他,その他
2023-12-21,ライドオンジャパン,不思議の国の冒険酒場,-,"",ETC,ライドオンジャパン,0,1,その他,その他
2023-12-21,Supergonk,世界の首都クイズ,-,"",ETC,Supergonk,0,1,その他,その他
2023-12-21,HERO GAME,勇気の推理 海苔4 渡海街4,-,"",ETC,HERO GAME,0,1,その他,その他
2023-12-21,不明,天使のプレゼント マール王国物語,-,"",ETC,不明,0,1,その他,その他
2023-12-21,Halva Studio,幻想の鍛冶屋ショップシミュレーター: Fantasy Blacksmith Shop Simulator,-,"",ETC,Halva Studio,0,1,その他,その他
2023-12-21,レジスタ,猫様の学び舎からの脱出,-,"",ETC,レジスタ,0,1,その他,その他
2023-12-21,GaGa Games Studio,理性の門,-,"",ETC,GaGa Games Studio,0,1,その他,その他
2023-12-21,Elushis,百鬼幻想記,-,"",ETC,Elushis,0,1,その他,その他
2023-12-22,GAME NACIONAL,MILK SELLER,-,"",ETC,GAME NACIONAL,0,1,その他,その他
2023-12-22,アレス,ONE.,-,YES,ETC,アレス,0,1,その他,その他
2023-12-22,ケムコ,刃神のアマテラス,-,"",ETC,ケムコ,0,1,その他,その他
2023-12-29,GAME NACIONAL,MisBloody,-,"",ETC,GAME NACIONAL,0,1,その他,その他
2023-12-31,Phoenixx,クイズ☆正解は一年後 presents あつしの名探偵,-,YES,ETC,Phoenixx,0,1,その他,その他
2024-01-04,RedDeerGames,あいつらは 知っている,-,"",ETC,RedDeerGames,0,1,その他,その他
2024-01-11,Halva Studio,Anime Girls: Highschool of Dead,-,"",ETC,Halva Studio,0,1,その他,その他
2024-01-11,Gaming Factory,Electrician Simulator,-,"",ETC,Gaming Factory,0,1,その他,その他
2024-01-11,Pakotime,Hentai Girls: Office Romance,-,"",ETC,Pakotime,0,1,その他,その他
2024-01-11,RedDeerGames,Hentai Number Place,-,"",ETC,RedDeerGames,0,1,その他,その他
2024-01-11,RedDeerGames,nゴルフ,-,"",ETC,RedDeerGames,0,1,その他,その他
2024-01-11,eastasiasoft,Shivering Stone,-,"",ETC,eastasiasoft,0,1,その他,その他
2024-01-11,Baltoro Games,Trash Punk,-,"",ETC,Baltoro Games,0,1,その他,その他
2024-01-11,Afil Games,Wild Seas,-,"",ETC,Afil Games,0,1,その他,その他
2024-01-11,Beep,ガングレイヴG.O.R.E Ultimate Enhanced Edition,-,YES,ETC,Beep,0,1,その他,その他
2024-01-11,PixelHeart,ザ・スパイ・フー・ショット・ミー,-,"",ETC,PixelHeart,0,1,その他,その他
2024-01-11,SOURCE BYTE,ジオメトリゼリー,-,"",ETC,SOURCE BYTE,0,1,その他,その他
2024-01-11,Flynn's Arcade,スターガーディアンズぷらす・やっつのボスをやっつけろ,-,"",ETC,Flynn's Arcade,0,1,その他,その他
2024-01-11,Massive Galaxy Studios,フォー・ザ・ワープ,-,"",ETC,Massive Galaxy Studios,0,1,その他,その他
2024-01-11,QubicGames,マイ・ベーカリーの王国,-,"",ETC,QubicGames,0,1,その他,その他
2024-01-12,ラタライカゲームス,Kitten Hero,-,"",ETC,ラタライカゲームス,0,1,その他,その他
2024-01-12,Devolver Digital,Reigns: Three Kingdoms,-,"",ETC,Devolver Digital,0,1,その他,その他
2024-01-12,Nerd Games,猫シミュレーター,-,"",ETC,Nerd Games,0,1,その他,その他
2024-01-18,eastasiasoft,Chickenoidz Super Party,-,"",ETC,eastasiasoft,0,1,その他,その他
2024-01-18,SOFT SOURCE,DreadOut 2,-,YES,ETC,SOFT SOURCE,0,1,その他,その他
2024-01-18,SOFT SOURCE,Everdream Valley,-,"",ETC,SOFT SOURCE,0,1,その他,その他
2024-01-18,Big Way,Hentai RPG: Isekai Journey,-,"",ETC,Big Way,0,1,その他,その他
2024-01-18,Sabec,Moon Lander,-,"",ETC,Sabec,0,1,その他,その他
2024-01-18,Ocean Media,Mystery Box: Evolution,-,"",ETC,Ocean Media,0,1,その他,その他
2024-01-18,RedDeerGames,nDay,-,"",ETC,RedDeerGames,0,1,その他,その他
2024-01-18,eastasiasoft,Nephenthesys,-,"",ETC,eastasiasoft,0,1,その他,その他
2024-01-18,KaminGames,Night of the Crabz 〜蟹の頭に気をつけろ〜,-,"",ETC,KaminGames,0,1,その他,その他
2024-01-18,Joindots,Ominous Tales: The Forsaken Isle,-,"",ETC,Joindots,0,1,その他,その他
2024-01-18,SOFT SOURCE,Super Sean 007,-,"",ETC,SOFT SOURCE,0,1,その他,その他
2024-01-18,SAT-BOX,SUSHIショット,-,"",ETC,SAT-BOX,0,1,その他,その他
2024-01-18,Skookum Arts,The Pedestrian,-,"",ETC,Skookum Arts,0,1,その他,その他
2024-01-18,Applimazing,Ultimate Racing 2D 2,-,"",ETC,Applimazing,0,1,その他,その他
2024-01-18,Big Way,Vostok 2061,-,"",ETC,Big Way,0,1,その他,その他
2024-01-18,IndieArk,うつ病の部屋,-,"",ETC,IndieArk,0,1,その他,その他
2024-01-18,MASK,おくだけスタディ ハングル応用単語－指一本で韓国語かんたん勉強学習知育ゲーム－,-,"",ETC,MASK,0,1,その他,その他
2024-01-18,イマジニア,ぬりえであそぼう すいぞくかん,-,"",ETC,イマジニア,0,1,その他,その他
2024-01-18,フリュー,ゆらぎ荘の幽奈さん 湯けむり迷宮 極み,-,"",ETC,フリュー,0,1,その他,その他
2024-01-18,RedDeerGames,ニャー マッチ,-,"",ETC,RedDeerGames,0,1,その他,その他
2024-01-18,コーラス・ワールドワイド,バンセンナイツ,-,"",ETC,コーラス・ワールドワイド,0,1,その他,その他
2024-01-18,HUNTERS,フェアリーテールシアター〜桃太郎の冒険〜,-,"",ETC,HUNTERS,0,1,その他,その他
2024-01-18,ユービーアイソフト,プリンス オブ ペルシャ 失われた王冠（英語版）,-,YES,ETC,ユービーアイソフト,0,1,その他,その他
2024-01-18,TT,救え!邪神ちゃんドロップキック,-,"",ETC,TT,0,1,その他,その他
2024-01-18,TT,早押し！3ヒントクイズ－簡単？難しい？大人も子供も楽しめる脳トレ脳活英語対応クイズ－,-,"",ETC,TT,0,1,その他,その他
2024-01-18,TT,脱出の部屋－頭脳で攻略ひらめき脳トレ謎解き推理ゲーム－,-,"",ETC,TT,0,1,その他,その他
2024-01-18,Lightning Games,通神演義:神になる前に,-,"",ETC,Lightning Games,0,1,その他,その他
2024-01-18,Happy Player,運命の英雄,-,"",ETC,Happy Player,0,1,その他,その他
2024-01-19,Deck13,Rising Lords,-,"",ETC,Deck13,0,1,その他,その他
2024-01-19,任天堂,アナザーコード リコレクション: 2つの記憶 / 記憶の扉（英語版）,-,YES,ETC,任天堂,0,1,その他,その他
2024-01-19,ケムコ,グレイアランの吸血騎士,-,"",ETC,ケムコ,0,1,その他,その他
2024-01-25,NAISU,Anomaly Agent,-,"",ETC,NAISU,0,1,その他,その他
2024-01-25,Webnetic,Cherry Tower,-,"",ETC,Webnetic,0,1,その他,その他
2024-01-25,Pixel Games UK,Chip's Challenge,-,"",ETC,Pixel Games UK,0,1,その他,その他
2024-01-25,eastasiasoft,DETECTIVE - Stella Porta case,-,"",ETC,eastasiasoft,0,1,その他,その他
2024-01-25,OHM,Goo Fighter,-,"",ETC,OHM,0,1,その他,その他
2024-01-25,Pakotime,Hentai Girls: Hot Police,-,"",ETC,Pakotime,0,1,その他,その他
2024-01-25,Rogueside,Hidden Through Time 2: Myths & Magic,-,"",ETC,Rogueside,0,1,その他,その他
2024-01-25,Feral Interactive,Hitman: Blood Money - Reprisal,-,"",ETC,Feral Interactive,0,1,その他,その他
2024-01-25,Thalamus Digital,Onion Force,-,"",ETC,Thalamus Digital,0,1,その他,その他
2024-01-25,Afil Games,PuzzlePet - Feed Your Cat,-,"",ETC,Afil Games,0,1,その他,その他
2024-01-25,SOURCE BYTE,RPGやボードゲーム用のサイコロ,-,"",ETC,SOURCE BYTE,0,1,その他,その他
2024-01-25,eastasiasoft,Saga of the Moon Priestess,-,"",ETC,eastasiasoft,0,1,その他,その他
2024-01-25,DEMENCI Games,SciFi Racer Simulator,-,"",ETC,DEMENCI Games,0,1,その他,その他
2024-01-25,Klabater,Starward Rogue,-,"",ETC,Klabater,0,1,その他,その他
2024-01-25,Psenitchi Stanislav,Sunset Racer,-,"",ETC,Psenitchi Stanislav,0,1,その他,その他
2024-01-25,RandomSpin Games,The Street 10,-,"",ETC,RandomSpin Games,0,1,その他,その他
2024-01-25,Artifex Mundi,Tibetan Quest: 世界の果てを越えて,-,"",ETC,Artifex Mundi,0,1,その他,その他
2024-01-25,アークシステムワークス,UNDER NIGHT IN-BIRTH II Sys:Celes,-,YES,ETC,アークシステムワークス,0,1,その他,その他
2024-01-25,ボルテージ,うっかり婚〜目覚めたら、ワケあり上司の妻でした〜,-,"",ETC,ボルテージ,0,1,その他,その他
2024-01-25,エンターグラム,すだまリレイシヨン,-,YES,ETC,エンターグラム,0,1,その他,その他
2024-01-25,エンターグラム,どっちのiが好きですか?,-,YES,ETC,エンターグラム,0,1,その他,その他
2024-01-25,3goo,アガサ・クリスティ オリエント急行殺人事件,-,"",ETC,3goo,0,1,その他,その他
2024-01-25,Feardemic,イービル・ナン:ザ・ブロークン・マスク,-,"",ETC,Feardemic,0,1,その他,その他
2024-01-25,オレンジ,サスペクツルーム -警視庁門前署取調班-,-,"",ETC,オレンジ,0,1,その他,その他
2024-01-25,2P Games,ゼンジョン,-,"",ETC,2P Games,0,1,その他,その他
2024-01-25,Red Fables,ビーチ・ボーイズ:ゾディアック・デート,-,"",ETC,Red Fables,0,1,その他,その他
2024-01-25,HR Games,ブロードソード:ウォーロードエディション,-,"",ETC,HR Games,0,1,その他,その他
2024-01-25,EpiXR Games,ボーティータンクス2,-,"",ETC,EpiXR Games,0,1,その他,その他
2024-01-25,AlignmentSharp,ポストアポカリプスおじさん,-,"",ETC,AlignmentSharp,0,1,その他,その他
2024-01-25,ケムコ,ユグドラ・ユニオン 3-in-1 スペシャルバンドル,-,YES,ETC,ケムコ,0,1,その他,その他
2024-01-25,MASK,リアル人狼ゲーム－デスゲームから脱出せよ!謎解きノベルミステリーアドベンチャー－,-,"",ETC,MASK,0,1,その他,その他
2024-01-25,スパイク・チュンソフト,不思議のダンジョン 風来のシレン6 とぐろ島探検録,38,YES,RPG,スパイク・チュンソフト,7003_0m_4974,1,ダンジョンRPG,その他
2024-01-25,Max Interactive Studio,可愛い 動物 ペットの子猫,-,"",ETC,Max Interactive Studio,0,1,その他,その他
2024-01-25,システムソフト・ベータ,天下統一SSB,-,YES,ETC,システムソフト・ベータ,0,1,その他,その他
2024-01-25,Gameplay First,海賊の失敗,-,"",ETC,Gameplay First,0,1,その他,その他
2024-01-25,MASK,激ムズ脳トレ!間違い探し挑戦状－超難問脳活アハ活難しいIQひまつぶしゲーム－,-,"",ETC,MASK,0,1,その他,その他
2024-01-25,メディアスケープ,現風少女 ブリューテの代償,-,"",ETC,メディアスケープ,0,1,その他,その他
2024-01-25,Matatabi,空蝉の廻,-,"",ETC,Matatabi,0,1,その他,その他
2024-01-25,エンターグラム,結城友奈は勇者である 花結いのきらめき Vol.1,-,YES,ETC,エンターグラム,0,1,その他,その他
2024-01-25,●,結城友奈は勇者である 花結いのきらめき Vol.2,-,,ETC,●,0,1,その他,その他
2024-01-25,●,結城友奈は勇者である 花結いのきらめき Vol.3,-,,ETC,●,0,1,その他,その他
2024-01-25,●,結城友奈は勇者である 花結いのきらめき Vol.4,-,,ETC,●,0,1,その他,その他
2024-01-25,カプコン,逆転裁判456 王泥喜セレクション,-,YES,ETC,カプコン,0,1,その他,その他
2024-01-25,Taiga,魂売,-,"",ETC,Taiga,0,1,その他,その他
2024-01-26,Akupara Games,GRIME,-,"",ETC,Akupara Games,0,1,その他,その他
2024-01-26,ラタライカゲームス,The Adventures of Panzer: Legacy Collection,-,"",ETC,ラタライカゲームス,0,1,その他,その他
2024-02-01,Nami Tentou,AdventureQuest 8-Bit: Dungeons & DoomKnights,-,"",ETC,Nami Tentou,0,1,その他,その他
2024-02-01,メディアスケープ,AVARIS3,-,"",ETC,メディアスケープ,0,1,その他,その他
2024-02-01,Nejcraft,Carry Onward,-,"",ETC,Nejcraft,0,1,その他,その他
2024-02-01,Valkyrie Initiative,CEIBA,-,"",ETC,Valkyrie Initiative,0,1,その他,その他
2024-02-01,Fellow Traveller,Citizen Sleeper,-,"",ETC,Fellow Traveller,0,1,その他,その他
2024-02-01,DEMENCI Games,Farm Day Simulator 2024,-,"",ETC,DEMENCI Games,0,1,その他,その他
2024-02-01,Ellada Games,Knights of Braveland,-,"",ETC,Ellada Games,0,1,その他,その他
2024-02-01,Game Source Entertainment,Mothered,-,"",ETC,Game Source Entertainment,0,1,その他,その他
2024-02-01,Ocean Media,Mystery Box: Hidden Secrets,-,"",ETC,Ocean Media,0,1,その他,その他
2024-02-01,7 Raven Studios,Teppo and The Secret Ancient City,-,"",ETC,7 Raven Studios,0,1,その他,その他
2024-02-01,Game Source Entertainment,Time Rift,-,"",ETC,Game Source Entertainment,0,1,その他,その他
2024-02-01,Beep,Tools Up! Ultimate Edition,-,"",ETC,Beep,0,1,その他,その他
2024-02-01,eastasiasoft,Turret Rampage,-,"",ETC,eastasiasoft,0,1,その他,その他
2024-02-01,SimulaMaker,Zombie Football Simulator,-,"",ETC,SimulaMaker,0,1,その他,その他
2024-02-01,MASK,おくだけスタディ 基本の化学式－指一本で理科実験かんたん勉強学習教養ゲーム－,-,"",ETC,MASK,0,1,その他,その他
2024-02-01,賈船,エニグママシン&アルティリティエクスペリエンス,-,YES,ETC,賈船,0,1,その他,その他
2024-02-01,Megame,ダウンヒル・ドライバー エクストリーム・レーシング・シミュレーター,-,"",ETC,Megame,0,1,その他,その他
2024-02-01,MASK,ナゾトキ意味怖ミステリー－ゾッとする意味怖謎解きミステリー都市伝説怪談ゲーム－,-,"",ETC,MASK,0,1,その他,その他
2024-02-01,SC Ovilex Soft,バス ドライビング シミュレーター 24 - シティ ローズ,-,"",ETC,SC Ovilex Soft,0,1,その他,その他
2024-02-01,indienova,ピギー・ガンビット,-,"",ETC,indienova,0,1,その他,その他
2024-02-01,Kistler Studios,ファームナイト・アドベンチャー,-,"",ETC,Kistler Studios,0,1,その他,その他
2024-02-01,RockGame,ミニランド・アドベンチャー,-,"",ETC,RockGame,0,1,その他,その他
2024-02-01,わくわくゲームズ,モリシューター!のぞみ,-,"",ETC,わくわくゲームズ,0,1,その他,その他
2024-02-01,フリュー,レジェンド オブ レガシー HDリマスター,34,YES,RPG,フリュー,6972_0m_4943,1,RPG,その他
2024-02-01,バンダイナムコエンターテインメント,呪術廻戦 戦華双乱,-,YES,ETC,バンダイナムコエンターテインメント,6981_0m_4952,1,その他,その他
2024-02-01,TT,暗号仕掛けの世界－頭脳で攻略ひらめき脳トレ謎解き推理ゲーム－,-,"",ETC,TT,0,1,その他,その他
2024-02-01,レジスタ,森の中の迷い家からの脱出,-,"",ETC,レジスタ,0,1,その他,その他
2024-02-01,MASK,死刑囚の既読－恐怖と戦慄の謎解き都市伝説意味怖テキストアドベンチャー－,-,"",ETC,MASK,0,1,その他,その他
2024-02-01,RedDeerGames,滅亡計画,-,"",ETC,RedDeerGames,0,1,その他,その他
2024-02-01,Happy Player,防衛マスター,-,"",ETC,Happy Player,0,1,その他,その他
2024-02-01,鬼谷スタジオ,鬼谷八荒,-,"",ETC,鬼谷スタジオ,0,1,その他,その他
2024-02-08,ESDigital Games,.T.E.S.T: Expected Behaviour,-,"",ETC,ESDigital Games,0,1,その他,その他
2024-02-08,Top Hat Studios,Alisa,-,"",ETC,Top Hat Studios,0,1,その他,その他
2024-02-08,DillyFrame,Alpaca Wonders Why,-,"",ETC,DillyFrame,0,1,その他,その他
2024-02-08,QubicGames,ASMRスライス,-,"",ETC,QubicGames,0,1,その他,その他
2024-02-08,ESDigital Games,Deathly Dangerous,-,"",ETC,ESDigital Games,0,1,その他,その他
2024-02-08,ESDigital Games,Dreamland Solitaire,-,"",ETC,ESDigital Games,0,1,その他,その他
2024-02-08,Halva Studio,Drone Delivery Simulator: ドローン配達シミュレーター,-,"",ETC,Halva Studio,0,1,その他,その他
2024-02-08,eastasiasoft,Dungeonoid 2 Awakening,-,"",ETC,eastasiasoft,0,1,その他,その他
2024-02-08,DEMENCI Games,Football Simulator 2024,-,"",ETC,DEMENCI Games,0,1,その他,その他
2024-02-08,SayGames,God of Light: Remastered,-,"",ETC,SayGames,0,1,その他,その他
2024-02-08,RedDeerGames,Golfinite,-,"",ETC,RedDeerGames,0,1,その他,その他
2024-02-08,Pakotime,Hentai Girls: Mandarin Love,-,"",ETC,Pakotime,0,1,その他,その他
2024-02-08,Big Way,Hentai: Japanese Goblins,-,"",ETC,Big Way,0,1,その他,その他
2024-02-08,Hello There Games,Invector: Rhythm Galaxy,-,"",ETC,Hello There Games,0,1,その他,その他
2024-02-08,Versus Evil,Lil' Guardsman,-,"",ETC,Versus Evil,0,1,その他,その他
2024-02-08,CFK,MazM: ペチカ,-,"",ETC,CFK,0,1,その他,その他
2024-02-08,QUByte Interactive,Mustache in Hell,-,"",ETC,QUByte Interactive,0,1,その他,その他
2024-02-08,Finji,Overland (ゲーム),-,"",ETC,Finji,0,1,その他,その他
2024-02-08,Zakym,Slimeboo,-,"",ETC,Zakym,0,1,その他,その他
2024-02-08,Puppet Combo,Super Cannibal Abduction,-,"",ETC,Puppet Combo,0,1,その他,その他
2024-02-08,OverGamez,Torn Away,-,"",ETC,OverGamez,0,1,その他,その他
2024-02-08,Snail,West Hunt,-,"",ETC,Snail,0,1,その他,その他
2024-02-08,サイバーステップ,ぐうたら娘更生計画 〜Neet Girl Rehabilitation Plan〜,-,"",ETC,サイバーステップ,0,1,その他,その他
2024-02-08,Kumo,クイズどうぶつ図鑑 DX,-,"",ETC,Kumo,0,1,その他,その他
2024-02-08,Sprakelsoft,クロックス・ワールド・フォー,-,"",ETC,Sprakelsoft,0,1,その他,その他
2024-02-08,QubicGames,コインラッシュ,-,"",ETC,QubicGames,0,1,その他,その他
2024-02-08,Astrolabe Games,シャンハイ サマー,-,"",ETC,Astrolabe Games,0,1,その他,その他
2024-02-08,MASK,トラウマパズル－ホラー画像でアハ活脳活くるくる回転パズル－,-,"",ETC,MASK,0,1,その他,その他
2024-02-08,SC Ovilex Soft,トラックシミュレーター USAレボリューション,-,"",ETC,SC Ovilex Soft,0,1,その他,その他
2024-02-08,Megame,ポリス・カー・ドライバー シティー・パーキング・シミュレーター,-,"",ETC,Megame,0,1,その他,その他
2024-02-08,TT,小学生でもわかる 数字でIQクイズ－激ムズ難問脳トレ脳活ひらめき数学思考パズル－,-,"",ETC,TT,0,1,その他,その他
2024-02-08,MASK,超難問!標識クイズ－あれ?これ?どのマーク?遊べて学べる勉強教養ゲーム－,-,"",ETC,MASK,0,1,その他,その他
2024-02-09,Gamuzumi,サクラ・ゲーマー2,-,"",ETC,Gamuzumi,0,1,その他,その他
2024-02-14,KONAMI,ときめきメモリアル Girl's Side 1st Love for Nintendo Switch,-,"",ETC,KONAMI,0,1,その他,その他
2024-02-14,不明,ときめきメモリアル Girl's Side 2nd Season for Nintendo Switch,-,"",ETC,不明,0,1,その他,その他
2024-02-14,不明,ときめきメモリアル Girl's Side 3rd Story for Nintendo Switch,-,"",ETC,不明,0,1,その他,その他
2024-02-14,Plug In Digital,ロードオブエグザイル - ガブリエルの影,-,"",ETC,Plug In Digital,0,1,その他,その他
2024-02-15,Wet Heart,Birth,-,"",ETC,Wet Heart,0,1,その他,その他
2024-02-15,Gametry,Borzoi Adventure,-,"",ETC,Gametry,0,1,その他,その他
2024-02-15,ブルースピードスタジオ,Candy Shake Cup,-,"",ETC,ブルースピードスタジオ,0,1,その他,その他
2024-02-15,Sometimes You,Edge of Reality,-,"",ETC,Sometimes You,0,1,その他,その他
2024-02-15,インティ・クリエイツ,GUNVOLT RECORDS 電子軌録律,-,YES,ETC,インティ・クリエイツ,0,1,その他,その他
2024-02-15,Silesia Games,Hex Cats,-,"",ETC,Silesia Games,0,1,その他,その他
2024-02-15,ORANGE POPCORN,HunterX: code name T,-,"",ETC,ORANGE POPCORN,0,1,その他,その他
2024-02-15,Whitethorn Digital,Lake (ゲーム),-,"",ETC,Whitethorn Digital,0,1,その他,その他
2024-02-15,FIVE-BN STUDIO,Legendary Tales: ストーリーズ,-,"",ETC,FIVE-BN STUDIO,0,1,その他,その他
2024-02-15,SAT-BOX,Party Party Time 2,-,"",ETC,SAT-BOX,0,1,その他,その他
2024-02-15,Shinyuden,Pirates Outlaws,-,"",ETC,Shinyuden,0,1,その他,その他
2024-02-15,eastasiasoft,Pretty Girls Klondike Solitaire PLUS,-,"",ETC,eastasiasoft,0,1,その他,その他
2024-02-15,Webnetic,Shooting Blocks,-,"",ETC,Webnetic,0,1,その他,その他
2024-02-15,DORIDORI STUDIO,Twilight Survivors,-,"",ETC,DORIDORI STUDIO,0,1,その他,その他
2024-02-15,DEMENCI Games,Z War Apocalypse Shooter,-,"",ETC,DEMENCI Games,0,1,その他,その他
2024-02-15,MASK,もっと知りたい日本の刀剣－ゲームで楽しく歴史発見雑学教養豆知識学習クイズ－,-,"",ETC,MASK,0,1,その他,その他
2024-02-15,SOURCE BYTE,インターネットで最も人気のあるクエリ 2023年,-,"",ETC,SOURCE BYTE,0,1,その他,その他
2024-02-15,Sanuk,ウィッチパズリズム,-,"",ETC,Sanuk,0,1,その他,その他
2024-02-15,4WayStudio,ソードズ・アンド・アドベンチャーズ,-,"",ETC,4WayStudio,0,1,その他,その他
2024-02-15,Red Fables,ダイノ、出て行って!,-,"",ETC,Red Fables,0,1,その他,その他
2024-02-15,RedDeerGames,フィット マイ キャット,-,"",ETC,RedDeerGames,0,1,その他,その他
2024-02-15,Entalto Studios,マニタス・キッチン,-,"",ETC,Entalto Studios,0,1,その他,その他
2024-02-15,qureate,メイド・オブ・ザ・デッド,-,YES,ETC,qureate,0,1,その他,その他
2024-02-15,あまた,世界の為の全ての少女,-,"",ETC,あまた,0,1,その他,その他
2024-02-15,HERO GAME,勇気の推理 海苔5 かじられたおにぎり,-,"",ETC,HERO GAME,0,1,その他,その他
2024-02-15,フライハイワークス,番長タクティクス,-,"",ETC,フライハイワークス,0,1,その他,その他
2024-02-15,アイディアファクトリー,真紅の焔 真田忍法帳 for Nintendo Switch,-,YES,ETC,アイディアファクトリー,0,1,その他,その他
2024-02-15,日本ファルコム,英雄伝説 黎の軌跡 for Nintendo Switch,-,YES,ETC,日本ファルコム,0,1,その他,その他
2024-02-16,ラタライカゲームス,Caveman Ransom,-,"",ETC,ラタライカゲームス,0,1,その他,その他
2024-02-16,任天堂,マリオvs.ドンキーコング,32,YES,ACT,任天堂,6958_0m_4929,1,アクションパズル,その他
2024-02-16,ケムコ,幻想クロニクル,-,"",ETC,ケムコ,0,1,その他,その他
2024-02-21,Playstack,Balatro,-,YES,ETC,Playstack,0,1,その他,その他
2024-02-21,ゲームフリーク,ソリティ馬 Ride On!,-,"",ETC,ゲームフリーク,0,1,その他,その他
2024-02-21,テイクツー・インタラクティブ・ジャパン,ペニーの大脱走,-,"",ETC,テイクツー・インタラクティブ・ジャパン,0,1,その他,その他
2024-02-22,Peaksel,100ドア - 刑務所から脱出,-,"",ETC,Peaksel,0,1,その他,その他
2024-02-22,502 Studios,502のアーケード,-,"",ETC,502 Studios,0,1,その他,その他
2024-02-22,ディースリー・パブリッシャー,5分後に意外な結末 モノクロームの図書館,-,YES,ETC,ディースリー・パブリッシャー,0,1,その他,その他
2024-02-22,Sometimes You,A Time Traveller's Guide To Past Delicacies,-,"",ETC,Sometimes You,0,1,その他,その他
2024-02-22,eastasiasoft,Froggie - A Retro Platformer,-,"",ETC,eastasiasoft,0,1,その他,その他
2024-02-22,Silesia Games,Geometric Sniper Z,-,"",ETC,Silesia Games,0,1,その他,その他
2024-02-22,Brain Seal Entertainment,Geometry Survivor,-,"",ETC,Brain Seal Entertainment,0,1,その他,その他
2024-02-22,eastasiasoft,GOLAZO! 2 Deluxe Edition,-,"",ETC,eastasiasoft,0,1,その他,その他
2024-02-22,Pakotime,Hentai Girls: Sweet Doctor,-,"",ETC,Pakotime,0,1,その他,その他
2024-02-22,Daedalic Entertainment,Inkulinati,-,"",ETC,Daedalic Entertainment,0,1,その他,その他
2024-02-22,Halva Studio,Line Color World 線の色の世界,-,"",ETC,Halva Studio,0,1,その他,その他
2024-02-22,プロトタイプ,LUNARiA -Virtualized Moonchild-,-,YES,ETC,プロトタイプ,0,1,その他,その他
2024-02-22,Goca Games,Membal,-,"",ETC,Goca Games,0,1,その他,その他
2024-02-22,Phoenixx,Nyaaaanvy,-,"",ETC,Phoenixx,0,1,その他,その他
2024-02-22,ラタライカゲームス,Prisonela DX,-,"",ETC,ラタライカゲームス,0,1,その他,その他
2024-02-22,Atari,qomp 2,-,"",ETC,Atari,0,1,その他,その他
2024-02-22,Just For Games,Quadroids,-,"",ETC,Just For Games,0,1,その他,その他
2024-02-22,SimulaMaker,Sea Port Tycoon 2024,-,"",ETC,SimulaMaker,0,1,その他,その他
2024-02-22,Elusor,The Jump Guys,-,"",ETC,Elusor,0,1,その他,その他
2024-02-22,MASK,おくだけスタディ 英語前置詞－指一本で英会話かんたん勉強学習教養ゲーム－,-,"",ETC,MASK,0,1,その他,その他
2024-02-22,MASK,くるくるパズル ならべて百人一首－意味も学べるパズルで学習雑学教養勉強ゲーム－,-,"",ETC,MASK,0,1,その他,その他
2024-02-22,RedDeerGames,ウィラ&タクサ: 重力支配者への反逆,-,"",ETC,RedDeerGames,0,1,その他,その他
2024-02-22,ネオス,クレヨンしんちゃん「炭の町のシロ」,-,YES,ETC,ネオス,0,1,その他,その他
2024-02-22,バンダイナムコエンターテインメント,ゲームセンターCX 有野の挑戦状 1+2 REPLAY,-,YES,ETC,バンダイナムコエンターテインメント,0,1,その他,その他
2024-02-22,EpiXR Games,ザフライングトラベラー ストーンエイジ,-,"",ETC,EpiXR Games,0,1,その他,その他
2024-02-22,ジー・モード,デジプラコレクション まるごと鉄道!ミニ 〜JR九州編〜,-,"",ETC,ジー・モード,0,1,その他,その他
2024-02-22,EpiXR Games,トイライダー,-,"",ETC,EpiXR Games,0,1,その他,その他
2024-02-22,Riot Forge,バンドルテイル:リーグ・オブ・レジェンド ストーリー,-,"",ETC,Riot Forge,0,1,その他,その他
2024-02-22,SC Ovilex Soft,ファーマーシミュレーター エボリューション,-,"",ETC,SC Ovilex Soft,0,1,その他,その他
2024-02-22,トローゼ,ラスト4サバイブ アウトブレイク,-,"",ETC,トローゼ,0,1,その他,その他
2024-02-22,SAT-BOX,作って!たい焼き,-,"",ETC,SAT-BOX,0,1,その他,その他
2024-02-22,エンターグラム,制服カノジョ,-,YES,ETC,エンターグラム,7252_0m_5223,1,その他,その他
2024-02-22,ビサイド,幻日のヨハネ -NUMAZU in the MIRAGE-,-,YES,ETC,ビサイド,0,1,その他,その他
2024-02-22,Matatabi,神凪ノ杜 五月雨綴り,-,"",ETC,Matatabi,0,1,その他,その他
2024-02-22,Happy Player,超戦ガールズ,-,"",ETC,Happy Player,0,1,その他,その他
2024-02-23,Microsoft Studios,Pentiment,-,"",ETC,Microsoft Studios,0,1,その他,その他
2024-02-23,ラタライカゲームス,Unlife,-,"",ETC,ラタライカゲームス,0,1,その他,その他
2024-02-27,レイニーフロッグ,ピクセルクロス 牧場物語エディション,-,"",ETC,レイニーフロッグ,0,1,その他,その他
2024-02-29,Halva Studio,Anime Girls: Sun of a Beach,-,"",ETC,Halva Studio,0,1,その他,その他
2024-02-29,Arik Games,Another Bar Game,-,"",ETC,Arik Games,0,1,その他,その他
2024-02-29,日本一ソフトウェア,BAR ステラアビス,-,YES,ETC,日本一ソフトウェア,0,1,その他,その他
2024-02-29,SUCCESS GAMES,Buggy Race - Racing Master,-,"",ETC,SUCCESS GAMES,0,1,その他,その他
2024-02-29,DEZVOLT GAMES,Crazy Goose Simulator,-,"",ETC,DEZVOLT GAMES,0,1,その他,その他
2024-02-29,eastasiasoft,Dead End City,-,"",ETC,eastasiasoft,0,1,その他,その他
2024-02-29,UFO Interactive,Freddi Fish and the Case of the Missing Kelp Seeds,-,"",ETC,UFO Interactive,0,1,その他,その他
2024-02-29,アポローン,Full Speed Animals - Disorder The RTA,-,"",ETC,アポローン,0,1,その他,その他
2024-02-29,SUCCESS GAMES,Helicopter Simulator: Rescue Sim,-,"",ETC,SUCCESS GAMES,0,1,その他,その他
2024-02-29,Flynn's Arcade,Looking Up I See Only A Ceiling 上に天井がある。,-,"",ETC,Flynn's Arcade,0,1,その他,その他
2024-02-29,スマイルブーム,OLLLO,-,"",ETC,スマイルブーム,0,1,その他,その他
2024-02-29,Soroka Games,Pool Together 2,-,"",ETC,Soroka Games,0,1,その他,その他
2024-02-29,スティング,Riviera 〜約束の地リヴィエラ〜,-,"",ETC,スティング,0,1,その他,その他
2024-02-29,DEMENCI Games,Sandstorm Strike Force,-,"",ETC,DEMENCI Games,0,1,その他,その他
2024-02-29,Beep,The Cub,-,"",ETC,Beep,0,1,その他,その他
2024-02-29,SOFT SOURCE,The Lost Ashford Ring,-,"",ETC,SOFT SOURCE,0,1,その他,その他
2024-02-29,DEMENCI Games,Truck Sim 2024,-,"",ETC,DEMENCI Games,0,1,その他,その他
2024-02-29,ピクセル,XELAN FORCE,-,"",ETC,ピクセル,0,1,その他,その他
2024-02-29,dramatic create/ヒューネックス,あかやあかしやあやかしの 綴,-,YES,ETC,dramatic create/ヒューネックス,0,1,その他,その他
2024-02-29,KADOKAWA,うんこカレー,-,"",ETC,KADOKAWA,0,1,その他,その他
2024-02-29,MASK,くるくるドリル ハングル基礎単語－ならべてかんたん韓国語学習勉強語学パズル－,-,"",ETC,MASK,0,1,その他,その他
2024-02-29,レジスタ,ねずみラボからの脱出,-,"",ETC,レジスタ,0,1,その他,その他
2024-02-29,サンソフト,へべれけ2,-,YES,ETC,サンソフト,0,1,その他,その他
2024-02-29,サイバーステップ,ぽかぽかママ恋温泉 〜Mommy's Warm Hot Spring〜,-,"",ETC,サイバーステップ,0,1,その他,その他
2024-02-29,不明,まつけけBurst!,-,"",ETC,不明,0,1,その他,その他
2024-02-29,MASK,もっと知りたい戦国時代－ゲームで楽しく歴史発見雑学教養豆知識学習クイズ－,-,"",ETC,MASK,0,1,その他,その他
2024-02-29,Feardemic,アングラーフィッシュ,-,"",ETC,Feardemic,0,1,その他,その他
2024-02-29,MASK,イロならべ－パネルでくるくる脳トレ脳活色彩感覚テスト－,-,"",ETC,MASK,0,1,その他,その他
2024-02-29,MASK,クイズ10歳までに覚えたい言葉－ゲームで身につく幼児向け国語学習勉強教養クイズ－,-,"",ETC,MASK,0,1,その他,その他
2024-02-29,AlignmentSharp,ケープ君の脱出ゲーム 7部屋目,-,"",ETC,AlignmentSharp,0,1,その他,その他
2024-02-29,ブシロードゲームズ,ゴブリンスレイヤー -ANOTHER ADVENTURER- NIGHTMARE FEAST,-,YES,ETC,ブシロードゲームズ,0,1,その他,その他
2024-02-29,Gamuzumi,サクラ・サキュバス7 〜王女様の来訪〜,-,"",ETC,Gamuzumi,0,1,その他,その他
2024-02-29,ボトルキューブ,ジグソーマスターピース2,-,"",ETC,ボトルキューブ,0,1,その他,その他
2024-02-29,Two Cakes Studio,タイムトラップ: アイテム探しゲーム,-,"",ETC,Two Cakes Studio,0,1,その他,その他
2024-02-29,Megame,ドローン・レーサー フライ・スタント・シミュレーター,-,"",ETC,Megame,0,1,その他,その他
2024-02-29,ジュピター,ピクロスS+,-,"",ETC,ジュピター,0,1,その他,その他
2024-02-29,Megame,マッチ・パズル・2 クラシック・ロジック・アーケード,-,"",ETC,Megame,0,1,その他,その他
2024-02-29,アイディアファクトリー,マツリカの炯-kEi- 天命胤異伝,-,YES,ETC,アイディアファクトリー,7247_0m_5218,1,その他,その他
2024-02-29,SAT-BOX,机で野球2,-,"",ETC,SAT-BOX,0,1,その他,その他
2024-02-29,不明,菓子道,-,"",ETC,不明,0,1,その他,その他
2024-03-01,Devolver Digital,Cricket Through the Ages,-,"",ETC,Devolver Digital,0,1,その他,その他
2024-03-01,ラタライカゲームス,One More Dungeon 2,-,"",ETC,ラタライカゲームス,0,1,その他,その他
2024-03-01,Versus Evil,Tamarak Trail,-,"",ETC,Versus Evil,0,1,その他,その他
2024-03-01,Nerd Games,コーギーの旅,-,"",ETC,Nerd Games,0,1,その他,その他
2024-03-05,Focus Entertainment,Expeditions: A MudRunner Game,-,YES,ETC,Focus Entertainment,0,1,その他,その他
2024-03-07,eastasiasoft,10 Seconds to Win!,-,"",ETC,eastasiasoft,0,1,その他,その他
2024-03-07,404 Games,Bad Cat Sam Simulator,-,"",ETC,404 Games,0,1,その他,その他
2024-03-07,SUCCESS GAMES,Car Racing Ice - Classic,-,"",ETC,SUCCESS GAMES,0,1,その他,その他
2024-03-07,Sometimes You,Cat and Ghostly Road,-,"",ETC,Sometimes You,0,1,その他,その他
2024-03-07,Shinyuden,CLASSIC STG PACK,-,"",ETC,Shinyuden,0,1,その他,その他
2024-03-07,イマジニア,Fit Boxing feat. 初音ミク -ミクといっしょにエクササイズ-,-,YES,ETC,イマジニア,0,1,その他,その他
2024-03-07,Wales Interactive,Five Dates,-,"",ETC,Wales Interactive,0,1,その他,その他
2024-03-07,Asylum Square Interactive,Gravityscape DX,-,"",ETC,Asylum Square Interactive,0,1,その他,その他
2024-03-07,DEZVOLT GAMES,Gunsmith Workshop Simulator,-,"",ETC,DEZVOLT GAMES,0,1,その他,その他
2024-03-07,Pakotime,Hentai Girls: Naughty Gamer,-,"",ETC,Pakotime,0,1,その他,その他
2024-03-07,Nami Tentou,HexaWars,-,"",ETC,Nami Tentou,0,1,その他,その他
2024-03-07,Sabec,Spot The Difference Fantasy Edition,-,"",ETC,Sabec,0,1,その他,その他
2024-03-07,不明,Ten Dates,-,"",ETC,不明,0,1,その他,その他
2024-03-07,カイロソフト,TVスタジオ物語,-,"",ETC,カイロソフト,0,1,その他,その他
2024-03-07,RedDeerGames,"Warhammer 40,000: Dakka Squadron Flyboyz Edition",-,"",ETC,RedDeerGames,0,1,その他,その他
2024-03-07,DEMENCI Games,World War II Shooting Simulator,-,"",ETC,DEMENCI Games,0,1,その他,その他
2024-03-07,MASK,くるくるパズル ならべて四字熟語－ならべてかんたん国語学習勉強教養語学パズル－,-,"",ETC,MASK,0,1,その他,その他
2024-03-07,TT,はじめての韓国語 タイピング&パズル－ハングルキーボード配列も学べる語学勉強学習パズル－,-,"",ETC,TT,0,1,その他,その他
2024-03-07,MASK,もっと知りたい幕末維新－ゲームで楽しく歴史発見雑学教養豆知識学習クイズ－,-,"",ETC,MASK,0,1,その他,その他
2024-03-07,TBSテレビ,アイ・アム・冒険少年 超・脱出島,-,"",ETC,TBSテレビ,0,1,その他,その他
2024-03-07,Wild Rooster,アストロデュエル2,-,"",ETC,Wild Rooster,0,1,その他,その他
2024-03-07,Microids,アルカノイド エターナルバトル,-,"",ETC,Microids,0,1,その他,その他
2024-03-07,Raw Fury,スナフキン:ムーミン谷のメロディ,-,YES,ETC,Raw Fury,0,1,その他,その他
2024-03-07,QUByte Interactive,トップレーサーシリーズ,-,"",ETC,QUByte Interactive,0,1,その他,その他
2024-03-07,BerserkBoy Games,バザーク・ボーイ,-,"",ETC,BerserkBoy Games,0,1,その他,その他
2024-03-07,RuWaMo Games,バブルフレッシュフルーツ,-,"",ETC,RuWaMo Games,0,1,その他,その他
2024-03-07,ユービーアイソフト,バリアント ハート: カミングホーム,-,"",ETC,ユービーアイソフト,0,1,その他,その他
2024-03-07,2P Games,メタルマインド,-,"",ETC,2P Games,0,1,その他,その他
2024-03-07,タイトー,レイストーム×レイクライシス HDコレクション,-,"",ETC,タイトー,0,1,その他,その他
2024-03-07,FIVE-BN STUDIO,ロスト・ランド: 最初の同盟物語,-,"",ETC,FIVE-BN STUDIO,0,1,その他,その他
2024-03-07,TT,数字でかんたん色彩IQテスト－激ムズ難問脳トレ脳活ひらめき色彩感覚テスト－,-,"",ETC,TT,0,1,その他,その他
2024-03-07,TT,超難問！国旗で2択常識クイズ－ゲームで楽しく世界旅行激ムズ脳トレ脳活アハ活検定－,-,"",ETC,TT,0,1,その他,その他
2024-03-08,ラタライカゲームス,Xatrom Command,-,"",ETC,ラタライカゲームス,0,1,その他,その他
2024-03-08,Burst2Flame Games,ストーレンレルム,-,"",ETC,Burst2Flame Games,0,1,その他,その他
2024-03-08,アトラス,ユニコーンオーバーロード,36,YES,SRPG,アトラス,7004_0m_4975,1,シミュレーションRPG,その他
2024-03-08,ケムコ,封魔戦記エルドギア,-,"",ETC,ケムコ,0,1,その他,その他
2024-03-08,アクワイア,超古代兵器ホリー,-,"",ETC,アクワイア,0,1,その他,その他
2024-03-12,KONAMI,魂斗羅 オペレーション ガルガ,-,YES,ETC,KONAMI,0,1,その他,その他
2024-03-14,Klabater,Bio Inc. Redemption,-,"",ETC,Klabater,0,1,その他,その他
2024-03-14,Baltoro Minis,Buggy Off-Road Racing,-,"",ETC,Baltoro Minis,0,1,その他,その他
2024-03-14,Sometimes You,Cybertrash STATYX,-,"",ETC,Sometimes You,0,1,その他,その他
2024-03-14,Beep,Decarnation,-,"",ETC,Beep,0,1,その他,その他
2024-03-14,SUCCESS GAMES,DOG RACING - LOVELY PET FRIENDS PAW,-,"",ETC,SUCCESS GAMES,0,1,その他,その他
2024-03-14,DANGEN Entertainment,Dungeon Drafters,-,"",ETC,DANGEN Entertainment,0,1,その他,その他
2024-03-14,Joindots,Greed: The Mad Scientist,-,"",ETC,Joindots,0,1,その他,その他
2024-03-14,404 Games,Hot Rider Racing Simulator,-,"",ETC,404 Games,0,1,その他,その他
2024-03-14,RandomSpin Games,Instant Death,-,"",ETC,RandomSpin Games,0,1,その他,その他
2024-03-14,PLAION,Kingdom Come Deliverance: Royal Edition,-,YES,ETC,PLAION,0,1,その他,その他
2024-03-14,Astragon,Lawn Mowing Simulator,-,"",ETC,Astragon,0,1,その他,その他
2024-03-14,Digital Eclipse,Llamasoft:ジェフ・ミンター・ストーリー,-,"",ETC,Digital Eclipse,0,1,その他,その他
2024-03-14,QUByte Interactive,Match Village,-,"",ETC,QUByte Interactive,0,1,その他,その他
2024-03-14,Freedom Games,Monster Tribe,-,"",ETC,Freedom Games,0,1,その他,その他
2024-03-14,ケムコ,Nice Disc : The Last Hot Blood,-,"",ETC,ケムコ,0,1,その他,その他
2024-03-14,Microids,Noob - ザ ファクションレス,-,"",ETC,Microids,0,1,その他,その他
2024-03-14,SOFT SOURCE,Pogo Joins The Circus,-,"",ETC,SOFT SOURCE,0,1,その他,その他
2024-03-14,COMMANDO PANDA,Sherlock Purr 2,-,"",ETC,COMMANDO PANDA,0,1,その他,その他
2024-03-14,VRCFORGE STUDIOS,Sky Runners Infinite: Parkour,-,"",ETC,VRCFORGE STUDIOS,0,1,その他,その他
2024-03-14,Nejcraft,The Vale: Shadow of the Crown,-,"",ETC,Nejcraft,0,1,その他,その他
2024-03-14,Artifex Mundi,Tiny Tales: 森の奥の秘密,-,"",ETC,Artifex Mundi,0,1,その他,その他
2024-03-14,Halva Studio,Truck and Forklift Logistic Simulator,-,"",ETC,Halva Studio,0,1,その他,その他
2024-03-14,Chucklefish,Wargroove 2,-,"",ETC,Chucklefish,0,1,その他,その他
2024-03-14,Bearded Ants,おもちゃ箱パズルイースター,-,"",ETC,Bearded Ants,0,1,その他,その他
2024-03-14,CarX Technologies,カーエックスハイウェイレーシング,-,"",ETC,CarX Technologies,0,1,その他,その他
2024-03-14,VisualLight,スシ・バトル・ランバングシャスリ,-,"",ETC,VisualLight,0,1,その他,その他
2024-03-14,Neon Doctrine,デス トリック:ダブル ブラインド,-,"",ETC,Neon Doctrine,0,1,その他,その他
2024-03-14,Rogue Games,ハイウォーター,-,"",ETC,Rogue Games,0,1,その他,その他
2024-03-14,JOID Games,バルーニー,-,"",ETC,JOID Games,0,1,その他,その他
2024-03-14,Megame,プル・ザ・ピン ボール・フィジック・パズル,-,"",ETC,Megame,0,1,その他,その他
2024-03-14,ブシロードゲームズ,マクロス -Shooting Insight-,-,YES,ETC,ブシロードゲームズ,0,1,その他,その他
2024-03-14,ハッピーミール,リ:チェント,-,"",ETC,ハッピーミール,0,1,その他,その他
2024-03-14,eastasiasoft,ヴァイオレットフジ子,-,"",ETC,eastasiasoft,0,1,その他,その他
2024-03-14,サイバーステップ,妄想推理アドベンチャー アルティメットジャンボジェット殺人事件,-,YES,ETC,サイバーステップ,0,1,その他,その他
2024-03-14,MASK,小学生のうちに覚えたい古文単語－身につく差がつく幼児向け国語学習教養クイズ－,-,"",ETC,MASK,0,1,その他,その他
2024-03-14,サイバーステップ,強運傭兵と宝石の姫騎士 - Fortunate Duo -,-,"",ETC,サイバーステップ,0,1,その他,その他
2024-03-14,わくわくゲームズ　,魔界堕ちのラズリエル,-,"",ETC,わくわくゲームズ　,0,1,その他,その他
2024-03-15,TEQUILA WORKS,GYLT,-,"",ETC,TEQUILA WORKS,0,1,その他,その他
2024-03-15,ラタライカゲームス,Orion Haste,-,"",ETC,ラタライカゲームス,0,1,その他,その他
2024-03-15,eastasiasoft,Rainbow Moon,-,"",ETC,eastasiasoft,0,1,その他,その他
2024-03-19,MLBAM,MLB The Show 24,-,"",ETC,MLBAM,0,1,その他,その他
2024-03-21,Paradox Interactive,Across the Obelisk,-,"",ETC,Paradox Interactive,0,1,その他,その他
2024-03-21,エンターグラム,AMBITIOUS MISSION,-,YES,ETC,エンターグラム,0,1,その他,その他
2024-03-21,VRCFORGE STUDIOS,Animal Buddies - Party Beasts,-,"",ETC,VRCFORGE STUDIOS,0,1,その他,その他
2024-03-21,SOFT SOURCE,April's Diary,-,"",ETC,SOFT SOURCE,0,1,その他,その他
2024-03-21,Flynn's Arcade,Attack of the Karens カレン族の攻撃,-,"",ETC,Flynn's Arcade,0,1,その他,その他
2024-03-21,Weakfish Studio,Chip and Charge,-,"",ETC,Weakfish Studio,0,1,その他,その他
2024-03-21,RedDeerGames,Crypt Stalker,-,"",ETC,RedDeerGames,0,1,その他,その他
2024-03-21,ESDigital Games,Dreamland Solitaire: Dragon's Fury,-,"",ETC,ESDigital Games,0,1,その他,その他
2024-03-21,COMMANDO PANDA,Drift Legacy,-,"",ETC,COMMANDO PANDA,0,1,その他,その他
2024-03-21,17Studio,Hentai Girls Panic,-,"",ETC,17Studio,0,1,その他,その他
2024-03-21,Pakotime,Hentai Girls: Sakura Romance,-,"",ETC,Pakotime,0,1,その他,その他
2024-03-21,Massoft Games,Kingdom of Corrupts,-,"",ETC,Massoft Games,0,1,その他,その他
2024-03-21,Beep,LISA: Definitive Edition,-,YES,ETC,Beep,0,1,その他,その他
2024-03-21,eastasiasoft,Master Maker 3D Ultimate,-,"",ETC,eastasiasoft,0,1,その他,その他
2024-03-21,Kanuni Games,Mortal Fight: Lethal Revenge,-,"",ETC,Kanuni Games,0,1,その他,その他
2024-03-21,GameToTop Corp.,PORTAL SHOT GUN TELEPORT,-,"",ETC,GameToTop Corp.,0,1,その他,その他
2024-03-21,Pew Times Three,Power of Ten,-,"",ETC,Pew Times Three,0,1,その他,その他
2024-03-21,Weakfish Studio,Sector 98,-,"",ETC,Weakfish Studio,0,1,その他,その他
2024-03-21,Brinemedia,Stunt Paradise,-,"",ETC,Brinemedia,0,1,その他,その他
2024-03-21,SAT-BOX,SUSHIショット オンライン,-,"",ETC,SAT-BOX,0,1,その他,その他
2024-03-21,505 Games,UNTURNED,-,"",ETC,505 Games,0,1,その他,その他
2024-03-21,GameToTop Corp.,Virtual Girlfriend Dating Simulator,-,"",ETC,GameToTop Corp.,0,1,その他,その他
2024-03-21,HUNTERS,ウエスタンフロンティア,-,"",ETC,HUNTERS,0,1,その他,その他
2024-03-21,Megame,エア・トラフィック・シム エアポート・ディスパチャー・シミュレーター,-,"",ETC,Megame,0,1,その他,その他
2024-03-21,ケムコ,ケムコRPGセレクション Vol.6,-,YES,ETC,ケムコ,7215_0m_5172,1,その他,その他
2024-03-21,Megame,スペシャル・フォーシズ・ストライク タクティカル・シューター,-,"",ETC,Megame,0,1,その他,その他
2024-03-21,MASK,スワイプクイズ 仕分けて都道府県－指一本で地理勉強社会学習教養常識パズル－,-,"",ETC,MASK,0,1,その他,その他
2024-03-21,EpiXR Games,ペーパーダッシュシティフライト,-,"",ETC,EpiXR Games,0,1,その他,その他
2024-03-21,BD Games,帝国の崩壊,-,"",ETC,BD Games,0,1,その他,その他
2024-03-21,オペラハウス,悪役令嬢は隣国の王太子に溺愛される,-,"",ETC,オペラハウス,0,1,その他,その他
2024-03-21,MASK,歴史マルバツクイズ－2択でかんたん日本史勉強学習教養豆知識雑学ゲーム－,-,"",ETC,MASK,0,1,その他,その他
2024-03-21,エンターグラム,結城友奈は勇者である 花結いのきらめき Vol.5,-,YES,ETC,エンターグラム,0,1,その他,その他
2024-03-21,●,結城友奈は勇者である 花結いのきらめき Vol.6,-,,ETC,●,0,1,その他,その他
2024-03-21,●,結城友奈は勇者である 花結いのきらめき Vol.7,-,,ETC,●,0,1,その他,その他
2024-03-21,●,結城友奈は勇者である 花結いのきらめき Vol.8,-,,ETC,●,0,1,その他,その他
2024-03-21,RedDeerGames,超記憶脳トレ2,-,"",ETC,RedDeerGames,0,1,その他,その他
2024-03-22,任天堂,プリンセスピーチ Showtime!,33,YES,AADV,任天堂,6962_0m_4933,1,アクションアドベンチャー,その他
2024-03-26,GIANTS Software,Farming Simulator Kids,-,"",ETC,GIANTS Software,0,1,その他,その他
2024-03-26,THQ Nordic ジャパン,サウスパーク:スノーデイ!（英語版）,-,YES,ETC,THQ Nordic ジャパン,0,1,その他,その他
2024-03-28,KOSEI YASUDA,2番線プラス,-,"",ETC,KOSEI YASUDA,0,1,その他,その他
2024-03-28,ズー,Akatsuki: Lord of the Dawn,-,"",ETC,ズー,0,1,その他,その他
2024-03-28,Tendokore,Blind Shot: Last Action Hero,-,"",ETC,Tendokore,0,1,その他,その他
2024-03-28,Cube Games,"Coffee, Plis",-,"",ETC,Cube Games,0,1,その他,その他
2024-03-28,Nacon,Cricket 24,-,"",ETC,Nacon,0,1,その他,その他
2024-03-28,Asylum Square Interactive,Demon Drop DX,-,"",ETC,Asylum Square Interactive,0,1,その他,その他
2024-03-28,SUCCESS GAMES,Drift Force Xtreme: Ultimate Car Simulator 2024,-,"",ETC,SUCCESS GAMES,0,1,その他,その他
2024-03-28,Weakfish Studio,Ducky Quacky,-,"",ETC,Weakfish Studio,0,1,その他,その他
2024-03-28,Baltoro Minis,Go Kart Mania,-,"",ETC,Baltoro Minis,0,1,その他,その他
2024-03-28,SUCCESS GAMES,Labyrinthia Nightmares: THE JOURNEY OF LITTLE FLUFFYPUFF,-,"",ETC,SUCCESS GAMES,0,1,その他,その他
2024-03-28,MASK,Manga Girls 美少女回転パズル－パネルでくるくるキュートでかわいい彼女の絵あわせギャルゲー－,-,"",ETC,MASK,0,1,その他,その他
2024-03-28,TERARIN GAMES,Missile Dancer 2,-,"",ETC,TERARIN GAMES,0,1,その他,その他
2024-03-28,aNCHOR,Muv-Luv 20th Odyssey Box,-,YES,ETC,aNCHOR,0,1,その他,その他
2024-03-28,RedDeerGames,nZen,-,"",ETC,RedDeerGames,0,1,その他,その他
2024-03-28,PLAION（英語版）,Outward Definitive Edition（英語版）,-,YES,ETC,PLAION（英語版）,0,1,その他,その他
2024-03-28,エンターグラム,PriministAr -プライミニスター-,-,YES,ETC,エンターグラム,0,1,その他,その他
2024-03-28,Hairy Heart Games,Rallyallyally ロールラリー,-,"",ETC,Hairy Heart Games,0,1,その他,その他
2024-03-28,Sometimes You,Re:Touring,-,"",ETC,Sometimes You,0,1,その他,その他
2024-03-28,DEMENCI Games,Reaper Survivors,-,"",ETC,DEMENCI Games,0,1,その他,その他
2024-03-28,mc2games,Right and Down and Dice,-,"",ETC,mc2games,0,1,その他,その他
2024-03-28,Halva Studio,Spring Bunny Islands: 春うさぎ島,-,"",ETC,Halva Studio,0,1,その他,その他
2024-03-28,Feardemic,Stasis: Bone Totem,-,"",ETC,Feardemic,0,1,その他,その他
2024-03-28,Weakfish Studio,Turret Lab,-,"",ETC,Weakfish Studio,0,1,その他,その他
2024-03-28,コーエーテクモゲームス,Winning Post 10 2024,-,YES,ETC,コーエーテクモゲームス,0,1,その他,その他
2024-03-28,dramatic create/ヒューネックス,あまいろショコラータ,-,YES,ETC,dramatic create/ヒューネックス,0,1,その他,その他
2024-03-28,シティコネクション,へべれけ えんじょいえでそん,-,"",ETC,シティコネクション,0,1,その他,その他
2024-03-28,トローゼ,アウトレーシング アーケードメモリー,-,"",ETC,トローゼ,0,1,その他,その他
2024-03-28,Megame,エスケープ・フィア ハイド・アンド・シーク・ホラー,-,"",ETC,Megame,0,1,その他,その他
2024-03-28,Funbox Media,ガジェット 収集,-,"",ETC,Funbox Media,0,1,その他,その他
2024-03-28,PixelHeart,ザ・ワールド・アフター,-,"",ETC,PixelHeart,0,1,その他,その他
2024-03-28,Sokpop Collective,スタックランド,-,"",ETC,Sokpop Collective,0,1,その他,その他
2024-03-28,ゲームロフト,ゾンビウッド - サバイバルシューティング,-,"",ETC,ゲームロフト,0,1,その他,その他
2024-03-28,AlignmentSharp,ニャン蔵&クマ吉の爆弾を避けて壁を壊し洞窟を進んでいくゲーム,-,"",ETC,AlignmentSharp,0,1,その他,その他
2024-03-28,Happy Player,モンスターパニック,-,"",ETC,Happy Player,0,1,その他,その他
2024-03-28,BEEP,ラジルギ2,-,YES,ETC,BEEP,0,1,その他,その他
2024-03-28,TT,全国小学生あなうめ英語クイズ－基礎が身につく語学勉強学習教養早押しクイズ－,-,"",ETC,TT,0,1,その他,その他
2024-03-28,STP WORKS,古銭プッシャーフレンズ弐,-,"",ETC,STP WORKS,0,1,その他,その他
2024-03-28,iMel,幼馴染のいる暮らし,-,"",ETC,iMel,0,1,その他,その他
2024-03-28,わくわくゲームズ,犬神ディフェンダーズ,-,"",ETC,わくわくゲームズ,0,1,その他,その他
2024-03-28,Domynyo,空へ,-,"",ETC,Domynyo,0,1,その他,その他
2024-03-28,アイディアファクトリー,薄桜鬼 真改 遊戯録 隊士達の大宴会 for Nintendo Switch,-,YES,ETC,アイディアファクトリー,0,1,その他,その他
2024-03-29,ラタライカゲームス,Forrader Hero,-,"",ETC,ラタライカゲームス,0,1,その他,その他
2024-03-29,Glowstick Entertainment,House,-,"",ETC,Glowstick Entertainment,0,1,その他,その他
2024-03-29,Annapurna Interactive,Open Roads,-,"",ETC,Annapurna Interactive,0,1,その他,その他
2024-03-29,Devolver Digital,Pepper Grinder,-,"",ETC,Devolver Digital,0,1,その他,その他
2024-03-29,Gamuzumi,サクラ・スペース,-,"",ETC,Gamuzumi,0,1,その他,その他
2024-04-04,MASK,1分見るだけ！にゃんこ写真で記憶力テスト－猫ねこ癒しのかんたん脳トレ脳活アハ活ゲーム－,-,"",ETC,MASK,0,1,その他,その他
2024-04-04,Sabec,Alien Invasion,-,"",ETC,Sabec,0,1,その他,その他
2024-04-04,DU&I UG,Cats Organized Neatly,-,"",ETC,DU&I UG,0,1,その他,その他
2024-04-04,McPeppergames,Colony Defense - The Ultimate Minimalist Tower Base Defense Game,-,"",ETC,McPeppergames,0,1,その他,その他
2024-04-04,SOFT SOURCE,CrashOut Xtreme,-,"",ETC,SOFT SOURCE,0,1,その他,その他
2024-04-04,eastasiasoft,Flightpath: Adventures in Venaris,-,"",ETC,eastasiasoft,0,1,その他,その他
2024-04-04,XSEED Games,Freedom Planet 2,-,"",ETC,XSEED Games,0,1,その他,その他
2024-04-04,Elushis,Frowntown,-,"",ETC,Elushis,0,1,その他,その他
2024-04-04,Joindots,Greed 2: Forbidden Experiments,-,"",ETC,Joindots,0,1,その他,その他
2024-04-04,Pakotime,Hentai Girls: Athlete Crush,-,"",ETC,Pakotime,0,1,その他,その他
2024-04-04,Big Way,Hentai Parody: Tentacle Slayer,-,"",ETC,Big Way,0,1,その他,その他
2024-04-04,チームサモイド,Kitchen Crisis,-,"",ETC,チームサモイド,0,1,その他,その他
2024-04-04,Sometimes You,Knowledge Keeper,-,"",ETC,Sometimes You,0,1,その他,その他
2024-04-04,404 Games,Last Bloody Snack,-,"",ETC,404 Games,0,1,その他,その他
2024-04-04,Sometimes You,Life of Slime,-,"",ETC,Sometimes You,0,1,その他,その他
2024-04-04,17Studio,Neko Girls Puzzle,-,"",ETC,17Studio,0,1,その他,その他
2024-04-04,PolyCrunch Games,Notebook Artillery,-,"",ETC,PolyCrunch Games,0,1,その他,その他
2024-04-04,Weakfish Studio,Ratyboy Adventures,-,"",ETC,Weakfish Studio,0,1,その他,その他
2024-04-04,Trefl S.A,Spy Guy Hidden Objects Deluxe,-,"",ETC,Trefl S.A,0,1,その他,その他
2024-04-04,Afil Games,Storyblocks: The King,-,"",ETC,Afil Games,0,1,その他,その他
2024-04-04,VRCFORGE STUDIOS,Stunt Scooter Simulator,-,"",ETC,VRCFORGE STUDIOS,0,1,その他,その他
2024-04-04,FIVE-BN STUDIO,Tricky Doors,-,"",ETC,FIVE-BN STUDIO,0,1,その他,その他
2024-04-04,VRCFORGE STUDIOS,WWII AIRPLANE FIGHT - Battle War Squad,-,"",ETC,VRCFORGE STUDIOS,0,1,その他,その他
2024-04-04,レジスタ,そろそろ寿司を食べないと死ぬぜ!ユニバース,-,"",ETC,レジスタ,0,1,その他,その他
2024-04-04,ハッピーミール,オラッ掘人 ホレゆけ!ブラジル,-,"",ETC,ハッピーミール,0,1,その他,その他
2024-04-04,indienova,サビッジ エージ,-,"",ETC,indienova,0,1,その他,その他
2024-04-04,EpiXR Games,シュガータンクス2,-,"",ETC,EpiXR Games,0,1,その他,その他
2024-04-04,Dear Villagers Plug In Digital,テラ メモリア,-,"",ETC,Dear Villagers Plug In Digital,0,1,その他,その他
2024-04-04,わくわくゲームズ,ドールエクスプローラー,-,"",ETC,わくわくゲームズ,0,1,その他,その他
2024-04-04,Antoine Cherel,ヌードル タグ,-,"",ETC,Antoine Cherel,0,1,その他,その他
2024-04-04,アムジー,ハココロV,-,"",ETC,アムジー,0,1,その他,その他
2024-04-04,SAT-BOX,作って!いか焼き,-,"",ETC,SAT-BOX,0,1,その他,その他
2024-04-04,Red Fables,魔法使いハンター:魔法の世界の終わり,-,"",ETC,Red Fables,0,1,その他,その他
2024-04-05,ラタライカゲームス,Super Destronaut Landed X Loaded,-,"",ETC,ラタライカゲームス,0,1,その他,その他
2024-04-05,インティ・クリエイツ,ロロパズミクス,-,"",ETC,インティ・クリエイツ,0,1,その他,その他
2024-04-11,Tiny Warrior Games,Ato,-,"",ETC,Tiny Warrior Games,0,1,その他,その他
2024-04-11,Silesia Games,Cleaning Queens 2: Sparkling Palace,-,"",ETC,Silesia Games,0,1,その他,その他
2024-04-11,Iceberg Interactive,CLeM,-,"",ETC,Iceberg Interactive,0,1,その他,その他
2024-04-11,DEMENCI Games,Deadland Chronicles,-,"",ETC,DEMENCI Games,0,1,その他,その他
2024-04-11,Big Way,EmyLiveShow: Hentai Puzzle Game,-,"",ETC,Big Way,0,1,その他,その他
2024-04-11,SURPRISED HOTDOG,Find Room 96,-,"",ETC,SURPRISED HOTDOG,0,1,その他,その他
2024-04-11,17Studio,Hentai Girls Puzzle,-,"",ETC,17Studio,0,1,その他,その他
2024-04-11,Phoenixx,Inertial Drift,-,"",ETC,Phoenixx,0,1,その他,その他
2024-04-11,404 Games,King Krieg Survivors,-,"",ETC,404 Games,0,1,その他,その他
2024-04-11,Buck (企業),Let's! Revolution!,-,"",ETC,Buck (企業),0,1,その他,その他
2024-04-11,DANGEN Entertainment,Loretta,-,"",ETC,DANGEN Entertainment,0,1,その他,その他
2024-04-11,Nejcraft,Mad Experiments 2: Escape Room,-,"",ETC,Nejcraft,0,1,その他,その他
2024-04-11,DEMENCI Games,Mars Assault: 3D Shooter,-,"",ETC,DEMENCI Games,0,1,その他,その他
2024-04-11,Afil Games,Mimi the Cat: Mimi's Scratcher,-,"",ETC,Afil Games,0,1,その他,その他
2024-04-11,Coatsink Software,Moonglow Bay,-,"",ETC,Coatsink Software,0,1,その他,その他
2024-04-11,RedDeerGames,nBlocks - Unblock Your Creativity,-,"",ETC,RedDeerGames,0,1,その他,その他
2024-04-11,DEMENCI Games,Offroad Jeep Quest: Mountain Trails,-,"",ETC,DEMENCI Games,0,1,その他,その他
2024-04-11,404 Games,Overdelivery - Delivery Simulator,-,"",ETC,404 Games,0,1,その他,その他
2024-04-11,Gotcha Gotcha Games,RPG MAKER WITH,-,YES,ETC,Gotcha Gotcha Games,0,1,その他,その他
2024-04-11,Plug In Digital,Saviorless,-,"",ETC,Plug In Digital,0,1,その他,その他
2024-04-11,Beep,Slave Zero X（英語版）,-,YES,ETC,Beep,7069_0m_5039,1,その他,その他
2024-04-11,eastasiasoft,SokoFrog,-,"",ETC,eastasiasoft,0,1,その他,その他
2024-04-11,SUCCESS GAMES,Steel Sand Mars Chronicles - Survival Simulator,-,"",ETC,SUCCESS GAMES,0,1,その他,その他
2024-04-11,オーイズミ・アミュージオ,The Dragoness: Command of the Flame,-,YES,ETC,オーイズミ・アミュージオ,0,1,その他,その他
2024-04-11,Remke Albrecht,Tongue Tale,-,"",ETC,Remke Albrecht,0,1,その他,その他
2024-04-11,オレンジ,アルタイル号の殺人,-,"",ETC,オレンジ,0,1,その他,その他
2024-04-11,Hyperstrange,エンプティーシェル,-,"",ETC,Hyperstrange,0,1,その他,その他
2024-04-11,OxGames,オキシトン,-,"",ETC,OxGames,0,1,その他,その他
2024-04-11,Catness Game,ダイ アゲイン,-,"",ETC,Catness Game,0,1,その他,その他
2024-04-11,ジー・モード,デジプラコレクション まるごと鉄道!ミニ 〜JR貨物編〜,-,"",ETC,ジー・モード,0,1,その他,その他
2024-04-11,Thermite Games,旅人ソフィア,-,"",ETC,Thermite Games,0,1,その他,その他
2024-04-11,TT,日本史3ヒントクイズ 私は誰でしょう？－早押しクイズで歴史勉強学習教養脳トレ脳活ゲーム－,-,"",ETC,TT,0,1,その他,その他
2024-04-11,プロトタイプ,果つることなき未来ヨリ,-,YES,ETC,プロトタイプ,0,1,その他,その他
2024-04-11,ブロッコリー,泡沫のユークロニア,-,YES,ETC,ブロッコリー,0,1,その他,その他
2024-04-11,TT,身につく！差がつく！小学校お受験クイズ－よく出る問題総まとめ！今から始める学習勉強ちえあそびクイズ－,-,"",ETC,TT,0,1,その他,その他
2024-04-11,14次元,韓国鉄道 運転旅行 ウィジョンブ軽鉄道編,-,"",ETC,14次元,0,1,その他,その他
2024-04-12,ラタライカゲームス,Outer Terror,-,"",ETC,ラタライカゲームス,0,1,その他,その他
2024-04-12,ケムコ,グロリアスセイバー,-,"",ETC,ケムコ,0,1,その他,その他
2024-04-14,Vaka Gamez,邪神ころね,-,"",ETC,Vaka Gamez,0,1,その他,その他
2024-04-16,Thunderful,Planet of Lana - プラネット・オブ・ラーナ,-,"",ETC,Thunderful,0,1,その他,その他
2024-04-17,PLAYISM,8番出口,-,"",ETC,PLAYISM,0,1,その他,その他
2024-04-17,Microsoft Studios,Grounded,-,"",ETC,Microsoft Studios,0,1,その他,その他
2024-04-17,Assemble Entertainment,Sticky Business,-,"",ETC,Assemble Entertainment,0,1,その他,その他
2024-04-17,Kakehashi Games,サグレス,-,"",ETC,Kakehashi Games,0,1,その他,その他
2024-04-18,Somequest,Beauties Unveiled 2 あぶり出した美女2,-,"",ETC,Somequest,0,1,その他,その他
2024-04-18,Freedom Games,Dream Tactics,-,"",ETC,Freedom Games,0,1,その他,その他
2024-04-18,Pakotime,Hentai Girls: Steamy Maid,-,"",ETC,Pakotime,0,1,その他,その他
2024-04-18,TERNOX,IN-VERT,-,"",ETC,TERNOX,0,1,その他,その他
2024-04-18,QUByte Interactive,Lunar Axe,-,"",ETC,QUByte Interactive,0,1,その他,その他
2024-04-18,404 Games,Magical Girl Dash,-,"",ETC,404 Games,0,1,その他,その他
2024-04-18,ジュピター,Picross -Logiart Grimoire-,-,"",ETC,ジュピター,0,1,その他,その他
2024-04-18,eastasiasoft,Pretty Girls Escape PLUS,-,"",ETC,eastasiasoft,0,1,その他,その他
2024-04-18,Devolver Digital,Reigns: Beyond,-,"",ETC,Devolver Digital,0,1,その他,その他
2024-04-18,Consulog,RISKY CHRONICLES そして運命の呪い,-,"",ETC,Consulog,0,1,その他,その他
2024-04-18,DX Gameworks,Ruff Ghanor,-,"",ETC,DX Gameworks,0,1,その他,その他
2024-04-18,Afil Games,Sokobalien,-,"",ETC,Afil Games,0,1,その他,その他
2024-04-18,Draknek,Sokobond,-,"",ETC,Draknek,0,1,その他,その他
2024-04-18,Lykke Studios,stitch.,-,"",ETC,Lykke Studios,0,1,その他,その他
2024-04-18,サンソフト,SUNSOFT is Back! レトロゲームセレクション,-,YES,ETC,サンソフト,0,1,その他,その他
2024-04-18,Valkyrie Initiative,The Mildew Children,-,"",ETC,Valkyrie Initiative,0,1,その他,その他
2024-04-18,Bubblebird Studio,Trackline Express,-,"",ETC,Bubblebird Studio,0,1,その他,その他
2024-04-18,404 Games,Unboxing - Idle Factory Simulator,-,"",ETC,404 Games,0,1,その他,その他
2024-04-18,SOURCE BYTE,Which Country Is Larger?,-,"",ETC,SOURCE BYTE,0,1,その他,その他
2024-04-18,Merge Games,Whisker Waters,-,"",ETC,Merge Games,0,1,その他,その他
2024-04-18,サンソフト,いっき団結,-,YES,ETC,サンソフト,0,1,その他,その他
2024-04-18,MASK,もっと知りたい三国志－ゲームで楽しく歴史探求雑学教養豆知識学習クイズ－,-,"",ETC,MASK,0,1,その他,その他
2024-04-18,MASK,もっと知りたい飛鳥奈良－ゲームで楽しく日本史勉強学習教養豆知識雑学クイズ－,-,"",ETC,MASK,0,1,その他,その他
2024-04-18,Megame,アーチャー・スリー・ディー ボー・シューティング・レーンジ,-,"",ETC,Megame,0,1,その他,その他
2024-04-18,サイバーステップ,ココロシャッフル - Spirit Swap -,-,"",ETC,サイバーステップ,0,1,その他,その他
2024-04-18,EpiXR Games,ザフライングトラベラー サイバーシティー,-,"",ETC,EpiXR Games,0,1,その他,その他
2024-04-18,Acram Digital,ストーンエイジ (ボードゲーム),-,"",ETC,Acram Digital,0,1,その他,その他
2024-04-18,qureate,バニーガーデン,-,YES,ETC,qureate,0,1,その他,その他
2024-04-18,Red Fables,ビーチガールズ:ビキニでのスポーツ,-,"",ETC,Red Fables,0,1,その他,その他
2024-04-18,Phoenix Labs,フェイファーム 〜ようこそ精霊の島アゾリアへ〜,-,"",ETC,Phoenix Labs,0,1,その他,その他
2024-04-18,Megame,モートサイクル・ドライバー,-,"",ETC,Megame,0,1,その他,その他
2024-04-18,テンカイゲームズ,偽夢,-,"",ETC,テンカイゲームズ,0,1,その他,その他
2024-04-18,HERO GAME,勇気の推理 海苔6 美紀編ラスト,-,"",ETC,HERO GAME,0,1,その他,その他
2024-04-18,EXNOA,同級生リメイクCSver,-,YES,ETC,EXNOA,0,1,その他,その他
2024-04-18,Untold Tales,急げ!運べ!積み込め!,-,"",ETC,Untold Tales,0,1,その他,その他
2024-04-18,MASK,犯罪プロファイル 犯人は誰だ！－クイズでかんたん事件解決謎解き推理サスペンスゲーム－,-,"",ETC,MASK,0,1,その他,その他
2024-04-18,TT,知ってたらかっこいい小学生難読漢字クイズ－クイズで楽しく国語学習勉強教養検定ゲーム－,-,"",ETC,TT,0,1,その他,その他
2024-04-23,505 Games,百英雄伝,-,YES,ETC,505 Games,0,1,その他,その他
2024-04-24,エレクトロニック・アーツ,ザァオ:ケンゼラの物語,-,"",ETC,エレクトロニック・アーツ,0,1,その他,その他
2024-04-25,Aggro Crab Games,Another Crab's Treasure,-,"",ETC,Aggro Crab Games,0,1,その他,その他
2024-04-25,Travellin Cats,Cats Hidden in Italy,-,"",ETC,Travellin Cats,0,1,その他,その他
2024-04-25,404 Games,Cyberpoly RPG - Dark City,-,"",ETC,404 Games,0,1,その他,その他
2024-04-25,Afil Games,Doctor Cat,-,"",ETC,Afil Games,0,1,その他,その他
2024-04-25,Pixel Games UK,Epyxコレクション:携帯ゲーム,-,"",ETC,Pixel Games UK,0,1,その他,その他
2024-04-25,moesoft,Eternal Light 永遠の光,-,"",ETC,moesoft,0,1,その他,その他
2024-04-25,ホリ,GUITAR LIFE -LESSON1-,-,YES,ETC,ホリ,0,1,その他,その他
2024-04-25,Big Way,Hentai: Young Valkyries 2,-,"",ETC,Big Way,0,1,その他,その他
2024-04-25,Silesia Games,Hidden Cats in New York,-,"",ETC,Silesia Games,0,1,その他,その他
2024-04-25,404 Games,Home Office Simulator - Ayame Life Sim,-,"",ETC,404 Games,0,1,その他,その他
2024-04-25,Just For Games,How 2 Escape,-,"",ETC,Just For Games,0,1,その他,その他
2024-04-25,Daedalic Entertainment,Insurmountable,-,"",ETC,Daedalic Entertainment,0,1,その他,その他
2024-04-25,Erlano,Kanjozoku 2 - Drift Car Games,-,"",ETC,Erlano,0,1,その他,その他
2024-04-25,アークシステムワークス,Library of Ruina,-,YES,ETC,アークシステムワークス,0,1,その他,その他
2024-04-25,Atari,Lunar Lander Beyond,-,"",ETC,Atari,0,1,その他,その他
2024-04-25,DEMENCI Games,Puss in Boots: Purrfect Adventures,-,"",ETC,DEMENCI Games,0,1,その他,その他
2024-04-25,eastasiasoft,Ratyrinth,-,"",ETC,eastasiasoft,0,1,その他,その他
2024-04-25,Firenut,S.O.L Search of Light,-,"",ETC,Firenut,0,1,その他,その他
2024-04-25,JanduSoft,Teared,-,"",ETC,JanduSoft,0,1,その他,その他
2024-04-25,SURPRISED HOTDOG,The Eerie Surroundings,-,"",ETC,SURPRISED HOTDOG,0,1,その他,その他
2024-04-25,Leoful,Timberdoku,-,"",ETC,Leoful,0,1,その他,その他
2024-04-25,Fulqrum Publishing,Wrath: Aeon of Ruin,-,"",ETC,Fulqrum Publishing,0,1,その他,その他
2024-04-25,MASK,くるくるパズル ならべてクラシック－ならべてかんたん音楽勉強学習教養知育パズル－,-,"",ETC,MASK,0,1,その他,その他
2024-04-25,エンターグラム,けもの道☆ガーリッシュスクエア,-,YES,ETC,エンターグラム,0,1,その他,その他
2024-04-25,日本コロムビア,わんことあそぼ! めざせドッグトレーナー!,-,YES,ETC,日本コロムビア,0,1,その他,その他
2024-04-25,RedDeerGames,キャット ピアノ,-,"",ETC,RedDeerGames,0,1,その他,その他
2024-04-25,AlignmentSharp,ケープ君の脱出ゲーム 8部屋目,-,"",ETC,AlignmentSharp,0,1,その他,その他
2024-04-25,TT,ゲームで学ぶ！中学校お受験クイズ－5科の問題総まとめ！入試対策学習勉強教養脳トレテスト－,-,"",ETC,TT,0,1,その他,その他
2024-04-25,スクウェア・エニックス,サガ エメラルド ビヨンド,34,YES,RPG,スクウェア・エニックス,6971_0m_4942,1,RPG,その他
2024-04-25,ボルテージ,スタットコール 救命恋愛24時,-,"",ETC,ボルテージ,0,1,その他,その他
2024-04-25,Kanuni Games,スーパーマーケットショッピングシミュレーター,-,"",ETC,Kanuni Games,0,1,その他,その他
2024-04-25,Red Fables,ゾンビ サバイバル,-,"",ETC,Red Fables,0,1,その他,その他
2024-04-25,スターサイン,タイムオブウォー アルカノ90,-,"",ETC,スターサイン,0,1,その他,その他
2024-04-25,EpiXR Games,ダッシュとロール,-,"",ETC,EpiXR Games,0,1,その他,その他
2024-04-25,Megame,ファイブ・ナイツ・オブ・ナイトメア エスケープ・ホラー・ストーリー,-,"",ETC,Megame,0,1,その他,その他
2024-04-25,Erik Games,ヘリチャプターX,-,"",ETC,Erik Games,0,1,その他,その他
2024-04-25,賈船,ベホルガー,-,"",ETC,賈船,0,1,その他,その他
2024-04-25,SAT-BOX,ボクらの修学旅行大作戦,-,"",ETC,SAT-BOX,0,1,その他,その他
2024-04-25,サクセス,マインスイーパーミリオン,-,"",ETC,サクセス,0,1,その他,その他
2024-04-25,ケムコ,ママにゲーム隠された コレクション,-,YES,ETC,ケムコ,0,1,その他,その他
2024-04-25,レベルファイブ,メガトン級ムサシW,-,"",ETC,レベルファイブ,0,1,その他,その他
2024-04-25,トローゼ,ワールドウォー バルジの戦い,-,"",ETC,トローゼ,0,1,その他,その他
2024-04-25,eastasiasoft,ヴァガンテ,-,"",ETC,eastasiasoft,0,1,その他,その他
2024-04-25,TT,丸わかりクイズ偉人伝 世界の画家－ゆるっと学べる美術芸術雑学教養学習ゲーム－,-,"",ETC,TT,0,1,その他,その他
2024-04-25,サイバーステップ,救済!粛清サークル 〜The Purge Club〜,-,"",ETC,サイバーステップ,0,1,その他,その他
2024-04-25,RedDeerGames,物語を教えてくれ,-,"",ETC,RedDeerGames,0,1,その他,その他
2024-04-25,MASK,脳を鍛える！わんこ写真で間違い探し－犬イヌ癒しの脳トレ脳活教養学習パズル－,-,"",ETC,MASK,0,1,その他,その他
2024-04-25,MASK,超難問！絶対音感クイズ－ならべてかんたん音楽勉強学習教養知育パズル－,-,"",ETC,MASK,0,1,その他,その他
2024-04-25,シティコネクション,重装機兵レイノス2 サターントリビュート,-,YES,ETC,シティコネクション,0,1,その他,その他
2024-04-25,アニプレックス,鬼滅の刃 目指せ!最強隊士!,30,YES,TBL,アニプレックス,6976_0m_4947,1,ボードゲーム,その他
2024-04-25,ジー・モード,鳥魂2 〜みんなでチキン度診断〜,-,"",ETC,ジー・モード,0,1,その他,その他
2024-04-26,ラタライカゲームス,"Zombies, Aliens and Guns",-,"",ETC,ラタライカゲームス,0,1,その他,その他
2024-04-26,アクワイア,剣と魔法と学園モノ。2G Remaster Edition,-,"",ETC,アクワイア,0,1,その他,その他
2024-04-26,ケムコ,妄想凶ザナトリウム,-,"",ETC,ケムコ,0,1,その他,その他
2024-04-28,レイニーフロッグ,エルシャダイ・アセンション オブ ザ メタトロン HD リマスター,-,YES,ETC,レイニーフロッグ,0,1,その他,その他
2024-05-02,404 Games,"All Noobs must die - Craft, Survival, Mine",-,"",ETC,404 Games,0,1,その他,その他
2024-05-02,H2 INTERACTIVE,Circuit Superstars,-,"",ETC,H2 INTERACTIVE,0,1,その他,その他
2024-05-02,SimulaMaker,Dracula VS Monsters,-,"",ETC,SimulaMaker,0,1,その他,その他
2024-05-02,404 Games,DungeonSmash - Medieval Dungeons,-,"",ETC,404 Games,0,1,その他,その他
2024-05-02,任天堂,FOREVER BLUE LUMINOUS（英語版）,-,YES,ETC,任天堂,0,1,その他,その他
2024-05-02,UFO Interactive,Freddi Fish 2: The Case of the Haunted Schoolhouse,-,"",ETC,UFO Interactive,0,1,その他,その他
2024-05-02,不明,Freddi Fish 5: The Case of the Creature of Coral Cove,-,"",ETC,不明,0,1,その他,その他
2024-05-02,不明,Freddi Fish Collection,-,"",ETC,不明,0,1,その他,その他
2024-05-02,PolyCrunch Games,Full Metal Sergeant,-,"",ETC,PolyCrunch Games,0,1,その他,その他
2024-05-02,Pakotime,Hentai Girls: Fresh Firefighter,-,"",ETC,Pakotime,0,1,その他,その他
2024-05-02,17Studio,Hentai Tales Vol. 3: Hitomi and Silent Space,-,"",ETC,17Studio,0,1,その他,その他
2024-05-02,SimulaMaker,Knight Sim Life,-,"",ETC,SimulaMaker,0,1,その他,その他
2024-05-02,マイルストーン (イタリアのゲーム会社) PLAION,MotoGP 24,-,YES,ETC,マイルストーン (イタリアのゲーム会社) PLAION,0,1,その他,その他
2024-05-02,GameToTop.CC,Ninja Shuriken Master,-,"",ETC,GameToTop.CC,0,1,その他,その他
2024-05-02,DEMENCI Games,Pirates Golden Quest,-,"",ETC,DEMENCI Games,0,1,その他,その他
2024-05-02,Just For Games,Sclash,-,"",ETC,Just For Games,0,1,その他,その他
2024-05-02,CFK,SOWON: おもちゃのワンダーランド,-,"",ETC,CFK,0,1,その他,その他
2024-05-02,eastasiasoft,Space Mercenary Defense Force,-,"",ETC,eastasiasoft,0,1,その他,その他
2024-05-02,Gimbal Studio,Stupid Cars,-,"",ETC,Gimbal Studio,0,1,その他,その他
2024-05-02,Jasper & Jonas,Surmount,-,"",ETC,Jasper & Jonas,0,1,その他,その他
2024-05-02,DEMENCI Games,Tractor Farming Simulator 3D,-,"",ETC,DEMENCI Games,0,1,その他,その他
2024-05-02,MASK,お受験クイズmini 四方観察－ゲームで楽しく知育勉強学習脳トレちえあそびクイズ－,-,"",ETC,MASK,0,1,その他,その他
2024-05-02,マメクジラ,きのこゲーム,-,"",ETC,マメクジラ,0,1,その他,その他
2024-05-02,MASK,くるくるパズル 小学生で知りたい地理－ならべてかんたん地理学習雑学教養勉強ゲーム－,-,"",ETC,MASK,0,1,その他,その他
2024-05-02,MASK,ちがうのあった！－1か所間違い探しで脳トレ脳活アハ活ひらめきパズル－,-,"",ETC,MASK,0,1,その他,その他
2024-05-02,Phoenixx,とうほう夜雀食堂,-,YES,ETC,Phoenixx,0,1,その他,その他
2024-05-02,Feardemic,キャンドルフォース物語,-,"",ETC,Feardemic,0,1,その他,その他
2024-05-02,MeNic Games,スペース・ルーチン,-,"",ETC,MeNic Games,0,1,その他,その他
2024-05-02,Three Flip Studios,スーパープルプルパーティ〜ソファエディション〜,-,"",ETC,Three Flip Studios,0,1,その他,その他
2024-05-02,PLiCy,ブラッド・ラインズ,-,"",ETC,PLiCy,0,1,その他,その他
2024-05-02,Adrian Corpuz,プランタビ:リトル ガーデン,-,"",ETC,Adrian Corpuz,0,1,その他,その他
2024-05-02,RedDeerGames,ボムキャット,-,"",ETC,RedDeerGames,0,1,その他,その他
2024-05-02,MASK,ラッキーハ腐ニング－腐女子は見た！砂吐きサプライズを楽しむ胸熱ボーイズラブコメゲーム－,-,"",ETC,MASK,0,1,その他,その他
2024-05-02,Blacksmith DoubleCircle,激闘マインスイーパーオンライン,-,"",ETC,Blacksmith DoubleCircle,0,1,その他,その他
2024-05-02,Error 300 Games,物探しの達人:ここは小さな恐竜がいない,-,"",ETC,Error 300 Games,0,1,その他,その他
2024-05-02,宮澤卓宏,箱だけのブルース,-,"",ETC,宮澤卓宏,0,1,その他,その他
2024-05-03,Shinyuden,改造町人シュビビンマン3 -異界のプリンセス-,-,"",ETC,Shinyuden,0,1,その他,その他
2024-05-09,Elushis,Adventure Field Remake,-,"",ETC,Elushis,0,1,その他,その他
2024-05-09,Bigmode,ANIMAL WELL,-,"",ETC,Bigmode,0,1,その他,その他
2024-05-09,Artifex Mundi,Chronicles of Magic: 引き裂かれた王国,-,"",ETC,Artifex Mundi,0,1,その他,その他
2024-05-09,Playtonic Games,CorpoNation: The Sorting Process,-,"",ETC,Playtonic Games,0,1,その他,その他
2024-05-09,404 Games,Crab Digger TROPICAL ISLAND,-,"",ETC,404 Games,0,1,その他,その他
2024-05-09,DEZVOLT GAMES,Culinary Cooking Master Simulator,-,"",ETC,DEZVOLT GAMES,0,1,その他,その他
2024-05-09,NAISU,Dark Fantasy Epic Jigsaw Puzzle,-,"",ETC,NAISU,0,1,その他,その他
2024-05-09,VRCFORGE STUDIOS,Gearhead Karting Simulator - Mechanic & Racing,-,"",ETC,VRCFORGE STUDIOS,0,1,その他,その他
2024-05-09,ブシロード,Gift,-,YES,ETC,ブシロード,0,1,その他,その他
2024-05-09,Serious Brothers,Imagine Earth,-,"",ETC,Serious Brothers,0,1,その他,その他
2024-05-09,Marginalact,KOBOLOK,-,"",ETC,Marginalact,0,1,その他,その他
2024-05-09,eastasiasoft,Mechs V Kaijus,-,"",ETC,eastasiasoft,0,1,その他,その他
2024-05-09,Rebuilt Games,Pummel Party,-,"",ETC,Rebuilt Games,0,1,その他,その他
2024-05-09,Sekai Games,QUALIA 〜約束の軌跡〜,-,"",ETC,Sekai Games,0,1,その他,その他
2024-05-09,Sabec,Smack,-,"",ETC,Sabec,0,1,その他,その他
2024-05-09,Daedalic Entertainment,The Night of the Rabbit,-,"",ETC,Daedalic Entertainment,0,1,その他,その他
2024-05-09,Clappers,おに高 ころりんゲーム,-,"",ETC,Clappers,0,1,その他,その他
2024-05-09,Megame,エル・イー・ティーズ・スルーオー バスケットボール・シミュレーター,-,"",ETC,Megame,0,1,その他,その他
2024-05-09,moesoft,デビルガール,-,"",ETC,moesoft,0,1,その他,その他
2024-05-09,TT,ナゾトキ魔女と夢幻の秘宝－物語も楽しめるひまつぶし脳トレ推理アドベンチャー－,-,"",ETC,TT,0,1,その他,その他
2024-05-09,Max Interactive Studio,ビッグウォーターメロンマッチ,-,"",ETC,Max Interactive Studio,0,1,その他,その他
2024-05-09,RedDeerGames,ホテル ハッスル,-,"",ETC,RedDeerGames,0,1,その他,その他
2024-05-09,HUNTERS,マイケルの不思議な冒険2,-,"",ETC,HUNTERS,0,1,その他,その他
2024-05-09,ININ Games,レインボーコットン,-,YES,ETC,ININ Games,0,1,その他,その他
2024-05-09,Zakym,動物が落ちる,-,"",ETC,Zakym,0,1,その他,その他
2024-05-09,Asylum Square Interactive,動物パズル,-,"",ETC,Asylum Square Interactive,0,1,その他,その他
2024-05-09,346lab Localization,私のリアルは充実しすぎている for Nintendo Switch,-,"",ETC,346lab Localization,0,1,その他,その他
2024-05-10,ラタライカゲームス,Kinduo 2 - Frostbite,-,"",ETC,ラタライカゲームス,0,1,その他,その他
2024-05-10,Double Dagger Studio,"Little Kitty, Big City",-,YES,ETC,Double Dagger Studio,0,1,その他,その他
2024-05-13,Plug In Digital,The Land Beneath Us,-,"",ETC,Plug In Digital,0,1,その他,その他
2024-05-14,Quantic Dream,Lysfanga: The Time Shift Warrior,-,"",ETC,Quantic Dream,0,1,その他,その他
2024-05-14,THQ Nordic ジャパン,バイオミュータント,-,YES,ETC,THQ Nordic ジャパン,0,1,その他,その他
2024-05-16,VRCFORGE STUDIOS,Adrenaline Rush: Highway Extreme Traffic Racer,-,"",ETC,VRCFORGE STUDIOS,0,1,その他,その他
2024-05-16,Sometimes You,Awesome Pea 3,-,"",ETC,Sometimes You,0,1,その他,その他
2024-05-16,Thekla,Braid: アニバーサリーエディション,-,"",ETC,Thekla,0,1,その他,その他
2024-05-16,Brainium Games,Dungeon Arsenal,-,"",ETC,Brainium Games,0,1,その他,その他
2024-05-16,SUCCESS GAMES,Express Courier Pro: Urban Bike Delivery Simulator 2024,-,"",ETC,SUCCESS GAMES,0,1,その他,その他
2024-05-16,OverGamez,Hand In Hand,-,"",ETC,OverGamez,0,1,その他,その他
2024-05-16,Pakotime,Hentai Girls: Idol Romance,-,"",ETC,Pakotime,0,1,その他,その他
2024-05-16,SURPRISED HOTDOG,HighScore Anomaly Shop,-,"",ETC,SURPRISED HOTDOG,0,1,その他,その他
2024-05-16,Artem Kritinin,King Pyramid Thieves,-,"",ETC,Artem Kritinin,0,1,その他,その他
2024-05-16,Artem Kritinin,Little Cat Doctor,-,"",ETC,Artem Kritinin,0,1,その他,その他
2024-05-16,DEMENCI Games,Mars Farming 2034,-,"",ETC,DEMENCI Games,0,1,その他,その他
2024-05-16,Freedom Games,Monster Outbreak,-,"",ETC,Freedom Games,0,1,その他,その他
2024-05-16,QUByte Interactive,Musashi vs Cthulhu,-,"",ETC,QUByte Interactive,0,1,その他,その他
2024-05-16,Silesia Games,Please Fix The Road,-,"",ETC,Silesia Games,0,1,その他,その他
2024-05-16,Artem Kritinin,Plumber Pipe Out,-,"",ETC,Artem Kritinin,0,1,その他,その他
2024-05-16,17Studio,Puzzle World: Neko Girls,-,"",ETC,17Studio,0,1,その他,その他
2024-05-16,DEMENCI Games,Roman Empire Farming,-,"",ETC,DEMENCI Games,0,1,その他,その他
2024-05-16,Croix Apps,Spellcats: Auto Card Tactics,-,"",ETC,Croix Apps,0,1,その他,その他
2024-05-16,Trefl S.A,Spy Guy Memory,-,"",ETC,Trefl S.A,0,1,その他,その他
2024-05-16,Sometimes You,Sweetest Monster,-,"",ETC,Sometimes You,0,1,その他,その他
2024-05-16,404 Games,Toon Toon Racing,-,"",ETC,404 Games,0,1,その他,その他
2024-05-16,Triomatica Games,Trust No One,-,"",ETC,Triomatica Games,0,1,その他,その他
2024-05-16,Uncanaut,vridniX,-,"",ETC,Uncanaut,0,1,その他,その他
2024-05-16,Webnetic,Word Guess,-,"",ETC,Webnetic,0,1,その他,その他
2024-05-16,Artem Kritinin,Zombie Night Defense,-,"",ETC,Artem Kritinin,0,1,その他,その他
2024-05-16,WEST SUN,アンデーモン,-,"",ETC,WEST SUN,0,1,その他,その他
2024-05-16,プラチナロケット,インターネットジェネレーション,-,"",ETC,プラチナロケット,0,1,その他,その他
2024-05-16,トローゼ,エイリアンサバイバーズ スターシップ レザレクション,-,"",ETC,トローゼ,0,1,その他,その他
2024-05-16,3goo,ガーデンライフ:夢の庭をつくろう,-,YES,ETC,3goo,0,1,その他,その他
2024-05-16,SC Ovilex Soft,トラックシミュレーターシティデリバリー,-,"",ETC,SC Ovilex Soft,0,1,その他,その他
2024-05-16,RedDeerGames,トーキョークッキング,-,"",ETC,RedDeerGames,0,1,その他,その他
2024-05-16,シルバースタージャパン,ドリーム囲碁,-,"",ETC,シルバースタージャパン,0,1,その他,その他
2024-05-16,不明,ドリーム将棋,-,"",ETC,不明,0,1,その他,その他
2024-05-16,Mindscape,プールパーティー,-,"",ETC,Mindscape,0,1,その他,その他
2024-05-16,コーラス・ワールドワイド,リードオンリーメモリーズ:ニューロダイバー,-,YES,ETC,コーラス・ワールドワイド,0,1,その他,その他
2024-05-16,Happy Player,友情の配達,-,"",ETC,Happy Player,0,1,その他,その他
2024-05-16,エム・ビー・エーインターナショナル,関守神〜再演〜,-,"",ETC,エム・ビー・エーインターナショナル,0,1,その他,その他
2024-05-17,ラタライカゲームス,FoxyRush,-,"",ETC,ラタライカゲームス,0,1,その他,その他
2024-05-17,Annapurna Interactive,Lorelei and the Laser Eyes,-,"",ETC,Annapurna Interactive,0,1,その他,その他
2024-05-23,SUCCESS GAMES,Airplane Delivery Simulator 2024: Realistic Geographical,-,"",ETC,SUCCESS GAMES,0,1,その他,その他
2024-05-23,Kibe Software House,Arcadia: Colony,-,"",ETC,Kibe Software House,0,1,その他,その他
2024-05-23,Asylum Square Interactive,Astroblaze DX,-,"",ETC,Asylum Square Interactive,0,1,その他,その他
2024-05-23,Somnambulist Games,BEASTWATCH: Meat & Mayhem,-,"",ETC,Somnambulist Games,0,1,その他,その他
2024-05-23,RedDeerGames,Cat's Cosmic Atlas,-,"",ETC,RedDeerGames,0,1,その他,その他
2024-05-23,SimulaMaker,Chocolate Factory Tycoon,-,"",ETC,SimulaMaker,0,1,その他,その他
2024-05-23,SimulaMaker,Coffee Simulator Tycoon,-,"",ETC,SimulaMaker,0,1,その他,その他
2024-05-23,Asylum Square Interactive,Dish Puzzle,-,"",ETC,Asylum Square Interactive,0,1,その他,その他
2024-05-23,eastasiasoft,Doug's Nightmare,-,"",ETC,eastasiasoft,0,1,その他,その他
2024-05-23,Artem Kritinin,Easter Bunny: Bubble Shooter,-,"",ETC,Artem Kritinin,0,1,その他,その他
2024-05-23,eastasiasoft,Electronics Puzzle Lab,-,"",ETC,eastasiasoft,0,1,その他,その他
2024-05-23,Kirkidexi,Erra: Exordium,-,"",ETC,Kirkidexi,0,1,その他,その他
2024-05-23,賈船,Hammerwatch,-,"",ETC,賈船,0,1,その他,その他
2024-05-23,Artem Kritinin,Head Sports Football,-,"",ETC,Artem Kritinin,0,1,その他,その他
2024-05-23,404 Games,Highlaundry Overwashed - Play with your friends!,-,"",ETC,404 Games,0,1,その他,その他
2024-05-23,講談社,In His Time,-,"",ETC,講談社,0,1,その他,その他
2024-05-23,Merge Games,Morbid: The Lords of Ire,-,"",ETC,Merge Games,0,1,その他,その他
2024-05-23,SimulaMaker,Ninja Shadow Quest,-,"",ETC,SimulaMaker,0,1,その他,その他
2024-05-23,Neox Studios,OrbWars,-,"",ETC,Neox Studios,0,1,その他,その他
2024-05-23,17Studio,Puzzle World: Cute Cats,-,"",ETC,17Studio,0,1,その他,その他
2024-05-23,SimulaMaker,Restaurant Tycoon Simulator,-,"",ETC,SimulaMaker,0,1,その他,その他
2024-05-23,SimulaMaker,Roman City Tycoon,-,"",ETC,SimulaMaker,0,1,その他,その他
2024-05-23,Pyxeralia,Scarlet Tower,-,"",ETC,Pyxeralia,0,1,その他,その他
2024-05-23,Puppet Combo,Super The Glass Staircase,-,"",ETC,Puppet Combo,0,1,その他,その他
2024-05-23,SAT-BOX,SUSHIレース,-,"",ETC,SAT-BOX,0,1,その他,その他
2024-05-23,Silesia Games,Ultra Foodmess 2,-,"",ETC,Silesia Games,0,1,その他,その他
2024-05-23,OverGamez,Undercat,-,"",ETC,OverGamez,0,1,その他,その他
2024-05-23,Sticky Rice Games,Wild Romance,-,"",ETC,Sticky Rice Games,0,1,その他,その他
2024-05-23,Digital Eclipse,Wizardry: Proving Grounds of the Mad Overlord,-,YES,ETC,Digital Eclipse,0,1,その他,その他
2024-05-23,メディアファイブ,ぐるたん 中学英単語,-,"",ETC,メディアファイブ,0,1,その他,その他
2024-05-23,不明,ぐるたん 大人の英単語,-,"",ETC,不明,0,1,その他,その他
2024-05-23,不明,ぐるたん 高校英単語,-,"",ETC,不明,0,1,その他,その他
2024-05-23,unCompany games,ぬすんであそぼ!ドロボー幼稚園2,-,"",ETC,unCompany games,0,1,その他,その他
2024-05-23,MASK,もっと知りたい縄文弥生－ゲームで楽しく歴史発見雑学教養豆知識学習クイズ－,-,"",ETC,MASK,0,1,その他,その他
2024-05-23,Kistler Studios,アメリアズ・ダイナー,-,"",ETC,Kistler Studios,0,1,その他,その他
2024-05-23,Megame,クレージー・スタント・ドライバー エクストリーム・レーシング・シミュレーター,-,"",ETC,Megame,0,1,その他,その他
2024-05-23,サクセス,スライドパズル,-,"",ETC,サクセス,0,1,その他,その他
2024-05-23,ゲームスタジオ,ピンチ50連発!!,-,"",ETC,ゲームスタジオ,0,1,その他,その他
2024-05-23,CFK,ブレイド・ジャンパー,-,"",ETC,CFK,0,1,その他,その他
2024-05-23,Apogee Entertainment,ブレッドとフレッド,-,"",ETC,Apogee Entertainment,0,1,その他,その他
2024-05-23,EpiXR Games,ペーパーダッシュ インベージョンオブグリード,-,"",ETC,EpiXR Games,0,1,その他,その他
2024-05-23,Newfangled Games,ペーパートレイル Paper Trail,-,"",ETC,Newfangled Games,0,1,その他,その他
2024-05-23,任天堂,ペーパーマリオRPG,35,YES,ARPG,任天堂,6957_0m_4928,1,アクションRPG,その他
2024-05-23,Firestoke,ホーンティー,-,"",ETC,Firestoke,0,1,その他,その他
2024-05-23,ディースリー・パブリッシャー,四角い地球に再びシカク現る!? デジボク地球防衛軍2 EARTH DEFENSE FORCE: WORLD BROTHERS,-,YES,ETC,ディースリー・パブリッシャー,0,1,その他,その他
2024-05-23,サイバーステップ,恋色ぱれっと - Love Palette -,-,"",ETC,サイバーステップ,0,1,その他,その他
2024-05-23,アイディアファクトリー,猛獣たちとお姫様 for Nintendo Switch,-,YES,ETC,アイディアファクトリー,0,1,その他,その他
2024-05-23,●,神次次元ゲイム ネプテューヌRe;Birth3 V CENTURY,-,,ETC,●,0,1,その他,その他
2024-05-23,コンパイルハート,超次次元ゲイム ネプテューヌRe;Birth1,-,YES,ETC,コンパイルハート,0,1,その他,その他
2024-05-23,●,超次次元ゲイム ネプテューヌRe;Birth2 SISTERS GENERATION,-,,ETC,●,0,1,その他,その他
2024-05-23,アクワイア,霧の戦場のヴェルディーナ: C.A.R.D.S. RPG,-,YES,ETC,アクワイア,0,1,その他,その他
2024-05-23,indienova,魂の橋,-,"",ETC,indienova,0,1,その他,その他
2024-05-24,Secret Mode,Eternal Threads,-,"",ETC,Secret Mode,0,1,その他,その他
2024-05-24,Ravenage Games,NecroBouncer,-,"",ETC,Ravenage Games,0,1,その他,その他
2024-05-24,ラタライカゲームス,TP Bullet,-,"",ETC,ラタライカゲームス,0,1,その他,その他
2024-05-30,McPeppergames,"Animal Farm Jigsaw Games for Toddlers, Babies and Kids",-,"",ETC,McPeppergames,0,1,その他,その他
2024-05-30,Daedalic Entertainment,Capes,-,"",ETC,Daedalic Entertainment,0,1,その他,その他
2024-05-30,Sadi Makes Games,Cat Warrior,-,"",ETC,Sadi Makes Games,0,1,その他,その他
2024-05-30,TT,Creek of Tears 仮面の館からの脱出－かんたんひまつぶしタップで謎解き脱出ゲーム－,-,"",ETC,TT,0,1,その他,その他
2024-05-30,Game Source Entertainment,Dance of Death: Du Lac & Fey,-,"",ETC,Game Source Entertainment,0,1,その他,その他
2024-05-30,McPeppergames,"Early Learning Games for Kids, Toddlers & Babies",-,"",ETC,McPeppergames,0,1,その他,その他
2024-05-30,Game Source Entertainment,FUR Squadron,-,"",ETC,Game Source Entertainment,0,1,その他,その他
2024-05-30,Brainium Games,Ginger - The Tooth Fairy,-,"",ETC,Brainium Games,0,1,その他,その他
2024-05-30,Flynn's Arcade,Goliath Depot ゴリアテ・デポ,-,"",ETC,Flynn's Arcade,0,1,その他,その他
2024-05-30,SP Games,Gran Carismo,-,"",ETC,SP Games,0,1,その他,その他
2024-05-30,Pakotime,Hentai Girls: Gorgeous Girlfriend,-,"",ETC,Pakotime,0,1,その他,その他
2024-05-30,Big Way,Hentai Uni 2,-,"",ETC,Big Way,0,1,その他,その他
2024-05-30,RedDeerGames,Hentai デート物語 ブラジル編,-,"",ETC,RedDeerGames,0,1,その他,その他
2024-05-30,Phantom Publishing,Jacob Jazz's Mezmeratu,-,"",ETC,Phantom Publishing,0,1,その他,その他
2024-05-30,Silesia Games,Jelly Battle,-,"",ETC,Silesia Games,0,1,その他,その他
2024-05-30,Achromi,Master Key,-,"",ETC,Achromi,0,1,その他,その他
2024-05-30,404 Games,Nine Nights - Martial Ci Lang Story,-,"",ETC,404 Games,0,1,その他,その他
2024-05-30,Rainmaker Productions,NINJA KAMUI: 忍・零號,-,"",ETC,Rainmaker Productions,0,1,その他,その他
2024-05-30,TERNOX,O-VOID: Console Edition,-,"",ETC,TERNOX,0,1,その他,その他
2024-05-30,Dead Unicorn,Return,-,"",ETC,Dead Unicorn,0,1,その他,その他
2024-05-30,SpaceJazz Games,Stick to the Plan,-,"",ETC,SpaceJazz Games,0,1,その他,その他
2024-05-30,Joindots,Summer Sports Games,-,"",ETC,Joindots,0,1,その他,その他
2024-05-30,AMG GAMES,おさんぽひこにゃん,-,"",ETC,AMG GAMES,0,1,その他,その他
2024-05-30,ピクセル,ふたごうさぎのご近所ツーリズモ,-,YES,ETC,ピクセル,0,1,その他,その他
2024-05-30,ハピネット,ウォーグルーヴ1+2,-,YES,ETC,ハピネット,0,1,その他,その他
2024-05-30,トローゼ,オペレーションスコーピオン テイクダウン,-,"",ETC,トローゼ,0,1,その他,その他
2024-05-30,Domynyo,テラーマンション,-,"",ETC,Domynyo,0,1,その他,その他
2024-05-30,ジュピター,ピクロスS NAMCO LEGENDARY edition,-,"",ETC,ジュピター,0,1,その他,その他
2024-05-30,シティコネクション,ワイズマンズワールド リトライ,-,YES,ETC,シティコネクション,0,1,その他,その他
2024-05-30,インティ・クリエイツ,九魂の久遠,-,YES,ETC,インティ・クリエイツ,0,1,その他,その他
2024-05-30,Happy Player,弾丸ヒーロー,-,"",ETC,Happy Player,0,1,その他,その他
2024-05-30,AlignmentSharp,料理DE脱出〜ニャン蔵&クマ吉の脱出ゲーム〜,-,"",ETC,AlignmentSharp,0,1,その他,その他
2024-05-30,グラビティゲームアライズ,東京サイコデミック 〜公安調査庁特別事象科学情報分析室 特殊捜査事件簿〜,-,YES,ETC,グラビティゲームアライズ,0,1,その他,その他
2024-05-30,RAWRLAB Games,猫とその子供,-,"",ETC,RAWRLAB Games,0,1,その他,その他
2024-05-30,eastasiasoft,軒轅剣 閻黒の業火,-,"",ETC,eastasiasoft,0,1,その他,その他
2024-05-31,Versus Evil,Astor: Blade of the Monolith,-,"",ETC,Versus Evil,0,1,その他,その他
2024-05-31,SAT-BOX,定規バトル オンライン,-,"",ETC,SAT-BOX,0,1,その他,その他
2024-06-04,Plug In Digital,Downward Enhanced,-,"",ETC,Plug In Digital,0,1,その他,その他
2024-06-04,Zynga,スター・ウォーズ:銀河のハンター,-,"",ETC,Zynga,0,1,その他,その他
2024-06-06,RandomSpin Games,BMX Wild Run,-,"",ETC,RandomSpin Games,0,1,その他,その他
2024-06-06,Afil Games,Cat Pipes,-,"",ETC,Afil Games,0,1,その他,その他
2024-06-06,SUCCESS GAMES,Craft Archeology Simulator: Pyramid to Polar,-,"",ETC,SUCCESS GAMES,0,1,その他,その他
2024-06-06,RandomSpin Games,Cybercube,-,"",ETC,RandomSpin Games,0,1,その他,その他
2024-06-06,CIRCLE Ent.,Fading Afternoon,-,"",ETC,CIRCLE Ent.,0,1,その他,その他
2024-06-06,eastasiasoft,Ghost Teen Escape from Limbo,-,"",ETC,eastasiasoft,0,1,その他,その他
2024-06-06,Pakotime,Hentai Girls: Racy Racer,-,"",ETC,Pakotime,0,1,その他,その他
2024-06-06,SURPRISED HOTDOG,HighScore Anomaly Underground,-,"",ETC,SURPRISED HOTDOG,0,1,その他,その他
2024-06-06,Silesia Games,Let Me Sleep,-,"",ETC,Silesia Games,0,1,その他,その他
2024-06-06,DEZVOLT GAMES,Mars Colonization Expedition: Survival Simulator,-,"",ETC,DEZVOLT GAMES,0,1,その他,その他
2024-06-06,Nami Tentou,SkateCat,-,"",ETC,Nami Tentou,0,1,その他,その他
2024-06-06,Microids,The Smurfs - Village Party,-,"",ETC,Microids,0,1,その他,その他
2024-06-06,Elushis,Ultra Mission,-,"",ETC,Elushis,0,1,その他,その他
2024-06-06,FULL STEAM STUDIOS,WAKUSEI,-,"",ETC,FULL STEAM STUDIOS,0,1,その他,その他
2024-06-06,Brinemedia,Zombie Derby,-,"",ETC,Brinemedia,0,1,その他,その他
2024-06-06,TT,よしもと芸人2択でどっち!?,-,"",ETC,TT,0,1,その他,その他
2024-06-06,Infinite Game,アインズソード2,-,"",ETC,Infinite Game,0,1,その他,その他
2024-06-06,Sakuba Metal Works,ガラージュ GARAGE: Bad Dream Adventure,-,"",ETC,Sakuba Metal Works,0,1,その他,その他
2024-06-06,EpiXR Games,ザフライングトラベラー ピースオブマインド,-,"",ETC,EpiXR Games,0,1,その他,その他
2024-06-06,Shinyuden,シュビビンマン コレクション Vol.1,-,"",ETC,Shinyuden,0,1,その他,その他
2024-06-06,プロトタイプ,セヴンデイズ あなたとすごす七日間,-,YES,ETC,プロトタイプ,0,1,その他,その他
2024-06-06,サイバーステップ,ハーレムなんか望んでない! - Undesired Harem -,-,"",ETC,サイバーステップ,0,1,その他,その他
2024-06-06,PixNB Games,レインボーダイヤモンド,-,"",ETC,PixNB Games,0,1,その他,その他
2024-06-06,コンパイルハート,東方スペルカーニバル,-,YES,ETC,コンパイルハート,0,1,その他,その他
2024-06-06,14次元,韓国鉄道 運転旅行 釜山金海軽鉄道編,-,"",ETC,14次元,0,1,その他,その他
2024-06-07,Shinyuden,バイク大好き!走り屋魂,-,"",ETC,Shinyuden,0,1,その他,その他
2024-06-07,GAME NACIONAL,猫,-,"",ETC,GAME NACIONAL,0,1,その他,その他
2024-06-10,Armor Games Studios,Kamaeru: カエルの楽園,-,"",ETC,Armor Games Studios,0,1,その他,その他
2024-06-13,Axyos Games,Anime vs Evil: Apocalypse,-,"",ETC,Axyos Games,0,1,その他,その他
2024-06-13,DEMENCI Games,Counter Force: Tactical Warfare,-,"",ETC,DEMENCI Games,0,1,その他,その他
2024-06-13,Pix Arts,Grand Prix Racing Universal,-,"",ETC,Pix Arts,0,1,その他,その他
2024-06-13,Silesia Games,Hidden Cats in Paris,-,"",ETC,Silesia Games,0,1,その他,その他
2024-06-13,404 Games,Neon Noir,-,"",ETC,404 Games,0,1,その他,その他
2024-06-13,Mens Sana Interactive,Railway Islands 2,-,"",ETC,Mens Sana Interactive,0,1,その他,その他
2024-06-13,eastasiasoft,Roxy Raccoon's Pinball Panic,-,"",ETC,eastasiasoft,0,1,その他,その他
2024-06-13,Tower Studios,Sociable Soccer 24,-,"",ETC,Tower Studios,0,1,その他,その他
2024-06-13,VRCFORGE STUDIOS,Urban Trace: Parkour Simulator Pursuit,-,"",ETC,VRCFORGE STUDIOS,0,1,その他,その他
2024-06-13,QUByte Interactive,Willy's Wonderland - The Game,-,"",ETC,QUByte Interactive,0,1,その他,その他
2024-06-13,SOFT SOURCE,Zoeti,-,YES,ETC,SOFT SOURCE,0,1,その他,その他
2024-06-13,Singles Alliance,アグノスティック・オリジンズ,-,"",ETC,Singles Alliance,0,1,その他,その他
2024-06-13,Super Rare Games,イボリング,-,"",ETC,Super Rare Games,0,1,その他,その他
2024-06-13,3goo,コンストラクション シミュレーター 4,-,YES,ETC,3goo,0,1,その他,その他
2024-06-13,タイトー,スペースインベーダー90,-,"",ETC,タイトー,0,1,その他,その他
2024-06-13,eastasiasoft,ソーナー・ビート,-,"",ETC,eastasiasoft,0,1,その他,その他
2024-06-13,Singles Alliance,ネッド・マパグマハルの大冒険,-,"",ETC,Singles Alliance,0,1,その他,その他
2024-06-13,RedDeerGames,フィット マイ ズー,-,"",ETC,RedDeerGames,0,1,その他,その他
2024-06-13,ビサイド,フルーツマウンテン,-,"",ETC,ビサイド,0,1,その他,その他
2024-06-13,HERO GAME,勇気の推理 海苔6.5 勇気、旅立つ,-,"",ETC,HERO GAME,0,1,その他,その他
2024-06-13,Happy Player,浄化の道,-,"",ETC,Happy Player,0,1,その他,その他
2024-06-14,ラタライカゲームス,Froggy Bouncing Adventures,-,"",ETC,ラタライカゲームス,0,1,その他,その他
2024-06-14,ケムコ,ようこそアルカナアカデミーへ!,-,"",ETC,ケムコ,0,1,その他,その他
2024-06-14,カプコン,モンスターハンター ストーリーズ,35,YES,RPG,カプコン,7002_0m_4973,1,RPG,その他
2024-06-14,アトラス,真・女神転生V Vengeance,-,YES,ETC,アトラス,6982_0m_4953,1,その他,その他
2024-06-18,Nordcurrent,たき火のそばで (Fireside),-,"",ETC,Nordcurrent,0,1,その他,その他
2024-06-19,Humble Games,＃BLUD,-,"",ETC,Humble Games,0,1,その他,その他
2024-06-19,SNK,METAL SLUG ATTACK RELOADED,-,"",ETC,SNK,0,1,その他,その他
2024-06-19,小学館,ぶっとバード,-,"",ETC,小学館,0,1,その他,その他
2024-06-20,MeKiwi,Cave Digger 2,-,"",ETC,MeKiwi,0,1,その他,その他
2024-06-20,Kalypso Media Group,DarkStar One,-,"",ETC,Kalypso Media Group,0,1,その他,その他
2024-06-20,Akupara Games,Everafter Falls,-,"",ETC,Akupara Games,0,1,その他,その他
2024-06-20,Artifex Mundi,Faces of Illusion: 双生のファントム,-,"",ETC,Artifex Mundi,0,1,その他,その他
2024-06-20,Feardemic,Garten of Banban,-,"",ETC,Feardemic,0,1,その他,その他
2024-06-20,不明,Garten of Banban 2,-,"",ETC,不明,0,1,その他,その他
2024-06-20,不明,Garten of Banban 3,-,"",ETC,不明,0,1,その他,その他
2024-06-20,不明,Garten of Banban 4,-,"",ETC,不明,0,1,その他,その他
2024-06-20,eastasiasoft,Glyphs of Gitzan,-,"",ETC,eastasiasoft,0,1,その他,その他
2024-06-20,DEZVOLT GAMES,Grass Cutting Simulator: Lawn Mooving Care,-,"",ETC,DEZVOLT GAMES,0,1,その他,その他
2024-06-20,Joindots,Greed 3: Old Enemies Returning,-,"",ETC,Joindots,0,1,その他,その他
2024-06-20,Pakotime,Hentai Girls: Cat Cutie,-,"",ETC,Pakotime,0,1,その他,その他
2024-06-20,Big Way,Loco Parentis,-,"",ETC,Big Way,0,1,その他,その他
2024-06-20,Raw Fury,Moonstone Island,-,"",ETC,Raw Fury,0,1,その他,その他
2024-06-20,17Studio,Puzzle World: Funny Dogs,-,"",ETC,17Studio,0,1,その他,その他
2024-06-20,Goblinz Studio,Racine,-,"",ETC,Goblinz Studio,0,1,その他,その他
2024-06-20,レジスタ,revive of the moon,-,"",ETC,レジスタ,0,1,その他,その他
2024-06-20,VRCFORGE STUDIOS,Speedway Turbo: Car Racing Challenge,-,"",ETC,VRCFORGE STUDIOS,0,1,その他,その他
2024-06-20,RAWRLAB Games,STEEL 作戦,-,"",ETC,RAWRLAB Games,0,1,その他,その他
2024-06-20,17Studio,Toilet Hero,-,"",ETC,17Studio,0,1,その他,その他
2024-06-20,MASK,イロことば－4択クイズで美術芸術学習教養色彩感覚テスト－,-,"",ETC,MASK,0,1,その他,その他
2024-06-20,アクワイア,スカーズ・オブ・マーズ,-,"",ETC,アクワイア,0,1,その他,その他
2024-06-20,ヒストリア,スペースペンギンズ,-,"",ETC,ヒストリア,0,1,その他,その他
2024-06-20,ジーツープラス,ピクセルワールド ユニティちゃん,-,"",ETC,ジーツープラス,0,1,その他,その他
2024-06-20,PLAYISM,ラスティッド・モス,-,YES,ETC,PLAYISM,0,1,その他,その他
2024-06-20,RedDeerGames,ラブエリュシオン 〜女神たちの秘島〜,-,"",ETC,RedDeerGames,0,1,その他,その他
2024-06-20,Asylum Square Interactive,動物園パズル,-,"",ETC,Asylum Square Interactive,0,1,その他,その他
2024-06-20,エクスペリエンス,心霊ホラーADVシリーズ全集 死印×NG×死噛,-,YES,ETC,エクスペリエンス,0,1,その他,その他
2024-06-20,ブシロードゲームズ,無職転生 〜異世界行ったら本気だす〜 Quest of Memories,-,YES,ETC,ブシロードゲームズ,0,1,その他,その他
2024-06-20,Error 300 Games,錬金術の達人:オリジン,-,"",ETC,Error 300 Games,0,1,その他,その他
2024-06-21,Good Shepherd Entertainment,Dicefolk,-,"",ETC,Good Shepherd Entertainment,0,1,その他,その他
2024-06-21,ラタライカゲームス,Pogo Stick Champion,-,"",ETC,ラタライカゲームス,0,1,その他,その他
2024-06-25,セガ,スーパーモンキーボール バナナランブル,-,YES,ETC,セガ,0,1,その他,その他
2024-06-25,ユービーアイソフト,ビヨンド グッド & イービル,-,"",ETC,ユービーアイソフト,0,1,その他,その他
2024-06-27,Maximum Entertainment,34 Sports Games - World Edition,-,"",ETC,Maximum Entertainment,0,1,その他,その他
2024-06-27,Pix Arts,Air Sea Modern Conflict,-,"",ETC,Pix Arts,0,1,その他,その他
2024-06-27,Asylum Square Interactive,Aqua Puzzle Adventures,-,"",ETC,Asylum Square Interactive,0,1,その他,その他
2024-06-27,404 Games,Climbing Over It with a Spear Only Up,-,"",ETC,404 Games,0,1,その他,その他
2024-06-27,CGI LAB,Conjured Through Death,-,"",ETC,CGI LAB,0,1,その他,その他
2024-06-27,RandomSpin Games,Difficult Climbing Game,-,"",ETC,RandomSpin Games,0,1,その他,その他
2024-06-27,Cococucumber,Echo Generation,-,"",ETC,Cococucumber,0,1,その他,その他
2024-06-27,QUByte Interactive,FROGUE,-,"",ETC,QUByte Interactive,0,1,その他,その他
2024-06-27,eastasiasoft,Go Go Jump!!,-,"",ETC,eastasiasoft,0,1,その他,その他
2024-06-27,DillyFrame,Good Guys,-,"",ETC,DillyFrame,0,1,その他,その他
2024-06-27,RedDeerGames,Hentai ソリティア,-,"",ETC,RedDeerGames,0,1,その他,その他
2024-06-27,Webnetic,Hole Theory,-,"",ETC,Webnetic,0,1,その他,その他
2024-06-27,Accelerate Games,Luxor Evolved,-,"",ETC,Accelerate Games,0,1,その他,その他
2024-06-27,Atari,NeoSprint,-,"",ETC,Atari,0,1,その他,その他
2024-06-27,Revulo Games,Offroad Masters: Motocross Races,-,"",ETC,Revulo Games,0,1,その他,その他
2024-06-27,プロトタイプ,planetarian 〜ちいさなほしのゆめ&雪圏球〜,-,YES,ETC,プロトタイプ,0,1,その他,その他
2024-06-27,ポケット,RIZAP for Nintendo Switch 〜体感♪リズムトレーニング〜,-,YES,ETC,ポケット,0,1,その他,その他
2024-06-27,Penguin Pop Games,Sneaky Rat,-,"",ETC,Penguin Pop Games,0,1,その他,その他
2024-06-27,Pakotime,Sugoi Girls: Lovely Wife,-,"",ETC,Pakotime,0,1,その他,その他
2024-06-27,Burlea Games Studio,Supermarket Simulation Grocery Empire 3D,-,"",ETC,Burlea Games Studio,0,1,その他,その他
2024-06-27,Kepler Interactive,Tchia,-,"",ETC,Kepler Interactive,0,1,その他,その他
2024-06-27,Halva Studio,The Alpha Wolf: ウルフシミュレーター,-,"",ETC,Halva Studio,0,1,その他,その他
2024-06-27,M9 Games,VENARI - 脱出部屋の冒険,-,"",ETC,M9 Games,0,1,その他,その他
2024-06-27,Sanuk Games,Whacking Hell!,-,"",ETC,Sanuk Games,0,1,その他,その他
2024-06-27,DEMENCI Games,Wild West Tycoon Empire,-,"",ETC,DEMENCI Games,0,1,その他,その他
2024-06-27,VRCFORGE STUDIOS,Yori's Journey: Forgotten Origins,-,"",ETC,VRCFORGE STUDIOS,0,1,その他,その他
2024-06-27,サイバーステップ,お嬢様とぼっちくん 〜Lady & Lonely Boy〜,-,"",ETC,サイバーステップ,0,1,その他,その他
2024-06-27,CFK,のらねこものがたり ねこねこEdition,-,YES,ETC,CFK,0,1,その他,その他
2024-06-27,CFK,のらねこものがたり2:お外は危ないよ,-,"",ETC,CFK,0,1,その他,その他
2024-06-27,エンターグラム,アルカナ・アルケミア,-,YES,ETC,エンターグラム,0,1,その他,その他
2024-06-27,PortalKey,エコロコーション,-,"",ETC,PortalKey,0,1,その他,その他
2024-06-27,MoonGlass,ガンラウンズ,-,"",ETC,MoonGlass,0,1,その他,その他
2024-06-27,AlignmentSharp,ケープ君の脱出ゲーム 9部屋目,-,"",ETC,AlignmentSharp,0,1,その他,その他
2024-06-27,SC Ovilex Soft,コーチバスドライビングシミュレーター,-,"",ETC,SC Ovilex Soft,0,1,その他,その他
2024-06-27,イマジニア,ネコノヤキュウ サイコロプロジェクト,-,"",ETC,イマジニア,0,1,その他,その他
2024-06-27,NCSOFT,バトルクラッシュ,-,"",ETC,NCSOFT,0,1,その他,その他
2024-06-27,Max Interactive Studio,バンパーキティ,-,"",ETC,Max Interactive Studio,0,1,その他,その他
2024-06-27,MASK,ピン留め3ヒントクイズ アレどこだ？－直感クイズで学習勉強脳トレ脳活教養ゲーム－,-,"",ETC,MASK,0,1,その他,その他
2024-06-27,Megame,ボート・ドライバー シップ・パーキング・シミュレーター,-,"",ETC,Megame,0,1,その他,その他
2024-06-27,サクセス,マージブロックパズル,-,"",ETC,サクセス,0,1,その他,その他
2024-06-27,任天堂,ルイージマンション2 HD,-,YES,ETC,任天堂,0,1,その他,その他
2024-06-27,Megame,ルーム・レノベーター ファーニチャー・デーコー・シミュレーター,-,"",ETC,Megame,0,1,その他,その他
2024-06-27,SAT-BOX,作って!焼き鳥,-,"",ETC,SAT-BOX,0,1,その他,その他
2024-06-27,Max Interactive Studio,小さなスイカマッチ,-,"",ETC,Max Interactive Studio,0,1,その他,その他
2024-06-27,MAGES.,岩倉アリア,-,YES,ETC,MAGES.,0,1,その他,その他
2024-06-27,ローズヴェルト,心を開く歌い方★リマスター版,-,"",ETC,ローズヴェルト,0,1,その他,その他
2024-06-27,サイバーステップ,浮気リセット - Cheating Reset -,-,"",ETC,サイバーステップ,0,1,その他,その他
2024-06-27,コンパイルハート,爆走次元ネプテューヌ VS 巨神スライヌ,-,YES,ETC,コンパイルハート,0,1,その他,その他
2024-06-27,MASK,脳トレ!!数字さがし－数字をみつけて知育脳活トレーニング－,-,"",ETC,MASK,0,1,その他,その他
2024-06-27,TT,証拠隠滅屋 慟哭のマリオネット－完全犯罪作ります本格謎解き推理サスペンスゲーム－,-,"",ETC,TT,0,1,その他,その他
2024-07-04,DEMENCI Games,Bikini Beach: Anime Girls Assault,-,"",ETC,DEMENCI Games,0,1,その他,その他
2024-07-04,eastasiasoft,Bouncy Chicken,-,"",ETC,eastasiasoft,0,1,その他,その他
2024-07-04,404 Games,Editor's Hell - Newspaper Story,-,"",ETC,404 Games,0,1,その他,その他
2024-07-04,Pakotime,Hentai Girls: Amazing America,-,"",ETC,Pakotime,0,1,その他,その他
2024-07-04,SUCCESS GAMES,Highway Zombie Survival - Car Apocalypse,-,"",ETC,SUCCESS GAMES,0,1,その他,その他
2024-07-04,eastasiasoft,Hot Blood,-,"",ETC,eastasiasoft,0,1,その他,その他
2024-07-04,Beep,MADiSON,-,YES,ETC,Beep,0,1,その他,その他
2024-07-04,FIVE-BN STUDIO,Mystery Detective Adventure,-,"",ETC,FIVE-BN STUDIO,0,1,その他,その他
2024-07-04,グラビティゲームアライズ,River Tails: Stronger Together,-,"",ETC,グラビティゲームアライズ,0,1,その他,その他
2024-07-04,Pix Arts,Summer Games Beach Volley,-,"",ETC,Pix Arts,0,1,その他,その他
2024-07-04,イマジニア,おうちでゴルフ練習 パターうまくな〜る!,-,YES,ETC,イマジニア,0,1,その他,その他
2024-07-04,MASK,おくだけスタディ 難読漢字－指一本で難読漢字かんたん勉強学習知育ゲーム－,-,"",ETC,MASK,0,1,その他,その他
2024-07-04,MASK,お受験クイズmini 仲間分け－ゲームで楽しく知育勉強学習脳トレちえあそびクイズ－,-,"",ETC,MASK,0,1,その他,その他
2024-07-04,MASK,くるくるパズルならべて戦国武将－ならべてかんたん日本の歴史学習雑学教養勉強ゲーム－,-,"",ETC,MASK,0,1,その他,その他
2024-07-04,SAT-BOX,すくって!金魚すくい,-,"",ETC,SAT-BOX,0,1,その他,その他
2024-07-04,Halva Studio,ねこがほっこりした場所に隠れた: Cats Hidden in Cozy Places,-,"",ETC,Halva Studio,0,1,その他,その他
2024-07-04,MASK,ほっこり脳トレ にゃんこ回転パズル－猫ねこ癒しのかんたんかわいい脳活アハ活パズル－,-,"",ETC,MASK,0,1,その他,その他
2024-07-04,MASK,もっと知りたい平安時代－ゲームで楽しく日本史勉強学習教養豆知識雑学クイズ－,-,"",ETC,MASK,0,1,その他,その他
2024-07-04,Megame,アプヒル・ドライバー エクストリーム・レーシング・シミュレーター,-,"",ETC,Megame,0,1,その他,その他
2024-07-04,Megame,エア・ホッキー キャジュアル・テーブル・アーケード,-,"",ETC,Megame,0,1,その他,その他
2024-07-04,日本コロムビア,ドラゴン最強王図鑑 バトルコロシアム,-,YES,ETC,日本コロムビア,0,1,その他,その他
2024-07-04,RedDeerGames,ネックブレイク,-,"",ETC,RedDeerGames,0,1,その他,その他
2024-07-04,Triple Fault Games,ハッペンランス,-,"",ETC,Triple Fault Games,0,1,その他,その他
2024-07-04,Megame,ミニ・ゴルフ・リーグ スポーツ・シミュレーター,-,"",ETC,Megame,0,1,その他,その他
2024-07-04,わくわくゲームズ,レプリカ:サバイバー,-,"",ETC,わくわくゲームズ,0,1,その他,その他
2024-07-04,MASK,密室ミステリー 日常に隠された真実－謎解き推理事件サスペンスゲーム－,-,"",ETC,MASK,0,1,その他,その他
2024-07-04,MASK,小学生のうちに覚えたい英熟語－遊んで学べる幼児向け英語勉強学習教養クイズ－,-,"",ETC,MASK,0,1,その他,その他
2024-07-04,MASK,昭和の常識○×クイズ－2択でかんたん昭和の雑学教養豆知識学習テスト－,-,"",ETC,MASK,0,1,その他,その他
2024-07-04,kids room,時計メーカー:僕のボンボン時計,-,"",ETC,kids room,0,1,その他,その他
2024-07-04,Error 300 Games,物探しの達人:ここは小さな恐竜がいない2,-,"",ETC,Error 300 Games,0,1,その他,その他
2024-07-04,Happy Player,禁忌の試練,-,"",ETC,Happy Player,0,1,その他,その他
2024-07-04,Max Interactive Studio,貪欲な蛇,-,"",ETC,Max Interactive Studio,0,1,その他,その他
2024-07-04,ディースリー・パブリッシャー,逃走中 グレートミッション,-,YES,ETC,ディースリー・パブリッシャー,0,1,その他,その他
2024-07-05,グランディング,みんなと街コロ,-,YES,ETC,グランディング,0,1,その他,その他
2024-07-05,Shinyuden,改造町人シュビビンマン零,-,"",ETC,Shinyuden,0,1,その他,その他
2024-07-05,GAME NACIONAL,私のバーチャルペット,-,"",ETC,GAME NACIONAL,0,1,その他,その他
2024-07-11,Joindots,3D MiniGolf,-,"",ETC,Joindots,0,1,その他,その他
2024-07-11,アイディアファクトリー,7'scarlet for Nintendo Switch,-,YES,ETC,アイディアファクトリー,0,1,その他,その他
2024-07-11,RedDeerGames,AAAクロック ゴールド,-,"",ETC,RedDeerGames,0,1,その他,その他
2024-07-11,KLab,BLEACH Brave Souls,-,"",ETC,KLab,0,1,その他,その他
2024-07-11,QUByte Interactive,Busway Islands - Puzzle,-,"",ETC,QUByte Interactive,0,1,その他,その他
2024-07-11,Toplitz Productions,Disaster Band,-,"",ETC,Toplitz Productions,0,1,その他,その他
2024-07-11,RedDeerGames,DROS ドロス,-,"",ETC,RedDeerGames,0,1,その他,その他
2024-07-11,わくわくゲームズ,Gluck,-,"",ETC,わくわくゲームズ,0,1,その他,その他
2024-07-11,Afil Games,HoneyLand,-,"",ETC,Afil Games,0,1,その他,その他
2024-07-11,アニプレックス,Hookah Haze,-,YES,ETC,アニプレックス,0,1,その他,その他
2024-07-11,Upscale Studio,Let's Journey,-,"",ETC,Upscale Studio,0,1,その他,その他
2024-07-11,Klabater,Moonshine Inc.,-,"",ETC,Klabater,0,1,その他,その他
2024-07-11,MAGES.,OGRE TALE -鬼譚-,-,"",ETC,MAGES.,0,1,その他,その他
2024-07-11,Afil Games,Primal Survivors,-,"",ETC,Afil Games,0,1,その他,その他
2024-07-11,404 Games,Project Drift Japan Challenge,-,"",ETC,404 Games,0,1,その他,その他
2024-07-11,JanduSoft,Prune & Milo,-,"",ETC,JanduSoft,0,1,その他,その他
2024-07-11,Asylum Square Interactive,Puzzle Playground,-,"",ETC,Asylum Square Interactive,0,1,その他,その他
2024-07-11,Mens Sana Interactive,Shy Dogs Hidden Orchestra,-,"",ETC,Mens Sana Interactive,0,1,その他,その他
2024-07-11,Pakotime,Sugoi Girls: Kinky Knight,-,"",ETC,Pakotime,0,1,その他,その他
2024-07-11,Valkyrie Initiative,Sunlight Scream,-,"",ETC,Valkyrie Initiative,0,1,その他,その他
2024-07-11,BoomBox,Terra Alia: The Language Discovery RPG,-,"",ETC,BoomBox,0,1,その他,その他
2024-07-11,404 Games,Vacuum Ball,-,"",ETC,404 Games,0,1,その他,その他
2024-07-11,Interaction Ideas,WEJAM,-,"",ETC,Interaction Ideas,0,1,その他,その他
2024-07-11,Joindots,Winter Sports Games,-,"",ETC,Joindots,0,1,その他,その他
2024-07-11,MASK,おくだけスタディ 国名漢字－指一本で難読漢字かんたん勉強学習教養ゲーム－,-,"",ETC,MASK,0,1,その他,その他
2024-07-11,MASK,お受験クイズmini きせつカード－ゲームで楽しく知育勉強学習脳トレちえあそびクイズ－,-,"",ETC,MASK,0,1,その他,その他
2024-07-11,MASK,くるくるパズル ならべて昭和クイズ－懐かし思い出し大人の脳トレくるくるかんたん脳活アハ活パズル－,-,"",ETC,MASK,0,1,その他,その他
2024-07-11,MASK,くるくるパズルならべて動物クイズ－ならべてかんたんいきもの学習雑学教養勉強ゲーム－,-,"",ETC,MASK,0,1,その他,その他
2024-07-11,イマジニア,ぬりえであそぼう プラレール,-,"",ETC,イマジニア,0,1,その他,その他
2024-07-11,SAT-BOX,ねらって!射的,-,"",ETC,SAT-BOX,0,1,その他,その他
2024-07-11,MASK,もっと知りたい中世ヨーロッパ－ゲームで楽しく世界史発見雑学教養豆知識学習クイズ－,-,"",ETC,MASK,0,1,その他,その他
2024-07-11,MASK,らくらく脳トレ 絵さがしトレジャーハント－遊んで鍛える脳活アハ活ちえあそびアイテム探し－,-,"",ETC,MASK,0,1,その他,その他
2024-07-11,TT,わかる！学べる！中学校教科書テスト－3年間を総復習！基礎が身につく学習勉強対戦クイズ－,-,"",ETC,TT,0,1,その他,その他
2024-07-11,トローゼ,アーバンウォーフェア アサルト,-,"",ETC,トローゼ,0,1,その他,その他
2024-07-11,バンダイナムコエンターテインメント,エースコンバット7 スカイズ・アンノウン デラックスエディション,-,YES,ETC,バンダイナムコエンターテインメント,0,1,その他,その他
2024-07-11,Phoenixx,トランスフォーマー アーススパーク - Expedition,-,YES,ETC,Phoenixx,0,1,その他,その他
2024-07-11,Megame,ブロール・アリーナー アーケード・シューター,-,"",ETC,Megame,0,1,その他,その他
2024-07-11,Bliss Brain,プリンセスメーカー2 リジェネレーション,-,YES,ETC,Bliss Brain,0,1,その他,その他
2024-07-11,Max Interactive Studio,ボールズ,-,"",ETC,Max Interactive Studio,0,1,その他,その他
2024-07-11,TT,小学生でもわかる ひらめきIQテスト－遊んで鍛える脳活アハ活健脳知育ちえあそびクイズ－,-,"",ETC,TT,0,1,その他,その他
2024-07-11,TAKUYO,月影の鎖 〜狂爛モラトリアム〜,-,YES,ETC,TAKUYO,0,1,その他,その他
2024-07-11,TT,知って得する常識語彙力クイズ－常識的な語彙力が身に付く国語漢字学習教養4択早押しクイズ－,-,"",ETC,TT,0,1,その他,その他
2024-07-11,MASK,超難問！記憶力テスト 激ムズ瞬間記憶力向上トレーニングゲーム,-,"",ETC,MASK,0,1,その他,その他
2024-07-11,Error 300 Games,錬金術の達人:RPG,-,"",ETC,Error 300 Games,0,1,その他,その他
2024-07-12,ラタライカゲームス,Deathchron,-,"",ETC,ラタライカゲームス,0,1,その他,その他
2024-07-12,Halva Studio,siMarket Supermarket Simulator: シマーケット スーパーマーケット シミュレーター,-,"",ETC,Halva Studio,0,1,その他,その他
2024-07-16,Red Hook Studios,Darkest Dungeon II,-,"",ETC,Red Hook Studios,0,1,その他,その他
2024-07-17,KONAMI,パワフルプロ野球 栄冠ナイン クロスロード,-,"",ETC,KONAMI,0,1,その他,その他
2024-07-18,Joindots,3D Billiards - Pool & Snooker,-,"",ETC,Joindots,0,1,その他,その他
2024-07-18,Mito Games,4 The Elements,-,"",ETC,Mito Games,0,1,その他,その他
2024-07-18,404 Games,A Lost Note,-,"",ETC,404 Games,0,1,その他,その他
2024-07-18,SimulaMaker,Basketball Slum Dunk 2024,-,"",ETC,SimulaMaker,0,1,その他,その他
2024-07-18,Wired Productions,Deliver Us The Moon,-,"",ETC,Wired Productions,0,1,その他,その他
2024-07-18,Pixel Games UK,Epyxローグ,-,"",ETC,Pixel Games UK,0,1,その他,その他
2024-07-18,Pakotime,Hentai Girls: Summer Sweetie,-,"",ETC,Pakotime,0,1,その他,その他
2024-07-18,17Studio,Hentai Paradise Vol. 1,-,"",ETC,17Studio,0,1,その他,その他
2024-07-18,PM Studios,Let's School,-,YES,ETC,PM Studios,0,1,その他,その他
2024-07-18,RedDeerGames,Music Box,-,"",ETC,RedDeerGames,0,1,その他,その他
2024-07-18,Abylight,Ninja Chowdown: Glaze of Glory,-,"",ETC,Abylight,0,1,その他,その他
2024-07-18,任天堂,Nintendo World Championships ファミコン世界大会,-,YES,ETC,任天堂,0,1,その他,その他
2024-07-18,RedDeerGames,nPool,-,"",ETC,RedDeerGames,0,1,その他,その他
2024-07-18,VRCFORGE STUDIOS,Racing Car Chaos: Extreme Stunt Showdown,-,"",ETC,VRCFORGE STUDIOS,0,1,その他,その他
2024-07-18,MagicProStudio,Robin Hood: Shogun Samurai,-,"",ETC,MagicProStudio,0,1,その他,その他
2024-07-18,eastasiasoft,RPM - Road Punk Mayhem,-,"",ETC,eastasiasoft,0,1,その他,その他
2024-07-18,Flynn's Arcade,Satryn サトリン DX,-,"",ETC,Flynn's Arcade,0,1,その他,その他
2024-07-18,PLAYISM,SCHiM - スキム -,-,YES,ETC,PLAYISM,0,1,その他,その他
2024-07-18,SimulaMaker,Shogun Samurai Tycoon,-,"",ETC,SimulaMaker,0,1,その他,その他
2024-07-18,Trefl S.A,Spy Guy Animals Junior,-,"",ETC,Trefl S.A,0,1,その他,その他
2024-07-18,Super Evil Megacorp,Teenage Mutant Ninja Turtles スプリンターの運命,-,"",ETC,Super Evil Megacorp,0,1,その他,その他
2024-07-18,Szilard Papp,The Gravity Trickster,-,"",ETC,Szilard Papp,0,1,その他,その他
2024-07-18,Pretty Fly Games,Traffic Race 3D 2,-,"",ETC,Pretty Fly Games,0,1,その他,その他
2024-07-18,Brinemedia,Zombie Derby 2,-,"",ETC,Brinemedia,0,1,その他,その他
2024-07-18,養鶏場,うまい棒が食べたい!,-,"",ETC,養鶏場,0,1,その他,その他
2024-07-18,MASK,おくだけスタディ 19×19まで暗算－指一本で19×19まで暗算できるかんたん勉強学習教養ゲーム－,-,"",ETC,MASK,0,1,その他,その他
2024-07-18,ディースリー・パブリッシャー,どこかで見た“あのゲー”ムたちを棒人間で作ってみたけれど、果たしてあなたはクリアできるのか?2,-,"",ETC,ディースリー・パブリッシャー,0,1,その他,その他
2024-07-18,MASK,みんなと仲よくなれる言いかえ言葉－ゲームで楽しく語彙力学習雑学教養豆知識クイズ－,-,"",ETC,MASK,0,1,その他,その他
2024-07-18,Megame,カーゴー・マネージャー フォークリフト・シミュレーター,-,"",ETC,Megame,0,1,その他,その他
2024-07-18,Happy Tube,スリングパズル:ゴルフマスター,-,"",ETC,Happy Tube,0,1,その他,その他
2024-07-18,MASK,ネコちゃんみっけ！－猫の1か所間違い探しで脳トレゲーム－,-,"",ETC,MASK,0,1,その他,その他
2024-07-18,Megame,バクルーム・エスケープ ラビリンス・ホラー,-,"",ETC,Megame,0,1,その他,その他
2024-07-18,KONAMI,パワフルプロ野球2024-2025,-,YES,ETC,KONAMI,0,1,その他,その他
2024-07-18,No Gravity Games,フュエルド・アップ,-,"",ETC,No Gravity Games,0,1,その他,その他
2024-07-18,マーベラス,ボウと月夜の碧い花（英語版）,-,YES,ETC,マーベラス,0,1,その他,その他
2024-07-18,トムクリエイト,ポイポイ!恐竜パニック,-,"",ETC,トムクリエイト,0,1,その他,その他
2024-07-18,アイディアファクトリー,ミストニアの翅望 -The Lost Delight-,-,YES,ETC,アイディアファクトリー,0,1,その他,その他
2024-07-18,Wingjoy Games,リターン・トゥ・アビス,-,"",ETC,Wingjoy Games,0,1,その他,その他
2024-07-18,No More Robots,レッツ・ビルド・ア・ズー,-,"",ETC,No More Robots,0,1,その他,その他
2024-07-18,HERO GAME,勇気の推理 海苔7 新世界,-,"",ETC,HERO GAME,0,1,その他,その他
2024-07-18,MASK,思考力を鍛える数学的論理クイズ－ゲームで楽しく思考力学習雑学教養豆知識クイズ－,-,"",ETC,MASK,0,1,その他,その他
2024-07-18,MASK,脳を鍛える！おさかな写真で間違い探し－海うみ癒しの脳トレ脳活教養学習パズル－,-,"",ETC,MASK,0,1,その他,その他
2024-07-18,MASK,脳を鍛える！ちびっこアニマル間違い探し－赤ちゃん動物癒しの脳トレ脳活教養学習パズル－,-,"",ETC,MASK,0,1,その他,その他
2024-07-18,Max Interactive Studio,落下数値,-,"",ETC,Max Interactive Studio,0,1,その他,その他
2024-07-18,イマジニア,謎検スマート対策,-,YES,ETC,イマジニア,0,1,その他,その他
2024-07-18,シルバースタージャパン,遊んでチェスが強くなる!銀星チェスDX,-,YES,ETC,シルバースタージャパン,0,1,その他,その他
2024-07-19,ラタライカゲームス,Frogurai,-,"",ETC,ラタライカゲームス,0,1,その他,その他
2024-07-19,ケムコ,エンシェントファンタズマ,-,"",ETC,ケムコ,0,1,その他,その他
2024-07-22,ジニアス・ソノリティ,New 電波人間のRPG FREE!,-,"",ETC,ジニアス・ソノリティ,0,1,その他,その他
2024-07-22,SNK,SNK VS. CAPCOM SVC CHAOS,-,YES,ETC,SNK,0,1,その他,その他
2024-07-23,Team17,CONSCRIPT,-,"",ETC,Team17,0,1,その他,その他
2024-07-23,PLAYISM,The Star Named EOS 〜未明の軌跡へ〜,-,"",ETC,PLAYISM,0,1,その他,その他
2024-07-24,KADOKAWA,ニンジャスレイヤー ネオサイタマ炎上,-,"",ETC,KADOKAWA,0,1,その他,その他
2024-07-25,Peaksel,100ドア:オフィス 脱出 ゲーム,-,"",ETC,Peaksel,0,1,その他,その他
2024-07-25,MASK,10歳までに鍛える！国語ききとりクイズ－理解力を養う小学校リスニング学習勉強テスト－,-,"",ETC,MASK,0,1,その他,その他
2024-07-25,KOSEI YASUDA,3番線プラス,-,"",ETC,KOSEI YASUDA,0,1,その他,その他
2024-07-25,テヨンジャパン,60 in 1 ミニゲームコレクション,-,YES,ETC,テヨンジャパン,0,1,その他,その他
2024-07-25,Artifex Mundi,Agent Walker: 秘密の旅路,-,"",ETC,Artifex Mundi,0,1,その他,その他
2024-07-25,Pakotime,Anime Girls: Lady Liberty,-,"",ETC,Pakotime,0,1,その他,その他
2024-07-25,ボルテージ,Astoria: Fate's Kiss,-,"",ETC,ボルテージ,0,1,その他,その他
2024-07-25,Burlea Games Studio,Auto Empire: Dealer Car Simulator,-,"",ETC,Burlea Games Studio,0,1,その他,その他
2024-07-25,MagicProStudio,Casino Tycoon Simulator,-,"",ETC,MagicProStudio,0,1,その他,その他
2024-07-25,Firenut,Chrysolite - クリソライト,-,"",ETC,Firenut,0,1,その他,その他
2024-07-25,Halva Studio,Doodle Hunt: 非表示のアイテムを検索,-,"",ETC,Halva Studio,0,1,その他,その他
2024-07-25,Joindots,Dracula's Legacy,-,"",ETC,Joindots,0,1,その他,その他
2024-07-25,PM Studios,Exophobia,-,"",ETC,PM Studios,0,1,その他,その他
2024-07-25,FRONTIER,F1マネージャー2024,-,"",ETC,FRONTIER,0,1,その他,その他
2024-07-25,Toplitz Productions,Harvest Days,-,"",ETC,Toplitz Productions,0,1,その他,その他
2024-07-25,404 Games,HELLPIT 3D PLATFORMER,-,"",ETC,404 Games,0,1,その他,その他
2024-07-25,RedDeerGames,Hentai Academy,-,"",ETC,RedDeerGames,0,1,その他,その他
2024-07-25,Silesia Games,Hidden Cats in Rome,-,"",ETC,Silesia Games,0,1,その他,その他
2024-07-25,404 Games,Little Army,-,"",ETC,404 Games,0,1,その他,その他
2024-07-25,Studio Hamlin,Looped: Love at first sight,-,"",ETC,Studio Hamlin,0,1,その他,その他
2024-07-25,Big Way,Lovely Crush,-,"",ETC,Big Way,0,1,その他,その他
2024-07-25,D-Games,Monument: Invasion,-,"",ETC,D-Games,0,1,その他,その他
2024-07-25,バンダイナムコエンターテインメント,ONE PIECE ODYSSEY デラックスエディション,-,YES,ETC,バンダイナムコエンターテインメント,6984_0m_4955,1,その他,その他
2024-07-25,フリュー,REYNATIS/レナティス,-,YES,ETC,フリュー,0,1,その他,その他
2024-07-25,TozukuGames,Seven Nights Ghost,-,"",ETC,TozukuGames,0,1,その他,その他
2024-07-25,CFK,SOME SOME コンビニエンスストア,-,YES,ETC,CFK,0,1,その他,その他
2024-07-25,Game Source Entertainment,Spectrolite,-,"",ETC,Game Source Entertainment,0,1,その他,その他
2024-07-25,Sabec,Spot The Difference Anime Edition,-,"",ETC,Sabec,0,1,その他,その他
2024-07-25,eastasiasoft,Super Woden GP II,-,"",ETC,eastasiasoft,0,1,その他,その他
2024-07-25,Beep,UNDYING,-,YES,ETC,Beep,0,1,その他,その他
2024-07-25,DEZVOLT GAMES,Urban Survival Simulator: The Bum's Journey,-,"",ETC,DEZVOLT GAMES,0,1,その他,その他
2024-07-25,わくわくゲームズ,いるかにうろこがないわけ,-,"",ETC,わくわくゲームズ,0,1,その他,その他
2024-07-25,イマジニア,ぬりえであそぼう かたちでおぼえる1年生でならう漢字,-,"",ETC,イマジニア,0,1,その他,その他
2024-07-25,イマジニア,ぬりえであそぼう きょうりゅう博物館,-,"",ETC,イマジニア,0,1,その他,その他
2024-07-25,サクセス,はむぱふぇ ハムスターのスイーツパズル,-,YES,ETC,サクセス,0,1,その他,その他
2024-07-25,TT,らくらく脳トレ 世界遺産でアイテム探し－遊んで鍛えて世界旅行脳トレ脳活ちえあそびトレジャーハント－,-,"",ETC,TT,0,1,その他,その他
2024-07-25,Furniture & Mattress,アレンジャー・ロールパズリングの旅,-,"",ETC,Furniture & Mattress,0,1,その他,その他
2024-07-25,アガツマ,アンパンマン タッチでエンジョイ! あいうえお教室 for Nintendo Switch,-,YES,ETC,アガツマ,0,1,その他,その他
2024-07-25,レジスタ,ウツロマユ - Hollow Cocoon -,-,"",ETC,レジスタ,0,1,その他,その他
2024-07-25,Megame,エスケープ・フィア・トゥー ハイド・アンド・シーク・ホラー,-,"",ETC,Megame,0,1,その他,その他
2024-07-25,シティコネクション,オメガ6 ザ・トライアングルスターズ,-,YES,ETC,シティコネクション,0,1,その他,その他
2024-07-25,ケムコ,ケムコRPGセレクション Vol.7,-,YES,ETC,ケムコ,7216_0m_5173,1,その他,その他
2024-07-25,Make Good Games,タクティカル・バンディット,-,"",ETC,Make Good Games,0,1,その他,その他
2024-07-25,FIVE-BN STUDIO,ダークネス・アンド・フレイム:火の鳥の誕生,-,"",ETC,FIVE-BN STUDIO,0,1,その他,その他
2024-07-25,Ravenage Games,デイドリーム:悲しみにさようなら,-,"",ETC,Ravenage Games,0,1,その他,その他
2024-07-25,MagisterApp,パピーカーズ:子供向けエディション。動物冒険とレース,-,"",ETC,MagisterApp,0,1,その他,その他
2024-07-25,RedDeerGames,フィット マイ ドッグ,-,"",ETC,RedDeerGames,0,1,その他,その他
2024-07-25,レジスタ,プールクラブからの脱出,-,"",ETC,レジスタ,0,1,その他,その他
2024-07-25,SAT-BOX,ペアホラ,-,"",ETC,SAT-BOX,0,1,その他,その他
2024-07-25,3goo,ホットラップ レーシング,-,YES,ETC,3goo,0,1,その他,その他
2024-07-25,Upscale Studio,リングローン・サーガ,-,"",ETC,Upscale Studio,0,1,その他,その他
2024-07-25,宮澤卓宏,声マネキング,-,"",ETC,宮澤卓宏,0,1,その他,その他
2024-07-25,アイディアファクトリー,夏空のモノローグ 〜Another Memory〜,-,YES,ETC,アイディアファクトリー,0,1,その他,その他
2024-07-25,エンターグラム,戦国†恋姫X 〜乙女絢爛☆戦国絵巻〜 北条家騒乱編,-,YES,ETC,エンターグラム,0,1,その他,その他
2024-07-25,Error 300 Games,物探しの達人:ここは小さな靴下がない,-,"",ETC,Error 300 Games,0,1,その他,その他
2024-07-25,Candleman Games,疲労した人,-,"",ETC,Candleman Games,0,1,その他,その他
2024-07-25,Happy Player,疾走戦士,-,"",ETC,Happy Player,0,1,その他,その他
2024-07-25,日本ファルコム,英雄伝説 黎の軌跡II for Nintendo Switch,-,YES,ETC,日本ファルコム,0,1,その他,その他
2024-07-25,MASK,超絶かわいい！パンダ写真で間違い探し－可愛いパンダ写真で癒しの脳トレゲーム－,-,"",ETC,MASK,0,1,その他,その他
2024-07-25,HUNTERS,龍炎高校伝説3,-,"",ETC,HUNTERS,0,1,その他,その他
2024-07-26,ラタライカゲームス,Steel Racer,-,"",ETC,ラタライカゲームス,0,1,その他,その他
2024-07-26,coly,オンエア! for Nintendo Switch,-,YES,ETC,coly,0,1,その他,その他
2024-07-26,ゲームスタジオ,青鬼,-,"",ETC,ゲームスタジオ,0,1,その他,その他
2024-07-30,ラタライカゲームス,Midnight Collection,-,"",ETC,ラタライカゲームス,0,1,その他,その他
2024-08-01,MASK,4択クイズ 小学生で知りたいカブトムシ 〜クイズでかんたん学習教養勉強ゲーム〜,-,"",ETC,MASK,0,1,その他,その他
2024-08-01,MASK,4択クイズ 小学生で知りたい元素 〜クイズでかんたん元素学習教養勉強ゲーム〜,-,"",ETC,MASK,0,1,その他,その他
2024-08-01,DEMENCI Games,Animal Hunting 3D,-,"",ETC,DEMENCI Games,0,1,その他,その他
2024-08-01,Tuatara Games,Bare Butt Boxing,-,"",ETC,Tuatara Games,0,1,その他,その他
2024-08-01,RedDeerGames,EvoMonsters,-,"",ETC,RedDeerGames,0,1,その他,その他
2024-08-01,Sometimes You,Farlands Journey,-,"",ETC,Sometimes You,0,1,その他,その他
2024-08-01,Jeremy Entressangle,King 'n Knight,-,"",ETC,Jeremy Entressangle,0,1,その他,その他
2024-08-01,QUByte Interactive,MARS 2120,-,"",ETC,QUByte Interactive,0,1,その他,その他
2024-08-01,404 Games,Metroplex Zero: Sci-Fi Card Battler,-,"",ETC,404 Games,0,1,その他,その他
2024-08-01,QUByte Interactive,Mists of Noyah,-,"",ETC,QUByte Interactive,0,1,その他,その他
2024-08-01,Clever Plays,Operation: Tango,-,"",ETC,Clever Plays,0,1,その他,その他
2024-08-01,404 Games,Rejoinder - Procedural Roguelite,-,"",ETC,404 Games,0,1,その他,その他
2024-08-01,Joindots,Renzo Racer,-,"",ETC,Joindots,0,1,その他,その他
2024-08-01,ニューロン・エイジ,TENSEI,-,"",ETC,ニューロン・エイジ,0,1,その他,その他
2024-08-01,パニック (企業),Thank Goodness You're Here!,-,"",ETC,パニック (企業),0,1,その他,その他
2024-08-01,Mooncat Games,The Garden Path,-,"",ETC,Mooncat Games,0,1,その他,その他
2024-08-01,Burlea Games Studio,Thief Simulator: Heist Master,-,"",ETC,Burlea Games Studio,0,1,その他,その他
2024-08-01,Angry Mob Games,Trinity Fusion,-,"",ETC,Angry Mob Games,0,1,その他,その他
2024-08-01,Forever Entertainment,UNABLES,-,"",ETC,Forever Entertainment,0,1,その他,その他
2024-08-01,Different Tales,Werewolf: The Apocalypse - Purgatory,-,"",ETC,Different Tales,0,1,その他,その他
2024-08-01,MASK,くるくるスタディ同時に学べる3言語－ドイツ語・フランス語・イタリア語ならべてかんたん時短で語学勉強学習教養パズル－,-,"",ETC,MASK,0,1,その他,その他
2024-08-01,サクセス,ぐるガメSpecial,-,"",ETC,サクセス,0,1,その他,その他
2024-08-01,MASK,びっくり！おどろき！動物雑学クイズ－4択クイズで学ぶ動物教養ゲーム－,-,"",ETC,MASK,0,1,その他,その他
2024-08-01,MASK,もっと知りたい鉱物宝石－ゲームで楽しく理科学習雑学教養勉強クイズ－,-,"",ETC,MASK,0,1,その他,その他
2024-08-01,Infinite Game,アインズソード3,-,"",ETC,Infinite Game,0,1,その他,その他
2024-08-01,トローゼ,クレイジースターズ スポーツクライミング,-,"",ETC,トローゼ,0,1,その他,その他
2024-08-01,EpiXR Games,ザンバーマーブルブラースト,-,"",ETC,EpiXR Games,0,1,その他,その他
2024-08-01,Stamina Zero,シラ,-,"",ETC,Stamina Zero,0,1,その他,その他
2024-08-01,賈船,ジェットライダー,-,"",ETC,賈船,0,1,その他,その他
2024-08-01,シティコネクション,ジャレコレ ファミコン編:ピンボールクエスト,-,"",ETC,シティコネクション,0,1,その他,その他
2024-08-01,Rokaplay,スーパーダンジョンDIY,-,"",ETC,Rokaplay,0,1,その他,その他
2024-08-01,Megame,トイ・カー・エクストリーム・レーシング・アール・シー・ドライバー・シミュレーター,-,"",ETC,Megame,0,1,その他,その他
2024-08-01,スティング,ドカポン!怒りの鉄剣,-,YES,ETC,スティング,0,1,その他,その他
2024-08-01,Pineapple Works,ランドナマ,-,"",ETC,Pineapple Works,0,1,その他,その他
2024-08-01,SAT-BOX,人狼金魚,-,"",ETC,SAT-BOX,0,1,その他,その他
2024-08-01,パルスモ,八つ巡,-,"",ETC,パルスモ,0,1,その他,その他
2024-08-01,buho,料理長チン,-,"",ETC,buho,0,1,その他,その他
2024-08-01,イザナギゲームズ,東京クロノス & ALTDEUS: Beyond Chronos ツインパック,-,YES,ETC,イザナギゲームズ,0,1,その他,その他
2024-08-01,アイディアファクトリー,緋色の欠片 玉依姫奇譚 〜おもいいろの記憶〜 for Nintendo Switch,-,YES,ETC,アイディアファクトリー,0,1,その他,その他
2024-08-01,MASK,脳を鍛える！日本風景で間違い探し！ 〜日本の絶景で脳トレ間違い探しゲーム〜,-,"",ETC,MASK,0,1,その他,その他
2024-08-02,Shinyuden,エアロ アクロバット キッズ,-,"",ETC,Shinyuden,0,1,その他,その他
2024-08-02,2D Boy,グーの惑星2,-,"",ETC,2D Boy,0,1,その他,その他
2024-08-06,INSIDE SYSTEM,魔神少女 エピソード2 -願いへの代価-,-,"",ETC,INSIDE SYSTEM,0,1,その他,その他
2024-08-08,DEZVOLT GAMES,Bid Battle: Auction War Simulator Storage Hunter,-,"",ETC,DEZVOLT GAMES,0,1,その他,その他
2024-08-08,Revulo Games,Boom Robots,-,"",ETC,Revulo Games,0,1,その他,その他
2024-08-08,eastasiasoft,Cattie,-,"",ETC,eastasiasoft,0,1,その他,その他
2024-08-08,VRCFORGE STUDIOS,Cup Killer - Sandbox Game,-,"",ETC,VRCFORGE STUDIOS,0,1,その他,その他
2024-08-08,SimulaMaker,Cybermania Parkour Uprising,-,"",ETC,SimulaMaker,0,1,その他,その他
2024-08-08,16BIT,Escape - Backrooms Horror,-,"",ETC,16BIT,0,1,その他,その他
2024-08-08,SURPRISED HOTDOG,Exit Station 7,-,"",ETC,SURPRISED HOTDOG,0,1,その他,その他
2024-08-08,アニプレックス,Fate/stay night REMASTERED,-,"",ETC,アニプレックス,0,1,その他,その他
2024-08-08,Pakotime,Hentai Girls: Obon Love,-,"",ETC,Pakotime,0,1,その他,その他
2024-08-08,17Studio,Hentai Paradise Vol. 2,-,"",ETC,17Studio,0,1,その他,その他
2024-08-08,Rogueside,Hidden Through Time 2: Discovery,-,"",ETC,Rogueside,0,1,その他,その他
2024-08-08,Sometimes You,I Want To Go To Mars,-,"",ETC,Sometimes You,0,1,その他,その他
2024-08-08,SOFT SOURCE,Matchmaker Agency,-,"",ETC,SOFT SOURCE,0,1,その他,その他
2024-08-08,17Studio,Medieval Fantasy: Jigsaw Puzzle,-,"",ETC,17Studio,0,1,その他,その他
2024-08-08,Seaven Studio,Minami Lane おいでませ、みなみ通りへ!,-,"",ETC,Seaven Studio,0,1,その他,その他
2024-08-08,Joindots,MOAI VI: Unexpected Guests,-,"",ETC,Joindots,0,1,その他,その他
2024-08-08,Halva Studio,Road To Valhalla ヴァルハラへの道,-,"",ETC,Halva Studio,0,1,その他,その他
2024-08-08,Valkyrie Initiative,Skelethrone: The Chronicles of Ericona,-,"",ETC,Valkyrie Initiative,0,1,その他,その他
2024-08-08,Afil Games,SokoMage,-,"",ETC,Afil Games,0,1,その他,その他
2024-08-08,16BIT,Supermarket Owner Simulator: Business,-,"",ETC,16BIT,0,1,その他,その他
2024-08-08,SAT-BOX,SUSHI落とし,-,"",ETC,SAT-BOX,0,1,その他,その他
2024-08-08,404 Games,The Books Tale: A hop adventure!,-,"",ETC,404 Games,0,1,その他,その他
2024-08-08,Digital Eclipse,Volgarr the Viking II,-,"",ETC,Digital Eclipse,0,1,その他,その他
2024-08-08,Rainmaker Productions,おもちゃポン,-,"",ETC,Rainmaker Productions,0,1,その他,その他
2024-08-08,MASK,くるくるパズルそろえてねこずかん－ならべてかんたんにゃんこ写真で脳トレ雑学教養学習ゲーム－,-,"",ETC,MASK,0,1,その他,その他
2024-08-08,MASK,くるくるパズルつないでどうぶつ－点つなぎで動物雑学かんたん勉強学習教養知育パズル－,-,"",ETC,MASK,0,1,その他,その他
2024-08-08,Navila Software Japan,すばらしい新世界i,-,"",ETC,Navila Software Japan,0,1,その他,その他
2024-08-08,Halva Studio,ねこが魔法の場所に隠れた: Cats Hidden in Magic Places,-,"",ETC,Halva Studio,0,1,その他,その他
2024-08-08,Midwest Games,ぼんぼのメロディ〜生命の旅 (The Lullaby of Life),-,"",ETC,Midwest Games,0,1,その他,その他
2024-08-08,サイバーステップ,まいにち男女入れ替わり生活！？ 〜My Body Your Body〜,-,"",ETC,サイバーステップ,0,1,その他,その他
2024-08-08,TT,みんなでバトル！8P常識力テスト－みんなで遊べる格付け4択学習教養対戦クイズ－,-,"",ETC,TT,0,1,その他,その他
2024-08-08,EpiXR Games,アニメダンス パーティートータル,-,"",ETC,EpiXR Games,0,1,その他,その他
2024-08-08,Megame,アーケード・タンクス バトル・シミュレーター,-,"",ETC,Megame,0,1,その他,その他
2024-08-08,Kepler Interactive,キャットクエスト3,-,"",ETC,Kepler Interactive,0,1,その他,その他
2024-08-08,MASK,クイズで身につく教養 日本神話編 〜小学生から大人まで遊べる雑学教養クイズゲーム〜,-,"",ETC,MASK,0,1,その他,その他
2024-08-08,MASK,クイズで身につく教養 物理学者編 〜小学生から大人まで遊べる雑学教養クイズゲーム〜,-,"",ETC,MASK,0,1,その他,その他
2024-08-08,EpiXR Games,ザフライングトラベラー エインシェントエンパイウズ,-,"",ETC,EpiXR Games,0,1,その他,その他
2024-08-08,シティコネクション,ジャレコレ ファミコン編:妖怪倶楽部,-,"",ETC,シティコネクション,0,1,その他,その他
2024-08-08,Megame,タクティカル・ストライク スペシャル・フォーシズ,-,"",ETC,Megame,0,1,その他,その他
2024-08-08,CFK,デーモンゴー!,-,"",ETC,CFK,0,1,その他,その他
2024-08-08,Megame,ドローン・パイロット フライト・シミュレーター,-,"",ETC,Megame,0,1,その他,その他
2024-08-08,Jaklub,ビビロプ,-,"",ETC,Jaklub,0,1,その他,その他
2024-08-08,テヨンジャパン,ブルーファイヤ 神々の青炎,-,YES,ETC,テヨンジャパン,0,1,その他,その他
2024-08-08,PlayZilla,プムプム,-,"",ETC,PlayZilla,0,1,その他,その他
2024-08-08,HUNTERS,ホーンテッドヘルハウス,-,"",ETC,HUNTERS,0,1,その他,その他
2024-08-08,ブシロードゲームズ,少女☆歌劇 レヴュースタァライト 舞台奏像劇 遙かなるエルドラド,-,YES,ETC,ブシロードゲームズ,0,1,その他,その他
2024-08-08,エンターグラム,恋にはあまえが必要です,-,YES,ETC,エンターグラム,0,1,その他,その他
2024-08-08,アイディアファクトリー,新宿羅生門 －Rashomon of Shinjuku－,-,YES,ETC,アイディアファクトリー,0,1,その他,その他
2024-08-08,サイバーステップ,束縛彼女とペットな僕 - I'm Your Pet -,-,"",ETC,サイバーステップ,0,1,その他,その他
2024-08-08,TT,真相究明！チャットで謎解きミステリー－意味がわかるとゾッとする探偵推理脳トレノベルゲーム－,-,"",ETC,TT,0,1,その他,その他
2024-08-08,Hojo Studio,神の羽根 - マフィアの鳩の物語,-,"",ETC,Hojo Studio,0,1,その他,その他
2024-08-08,致意,神無迷路,-,"",ETC,致意,0,1,その他,その他
2024-08-08,エディア,花笑む彼と & bloom,-,YES,ETC,エディア,0,1,その他,その他
2024-08-08,バンダイナムコエンターテインメント,転生したらスライムだった件 テンペストストーリーズ,-,YES,ETC,バンダイナムコエンターテインメント,6979_0m_4950,1,その他,その他
2024-08-09,ベセスダ・ソフトワークス,DOOM + DOOM II,-,"",ETC,ベセスダ・ソフトワークス,0,1,その他,その他
2024-08-09,ラタライカゲームス,Escape from the Pharaoh's Tomb,-,"",ETC,ラタライカゲームス,0,1,その他,その他
2024-08-09,GAME NACIONAL,Seraph's Last Stand「日本語版」,-,"",ETC,GAME NACIONAL,0,1,その他,その他
2024-08-09,Thunderful,SteamWorld Heist II,-,"",ETC,Thunderful,0,1,その他,その他
2024-08-15,Pakotime,Anime Girls: Beautiful Bride,-,"",ETC,Pakotime,0,1,その他,その他
2024-08-15,Coatsink Software,Phantom Spark,-,"",ETC,Coatsink Software,0,1,その他,その他
2024-08-15,Noodlecake,Squiggle Drop,-,"",ETC,Noodlecake,0,1,その他,その他
2024-08-15,Unbound Creations,カラスのおしごと,-,"",ETC,Unbound Creations,0,1,その他,その他
2024-08-16,ラタライカゲームス,Murder Is Game Over: Streaming Death,-,"",ETC,ラタライカゲームス,0,1,その他,その他
2024-08-16,ケムコ,春待ちトロイダル,-,"",ETC,ケムコ,0,1,その他,その他
2024-08-18,404 Games,D.C.K.: Dock Chess King,-,"",ETC,404 Games,0,1,その他,その他
2024-08-20,Scopely,Stumble Guys,-,"",ETC,Scopely,0,1,その他,その他
2024-08-20,インティ・クリエイツ,インティ・クリエイツ ゴールドアーカイブコレクション,-,YES,ETC,インティ・クリエイツ,0,1,その他,その他
2024-08-21,Neon Doctrine,私の愛しい皇后,-,"",ETC,Neon Doctrine,0,1,その他,その他
2024-08-22,Panic,Arco,-,"",ETC,Panic,0,1,その他,その他
2024-08-22,Gravenoire Studio,Ataraxie,-,"",ETC,Gravenoire Studio,0,1,その他,その他
2024-08-22,Canari Games,Castaway,-,"",ETC,Canari Games,0,1,その他,その他
2024-08-22,Sometimes You,Cat's Request,-,"",ETC,Sometimes You,0,1,その他,その他
2024-08-22,D-Games,Colorizing,-,"",ETC,D-Games,0,1,その他,その他
2024-08-22,eastasiasoft,Cyber Mission,-,"",ETC,eastasiasoft,0,1,その他,その他
2024-08-22,レイニーフロッグ,GP CLUB LIFE モータースポーツチーム,-,"",ETC,レイニーフロッグ,0,1,その他,その他
2024-08-22,Pakotime,Hentai Girls: Paris Romance,-,"",ETC,Pakotime,0,1,その他,その他
2024-08-22,17Studio,Hentai Paradise Vol. 3,-,"",ETC,17Studio,0,1,その他,その他
2024-08-22,Joindots,LASTFIGHT,-,"",ETC,Joindots,0,1,その他,その他
2024-08-22,Sometimes You,Mangavania 2,-,"",ETC,Sometimes You,0,1,その他,その他
2024-08-22,Forever Entertainment,Overboss,-,"",ETC,Forever Entertainment,0,1,その他,その他
2024-08-22,LMG,Parking Masters,-,"",ETC,LMG,0,1,その他,その他
2024-08-22,COMMANDO PANDA,PAWfect Cat Mansion,-,"",ETC,COMMANDO PANDA,0,1,その他,その他
2024-08-22,VRCFORGE STUDIOS,Pixel Retro Drift - Arcade Car Racing,-,"",ETC,VRCFORGE STUDIOS,0,1,その他,その他
2024-08-22,CGI LAB,Puzzle Master The Ultimate Challenge of Wits: パズルマスター 知恵の究極の挑戦,-,"",ETC,CGI LAB,0,1,その他,その他
2024-08-22,K App.,QuietMansion1,-,"",ETC,K App.,0,1,その他,その他
2024-08-22,Forever Entertainment,Rise Eterna War,-,"",ETC,Forever Entertainment,0,1,その他,その他
2024-08-22,VRCFORGE STUDIOS,Shadowblade Knight Symphony,-,"",ETC,VRCFORGE STUDIOS,0,1,その他,その他
2024-08-22,Nami Tentou,Space Raft,-,"",ETC,Nami Tentou,0,1,その他,その他
2024-08-22,tinyBuild Games,Streets of Rogue,-,"",ETC,tinyBuild Games,0,1,その他,その他
2024-08-22,MagicProStudio,Supermarket Manager 2024,-,"",ETC,MagicProStudio,0,1,その他,その他
2024-08-22,eastasiasoft,Tiny Pixels Vol. 1 - Ninpo Blast,-,"",ETC,eastasiasoft,0,1,その他,その他
2024-08-22,Sometimes You,Turn to Mine,-,"",ETC,Sometimes You,0,1,その他,その他
2024-08-22,Burlea Games Studio,Ultimate Fishing Supermarket Simulator 3D,-,"",ETC,Burlea Games Studio,0,1,その他,その他
2024-08-22,Assemble Entertainment,Verne - The Shape of Fantasy,-,"",ETC,Assemble Entertainment,0,1,その他,その他
2024-08-22,NiuGamer,しまった!美人に囲まれた!,-,"",ETC,NiuGamer,0,1,その他,その他
2024-08-22,マスティフ (企業),インスタントスポーツ:パラダイス,-,"",ETC,マスティフ (企業),0,1,その他,その他
2024-08-22,Megame,エアプレーン・レーサー フライト・シミュレーター,-,"",ETC,Megame,0,1,その他,その他
2024-08-22,Kanuni Games,エレメンタルキューブ Elemental Cube,-,"",ETC,Kanuni Games,0,1,その他,その他
2024-08-22,Megame,カラーリング・ブック・シミュレーター,-,"",ETC,Megame,0,1,その他,その他
2024-08-22,RedDeerGames,クッキング,-,"",ETC,RedDeerGames,0,1,その他,その他
2024-08-22,Plug In Digital,グアヨタ,-,"",ETC,Plug In Digital,0,1,その他,その他
2024-08-22,スタジオ斬,サイコロンブス,-,"",ETC,スタジオ斬,0,1,その他,その他
2024-08-22,わくわくゲームズ,ナツノカナタ beyond,-,"",ETC,わくわくゲームズ,0,1,その他,その他
2024-08-22,Kanuni Games,バナナタップ,-,"",ETC,Kanuni Games,0,1,その他,その他
2024-08-22,Max Interactive Studio,ムーンショット,-,"",ETC,Max Interactive Studio,0,1,その他,その他
2024-08-22,No Gravity Games,リング彫刻家,-,"",ETC,No Gravity Games,0,1,その他,その他
2024-08-22,Untold Tales,兵団突撃:現代戦争,-,"",ETC,Untold Tales,0,1,その他,その他
2024-08-22,Guris,地下の駅所,-,"",ETC,Guris,0,1,その他,その他
2024-08-22,GCHJ studio,夜明け前夜,-,"",ETC,GCHJ studio,0,1,その他,その他
2024-08-22,Error 300 Games,物探しの達人:ここは何もない,-,"",ETC,Error 300 Games,0,1,その他,その他
2024-08-22,14次元,韓国ドローン飛行ツアー済州島1,-,"",ETC,14次元,0,1,その他,その他
2024-08-23,ラタライカゲームス,Thermonuclear,-,"",ETC,ラタライカゲームス,0,1,その他,その他
2024-08-26,タイトー,ファイナルバブルボブル,-,"",ETC,タイトー,0,1,その他,その他
2024-08-28,KONAMI,Castlevania Dominus Collection,-,"",ETC,KONAMI,0,1,その他,その他
2024-08-28,Coffee Stain Studios,Goat Simulator 3,-,"",ETC,Coffee Stain Studios,0,1,その他,その他
2024-08-28,TECOPARK,PICO PARK 2,-,"",ETC,TECOPARK,0,1,その他,その他
2024-08-28,Tour De Pizza,Pizza Tower,-,"",ETC,Tour De Pizza,0,1,その他,その他
2024-08-28,リイカ,Q2 HUMANITY,-,"",ETC,リイカ,0,1,その他,その他
2024-08-28,Yabuzaki Company,どうぶつタワーバトル,-,"",ETC,Yabuzaki Company,0,1,その他,その他
2024-08-28,H2 INTERACTIVE,クリプト カストディアン,-,"",ETC,H2 INTERACTIVE,0,1,その他,その他
2024-08-28,カイロソフト,ドラえもんのどら焼き屋さん物語,-,YES,ETC,カイロソフト,0,1,その他,その他
2024-08-28,BlitWorks Publishing,ペグリン,-,"",ETC,BlitWorks Publishing,0,1,その他,その他
2024-08-29,Munted Finger,Can of Wormholes,-,"",ETC,Munted Finger,0,1,その他,その他
2024-08-29,Bomb Shelter Games,Depths of Sanity,-,"",ETC,Bomb Shelter Games,0,1,その他,その他
2024-08-29,sprite/RIGHTWAY,everlasting flowers,-,YES,ETC,sprite/RIGHTWAY,0,1,その他,その他
2024-08-29,Mooneye Studios,Farewell North,-,"",ETC,Mooneye Studios,0,1,その他,その他
2024-08-29,Zakym,Fly Fly,-,"",ETC,Zakym,0,1,その他,その他
2024-08-29,Asylum Square Interactive,Fruit Attack!!,-,"",ETC,Asylum Square Interactive,0,1,その他,その他
2024-08-29,17Studio,Hentai Paradise Vol. 4,-,"",ETC,17Studio,0,1,その他,その他
2024-08-29,Sticky Rice Games,Koi-Koi Japan,-,"",ETC,Sticky Rice Games,0,1,その他,その他
2024-08-29,Maximum Entertainment,Leo: The Firefighter Cat,-,"",ETC,Maximum Entertainment,0,1,その他,その他
2024-08-29,Big Way,Love Island,-,"",ETC,Big Way,0,1,その他,その他
2024-08-29,GOGAME CONSOLE PUBLISHER,MFC - Midnight Fight Club,-,"",ETC,GOGAME CONSOLE PUBLISHER,0,1,その他,その他
2024-08-29,マイルストーン,Monster Jam Showdown,-,"",ETC,マイルストーン,0,1,その他,その他
2024-08-29,ZikWave Studios,Musical Vibes,-,"",ETC,ZikWave Studios,0,1,その他,その他
2024-08-29,アイディアファクトリー,My9Swallows TOPSTARS LEAGUE,-,YES,ETC,アイディアファクトリー,0,1,その他,その他
2024-08-29,Nami Tentou,Ninja I & II,-,"",ETC,Nami Tentou,0,1,その他,その他
2024-08-29,Panic,Nour: Play with Your Food,-,"",ETC,Panic,0,1,その他,その他
2024-08-29,Silesia Games,Purrfect Rescue,-,"",ETC,Silesia Games,0,1,その他,その他
2024-08-29,VRCFORGE STUDIOS,Ruthless Carnage Hotline,-,"",ETC,VRCFORGE STUDIOS,0,1,その他,その他
2024-08-29,Joindots,Season Match HD,-,"",ETC,Joindots,0,1,その他,その他
2024-08-29,eastasiasoft,SokoPenguin,-,"",ETC,eastasiasoft,0,1,その他,その他
2024-08-29,Pakotime,Sugoi Girls: Exotic Egypt,-,"",ETC,Pakotime,0,1,その他,その他
2024-08-29,Puppet Combo,Super Rewind or Die,-,"",ETC,Puppet Combo,0,1,その他,その他
2024-08-29,VRCFORGE STUDIOS,SURVIVOR HEROES,-,"",ETC,VRCFORGE STUDIOS,0,1,その他,その他
2024-08-29,404 Games,The Knight's Path,-,"",ETC,404 Games,0,1,その他,その他
2024-08-29,indie.io,Voltaire: The Vegan Vampire,-,"",ETC,indie.io,0,1,その他,その他
2024-08-29,バンダイナムコエンターテインメント,ガンダムブレイカー4,-,YES,ETC,バンダイナムコエンターテインメント,0,1,その他,その他
2024-08-29,MASK,クイズで身につく教養 孫子の兵法編 〜小学生から大人まで遊べる雑学教養クイズゲーム〜,-,"",ETC,MASK,0,1,その他,その他
2024-08-29,TT,ゲームで学べる！戦国時代クイズ合戦－みんなで遊べる歴史発見雑学教養豆知識学習対戦クイズ－,-,"",ETC,TT,0,1,その他,その他
2024-08-29,H2 INTERACTIVE,ゴリ: カドリー カーネイジ,-,YES,ETC,H2 INTERACTIVE,0,1,その他,その他
2024-08-29,エンターグラム,ゴーヘルゴー つきおとしてこ,-,YES,ETC,エンターグラム,0,1,その他,その他
2024-08-29,サクセス,サイコロパズル10!,-,"",ETC,サクセス,0,1,その他,その他
2024-08-29,エイジ,ニンジャガールズ:くノ一パズル,-,"",ETC,エイジ,0,1,その他,その他
2024-08-29,DECATHLON,バドミントンタイム,-,"",ETC,DECATHLON,0,1,その他,その他
2024-08-29,AppsGears,ピクセルボーイ2・キャッスルリベンジ,-,"",ETC,AppsGears,0,1,その他,その他
2024-08-29,任天堂,ファミコン探偵倶楽部 笑み男,-,YES,ETC,任天堂,0,1,その他,その他
2024-08-29,日本一ソフトウェア,マール王国の人形姫 25th ANNIVERSARY COLLECTION,-,YES,ETC,日本一ソフトウェア,0,1,その他,その他
2024-08-29,KIMIDORI SOFT,ロストバルーンズ エアリーメイツ,-,"",ETC,KIMIDORI SOFT,0,1,その他,その他
2024-08-29,トローゼ,ワールドウォー フューリー ウェーブ,-,"",ETC,トローゼ,0,1,その他,その他
2024-08-29,エンターグラム,廃遊園地のメメントメモリア,-,"",ETC,エンターグラム,0,1,その他,その他
2024-08-29,フリュー,神椿市協奏中。,-,"",ETC,フリュー,0,1,その他,その他
2024-08-29,グラビティゲームアライズ,神箱 - Mythology of Cube -,-,YES,ETC,グラビティゲームアライズ,0,1,その他,その他
2024-08-29,TT,神隠しミステリー－行方不明探偵！未解決事件謎解き推理サスペンスゲーム－,-,"",ETC,TT,0,1,その他,その他
2024-08-29,MASK,脳トレ!!文字さがし 〜文字をみつけて知育脳活トレーニング〜,-,"",ETC,MASK,0,1,その他,その他
2024-08-29,セガ,闇の仕事人 KAGE Shadow of the Ninja,-,YES,ETC,セガ,0,1,その他,その他
2024-08-29,KiwiWalks新世界I&C,魔女の泉R,-,YES,ETC,KiwiWalks新世界I&C,0,1,その他,その他
2024-08-29,Denda Games,魔法の宝石 父の日,-,"",ETC,Denda Games,0,1,その他,その他
2024-08-30,ラタライカゲームス,"Forests, Fields and Fortresses",-,"",ETC,ラタライカゲームス,0,1,その他,その他
2024-08-30,Cygames,ウマ娘 プリティーダービー 熱血ハチャメチャ大感謝祭!,-,YES,ETC,Cygames,0,1,その他,その他
2024-08-30,Glowstick Entertainment,スーパーダーク・デセプション,-,"",ETC,Glowstick Entertainment,0,1,その他,その他
2024-08-30,アレス,旭光のマリアージュ episode LIA,-,YES,ETC,アレス,0,1,その他,その他
2024-09-05,REAL KYOTO,257番目の元素,-,"",ETC,REAL KYOTO,0,1,その他,その他
2024-09-05,CFK,Animal Water Pang!,-,"",ETC,CFK,0,1,その他,その他
2024-09-05,Game Source Entertainment,Cats on Duty,-,YES,ETC,Game Source Entertainment,0,1,その他,その他
2024-09-05,Beep,Daymare: 1994 Sandcastle,-,YES,ETC,Beep,0,1,その他,その他
2024-09-05,RedDeerGames,FlipBook,-,"",ETC,RedDeerGames,0,1,その他,その他
2024-09-05,DEZVOLT GAMES,Gold Digger: The Simulator,-,"",ETC,DEZVOLT GAMES,0,1,その他,その他
2024-09-05,Pix Arts,Grand Prix Formula One,-,"",ETC,Pix Arts,0,1,その他,その他
2024-09-05,Pakotime,Hentai Girls: Lovely Lieutenant,-,"",ETC,Pakotime,0,1,その他,その他
2024-09-05,Penguin Pop Games,Kalinur,-,"",ETC,Penguin Pop Games,0,1,その他,その他
2024-09-05,eastasiasoft,Mining Mechs,-,"",ETC,eastasiasoft,0,1,その他,その他
2024-09-05,Autumn Pioneer,Shashingo: Learn Japanese with Photography,-,"",ETC,Autumn Pioneer,0,1,その他,その他
2024-09-05,Afil Games,Shield King,-,"",ETC,Afil Games,0,1,その他,その他
2024-09-05,Zakym,Space Bouncer,-,"",ETC,Zakym,0,1,その他,その他
2024-09-05,わくわくゲームズ,SUPER SHAKING GIRL!!!,-,"",ETC,わくわくゲームズ,0,1,その他,その他
2024-09-05,Nejcraft,Tsetseg's Adventure,-,"",ETC,Nejcraft,0,1,その他,その他
2024-09-05,RAWRLAB Games,VハンターパズラーDX,-,"",ETC,RAWRLAB Games,0,1,その他,その他
2024-09-05,404 Games,What Happened - Through Worlds,-,"",ETC,404 Games,0,1,その他,その他
2024-09-05,カエルパンダ,くるくる回そう!方向幕コレクション for Nintendo Switch -近畿日本鉄道編 part1 近鉄奈良線- 鉄道方向幕シミュレーター,-,"",ETC,カエルパンダ,0,1,その他,その他
2024-09-05,RedDeerGames,アルティメット ホリデー,-,"",ETC,RedDeerGames,0,1,その他,その他
2024-09-05,Gamirror Games,ガーラント:冒険物語,-,"",ETC,Gamirror Games,0,1,その他,その他
2024-09-05,NEO BYTE FORCE,サイボーグフォース,-,"",ETC,NEO BYTE FORCE,0,1,その他,その他
2024-09-05,コーラス・ワールドワイド,ペーパーゴーストストーリーズ:サードアイオープン,-,"",ETC,コーラス・ワールドワイド,0,1,その他,その他
2024-09-05,カエルエックス,仙狐さんといっしょ,-,"",ETC,カエルエックス,0,1,その他,その他
2024-09-05,アライアンス・アーツ,東方ダンマクカグラ ファンタジア・ロスト,-,YES,ETC,アライアンス・アーツ,0,1,その他,その他
2024-09-05,MASK,浮世絵間違いさがし 富嶽三十六景 〜富嶽三十六景の中から間違いを見つけよう〜,-,"",ETC,MASK,0,1,その他,その他
2024-09-05,SAT-BOX,消しゴム落とし バトルロイヤル,-,"",ETC,SAT-BOX,0,1,その他,その他
2024-09-05,ソニックパワード,爆裂!スイーツランド,-,"",ETC,ソニックパワード,0,1,その他,その他
2024-09-06,テイクツー・インタラクティブ・ジャパン,NBA 2K25,-,YES,ETC,テイクツー・インタラクティブ・ジャパン,0,1,その他,その他
2024-09-06,Shinyuden,エアロ ザ アクロバット 2,-,"",ETC,Shinyuden,0,1,その他,その他
2024-09-06,カプコン,逆転検事1&2 御剣セレクション,-,YES,ETC,カプコン,0,1,その他,その他
2024-09-10,ラタライカゲームス,Customers From Hell,-,"",ETC,ラタライカゲームス,0,1,その他,その他
2024-09-12,Happy Player,10秒の幽霊,-,"",ETC,Happy Player,0,1,その他,その他
2024-09-12,Brainium Games,Aidan In Danger,-,"",ETC,Brainium Games,0,1,その他,その他
2024-09-12,Goblinz Studio,Beneath Oresa,-,"",ETC,Goblinz Studio,0,1,その他,その他
2024-09-12,Plug In Digital,Caravan SandWitch,-,"",ETC,Plug In Digital,0,1,その他,その他
2024-09-12,404 Games,Dare to Spread: Army Turn Based Strategy,-,"",ETC,404 Games,0,1,その他,その他
2024-09-12,Aeternum Game Studios,Eden Genesis,-,"",ETC,Aeternum Game Studios,0,1,その他,その他
2024-09-12,Daedalic Entertainment,Edge of Sanity,-,"",ETC,Daedalic Entertainment,0,1,その他,その他
2024-09-12,Playtonic Friends,Elsie,-,"",ETC,Playtonic Friends,0,1,その他,その他
2024-09-12,Plug In Digital,Fabledom,-,"",ETC,Plug In Digital,0,1,その他,その他
2024-09-12,Super Rare Games,Grapple Dogs: Cosmic Canines,-,"",ETC,Super Rare Games,0,1,その他,その他
2024-09-12,Joindots,Island Flight Simulator,-,"",ETC,Joindots,0,1,その他,その他
2024-09-12,eastasiasoft,Kiki - A Vibrant 3D Platformer,-,"",ETC,eastasiasoft,0,1,その他,その他
2024-09-12,2P Games,Line Time,-,"",ETC,2P Games,0,1,その他,その他
2024-09-12,eastasiasoft,Moe Waifu H Genius,-,"",ETC,eastasiasoft,0,1,その他,その他
2024-09-12,QUByte Interactive,Road Defense: Outsiders,-,"",ETC,QUByte Interactive,0,1,その他,その他
2024-09-12,Zakym,Robot vs Monsters,-,"",ETC,Zakym,0,1,その他,その他
2024-09-12,The MIX Games Inc,Rugrats: Adventures in Gameland,-,"",ETC,The MIX Games Inc,0,1,その他,その他
2024-09-12,Merge Games,Selfloss,-,"",ETC,Merge Games,0,1,その他,その他
2024-09-12,Pakotime,Sugoi Girls: Mighty Mecha,-,"",ETC,Pakotime,0,1,その他,その他
2024-09-12,RandomSpin Games,SUPERMARKET SIMULATOR PRO,-,"",ETC,RandomSpin Games,0,1,その他,その他
2024-09-12,SPACEFARER GAMES,The Dawning Clocks of Time Remake,-,"",ETC,SPACEFARER GAMES,0,1,その他,その他
2024-09-12,SUCCESS GAMES,Warzone Chronicles 2: Warfare Shooter Zombie,-,"",ETC,SUCCESS GAMES,0,1,その他,その他
2024-09-12,Maximum Entertainment,Wild Bastards,-,"",ETC,Maximum Entertainment,0,1,その他,その他
2024-09-12,Atari,Yars Rising,-,"",ETC,Atari,0,1,その他,その他
2024-09-12,HUNTERS,エイリアンプラネット,-,"",ETC,HUNTERS,0,1,その他,その他
2024-09-12,ベネッセコーポレーション,キャンプで目指せ全国制覇!定期テスト暗記トラベラー理科社会,-,"",ETC,ベネッセコーポレーション,0,1,その他,その他
2024-09-12,不明,クイズでなかまを救え! 世界地図パネルバトル,-,"",ETC,不明,0,1,その他,その他
2024-09-12,Hipster Whale,クロッシーロードキャッスル,-,"",ETC,Hipster Whale,0,1,その他,その他
2024-09-12,Nejcraft,グーブ&バルーンズDX,-,"",ETC,Nejcraft,0,1,その他,その他
2024-09-12,メビウス,タリカンアンソロジーVol.1,-,YES,ETC,メビウス,0,1,その他,その他
2024-09-12,●,タリカンアンソロジーVol.2,-,,ETC,●,0,1,その他,その他
2024-09-12,CFK,ダウンフォール,-,"",ETC,CFK,0,1,その他,その他
2024-09-12,アイディアファクトリー,トラブル・マギア 〜訳アリ少女は未来を勝ち取るために異国の魔法学校へ留学します〜,-,YES,ETC,アイディアファクトリー,0,1,その他,その他
2024-09-12,FIVE-BN STUDIO,ニューヨーク・ミステリーズ:マフィアの秘密,-,"",ETC,FIVE-BN STUDIO,0,1,その他,その他
2024-09-12,不明,バトルでなかまを救え! 歴史オールスタークイズ,-,"",ETC,不明,0,1,その他,その他
2024-09-12,不明,バトルで進化!小学校完成モンスターアドベンチャー国語・算数・英語,-,"",ETC,不明,0,1,その他,その他
2024-09-12,Max Interactive Studio,バブルブラスターDX,-,"",ETC,Max Interactive Studio,0,1,その他,その他
2024-09-12,メビウス,ブレイブダンジョンWパック,-,YES,ETC,メビウス,0,1,その他,その他
2024-09-12,カプコン,マーベルVSカプコン ファイティングコレクション アーケードクラシックス,-,YES,ETC,カプコン,0,1,その他,その他
2024-09-12,不明,リズムに あわせて ほって! なげて! けいさんパズルアドベンチャー,-,"",ETC,不明,0,1,その他,その他
2024-09-12,FIVE-BN STUDIO,ロスト・ランド:暗黒の大君主,-,"",ETC,FIVE-BN STUDIO,0,1,その他,その他
2024-09-12,SAT-BOX,作って!クレープ,-,"",ETC,SAT-BOX,0,1,その他,その他
2024-09-12,TT,写真を見て答えよう！国あて3ヒントクイズ！ 〜世界の文化と国旗が学べる教養クイズゲーム〜,-,"",ETC,TT,0,1,その他,その他
2024-09-12,ジー・モード,北海道連鎖殺人 オホーツクに消ゆ 〜追憶の流氷・涙のニポポ人形〜,-,YES,ETC,ジー・モード,7272_0m_5243,1,その他,その他
2024-09-12,dramatic create/ヒューネックス,古書店街の橋姫 々 満天,-,"",ETC,dramatic create/ヒューネックス,0,1,その他,その他
2024-09-12,エディア,天使の詩COLLECTION,-,YES,ETC,エディア,0,1,その他,その他
2024-09-12,不明,天才数学者からの挑戦状 カードバトル in 小数の国,-,"",ETC,不明,0,1,その他,その他
2024-09-12,JUSTDAN INTERNATIONAL,将軍 対決 Shogun Showdown,-,YES,ETC,JUSTDAN INTERNATIONAL,0,1,その他,その他
2024-09-12,MASK,小学生で知りたい法律 こども裁判クイズ－それって有罪かも!? 2択でかんたん法律雑学教養豆知識学習クイズ－,-,"",ETC,MASK,0,1,その他,その他
2024-09-12,LiTMUS,最恐 -青鬼-,-,"",ETC,LiTMUS,0,1,その他,その他
2024-09-12,MASK,東日本VS西日本どっちだクイズ－それって常識じゃないかも? 2択でかんたん 雑学教養豆知識学習クイズ－,-,"",ETC,MASK,0,1,その他,その他
2024-09-12,不明,無人島で探検!発見! 理科社会すごろクイズアドベンチャー,-,"",ETC,不明,0,1,その他,その他
2024-09-12,Astrolabe Games,終焉のパラダイス,-,"",ETC,Astrolabe Games,0,1,その他,その他
2024-09-12,不明,走って!飛んで!体感クイズバトル 忍者おさらいRUN〜漢字・計算・英単語〜,-,"",ETC,不明,0,1,その他,その他
2024-09-12,不明,都道府県 陣取りバトル47,-,"",ETC,不明,0,1,その他,その他
2024-09-13,PQube,Celestia: Chain of Fate,-,"",ETC,PQube,0,1,その他,その他
2024-09-13,ケムコ,METRO QUESTER / OSAKA,-,"",ETC,ケムコ,0,1,その他,その他
2024-09-13,ラタライカゲームス,Samurai Kento,-,"",ETC,ラタライカゲームス,0,1,その他,その他
2024-09-18,Devolver Digital,The Plucky Squire 〜ジョットと不思議なカラクリ絵本〜,-,"",ETC,Devolver Digital,0,1,その他,その他
2024-09-18,Afil Games,Ziggy,-,"",ETC,Afil Games,0,1,その他,その他
2024-09-19,eastasiasoft,A Night On The Farm,-,"",ETC,eastasiasoft,0,1,その他,その他
2024-09-19,Assemble Entertainment,Between Horizons,-,"",ETC,Assemble Entertainment,0,1,その他,その他
2024-09-19,オーイズミ・アミュージオ,Born of Bread,-,YES,ETC,オーイズミ・アミュージオ,0,1,その他,その他
2024-09-19,Cinemax (ゲーム開発者),BZZZT: バズボット!,-,"",ETC,Cinemax (ゲーム開発者),0,1,その他,その他
2024-09-19,PM Studios,Cricket: Jae's Really Peculiar Game,-,"",ETC,PM Studios,0,1,その他,その他
2024-09-19,コンパイルハート,Death end re;Quest Code Z,-,YES,ETC,コンパイルハート,0,1,その他,その他
2024-09-19,Soedesco,Garden Witch Life,-,"",ETC,Soedesco,0,1,その他,その他
2024-09-19,ブシロード,GINKA,-,YES,ETC,ブシロード,0,1,その他,その他
2024-09-19,Pakotime,Hentai Girls: Crazy Cowgirl,-,"",ETC,Pakotime,0,1,その他,その他
2024-09-19,Silesia Games,Hidden Cats in Berlin,-,"",ETC,Silesia Games,0,1,その他,その他
2024-09-19,RedDeerGames,Hot&Hentai,-,"",ETC,RedDeerGames,0,1,その他,その他
2024-09-19,404 Games,"Jump, Dodge, Die, Repeat",-,"",ETC,404 Games,0,1,その他,その他
2024-09-19,Serenity Forge,Keylocker / ターンベース・サイバーパンク・アクション,-,"",ETC,Serenity Forge,0,1,その他,その他
2024-09-19,Elushis,LUMbA: REDUX,-,"",ETC,Elushis,0,1,その他,その他
2024-09-19,Pix Arts,Mech Wars,-,"",ETC,Pix Arts,0,1,その他,その他
2024-09-19,Mameshiba Games,pureya,-,"",ETC,Mameshiba Games,0,1,その他,その他
2024-09-19,404 Games,Samurai Katana Rampage: Stickman Saga,-,"",ETC,404 Games,0,1,その他,その他
2024-09-19,Sabec,Spot The Difference Food & Drink,-,"",ETC,Sabec,0,1,その他,その他
2024-09-19,スパイク・チュンソフト,かまいたちの夜×3,-,YES,ETC,スパイク・チュンソフト,0,1,その他,その他
2024-09-19,MASK,くるくるパズルくらべてわかる宇宙のはなし－最初に宇宙に行った生き物ってなに? クイズで学べる勉強雑学教養豆知識学習ゲーム－,-,"",ETC,MASK,0,1,その他,その他
2024-09-19,RAWRLAB Games,たまごねこ,-,"",ETC,RAWRLAB Games,0,1,その他,その他
2024-09-19,KIMIDORI SOFT,サカバンバスピスクロニクル,-,"",ETC,KIMIDORI SOFT,0,1,その他,その他
2024-09-19,First Press Games,ザ・ラスト・ショット,-,"",ETC,First Press Games,0,1,その他,その他
2024-09-19,Megame,シティー・ドライバー ポリス・パーキング・シミュレーター,-,"",ETC,Megame,0,1,その他,その他
2024-09-19,Kitewing Studio,シーズンスプリー,-,"",ETC,Kitewing Studio,0,1,その他,その他
2024-09-19,トローゼ,ゼロアワー キルゾーン,-,"",ETC,トローゼ,0,1,その他,その他
2024-09-19,Megame,ゾンビー・アタック ゾンビズ・サバイバル・シューター,-,"",ETC,Megame,0,1,その他,その他
2024-09-19,Two Cakes Studio,ハント・アンド・ファイト:アクションRPG,-,"",ETC,Two Cakes Studio,0,1,その他,その他
2024-09-19,ToastieLabs,ピクセルぬりえ〜コレクション4〜,-,"",ETC,ToastieLabs,0,1,その他,その他
2024-09-19,Skermunkel Studios,ブーム・スラング,-,"",ETC,Skermunkel Studios,0,1,その他,その他
2024-09-19,KAMITSUBAKI STUDIO,ムーンレスムーン,-,"",ETC,KAMITSUBAKI STUDIO,0,1,その他,その他
2024-09-19,サイバーステップ,リア充爆発しろ! Normies Should Burn!,-,"",ETC,サイバーステップ,0,1,その他,その他
2024-09-19,Phoenixx,不思議の幻想郷 -FORESIGHT-,-,YES,ETC,Phoenixx,0,1,その他,その他
2024-09-19,HERO GAME,勇気の推理 海苔8 優しさの定義,-,"",ETC,HERO GAME,0,1,その他,その他
2024-09-19,Max Interactive Studio,方塊独,-,"",ETC,Max Interactive Studio,0,1,その他,その他
2024-09-19,PLAYISM,未解決事件は終わらせないといけないから,-,"",ETC,PLAYISM,0,1,その他,その他
2024-09-19,SAT-BOX,机でドッジボール2,-,"",ETC,SAT-BOX,0,1,その他,その他
2024-09-19,dramatic create/ヒューネックス,贄の町,-,YES,ETC,dramatic create/ヒューネックス,0,1,その他,その他
2024-09-19,ソニックパワード,鉄道にっぽん!路線たびEX 登山電車 小田急箱根編,-,YES,ETC,ソニックパワード,0,1,その他,その他
2024-09-20,Secret Mode,Loddlenaut,-,"",ETC,Secret Mode,0,1,その他,その他
2024-09-20,ラタライカゲームス,They Came From the Sky 2,-,"",ETC,ラタライカゲームス,0,1,その他,その他
2024-09-20,ジー・モード,虹の降る海,-,"",ETC,ジー・モード,0,1,その他,その他
2024-09-24,Hidden Trap,Aura of Worlds,-,"",ETC,Hidden Trap,0,1,その他,その他
2024-09-24,THQ Nordic ジャパン,ディズニー エピックミッキー: Rebrushed,-,YES,ETC,THQ Nordic ジャパン,0,1,その他,その他
2024-09-25,United Label,Beyond Galaxyland,-,"",ETC,United Label,0,1,その他,その他
2024-09-26,TT,1000問クイズ！世界の国旗 〜1000問解いて国旗マスターになろう！〜,-,"",ETC,TT,0,1,その他,その他
2024-09-26,Scarecrow Studio,3 Minutes to Midnight,-,"",ETC,Scarecrow Studio,0,1,その他,その他
2024-09-26,Pakotime,Anime Girls: Natty Nurse,-,"",ETC,Pakotime,0,1,その他,その他
2024-09-26,CGI LAB,Anime Puzzle Quest: The Magical Girls Adventure - アニメパズルクエスト: 魔法少女の冒険,-,"",ETC,CGI LAB,0,1,その他,その他
2024-09-26,Akupara Games,Astrea: Six-Sided Oracles,-,"",ETC,Akupara Games,0,1,その他,その他
2024-09-26,Twin Sails,Bloomtown: A Different Story,-,"",ETC,Twin Sails,0,1,その他,その他
2024-09-26,Nacon,Cat Rescue Story,-,"",ETC,Nacon,0,1,その他,その他
2024-09-26,D-Games,Colorizing: Good Times,-,"",ETC,D-Games,0,1,その他,その他
2024-09-26,Sometimes You,Creepy Tale: Some Other Place,-,"",ETC,Sometimes You,0,1,その他,その他
2024-09-26,RockGame,DESTRUCTURE: Among Debris,-,"",ETC,RockGame,0,1,その他,その他
2024-09-26,RedDeerGames,Dreamland Farm,-,"",ETC,RedDeerGames,0,1,その他,その他
2024-09-26,Abylight,Exographer,-,"",ETC,Abylight,0,1,その他,その他
2024-09-26,16BIT,Gallop Glory: Obstacle Racing & Horse Simulator,-,"",ETC,16BIT,0,1,その他,その他
2024-09-26,Super Rare Games,Go Mecha Ball,-,"",ETC,Super Rare Games,0,1,その他,その他
2024-09-26,Vetron,Golfing in Aether,-,"",ETC,Vetron,0,1,その他,その他
2024-09-26,CGI LAB,Heavy Hand: Pixel Tree Roset Fury - ヘビーハンド: ピクセル ツリー ロゼット フューリー,-,"",ETC,CGI LAB,0,1,その他,その他
2024-09-26,CGI LAB,Highway Legends: Traffic Speed Racer - ハイウェイ・レジェンド: トラフィック・スピード・レーサー,-,"",ETC,CGI LAB,0,1,その他,その他
2024-09-26,Screenwave Media,Iron Meat,-,"",ETC,Screenwave Media,0,1,その他,その他
2024-09-26,Eclipse Interactive,Liquidation: Zombie Apocalypse,-,"",ETC,Eclipse Interactive,0,1,その他,その他
2024-09-26,ピクセル,"Live Action-BIT THEATER ""ROUTEヨンロク""",-,"",ETC,ピクセル,0,1,その他,その他
2024-09-26,ピグミースタジオ,LUNA-3X / ルナトリプルエックス 〜この世界が終わろうともボクたちはずっと〜,-,"",ETC,ピグミースタジオ,0,1,その他,その他
2024-09-26,ユービーアイソフト,MONOPOLY,-,YES,ETC,ユービーアイソフト,0,1,その他,その他
2024-09-26,VRCFORGE STUDIOS,"Parkour Bullet Frenzy - FPS, Physics, Slowmotion",-,"",ETC,VRCFORGE STUDIOS,0,1,その他,その他
2024-09-26,Halva Studio,Restaurant Cooking Simulator,-,"",ETC,Halva Studio,0,1,その他,その他
2024-09-26,Silesia Games,Ricky Recharge,-,"",ETC,Silesia Games,0,1,その他,その他
2024-09-26,Zakym,Rope Hope,-,"",ETC,Zakym,0,1,その他,その他
2024-09-26,OverGamez,The Unexpected Quest,-,"",ETC,OverGamez,0,1,その他,その他
2024-09-26,eastasiasoft,Western Slot Machine,-,"",ETC,eastasiasoft,0,1,その他,その他
2024-09-26,Team17,Worms Armageddon,-,"",ETC,Team17,0,1,その他,その他
2024-09-26,Kanuni Games,Wukong's Child: Monkey King Myth,-,"",ETC,Kanuni Games,0,1,その他,その他
2024-09-26,eastasiasoft,ZombFarm,-,"",ETC,eastasiasoft,0,1,その他,その他
2024-09-26,Cube Games,Zombie Survivors,-,"",ETC,Cube Games,0,1,その他,その他
2024-09-26,モアイソフト,れそぺ!,-,"",ETC,モアイソフト,0,1,その他,その他
2024-09-26,キュー・ゲームス,オール・ユー・ニード・イズ・ヘルプ せーのでもふくるポン!,-,"",ETC,キュー・ゲームス,0,1,その他,その他
2024-09-26,Flynn's Arcade,キャッシュ・カウ Cash Cow DX,-,"",ETC,Flynn's Arcade,0,1,その他,その他
2024-09-26,シティコネクション,ジャレコレ ファミコン編:バイオ戦士DAN インクリーザーとの闘い,-,"",ETC,シティコネクション,0,1,その他,その他
2024-09-26,任天堂,ゼルダの伝説 知恵のかりもの,36,YES,AADV,任天堂,6963_0m_4934,1,アクションアドベンチャー,その他
2024-09-26,テヨンジャパン,ソルジャーズ（英語版）,-,YES,ETC,テヨンジャパン,0,1,その他,その他
2024-09-26,トローゼ,ゾンビスローター デッドゾーン,-,"",ETC,トローゼ,0,1,その他,その他
2024-09-26,DanLabG,ダンラブゴルフ,-,"",ETC,DanLabG,0,1,その他,その他
2024-09-26,Forever Entertainment,ナイトスラッシャーズ:リメイク,-,YES,ETC,Forever Entertainment,0,1,その他,その他
2024-09-26,FIVE-BN STUDIO,ニューヨーク・ミステリーズ:ハイ・ボルテージ,-,"",ETC,FIVE-BN STUDIO,0,1,その他,その他
2024-09-26,Red Fables,ビーチボーイズ タロットホットカード,-,"",ETC,Red Fables,0,1,その他,その他
2024-09-26,EpiXR Games,ペーパーダッシュ ラスベガス,-,"",ETC,EpiXR Games,0,1,その他,その他
2024-09-26,Max Interactive Studio,ボールズ DX,-,"",ETC,Max Interactive Studio,0,1,その他,その他
2024-09-26,Marginalact,レッツ城,-,"",ETC,Marginalact,0,1,その他,その他
2024-09-26,ドラガミゲームス,ロリポップチェーンソー RePOP,-,YES,ETC,ドラガミゲームス,7269_0m_5240,1,その他,その他
2024-09-26,エンターグラム,制服カノジョ まよいごエンゲージ,-,YES,ETC,エンターグラム,0,1,その他,その他
2024-09-26,Blacksmith DoubleCircle,右折シミュレーター,-,"",ETC,Blacksmith DoubleCircle,0,1,その他,その他
2024-09-26,レジスタ,徹夜報告書 / Midnight Report,-,"",ETC,レジスタ,0,1,その他,その他
2024-09-26,アイディアファクトリー,燃えよ! 乙女道士 〜華遊恋語〜,-,YES,ETC,アイディアファクトリー,0,1,その他,その他
2024-09-26,Happy Player,銀の斧 - The Honest Elf,-,"",ETC,Happy Player,0,1,その他,その他
2024-09-27,Nakana.io,Ahro,-,"",ETC,Nakana.io,0,1,その他,その他
2024-09-27,エレクトロニック・アーツ,EA Sports FC 25,32,YES,SPT,エレクトロニック・アーツ,7013_0m_4984,1,サッカー,その他
2024-09-27,ラタライカゲームス,Murder Is Game Over: Deal Killer,-,"",ETC,ラタライカゲームス,0,1,その他,その他
2024-10-02,Afil Games,Dice Assassin,-,"",ETC,Afil Games,0,1,その他,その他
2024-10-03,Peaksel,100ドア - トイレの鍵を見つける,-,"",ETC,Peaksel,0,1,その他,その他
2024-10-03,TT,8P対戦！全国小学生共通テスト－格付けバトルで遊んで学べる4択学習教養クイズ－,-,"",ETC,TT,0,1,その他,その他
2024-10-03,17Studio,Block & Shot,-,"",ETC,17Studio,0,1,その他,その他
2024-10-03,eastasiasoft,Damikira,-,"",ETC,eastasiasoft,0,1,その他,その他
2024-10-03,ヒストリア,Faaast Penguin,-,"",ETC,ヒストリア,0,1,その他,その他
2024-10-03,404 Games,Flight Simulator Delivery: Cargo Business,-,"",ETC,404 Games,0,1,その他,その他
2024-10-03,CGI LAB,Formula Racing: Grand Prix League - フォーミュラ レーシング: グランプリ リーグ,-,"",ETC,CGI LAB,0,1,その他,その他
2024-10-03,Pakotime,Hentai Girls: Autumn Crush,-,"",ETC,Pakotime,0,1,その他,その他
2024-10-03,アイディアファクトリー,Honey Vibes,-,YES,ETC,アイディアファクトリー,0,1,その他,その他
2024-10-03,NoteBuddy,Light - Die to Survive,-,"",ETC,NoteBuddy,0,1,その他,その他
2024-10-03,Hungry Sky,Nekograms,-,"",ETC,Hungry Sky,0,1,その他,その他
2024-10-03,MythicOwl,Planetiles,-,"",ETC,MythicOwl,0,1,その他,その他
2024-10-03,PLAYISM,Refind Self: 性格診断ゲーム,-,"",ETC,PLAYISM,0,1,その他,その他
2024-10-03,Joindots,Season Match 3 - Curse of the Witch Crow,-,"",ETC,Joindots,0,1,その他,その他
2024-10-03,PublishMe,"Survival Float Simulator - Crocodile Waters Craft, Raft, Build",-,"",ETC,PublishMe,0,1,その他,その他
2024-10-03,eastasiasoft,Thunder Ray,-,"",ETC,eastasiasoft,0,1,その他,その他
2024-10-03,Zakym,Tower Hover,-,"",ETC,Zakym,0,1,その他,その他
2024-10-03,16BIT,Urban Skater - Skateboard Delivery City Challenge,-,"",ETC,16BIT,0,1,その他,その他
2024-10-03,Brinemedia,Zombie Derby: Pixel Survival,-,"",ETC,Brinemedia,0,1,その他,その他
2024-10-03,PlaySide,キル・ナイト,-,"",ETC,PlaySide,0,1,その他,その他
2024-10-03,スタジオ斬,サーカスクラッシュ,-,"",ETC,スタジオ斬,0,1,その他,その他
2024-10-03,バンダイナムコエンターテインメント,ソードアート・オンライン フラクチュアード デイドリーム,-,YES,ETC,バンダイナムコエンターテインメント,6988_0m_4959,1,その他,その他
2024-10-03,Gentle Troll Entertainment,タヴァントーク,-,"",ETC,Gentle Troll Entertainment,0,1,その他,その他
2024-10-03,ジュピター,ピクロス 盾の勇者の軌跡,-,"",ETC,ジュピター,0,1,その他,その他
2024-10-03,KOSEI YASUDA,ローリングフットボールプレイヤー,-,"",ETC,KOSEI YASUDA,0,1,その他,その他
2024-10-03,dramatic create/ヒューネックス,明治東亰恋伽 Full Moon,-,YES,ETC,dramatic create/ヒューネックス,0,1,その他,その他
2024-10-03,サクセス,蛇口からカプチーノ1000,-,"",ETC,サクセス,0,1,その他,その他
2024-10-03,14次元,韓国ドローン飛行ツアー済州島2,-,"",ETC,14次元,0,1,その他,その他
2024-10-04,Outright Games,スポンジ・ボブ:パトリック・スター・ゲーム,-,"",ETC,Outright Games,0,1,その他,その他
2024-10-04,Shinyuden,ゼロ ハイフライング スクワール,-,"",ETC,Shinyuden,0,1,その他,その他
2024-10-04,SAT-BOX,マッチョショット,-,"",ETC,SAT-BOX,0,1,その他,その他
2024-10-07,5minlab,Kill The Crows,-,"",ETC,5minlab,0,1,その他,その他
2024-10-08,ラタライカゲームス,Massi,-,"",ETC,ラタライカゲームス,0,1,その他,その他
2024-10-09,Afil Games,Andromeda Survivors,-,"",ETC,Afil Games,0,1,その他,その他
2024-10-09,Afil Games,Mimi the Cat: New Friends,-,"",ETC,Afil Games,0,1,その他,その他
2024-10-10,Pakotime,Anime Girls: Busty Baseball,-,"",ETC,Pakotime,0,1,その他,その他
2024-10-10,Eclipse Interactive,Bandit Buster: Western,-,"",ETC,Eclipse Interactive,0,1,その他,その他
2024-10-10,Take IT Studio!,Before Exit: Supermarket,-,"",ETC,Take IT Studio!,0,1,その他,その他
2024-10-10,Saber Interactive,Bloodless,-,"",ETC,Saber Interactive,0,1,その他,その他
2024-10-10,Revulo Games,Casual Sport Series: Hockey,-,"",ETC,Revulo Games,0,1,その他,その他
2024-10-10,Silesia Games,Cats and Seek: Osaka,-,"",ETC,Silesia Games,0,1,その他,その他
2024-10-10,Zakym,Crasho Cars,-,"",ETC,Zakym,0,1,その他,その他
2024-10-10,Feardemic,Dagon: Complete Edition,-,"",ETC,Feardemic,0,1,その他,その他
2024-10-10,スターサイン,Faster Than Bolt,-,"",ETC,スターサイン,0,1,その他,その他
2024-10-10,404 Games,Gym Business : Fitness Empire Simulator,-,"",ETC,404 Games,0,1,その他,その他
2024-10-10,Intrugli Games,Inside The Crystal Mountain,-,"",ETC,Intrugli Games,0,1,その他,その他
2024-10-10,コーラス・ワールドワイド,Last Time I Saw You 雨の薫り,-,"",ETC,コーラス・ワールドワイド,0,1,その他,その他
2024-10-10,SOURCE BYTE,Population Quiz,-,"",ETC,SOURCE BYTE,0,1,その他,その他
2024-10-10,Untold Tales,Son of a Gun,-,"",ETC,Untold Tales,0,1,その他,その他
2024-10-10,Grizzly Games,Thronefall 不屈の王国,-,"",ETC,Grizzly Games,0,1,その他,その他
2024-10-10,CGI LAB,Video Game Store: Supermarket Simulator - ビデオ ゲーム ストア: スーパーマーケット シミュレーター,-,"",ETC,CGI LAB,0,1,その他,その他
2024-10-10,SUCCESS GAMES,Wizards Owl: Magic Delivery,-,"",ETC,SUCCESS GAMES,0,1,その他,その他
2024-10-10,a bonfire of souls,Wizards Tourney,-,"",ETC,a bonfire of souls,0,1,その他,その他
2024-10-10,Vaka Gamez,つぐのひ -忌み夜の喰霊品店-,-,"",ETC,Vaka Gamez,0,1,その他,その他
2024-10-10,サイバーステップ,なつめ繚乱 -ハイスペ脳筋妖狐の恋愛奇譚-,-,"",ETC,サイバーステップ,0,1,その他,その他
2024-10-10,Sketchy Ceviche,エル・パナデーロ 〜沈黙のパン屋さん〜,-,"",ETC,Sketchy Ceviche,0,1,その他,その他
2024-10-10,Hound Picked Games,キャンプ サンシャイン,-,"",ETC,Hound Picked Games,0,1,その他,その他
2024-10-10,Megame,クレージー・トラフィック シティー・パーキング・シミュレーター,-,"",ETC,Megame,0,1,その他,その他
2024-10-10,Megame,トラック・ドライバー パーキング・シミュレーター,-,"",ETC,Megame,0,1,その他,その他
2024-10-10,eastasiasoft,ローグ・セントリー,-,"",ETC,eastasiasoft,0,1,その他,その他
2024-10-10,Taiga,廃館,-,"",ETC,Taiga,0,1,その他,その他
2024-10-10,Upscale Studio,戦争後の生存,-,"",ETC,Upscale Studio,0,1,その他,その他
2024-10-10,TT,日常ミステリー 証拠が導く真実 〜謎解き推理事件サスペンスゲーム〜,-,"",ETC,TT,0,1,その他,その他
2024-10-10,CASCHA GAMES,替身,-,"",ETC,CASCHA GAMES,0,1,その他,その他
2024-10-10,Cooking & Publishing,瞑想の始め方・初心者向けガイドです,-,"",ETC,Cooking & Publishing,0,1,その他,その他
2024-10-10,Ogre Pixel,私のパラダイスに隠された,-,"",ETC,Ogre Pixel,0,1,その他,その他
2024-10-10,AGE Zero,箱の中の猫: Cats in Boxes,-,"",ETC,AGE Zero,0,1,その他,その他
2024-10-10,Cooking & Publishing,読術 - 学習を加速するためのテクニック,-,"",ETC,Cooking & Publishing,0,1,その他,その他
2024-10-11,ラタライカゲームス,My Big Sister: Remastered,-,"",ETC,ラタライカゲームス,0,1,その他,その他
2024-10-11,Playstack,The Case of the Golden Idol,-,"",ETC,Playstack,0,1,その他,その他
2024-10-12,Future Friends Games,Europa,-,"",ETC,Future Friends Games,0,1,その他,その他
2024-10-15,MY.GAMES,Nikoderiko: The Magical World,-,"",ETC,MY.GAMES,0,1,その他,その他
2024-10-15,ユービーアイソフト,ジャストダンス 2025 エディション,-,YES,ETC,ユービーアイソフト,0,1,その他,その他
2024-10-16,Afil Games,Beyond Border,-,"",ETC,Afil Games,0,1,その他,その他
2024-10-16,Devolver Digital,Neva,-,"",ETC,Devolver Digital,0,1,その他,その他
2024-10-17,RedDeerGames,Amelia's Garden,-,"",ETC,RedDeerGames,0,1,その他,その他
2024-10-17,WhisperGames,ASTLIBRA Revision,-,"",ETC,WhisperGames,0,1,その他,その他
2024-10-17,SOFT SOURCE,Blazing Strike,-,YES,ETC,SOFT SOURCE,0,1,その他,その他
2024-10-17,Burlea Games Studio,City Bus Simulator,-,"",ETC,Burlea Games Studio,0,1,その他,その他
2024-10-17,Fireshine Games,Core Keeper,-,YES,ETC,Fireshine Games,0,1,その他,その他
2024-10-17,SFB Games,Crow Country,-,"",ETC,SFB Games,0,1,その他,その他
2024-10-17,Deck13,DROVA,-,"",ETC,Deck13,0,1,その他,その他
2024-10-17,Studio Sai,Eternights,-,"",ETC,Studio Sai,0,1,その他,その他
2024-10-17,Afil Games,Farmer Survivors,-,"",ETC,Afil Games,0,1,その他,その他
2024-10-17,Zakym,Frogo Deluxe,-,"",ETC,Zakym,0,1,その他,その他
2024-10-17,17Studio,Hentai Waifu,-,"",ETC,17Studio,0,1,その他,その他
2024-10-17,Puppet Combo,Home Safety Hotline,-,"",ETC,Puppet Combo,0,1,その他,その他
2024-10-17,TOMAGameStudio,I Got Isekai'd Into a Shmup,-,"",ETC,TOMAGameStudio,0,1,その他,その他
2024-10-17,NOSTRA GAMES,Little Legs,-,"",ETC,NOSTRA GAMES,0,1,その他,その他
2024-10-17,Worm Club,LYNE,-,"",ETC,Worm Club,0,1,その他,その他
2024-10-17,QUByte Interactive,MetroLand,-,"",ETC,QUByte Interactive,0,1,その他,その他
2024-10-17,Phantom Publishing,Mourning Tide,-,"",ETC,Phantom Publishing,0,1,その他,その他
2024-10-17,17Studio,Real Hentai,-,"",ETC,17Studio,0,1,その他,その他
2024-10-17,room6,Recolit,-,YES,ETC,room6,0,1,その他,その他
2024-10-17,Pix Arts,Rookie Boxing,-,"",ETC,Pix Arts,0,1,その他,その他
2024-10-17,Joindots,Secrets of Magic 2: Witches & Wizards,-,"",ETC,Joindots,0,1,その他,その他
2024-10-17,404 Games,Simply Cubic,-,"",ETC,404 Games,0,1,その他,その他
2024-10-17,VRCFORGE STUDIOS,Stick Combat - Fighting Platformer,-,"",ETC,VRCFORGE STUDIOS,0,1,その他,その他
2024-10-17,HypeTrain Digital,StormEdge,-,"",ETC,HypeTrain Digital,0,1,その他,その他
2024-10-17,Pakotime,Sugoi Girls: Vivacious Vampire,-,"",ETC,Pakotime,0,1,その他,その他
2024-10-17,eastasiasoft,The Seed: Unit 7,-,"",ETC,eastasiasoft,0,1,その他,その他
2024-10-17,RedDeerGames,Touch and Reveal,-,"",ETC,RedDeerGames,0,1,その他,その他
2024-10-17,Akupara Games,Ynglet,-,"",ETC,Akupara Games,0,1,その他,その他
2024-10-17,TT,かんたんかわいいお片づけレッスン－ぴったりの場所を探そう！遊んで鍛える整理整頓学習トレーニング－,-,"",ETC,TT,0,1,その他,その他
2024-10-17,Red Fables,アニメ女子とのデート ハロウィンコスプレ かわいい,-,"",ETC,Red Fables,0,1,その他,その他
2024-10-17,Red Fables,アニメ男子とのデート ハロウィンコスプレ かわいい,-,"",ETC,Red Fables,0,1,その他,その他
2024-10-17,QubicGames,アマゼ!,-,"",ETC,QubicGames,0,1,その他,その他
2024-10-17,Art Games Studio,アルケミスト: ポーション商人の物語,-,"",ETC,Art Games Studio,0,1,その他,その他
2024-10-17,Microids,アルセーヌ・ルパン かつて泥棒だった男,-,"",ETC,Microids,0,1,その他,その他
2024-10-17,EpiXR Games,ザフライングトラベラー マインドナイトアワー,-,"",ETC,EpiXR Games,0,1,その他,その他
2024-10-17,任天堂,スーパー マリオパーティ ジャンボリー,36,YES,TBL,任天堂,6955_0m_4926,1,パーティーゲーム,その他
2024-10-17,Cooking & Publishing,チェスのオープニングと定跡,-,"",ETC,Cooking & Publishing,0,1,その他,その他
2024-10-17,Beep,ナノアポスル,-,"",ETC,Beep,0,1,その他,その他
2024-10-17,SAT-BOX,ファラオの財宝 コイン落とし,-,"",ETC,SAT-BOX,0,1,その他,その他
2024-10-17,Megame,フットボール・リーグ・カップ アーケード・サッカー・シミュレーター,-,"",ETC,Megame,0,1,その他,その他
2024-10-17,Megame,フルート・パーティー シカー・キャジュアル・パズル,-,"",ETC,Megame,0,1,その他,その他
2024-10-17,Rablo Games,嫌々ながら人類を救う旅に出た死霊術師,-,"",ETC,Rablo Games,0,1,その他,その他
2024-10-17,MASK,小学生で知りたい しくじり偉人伝－教科書のあの人の失敗！歴史○×クイズ学習雑学教養勉強ゲーム－,-,"",ETC,MASK,0,1,その他,その他
2024-10-17,Happy Player,目盲 - 見えない真実,-,"",ETC,Happy Player,0,1,その他,その他
2024-10-18,ラタライカゲームス,It Could Happen to You,-,"",ETC,ラタライカゲームス,0,1,その他,その他
2024-10-23,Blumhouse Games,Fear the Spotlight,-,"",ETC,Blumhouse Games,0,1,その他,その他
2024-10-23,Afil Games,Say Cheese!,-,"",ETC,Afil Games,0,1,その他,その他
2024-10-24,Fellow Traveller,1000xRESIST,-,"",ETC,Fellow Traveller,0,1,その他,その他
2024-10-24,Zakym,Arcade Room Simulator,-,"",ETC,Zakym,0,1,その他,その他
2024-10-24,MagicProStudio,Caveheart Legacy Of The Depths,-,"",ETC,MagicProStudio,0,1,その他,その他
2024-10-24,Halva Studio,Doodle Hunt: Halloween Rush,-,"",ETC,Halva Studio,0,1,その他,その他
2024-10-24,Michele Pirovano,dotAGE,-,"",ETC,Michele Pirovano,0,1,その他,その他
2024-10-24,Maximum Entertainment,Fantasy Friends: Dream Worlds,-,"",ETC,Maximum Entertainment,0,1,その他,その他
2024-10-24,Webnetic,Flip It,-,"",ETC,Webnetic,0,1,その他,その他
2024-10-24,DEMENCI Games,Garage Mechanic Simulator 3D,-,"",ETC,DEMENCI Games,0,1,その他,その他
2024-10-24,SUCCESS GAMES,Garbage Driver Truck Simulator 2025,-,"",ETC,SUCCESS GAMES,0,1,その他,その他
2024-10-24,17Studio,Hentai Waifu 2,-,"",ETC,17Studio,0,1,その他,その他
2024-10-24,Silesia Games,Hidden Cats in Spooky Town,-,"",ETC,Silesia Games,0,1,その他,その他
2024-10-24,eastasiasoft,Moe Waifu H - BlockBlast,-,"",ETC,eastasiasoft,0,1,その他,その他
2024-10-24,Soedesco,Orange Season,-,"",ETC,Soedesco,0,1,その他,その他
2024-10-24,2 Left Thumbs,Rack and Slay,-,"",ETC,2 Left Thumbs,0,1,その他,その他
2024-10-24,404 Games,Solomon Snow: First Contact,-,"",ETC,404 Games,0,1,その他,その他
2024-10-24,Chaosmonger Studio,Speedollama,-,"",ETC,Chaosmonger Studio,0,1,その他,その他
2024-10-24,Entalto Studios,Stickin' the Landing,-,"",ETC,Entalto Studios,0,1,その他,その他
2024-10-24,eastasiasoft,Super XYX,-,"",ETC,eastasiasoft,0,1,その他,その他
2024-10-24,HYPER REAL,Telebbit,-,"",ETC,HYPER REAL,0,1,その他,その他
2024-10-24,Trefl S.A,The Cheese Chase: Pizza Madness,-,"",ETC,Trefl S.A,0,1,その他,その他
2024-10-24,SOFT SOURCE,The Sun Shines Over Us,-,"",ETC,SOFT SOURCE,0,1,その他,その他
2024-10-24,Kwalee,Voidwrought,-,"",ETC,Kwalee,0,1,その他,その他
2024-10-24,MASK,おくだけスタディ 四字熟語 〜指一本で穴埋め四字熟語学習ゲーム〜,-,"",ETC,MASK,0,1,その他,その他
2024-10-24,Pineapple Works,たけうまやろう,-,"",ETC,Pineapple Works,0,1,その他,その他
2024-10-24,オペラハウス,べしすくい,-,"",ETC,オペラハウス,0,1,その他,その他
2024-10-24,EpiXR Games,アニメダンスゴーストパーティー,-,"",ETC,EpiXR Games,0,1,その他,その他
2024-10-24,Megame,アーケード・タンクス・トゥー バトル・シミュレーター,-,"",ETC,Megame,0,1,その他,その他
2024-10-24,Cooking & Publishing,インテリアデコレーション・スタイルで空間を変える,-,"",ETC,Cooking & Publishing,0,1,その他,その他
2024-10-24,インティ・クリエイツ,カルドアンシェル,32,YES,TBL,インティ・クリエイツ,7105_0m_5075,1,カードバトルRPG,その他
2024-10-24,Neat Corporation,ガーデン・オブ・ザ・シー,-,"",ETC,Neat Corporation,0,1,その他,その他
2024-10-24,NEO BYTE FORCE,キャプテンバレル,-,"",ETC,NEO BYTE FORCE,0,1,その他,その他
2024-10-24,Phoenixx,ギガントサウルス ディノ・スポーツ,-,YES,ETC,Phoenixx,0,1,その他,その他
2024-10-24,Forever Entertainment,ケアベア トゥ・ザ・レスキュー,-,YES,ETC,Forever Entertainment,0,1,その他,その他
2024-10-24,エンターグラム,ジュエリー・ハーツ・アカデミア,-,YES,ETC,エンターグラム,0,1,その他,その他
2024-10-24,カリプソメディアジャパン,ダンジョンズ4 Nintendo Switch エディション（英語版）,-,YES,ETC,カリプソメディアジャパン,0,1,その他,その他
2024-10-24,コーラス・ワールドワイド,デモクラシー4:コンソールエディション,-,"",ETC,コーラス・ワールドワイド,0,1,その他,その他
2024-10-24,Rokaplay,トブラ - 神聖な道,-,"",ETC,Rokaplay,0,1,その他,その他
2024-10-24,TT,ナゾトキで学ぶ！世界の絵画－美術芸術名画ゲームで楽しく教養学習雑学博識クイズ－,-,"",ETC,TT,0,1,その他,その他
2024-10-24,EpiXR Games,ハウスオブホラー,-,"",ETC,EpiXR Games,0,1,その他,その他
2024-10-24,Cooking & Publishing,パーソナルスタイル・あなたらしいスタイルを見つけて定義する,-,"",ETC,Cooking & Publishing,0,1,その他,その他
2024-10-24,CGI LAB,ブックショップ ワンダーランド: スーパーマーケット シミュレーター - Bookshop Wonderland: Supermarket Simulator,-,"",ETC,CGI LAB,0,1,その他,その他
2024-10-24,レジスタ,ボイスコミック 立華の契,-,"",ETC,レジスタ,0,1,その他,その他
2024-10-24,Featherweight Games,ボットワールドオデッセイ,-,"",ETC,Featherweight Games,0,1,その他,その他
2024-10-24,Megame,メディーバル・チェス・グランドマスター,-,"",ETC,Megame,0,1,その他,その他
2024-10-24,CGI LAB,ロフィ チル セッション: リラックス アイランド - Lofi Chill Sessions: Relax Island,-,"",ETC,CGI LAB,0,1,その他,その他
2024-10-24,スクウェア・エニックス,ロマンシング サガ2 リベンジオブザセブン,36,YES,RPG,スクウェア・エニックス,6970_0m_4941,1,RPG,その他
2024-10-24,CFK,ワンパンチ,-,"",ETC,CFK,0,1,その他,その他
2024-10-24,コーエーテクモゲームス,三國志8 REMAKE,-,YES,ETC,コーエーテクモゲームス,0,1,その他,その他
2024-10-24,アレス,八剱伝,-,YES,ETC,アレス,0,1,その他,その他
2024-10-24,Game Source Entertainment,女鬼橋二 釋魂路,-,YES,ETC,Game Source Entertainment,0,1,その他,その他
2024-10-24,宮澤卓宏,酔っぱライジング,-,"",ETC,宮澤卓宏,0,1,その他,その他
2024-10-24,サクセス,鉄槌パズル はんまーさん,-,"",ETC,サクセス,0,1,その他,その他
2024-10-24,Halva Studio,隠れ猫の不気味な場所: Hidden Cats in Spooky Places,-,"",ETC,Halva Studio,0,1,その他,その他
2024-10-24,CGI LAB,駐車場の伝説: ドライブ & パーク アドベンチャー Car Parking Legends: Drive & Park Adventure,-,"",ETC,CGI LAB,0,1,その他,その他
2024-10-25,Nerd Games,Felinea Tales 日本,-,"",ETC,Nerd Games,0,1,その他,その他
2024-10-25,セガ,ソニック × シャドウ ジェネレーションズ,34,YES,AADV,セガ,6999_0m_4970,1,ハイスピードアクションアドベンチャー,その他
2024-10-25,セガ,龍が如く 極,-,"",ETC,セガ,0,1,その他,その他
2024-10-28,Nalua Studio,Vengeance Hunters,-,"",ETC,Nalua Studio,0,1,その他,その他
2024-10-29,ラタライカゲームス,Backrooms: Partygoers,-,"",ETC,ラタライカゲームス,0,1,その他,その他
2024-10-29,Astragon,Police Simulator: Patrol Officers,-,"",ETC,Astragon,0,1,その他,その他
2024-10-30,Afil Games,Gladiator's Arena,-,"",ETC,Afil Games,0,1,その他,その他
2024-10-31,Rochester Institute of Technology MAGIC Spell Studios,A Walk With Yiayia,-,"",ETC,Rochester Institute of Technology MAGIC Spell Studios,0,1,その他,その他
2024-10-31,Pix Arts,Archery Legend,-,"",ETC,Pix Arts,0,1,その他,その他
2024-10-31,Mindscape,Astral Flux,-,"",ETC,Mindscape,0,1,その他,その他
2024-10-31,Psychose Interactive,Forgotten Memories,-,"",ETC,Psychose Interactive,0,1,その他,その他
2024-10-31,Oh BiBi,FRAG Pro Shooter,-,"",ETC,Oh BiBi,0,1,その他,その他
2024-10-31,Feardemic,Garten of Banban 6,-,"",ETC,Feardemic,0,1,その他,その他
2024-10-31,VRCFORGE STUDIOS,Ghost Assassin - Stealth Strike,-,"",ETC,VRCFORGE STUDIOS,0,1,その他,その他
2024-10-31,Pakotime,Hentai Girls: Winky Witch,-,"",ETC,Pakotime,0,1,その他,その他
2024-10-31,ピコラ,LIMP HEROES+,-,"",ETC,ピコラ,0,1,その他,その他
2024-10-31,Natsume Inc.,Reel Fishing: Days of Summer,-,"",ETC,Natsume Inc.,0,1,その他,その他
2024-10-31,不明,S.T.A.L.K.E.R. Call of Pripyat,-,"",ETC,不明,0,1,その他,その他
2024-10-31,不明,S.T.A.L.K.E.R. Clear Sky,-,"",ETC,不明,0,1,その他,その他
2024-10-31,GSC Game World,S.T.A.L.K.E.R. SHADOW OF CHERNOBYL,-,"",ETC,GSC Game World,0,1,その他,その他
2024-10-31,SURPRISED HOTDOG,Santa's Spot It,-,"",ETC,SURPRISED HOTDOG,0,1,その他,その他
2024-10-31,RedDeerGames,Secret Layers,-,"",ETC,RedDeerGames,0,1,その他,その他
2024-10-31,Sometimes You,Self-Delusion,-,"",ETC,Sometimes You,0,1,その他,その他
2024-10-31,レジスタ,Shadow Corridor 2 雨ノ四葩,-,"",ETC,レジスタ,0,1,その他,その他
2024-10-31,グラスホッパー・マニファクチュア,Shadows of the Damned: Hella Remastered,-,"",ETC,グラスホッパー・マニファクチュア,0,1,その他,その他
2024-10-31,VRCFORGE STUDIOS,Skater Bunny Simulator,-,"",ETC,VRCFORGE STUDIOS,0,1,その他,その他
2024-10-31,eastasiasoft,Skater's Solstice,-,"",ETC,eastasiasoft,0,1,その他,その他
2024-10-31,tinyBuild Games,Slime 3K: Rise Against Despot,-,"",ETC,tinyBuild Games,0,1,その他,その他
2024-10-31,16BIT,Space Planet Invader - Cosmic Power,-,"",ETC,16BIT,0,1,その他,その他
2024-10-31,Pichon Games,The Bunny Graveyard,-,"",ETC,Pichon Games,0,1,その他,その他
2024-10-31,Plow Games,The Legend of Santa,-,"",ETC,Plow Games,0,1,その他,その他
2024-10-31,Gamecraft Studios,Vampire Hunters,-,"",ETC,Gamecraft Studios,0,1,その他,その他
2024-10-31,Pocket Moon Games,WORMHOLE,-,"",ETC,Pocket Moon Games,0,1,その他,その他
2024-10-31,Zakym,Zombies Crusher,-,"",ETC,Zakym,0,1,その他,その他
2024-10-31,Mastiff,インスタントスポーツ:ウィンター,-,"",ETC,Mastiff,0,1,その他,その他
2024-10-31,シティコネクション,ウルフファング・スカルファング サターントリビュート Boosted,-,YES,ETC,シティコネクション,0,1,その他,その他
2024-10-31,ローズヴェルト,カフェ・ゼロ〜眠れる野獣〜REMASTERED,-,"",ETC,ローズヴェルト,0,1,その他,その他
2024-10-31,サンソフトSUPERDELUXE GAMES,クロックタワー・リワインド,-,YES,ETC,サンソフトSUPERDELUXE GAMES,0,1,その他,その他
2024-10-31,ケムコ,ケムコRPGセレクション Vol.8,-,YES,ETC,ケムコ,7217_0m_5174,1,その他,その他
2024-10-31,Microids,トータリー・スパイズ! - サイバーミッション,-,"",ETC,Microids,0,1,その他,その他
2024-10-31,ToastieLabs,ピクセルぬりえ〜コレクション5〜,-,"",ETC,ToastieLabs,0,1,その他,その他
2024-10-31,Mob Entertainment,ポピープレイタイム2,-,"",ETC,Mob Entertainment,0,1,その他,その他
2024-10-31,不明,ポピープレイタイム3,-,"",ETC,不明,0,1,その他,その他
2024-10-31,RedDeerGames,マジックキャットポット,-,"",ETC,RedDeerGames,0,1,その他,その他
2024-10-31,Astrolabe Games,モノスペースド ラバーズ,-,"",ETC,Astrolabe Games,0,1,その他,その他
2024-10-31,Smilegate,ラブインログイン,-,"",ETC,Smilegate,0,1,その他,その他
2024-10-31,不明,ラブデリバリー,-,"",ETC,不明,0,1,その他,その他
2024-10-31,Max Interactive Studio,上海麻雀 シャンハイマージャン,-,"",ETC,Max Interactive Studio,0,1,その他,その他
2024-10-31,MAGES.,五等分の花嫁 ごとぱずストーリー 2nd,-,YES,ETC,MAGES.,0,1,その他,その他
2024-10-31,CGI LAB,宇宙の夢を解き明かす - Unpacking Universe Dreams,-,"",ETC,CGI LAB,0,1,その他,その他
2024-10-31,Cooking & Publishing,家を整理する・インテリアデザインの実践ガイド,-,"",ETC,Cooking & Publishing,0,1,その他,その他
2024-10-31,カイロソフト,発進!!ヒーロー基地DX,-,"",ETC,カイロソフト,0,1,その他,その他
2024-10-31,Cooking & Publishing,禁じられた愛,-,"",ETC,Cooking & Publishing,0,1,その他,その他
2024-10-31,シルバースタージャパン,銀星囲碁 AIならこう打つ,-,YES,ETC,シルバースタージャパン,0,1,その他,その他
2024-10-31,モス,雷電NOVA,-,YES,ETC,モス,0,1,その他,その他
2024-11-01,マーベラス,FARMAGIA,-,YES,ETC,マーベラス,0,1,その他,その他
2024-11-01,Mega Cat Studios,Five Nights at Freddy's: Into the Pit,-,"",ETC,Mega Cat Studios,0,1,その他,その他
2024-11-01,Shinyuden,アクロバットキッズ,-,"",ETC,Shinyuden,0,1,その他,その他
2024-11-01,Nerd Games,ファームを構築する,-,"",ETC,Nerd Games,0,1,その他,その他
2024-11-01,ケムコ,巡界のクレイシア,-,"",ETC,ケムコ,0,1,その他,その他
2024-11-05,PLAION,Let's Sing 2025,-,"",ETC,PLAION,0,1,その他,その他
2024-11-05,SNK,METAL SLUG TACTICS,-,"",ETC,SNK,0,1,その他,その他
2024-11-06,Afil Games,Duck Run,-,"",ETC,Afil Games,0,1,その他,その他
2024-11-07,OmniSysPublishing,Bioframe Outpost,-,"",ETC,OmniSysPublishing,0,1,その他,その他
2024-11-07,Yellow ink,Bunny Zoo - Animal Battle Royale,-,"",ETC,Yellow ink,0,1,その他,その他
2024-11-07,AtomicHorde,Chronicle of Innsmouth: Mountains of Madness,-,"",ETC,AtomicHorde,0,1,その他,その他
2024-11-07,Magic Shot Games,Dire Vengeance Deluxe,-,"",ETC,Magic Shot Games,0,1,その他,その他
2024-11-07,RedDeerGames,Drum Pad,-,"",ETC,RedDeerGames,0,1,その他,その他
2024-11-07,Pakotime,Hentai Girls: Racy Rabbit,-,"",ETC,Pakotime,0,1,その他,その他
2024-11-07,Soedesco,Magical Bakery,-,"",ETC,Soedesco,0,1,その他,その他
2024-11-07,SimulaMaker,Mechanic Supermarket 2024,-,"",ETC,SimulaMaker,0,1,その他,その他
2024-11-07,Halva Studio,Mind Loop,-,"",ETC,Halva Studio,0,1,その他,その他
2024-11-07,hidekihanida,MIYAMOTO,-,"",ETC,hidekihanida,0,1,その他,その他
2024-11-07,Brain Seal Entertainment,Monarchy,-,"",ETC,Brain Seal Entertainment,0,1,その他,その他
2024-11-07,eastasiasoft,O.W.L Projekt,-,"",ETC,eastasiasoft,0,1,その他,その他
2024-11-07,VRCFORGE STUDIOS,Overheat: Kitchen Chaos,-,"",ETC,VRCFORGE STUDIOS,0,1,その他,その他
2024-11-07,SAT-BOX,Party Party Time 3,-,"",ETC,SAT-BOX,0,1,その他,その他
2024-11-07,Pix Arts,Pro Flight Simulator Deluxe,-,"",ETC,Pix Arts,0,1,その他,その他
2024-11-07,COOL DEVS,Rally Racing Drift 2024,-,"",ETC,COOL DEVS,0,1,その他,その他
2024-11-07,Perpetual Europe,Rogue Flight,-,"",ETC,Perpetual Europe,0,1,その他,その他
2024-11-07,Sabec,Spot The Difference Christmas,-,"",ETC,Sabec,0,1,その他,その他
2024-11-07,Burlea Games Studio,Street Survival: Homeless Simulator,-,"",ETC,Burlea Games Studio,0,1,その他,その他
2024-11-07,CHUSO GAMES,SUGAMENIA,-,"",ETC,CHUSO GAMES,0,1,その他,その他
2024-11-07,Zakym,Survive Undead Rush,-,"",ETC,Zakym,0,1,その他,その他
2024-11-07,404 Games,The Nightmare Journey,-,"",ETC,404 Games,0,1,その他,その他
2024-11-07,BeByte,The Throne,-,"",ETC,BeByte,0,1,その他,その他
2024-11-07,カエルパンダ,くるくる回そう!方向幕コレクション for Nintendo Switch -西武鉄道編 part1 西武新宿線- 鉄道方向幕シミュレーター,-,"",ETC,カエルパンダ,0,1,その他,その他
2024-11-07,GaGa Games Studio,アイ・シンク・ユー・キャン,-,"",ETC,GaGa Games Studio,0,1,その他,その他
2024-11-07,Red Fables,アニメ女子クラブ:言語と誕生日の星座,-,"",ETC,Red Fables,0,1,その他,その他
2024-11-07,サイバーステップ,ゲーマー女子と引きこもり Me and gamer girl,-,"",ETC,サイバーステップ,0,1,その他,その他
2024-11-07,EpiXR Games,ザフライングトラベラー ピースオブマインド2,-,"",ETC,EpiXR Games,0,1,その他,その他
2024-11-07,アークシステムワークス,ダウンタウンスペシャル くにおくんの三国志だよ満員御礼!!,-,YES,ETC,アークシステムワークス,0,1,その他,その他
2024-11-07,Untold Tales,ノーム・エクスプロ・カンパニー,-,"",ETC,Untold Tales,0,1,その他,その他
2024-11-07,フリュー,バトルスピリッツ クロスオーバー,-,YES,ETC,フリュー,0,1,その他,その他
2024-11-07,Wobbly Tooth,バトルマイナー 〜巨人達〜,-,"",ETC,Wobbly Tooth,0,1,その他,その他
2024-11-07,NOSTRA GAMES,バブルライダーズ Bubble Riders,-,"",ETC,NOSTRA GAMES,0,1,その他,その他
2024-11-07,TT,ピン留め みんなで心理テスト－4人で遊べる性格診断おもしろ心理学パーティーゲーム－,-,"",ETC,TT,0,1,その他,その他
2024-11-07,Cooking & Publishing,フォトグラフィーガイド・瞬間を捉える技術をマスターする,-,"",ETC,Cooking & Publishing,0,1,その他,その他
2024-11-07,Serenity Forge,プリンセスを倒せ,-,"",ETC,Serenity Forge,0,1,その他,その他
2024-11-07,Entity3,ボールラッシュ2,-,"",ETC,Entity3,0,1,その他,その他
2024-11-07,任天堂,マリオ&ルイージRPG ブラザーシップ!,34,YES,ARPG,任天堂,6956_0m_4927,1,ブラザーアクションRPG,その他
2024-11-07,Red Fables,ラブアニメボーイズクラブ:言語とデートの星座,-,"",ETC,Red Fables,0,1,その他,その他
2024-11-07,Cooking & Publishing,リラクゼーション技術・考え呼吸する,-,"",ETC,Cooking & Publishing,0,1,その他,その他
2024-11-07,賈船,創神のアルスマグナ The Alchemist of Ars Magna,-,YES,ETC,賈船,0,1,その他,その他
2024-11-07,Sanuk,夕暮れの楽園と赤く染まる天使たち,-,"",ETC,Sanuk,0,1,その他,その他
2024-11-07,サクセス,対称ロジックパズル1000,-,"",ETC,サクセス,0,1,その他,その他
2024-11-07,サイバーステップ,恋のナースコール Nurse Call,-,"",ETC,サイバーステップ,0,1,その他,その他
2024-11-07,Error 300 Games,謎解きの達人:チェスボードパンプキン,-,"",ETC,Error 300 Games,0,1,その他,その他
2024-11-07,Error 300 Games,謎解きの達人:光と影,-,"",ETC,Error 300 Games,0,1,その他,その他
2024-11-07,OKJOY,魔塔の少女,-,"",ETC,OKJOY,0,1,その他,その他
2024-11-08,ラタライカゲームス,Jetpack Kiwi,-,"",ETC,ラタライカゲームス,0,1,その他,その他
2024-11-08,WB Games,ハリー・ポッター:クィディッチ・チャンピオンズ,-,YES,ETC,WB Games,0,1,その他,その他
2024-11-14,2P Games,49 Keys,-,"",ETC,2P Games,0,1,その他,その他
2024-11-14,COOL DEVS,4x4 Adventure: Rocky Pathways,-,"",ETC,COOL DEVS,0,1,その他,その他
2024-11-14,IPACS,Aerofly FS フライトシミュレータ,-,"",ETC,IPACS,0,1,その他,その他
2024-11-14,COOL DEVS,Angry Neighbor Simulator,-,"",ETC,COOL DEVS,0,1,その他,その他
2024-11-14,MagicProStudio,Anime Girls Wasteland Shootout,-,"",ETC,MagicProStudio,0,1,その他,その他
2024-11-14,Pakotime,Anime Girls: Graceful Goddess,-,"",ETC,Pakotime,0,1,その他,その他
2024-11-14,DEMENCI Games,Backrooms: Spirits of the Forgotten,-,"",ETC,DEMENCI Games,0,1,その他,その他
2024-11-14,Yellow ink,Bear Simulator - Ragnarok's Rise Survival,-,"",ETC,Yellow ink,0,1,その他,その他
2024-11-14,Feardemic,DARQ,-,"",ETC,Feardemic,0,1,その他,その他
2024-11-14,Zebik Media,DESERTED - 荒果てた,-,"",ETC,Zebik Media,0,1,その他,その他
2024-11-14,Snapbreak Games,Doors: Paradox,-,"",ETC,Snapbreak Games,0,1,その他,その他
2024-11-14,Steel Wool Games,Five Nights at Freddy's: Help Wanted 2,-,"",ETC,Steel Wool Games,0,1,その他,その他
2024-11-14,スパイク・チュンソフト,LEGO ホライゾン アドベンチャー（英語版）,34,YES,AADV,スパイク・チュンソフト,7108_0m_5078,1,アクションアドベンチャー,その他
2024-11-14,COMMANDO PANDA,"Little Strays ""迷子の小さな子猫たち""",-,"",ETC,COMMANDO PANDA,0,1,その他,その他
2024-11-14,Silesia Games,Meowsterpiece Museum,-,"",ETC,Silesia Games,0,1,その他,その他
2024-11-14,Happy Elements,MONPIC -小さなドラゴンと竜化の少女-,-,"",ETC,Happy Elements,0,1,その他,その他
2024-11-14,GlobalGameStudio,MotoX Madness 2025,-,"",ETC,GlobalGameStudio,0,1,その他,その他
2024-11-14,16BIT,Mounted Knights Battle : Medieval Warrior Honor Simulator,-,"",ETC,16BIT,0,1,その他,その他
2024-11-14,Hound Picked Games,NAIRI: ライジングタイド,-,"",ETC,Hound Picked Games,0,1,その他,その他
2024-11-14,Soedesco,Petit Island,-,"",ETC,Soedesco,0,1,その他,その他
2024-11-14,VRCFORGE STUDIOS,Platform 9 - NO WAY OUT,-,"",ETC,VRCFORGE STUDIOS,0,1,その他,その他
2024-11-14,Revulo Games,Racing Champions,-,"",ETC,Revulo Games,0,1,その他,その他
2024-11-14,QUByte Interactive,Rage of the Dragons NEO,-,"",ETC,QUByte Interactive,0,1,その他,その他
2024-11-14,Joindots,Season Match Bundle,-,"",ETC,Joindots,0,1,その他,その他
2024-11-14,Kooapps,Snake.io,-,"",ETC,Kooapps,0,1,その他,その他
2024-11-14,Zakym,Snaky Snakes,-,"",ETC,Zakym,0,1,その他,その他
2024-11-14,Playstack,The Rise of the Golden Idol,-,"",ETC,Playstack,0,1,その他,その他
2024-11-14,3goo,UFOロボ グレンダイザー:たとえ我が命つきるとも,-,YES,ETC,3goo,0,1,その他,その他
2024-11-14,Fulqrum Publishing,VED,-,"",ETC,Fulqrum Publishing,0,1,その他,その他
2024-11-14,COOL DEVS,Visa Control: USA Border Simulator,-,"",ETC,COOL DEVS,0,1,その他,その他
2024-11-14,Megame,アー・ティー・ビー・レーシング エクストリーム・オフロード,-,"",ETC,Megame,0,1,その他,その他
2024-11-14,Dystopia Interactive,ウキクサ,-,"",ETC,Dystopia Interactive,0,1,その他,その他
2024-11-14,eastasiasoft,スラム&ロール,-,"",ETC,eastasiasoft,0,1,その他,その他
2024-11-14,Digital Eclipse,テトリス フォーエバー,-,"",ETC,Digital Eclipse,0,1,その他,その他
2024-11-14,ディースリー・パブリッシャー,デビュープロジェクト クッキングカフェ,-,YES,ETC,ディースリー・パブリッシャー,0,1,その他,その他
2024-11-14,スクウェア・エニックス,ドラゴンクエストIII そして伝説へ…,35,YES,RPG,スクウェア・エニックス,6946_0m_4917,1,RPG,その他
2024-11-14,Megame,ドローン・ワールド・ツアー,-,"",ETC,Megame,0,1,その他,その他
2024-11-14,Cokoon Games,ブードゥーストライカーズ,-,"",ETC,Cokoon Games,0,1,その他,その他
2024-11-14,フリュー,ベイブレードエックス XONE,-,YES,ETC,フリュー,7159_0m_5129,1,その他,その他
2024-11-14,Other Tales Interactive,ミニチュア,-,"",ETC,Other Tales Interactive,0,1,その他,その他
2024-11-14,Max Interactive Studio,三角独,-,"",ETC,Max Interactive Studio,0,1,その他,その他
2024-11-14,Max Interactive Studio,上海麻雀ソリティア プレミアムII,-,"",ETC,Max Interactive Studio,0,1,その他,その他
2024-11-14,SOURCE BYTE,旗を当てよう!,-,"",ETC,SOURCE BYTE,0,1,その他,その他
2024-11-14,Error 300 Games,物探しの達人:ここは宇宙人がいない,-,"",ETC,Error 300 Games,0,1,その他,その他
2024-11-14,RedDeerGames,猫弁当,-,"",ETC,RedDeerGames,0,1,その他,その他
2024-11-14,Error 300 Games,謎解きの達人:UFO着陸,-,"",ETC,Error 300 Games,0,1,その他,その他
2024-11-14,Error 300 Games,謎解きの達人:千変万化のバッジ,-,"",ETC,Error 300 Games,0,1,その他,その他
2024-11-14,CGI LAB,階段の恐怖 SCP-087 THE STAIRWELL HORROR,-,"",ETC,CGI LAB,0,1,その他,その他
2024-11-15,Afil Games,Check and Slash,-,"",ETC,Afil Games,0,1,その他,その他
2024-11-15,NetEase Games,Eggy Party,-,"",ETC,NetEase Games,0,1,その他,その他
2024-11-15,Ravenage Games,Heretic's Fork,-,"",ETC,Ravenage Games,0,1,その他,その他
2024-11-15,Gamuzumi,Who Needs a Hero?,-,"",ETC,Gamuzumi,0,1,その他,その他
2024-11-15,ケムコ,まつろぱれっと,-,"",ETC,ケムコ,0,1,その他,その他
2024-11-15,Shinyuden,何度もアクセス不可,-,"",ETC,Shinyuden,0,1,その他,その他
2024-11-15,AGE Zero,海をきれいにする猫: Cat Clean Ocean,-,"",ETC,AGE Zero,0,1,その他,その他
2024-11-19,ハピネット,Stray,-,YES,ETC,ハピネット,0,1,その他,その他
2024-11-19,エレクトロニック・アーツ,ぼくとシムのまち コージーコレクション,-,YES,ETC,エレクトロニック・アーツ,0,1,その他,その他
2024-11-19,ジー・モード,みんなで空気読み。4,-,"",ETC,ジー・モード,0,1,その他,その他
2024-11-20,Afil Games,Galaxy Kingdoms,-,"",ETC,Afil Games,0,1,その他,その他
2024-11-20,スクウェア・エニックス,ライフ イズ ストレンジ ダブルエクスポージャー,-,"",ETC,スクウェア・エニックス,0,1,その他,その他
2024-11-21,Aoca Game Lab,ARIDA: Backland's Awakening,-,"",ETC,Aoca Game Lab,0,1,その他,その他
2024-11-21,Testagamercreations,Banana-Clicker,-,"",ETC,Testagamercreations,0,1,その他,その他
2024-11-21,404 Games,Drag Racing Professionals: Dirt Mechanic Simulator,-,"",ETC,404 Games,0,1,その他,その他
2024-11-21,Zakym,Draw li,-,"",ETC,Zakym,0,1,その他,その他
2024-11-21,MultiversalME,Flight Attendant Simulator: Onboard Tasks,-,"",ETC,MultiversalME,0,1,その他,その他
2024-11-21,indie.io,G.I. Joe: Wrath of Cobra,-,"",ETC,indie.io,0,1,その他,その他
2024-11-21,Pakotime,Hentai Girls: Otaku Love,-,"",ETC,Pakotime,0,1,その他,その他
2024-11-21,エンターグラム,HIGHSPEED Étoile Paddock Stories,-,YES,ETC,エンターグラム,0,1,その他,その他
2024-11-21,わくわくゲームズ,Ichima-san,-,"",ETC,わくわくゲームズ,0,1,その他,その他
2024-11-21,Mens Sana Interactive,Island Farmer,-,"",ETC,Mens Sana Interactive,0,1,その他,その他
2024-11-21,SimulaMaker,Jet Combat: Cats VS Dogs Military Simulator,-,"",ETC,SimulaMaker,0,1,その他,その他
2024-11-21,Beep,Kamikaze Lassplanes,-,"",ETC,Beep,0,1,その他,その他
2024-11-21,Chucklefish,Loco Motive,-,"",ETC,Chucklefish,0,1,その他,その他
2024-11-21,SOFT SOURCE,Mizuchi 白蛇伝,-,"",ETC,SOFT SOURCE,0,1,その他,その他
2024-11-21,17Studio,Real Hentai 2,-,"",ETC,17Studio,0,1,その他,その他
2024-11-21,Crackin,SAMUZA,-,"",ETC,Crackin,0,1,その他,その他
2024-11-21,SOFT SOURCE,Soul Stalker,-,"",ETC,SOFT SOURCE,0,1,その他,その他
2024-11-21,eastasiasoft,Spellagis,-,"",ETC,eastasiasoft,0,1,その他,その他
2024-11-21,Plug In Digital,Spirit Mancer,-,"",ETC,Plug In Digital,0,1,その他,その他
2024-11-21,Webnetic,Table Letters,-,"",ETC,Webnetic,0,1,その他,その他
2024-11-21,サイバーステップ,どきどきメイド部 Shirogane Maid Club,-,"",ETC,サイバーステップ,0,1,その他,その他
2024-11-21,Untold Tales,やばい、燃料を間違えた!,-,"",ETC,Untold Tales,0,1,その他,その他
2024-11-21,TT,わかる！学べる！小学校教科書テスト －社会科編－ 〜６年間を総復習！基礎が身につく学習勉強対戦クイズ〜,-,"",ETC,TT,0,1,その他,その他
2024-11-21,Red Fables,アニメ少女の足探し:元防衛ゲーム,-,"",ETC,Red Fables,0,1,その他,その他
2024-11-21,Red Fables,アニメ少年の足探し:エクスディフェンスゲーム,-,"",ETC,Red Fables,0,1,その他,その他
2024-11-21,CGI LAB,アビス:バックルームプールの恐怖 - ABYSS: BACKROOMS POOLS HORROR,-,"",ETC,CGI LAB,0,1,その他,その他
2024-11-21,Megame,エクストリーム・シティー・デリバリー,-,"",ETC,Megame,0,1,その他,その他
2024-11-21,SOURCE BYTE,キノコの国,-,"",ETC,SOURCE BYTE,0,1,その他,その他
2024-11-21,RedDeerGames,クック フォー ラブ,-,"",ETC,RedDeerGames,0,1,その他,その他
2024-11-21,トローゼ,スナイパージャーヘッド,-,"",ETC,トローゼ,0,1,その他,その他
2024-11-21,Catobyte,スーパーバニーマン,-,"",ETC,Catobyte,0,1,その他,その他
2024-11-21,2P Games,タイムウォーカー:ダークワールド,-,"",ETC,2P Games,0,1,その他,その他
2024-11-21,イマジニア,ディズニー ミュージックパレード アンコール,-,YES,ETC,イマジニア,0,1,その他,その他
2024-11-21,NOSTRA GAMES,フリッジエスケープ Fridge Escape,-,"",ETC,NOSTRA GAMES,0,1,その他,その他
2024-11-21,Penguin Pop Games,フレイグラントストーリーとパパイヤのパス,-,"",ETC,Penguin Pop Games,0,1,その他,その他
2024-11-21,qureate,プリズンプリンセス ハメられし姫たち,-,"",ETC,qureate,0,1,その他,その他
2024-11-21,Erik Games,レガシーの双子,-,"",ETC,Erik Games,0,1,その他,その他
2024-11-21,Taiga,帰宅,-,"",ETC,Taiga,0,1,その他,その他
2024-11-21,Happy Player,放置サキュバス,-,"",ETC,Happy Player,0,1,その他,その他
2024-11-21,ジー・モード,新宿葬命,-,YES,ETC,ジー・モード,0,1,その他,その他
2024-11-21,SAT-BOX,消しゴムVS定規,-,"",ETC,SAT-BOX,0,1,その他,その他
2024-11-21,インティ・クリエイツ,精霊機フレイリート,-,"",ETC,インティ・クリエイツ,0,1,その他,その他
2024-11-21,レジスタ,絵画の館からの脱出,-,"",ETC,レジスタ,0,1,その他,その他
2024-11-21,イザナギゲームズ,雨魂 - AMEDAMA -,-,YES,ETC,イザナギゲームズ,0,1,その他,その他
2024-11-21,Patyuk Sergey,風を帆走する,-,"",ETC,Patyuk Sergey,0,1,その他,その他
2024-11-22,ラタライカゲームス,Find Love or Die Trying,-,"",ETC,ラタライカゲームス,0,1,その他,その他
2024-11-22,AGE Zero,小さな猫: tiny Cats,-,"",ETC,AGE Zero,0,1,その他,その他
2024-11-22,Purmoe Design Lab,幻想〜ゆめごこち〜,-,"",ETC,Purmoe Design Lab,0,1,その他,その他
2024-11-22,GAME NACIONAL,猫猫,-,"",ETC,GAME NACIONAL,0,1,その他,その他
2024-11-24,エム・ビー・エーインターナショナル,スチームボート・レスキュー,-,"",ETC,エム・ビー・エーインターナショナル,0,1,その他,その他
2024-11-26,Secret Mode,クリッターカフェ,-,"",ETC,Secret Mode,0,1,その他,その他
2024-11-26,Meridiem Games,ネオン ブラッド,-,YES,ETC,Meridiem Games,0,1,その他,その他
2024-11-26,Red Candle Games,九日ナインソール,-,"",ETC,Red Candle Games,0,1,その他,その他
2024-11-28,PLAYISM,8番のりば,-,YES,ETC,PLAYISM,0,1,その他,その他
2024-11-28,17Studio,911: Prey,-,"",ETC,17Studio,0,1,その他,その他
2024-11-28,Zakym,Bamboo Retro Run,-,"",ETC,Zakym,0,1,その他,その他
2024-11-28,Baltoro Minis,Billiard Fever,-,"",ETC,Baltoro Minis,0,1,その他,その他
2024-11-28,Travellin Cats,Cats Hidden in Bali,-,"",ETC,Travellin Cats,0,1,その他,その他
2024-11-28,Nacon,Crown Wars: The Black Prince,-,"",ETC,Nacon,0,1,その他,その他
2024-11-28,TERARIN GAMES,Crystal Breaker,-,"",ETC,TERARIN GAMES,0,1,その他,その他
2024-11-28,QUByte Interactive,Death Elevator,-,"",ETC,QUByte Interactive,0,1,その他,その他
2024-11-28,Pixel Games UK,Epyxゲーム スポーツコレクション,-,"",ETC,Pixel Games UK,0,1,その他,その他
2024-11-28,DEMENCI Games,Food Courier: Bike Adventure,-,"",ETC,DEMENCI Games,0,1,その他,その他
2024-11-28,SPACEFARER GAMES,Georgie-Yolkie,-,"",ETC,SPACEFARER GAMES,0,1,その他,その他
2024-11-28,Artax Games,Glitch Hero,-,"",ETC,Artax Games,0,1,その他,その他
2024-11-28,404 Games,Grand Rush: Highway Car Traffic Racing Simulator,-,"",ETC,404 Games,0,1,その他,その他
2024-11-28,Artem Kritinin,Helix Fruit Jump,-,"",ETC,Artem Kritinin,0,1,その他,その他
2024-11-28,Artem Kritinin,Hero Rescue,-,"",ETC,Artem Kritinin,0,1,その他,その他
2024-11-28,VD-DEV,IRONFALL -Invasion-,-,"",ETC,VD-DEV,0,1,その他,その他
2024-11-28,Valkyrie Initiative,MiceGard,-,"",ETC,Valkyrie Initiative,0,1,その他,その他
2024-11-28,DEMENCI Games,Monster Truck Arena: Battle Royale,-,"",ETC,DEMENCI Games,0,1,その他,その他
2024-11-28,SimulaMaker,Pet Clinic Simulator,-,"",ETC,SimulaMaker,0,1,その他,その他
2024-11-28,eastasiasoft,Pretty Girls Pop Match,-,"",ETC,eastasiasoft,0,1,その他,その他
2024-11-28,17Studio,Real Hentai 3,-,"",ETC,17Studio,0,1,その他,その他
2024-11-28,シティコネクション,RIKI 8Bit GAME Collection,-,YES,ETC,シティコネクション,0,1,その他,その他
2024-11-28,Yellow ink,Shark Simulator: Ocean Predator Survival,-,"",ETC,Yellow ink,0,1,その他,その他
2024-11-28,4WayStudio,Sinvers on Wheels,-,"",ETC,4WayStudio,0,1,その他,その他
2024-11-28,TATSUJIN,SNOW BROS. WONDERLAND,-,YES,ETC,TATSUJIN,0,1,その他,その他
2024-11-28,SimulaMaker,Sports Supermarket,-,"",ETC,SimulaMaker,0,1,その他,その他
2024-11-28,Pakotime,Sugoi Girls: Sassy Heroine,-,"",ETC,Pakotime,0,1,その他,その他
2024-11-28,VRCFORGE STUDIOS,Water Blast Shooter - Wet Gun,-,"",ETC,VRCFORGE STUDIOS,0,1,その他,その他
2024-11-28,CFK,ZXC,-,"",ETC,CFK,0,1,その他,その他
2024-11-28,エンターグラム,あまつそらに咲く,-,"",ETC,エンターグラム,0,1,その他,その他
2024-11-28,Tozai Games,アイレムコレクションVol.2,-,YES,ETC,Tozai Games,0,1,その他,その他
2024-11-28,トローゼ,アンナのゾンビ オデッセイ,-,"",ETC,トローゼ,0,1,その他,その他
2024-11-28,オーイズミ・アミュージオ,アークランナー,-,"",ETC,オーイズミ・アミュージオ,0,1,その他,その他
2024-11-28,テヨンジャパン,クライム・オクロック,-,"",ETC,テヨンジャパン,0,1,その他,その他
2024-11-28,RED FLAG SHIP,クロガネ回姫譚-閃夜一夜-,-,"",ETC,RED FLAG SHIP,0,1,その他,その他
2024-11-28,dramatic create/ヒューネックス,スチームプリズン -Beyond the Steam-,-,YES,ETC,dramatic create/ヒューネックス,0,1,その他,その他
2024-11-28,NOSTRA GAMES,ソリライダー Sled Riders,-,"",ETC,NOSTRA GAMES,0,1,その他,その他
2024-11-28,タイトー,タイトーマイルストーン3,-,YES,ETC,タイトー,0,1,その他,その他
2024-11-28,Aspyr（英語版）U&Iエンターテイメントジャパン,トゥームレイダー I-III リマスター,-,YES,ETC,Aspyr（英語版）U&Iエンターテイメントジャパン,0,1,その他,その他
2024-11-28,ディースリー・パブリッシャー,ドラゴンドリル 小1コレクション,-,YES,ETC,ディースリー・パブリッシャー,0,1,その他,その他
2024-11-28,●,ドラゴンドリル 小2コレクション,-,,ETC,●,0,1,その他,その他
2024-11-28,Christoph Minnameier,ドレッドロックのダンジョン2 - 死王の秘密,-,"",ETC,Christoph Minnameier,0,1,その他,その他
2024-11-28,日本コロムビア,バン!バン!バンディッツ,-,YES,ETC,日本コロムビア,7233_0m_5204,1,その他,その他
2024-11-28,EpiXR Games,ビヨンドメモリーズ テールオブザロストソールズ,-,"",ETC,EpiXR Games,0,1,その他,その他
2024-11-28,HUNTERS,ファンタジーソード,-,"",ETC,HUNTERS,0,1,その他,その他
2024-11-28,NOSTRA GAMES,ヘブンインパクト Heaven Impact,-,"",ETC,NOSTRA GAMES,0,1,その他,その他
2024-11-28,ハピネット,ポーショノミクス シルヴィアの魔法薬店（英語版）,-,YES,ETC,ハピネット,0,1,その他,その他
2024-11-28,わくわくゲームズ,レッドネグオールスターズ スイングバイエディション,-,"",ETC,わくわくゲームズ,0,1,その他,その他
2024-11-28,Cooking & Publishing,個人財務ガイド・お金の管理方法,-,"",ETC,Cooking & Publishing,0,1,その他,その他
2024-11-28,Max Interactive Studio,八角独,-,"",ETC,Max Interactive Studio,0,1,その他,その他
2024-11-28,KIMIDORI SOFT,学校怪異研究所,-,"",ETC,KIMIDORI SOFT,0,1,その他,その他
2024-11-28,MAGES.,彼女、お借りします 〜水平線と水着の彼女〜,-,YES,ETC,MAGES.,0,1,その他,その他
2024-11-28,Cooking & Publishing,応急処置の基本・緊急時に備える方法,-,"",ETC,Cooking & Publishing,0,1,その他,その他
2024-11-28,エンターグラム,戦国†恋姫EX〜COLLECTION〜,-,YES,ETC,エンターグラム,0,1,その他,その他
2024-11-28,Error 300 Games,物探しの達人:ここはクリスマスプレゼントがない,-,"",ETC,Error 300 Games,0,1,その他,その他
2024-11-28,サクセス,箱庭開拓 ハムスターと太陽の里,-,YES,ETC,サクセス,0,1,その他,その他
2024-11-28,コンパイルハート,魔導物語 フィアと不思議な学校,-,YES,ETC,コンパイルハート,0,1,その他,その他
2024-11-29,ラタライカゲームス,Furious Bikers,-,"",ETC,ラタライカゲームス,0,1,その他,その他
2024-11-29,Gamuzumi,Glitch Blaster's Waifu,-,"",ETC,Gamuzumi,0,1,その他,その他
2024-11-29,Pixel Sprout Studios,Sun Haven,-,"",ETC,Pixel Sprout Studios,0,1,その他,その他
2024-11-29,Untold Tales,東京巫女:サバイバル,-,"",ETC,Untold Tales,0,1,その他,その他
2024-12-05,COOL DEVS,Backrooms Horror Escape,-,"",ETC,COOL DEVS,0,1,その他,その他
2024-12-05,Sabec,Baseball,-,"",ETC,Sabec,0,1,その他,その他
2024-12-05,MagicProStudio,BeatBlast: Rhythm Rampage,-,"",ETC,MagicProStudio,0,1,その他,その他
2024-12-05,Halva Studio,Bunker Builder & Construction Simulator: バンカービルダー&建設シミュレーター,-,"",ETC,Halva Studio,0,1,その他,その他
2024-12-05,SimulaMaker,Cats VS Dogs Military Mission,-,"",ETC,SimulaMaker,0,1,その他,その他
2024-12-05,16BIT,Cowboy Duel: Red Wild West Massacre,-,"",ETC,16BIT,0,1,その他,その他
2024-12-05,Maximum Entertainment,Diesel Legacy: The Brazen Age,-,"",ETC,Maximum Entertainment,0,1,その他,その他
2024-12-05,GOGAME CONSOLE PUBLISHER,Dinosaur RPG - Dino Survival Simulator Survivor,-,"",ETC,GOGAME CONSOLE PUBLISHER,0,1,その他,その他
2024-12-05,DEMENCI Games,Dirt Bike Extreme 3D,-,"",ETC,DEMENCI Games,0,1,その他,その他
2024-12-05,スクウェア・エニックス,FANTASIAN Neo Dimension,34,YES,RPG,スクウェア・エニックス,7188_0m_5159,1,RPG,その他
2024-12-05,イマジニア,Fit Boxing 3 -Your パーソナルトレーナー-,-,YES,ETC,イマジニア,7338_0m_5309,1,その他,その他
2024-12-05,10:10 Games,Funko Fusion,-,"",ETC,10:10 Games,0,1,その他,その他
2024-12-05,COOL DEVS,Game Empire Tycoon: Dealer Simulator,-,"",ETC,COOL DEVS,0,1,その他,その他
2024-12-05,サクセス,HEAVEN SEEKER コノ残酷ナ世界ノ救イ方,-,"",ETC,サクセス,0,1,その他,その他
2024-12-05,Pakotime,Hentai Girls: College Romance,-,"",ETC,Pakotime,0,1,その他,その他
2024-12-05,17Studio,Hentai Waifu 3,-,"",ETC,17Studio,0,1,その他,その他
2024-12-05,eastasiasoft,Learn to Play - Gravity Space Walk,-,"",ETC,eastasiasoft,0,1,その他,その他
2024-12-05,Pix Arts,Monkey Kong In New York,-,"",ETC,Pix Arts,0,1,その他,その他
2024-12-05,RedDeerGames,My Cozy Room,-,"",ETC,RedDeerGames,0,1,その他,その他
2024-12-05,Tashlik,Pet Kawaii Shop,-,"",ETC,Tashlik,0,1,その他,その他
2024-12-05,RedDeerGames,Pick My Heart Chapter 1,-,"",ETC,RedDeerGames,0,1,その他,その他
2024-12-05,不明,Pick My Heart Chapter 2,-,"",ETC,不明,0,1,その他,その他
2024-12-05,Super Villain Games,Robo Rescue,-,"",ETC,Super Villain Games,0,1,その他,その他
2024-12-05,Atari,RollerCoaster Tycoon Classic,-,"",ETC,Atari,0,1,その他,その他
2024-12-05,Eclipse Interactive,Santa's Christmas Adventure,-,"",ETC,Eclipse Interactive,0,1,その他,その他
2024-12-05,D-Pad Studio,Savant - Ascent REMIX,-,"",ETC,D-Pad Studio,0,1,その他,その他
2024-12-05,MagicProStudio,Sky Aces: WWII Air Combat,-,"",ETC,MagicProStudio,0,1,その他,その他
2024-12-05,COOL DEVS,TCG Empire: Card Shop Simulator,-,"",ETC,COOL DEVS,0,1,その他,その他
2024-12-05,ディースリー・パブリッシャー,THE 密室からの脱出 ep1: 不思議なクマドナルバーガー編,-,"",ETC,ディースリー・パブリッシャー,0,1,その他,その他
2024-12-05,Kasedo Games,Uncle Chop's Rocket Shop,-,"",ETC,Kasedo Games,0,1,その他,その他
2024-12-05,シティコネクション,UNDER DEFEAT,-,YES,ETC,シティコネクション,0,1,その他,その他
2024-12-05,Tashlik,World War II City Rebirth Tycoon,-,"",ETC,Tashlik,0,1,その他,その他
2024-12-05,日本コロムビア,ひみつのアイプリ あつめて!シークレットメモリーズ,-,YES,ETC,日本コロムビア,7122_0m_5092,1,その他,その他
2024-12-05,日本コロムビア,ほねほねザウルスX 超合体!ビルド&バトル,-,YES,ETC,日本コロムビア,0,1,その他,その他
2024-12-05,No Gravity Games,もう雪はありません,-,"",ETC,No Gravity Games,0,1,その他,その他
2024-12-05,Cooking & Publishing,インドアガーデニング・自分だけの家の庭を作ろう,-,"",ETC,Cooking & Publishing,0,1,その他,その他
2024-12-05,CGI LAB,オールスター スーパーマーケット シミュレーター - All-Star Supermarket Simulator: Vinyl Vibes,-,"",ETC,CGI LAB,0,1,その他,その他
2024-12-05,Adrian Corpuz,クックロ,-,"",ETC,Adrian Corpuz,0,1,その他,その他
2024-12-05,Shinyuden,クラシック レーシング パック,-,"",ETC,Shinyuden,0,1,その他,その他
2024-12-05,Cooking & Publishing,クリスマスの魔法の物語・心を温める10のストーリー,-,"",ETC,Cooking & Publishing,0,1,その他,その他
2024-12-05,EpiXR Games,シュガータンクスアリーナ,-,"",ETC,EpiXR Games,0,1,その他,その他
2024-12-05,CGI LAB,スーパーマーケット シミュレーター Cat MeowMart: Supermarket Simulator,-,"",ETC,CGI LAB,0,1,その他,その他
2024-12-05,Mindscape,ドッグマン:ミッション・ワンポッシブル,-,"",ETC,Mindscape,0,1,その他,その他
2024-12-05,カイロソフト,平安京ものがたり,-,"",ETC,カイロソフト,0,1,その他,その他
2024-12-05,TT,星のカケラ殺人事件2－ナゾトキ推理ミステリー探偵刑事テキストアドベンチャー－,-,"",ETC,TT,0,1,その他,その他
2024-12-05,H2 INTERACTIVE,沼落ち禁止,-,"",ETC,H2 INTERACTIVE,0,1,その他,その他
2024-12-05,Red Fables,犬の獣医 病院クリニックや総合病院,-,"",ETC,Red Fables,0,1,その他,その他
2024-12-05,Red Fables,猫の獣医 動物の病院 近く,-,"",ETC,Red Fables,0,1,その他,その他
2024-12-05,プロトタイプ,終のステラ,-,YES,ETC,プロトタイプ,0,1,その他,その他
2024-12-05,Red Fables,脱出ゲームキラー:月 花 そして不気味な幽霊,-,"",ETC,Red Fables,0,1,その他,その他
2024-12-06,ラタライカゲームス,Westild's Law,-,"",ETC,ラタライカゲームス,0,1,その他,その他
2024-12-12,Pakotime,Anime Girls: Lovely Lolita,-,"",ETC,Pakotime,0,1,その他,その他
2024-12-12,404 Games,Aquatic Life: Fish Simulator RPG,-,"",ETC,404 Games,0,1,その他,その他
2024-12-12,SOFT SOURCE,Azura's Crystals,-,"",ETC,SOFT SOURCE,0,1,その他,その他
2024-12-12,PLAYISM,Besiege - ビシージ -（英語版）,-,YES,ETC,PLAYISM,0,1,その他,その他
2024-12-12,DEMENCI Games,Bodycam Rescue Shooter,-,"",ETC,DEMENCI Games,0,1,その他,その他
2024-12-12,GOGAME CONSOLE PUBLISHER,Border Police: Contraband Simulator 2024,-,"",ETC,GOGAME CONSOLE PUBLISHER,0,1,その他,その他
2024-12-12,リイカ,bounce,-,"",ETC,リイカ,0,1,その他,その他
2024-12-12,COOL DEVS,Chained Towards Heaven,-,"",ETC,COOL DEVS,0,1,その他,その他
2024-12-12,コーエーテクモゲームス,FAIRY TAIL2,33,YES,RPG,コーエーテクモゲームス,6987_0m_4958,1,RPG,その他
2024-12-12,Silesia Games,Hidden Cats in Santa's Realm,-,"",ETC,Silesia Games,0,1,その他,その他
2024-12-12,Genie Gaming,Kart Life,-,"",ETC,Genie Gaming,0,1,その他,その他
2024-12-12,オーイズミ・アミュージオ,Knight vs Giant: アーサー王と壊れた聖剣,-,YES,ETC,オーイズミ・アミュージオ,0,1,その他,その他
2024-12-12,RedDeerGames,Maki: Paw of Fury,-,"",ETC,RedDeerGames,0,1,その他,その他
2024-12-12,Mens Sana Interactive,Meow Moments: Celebrating Renewal & Romance,-,"",ETC,Mens Sana Interactive,0,1,その他,その他
2024-12-12,HiWarp,NAIAD,-,"",ETC,HiWarp,0,1,その他,その他
2024-12-12,OKYO GAMES,Neon Beats,-,"",ETC,OKYO GAMES,0,1,その他,その他
2024-12-12,Daiyu.studio,Paw Paw Destiny,-,"",ETC,Daiyu.studio,0,1,その他,その他
2024-12-12,17Studio,Real Hentai 4,-,"",ETC,17Studio,0,1,その他,その他
2024-12-12,Vidas Games,SMILE SIMULATION,-,"",ETC,Vidas Games,0,1,その他,その他
2024-12-12,CFK,The ZVENGERS -INFINITY DEFENSE-,-,"",ETC,CFK,0,1,その他,その他
2024-12-12,ディースリー・パブリッシャー,THE 密室からの脱出 ep2: 学校の旧校舎編,-,"",ETC,ディースリー・パブリッシャー,0,1,その他,その他
2024-12-12,不明,TIMORE NARHELMA,-,"",ETC,不明,0,1,その他,その他
2024-12-12,Lillymo Games,Tri Breaker: A Sacred Symbols Odyssey,-,"",ETC,Lillymo Games,0,1,その他,その他
2024-12-12,Playtonic Friends,Victory Heat Rally,-,"",ETC,Playtonic Friends,0,1,その他,その他
2024-12-12,サクセス,きらめきビームストライク1000,-,"",ETC,サクセス,0,1,その他,その他
2024-12-12,SAT-BOX,すごろくカジノパーティ,-,"",ETC,SAT-BOX,0,1,その他,その他
2024-12-12,サイバーステップ,なぃとみ〜ちゅ! -おばけのめあと癒しのヒトイキ-,-,"",ETC,サイバーステップ,0,1,その他,その他
2024-12-12,インビリティー,ぴよパズ - piyokoro×puzzle -,-,"",ETC,インビリティー,0,1,その他,その他
2024-12-12,Intelectiva Soluciones Innovadoras,ふしぎのくにのアリス 魔法の迷宮,-,"",ETC,Intelectiva Soluciones Innovadoras,0,1,その他,その他
2024-12-12,ソニックパワード,ぼくは航空管制官 エアポートヒーロー セントレア 開港20周年記念 EDITION,-,YES,ETC,ソニックパワード,0,1,その他,その他
2024-12-12,SNK,アケアカNEOGEO セレクション Vol.1,-,YES,ETC,SNK,0,1,その他,その他
2024-12-12,●,アケアカNEOGEO セレクション Vol.2,-,,ETC,●,0,1,その他,その他
2024-12-12,ピクセル,アンシェリアントリガー,-,YES,ETC,ピクセル,0,1,その他,その他
2024-12-12,BD Games,アーティファクトシーカー,-,"",ETC,BD Games,0,1,その他,その他
2024-12-12,Cooking & Publishing,イベントの計画・ステップバイステップガイド,-,"",ETC,Cooking & Publishing,0,1,その他,その他
2024-12-12,SC Ovilex Soft,エアプレーン フライト シミュレーター:危険な着陸,-,"",ETC,SC Ovilex Soft,0,1,その他,その他
2024-12-12,CGI LAB,カウボーイズ vs ゾンビ - Cowboys vs Zombies,-,"",ETC,CGI LAB,0,1,その他,その他
2024-12-12,トローゼ,ガンファイア AI リベリオン,-,"",ETC,トローゼ,0,1,その他,その他
2024-12-12,カヤック,ケツバトラー,-,"",ETC,カヤック,0,1,その他,その他
2024-12-12,Odencat,スノーマン・ストーリー,-,"",ETC,Odencat,0,1,その他,その他
2024-12-12,Megame,スポット・ザ・ディフランス クラシック・ファインディング・パズル,-,"",ETC,Megame,0,1,その他,その他
2024-12-12,neon,ドットピースパズル,-,"",ETC,neon,0,1,その他,その他
2024-12-12,ライドオンジャパン,マーセナリーズサーガ リバース&ラメント,-,YES,ETC,ライドオンジャパン,0,1,その他,その他
2024-12-12,イマジニア,ミステリーの歩き方,-,YES,ETC,イマジニア,7103_0m_5073,1,その他,その他
2024-12-12,ケムコ,レイジングループ&デスマッチラブコメ! ケムコアドベンチャーパック,-,YES,ETC,ケムコ,0,1,その他,その他
2024-12-12,moesoft,消えゆく星のメロディ,-,"",ETC,moesoft,0,1,その他,その他
2024-12-12,Cooking & Publishing,瞑想とマインドフルネス・今この瞬間に生きる方法,-,"",ETC,Cooking & Publishing,0,1,その他,その他
2024-12-12,エディア,超兄貴COLLECTION,-,YES,ETC,エディア,0,1,その他,その他
2024-12-13,ラタライカゲームス,Ninja 1987,-,"",ETC,ラタライカゲームス,0,1,その他,その他
2024-12-19,KOSEI YASUDA,4番線,-,"",ETC,KOSEI YASUDA,0,1,その他,その他
2024-12-19,賈船,7Days Heroes,-,"",ETC,賈船,0,1,その他,その他
2024-12-19,16BIT,Cop Officers: Police Simulator of NYPD City,-,"",ETC,16BIT,0,1,その他,その他
2024-12-19,Baltoro Minis,Darts Fever,-,"",ETC,Baltoro Minis,0,1,その他,その他
2024-12-19,Yellow ink,Fighter Aces: Sky Dominance,-,"",ETC,Yellow ink,0,1,その他,その他
2024-12-19,16BIT,Float Survival Simulator - Ocean Survivor,-,"",ETC,16BIT,0,1,その他,その他
2024-12-19,Feardemic,Garten of Banban 7,-,"",ETC,Feardemic,0,1,その他,その他
2024-12-19,Pixel Lantern,Ghoulie's Garden,-,"",ETC,Pixel Lantern,0,1,その他,その他
2024-12-19,Halva Studio,Internet Cafe Simulator 2025,-,"",ETC,Halva Studio,0,1,その他,その他
2024-12-19,Gametry,Jigsaw Puzzle Utopia,-,"",ETC,Gametry,0,1,その他,その他
2024-12-19,Fellow Traveller,Pine: 喪失の物語,-,"",ETC,Fellow Traveller,0,1,その他,その他
2024-12-19,Gametry,Ramp Bike Racing,-,"",ETC,Gametry,0,1,その他,その他
2024-12-19,CGI LAB,Sky Diving: Parachute Flight Simulator - スカイ ダイビング: パラシュート フライト シミュレーター,-,"",ETC,CGI LAB,0,1,その他,その他
2024-12-19,Pakotime,Sugoi Girls: Enchanting Elf,-,"",ETC,Pakotime,0,1,その他,その他
2024-12-19,Flynn's Arcade,Super Spy Raccoon スーパー・スパイ・ラクーン,-,"",ETC,Flynn's Arcade,0,1,その他,その他
2024-12-19,COOL DEVS,Taxi Driver Simulation 2025,-,"",ETC,COOL DEVS,0,1,その他,その他
2024-12-19,ディースリー・パブリッシャー,THE 密室からの脱出 ep3: 南国のリゾート編,-,"",ETC,ディースリー・パブリッシャー,0,1,その他,その他
2024-12-19,サイバーステップ,おしかけケモミミついんず FURRY TWINS,-,"",ETC,サイバーステップ,0,1,その他,その他
2024-12-19,エンターグラム,この青空に約束を— Refine,-,YES,ETC,エンターグラム,0,1,その他,その他
2024-12-19,小学館,ぷにるはかわいいスライムのゲームを“あのゲー”ムで作ってみたけれど、果たしてあなたはクリアできるのか?,-,"",ETC,小学館,0,1,その他,その他
2024-12-19,EpiXR Games,アニメダンス アラウンドザワールド,-,"",ETC,EpiXR Games,0,1,その他,その他
2024-12-19,Red Fables,アニメ女子のデート クリスマスイブとツリー,-,"",ETC,Red Fables,0,1,その他,その他
2024-12-19,Red Fables,アニメ男子のデート クリスマスイブとツリー,-,"",ETC,Red Fables,0,1,その他,その他
2024-12-19,メビウス,アパシー 男子校であった怖い話,-,YES,ETC,メビウス,0,1,その他,その他
2024-12-19,Mindscape,ウィンターゲームコレクション,-,"",ETC,Mindscape,0,1,その他,その他
2024-12-19,Monster Couch,キャリコ 〜陽だまりネコとパッチワーク〜,-,"",ETC,Monster Couch,0,1,その他,その他
2024-12-19,サンソフト,ギミック! 2,-,YES,ETC,サンソフト,0,1,その他,その他
2024-12-19,RuWaMo Games,クリスマスパズルストーリー,-,"",ETC,RuWaMo Games,0,1,その他,その他
2024-12-19,Red Fables,ケモナーたちを愛する: 女の子向け占星術デーティングアプリ,-,"",ETC,Red Fables,0,1,その他,その他
2024-12-19,Red Fables,ケモナーたちを愛する占星術デーティングアプリ,-,"",ETC,Red Fables,0,1,その他,その他
2024-12-19,Zakym,サンタと一緒にクリスマスを救え,-,"",ETC,Zakym,0,1,その他,その他
2024-12-19,シティコネクション,ジャレコレ ファミコン編:西遊記ワールド,-,"",ETC,シティコネクション,0,1,その他,その他
2024-12-19,吉本興業,スーパー野田ゲーMAKER,-,"",ETC,吉本興業,0,1,その他,その他
2024-12-19,宮澤卓宏,パターキング,-,"",ETC,宮澤卓宏,0,1,その他,その他
2024-12-19,Cooking & Publishing,パーソナルデベロップメント・成長への旅,-,"",ETC,Cooking & Publishing,0,1,その他,その他
2024-12-19,アイディアファクトリー,ヒプノシスマイク -Alternative Rap Battle- 1st period,-,YES,ETC,アイディアファクトリー,0,1,その他,その他
2024-12-19,Max Interactive Studio,ブロックブラスターDX!,-,"",ETC,Max Interactive Studio,0,1,その他,その他
2024-12-19,Game Source Entertainment,ボイスラブ オンエア -Voice Love On Air-,-,"",ETC,Game Source Entertainment,0,1,その他,その他
2024-12-19,シルバースタージャパン,リアルタイムバトルオセロ,-,YES,ETC,シルバースタージャパン,0,1,その他,その他
2024-12-19,Live Wire,怒首領蜂最大往生,-,"",ETC,Live Wire,0,1,その他,その他
2024-12-19,モアイソフト,戒名メーカー,-,"",ETC,モアイソフト,0,1,その他,その他
2024-12-19,AGE Zero,猫たちの海底世界訪問: Cats Visiting Underwater World,-,"",ETC,AGE Zero,0,1,その他,その他
2024-12-19,AGE Zero,猫たちクリスマスタウン訪問: Cats Visiting Christmas Town,-,"",ETC,AGE Zero,0,1,その他,その他
2024-12-19,エンターグラム,罪ノ光ランデヴー,-,YES,ETC,エンターグラム,0,1,その他,その他
2024-12-19,ソニックパワード,鉄道にっぽん!メモリアル JR東海 キハ85 特急南紀編,-,YES,ETC,ソニックパワード,0,1,その他,その他
2024-12-19,レジスタ,雨の降る家からの脱出,-,"",ETC,レジスタ,0,1,その他,その他
2024-12-20,GAME NACIONAL,小さな小さな農場,-,"",ETC,GAME NACIONAL,0,1,その他,その他
2024-12-26,DEZVOLT GAMES,Basketball Legends 24,-,"",ETC,DEZVOLT GAMES,0,1,その他,その他
2024-12-26,Testagamercreations,BODY CAM SHOOTER,-,"",ETC,Testagamercreations,0,1,その他,その他
2024-12-26,Great Escape Games Publishing,Buried Alive: Breathless Rescue,-,"",ETC,Great Escape Games Publishing,0,1,その他,その他
2024-12-26,Baltoro Games,Candy Puzzles,-,"",ETC,Baltoro Games,0,1,その他,その他
2024-12-26,CGI LAB,Christmas Tree: Holiday Decorate Simulator - クリスマスツリー: ホリデーデコレーションシミュレーター,-,"",ETC,CGI LAB,0,1,その他,その他
2024-12-26,16BIT,Critical Strike Shooter: SWAT Rescue Missions,-,"",ETC,16BIT,0,1,その他,その他
2024-12-26,COMMANDO PANDA,Cute Puppy Academy かわいい子犬アカデミー,-,"",ETC,COMMANDO PANDA,0,1,その他,その他
2024-12-26,Tashlik,Cyberpunk Speed Assassin,-,"",ETC,Tashlik,0,1,その他,その他
2024-12-26,Gametry,Detail Hunter,-,"",ETC,Gametry,0,1,その他,その他
2024-12-26,GlobalGameStudio,Football Stars: Head Ball Soccer Co-op Battle,-,"",ETC,GlobalGameStudio,0,1,その他,その他
2024-12-26,Pakotime,Hentai Girls: Sweet Skier,-,"",ETC,Pakotime,0,1,その他,その他
2024-12-26,Sprakelsoft,Jewel Fever 3,-,"",ETC,Sprakelsoft,0,1,その他,その他
2024-12-26,eastasiasoft,Learn to Play - Santa's Sleigh Ride,-,"",ETC,eastasiasoft,0,1,その他,その他
2024-12-26,QubicGames,Leo's Fortune レオズ・フォーチュン,-,"",ETC,QubicGames,0,1,その他,その他
2024-12-26,幸志,Life or Reach,-,"",ETC,幸志,0,1,その他,その他
2024-12-26,Paybox,Penguin Helper,-,"",ETC,Paybox,0,1,その他,その他
2024-12-26,DEMENCI Games,Prison Escape Simulator: Breakout Master,-,"",ETC,DEMENCI Games,0,1,その他,その他
2024-12-26,Baltoro Games,Restaurant Tycoon: My Cooking Empire,-,"",ETC,Baltoro Games,0,1,その他,その他
2024-12-26,Gametry,Retro Santa Run,-,"",ETC,Gametry,0,1,その他,その他
2024-12-26,UniqueGames,Shop Simulator: Pet Shop,-,"",ETC,UniqueGames,0,1,その他,その他
2024-12-26,UniqueGames,Shop Simulator: Supermarket,-,"",ETC,UniqueGames,0,1,その他,その他
2024-12-26,Baltoro Minis,Snooker Fever,-,"",ETC,Baltoro Minis,0,1,その他,その他
2024-12-26,Paybox,SOS OPS!,-,"",ETC,Paybox,0,1,その他,その他
2024-12-26,QubicGames,Star Trek: Legends,-,"",ETC,QubicGames,0,1,その他,その他
2024-12-26,ディースリー・パブリッシャー,THE 密室からの脱出 ep4: テレビ局密着24時編,-,"",ETC,ディースリー・パブリッシャー,0,1,その他,その他
2024-12-26,Asylum Square Interactive,Tombs Of Myra,-,"",ETC,Asylum Square Interactive,0,1,その他,その他
2024-12-26,GOGAME CONSOLE PUBLISHER,Trench Shooter: Warfare Tactics,-,"",ETC,GOGAME CONSOLE PUBLISHER,0,1,その他,その他
2024-12-26,SOFT SOURCE,Universe For Sale,-,YES,ETC,SOFT SOURCE,0,1,その他,その他
2024-12-26,カエルパンダ,くるくる回そう!方向幕コレクション for Nintendo Switch -近畿日本鉄道編 part2 近鉄大阪線・名古屋線- 鉄道方向幕シミュレーター,-,"",ETC,カエルパンダ,0,1,その他,その他
2024-12-26,サイバーステップ,なつ♡カノ SUMMER GIRLFRIEND,-,"",ETC,サイバーステップ,0,1,その他,その他
2024-12-26,CGI LAB,サンタの冒険: クリスマス ギフト ラッシュ - Santa's Adventure: Christmas Gifts Rush,-,"",ETC,CGI LAB,0,1,その他,その他
2024-12-26,シティコネクション,ジャレコレ ファミコン編:ピザポップ,-,"",ETC,シティコネクション,0,1,その他,その他
2024-12-26,オニオンゲームス,ストレイチルドレン,-,"",ETC,オニオンゲームス,0,1,その他,その他
2024-12-26,Kanuni Games,ドラゴンズ vs. バルーン TD,-,"",ETC,Kanuni Games,0,1,その他,その他
2024-12-26,Nikita Alexeevich,ドリフト伝説2,-,"",ETC,Nikita Alexeevich,0,1,その他,その他
2024-12-26,ジー・モード,ナンプレClassic2,-,"",ETC,ジー・モード,0,1,その他,その他
2024-12-26,Upscale Studio,ピクセルハウス 数字で色を塗る,-,"",ETC,Upscale Studio,0,1,その他,その他
2024-12-26,Cooking & Publishing,フラワーアレンジメント・美しいディスプレイの作り方,-,"",ETC,Cooking & Publishing,0,1,その他,その他
2024-12-26,QubicGames,ホール io,-,"",ETC,QubicGames,0,1,その他,その他
2024-12-26,Erik Games,ポテトアリーナ,-,"",ETC,Erik Games,0,1,その他,その他
2024-12-26,SAT-BOX,作って!おでん,-,"",ETC,SAT-BOX,0,1,その他,その他
2024-12-26,STP WORKS,古銭プッシャーフレンズ参,-,"",ETC,STP WORKS,0,1,その他,その他
2024-12-26,moesoft,時の彼方で君を想う,-,"",ETC,moesoft,0,1,その他,その他
2024-12-26,Cooking & Publishing,画の世界・パズルゲームチャレンジ,-,"",ETC,Cooking & Publishing,0,1,その他,その他
2024-12-26,Happy Player,終末掃討士,-,"",ETC,Happy Player,0,1,その他,その他
2024-12-26,14次元,韓国ドローン飛行ツアー春川市,-,"",ETC,14次元,0,1,その他,その他
2024-12-26,Cooking & Publishing,髪のケア・健康な髪を維持しスタイリングする方法,-,"",ETC,Cooking & Publishing,0,1,その他,その他
2024-12-26,エンターグラム,黄昏に潜む梟と、明け方の昴,-,YES,ETC,エンターグラム,0,1,その他,その他
2024-12-27,ジー・モード,ぷにゃん,-,"",ETC,ジー・モード,0,1,その他,その他
2024-12-27,Nerd Games,ピザメーカー,-,"",ETC,Nerd Games,0,1,その他,その他
2024-12-30,Digital Tribe Games,Broken Reality,-,"",ETC,Digital Tribe Games,0,1,その他,その他
2025-01-01,Pakotime,Anime Girls: Natty New Year,-,,ETC,Pakotime,0,1,その他,その他
2025-01-01,不明,Hentai Girls: Super Sailor,-,,ETC,不明,0,1,その他,その他
2025-01-09,Yellow ink,Battle Royal - Battlegrounds Call,-,,ETC,Yellow ink,0,1,その他,その他
2025-01-09,Untold Tales,Boti: Byteland Overclocked,-,,ETC,Untold Tales,0,1,その他,その他
2025-01-09,SAT-BOX,BURGERレース,-,,ETC,SAT-BOX,0,1,その他,その他
2025-01-09,DEZVOLT GAMES,Chained Climb Together,-,,ETC,DEZVOLT GAMES,0,1,その他,その他
2025-01-09,バンダイナムコエンターテインメント,FREEDOM WARS Remastered,-,YES,ETC,バンダイナムコエンターテインメント,0,1,その他,その他
2025-01-09,Pakotime,Hentai Girls: Adorable Angel,-,,ETC,Pakotime,0,1,その他,その他
2025-01-09,Afil Games,Kiting Cat,-,,ETC,Afil Games,0,1,その他,その他
2025-01-09,Jeremy Entressangle,Kosmo Skirmish,-,,ETC,Jeremy Entressangle,0,1,その他,その他
2025-01-09,Microids（英語版）,Little Big Adventure - Twinsen's Quest（英語版）,-,,ETC,Microids（英語版）,0,1,その他,その他
2025-01-09,Great Escape Games Publishing,Parking Tycoon: Business Simulator,-,,ETC,Great Escape Games Publishing,0,1,その他,その他
2025-01-09,Penguin Pop Games,Pocket Puzzle,-,,ETC,Penguin Pop Games,0,1,その他,その他
2025-01-09,winterworks,Puzzle Adventures - Forest Animals,-,,ETC,winterworks,0,1,その他,その他
2025-01-09,eastasiasoft,Rivenaar's Grove,-,,ETC,eastasiasoft,0,1,その他,その他
2025-01-09,Pix Arts,The Golden Eagle,-,,ETC,Pix Arts,0,1,その他,その他
2025-01-09,eastasiasoft,The Legend of Cyber Cowboy,-,,ETC,eastasiasoft,0,1,その他,その他
2025-01-09,16BIT,Warfront Tactics: Battlefield Chronicles Battle Simulator,-,,ETC,16BIT,0,1,その他,その他
2025-01-09,GlobalGameStudio,Wukong Sun: Black Legend,-,,ETC,GlobalGameStudio,0,1,その他,その他
2025-01-09,NOSTRA GAMES,くらうどらん Crowd Run,-,,ETC,NOSTRA GAMES,0,1,その他,その他
2025-01-09,あまた,じゃあ、また,-,,ETC,あまた,0,1,その他,その他
2025-01-09,EpiXR Games,ウィンドボーン ジャーニートゥーザサウス,-,,ETC,EpiXR Games,0,1,その他,その他
2025-01-09,ポケットペア,オーバーダンジョン,-,,ETC,ポケットペア,0,1,その他,その他
2025-01-09,Cooking & Publishing,クリエイティブライティング・自分の中の作家を解き放つ,-,,ETC,Cooking & Publishing,0,1,その他,その他
2025-01-09,スターサイン,ゴルフUp,-,,ETC,スターサイン,0,1,その他,その他
2025-01-09,EpiXR Games,ビヨンドメモリーズ ダークネスオブザソール,-,,ETC,EpiXR Games,0,1,その他,その他
2025-01-09,Cooking & Publishing,プリンセスのジグソーパズル・たのしいパズルゲームであそぼう,-,,ETC,Cooking & Publishing,0,1,その他,その他
2025-01-09,ビサイド,狐のかえり道,-,,ETC,ビサイド,0,1,その他,その他
2025-01-09,Happy Player,重力脱出,-,,ETC,Happy Player,0,1,その他,その他
2025-01-10,ラタライカゲームス,Super Onion Boy+,-,,ETC,ラタライカゲームス,0,1,その他,その他
2025-01-16,RandomSpin Games,BACKROOMS INSIDE THE ESCAPE,-,,ETC,RandomSpin Games,0,1,その他,その他
2025-01-16,RetroStyle Games,Codename: Ocean Keeper,-,,ETC,RetroStyle Games,0,1,その他,その他
2025-01-16,SOFT SOURCE,DreadOut Remastered Collection,-,,ETC,SOFT SOURCE,0,1,その他,その他
2025-01-16,Afil Games,Godsvivors,-,,ETC,Afil Games,0,1,その他,その他
2025-01-16,base0,HYNPYTOL,-,,ETC,base0,0,1,その他,その他
2025-01-16,404 Games,"Isolation Instinct: Farming, Craft, Survival",-,,ETC,404 Games,0,1,その他,その他
2025-01-16,Beep,Long Gone Days（英語版）,-,,ETC,Beep,0,1,その他,その他
2025-01-16,Yellow ink,Need For Race - Street King,-,,ETC,Yellow ink,0,1,その他,その他
2025-01-16,Roflcopter Ink,Professor Doctor Jetpack,-,,ETC,Roflcopter Ink,0,1,その他,その他
2025-01-16,winterworks,Puzzle Adventures - Sea Animals,-,,ETC,winterworks,0,1,その他,その他
2025-01-16,eastasiasoft,Runny Bunny,-,,ETC,eastasiasoft,0,1,その他,その他
2025-01-16,Afil Games,Sokorobot,-,,ETC,Afil Games,0,1,その他,その他
2025-01-16,Pakotime,Sugoi Girls: Tribal Crush,-,,ETC,Pakotime,0,1,その他,その他
2025-01-16,MultiversalME,Ultimate Rock Climbing Challenge,-,,ETC,MultiversalME,0,1,その他,その他
2025-01-16,Barrel Roll Games,Witch It,-,,ETC,Barrel Roll Games,0,1,その他,その他
2025-01-16,SAT-BOX,ねらって!わなげ,-,,ETC,SAT-BOX,0,1,その他,その他
2025-01-16,Upscale Studio,コンキスタドリオ,-,,ETC,Upscale Studio,0,1,その他,その他
2025-01-16,バンダイナムコエンターテインメント,テイルズ オブ グレイセス エフ リマスター,-,YES,ETC,バンダイナムコエンターテインメント,0,1,その他,その他
2025-01-16,トローゼ,ディストリクト エボリューション,-,,ETC,トローゼ,0,1,その他,その他
2025-01-16,NOSTRA GAMES,デコレーションラッシュ Decoration Rush,-,,ETC,NOSTRA GAMES,0,1,その他,その他
2025-01-16,任天堂,ドンキーコング リターンズ HD,-,YES,ETC,任天堂,6961_0m_4932,1,その他,その他
2025-01-16,Smart Space Solutions,フォークヒーロー,-,,ETC,Smart Space Solutions,0,1,その他,その他
2025-01-16,PLAYISM,ブレードキメラ,-,,ETC,PLAYISM,0,1,その他,その他
2025-01-16,Cooking & Publishing,ヨガを始める方法・初心者のためのガイド,-,,ETC,Cooking & Publishing,0,1,その他,その他
2025-01-16,AGE Zero,ヴァルハラ山: Valhalla Mountain,-,,ETC,AGE Zero,0,1,その他,その他
2025-01-16,HERO GAME,勇気の推理 海苔9 推理大会 こだわりの海苔,-,,ETC,HERO GAME,0,1,その他,その他
2025-01-16,スパイク・チュンソフト,喧嘩番長 乙女 ダブルパック,-,YES,ETC,スパイク・チュンソフト,0,1,その他,その他
2025-01-16,メビウス,宵祓い探偵 ミアズマブレイカー,-,YES,ETC,メビウス,0,1,その他,その他
2025-01-16,カイロソフト,洞窟ぼうけん団,-,,ETC,カイロソフト,0,1,その他,その他
2025-01-17,Shinyuden,FZ戦記AXIS,-,,ETC,Shinyuden,0,1,その他,その他
2025-01-22,Johnny Ostad,シャルヌル:銀の風の物語,-,,ETC,Johnny Ostad,0,1,その他,その他
2025-01-23,Afil Games,Aquarun,-,,ETC,Afil Games,0,1,その他,その他
2025-01-23,VRKIWI Games,Car Heist Simulator - Thief Mechanic,-,,ETC,VRKIWI Games,0,1,その他,その他
2025-01-23,Revulo Games,Casual Sport Series: Tennis,-,,ETC,Revulo Games,0,1,その他,その他
2025-01-23,M9 Games,DEDALO - 脱出ゲームアドベンチャー,-,,ETC,M9 Games,0,1,その他,その他
2025-01-23,17Studio,Dreamless,-,,ETC,17Studio,0,1,その他,その他
2025-01-23,eastasiasoft,Gravitators,-,,ETC,eastasiasoft,0,1,その他,その他
2025-01-23,Eclipse Interactive,Great Again: 3D Shooter,-,,ETC,Eclipse Interactive,0,1,その他,その他
2025-01-23,アークシステムワークス,GUILTY GEAR -STRIVE- Nintendo Switch Edition,-,YES,ETC,アークシステムワークス,0,1,その他,その他
2025-01-23,Pakotime,Hentai Girls: Pissy Pirate,-,,ETC,Pakotime,0,1,その他,その他
2025-01-23,16BIT,Hunter Simulator: Wild Hunting,-,,ETC,16BIT,0,1,その他,その他
2025-01-23,Afil Games,Infernitos,-,,ETC,Afil Games,0,1,その他,その他
2025-01-23,Mad Mimic,Mark of the Deep,-,,ETC,Mad Mimic,0,1,その他,その他
2025-01-23,Zakym,Master Of Bow,-,,ETC,Zakym,0,1,その他,その他
2025-01-23,RedDeerGames,Mini Market Design,-,,ETC,RedDeerGames,0,1,その他,その他
2025-01-23,eastasiasoft,Popotinho's Adventures,-,,ETC,eastasiasoft,0,1,その他,その他
2025-01-23,Zakym,Portal Balls,-,,ETC,Zakym,0,1,その他,その他
2025-01-23,winterworks,Puzzle Adventures - Serve Dishes,-,,ETC,winterworks,0,1,その他,その他
2025-01-23,mc2games,Pyramids and Aliens: Escape Room,-,,ETC,mc2games,0,1,その他,その他
2025-01-23,Zakym,Sliding Cubes 2048 Mania,-,,ETC,Zakym,0,1,その他,その他
2025-01-23,Beep,Symphonia,-,,ETC,Beep,0,1,その他,その他
2025-01-23,NOSTRA GAMES,The Exit Project: Backstreets,-,,ETC,NOSTRA GAMES,0,1,その他,その他
2025-01-23,IMGN.PRO,The Tale of Bistun,-,,ETC,IMGN.PRO,0,1,その他,その他
2025-01-23,CFK,Zombie Blitz,-,,ETC,CFK,0,1,その他,その他
2025-01-23,DMM GAMES,きみのまち サンドロック Online,-,,ETC,DMM GAMES,0,1,その他,その他
2025-01-23,Megame,エスケープ・フロム・ナイトメア,-,,ETC,Megame,0,1,その他,その他
2025-01-23,Binary Haze Interactive,エンダーマグノリア: ブルームインザミスト,-,YES,ETC,Binary Haze Interactive,0,1,その他,その他
2025-01-23,Megame,オーシェアン・ドライビング ボート・パーキング,-,,ETC,Megame,0,1,その他,その他
2025-01-23,EpiXR Games,ザラストライト,-,,ETC,EpiXR Games,0,1,その他,その他
2025-01-23,エンターグラム,スウィートカフェコレクション 〜ショコラ・パルフェ・シュクレ〜,-,YES,ETC,エンターグラム,0,1,その他,その他
2025-01-23,Cooking & Publishing,スポーツ栄養学・最高のパフォーマンスを発揮するために身体に栄養を与える方法,-,,ETC,Cooking & Publishing,0,1,その他,その他
2025-01-23,NOSTRA GAMES,セーブ・ザ・ドージ Save The Doge,-,,ETC,NOSTRA GAMES,0,1,その他,その他
2025-01-23,Cooking & Publishing,ソーシャルメディアマーケティングをマスターする方法,-,,ETC,Cooking & Publishing,0,1,その他,その他
2025-01-23,アレス,ドラ・コンカフェ,-,,ETC,アレス,0,1,その他,その他
2025-01-23,レジスタ,レトロ喫茶からの脱出,-,,ETC,レジスタ,0,1,その他,その他
2025-01-23,BD Games,ワンダーヒーロー,-,,ETC,BD Games,0,1,その他,その他
2025-01-23,Cooking & Publishing,先生:日本での外国人教師生活,-,,ETC,Cooking & Publishing,0,1,その他,その他
2025-01-23,エンターグラム,制服カノジョ2,-,YES,ETC,エンターグラム,0,1,その他,その他
2025-01-23,NiuGamer,名利のゲーム,-,,ETC,NiuGamer,0,1,その他,その他
2025-01-23,グレフ,星霜鋼機ストラニア EX,-,,ETC,グレフ,0,1,その他,その他
2025-01-23,AGE Zero,猫たちの訪問お正月,-,,ETC,AGE Zero,0,1,その他,その他
2025-01-23,Cooking & Publishing,英語の先生:日本で教えること,-,,ETC,Cooking & Publishing,0,1,その他,その他
2025-01-24,ラタライカゲームス,Cycle Chaser H-5,-,,ETC,ラタライカゲームス,0,1,その他,その他
2025-01-24,ケムコ,ドラゴンテイカー,-,,ETC,ケムコ,0,1,その他,その他
2025-01-28,ハピネット,キュイジニア ポムとまんぷくダンジョン,-,YES,ETC,ハピネット,0,1,その他,その他
2025-01-29,Afil Games,Stellar Docks,-,,ETC,Afil Games,0,1,その他,その他
2025-01-29,Tripwire Interactive（英語版）,ザ・ストーン・オブ・マッドネス,-,,ETC,Tripwire Interactive（英語版）,0,1,その他,その他
2025-01-29,United Label,テイルズ・オブ・アイアン2: 冬のひげ,-,,ETC,United Label,0,1,その他,その他
2025-01-30,Artax Games,A Rite from the Stars: Remaster Edition,-,,ETC,Artax Games,0,1,その他,その他
2025-01-30,QUByte Interactive,Accolade Sports Collection (QUByte Classics),-,,ETC,QUByte Interactive,0,1,その他,その他
2025-01-30,eastasiasoft,Agent Fall,-,,ETC,eastasiasoft,0,1,その他,その他
2025-01-30,Silesia Games,Bubble Shooter World,-,,ETC,Silesia Games,0,1,その他,その他
2025-01-30,VRKIWI Games,Car Wash Tycoon Business Simulator,-,,ETC,VRKIWI Games,0,1,その他,その他
2025-01-30,DEMENCI Games,CardMart: TCG Supermarket,-,,ETC,DEMENCI Games,0,1,その他,その他
2025-01-30,D-Games,Colorizing: Animals,-,,ETC,D-Games,0,1,その他,その他
2025-01-30,Webnetic,Cubic Run,-,,ETC,Webnetic,0,1,その他,その他
2025-01-30,Xenobits,Heist Simulator 2025,-,,ETC,Xenobits,0,1,その他,その他
2025-01-30,Sunblink,Hello Kitty Island Adventure,-,YES,ETC,Sunblink,0,1,その他,その他
2025-01-30,Big Way,Hentai Uni 3,-,,ETC,Big Way,0,1,その他,その他
2025-01-30,17Studio,Hentai Waifu 4,-,,ETC,17Studio,0,1,その他,その他
2025-01-30,17Studio,Idol Symphony,-,,ETC,17Studio,0,1,その他,その他
2025-01-30,Thunderful（英語版）,Laika: Aged Through Blood（英語版）,-,,ETC,Thunderful（英語版）,0,1,その他,その他
2025-01-30,Kwalee,ROBOBEAT,-,,ETC,Kwalee,0,1,その他,その他
2025-01-30,Afil Games,Sokomonster,-,,ETC,Afil Games,0,1,その他,その他
2025-01-30,Tashlik,Subway Sprint Girl,-,,ETC,Tashlik,0,1,その他,その他
2025-01-30,DEMENCI Games,TCG Card Shop Master,-,,ETC,DEMENCI Games,0,1,その他,その他
2025-01-30,Apogee Entertainment（英語版）,Turbo Overkill,-,,ETC,Apogee Entertainment（英語版）,0,1,その他,その他
2025-01-30,ジー・モード,お前ゲーム+,-,,ETC,ジー・モード,0,1,その他,その他
2025-01-30,サクセス,つなげる電気回路1000,-,,ETC,サクセス,0,1,その他,その他
2025-01-30,不明,つんでとんでホシあつめ,-,,ETC,不明,0,1,その他,その他
2025-01-30,iMel,アマナツ〜Perfect Edition〜,-,,ETC,iMel,0,1,その他,その他
2025-01-30,エディア,イノーストリート,-,,ETC,エディア,0,1,その他,その他
2025-01-30,Game*Spark Publishing/イード,ウィザードリィ外伝 五つの試練,-,YES,ETC,Game*Spark Publishing/イード,0,1,その他,その他
2025-01-30,ブシロードゲームズ,カードファイト!! ヴァンガード ディアデイズ2,-,YES,ETC,ブシロードゲームズ,0,1,その他,その他
2025-01-30,PixelHeart,キングダム・オブ・アステボルグ,-,,ETC,PixelHeart,0,1,その他,その他
2025-01-30,コーラス・ワールドワイド,ザ・コーマ2B:カタコンベ,-,,ETC,コーラス・ワールドワイド,0,1,その他,その他
2025-01-30,EpiXR Games,ショリー - ズーオブワンダーズ,-,,ETC,EpiXR Games,0,1,その他,その他
2025-01-30,KOSEI YASUDA,スクリーンセーバーバトル 〜マジで24時間で作ったゲーム〜,-,,ETC,KOSEI YASUDA,0,1,その他,その他
2025-01-30,NOSTRA GAMES,スライシーフリップス Slicy Flips,-,,ETC,NOSTRA GAMES,0,1,その他,その他
2025-01-30,日本一ソフトウェア,ファントム・ブレイブ 幽霊船団と消えた英雄,-,YES,ETC,日本一ソフトウェア,0,1,その他,その他
2025-01-30,テヨンジャパン,プロムナード 少年ニモとルルの夢の世界,-,,ETC,テヨンジャパン,0,1,その他,その他
2025-01-30,Outright Games（英語版）,ミュータント・タートルズ unleashed（英語版）,-,YES,ETC,Outright Games（英語版）,0,1,その他,その他
2025-01-30,Red Fables,ヤンデレアニメ彼女: 可愛い妻シミュレーション,-,,ETC,Red Fables,0,1,その他,その他
2025-01-30,Red Fables,ヤンデレアニメ彼氏: 1日夫シミュレーション,-,,ETC,Red Fables,0,1,その他,その他
2025-01-30,Error 300 Games,物探しの達人:ここは小さな怪獣がいない,-,,ETC,Error 300 Games,0,1,その他,その他
2025-01-31,ラタライカゲームス,Squab,-,,ETC,ラタライカゲームス,0,1,その他,その他
2025-01-31,Digital Touch,にゃんこミッション,-,,ETC,Digital Touch,0,1,その他,その他
2025-02-06,Tashlik,Bad Parenthood,-,,ETC,Tashlik,0,1,その他,その他
2025-02-06,Plug In Digital（英語版）,Big Helmet Heroes,-,,ETC,Plug In Digital（英語版）,0,1,その他,その他
2025-02-06,Gametry,Bright Escape,-,,ETC,Gametry,0,1,その他,その他
2025-02-06,VRKIWI Games,Car Detailing & Wash Simulator: Luxury Car Cleaner,-,,ETC,VRKIWI Games,0,1,その他,その他
2025-02-06,DEMENCI Games,Chained Heroes,-,,ETC,DEMENCI Games,0,1,その他,その他
2025-02-06,Asylum Square Interactive,Drop That Cat,-,,ETC,Asylum Square Interactive,0,1,その他,その他
2025-02-06,Pakotime,Hentai Girls: Juicy Judo,-,,ETC,Pakotime,0,1,その他,その他
2025-02-06,Mango Council,Last Monarch,-,,ETC,Mango Council,0,1,その他,その他
2025-02-06,Afil Games,Malu the Princess,-,,ETC,Afil Games,0,1,その他,その他
2025-02-06,eastasiasoft,Mechanita,-,,ETC,eastasiasoft,0,1,その他,その他
2025-02-06,PLAYISM,Momodora: 月影のエンドロール（英語版）,-,,ETC,PLAYISM,0,1,その他,その他
2025-02-06,Dr. Kucho! Games,Moons of Darsalon,-,,ETC,Dr. Kucho! Games,0,1,その他,その他
2025-02-06,Penguin Pop Games,Polimines Deluxe,-,,ETC,Penguin Pop Games,0,1,その他,その他
2025-02-06,winterworks,Puzzle Adventures - Farm Animals,-,,ETC,winterworks,0,1,その他,その他
2025-02-06,GlobalGameStudio,Robot Boxing: Real Fighting Steel Battle,-,,ETC,GlobalGameStudio,0,1,その他,その他
2025-02-06,Pix Arts,Rookie Table Tennis,-,,ETC,Pix Arts,0,1,その他,その他
2025-02-06,CGI LAB,Santa's Christmas Gift Quest - サンタさんのクリスマスプレゼントクエスト,-,,ETC,CGI LAB,0,1,その他,その他
2025-02-06,エイジ,SHOGUN SOUL: LEGENDARY PUZZLE,-,,ETC,エイジ,0,1,その他,その他
2025-02-06,MultiversalME,Space CleanUp: Cosmic Robot Disinfector,-,,ETC,MultiversalME,0,1,その他,その他
2025-02-06,Nejcraft,Spacepunk Survival,-,,ETC,Nejcraft,0,1,その他,その他
2025-02-06,DEMENCI Games,Survival Gladiator: Blades of the Coliseum,-,,ETC,DEMENCI Games,0,1,その他,その他
2025-02-06,Xenobits,TCG Card Market Simulator,-,,ETC,Xenobits,0,1,その他,その他
2025-02-06,CGI LAB,THE EXIT: LIMINAL ANOMALY HORROR - 出口: 限界異常ホラー,-,,ETC,CGI LAB,0,1,その他,その他
2025-02-06,COOL DEVS,The Liar's Tavern,-,,ETC,COOL DEVS,0,1,その他,その他
2025-02-06,Trefl S.A,Treflix: Mini Games,-,,ETC,Trefl S.A,0,1,その他,その他
2025-02-06,Optillusion Games,While Waiting -ただ待つゲーム-,-,,ETC,Optillusion Games,0,1,その他,その他
2025-02-06,イグニッション・エム,ぼくとネコ for Nintendo Switch,-,,ETC,イグニッション・エム,0,1,その他,その他
2025-02-06,トローゼ,エクソダス,-,,ETC,トローゼ,0,1,その他,その他
2025-02-06,NOSTRA GAMES,ジャンピング・ニンジャ Jumping Ninja,-,,ETC,NOSTRA GAMES,0,1,その他,その他
2025-02-06,NOSTRA GAMES,トレーディングカードショップシミュレーター Trading Card Shop Simulator,-,,ETC,NOSTRA GAMES,0,1,その他,その他
2025-02-06,TrampolineTales,幸運の大家様,-,,ETC,TrampolineTales,0,1,その他,その他
2025-02-06,14次元,韓国ドローン飛行ツアー丹陽郡,-,,ETC,14次元,0,1,その他,その他
2025-02-07,Brainium Games,Beef Cat Ultra,-,,ETC,Brainium Games,0,1,その他,その他
2025-02-07,Shinyuden,すごろクエスト ダイスの戦士たち,-,,ETC,Shinyuden,0,1,その他,その他
2025-02-11,テイクツー・インタラクティブ・ジャパン,シドマイヤーズ シヴィライゼーションVII,-,YES,ETC,テイクツー・インタラクティブ・ジャパン,0,1,その他,その他
2025-02-12,Afil Games,Penguin Flight,-,,ETC,Afil Games,0,1,その他,その他
2025-02-13,Fellow Traveller（英語版）,Afterlove EP,-,,ETC,Fellow Traveller（英語版）,0,1,その他,その他
2025-02-13,Pakotime,Anime Girls: Awesome Adventurer,-,,ETC,Pakotime,0,1,その他,その他
2025-02-13,ESDigital Games,Claws & Feathers 3,-,,ETC,ESDigital Games,0,1,その他,その他
2025-02-13,Axyos Games,Doggy Up!,-,,ETC,Axyos Games,0,1,その他,その他
2025-02-13,indie.io,Echoes of the Plum Grove,-,,ETC,indie.io,0,1,その他,その他
2025-02-13,Sometimes You,Girlfriend from Hell,-,,ETC,Sometimes You,0,1,その他,その他
2025-02-13,Gelato Games,Guns of Fury,-,,ETC,Gelato Games,0,1,その他,その他
2025-02-13,VRKIWI Games,House Mansion Flipper,-,,ETC,VRKIWI Games,0,1,その他,その他
2025-02-13,ジー・モード,Jumpお前+,-,,ETC,ジー・モード,0,1,その他,その他
2025-02-13,Phantom Publishing,Masked Devourer,-,,ETC,Phantom Publishing,0,1,その他,その他
2025-02-13,Nacon（英語版）,Ravenswatch,-,,ETC,Nacon（英語版）,0,1,その他,その他
2025-02-13,YoboGames,Rebus Rush Educational Word Game,-,,ETC,YoboGames,0,1,その他,その他
2025-02-13,DANGEN Entertainment,Recall: Empty Wishes,-,,ETC,DANGEN Entertainment,0,1,その他,その他
2025-02-13,OverGamez,Shieldwall,-,,ETC,OverGamez,0,1,その他,その他
2025-02-13,ディースリー・パブリッシャー,SIMPLEシリーズ for Nintendo Switch Vol.4 THE 密室からの脱出 世にも奇妙な4つの話,-,YES,ETC,ディースリー・パブリッシャー,0,1,その他,その他
2025-02-13,Afil Games,Sokocrab,-,,ETC,Afil Games,0,1,その他,その他
2025-02-13,Sabec,Spot The Difference Sports,-,,ETC,Sabec,0,1,その他,その他
2025-02-13,Gametry,Stickman Odyssey,-,,ETC,Gametry,0,1,その他,その他
2025-02-13,eastasiasoft,Super Jagger Bomb 2: Go East,-,,ETC,eastasiasoft,0,1,その他,その他
2025-02-13,Super Rare Games（英語版）,Tiny Terry's Turbo Trip,-,,ETC,Super Rare Games（英語版）,0,1,その他,その他
2025-02-13,Pix Arts,Toon Breakout 3D,-,,ETC,Pix Arts,0,1,その他,その他
2025-02-13,Yellow ink,Truck Mechanic Sim 2025,-,,ETC,Yellow ink,0,1,その他,その他
2025-02-13,Kepler Interactive（英語版）,Ultros（英語版）,-,,ETC,Kepler Interactive（英語版）,0,1,その他,その他
2025-02-13,Team17（英語版）,アンバーアイル（英語版）,-,,ETC,Team17（英語版）,0,1,その他,その他
2025-02-13,CUDIT,ジグソー・クロニクルズ・ホーンティング・テールズ,-,,ETC,CUDIT,0,1,その他,その他
2025-02-13,Phoenixx,スゴイツヨイトウフ,-,,ETC,Phoenixx,0,1,その他,その他
2025-02-13,BD Games,バイオウィーバー,-,,ETC,BD Games,0,1,その他,その他
2025-02-13,EpiXR Games,バンブルビーサーチフォーハピネス,-,,ETC,EpiXR Games,0,1,その他,その他
2025-02-13,HUNTERS,パズル&サモナー,-,,ETC,HUNTERS,0,1,その他,その他
2025-02-13,Eggtart,メタルスーツ:カウンターアタック,-,,ETC,Eggtart,0,1,その他,その他
2025-02-13,SAT-BOX,作って!ドーナツ,-,,ETC,SAT-BOX,0,1,その他,その他
2025-02-13,MASK,探せ！ぼっちのピクトさん－1か所間違い探しで脳トレ脳活アハ活ひらめきパズル－,-,,ETC,MASK,0,1,その他,その他
2025-02-13,PLAYISM,救国のスネジンカ,-,,ETC,PLAYISM,0,1,その他,その他
2025-02-13,コーエーテクモゲームス,無双アビス,-,,ETC,コーエーテクモゲームス,0,1,その他,その他
2025-02-13,コンパイルハート,超女神信仰 ノワール 激神ブラックハート,-,YES,ETC,コンパイルハート,0,1,その他,その他
2025-02-13,集英社ゲームズ,都市伝説解体センター,-,YES,ETC,集英社ゲームズ,7015_0m_4986,1,その他,その他
2025-02-13,Happy Player,魔女のメタ物語,-,,ETC,Happy Player,0,1,その他,その他
2025-02-14,ラタライカゲームス,Chibi Ninja Shino-kun: Treasure of Demon Tower,-,,ETC,ラタライカゲームス,0,1,その他,その他
2025-02-14,ケムコ,デッドドラゴンズ,-,,ETC,ケムコ,0,1,その他,その他
2025-02-19,Afil Games,Bee Flowers,-,,ETC,Afil Games,0,1,その他,その他
2025-02-19,エディア,コズミック・ファンタジーMemorial Collection,-,YES,ETC,エディア,0,1,その他,その他
2025-02-20,ディー・オー,2222 Abyss of the Universe,-,,ETC,ディー・オー,0,1,その他,その他
2025-02-20,Moonsaurus Games,Brothers in Hell,-,,ETC,Moonsaurus Games,0,1,その他,その他
2025-02-20,Silesia Games,Build Lands,-,,ETC,Silesia Games,0,1,その他,その他
2025-02-20,OverGamez,Call of Sentinels,-,,ETC,OverGamez,0,1,その他,その他
2025-02-20,CGI LAB,Christmas Store: Santa's Supermarket Simulator,-,,ETC,CGI LAB,0,1,その他,その他
2025-02-20,ESDigital Games,Dead Station 2,-,,ETC,ESDigital Games,0,1,その他,その他
2025-02-20,ESDigital Games,"Deep, In the Forest",-,,ETC,ESDigital Games,0,1,その他,その他
2025-02-20,Godbey Games,Discolored 2 ディスカラードトゥー,-,,ETC,Godbey Games,0,1,その他,その他
2025-02-20,SimulaMaker,Fashion Store Simulator,-,,ETC,SimulaMaker,0,1,その他,その他
2025-02-20,Grizzly Games[注釈 1],Flames of Damnation,-,,ETC,Grizzly Games[注釈 1],0,1,その他,その他
2025-02-20,東宝,Godzilla Voxel Wars,-,,ETC,東宝,0,1,その他,その他
2025-02-20,Pakotime,Hentai Girls: Marvelous Magician,-,,ETC,Pakotime,0,1,その他,その他
2025-02-20,VRKIWI Games,Hentai Stewardess Girls,-,,ETC,VRKIWI Games,0,1,その他,その他
2025-02-20,eastasiasoft,Learn to Play - Penalty Shootout,-,,ETC,eastasiasoft,0,1,その他,その他
2025-02-20,サイバーステップ,MIKO x MIKO SISTERS 神楽家の巫女と悪霊,-,,ETC,サイバーステップ,0,1,その他,その他
2025-02-20,Afil Games,Mimi the Cat: Meow Together,-,,ETC,Afil Games,0,1,その他,その他
2025-02-20,eastasiasoft,Moe Waifu H Fantasy,-,,ETC,eastasiasoft,0,1,その他,その他
2025-02-20,CFK,Ninja Issen,-,,ETC,CFK,0,1,その他,その他
2025-02-20,VRKIWI Games,Prison Guard: Warden Simulator,-,,ETC,VRKIWI Games,0,1,その他,その他
2025-02-20,17Studio,Real Hentai 5,-,,ETC,17Studio,0,1,その他,その他
2025-02-20,D,RetroRealms: Ash vs Evil Dead,-,,ETC,D,0,1,その他,その他
2025-02-20,H2 INTERACTIVE,RetroRealms: Halloween,-,YES,ETC,H2 INTERACTIVE,0,1,その他,その他
2025-02-20,Grizzly Games,Shadowforge Chronicles,-,,ETC,Grizzly Games,0,1,その他,その他
2025-02-20,リイカ,Shadows Bounce Once,-,,ETC,リイカ,0,1,その他,その他
2025-02-20,Bigmode,Star of Providence,-,,ETC,Bigmode,0,1,その他,その他
2025-02-20,Low Tide Productions,Taiji,-,,ETC,Low Tide Productions,0,1,その他,その他
2025-02-20,Feardemic,The Backrooms 1998,-,,ETC,Feardemic,0,1,その他,その他
2025-02-20,CGI LAB,Valentine's Venture: True Love Odyssey - バレンタイン ベンチャー: トゥルー ラブ オデッセイ,-,,ETC,CGI LAB,0,1,その他,その他
2025-02-20,ININ Games,X-Out: Resurfaced（英語版）,-,,ETC,ININ Games,0,1,その他,その他
2025-02-20,Gametry,Zombie Rush,-,,ETC,Gametry,0,1,その他,その他
2025-02-20,indienova,じじいの不思議な冒険 パワーアップキット,-,,ETC,indienova,0,1,その他,その他
2025-02-20,EpiXR Games,アニメダンススペースパーティー,-,,ETC,EpiXR Games,0,1,その他,その他
2025-02-20,Studio Kumiho,サンシャワー 陽光と雨の物語,-,,ETC,Studio Kumiho,0,1,その他,その他
2025-02-20,Hyperstrange,ジュピターヘル（英語版）,-,,ETC,Hyperstrange,0,1,その他,その他
2025-02-20,Tru Blu Games（英語版）,ジョナ・ロムー ラグビーチャレンジ4（英語版）,-,,ETC,Tru Blu Games（英語版）,0,1,その他,その他
2025-02-20,CGI LAB,スピードウェイレジェンド: オーバードライブレーシング - Speedway Legends: Overdrive Racing,-,,ETC,CGI LAB,0,1,その他,その他
2025-02-20,TT,ナゾトキからの脱出－頭脳で攻略ひらめき脳トレ脳活謎解き推理ゲーム－,-,,ETC,TT,0,1,その他,その他
2025-02-20,Pineapple Works,ニャンコ・バトルロイヤル,-,,ETC,Pineapple Works,0,1,その他,その他
2025-02-20,レイニーフロッグ,ピクセルクロス ルーンファクトリーエディション,-,,ETC,レイニーフロッグ,0,1,その他,その他
2025-02-20,HeroCraft,フライ・コープ,-,,ETC,HeroCraft,0,1,その他,その他
2025-02-20,カイロソフト,プロレスリング物語,-,,ETC,カイロソフト,0,1,その他,その他
2025-02-20,コーラス・ワールドワイドSOFT SOURCE,ボタニーマナー（英語版）,-,YES,ETC,コーラス・ワールドワイドSOFT SOURCE,0,1,その他,その他
2025-02-20,RAWRLAB Games,マロンの日,-,,ETC,RAWRLAB Games,0,1,その他,その他
2025-02-20,Cooking & Publishing,夏の恋,-,,ETC,Cooking & Publishing,0,1,その他,その他
2025-02-20,エディア,天使の詩,-,,ETC,エディア,0,1,その他,その他
2025-02-20,不明,天使の詩II 堕天使の選択,-,,ETC,不明,0,1,その他,その他
2025-02-20,Astrolabe Games,機動戦艦ガンドッグ 太陽系物語,-,,ETC,Astrolabe Games,0,1,その他,その他
2025-02-20,MASK,脳トレ！ねこ検定－猫ネコ癒しのちえあそび脳トレ脳活雑学教養クイズ－,-,,ETC,MASK,0,1,その他,その他
2025-02-21,ケムコ,3℃,-,,ETC,ケムコ,0,1,その他,その他
2025-02-21,7 Raven Studios,DAMN,-,,ETC,7 Raven Studios,0,1,その他,その他
2025-02-21,ラタライカゲームス,Lulu's Temple,-,,ETC,ラタライカゲームス,0,1,その他,その他
2025-02-27,ジー・モード,8人お前+,-,,ETC,ジー・モード,0,1,その他,その他
2025-02-27,OddOneGames,Arcade Party,-,,ETC,OddOneGames,0,1,その他,その他
2025-02-27,CGI LAB,Backrooms: Exit from Supermarket Horror - バックルームズ: スーパーマーケットの恐怖からの脱出,-,,ETC,CGI LAB,0,1,その他,その他
2025-02-27,Brain Seal Entertainment,Blow it up,-,,ETC,Brain Seal Entertainment,0,1,その他,その他
2025-02-27,Yellow ink,Call of Warzone,-,,ETC,Yellow ink,0,1,その他,その他
2025-02-27,Dojo System,Die by Anything,-,,ETC,Dojo System,0,1,その他,その他
2025-02-27,Flynn's Arcade,Freddy Farmer フレッディー・ファーマー,-,,ETC,Flynn's Arcade,0,1,その他,その他
2025-02-27,QUByte Interactive,Glover (QUByte Classics)（英語版）,-,,ETC,QUByte Interactive,0,1,その他,その他
2025-02-27,Gametry,Golf Loop,-,,ETC,Gametry,0,1,その他,その他
2025-02-27,17Studio,Hentai Waifu 5,-,,ETC,17Studio,0,1,その他,その他
2025-02-27,RedDeerGames,I See Red,-,,ETC,RedDeerGames,0,1,その他,その他
2025-02-27,Eclipse Interactive,Japanese Drift Master,-,,ETC,Eclipse Interactive,0,1,その他,その他
2025-02-27,シンク・アンド・フィール,LAPIDARY: Jewel Craft Simulator,-,,ETC,シンク・アンド・フィール,0,1,その他,その他
2025-02-27,Testagamercreations,Liar's Pub,-,,ETC,Testagamercreations,0,1,その他,その他
2025-02-27,CGI LAB,Little Paws: Kitty Cat Simulator - キティ キャット シミュレーター,-,,ETC,CGI LAB,0,1,その他,その他
2025-02-27,SOFT SOURCE,My Night Job,-,,ETC,SOFT SOURCE,0,1,その他,その他
2025-02-27,Dojo System,Mycelium Heaven,-,,ETC,Dojo System,0,1,その他,その他
2025-02-27,ESDigital Games,Overtop,-,,ETC,ESDigital Games,0,1,その他,その他
2025-02-27,Sometimes You,Prison Loop,-,,ETC,Sometimes You,0,1,その他,その他
2025-02-27,サクセス,Puzzle ライト&マッシュルーム1000,-,,ETC,サクセス,0,1,その他,その他
2025-02-27,Sometimes You,Rabbit Raid,-,,ETC,Sometimes You,0,1,その他,その他
2025-02-27,プロトタイプ,Re;quartz零度,-,YES,ETC,プロトタイプ,0,1,その他,その他
2025-02-27,Pakotime,Sugoi Girls: Sexy Steampunk,-,,ETC,Pakotime,0,1,その他,その他
2025-02-27,COOL DEVS,The Bad Parents,-,,ETC,COOL DEVS,0,1,その他,その他
2025-02-27,Burlea Games Studio,The Bodycam Shooter,-,,ETC,Burlea Games Studio,0,1,その他,その他
2025-02-27,XenoXeno,THE POOLS,-,,ETC,XenoXeno,0,1,その他,その他
2025-02-27,Zerouno Games,The Zebra-Man!,-,,ETC,Zerouno Games,0,1,その他,その他
2025-02-27,indie.io,Vertical Kingdom,-,,ETC,indie.io,0,1,その他,その他
2025-02-27,Grizzly Games,VoidCraft Island Chronicles: Sky Survival,-,,ETC,Grizzly Games,0,1,その他,その他
2025-02-27,アクアプラス,うたわれるもの トリロジーセット,-,YES,ETC,アクアプラス,0,1,その他,その他
2025-02-27,エンターグラム,おかゆにゅ〜〜む!,-,YES,ETC,エンターグラム,0,1,その他,その他
2025-02-27,カエルパンダ,くるくる回そう!方向幕コレクション for Nintendo Switch -阪神電気鉄道編- 鉄道方向幕シミュレーター,-,,ETC,カエルパンダ,0,1,その他,その他
2025-02-27,Vilius Prakapas,アンチペイント,-,,ETC,Vilius Prakapas,0,1,その他,その他
2025-02-27,日本一ソフトウェア,クラシックダンジョンX3,-,YES,ETC,日本一ソフトウェア,0,1,その他,その他
2025-02-27,Ogre Pixel,ジャンパー・ジョン,-,,ETC,Ogre Pixel,0,1,その他,その他
2025-02-27,MASK,スポーツマルバツクイズ－2択でかんたん体育勉強学習教養豆知識雑学ゲーム－,-,,ETC,MASK,0,1,その他,その他
2025-02-27,CobraTekku Games,フットガン: アンダーグラウンド,-,,ETC,CobraTekku Games,0,1,その他,その他
2025-02-27,Smart Space Solutions,ブレイズラッシュ（英語版）,-,,ETC,Smart Space Solutions,0,1,その他,その他
2025-02-27,エンターグラム,ボクと彼女たちの実習日誌,-,YES,ETC,エンターグラム,0,1,その他,その他
2025-02-27,NOSTRA GAMES,ボールティング・チャンピオンズ Vaulting Champions,-,,ETC,NOSTRA GAMES,0,1,その他,その他
2025-02-27,トローゼ,ワールド アット ウォー ノルマンディー,-,,ETC,トローゼ,0,1,その他,その他
2025-02-27,アイディアファクトリー,冬園サクリフィス,-,YES,ETC,アイディアファクトリー,0,1,その他,その他
2025-02-27,Cooking & Publishing,恋愛物語・私の親友,-,,ETC,Cooking & Publishing,0,1,その他,その他
2025-02-27,Halva Studio,猫の論理: Cats Logic,-,,ETC,Halva Studio,0,1,その他,その他
2025-02-27,AlignmentSharp,脱出ゲーム R00M02,-,,ETC,AlignmentSharp,0,1,その他,その他
2025-02-27,KONAMI,遊戯王 アーリーデイズコレクション,-,YES,ETC,KONAMI,0,1,その他,その他
2025-02-27,SAT-BOX,黒ひげの財宝 コイン落とし,-,,ETC,SAT-BOX,0,1,その他,その他
2025-02-28,Gamuzumi,Foto Boy: A New Job,-,,ETC,Gamuzumi,0,1,その他,その他
2025-03-03,エディア,夢幻戦士ヴァリスMemorial Collection,-,YES,ETC,エディア,0,1,その他,その他
2025-03-06,サクセス,ABYSS SEEKER 深淵ノ果テニ何ヲ視ルカ,-,,ETC,サクセス,0,1,その他,その他
2025-03-06,CGI LAB,Anime Waifu Simulator: Sakura Garden - アニメワイフシミュレーター: さくらガーデン,-,,ETC,CGI LAB,0,1,その他,その他
2025-03-06,Eclipse Interactive,Boat Delivery: Island Transport Simulator,-,,ETC,Eclipse Interactive,0,1,その他,その他
2025-03-06,MultiversalME,"Cash Guardian: Collector Operation ""Capital Defense""",-,,ETC,MultiversalME,0,1,その他,その他
2025-03-06,Penguin Pop Games,Cat President: A More Purrfect Union,-,,ETC,Penguin Pop Games,0,1,その他,その他
2025-03-06,Silesia Games,Cats and Seek: Dino Park,-,,ETC,Silesia Games,0,1,その他,その他
2025-03-06,ESDigital Games,Dreamland Solitaire: Dark Prophecy,-,,ETC,ESDigital Games,0,1,その他,その他
2025-03-06,MAGES.,Ever17/Never7 Double Pack,-,YES,ETC,MAGES.,0,1,その他,その他
2025-03-06,Foreign Gnomes,Everhood 2,-,,ETC,Foreign Gnomes,0,1,その他,その他
2025-03-06,CGI LAB,Game & Console Supermarket: Business Simulator - ゲーム&コンソールスーパーマーケット: ビジネスシミュレーター,-,,ETC,CGI LAB,0,1,その他,その他
2025-03-06,Punnu Games,Glowpop,-,,ETC,Punnu Games,0,1,その他,その他
2025-03-06,Kinda Brave Ent,Go Fight Fantastic!,-,,ETC,Kinda Brave Ent,0,1,その他,その他
2025-03-06,Pakotime,Hentai Girls: Flight Crush,-,,ETC,Pakotime,0,1,その他,その他
2025-03-06,17Studio,Kawaii Girls,-,,ETC,17Studio,0,1,その他,その他
2025-03-06,DEMENCI Games,Liar's Lounge,-,,ETC,DEMENCI Games,0,1,その他,その他
2025-03-06,Brain Connected,Malignant Survivors,-,,ETC,Brain Connected,0,1,その他,その他
2025-03-06,Great Escape Games Publishing,Mechanic Supermarket Simulator,-,,ETC,Great Escape Games Publishing,0,1,その他,その他
2025-03-06,Halva Studio,Monstrix TCGカードショップ,-,,ETC,Halva Studio,0,1,その他,その他
2025-03-06,Selecta Play,Morkull Ragast's Rage,-,,ETC,Selecta Play,0,1,その他,その他
2025-03-06,eastasiasoft,O.W.L Projekt 2,-,,ETC,eastasiasoft,0,1,その他,その他
2025-03-06,indie.io,One Lonely Outpost,-,,ETC,indie.io,0,1,その他,その他
2025-03-06,APL Publishing,Tanki Online（英語版）,-,,ETC,APL Publishing,0,1,その他,その他
2025-03-06,CGI LAB,Unboxing: Cozy Home Simulator - 開封: 居心地の良い家シミュレーター,-,,ETC,CGI LAB,0,1,その他,その他
2025-03-06,Drageus Games,Uragun,-,,ETC,Drageus Games,0,1,その他,その他
2025-03-06,レジスタ,ちょこナナ,-,,ETC,レジスタ,0,1,その他,その他
2025-03-06,SAT-BOX,つかんで!クレーンゲーム,-,,ETC,SAT-BOX,0,1,その他,その他
2025-03-06,賈船,ウロボロス王 円環の棋戦,-,,ETC,賈船,0,1,その他,その他
2025-03-06,EpiXR Games,エアリードリームランド,-,,ETC,EpiXR Games,0,1,その他,その他
2025-03-06,ゲームロフト,カルメン・サンディエゴ,-,,ETC,ゲームロフト,0,1,その他,その他
2025-03-06,わくわくゲームズ,ゴールデン・ウォーデン,-,,ETC,わくわくゲームズ,0,1,その他,その他
2025-03-06,Upscale Studio,サッカーダッシュ: フットボールシミュレーター,-,,ETC,Upscale Studio,0,1,その他,その他
2025-03-06,Domynyo,サンギス・ルナ,-,,ETC,Domynyo,0,1,その他,その他
2025-03-06,NOSTRA GAMES,ジャンプレース Jump Race,-,,ETC,NOSTRA GAMES,0,1,その他,その他
2025-03-06,CGI LAB,ゾンビ隔離: ブラックアウトサバイバル - Zombie Quarantine: Blackout Survival,-,,ETC,CGI LAB,0,1,その他,その他
2025-03-06,Error 300 Games,ドキドキするね、バッターさん! (Ball-it Hell),-,,ETC,Error 300 Games,0,1,その他,その他
2025-03-06,Red Fables,ビーチボーイズ3: 星座、愛、占い恋愛,-,,ETC,Red Fables,0,1,その他,その他
2025-03-06,Pancake Games,フィッシングバレー,-,,ETC,Pancake Games,0,1,その他,その他
2025-03-06,MASK,世界の国旗マスター－遊んで学べる世界地理脳トレ脳活雑学教養ゲーム－,-,,ETC,MASK,0,1,その他,その他
2025-03-06,KONAMI,幻想水滸伝 I&II HDリマスター 門の紋章戦争 / デュナン統一戦争,-,YES,ETC,KONAMI,7061_0m_5031,1,その他,その他
2025-03-06,レジスタ,放課後の校舎からの脱出,-,,ETC,レジスタ,0,1,その他,その他
2025-03-06,Cattingames,真空女忍,-,,ETC,Cattingames,0,1,その他,その他
2025-03-06,マメクジラ,緋染めの雪 〜雪山脱出ノベルミステリー,-,,ETC,マメクジラ,0,1,その他,その他
2025-03-06,エム・ビー・エーインターナショナル,軍曹くんのスケボーラン,-,,ETC,エム・ビー・エーインターナショナル,0,1,その他,その他
2025-03-06,宮澤卓宏,逆再生キング,-,,ETC,宮澤卓宏,0,1,その他,その他
2025-03-06,14次元,韓国ドローン飛行ツアー江陵市,-,,ETC,14次元,0,1,その他,その他
2025-03-07,ラタライカゲームス,Material Evidence,-,,ETC,ラタライカゲームス,0,1,その他,その他
2025-03-07,Afil Games,Pirate Trails,-,,ETC,Afil Games,0,1,その他,その他
2025-03-07,Rokaplay,Sugardew Island 島の生活と農園のお店,-,,ETC,Rokaplay,0,1,その他,その他
2025-03-07,ケムコ,オトナアルター,-,,ETC,ケムコ,0,1,その他,その他
2025-03-11,Headup Games（英語版）,Tinkertown - ティンカータウン,-,,ETC,Headup Games（英語版）,0,1,その他,その他
2025-03-13,MASK,1問1答！恋愛心理テスト－悪用厳禁モテ度診断沼らせ恋愛心理ゲーム－,-,,ETC,MASK,0,1,その他,その他
2025-03-13,eastasiasoft,3D Don't Die Mr. Robot,-,,ETC,eastasiasoft,0,1,その他,その他
2025-03-13,HUNTERS,42番ホーム,-,,ETC,HUNTERS,0,1,その他,その他
2025-03-13,DubassGames,Alehouse Tavern Simulator,-,,ETC,DubassGames,0,1,その他,その他
2025-03-13,CGI LAB,Anime Girls: JDM Car Passion Puzzle - アニメガールズ: JDM カー パッション パズル,-,,ETC,CGI LAB,0,1,その他,その他
2025-03-13,Limitless,Apple Knight 2,-,,ETC,Limitless,0,1,その他,その他
2025-03-13,Oh BiBi,BEAST: ビースト,-,,ETC,Oh BiBi,0,1,その他,その他
2025-03-13,オーイズミ・アミュージオ,Beyond The Ice Palace 2,-,YES,ETC,オーイズミ・アミュージオ,0,1,その他,その他
2025-03-13,CGI LAB,Book Supermarket: Library Manager Simulator - ブックスーパーマーケット: 図書館マネージャーシミュレーター,-,,ETC,CGI LAB,0,1,その他,その他
2025-03-13,MagicProStudio,Chained Through Hell,-,,ETC,MagicProStudio,0,1,その他,その他
2025-03-13,Burlea Games Studio,Content Warning: Scary Filming（英語版）,-,,ETC,Burlea Games Studio,0,1,その他,その他
2025-03-13,Vidas Games,Dye The Bunny,-,,ETC,Vidas Games,0,1,その他,その他
2025-03-13,DEMENCI Games,Flight Simulator Pro 2024,-,,ETC,DEMENCI Games,0,1,その他,その他
2025-03-13,Grizzly Games,Forest Ranger Life Simulator,-,,ETC,Grizzly Games,0,1,その他,その他
2025-03-13,Red Fables,K-popアイドルデート: B.SeveTのアニメ恋愛,-,,ETC,Red Fables,0,1,その他,その他
2025-03-13,Red Fables,K-popアイドルデート: PinkOrbil T.のアニメ恋愛,-,,ETC,Red Fables,0,1,その他,その他
2025-03-13,MagicProStudio,Liar's Saloon,-,,ETC,MagicProStudio,0,1,その他,その他
2025-03-13,Grizzly Games,Mine Clicker - Base Craft Building Game,-,,ETC,Grizzly Games,0,1,その他,その他
2025-03-13,Baltoro Minis,Motorbikes Pro 2025,-,,ETC,Baltoro Minis,0,1,その他,その他
2025-03-13,Humble Games,On Your Tail しっぽをつかめ（英語版）,-,,ETC,Humble Games,0,1,その他,その他
2025-03-13,ラタライカゲームス,Pirates on Target,-,,ETC,ラタライカゲームス,0,1,その他,その他
2025-03-13,RedDeerGames,Ringo's Roundup,-,,ETC,RedDeerGames,0,1,その他,その他
2025-03-13,Tripwire Interactive,Rogue Waters,-,,ETC,Tripwire Interactive,0,1,その他,その他
2025-03-13,Pakotime,Sugoi Girls: Sassy Spy,-,,ETC,Pakotime,0,1,その他,その他
2025-03-13,VRKIWI Games,Wine Factory Simulator,-,,ETC,VRKIWI Games,0,1,その他,その他
2025-03-13,Cooking & Publishing,はーとのぴーす・わたしのこころをくみたてる,-,,ETC,Cooking & Publishing,0,1,その他,その他
2025-03-13,MASK,まちが絵さがし－脳活アハ活ひらめきIQひまつぶしかわいい間違い探し－,-,,ETC,MASK,0,1,その他,その他
2025-03-13,わくわくゲームズ,ウィッチロイドヴァニア 〜魔法少女の不思議な冒険〜,-,,ETC,わくわくゲームズ,0,1,その他,その他
2025-03-13,Evgheni Carasiov,エクソシスト: グレイブバウンド・ホラー,-,,ETC,Evgheni Carasiov,0,1,その他,その他
2025-03-13,EpiXR Games,エンドレスデスス,-,,ETC,EpiXR Games,0,1,その他,その他
2025-03-13,トローゼ,ガールズフォース アンダーウェアアカデミー,-,,ETC,トローゼ,0,1,その他,その他
2025-03-13,Art Of Play,ザ・ファントム,-,,ETC,Art Of Play,0,1,その他,その他
2025-03-13,NOSTRA GAMES,スネイルズタイヒューマンズ Snails vs Humans,-,,ETC,NOSTRA GAMES,0,1,その他,その他
2025-03-13,ブシロードゲームズ,ダンジョンに出会いを求めるのは間違っているだろうか 水と光のフルランド,-,YES,ETC,ブシロードゲームズ,0,1,その他,その他
2025-03-13,gamigo US,フェート・リアウェイケン（英語版）,-,,ETC,gamigo US,0,1,その他,その他
2025-03-13,Pikii,ミカと魔女の山,-,YES,ETC,Pikii,0,1,その他,その他
2025-03-13,MIZUBLUE GAMES,ワイルド魂,-,,ETC,MIZUBLUE GAMES,0,1,その他,その他
2025-03-13,Midnight Munchies,ワンボタンボス,-,,ETC,Midnight Munchies,0,1,その他,その他
2025-03-13,TT,大人の語彙力検定－遊んで学べる雑学教養常識勉強学習クイズ－,-,,ETC,TT,0,1,その他,その他
2025-03-13,Sanuk,女装百合畑,-,,ETC,Sanuk,0,1,その他,その他
2025-03-13,不明,小学館マンガアプリ Splatoon コミックスパック,-,,ETC,不明,0,1,その他,その他
2025-03-13,小学館,小学館マンガアプリ コロコロコミック 2024,-,,ETC,小学館,0,1,その他,その他
2025-03-13,不明,小学館マンガアプリ コロコロコミック 2025,-,,ETC,不明,0,1,その他,その他
2025-03-13,不明,小学館マンガアプリ 運命の巻戻士 コミックスパック,-,,ETC,不明,0,1,その他,その他
2025-03-13,Shinyuden,少年忍者サスケ,-,,ETC,Shinyuden,0,1,その他,その他
2025-03-13,MASK,探索ゲーム 〇〇を探せ！－脳を鍛えるひらめき絵さがし脳活アハ活脳トレ－,-,,ETC,MASK,0,1,その他,その他
2025-03-13,MASK,生 50の読み方クイズ－脳トレ脳活教養IQ学習勉強語彙力テスト－,-,,ETC,MASK,0,1,その他,その他
2025-03-13,KAMITSUBAKI STUDIO,神椿市建設中。REGENERATE,-,YES,ETC,KAMITSUBAKI STUDIO,0,1,その他,その他
2025-03-13,Peaksel,脱出ゲーム - タイムトラベルゲーム,-,,ETC,Peaksel,0,1,その他,その他
2025-03-13,Happy Player,脱出サイト13,-,,ETC,Happy Player,0,1,その他,その他
2025-03-13,MASK,脳トレ！いぬ検定－犬イヌ癒しのちえあそび脳トレ脳活雑学教養クイズ－,-,,ETC,MASK,0,1,その他,その他
2025-03-13,不明,血まみれのちぎり,-,,ETC,不明,0,1,その他,その他
2025-03-13,Lunaria Games,遊園地シミュレーター: ジェットコースターの楽園,-,,ETC,Lunaria Games,0,1,その他,その他
2025-03-13,MASK,違う図形はどれだ？－脳トレ脳活アハ活ひらめき1か所間違い探しゲーム－,-,,ETC,MASK,0,1,その他,その他
2025-03-13,TT,雑学クイズ 食物・生活編－遊んで学べる大人の常識学習教養格付けゲーム－,-,,ETC,TT,0,1,その他,その他
2025-03-13,14次元,韓国ドローン飛行ツアー江華島,-,,ETC,14次元,0,1,その他,その他
2025-03-13,2P Games,飢えた子羊（中国語版）,-,,ETC,2P Games,0,1,その他,その他
2025-03-14,ラタライカゲームス,Hyper Mirror Run,-,,ETC,ラタライカゲームス,0,1,その他,その他
2025-03-14,エンターグラム,幻想牢獄のカレイドスコープ2,-,YES,ETC,エンターグラム,0,1,その他,その他
2025-03-16,GreenWookland Games,Fast Food 2025 Simulator,-,,ETC,GreenWookland Games,0,1,その他,その他
2025-03-18,MLBAM（英語版）,MLB The Show 25（英語版）,-,,ETC,MLBAM（英語版）,0,1,その他,その他
2025-03-20,Pakotime,Hentai Girls: Sexy Sakura,-,,ETC,Pakotime,0,1,その他,その他
2025-03-20,RedDeerGames,Tales of Autumn,-,,ETC,RedDeerGames,0,1,その他,その他
2025-03-20,Mameshiba Games,キン肉ねこ:SUPER MUSCLE CAT,-,,ETC,Mameshiba Games,0,1,その他,その他
2025-03-20,任天堂,ゼノブレイドクロス ディフィニティブエディション,34,YES,RPG,任天堂,7116_0m_5086,1,RPG,その他
2025-03-21,ラタライカゲームス,The Last Hero: Journey to the Unknown,-,,ETC,ラタライカゲームス,0,1,その他,その他
2025-03-21,コーエーテクモゲームス,ユミアのアトリエ 〜追憶の錬金術士と幻創の地〜,-,YES,ETC,コーエーテクモゲームス,7271_0m_5242,1,その他,その他
2025-03-21,SAT-BOX,机でGOLF,-,,ETC,SAT-BOX,0,1,その他,その他
2025-03-22,Grizzly Games,Meow Delivery: Fish Frenzy,-,,ETC,Grizzly Games,0,1,その他,その他
2025-03-27,Gametry,Aero Cosmos,-,,ETC,Gametry,0,1,その他,その他
2025-03-27,Pakotime,Anime Girls: Clever Clover,-,,ETC,Pakotime,0,1,その他,その他
2025-03-27,Downmeadowstreet,Azure Haven,-,,ETC,Downmeadowstreet,0,1,その他,その他
2025-03-27,Forever Entertainment,Blue Wednesday,-,,ETC,Forever Entertainment,0,1,その他,その他
2025-03-27,Atari,Breakout Beyond,-,,ETC,Atari,0,1,その他,その他
2025-03-27,Shinyuden,Bubble Ghost Remake（英語版）,-,,ETC,Shinyuden,0,1,その他,その他
2025-03-27,CGI LAB,Car Dealership Business Simulator - 自動車ディーラービジネスシミュレーター,-,,ETC,CGI LAB,0,1,その他,その他
2025-03-27,Maximum Entertainment（英語版）,Care Bears: Unlock The Magic,-,,ETC,Maximum Entertainment（英語版）,0,1,その他,その他
2025-03-27,D-Games,Colorizing: Sunrise,-,,ETC,D-Games,0,1,その他,その他
2025-03-27,Rogue Games,Cookie Cutter: Overkill Edition,-,,ETC,Rogue Games,0,1,その他,その他
2025-03-27,Soroka Games,Cozy Hunt,-,,ETC,Soroka Games,0,1,その他,その他
2025-03-27,RedDeerGames,Cozy Land,-,,ETC,RedDeerGames,0,1,その他,その他
2025-03-27,Kinda Brave Ent,Distant Bloom,-,,ETC,Kinda Brave Ent,0,1,その他,その他
2025-03-27,17Studio,Doku Girls,-,,ETC,17Studio,0,1,その他,その他
2025-03-27,dramatic create/ヒューネックス,DYNAMIC CHORD feat.[rêve parfait] Remaster edition,-,YES,ETC,dramatic create/ヒューネックス,0,1,その他,その他
2025-03-27,Pix Arts,Galagi Shooter Ultimate Blast,-,,ETC,Pix Arts,0,1,その他,その他
2025-03-27,Downmeadowstreet,Happy Hike,-,,ETC,Downmeadowstreet,0,1,その他,その他
2025-03-27,Nyakuza Games,Happy Hotel,-,,ETC,Nyakuza Games,0,1,その他,その他
2025-03-27,Silesia Games,Ludo Party,-,,ETC,Silesia Games,0,1,その他,その他
2025-03-27,ZikWave Studios,Musical Vibes RX,-,,ETC,ZikWave Studios,0,1,その他,その他
2025-03-27,eastasiasoft,S. Prysm Destroyer,-,,ETC,eastasiasoft,0,1,その他,その他
2025-03-27,CerebralFix,"Signed, Sealed & Delivered!",-,,ETC,CerebralFix,0,1,その他,その他
2025-03-27,Afil Games,Steampunch,-,,ETC,Afil Games,0,1,その他,その他
2025-03-27,Kanuni Games,Super Slime Boy スーパー・スライム・ボーイ,-,,ETC,Kanuni Games,0,1,その他,その他
2025-03-27,CGI LAB,"Survival Zone: Craft, Build & Grow - サバイバルゾーン: クラフト、ビルド、成長",-,,ETC,CGI LAB,0,1,その他,その他
2025-03-27,peakvox/オーツー,THE GENERAL SAGA,-,,ETC,peakvox/オーツー,0,1,その他,その他
2025-03-27,グラビティゲームアライズ,Twilight Monk,-,,ETC,グラビティゲームアライズ,0,1,その他,その他
2025-03-27,インビリティー,Two-Sided Runner〜トゥーサイドランナー〜,-,,ETC,インビリティー,0,1,その他,その他
2025-03-27,MIME Games,Urban Car Driver Simulator: City Explorer Challenge,-,,ETC,MIME Games,0,1,その他,その他
2025-03-27,コーエーテクモゲームス,Winning Post 10 2025,-,YES,ETC,コーエーテクモゲームス,0,1,その他,その他
2025-03-27,Grizzly Games,Zombie Blocks: Pixel Shooter Gun,-,,ETC,Grizzly Games,0,1,その他,その他
2025-03-27,Gametry,Zombie Strike Force,-,,ETC,Gametry,0,1,その他,その他
2025-03-27,ボルテージ,あと1%で運命の恋,-,,ETC,ボルテージ,0,1,その他,その他
2025-03-27,iMel,きら☆かの,-,,ETC,iMel,0,1,その他,その他
2025-03-27,Turtle Flip Studio,どっちがうえ: ギャラクシーゲーム,-,,ETC,Turtle Flip Studio,0,1,その他,その他
2025-03-27,EpiXR Games,アニメダンスダンジョンズアンドダンサーズ,-,,ETC,EpiXR Games,0,1,その他,その他
2025-03-27,SC Ovilex Soft,エアプレーン フライト シミュレーター: コンバット ゾーン,-,,ETC,SC Ovilex Soft,0,1,その他,その他
2025-03-27,Aeternum Game Studios,エデン・サバイバーズ,-,,ETC,Aeternum Game Studios,0,1,その他,その他
2025-03-27,EpiXR Games,キルザエモジ,-,,ETC,EpiXR Games,0,1,その他,その他
2025-03-27,AlignmentSharp,クマ吉&ニャン蔵の爆誕☆破壊神DX,-,,ETC,AlignmentSharp,0,1,その他,その他
2025-03-27,PixelHeart,グラドゥモル,-,,ETC,PixelHeart,0,1,その他,その他
2025-03-27,インティ・クリエイツ,グリム・ガーディアンズ サーヴァント・オブ・ザ・ダーク,-,YES,ETC,インティ・クリエイツ,0,1,その他,その他
2025-03-27,ケムコ,ケムコRPGセレクション Vol.9,-,YES,ETC,ケムコ,0,1,その他,その他
2025-03-27,Lunaria Games,コーヒーの達人になる方法,-,,ETC,Lunaria Games,0,1,その他,その他
2025-03-27,イマジニア,サンリオキャラクターズ ミラクルマッチ マジカルおにごっこ,-,YES,ETC,イマジニア,0,1,その他,その他
2025-03-27,PlayZilla,ジャンブル・クエスト,-,,ETC,PlayZilla,0,1,その他,その他
2025-03-27,NOSTRA GAMES,スウォーム・マッドネス Swarm Madness,-,,ETC,NOSTRA GAMES,0,1,その他,その他
2025-03-27,Happy Player,スターリーピングストーリー,-,,ETC,Happy Player,0,1,その他,その他
2025-03-27,トローゼ,スペシャル ウォーフェア,-,,ETC,トローゼ,0,1,その他,その他
2025-03-27,フロンティアワークス,タユタマ -Kiss on my Deity-,-,,ETC,フロンティアワークス,0,1,その他,その他
2025-03-27,NOSTRA GAMES,ダンスマニア Dance Mania,-,,ETC,NOSTRA GAMES,0,1,その他,その他
2025-03-27,Megame,チェス・イージプト・バトル,-,,ETC,Megame,0,1,その他,その他
2025-03-27,わくわくゲームズ,デバッグ彼女,-,,ETC,わくわくゲームズ,0,1,その他,その他
2025-03-27,ジー・モード,ナンプレ Relax & Classic -Seasons Collection-,-,YES,ETC,ジー・モード,0,1,その他,その他
2025-03-27,We Dig Games,ハムスタープレイグラウンド,-,,ETC,We Dig Games,0,1,その他,その他
2025-03-27,Max Interactive Studio,バブルウィザードサーガ,-,,ETC,Max Interactive Studio,0,1,その他,その他
2025-03-27,Red Fables,ビーチガールズ3: 星座、愛、占い恋愛,-,,ETC,Red Fables,0,1,その他,その他
2025-03-27,ジュピター,ピクロスS Doraemon & F Characters edition,-,,ETC,ジュピター,0,1,その他,その他
2025-03-27,NOSTRA GAMES,ブーメランオブデストラクション Boomerang of Destruction,-,,ETC,NOSTRA GAMES,0,1,その他,その他
2025-03-27,ヤナセゲームズ,マウントクエスト 同級生からマウントを取れ,-,,ETC,ヤナセゲームズ,0,1,その他,その他
2025-03-27,Dystopia Interactive,ランニングトースター,-,,ETC,Dystopia Interactive,0,1,その他,その他
2025-03-27,Starseed Forest,八正道,-,,ETC,Starseed Forest,0,1,その他,その他
2025-03-27,エンターグラム,刹那にかける恋はなび,-,YES,ETC,エンターグラム,0,1,その他,その他
2025-03-27,Upscale Studio,地獄の猫,-,,ETC,Upscale Studio,0,1,その他,その他
2025-03-27,MIZUBLUE GAMES,夢探し部,-,,ETC,MIZUBLUE GAMES,0,1,その他,その他
2025-03-27,不明,夢見ドロップ,-,,ETC,不明,0,1,その他,その他
2025-03-27,Hyper Three Studio,小さな世界・デラックス版,-,,ETC,Hyper Three Studio,0,1,その他,その他
2025-03-27,Halva Studio,燃料ステーションシミュレーター Fuel Station Simulator,-,,ETC,Halva Studio,0,1,その他,その他
2025-03-27,AGE Zero,猫たちが居心地の良いアトリエを訪れる: Cats visiting Cozy Art Studios,-,,ETC,AGE Zero,0,1,その他,その他
2025-03-27,MASK,脳トレ！はらぺこクイズ－世界の料理で脳活アハ活雑学教養ものしりゲーム－,-,,ETC,MASK,0,1,その他,その他
2025-03-27,MASK,脳トレ！国旗クイズ－ゲームで楽しく雑学教養脳活アハ活学習勉強検定－,-,,ETC,MASK,0,1,その他,その他
2025-03-27,14次元,韓国ドローン飛行ツアー河南市,-,,ETC,14次元,0,1,その他,その他
2025-03-27,14次元,韓国ドローン飛行ツアー舞衣島,-,,ETC,14次元,0,1,その他,その他
2025-03-28,Disney Electronic Content,Disney Villains Cursed Café,-,,ETC,Disney Electronic Content,0,1,その他,その他
2025-03-28,ラタライカゲームス,Kara Fantasy,-,,ETC,ラタライカゲームス,0,1,その他,その他
2025-03-28,バンダイナムコエンターテインメント,Project:;COLD case.mirage,-,,ETC,バンダイナムコエンターテインメント,0,1,その他,その他
2025-03-28,Brace Yourself Games,Rift of the NecroDancer,-,,ETC,Brace Yourself Games,0,1,その他,その他
2025-03-28,スクウェア・エニックス,サガ フロンティア2 リマスター,-,,ETC,スクウェア・エニックス,0,1,その他,その他
2025-03-31,Lost Pilgrims Studios,Vagrus - The Riven Realms,-,,ETC,Lost Pilgrims Studios,0,1,その他,その他
2025-04-01,架け橋ゲームズ,SONOKUNI,-,,ETC,架け橋ゲームズ,0,1,その他,その他
2025-04-03,KOSEI YASUDA,5番線おじさん救出編,-,,ETC,KOSEI YASUDA,0,1,その他,その他
2025-04-03,Marginalact,Bedrotting,-,,ETC,Marginalact,0,1,その他,その他
2025-04-03,Penguin Pop Games,Blankspace,-,,ETC,Penguin Pop Games,0,1,その他,その他
2025-04-03,YoboGames,Brain IQTopia,-,,ETC,YoboGames,0,1,その他,その他
2025-04-03,Sometimes You,Caligo,-,,ETC,Sometimes You,0,1,その他,その他
2025-04-03,CGI LAB,Cats Defense Robots: Meow Legends-猫の防衛ロボット: ニャー伝説,-,,ETC,CGI LAB,0,1,その他,その他
2025-04-03,Downmeadowstreet,Cozy Woods,-,,ETC,Downmeadowstreet,0,1,その他,その他
2025-04-03,Marginalact,Croaktopia,-,,ETC,Marginalact,0,1,その他,その他
2025-04-03,TOYURO,CRYKEN part1,-,,ETC,TOYURO,0,1,その他,その他
2025-04-03,eastasiasoft,Dagger Froggy,-,,ETC,eastasiasoft,0,1,その他,その他
2025-04-03,TrueMotion Interactive[注釈 3],Gun Shop Dealer Simulator,-,,ETC,TrueMotion Interactive[注釈 3],0,1,その他,その他
2025-04-03,Pakotime,Hentai Girls: Naughty Astronaut,-,,ETC,Pakotime,0,1,その他,その他
2025-04-03,CGI LAB,Highway Bikers: Moto Racing Simulator - ハイウェイバイカーズ: モトレーシングシミュレーター,-,,ETC,CGI LAB,0,1,その他,その他
2025-04-03,SimulaMaker,Internet Caffe Manager 2025,-,,ETC,SimulaMaker,0,1,その他,その他
2025-04-03,Otorakobo,Irisy Aqua,-,,ETC,Otorakobo,0,1,その他,その他
2025-04-03,Sometimes You,Is This Game Trying to Kill Me?,-,,ETC,Sometimes You,0,1,その他,その他
2025-04-03,DEMENCI Games,Kebab Simulator 2025,-,,ETC,DEMENCI Games,0,1,その他,その他
2025-04-03,Afil Games,Legends Aligned,-,,ETC,Afil Games,0,1,その他,その他
2025-04-03,Gametry,Mighty Mouse Cheese Hunt,-,,ETC,Gametry,0,1,その他,その他
2025-04-03,Kanuni Games,Monster Survivors: Hunting Wilds,-,,ETC,Kanuni Games,0,1,その他,その他
2025-04-03,QUByte Interactive,One Step After Fall,-,,ETC,QUByte Interactive,0,1,その他,その他
2025-04-03,Gametry,Parking Pro: Top-Down Challenge,-,,ETC,Gametry,0,1,その他,その他
2025-04-03,ペレニアル・ハーツ,Perfect Hand of Nostalpix,-,,ETC,ペレニアル・ハーツ,0,1,その他,その他
2025-04-03,Pix Arts,Pix Arts Masters Tennis,-,,ETC,Pix Arts,0,1,その他,その他
2025-04-03,Grizzly Games,Primitive Life Simulator,-,,ETC,Grizzly Games,0,1,その他,その他
2025-04-03,Ziggurat,Rendering Ranger: R²［Rewind］,-,,ETC,Ziggurat,0,1,その他,その他
2025-04-03,TERNOX,Scrap Divers,-,,ETC,TERNOX,0,1,その他,その他
2025-04-03,Tower Studios,Sociable Soccer 25,-,,ETC,Tower Studios,0,1,その他,その他
2025-04-03,Sometimes You,Sol Dorado Heist,-,,ETC,Sometimes You,0,1,その他,その他
2025-04-03,Testagamercreations,SPACE TRUCK SIMULATOR,-,,ETC,Testagamercreations,0,1,その他,その他
2025-04-03,TrueMotion Interactive,Supermarket Simulator 2024,-,,ETC,TrueMotion Interactive,0,1,その他,その他
2025-04-03,Axyos Games,The Renovator: Origins,-,,ETC,Axyos Games,0,1,その他,その他
2025-04-03,ChillyRoom,The World of Kungfu: Dragon and Eagle,-,,ETC,ChillyRoom,0,1,その他,その他
2025-04-03,Burlea Games Studio,Trade Em Up: TCG Empire Shop,-,,ETC,Burlea Games Studio,0,1,その他,その他
2025-04-03,Grizzly Games,Vampires and Knights: Eclipse Survival & Magic Craft,-,,ETC,Grizzly Games,0,1,その他,その他
2025-04-03,Yellow ink,WW2 Soldiers of Honor - Warzone Assault,-,,ETC,Yellow ink,0,1,その他,その他
2025-04-03,ロブスタジオ,Zombie Police 〜ゾンビ刑事と踊るクリスマス〜,-,,ETC,ロブスタジオ,0,1,その他,その他
2025-04-03,kids room,おちどり索子,-,,ETC,kids room,0,1,その他,その他
2025-04-03,MASK,こども向けまちがいさがし－ひらめきIQかわいい脳トレ脳活アハ活間違い探し－,-,,ETC,MASK,0,1,その他,その他
2025-04-03,RedDeerGames,ねこ ベーカリー,-,,ETC,RedDeerGames,0,1,その他,その他
2025-04-03,MASK,クイズ！世界のにゃんこことわざ－猫ネコ癒しの雑学教養トリビア学習豆知識テスト－,-,,ETC,MASK,0,1,その他,その他
2025-04-03,Evgheni Carasiov,サイバースレイヤー 後悔する時間はない,-,,ETC,Evgheni Carasiov,0,1,その他,その他
2025-04-03,NOSTRA GAMES,ショッピングフィーバー Shopping Fever,-,,ETC,NOSTRA GAMES,0,1,その他,その他
2025-04-03,QubicGames,ジョニートリガー,-,,ETC,QubicGames,0,1,その他,その他
2025-04-03,Adrian Corbalan Soria,スペースバトル,-,,ETC,Adrian Corbalan Soria,0,1,その他,その他
2025-04-03,Lucid Dreams Studio,バイオモーフ（英語版）,-,,ETC,Lucid Dreams Studio,0,1,その他,その他
2025-04-03,NOSTRA GAMES,フォレストカフェ Forest Cafe,-,,ETC,NOSTRA GAMES,0,1,その他,その他
2025-04-03,Thermite Games,ローンスター,-,,ETC,Thermite Games,0,1,その他,その他
2025-04-03,Spider Nest Games,ヴォルト・オブ・ザ・ヴォイド,-,,ETC,Spider Nest Games,0,1,その他,その他
2025-04-03,HERO GAME,一条の死角,-,,ETC,HERO GAME,0,1,その他,その他
2025-04-03,HUNTERS,不思議なペット もんぺーちこり,-,,ETC,HUNTERS,0,1,その他,その他
2025-04-03,SAT-BOX,作って!お好み焼き,-,,ETC,SAT-BOX,0,1,その他,その他
2025-04-03,レジスタ,猫様の空き地からの脱出,-,,ETC,レジスタ,0,1,その他,その他
2025-04-03,MASK,知って得する！英語略語クイズ－身につく差がつくEnglish雑学教養豆知識学習テスト－,-,,ETC,MASK,0,1,その他,その他
2025-04-03,14次元,韓国ドローン飛行ツアー東江,-,,ETC,14次元,0,1,その他,その他
2025-04-04,Gamuzumi,Warriors Waifus Mahjong,-,,ETC,Gamuzumi,0,1,その他,その他
2025-04-04,Shinyuden,であえ殿様あっぱれ一番,-,,ETC,Shinyuden,0,1,その他,その他
2025-04-04,ケムコ,双翼世界の精霊勇者,-,,ETC,ケムコ,0,1,その他,その他
2025-04-10,CGI LAB,Aircraft Legends: Flight Academy Simulator-航空機伝説: フライトアカデミーシミュレーター,-,,ETC,CGI LAB,0,1,その他,その他
2025-04-10,Pakotime,Anime Girls: Bouncy Basketball,-,,ETC,Pakotime,0,1,その他,その他
2025-04-10,Sometimes You,Detective From The Crypt,-,,ETC,Sometimes You,0,1,その他,その他
2025-04-10,Great Escape Games Publishing,Electronics Supermarket Simulator,-,,ETC,Great Escape Games Publishing,0,1,その他,その他
2025-04-10,Baltoro Minis,Formula Racing Pro 2025,-,,ETC,Baltoro Minis,0,1,その他,その他
2025-04-10,Grizzly Games,Gladiators Simulator: The Champions of Liberty,-,,ETC,Grizzly Games,0,1,その他,その他
2025-04-10,17Studio,Hentai Puzzle: Muscular Guys,-,,ETC,17Studio,0,1,その他,その他
2025-04-10,Downmeadowstreet,Item Frenzy,-,,ETC,Downmeadowstreet,0,1,その他,その他
2025-04-10,Maximum Entertainment,Leo & Mia: Animal Rescue,-,,ETC,Maximum Entertainment,0,1,その他,その他
2025-04-10,QubicGames,MasterChef: Learn to Cook!,-,,ETC,QubicGames,0,1,その他,その他
2025-04-10,Sometimes You,Mortisomem,-,,ETC,Sometimes You,0,1,その他,その他
2025-04-10,Trefl S.A,Pets & Friends,-,,ETC,Trefl S.A,0,1,その他,その他
2025-04-10,RedDeerGames,Pilo and the Holobook,-,,ETC,RedDeerGames,0,1,その他,その他
2025-04-10,ブシロードゲームズ,PROGRESS ORDERS,-,YES,ETC,ブシロードゲームズ,0,1,その他,その他
2025-04-10,eastasiasoft,Project Starship,-,,ETC,eastasiasoft,0,1,その他,その他
2025-04-10,グラビティゲームアライズ,SNOW BROS. 2 SPECIAL,-,YES,ETC,グラビティゲームアライズ,0,1,その他,その他
2025-04-10,Afil Games,Stellar Docks: Deep Space,-,,ETC,Afil Games,0,1,その他,その他
2025-04-10,SOURCE BYTE,Wheel of Words: Crossword,-,,ETC,SOURCE BYTE,0,1,その他,その他
2025-04-10,ブルースピードスタジオ,Wind Story,-,,ETC,ブルースピードスタジオ,0,1,その他,その他
2025-04-10,サイバーステップ,おしかけねーちゃん Can I crash at your place?,-,,ETC,サイバーステップ,0,1,その他,その他
2025-04-10,MASK,この人どーこだ－ひらめき絵さがし脳トレIQ脳活アハ活ちえあそびゲーム－,-,,ETC,MASK,0,1,その他,その他
2025-04-10,サクセス,とんとん,-,,ETC,サクセス,0,1,その他,その他
2025-04-10,TT,まちがいさがし探偵－間違い探しで脳トレ脳活アハ活ひらめきIQテスト－,-,,ETC,TT,0,1,その他,その他
2025-04-10,TT,まちがいさがし美術館－名画で脳トレ脳活アハ活ひらめきIQひまつぶしクイズ－,-,,ETC,TT,0,1,その他,その他
2025-04-10,SNK,アケアカNEOGEO セレクション Vol.3,-,YES,ETC,SNK,0,1,その他,その他
2025-04-10,●,アケアカNEOGEO セレクション Vol.4,-,,ETC,●,0,1,その他,その他
2025-04-10,EpiXR Games,ウィンドボーン コンクリートジャングル,-,,ETC,EpiXR Games,0,1,その他,その他
2025-04-10,アライアンス・アーツ,オールインアビス イカサマサバキ,-,YES,ETC,アライアンス・アーツ,0,1,その他,その他
2025-04-10,KAMITSUBAKI STUDIO,ガールズメイドプディング,-,,ETC,KAMITSUBAKI STUDIO,0,1,その他,その他
2025-04-10,YoboGames,スイカ・ウォーター・ワールド,-,,ETC,YoboGames,0,1,その他,その他
2025-04-10,NOSTRA GAMES,スカルパイレーツアドベンチャーズ Skull Pirates: Adventures,-,,ETC,NOSTRA GAMES,0,1,その他,その他
2025-04-10,3goo,スター・オーバードライブ,-,YES,ETC,3goo,0,1,その他,その他
2025-04-10,Megame,スナイパー スコープ シューター,-,,ETC,Megame,0,1,その他,その他
2025-04-10,タイトー,タイムギャル リバース,-,,ETC,タイトー,0,1,その他,その他
2025-04-10,EpiXR Games,バトルパズルスペースガール,-,,ETC,EpiXR Games,0,1,その他,その他
2025-04-10,Kaizen Game Works,プロミス・マスコットエージェンシー,-,,ETC,Kaizen Game Works,0,1,その他,その他
2025-04-10,Shinyuden,ポップスリンガーVol.2「ラブレス」,-,,ETC,Shinyuden,0,1,その他,その他
2025-04-10,MAGES.,メモリーズオフ 双想 〜Not always true〜,-,YES,ETC,MAGES.,0,1,その他,その他
2025-04-10,Stamina Zero,リトル・ドロイド,-,,ETC,Stamina Zero,0,1,その他,その他
2025-04-10,BD Games,リミックス,-,,ETC,BD Games,0,1,その他,その他
2025-04-10,Cooking & Publishing,再会の時・失われた愛を探して,-,,ETC,Cooking & Publishing,0,1,その他,その他
2025-04-10,Red Fables,刑務所恋愛: 犯罪アニメ少女ギャルゲー,-,,ETC,Red Fables,0,1,その他,その他
2025-04-10,Red Fables,刑務所恋愛: 犯罪アニメ少年乙女ゲーム,-,,ETC,Red Fables,0,1,その他,その他
2025-04-10,Shanghai QuanYu Network Technology,地下迷宮の商人,-,,ETC,Shanghai QuanYu Network Technology,0,1,その他,その他
2025-04-10,Cooking & Publishing,恋の予感,-,,ETC,Cooking & Publishing,0,1,その他,その他
2025-04-10,Happy Player,無夢の少女,-,,ETC,Happy Player,0,1,その他,その他
2025-04-10,サイバーステップ,美少女スナップ!メタモル写真クラブ School Photo Transformer,-,,ETC,サイバーステップ,0,1,その他,その他
2025-04-10,14次元,韓国ドローン飛行ツアー有明山,-,,ETC,14次元,0,1,その他,その他
2025-04-10,14次元,韓国ドローン飛行ツアー熊島,-,,ETC,14次元,0,1,その他,その他
2025-04-11,ラタライカゲームス,Mayhem Mail,-,,ETC,ラタライカゲームス,0,1,その他,その他
2025-04-11,GAME NACIONAL,猫ミルク2,-,,ETC,GAME NACIONAL,0,1,その他,その他
2025-04-15,Ustwo Games（英語版）,Monument Valley,-,,ETC,Ustwo Games（英語版）,0,1,その他,その他
2025-04-15,不明,Monument Valley 2（英語版）,-,,ETC,不明,0,1,その他,その他
2025-04-17,TT,4択クイズ 華麗なる百人一首－遊んで学べる雑学教養文学勉強学習ゲーム－,-,,ETC,TT,0,1,その他,その他
2025-04-17,Burlea Games Studio,Barista Coffee Simulator,-,,ETC,Burlea Games Studio,0,1,その他,その他
2025-04-17,DubassGames,Barista Simulator 2025,-,,ETC,DubassGames,0,1,その他,その他
2025-04-17,Trefl S.A,Capybara Zen,-,,ETC,Trefl S.A,0,1,その他,その他
2025-04-17,DEZVOLT GAMES,Chained Survive Together,-,,ETC,DEZVOLT GAMES,0,1,その他,その他
2025-04-17,Minimol,Chessarama,-,,ETC,Minimol,0,1,その他,その他
2025-04-17,Afil Games,Chippy's Stash,-,,ETC,Afil Games,0,1,その他,その他
2025-04-17,Red Fables,Cozy Earth: ハワイ島恋愛アニメ少女,-,,ETC,Red Fables,0,1,その他,その他
2025-04-17,Red Fables,Cozy Earth: ハワイ島恋愛アニメ少年,-,,ETC,Red Fables,0,1,その他,その他
2025-04-17,Tashlik,Digging A Hole Simulator,-,,ETC,Tashlik,0,1,その他,その他
2025-04-17,Grizzly Games,Dragons Legacy: Monsters Lair,-,,ETC,Grizzly Games,0,1,その他,その他
2025-04-17,GZOE,Dungeon Slide,-,,ETC,GZOE,0,1,その他,その他
2025-04-17,Pakotime,Hentai Girls: Daring Detective,-,,ETC,Pakotime,0,1,その他,その他
2025-04-17,17Studio,Hentai Puzzle: Cyber Girls,-,,ETC,17Studio,0,1,その他,その他
2025-04-17,Casual Brothers,Hot Rod Mayhem,-,,ETC,Casual Brothers,0,1,その他,その他
2025-04-17,RandomSpin Games,I Am Busy Digging a Hole,-,,ETC,RandomSpin Games,0,1,その他,その他
2025-04-17,Atari,"I, Robot（英語版）",-,,ETC,Atari,0,1,その他,その他
2025-04-17,NAISU,Leila,-,,ETC,NAISU,0,1,その他,その他
2025-04-17,indie.io,LunarLux,-,,ETC,indie.io,0,1,その他,その他
2025-04-17,CGI LAB,Medieval Supermarket Shop Simulator-中世のスーパーマーケットショップシミュレーター,-,,ETC,CGI LAB,0,1,その他,その他
2025-04-17,Gametry,Monster Popper,-,,ETC,Gametry,0,1,その他,その他
2025-04-17,eastasiasoft,Moving Houses,-,,ETC,eastasiasoft,0,1,その他,その他
2025-04-17,BoggySoft,ONLY UP!,-,,ETC,BoggySoft,0,1,その他,その他
2025-04-17,アイディアファクトリー,OVER REQUIEMZ,-,YES,ETC,アイディアファクトリー,0,1,その他,その他
2025-04-17,Vidas Games,Planeta 55,-,,ETC,Vidas Games,0,1,その他,その他
2025-04-17,Soroka Games,Pool With Me,-,,ETC,Soroka Games,0,1,その他,その他
2025-04-17,SP Games,Prince of Wallachia「ワラキア公」,-,,ETC,SP Games,0,1,その他,その他
2025-04-17,NetEase Games,Rusty Rabbit（英語版）,-,YES,ETC,NetEase Games,0,1,その他,その他
2025-04-17,Noodlecake,Sacre Bleu,-,,ETC,Noodlecake,0,1,その他,その他
2025-04-17,Tashlik,Schoolboy Escape,-,,ETC,Tashlik,0,1,その他,その他
2025-04-17,TrueMotion Interactive,SchoolBoy Simulator,-,,ETC,TrueMotion Interactive,0,1,その他,その他
2025-04-17,Quantum Arcade Limited[注釈 4],Silent Mist,-,,ETC,Quantum Arcade Limited[注釈 4],0,1,その他,その他
2025-04-17,Flynn's Arcade,Skies Above スカイズ・アバブ,-,,ETC,Flynn's Arcade,0,1,その他,その他
2025-04-17,Trefl S.A,Spy Guy Jigsaw Fun,-,,ETC,Trefl S.A,0,1,その他,その他
2025-04-17,The Cult Games,Tempopo,-,,ETC,The Cult Games,0,1,その他,その他
2025-04-17,Silesia Games,Vinebound: Tangled Together,-,,ETC,Silesia Games,0,1,その他,その他
2025-04-17,TT,アハ！脳トレまちがいさがし－ゲームでアハ活脳トレ脳活ひらめきIQ1か所間違い探し－,-,,ETC,TT,0,1,その他,その他
2025-04-17,トローゼ,イカれた狩り場の看板娘,-,,ETC,トローゼ,0,1,その他,その他
2025-04-17,RedDeerGames,コージー ステッチ パズル,-,,ETC,RedDeerGames,0,1,その他,その他
2025-04-17,Smilegate,シクスターゲート:スターゲイザー,-,,ETC,Smilegate,0,1,その他,その他
2025-04-17,NOSTRA GAMES,ストリートフードレストランオーナー Street Food Restaurant Owner,-,,ETC,NOSTRA GAMES,0,1,その他,その他
2025-04-17,Max Interactive Studio,バブルウィザードIIサーガ,-,,ETC,Max Interactive Studio,0,1,その他,その他
2025-04-17,SAT-BOX,バレずに夜ふかし,-,,ETC,SAT-BOX,0,1,その他,その他
2025-04-17,ロケットパンダゲームズKADOKAWA Game Linkage,ファントムブレイカー:バトルグラウンド アルティメット,-,YES,ETC,ロケットパンダゲームズKADOKAWA Game Linkage,0,1,その他,その他
2025-04-17,イマジニア,ポーカーソリティア,-,,ETC,イマジニア,0,1,その他,その他
2025-04-17,EpiXR Games,マススパルズ,-,,ETC,EpiXR Games,0,1,その他,その他
2025-04-17,H2 INTERACTIVE,メインフレーム,-,,ETC,H2 INTERACTIVE,0,1,その他,その他
2025-04-17,Cooking & Publishing,三人で恋をした・それは選べない運命,-,,ETC,Cooking & Publishing,0,1,その他,その他
2025-04-17,Gamirror Games,思考実験シミュレーター,-,,ETC,Gamirror Games,0,1,その他,その他
2025-04-17,TT,早押し！英単語テスト－4択クイズで英会話学習勉強教養脳トレゲーム－,-,,ETC,TT,0,1,その他,その他
2025-04-17,Error 300 Games,物探しの達人:イースターエッグがない,-,,ETC,Error 300 Games,0,1,その他,その他
2025-04-17,MASK,脳トレ！くるくるお城パズル－ゲームで楽しむ日本の名城ひらめき脳トレ脳活回転パズル－,-,,ETC,MASK,0,1,その他,その他
2025-04-17,MASK,脳トレクイズ 本物を探せ！－ゲームで鍛える脳活アハ活雑学教養診断テスト－,-,,ETC,MASK,0,1,その他,その他
2025-04-17,MASK,脳トレ詰み将棋 神の一手－クイズでかんたん一手詰め将棋脳トレ脳活アハ活ゲーム－,-,,ETC,MASK,0,1,その他,その他
2025-04-17,QubicGames,進撃のブラックホール,-,,ETC,QubicGames,0,1,その他,その他
2025-04-17,14次元,韓国ドローン飛行ツアー濟扶島,-,,ETC,14次元,0,1,その他,その他
2025-04-18,ガンホー・オンライン・エンターテイメント,LUNAR リマスターコレクション,-,,ETC,ガンホー・オンライン・エンターテイメント,0,1,その他,その他
2025-04-18,ラタライカゲームス,Thrill Penguin,-,,ETC,ラタライカゲームス,0,1,その他,その他
2025-04-23,Afil Games,Out of Moves,-,,ETC,Afil Games,0,1,その他,その他
2025-04-24,MASK,4択クイズ 小学生で知りたい月と太陽 〜クイズでかんたん学習教養勉強ゲーム〜,-,,ETC,MASK,0,1,その他,その他
2025-04-24,Valorware,9th Dawn Remake - ナインス・ドーン・リメイク,-,,ETC,Valorware,0,1,その他,その他
2025-04-24,XenoXeno,Airport Manager Simulator 2025,-,,ETC,XenoXeno,0,1,その他,その他
2025-04-24,TrueMotion Interactive,Ale Tavern Master,-,,ETC,TrueMotion Interactive,0,1,その他,その他
2025-04-24,Mameshiba Games,Ambidextro,-,,ETC,Mameshiba Games,0,1,その他,その他
2025-04-24,NiuGamer,ANNIE:Last Hope,-,,ETC,NiuGamer,0,1,その他,その他
2025-04-24,IndieGamesStarter,Atama,-,,ETC,IndieGamesStarter,0,1,その他,その他
2025-04-24,Afil Games,Bee Flowers: Royal Garden,-,,ETC,Afil Games,0,1,その他,その他
2025-04-24,ESDigital Games,Capy's Quest,-,,ETC,ESDigital Games,0,1,その他,その他
2025-04-24,Vidas Games,Cave of Illusions,-,,ETC,Vidas Games,0,1,その他,その他
2025-04-24,Great Escape Games Publishing,Clothes & Outlet Supermarket Store Simulator,-,,ETC,Great Escape Games Publishing,0,1,その他,その他
2025-04-24,QUByte Interactive,Deep Deep Deep Nightmare,-,,ETC,QUByte Interactive,0,1,その他,その他
2025-04-24,CGI LAB,ESCAPE BACKROOMS: DARKNESS HORROR-エスケープ・バックルームズ: 暗闇の恐怖,-,,ETC,CGI LAB,0,1,その他,その他
2025-04-24,eastasiasoft,Hegzis,-,,ETC,eastasiasoft,0,1,その他,その他
2025-04-24,17Studio,Hentai Puzzle: Volleyball Girls,-,,ETC,17Studio,0,1,その他,その他
2025-04-24,アニプレックス,HUNDRED LINE -最終防衛学園-,-,YES,ETC,アニプレックス,0,1,その他,その他
2025-04-24,Great Escape Games Publishing,Internet Club & Cafe Simulator,-,,ETC,Great Escape Games Publishing,0,1,その他,その他
2025-04-24,GlobalGameStudio,Kart Racing Star Simulator Game,-,,ETC,GlobalGameStudio,0,1,その他,その他
2025-04-24,Baltoro Games,Ludomania,-,,ETC,Baltoro Games,0,1,その他,その他
2025-04-24,Pix Arts,Masters Bowling,-,,ETC,Pix Arts,0,1,その他,その他
2025-04-24,Asylum Square Interactive,Nanostorm,-,,ETC,Asylum Square Interactive,0,1,その他,その他
2025-04-24,BoggySoft,R.E.P.O. Horror,-,,ETC,BoggySoft,0,1,その他,その他
2025-04-24,Halva Studio,siMarket Cloth Store Simulator: シマーケット ふくやさん シミュレーター,-,,ETC,Halva Studio,0,1,その他,その他
2025-04-24,Pakotime,Sugoi Girls: Delhi Darling,-,,ETC,Pakotime,0,1,その他,その他
2025-04-24,Dreamhaven（英語版）,Sunderfolk,-,,ETC,Dreamhaven（英語版）,0,1,その他,その他
2025-04-24,RedDeerGames,Sunseed Island,-,,ETC,RedDeerGames,0,1,その他,その他
2025-04-24,ディースリー・パブリッシャー,どこかで見た“あのゲー”ムたちをもっと激しく作ってみたけれど、棒人間には限界があった件。,-,,ETC,ディースリー・パブリッシャー,0,1,その他,その他
2025-04-24,スターサイン,ゴルフUpトロピカル,-,,ETC,スターサイン,0,1,その他,その他
2025-04-24,NOSTRA GAMES,ジャンピングボーイ Jumping Boy,-,,ETC,NOSTRA GAMES,0,1,その他,その他
2025-04-24,アークシステムワークス,テクノス ザ・ワールド くにおくん & アーケードコレクション,-,YES,ETC,アークシステムワークス,0,1,その他,その他
2025-04-24,コスモマキアー,トリガーハート エグゼリカ エンハンスド,-,YES,ETC,コスモマキアー,0,1,その他,その他
2025-04-24,Spelkollektivet,マンチー・ママルズ,-,,ETC,Spelkollektivet,0,1,その他,その他
2025-04-24,Evgheni Carasiov,ユーロカー駐車シミュレーター2025,-,,ETC,Evgheni Carasiov,0,1,その他,その他
2025-04-24,ブシロードゲームズ,ラブライブ!虹ヶ咲学園スクールアイドル同好会 トキメキの未来地図,-,YES,ETC,ブシロードゲームズ,0,1,その他,その他
2025-04-24,Red Fables,医療検査科学:総合病院におけるアニメの医師の恋,-,,ETC,Red Fables,0,1,その他,その他
2025-04-24,Red Fables,医療検査科学:総合病院のアニメナース・ラブ,-,,ETC,Red Fables,0,1,その他,その他
2025-04-24,サイバーステップ,夢現しろっぷ - Dreamy Syrup -,-,,ETC,サイバーステップ,0,1,その他,その他
2025-04-24,MASK,大人のクイズ 世界遺産－知っておきたい雑学教養4択ゲームで豆知識テスト－,-,,ETC,MASK,0,1,その他,その他
2025-04-24,TT,早押し！難読どうぶつクイズ －4択クイズで漢字学習勉強教養動物脳トレゲーム－,-,,ETC,TT,0,1,その他,その他
2025-04-24,エンターグラム,根暗なクラスメイトが俺の胃袋を掴んで放してくれない,-,YES,ETC,エンターグラム,0,1,その他,その他
2025-04-24,MAGES.,爆盛食堂,-,,ETC,MAGES.,0,1,その他,その他
2025-04-24,AGE Zero,猫は歴史的な時代を訪れる: Cats Visiting Historical Times,-,,ETC,AGE Zero,0,1,その他,その他
2025-04-24,AlignmentSharp,脱出ゲーム R00M03,-,,ETC,AlignmentSharp,0,1,その他,その他
2025-04-24,アフィリティー,至れり尽くせリ,-,,ETC,アフィリティー,0,1,その他,その他
2025-04-24,coly,金田一耕助シリーズ 本陣殺人事件,-,,ETC,coly,0,1,その他,その他
2025-04-24,14次元,韓国ドローン飛行ツアー黔丹山,-,,ETC,14次元,0,1,その他,その他
2025-04-25,Gamuzumi,Sakura Bunny Girls,-,,ETC,Gamuzumi,0,1,その他,その他
2025-04-25,ラタライカゲームス,The Fairy's Secret,-,,ETC,ラタライカゲームス,0,1,その他,その他
2025-04-25,ケムコ,ヘルメネウスの箱庭,-,,ETC,ケムコ,0,1,その他,その他
2025-04-25,ゲームスタジオ,青鬼 ブルーベリー温泉の怪異,-,,ETC,ゲームスタジオ,0,1,その他,その他
2025-04-29,新世界I&C,オグと秘密の森,-,YES,ETC,新世界I&C,0,1,その他,その他
2025-04-30,マイルストーン（英語版）PLAION（英語版）,MotoGP 25,-,YES,ETC,マイルストーン（英語版）PLAION（英語版）,0,1,その他,その他
2025-04-30,Afil Games,Mystic Pathways,-,,ETC,Afil Games,0,1,その他,その他
2025-05-01,eastasiasoft,Blazing Trail,-,,ETC,eastasiasoft,0,1,その他,その他
2025-05-01,PLAYISM,CATO,-,,ETC,PLAYISM,0,1,その他,その他
2025-05-01,Downmeadowstreet,Cozy Tides,-,,ETC,Downmeadowstreet,0,1,その他,その他
2025-05-01,TOYURO,CRYKEN part2,-,,ETC,TOYURO,0,1,その他,その他
2025-05-01,hcnone,Endless Monday: Dreams and Deadlines,-,,ETC,hcnone,0,1,その他,その他
2025-05-01,Downmeadowstreet,Fantasy Grove,-,,ETC,Downmeadowstreet,0,1,その他,その他
2025-05-01,Fun Games Studio[注釈 5],Fantasy RPG: Raid Legends,-,,ETC,Fun Games Studio[注釈 5],0,1,その他,その他
2025-05-01,Afil Games,Fit and Fry,-,,ETC,Afil Games,0,1,その他,その他
2025-05-01,Samustai,Gnomes and Knights,-,,ETC,Samustai,0,1,その他,その他
2025-05-01,Pakotime,Hentai Girls: Postal Passion,-,,ETC,Pakotime,0,1,その他,その他
2025-05-01,Downmeadowstreet,Hike Haven,-,,ETC,Downmeadowstreet,0,1,その他,その他
2025-05-01,Great Escape Games Publishing,Hotel Business Simulator,-,,ETC,Great Escape Games Publishing,0,1,その他,その他
2025-05-01,David Amado Fernández,Hundred Fires: The Rising of Red Star - Complete Edition,-,,ETC,David Amado Fernández,0,1,その他,その他
2025-05-01,Mindscape,Leif's Adventure: Netherworld Hero,-,,ETC,Mindscape,0,1,その他,その他
2025-05-01,Downmeadowstreet,Lush Grove,-,,ETC,Downmeadowstreet,0,1,その他,その他
2025-05-01,CGI LAB,Madagascar: Zoo Animals Adventures - マダガスカル: 動物園の動物の冒険,-,,ETC,CGI LAB,0,1,その他,その他
2025-05-01,Downmeadowstreet,Magic Valley Hike,-,,ETC,Downmeadowstreet,0,1,その他,その他
2025-05-01,Yellow ink,Max Cyber Shooter,-,,ETC,Yellow ink,0,1,その他,その他
2025-05-01,Pdpartid@games,Orphans,-,,ETC,Pdpartid@games,0,1,その他,その他
2025-05-01,Downmeadowstreet,Sakura Haven,-,,ETC,Downmeadowstreet,0,1,その他,その他
2025-05-01,Gametry,Sprint for Survival,-,,ETC,Gametry,0,1,その他,その他
2025-05-01,Quantum Arcade Limited,Squirrel Madness,-,,ETC,Quantum Arcade Limited,0,1,その他,その他
2025-05-01,Noobles Studio,Stasis Valley,-,,ETC,Noobles Studio,0,1,その他,その他
2025-05-01,Gametry,Urban Showdown,-,,ETC,Gametry,0,1,その他,その他
2025-05-01,Alexander Taylor,Witching Stone,-,,ETC,Alexander Taylor,0,1,その他,その他
2025-05-01,アニプレックス,たねつみの歌,-,,ETC,アニプレックス,0,1,その他,その他
2025-05-01,エイジ,にゃんにゃんガールズ,-,,ETC,エイジ,0,1,その他,その他
2025-05-01,トムクリエイト,アースセイバー,-,,ETC,トムクリエイト,0,1,その他,その他
2025-05-01,Worm Club,カエル探偵の事件簿,-,,ETC,Worm Club,0,1,その他,その他
2025-05-01,HazeSoft,ストリートストーリー:山崎快斗,-,,ETC,HazeSoft,0,1,その他,その他
2025-05-01,NOSTRA GAMES,スライド・ディフェンダーズ Slide Defenders,-,,ETC,NOSTRA GAMES,0,1,その他,その他
2025-05-01,テヨンジャパン,チェルノブライト（英語版）,-,,ETC,テヨンジャパン,0,1,その他,その他
2025-05-01,Upscale Studio,トレインラックス・鉄道パズルシミュレーター,-,,ETC,Upscale Studio,0,1,その他,その他
2025-05-01,Upscale Studio,バンカー22,-,,ETC,Upscale Studio,0,1,その他,その他
2025-05-01,kids room,ヒフミか シゴロか,-,,ETC,kids room,0,1,その他,その他
2025-05-01,EpiXR Games,ビヨンドメモリーズ テールズフロムザハート,-,,ETC,EpiXR Games,0,1,その他,その他
2025-05-01,Leoful,ポーランドボールゲーム,-,,ETC,Leoful,0,1,その他,その他
2025-05-01,サクセス,合体防御 花の守人と森の魔女,-,,ETC,サクセス,0,1,その他,その他
2025-05-01,BOCSTE,市立カクレザ図書館,-,,ETC,BOCSTE,0,1,その他,その他
2025-05-01,MASK,早押しクイズ 社会科の時間－ゲームで身につく雑学教養脳トレ小学生教科書テスト－,-,,ETC,MASK,0,1,その他,その他
2025-05-01,KAMIICHI DIGITAL,視覚と手の対称性についての仮説,-,,ETC,KAMIICHI DIGITAL,0,1,その他,その他
2025-05-01,SAT-BOX,釣って!魚つり,-,,ETC,SAT-BOX,0,1,その他,その他
2025-05-01,カイロソフト,銀盤スケートリンク物語,-,,ETC,カイロソフト,0,1,その他,その他
2025-05-01,14次元,韓国ドローン飛行ツアー一山湖水公園,-,,ETC,14次元,0,1,その他,その他
2025-05-01,14次元,韓国ドローン飛行ツアー小金剛,-,,ETC,14次元,0,1,その他,その他
2025-05-01,14次元,韓国ドローン飛行ツアー東檢島,-,,ETC,14次元,0,1,その他,その他
2025-05-01,14次元,韓国ドローン飛行ツアー華道面,-,,ETC,14次元,0,1,その他,その他
2025-05-02,ラタライカゲームス,Nico Saves The State,-,,ETC,ラタライカゲームス,0,1,その他,その他
2025-05-02,Devolver Digital,Shotgun Cop Man,-,,ETC,Devolver Digital,0,1,その他,その他
2025-05-02,GAME NACIONAL,武士,-,,ETC,GAME NACIONAL,0,1,その他,その他
2025-05-07,SNEG,Captain Blood,-,,ETC,SNEG,0,1,その他,その他
2025-05-08,Baltoro Minis,Airborne Grannies 飛び出せ!おばあちゃん,-,,ETC,Baltoro Minis,0,1,その他,その他
2025-05-08,Pakotime,Anime Girls: Royal Romance,-,,ETC,Pakotime,0,1,その他,その他
2025-05-08,Baltoro Minis,Bubble Cats Rescue バブルキャットレスキュー,-,,ETC,Baltoro Minis,0,1,その他,その他
2025-05-08,RedDeerGames,Cat&Rabbit Pizza Farming,-,,ETC,RedDeerGames,0,1,その他,その他
2025-05-08,2P Games,Chaos Galaxy 2,-,,ETC,2P Games,0,1,その他,その他
2025-05-08,Playtonic Friends（英語版）,Dunk Dunk,-,,ETC,Playtonic Friends（英語版）,0,1,その他,その他
2025-05-08,Afil Games,Ellphaser,-,,ETC,Afil Games,0,1,その他,その他
2025-05-08,Sadi Makes Games,Kitten Lost Her Box,-,,ETC,Sadi Makes Games,0,1,その他,その他
2025-05-08,Illam,Mirage: Ignis Fatuus,-,,ETC,Illam,0,1,その他,その他
2025-05-08,eastasiasoft,Moe Waifu H Push-Box,-,,ETC,eastasiasoft,0,1,その他,その他
2025-05-08,PenGames,MOMIBOSU,-,,ETC,PenGames,0,1,その他,その他
2025-05-08,Gametry,Operation: Hostage Rescue,-,,ETC,Gametry,0,1,その他,その他
2025-05-08,Baltoro Minis,Pocket Foosball ポケット・フーズボール,-,,ETC,Baltoro Minis,0,1,その他,その他
2025-05-08,Baltoro Minis,Quick Golf クイックゴルフ,-,,ETC,Baltoro Minis,0,1,その他,その他
2025-05-08,Ultimate Games,Ship Graveyard Simulator 2,-,,ETC,Ultimate Games,0,1,その他,その他
2025-05-08,Great Ave Games[注釈 6],Skydiving Simulator: Wingsuit Flight,-,,ETC,Great Ave Games[注釈 6],0,1,その他,その他
2025-05-08,eastasiasoft,Submarine Survivor,-,,ETC,eastasiasoft,0,1,その他,その他
2025-05-08,Snapbreak Games,The Abandoned Planet,-,,ETC,Snapbreak Games,0,1,その他,その他
2025-05-08,Take IT Studio!,There's a Gun in the Office,-,,ETC,Take IT Studio!,0,1,その他,その他
2025-05-08,Brinemedia,Trash is Fun,-,,ETC,Brinemedia,0,1,その他,その他
2025-05-08,Testagamercreations,Truck Simulator 25 - American Driver,-,,ETC,Testagamercreations,0,1,その他,その他
2025-05-08,Brainium Games,Undivine,-,,ETC,Brainium Games,0,1,その他,その他
2025-05-08,KONAMI,ときめきメモリアル 〜forever with you〜 エモーショナル,-,YES,ETC,KONAMI,0,1,その他,その他
2025-05-08,GazeGames Interactive,ふわふわスネーク,-,,ETC,GazeGames Interactive,0,1,その他,その他
2025-05-08,モバイルインターネットテクノロジー,わくわくゲームファクトリー Mind Render 作って遊んでシェアしよう!,-,,ETC,モバイルインターネットテクノロジー,0,1,その他,その他
2025-05-08,NOSTRA GAMES,カクテルラッシュ Cocktail Rush,-,,ETC,NOSTRA GAMES,0,1,その他,その他
2025-05-08,EpiXR Games,キルザエモジ2,-,,ETC,EpiXR Games,0,1,その他,その他
2025-05-08,Red Fables,サイコキラー少女との禁断の恋愛:ホラーゲームシリーズ - 愛の物語,-,,ETC,Red Fables,0,1,その他,その他
2025-05-08,Red Fables,シリアルキラーとの禁断の恋愛:ホラーゲームシリーズ〜愛の物語〜,-,,ETC,Red Fables,0,1,その他,その他
2025-05-08,BeautifulBee,ストリングス セオリー,-,,ETC,BeautifulBee,0,1,その他,その他
2025-05-08,Artem Kritinin,忍者ファイト,-,,ETC,Artem Kritinin,0,1,その他,その他
2025-05-08,14次元,韓国ドローン飛行ツアー加露林湾,-,,ETC,14次元,0,1,その他,その他
2025-05-08,14次元,韓国ドローン飛行ツアー鎮村海岸,-,,ETC,14次元,0,1,その他,その他
2025-05-08,14次元,韓国ドローン飛行ツアー長峰島,-,,ETC,14次元,0,1,その他,その他
2025-05-09,iMel,StreamLove Voyage,-,,ETC,iMel,0,1,その他,その他
2025-05-09,Untold Tales,カード遊びのクマリオ,-,,ETC,Untold Tales,0,1,その他,その他
2025-05-09,Gentle Giant Games,スピリットフォール,-,,ETC,Gentle Giant Games,0,1,その他,その他
2025-05-09,QubicGames,ペーパー io 2,-,,ETC,QubicGames,0,1,その他,その他
2025-05-09,GAME NACIONAL,少年とニャンコ,-,,ETC,GAME NACIONAL,0,1,その他,その他
2025-05-15,Raw Fury,American Arcadia（英語版）,-,,ETC,Raw Fury,0,1,その他,その他
2025-05-15,Downmeadowstreet,Cozy Winter,-,,ETC,Downmeadowstreet,0,1,その他,その他
2025-05-15,VRCFORGE STUDIOS,Food Truck Business Simulator,-,,ETC,VRCFORGE STUDIOS,0,1,その他,その他
2025-05-15,Nejcraft,Forgotten Fields,-,,ETC,Nejcraft,0,1,その他,その他
2025-05-15,Feardemic,Garten of Banban 0,-,,ETC,Feardemic,0,1,その他,その他
2025-05-15,Pakotime,Hentai Girls: Maid Cafe Love,-,,ETC,Pakotime,0,1,その他,その他
2025-05-15,17Studio,Hentai Puzzle: Emo Girls,-,,ETC,17Studio,0,1,その他,その他
2025-05-15,Silesia Games,Hidden Kittens: Kingdom of Cats,-,,ETC,Silesia Games,0,1,その他,その他
2025-05-15,Penguin Pop Games,Kaiju Big Battel: Fighto Fantasy,-,,ETC,Penguin Pop Games,0,1,その他,その他
2025-05-15,Perun Creative,Kvark,-,,ETC,Perun Creative,0,1,その他,その他
2025-05-15,Top Hat Studios,Labyrinth Of The Demon King - 「魔王の迷宮」,-,,ETC,Top Hat Studios,0,1,その他,その他
2025-05-15,TrueMotion Interactive,Laundry Simulator 2025,-,,ETC,TrueMotion Interactive,0,1,その他,その他
2025-05-15,No Gravity Games,Master Spy,-,,ETC,No Gravity Games,0,1,その他,その他
2025-05-15,Team Sorcerobe,Nowhere Patrol,-,,ETC,Team Sorcerobe,0,1,その他,その他
2025-05-15,VRCFORGE STUDIOS,ONLY UP! CARS,-,,ETC,VRCFORGE STUDIOS,0,1,その他,その他
2025-05-15,Grindstone,PRESERVE : 自然の守護者,-,,ETC,Grindstone,0,1,その他,その他
2025-05-15,Kiwi Production[注釈 7],Subway Simulator 2025 - City Train,-,,ETC,Kiwi Production[注釈 7],0,1,その他,その他
2025-05-15,eastasiasoft,Super Engine GT Turbo SPEC,-,,ETC,eastasiasoft,0,1,その他,その他
2025-05-15,Gametry,Thief Snatch & Run,-,,ETC,Gametry,0,1,その他,その他
2025-05-15,eastasiasoft,WAIFU IMPACT 2,-,,ETC,eastasiasoft,0,1,その他,その他
2025-05-15,Pix Arts,World Cup Soccer 2026,-,,ETC,Pix Arts,0,1,その他,その他
2025-05-15,サイバーステップ,お嬢様学院のインチキ占い師 Ghost of Boarding School,-,,ETC,サイバーステップ,0,1,その他,その他
2025-05-15,Upscale Studio,アブスルディカ・リビルド,-,,ETC,Upscale Studio,0,1,その他,その他
2025-05-15,No Gravity Games,アルダーの血 決定版,-,,ETC,No Gravity Games,0,1,その他,その他
2025-05-15,Upscale Studio,エピックエンパイア・タワーディフェンス,-,,ETC,Upscale Studio,0,1,その他,その他
2025-05-15,Wales Interactive（英語版）,オワリナキコセキのオクチへ Into The Restless Ruins,-,,ETC,Wales Interactive（英語版）,0,1,その他,その他
2025-05-15,AppsGears,キング・ジスター3,-,,ETC,AppsGears,0,1,その他,その他
2025-05-15,No Gravity Games,ストライクフォース・キティ,-,,ETC,No Gravity Games,0,1,その他,その他
2025-05-15,Volcanic Pig,ネオンローラー,-,,ETC,Volcanic Pig,0,1,その他,その他
2025-05-15,RuWaMo Games,ファッション・パッション・パズル,-,,ETC,RuWaMo Games,0,1,その他,その他
2025-05-15,SAT-BOX,ボクらのわくわく林間学校,-,,ETC,SAT-BOX,0,1,その他,その他
2025-05-15,NOSTRA GAMES,レーストラック・マニアックス Race Track Maniacs,-,,ETC,NOSTRA GAMES,0,1,その他,その他
2025-05-15,トローゼ,ワールド アット ウォー コブラ,-,,ETC,トローゼ,0,1,その他,その他
2025-05-15,小学館,小学館マンガアプリ まんがで!にゃんこ大戦争 コミックスパック,-,,ETC,小学館,0,1,その他,その他
2025-05-15,MIZUBLUE GAMES,無現トイ,-,,ETC,MIZUBLUE GAMES,0,1,その他,その他
2025-05-15,Game Source Entertainment,百剣討妖伝綺譚,-,YES,ETC,Game Source Entertainment,0,1,その他,その他
2025-05-15,アイディアファクトリー,蒼黒の楔 〜緋色の欠片 玉依姫奇譚〜 for Nintendo Switch,-,YES,ETC,アイディアファクトリー,0,1,その他,その他
2025-05-15,Error 300 Games,錬金術の達人:ロビンソン,-,,ETC,Error 300 Games,0,1,その他,その他
2025-05-15,14次元,韓国ドローン飛行ツアーバガッ水路峰,-,,ETC,14次元,0,1,その他,その他
2025-05-15,14次元,韓国ドローン飛行ツアー徳積島,-,,ETC,14次元,0,1,その他,その他
2025-05-15,14次元,韓国ドローン飛行ツアー泰安郡,-,,ETC,14次元,0,1,その他,その他
2025-05-15,14次元,韓国ドローン飛行ツアー蘇爺島,-,,ETC,14次元,0,1,その他,その他
2025-05-16,カプコン,カプコン ファイティング コレクション2,-,YES,ETC,カプコン,0,1,その他,その他
2025-05-21,Afil Games,Cipher Monk,-,,ETC,Afil Games,0,1,その他,その他
2025-05-22,Brainium Games,A Bibelot: Tiret sur Will,-,,ETC,Brainium Games,0,1,その他,その他
2025-05-22,PrimeInvestCapital,Call of Glory - Critical Warfare,-,,ETC,PrimeInvestCapital,0,1,その他,その他
2025-05-22,Revulo Games,Casual Sport Series: Badminton,-,,ETC,Revulo Games,0,1,その他,その他
2025-05-22,Penguin Pop Games,Clash: Robot Detective - Complete Edition,-,,ETC,Penguin Pop Games,0,1,その他,その他
2025-05-22,DashNet,Cookie Clicker,-,,ETC,DashNet,0,1,その他,その他
2025-05-22,Intrugli Games,Coral & The Abyss,-,,ETC,Intrugli Games,0,1,その他,その他
2025-05-22,Cold Lahmen,Dad's Coming,-,,ETC,Cold Lahmen,0,1,その他,その他
2025-05-22,Red Fables,Dungeon of Love: モンスターをあなたの完璧なアニメ彼女にゲットする,-,,ETC,Red Fables,0,1,その他,その他
2025-05-22,Red Fables,Dungeon of Love: モンスターをあなたの完璧なアニメ彼氏にゲットする,-,,ETC,Red Fables,0,1,その他,その他
2025-05-22,Mobirate,Genopanic,-,,ETC,Mobirate,0,1,その他,その他
2025-05-22,eastasiasoft,Knight's Night!,-,,ETC,eastasiasoft,0,1,その他,その他
2025-05-22,Afil Games,Legends Aligned: Minis in Conflict,-,,ETC,Afil Games,0,1,その他,その他
2025-05-22,Good Shepherd（英語版）,Monster Train 2,-,,ETC,Good Shepherd（英語版）,0,1,その他,その他
2025-05-22,Erlano,Mudness Offroad Car Simulator Runner,-,,ETC,Erlano,0,1,その他,その他
2025-05-22,GreenWookland Games,MYSIDE REALITY,-,,ETC,GreenWookland Games,0,1,その他,その他
2025-05-22,TAKUYO,PanicPalette 〜パニックパレット〜,-,YES,ETC,TAKUYO,0,1,その他,その他
2025-05-22,Pix Arts,Paper Plane,-,,ETC,Pix Arts,0,1,その他,その他
2025-05-22,XenoXeno,Project Zombie,-,,ETC,XenoXeno,0,1,その他,その他
2025-05-22,KAMIICHI DIGITAL,Sauna of the DEAD,-,,ETC,KAMIICHI DIGITAL,0,1,その他,その他
2025-05-22,ESDigital Games,Sky Revolver,-,,ETC,ESDigital Games,0,1,その他,その他
2025-05-22,Pakotime,Sugoi Girls: Raunchy Rabbit,-,,ETC,Pakotime,0,1,その他,その他
2025-05-22,ラタライカゲームス,SYNESTHESIA,-,,ETC,ラタライカゲームス,0,1,その他,その他
2025-05-22,GBTUI,Tavern Owner Simulator,-,,ETC,GBTUI,0,1,その他,その他
2025-05-22,Bureau 81,The Operator,-,,ETC,Bureau 81,0,1,その他,その他
2025-05-22,3DClouds,Trident's Tale,-,,ETC,3DClouds,0,1,その他,その他
2025-05-22,エディア,あやかしごはん 〜おおもりっ!〜 for S,-,YES,ETC,エディア,0,1,その他,その他
2025-05-22,qureate,まじかる☆クリッと依久乃ちゃん,-,,ETC,qureate,0,1,その他,その他
2025-05-22,日本ファルコム,イース・メモワール -セルセタの樹海-,-,YES,ETC,日本ファルコム,0,1,その他,その他
2025-05-22,Upscale Studio,ウィザードのフォートレスタワーディフェンス,-,,ETC,Upscale Studio,0,1,その他,その他
2025-05-22,トローゼ,クライムバスターズII ハヴォック,-,,ETC,トローゼ,0,1,その他,その他
2025-05-22,EpiXR Games,ザフライングトラベラー ピースオブマインド3,-,,ETC,EpiXR Games,0,1,その他,その他
2025-05-22,Highscore Games,ジャンピング ニンジャ バトル,-,,ETC,Highscore Games,0,1,その他,その他
2025-05-22,Finji（英語版）,ピタッと解決!ウィルモットのパズル（英語版）,-,,ETC,Finji（英語版）,0,1,その他,その他
2025-05-22,レベルファイブ,ファンタジーライフi グルグルの竜と時をぬすむ少女,-,YES,ETC,レベルファイブ,6969_0m_4940,1,その他,その他
2025-05-22,NOSTRA GAMES,マージナンバーズ Merge Numbers,-,,ETC,NOSTRA GAMES,0,1,その他,その他
2025-05-22,エンターグラム,世界征服彼女,-,YES,ETC,エンターグラム,0,1,その他,その他
2025-05-22,Error 300 Games,名言で英語を学ぶ,-,,ETC,Error 300 Games,0,1,その他,その他
2025-05-22,バンダイナムコエンターテインメント,機動戦士ガンダムSEED BATTLE DESTINY REMASTERED,-,YES,ETC,バンダイナムコエンターテインメント,0,1,その他,その他
2025-05-22,AGE Zero,猫が童話を訪れる: Cats Visiting Fairy Tales,-,,ETC,AGE Zero,0,1,その他,その他
2025-05-22,CASCHA GAMES,異人,-,,ETC,CASCHA GAMES,0,1,その他,その他
2025-05-22,dramatic create/ヒューネックス,贄の町 いろむすび,-,YES,ETC,dramatic create/ヒューネックス,0,1,その他,その他
2025-05-22,レジスタ,霊室・深,-,,ETC,レジスタ,0,1,その他,その他
2025-05-22,14次元,韓国ドローン飛行ツアー加平郡,-,,ETC,14次元,0,1,その他,その他
2025-05-22,LocaGames,魔女と亡霊のヴォロンテ,-,,ETC,LocaGames,0,1,その他,その他
2025-05-23,Gamuzumi,Foto Boy: Flashstar,-,,ETC,Gamuzumi,0,1,その他,その他
2025-05-23,Skystone Games,Maniac,-,,ETC,Skystone Games,0,1,その他,その他
2025-05-23,Studio Waterzooi,"Please, Touch The Artwork 2",-,,ETC,Studio Waterzooi,0,1,その他,その他
2025-05-23,ラタライカゲームス,Soccer Golf!,-,,ETC,ラタライカゲームス,0,1,その他,その他
2025-05-23,Entalto Studios,Two Strikes,-,,ETC,Entalto Studios,0,1,その他,その他
2025-05-23,カプコン,鬼武者2,-,,ETC,カプコン,0,1,その他,その他
2025-05-28,Afil Games,Collie Call,-,,ETC,Afil Games,0,1,その他,その他
2025-05-29,Baltoro Minis,2048 バトル,-,,ETC,Baltoro Minis,0,1,その他,その他
2025-05-29,アイディアファクトリー,BYAKKO 〜四神部隊炎恋記〜,-,YES,ETC,アイディアファクトリー,0,1,その他,その他
2025-05-29,Playtonic Friends,Cattle Country,-,,ETC,Playtonic Friends,0,1,その他,その他
2025-05-29,MIZUBLUE GAMES,Code753,-,,ETC,MIZUBLUE GAMES,0,1,その他,その他
2025-05-29,HIKE,CONERU -DIMENSION GIRL-,-,,ETC,HIKE,0,1,その他,その他
2025-05-29,Downmeadowstreet,Dreamy Hill,-,,ETC,Downmeadowstreet,0,1,その他,その他
2025-05-29,Eclipse Interactive,Formula 2025: Grand Prix Legends,-,,ETC,Eclipse Interactive,0,1,その他,その他
2025-05-29,Eclipse Interactive,Ganja Cartel: Warfare Shooter Simulator,-,,ETC,Eclipse Interactive,0,1,その他,その他
2025-05-29,OverGamez,Hannah's Day,-,,ETC,OverGamez,0,1,その他,その他
2025-05-29,Artem Kritinin,Hill Climb on a Motorcycle,-,,ETC,Artem Kritinin,0,1,その他,その他
2025-05-29,Feardemic,Missing Banban,-,,ETC,Feardemic,0,1,その他,その他
2025-05-29,Team17,Nice Day for Fishing,-,,ETC,Team17,0,1,その他,その他
2025-05-29,TERNOX,Pancho's Mission,-,,ETC,TERNOX,0,1,その他,その他
2025-05-29,Afil Games,Penguin Flight: Beyond The Clouds,-,,ETC,Afil Games,0,1,その他,その他
2025-05-29,indie.io,Pinball Spire,-,,ETC,indie.io,0,1,その他,その他
2025-05-29,PM Studios,Pipistrello and the Cursed Yoyo,-,,ETC,PM Studios,0,1,その他,その他
2025-05-29,Cable Nest,Rasse to maya no tantei jimusho,-,,ETC,Cable Nest,0,1,その他,その他
2025-05-29,Fun Games Studio,REPORT:Horror Haul,-,,ETC,Fun Games Studio,0,1,その他,その他
2025-05-29,新世界I&C,Staffer Case:超能力推理アドベンチャー,-,YES,ETC,新世界I&C,0,1,その他,その他
2025-05-29,Nightdive Studios,STAR WARS: Dark Forces Remaster,-,,ETC,Nightdive Studios,0,1,その他,その他
2025-05-29,Relevo,Submersed 2 - ハイブ,-,,ETC,Relevo,0,1,その他,その他
2025-05-29,Halva Studio,Supermarket Simulator 2025: スーパーマーケットシミュレーター,-,,ETC,Halva Studio,0,1,その他,その他
2025-05-29,CGI LAB,SUPERSHOT: Valley Warfare Defense - スーパーショット: バレー戦争防衛,-,,ETC,CGI LAB,0,1,その他,その他
2025-05-29,Pikii,UDO:未確認ドリル物体,-,,ETC,Pikii,0,1,その他,その他
2025-05-29,404 Games,Werewolf Hunter - Survive The Howl,-,,ETC,404 Games,0,1,その他,その他
2025-05-29,Pakotime,Yabai Girls: Graceful Girlfriend,-,,ETC,Pakotime,0,1,その他,その他
2025-05-29,カエルパンダ,くるくる回そう!方向幕コレクション for Nintendo Switch -西武鉄道編 part2 西武池袋線- 鉄道方向幕シミュレーター,-,,ETC,カエルパンダ,0,1,その他,その他
2025-05-29,エンターグラム,その日の獣には、,-,YES,ETC,エンターグラム,0,1,その他,その他
2025-05-29,EpiXR Games,アニメダンスラスベガス,-,,ETC,EpiXR Games,0,1,その他,その他
2025-05-29,Tapioca Games,ウェルカム・トゥ・エンピリアム,-,,ETC,Tapioca Games,0,1,その他,その他
2025-05-29,MASK,クイズ イヌのココロ－犬イヌ癒しの雑学教養トリビア学習豆知識テスト－,-,,ETC,MASK,0,1,その他,その他
2025-05-29,No Gravity Games,ジャムジャム,-,,ETC,No Gravity Games,0,1,その他,その他
2025-05-29,eastasiasoft,スターライトレガシー,-,,ETC,eastasiasoft,0,1,その他,その他
2025-05-29,シティコネクション,スチーム・ハーツ & アドヴァンスト ヴァリアブル・ジオ サターントリビュート,-,YES,ETC,シティコネクション,0,1,その他,その他
2025-05-29,NOSTRA GAMES,スピンアラウンド Spin Around,-,,ETC,NOSTRA GAMES,0,1,その他,その他
2025-05-29,トローゼ,スペシャル ストライク,-,,ETC,トローゼ,0,1,その他,その他
2025-05-29,サクセス,ソニックウィングス リユニオン,-,YES,ETC,サクセス,0,1,その他,その他
2025-05-29,グラビティ,トボット:アクション・クイズ・ヒーロー,-,,ETC,グラビティ,0,1,その他,その他
2025-05-29,KOSEI YASUDA,トレインプラス 光和電鉄フリードライブ編,-,,ETC,KOSEI YASUDA,0,1,その他,その他
2025-05-29,No Gravity Games,バブル・トラブル 冒険,-,,ETC,No Gravity Games,0,1,その他,その他
2025-05-29,不明,ファーマシーファンタジア 炎の草編,-,,ETC,不明,0,1,その他,その他
2025-05-29,Accidently Awesome,モザ・リナ,-,,ETC,Accidently Awesome,0,1,その他,その他
2025-05-29,オーイズミ・アミュージオ,ルナーク,-,YES,ETC,オーイズミ・アミュージオ,0,1,その他,その他
2025-05-29,WB Games,レゴ ハリー・ポッターコレクション,-,YES,ETC,WB Games,0,1,その他,その他
2025-05-29,No Gravity Games,レトロドライブ リニューアル,-,,ETC,No Gravity Games,0,1,その他,その他
2025-05-29,Vidas Games,劇場不安,-,,ETC,Vidas Games,0,1,その他,その他
2025-05-29,HERO GAME,勇気の推理 海苔リマスター,-,,ETC,HERO GAME,0,1,その他,その他
2025-05-29,不明,君と至福の時,-,,ETC,不明,0,1,その他,その他
2025-05-29,iMel,地雷系魔法少女サクラ,-,,ETC,iMel,0,1,その他,その他
2025-05-29,Error 300 Games,塗り絵の達人:ドット絵ドリーマー 四季物語,-,,ETC,Error 300 Games,0,1,その他,その他
2025-05-29,レジスタ,奇妙な事件現場からの脱出,-,,ETC,レジスタ,0,1,その他,その他
2025-05-29,サイバーコネクトツー,戦場のフーガ3,-,YES,ETC,サイバーコネクトツー,0,1,その他,その他
2025-05-29,SAT-BOX,極めろ!ラーメン道,-,,ETC,SAT-BOX,0,1,その他,その他
2025-05-29,Error 300 Games,物探しの達人:ここは小さなドラゴンがいない,-,,ETC,Error 300 Games,0,1,その他,その他
2025-05-29,PLAYISM,狂気より愛をこめて,-,YES,ETC,PLAYISM,0,1,その他,その他
2025-05-29,サイバーステップ,猫猫旅行社 ももいろ町おこしプロジェクト!,-,,ETC,サイバーステップ,0,1,その他,その他
2025-05-29,レジスタ,異世界シリーズ 口裂け女VS青鬼,-,,ETC,レジスタ,0,1,その他,その他
2025-05-29,AlignmentSharp,脱出ゲーム R00M04,-,,ETC,AlignmentSharp,0,1,その他,その他
2025-05-29,TT,脳トレ！まちがいさがし検定－脳トレ脳活ひらめきIQアハ活間違い探しチャレンジ－,-,,ETC,TT,0,1,その他,その他
2025-05-29,TT,脳トレクイズ いれかえ四字熟語－パズルで楽しく国語学習遊んで学べる勉強教養脳トレゲーム－,-,,ETC,TT,0,1,その他,その他
2025-05-29,TT,遊んで学べる 小学校教科書クイズ－ひとりでみんなで格付け常識学習勉強教養テスト－,-,,ETC,TT,0,1,その他,その他
2025-05-29,14次元,韓国ドローン飛行ツアー北漢江,-,,ETC,14次元,0,1,その他,その他
2025-05-29,14次元,韓国ドローン飛行ツアー始興市,-,,ETC,14次元,0,1,その他,その他
2025-05-29,14次元,韓国ドローン飛行ツアー安山市,-,,ETC,14次元,0,1,その他,その他
2025-05-29,CFK,食魂徒 〜百花妖乱〜,-,YES,ETC,CFK,0,1,その他,その他
2025-05-30,ラタライカゲームス,Deep Under,-,,ETC,ラタライカゲームス,0,1,その他,その他
2025-06-05,eastasiasoft,Bunny Cubed,-,,ETC,eastasiasoft,0,1,その他,その他
2025-06-05,TOYURO,CRYKEN part3,-,,ETC,TOYURO,0,1,その他,その他
2025-06-05,17Studio,Cyber Love Story,-,,ETC,17Studio,0,1,その他,その他
2025-06-05,Megame,CyberCorp,-,,ETC,Megame,0,1,その他,その他
2025-06-05,ハチノヨン,DELTARUNE,-,,ETC,ハチノヨン,0,1,その他,その他
2025-06-05,DubassGames,Digging a Hole: Gold Fever,-,,ETC,DubassGames,0,1,その他,その他
2025-06-05,17Studio,Fairy Whale,-,,ETC,17Studio,0,1,その他,その他
2025-06-05,Baltoro Minis,Go! Fish Go! おさかな ランナウェイ,-,,ETC,Baltoro Minis,0,1,その他,その他
2025-06-05,Pakotime,Hentai Girls: DJ Romance,-,,ETC,Pakotime,0,1,その他,その他
2025-06-05,Silesia Games,Hidden Cat Outlaws,-,,ETC,Silesia Games,0,1,その他,その他
2025-06-05,RandomSpin Games,Horrorillo Brainrotillo,-,,ETC,RandomSpin Games,0,1,その他,その他
2025-06-05,Baltoro Minis,Jet Ski Rush ジェットスキーラッシュ,-,,ETC,Baltoro Minis,0,1,その他,その他
2025-06-05,Pix Arts,Masters Pool,-,,ETC,Pix Arts,0,1,その他,その他
2025-06-05,pixyda,NINJA REVENGER -ニンジャリベンジャー-,-,,ETC,pixyda,0,1,その他,その他
2025-06-05,GameToTop.CC,ONLY UP! REMASTER,-,,ETC,GameToTop.CC,0,1,その他,その他
2025-06-05,Burlea Games Studio,Phantom Kiosk,-,,ETC,Burlea Games Studio,0,1,その他,その他
2025-06-05,Halva Studio,Shipwrecked Raft Survival 漂流サバイバルラフト,-,,ETC,Halva Studio,0,1,その他,その他
2025-06-05,文化放送エクステンド,Side Kicks! beyond,-,YES,ETC,文化放送エクステンド,0,1,その他,その他
2025-06-05,Pancake Games,SQUARES,-,,ETC,Pancake Games,0,1,その他,その他
2025-06-05,eastasiasoft,Super Waifu Ball,-,,ETC,eastasiasoft,0,1,その他,その他
2025-06-05,Great Ave Games,The Lost Dino: Survival Expedition,-,,ETC,Great Ave Games,0,1,その他,その他
2025-06-05,トライアングル・サービス,TRIZEAL Remix,-,,ETC,トライアングル・サービス,0,1,その他,その他
2025-06-05,Games Harbor,Vasilisa and Baba Yaga,-,,ETC,Games Harbor,0,1,その他,その他
2025-06-05,リイカ,VTuberのQ,-,,ETC,リイカ,0,1,その他,その他
2025-06-05,ハッピーミール,あにまるドン!,-,,ETC,ハッピーミール,0,1,その他,その他
2025-06-05,MIZUBLUE GAMES,だましてあいして,-,,ETC,MIZUBLUE GAMES,0,1,その他,その他
2025-06-05,サクセス,ぬりろじ1000,-,,ETC,サクセス,0,1,その他,その他
2025-06-05,RedDeerGames,アシヲードの会,-,,ETC,RedDeerGames,0,1,その他,その他
2025-06-05,メビウス,イルベロスウォンプ ハッピートゥギャザー,-,YES,ETC,メビウス,0,1,その他,その他
2025-06-05,Lunaria Games,カクテル作りをはじめよう。,-,,ETC,Lunaria Games,0,1,その他,その他
2025-06-05,H2 INTERACTIVE,クッキング・コンパニオンズ,-,,ETC,H2 INTERACTIVE,0,1,その他,その他
2025-06-05,NOSTRA GAMES,クラウド・ファイターズ Crowd Fighters,-,,ETC,NOSTRA GAMES,0,1,その他,その他
2025-06-05,Blacksmith DoubleCircle,スクワットライフ,-,,ETC,Blacksmith DoubleCircle,0,1,その他,その他
2025-06-05,EpiXR Games,デスパークリマスター,-,,ETC,EpiXR Games,0,1,その他,その他
2025-06-05,だいだい,ノー・モザイク・ガールズ with SESS-AI 2.0,-,,ETC,だいだい,0,1,その他,その他
2025-06-05,Jiruo Software,バグダス - デバッガー検定 -,-,,ETC,Jiruo Software,0,1,その他,その他
2025-06-05,EpiXR Games,バンブルビーストームオブフレンドシップ,-,,ETC,EpiXR Games,0,1,その他,その他
2025-06-05,MagisterApp,パズル&カラー 子供向け知育ゲーム ぬりえ おえかき,-,,ETC,MagisterApp,0,1,その他,その他
2025-06-05,ジュピター,ピクロス 儒烏風亭らでんがご案内!ピクセルミュージアム,-,,ETC,ジュピター,0,1,その他,その他
2025-06-05,スターサイン,ピンポンUp,-,,ETC,スターサイン,0,1,その他,その他
2025-06-05,Lunaria Games,メタファー攻略,-,,ETC,Lunaria Games,0,1,その他,その他
2025-06-05,sugar star,メンヘラファーム,-,,ETC,sugar star,0,1,その他,その他
2025-06-05,ボルテージ,レッドベルの慟哭,-,,ETC,ボルテージ,0,1,その他,その他
2025-06-05,ブシロードゲームズ,夏目友人帳 〜葉月の記〜,-,YES,ETC,ブシロードゲームズ,0,1,その他,その他
2025-06-05,アイディアファクトリー,数乱digit for Nintendo Switch,-,YES,ETC,アイディアファクトリー,0,1,その他,その他
2025-06-05,TT,早押しクイズ 大学受験前に知りたかった難しい英単語－試験によく出る英語勉強学習教養脳トレゲーム－,-,,ETC,TT,0,1,その他,その他
2025-06-05,Lunaria Games,眠れない?瞑想・安眠・リラクゼーション,-,,ETC,Lunaria Games,0,1,その他,その他
2025-06-05,MASK,脳トレ！百人一首早押しクイズ－遊んで学べる脳活教養文学勉強学習ゲーム－,-,,ETC,MASK,0,1,その他,その他
2025-06-05,14次元,韓国ドローン飛行ツアー漢江,-,,ETC,14次元,0,1,その他,その他
2025-06-05,マーベラス,龍の国 ルーンファクトリー,-,YES,ETC,マーベラス,7023_0m_4994,1,その他,その他
2025-06-06,ケムコ,1f y0u're a gh0st ca11 me here!,-,,ETC,ケムコ,0,1,その他,その他
2025-06-06,ラタライカゲームス,Inkventure,-,,ETC,ラタライカゲームス,0,1,その他,その他
2025-06-06,ジー・モード,ぐんまのやぼう あなたもわたしもぐんまけん 令和2年国税調査対応版,-,,ETC,ジー・モード,0,1,その他,その他
2025-06-06,Nerd Games,水売りのシミュレーター,-,,ETC,Nerd Games,0,1,その他,その他
2025-06-06,ケムコ,盟約のソリテュード,-,,ETC,ケムコ,0,1,その他,その他
2025-06-07,QubicGames,Puff Up - ふくふく風船,-,,ETC,QubicGames,0,1,その他,その他
2025-06-08,Alblune,イラロジChoo:ネズミのお部屋をデコレート,-,,ETC,Alblune,0,1,その他,その他
2025-06-08,Endflame,インスタントメモリー,-,,ETC,Endflame,0,1,その他,その他
2025-06-12,トローゼ,7デイズ オリジンズ,-,,ETC,トローゼ,0,1,その他,その他
2025-06-12,Pakotime,Anime Girls: Naughty Neko,-,,ETC,Pakotime,0,1,その他,その他
2025-06-12,Mega Cat Studios（英語版）,Backyard Baseball '97,-,,ETC,Mega Cat Studios（英語版）,0,1,その他,その他
2025-06-12,Outright GamesPhoenixx,Barbie Project Friendship,-,YES,ETC,Outright GamesPhoenixx,0,1,その他,その他
2025-06-12,CGI LAB,Bodycam Stray Kitty,-,,ETC,CGI LAB,0,1,その他,その他
2025-06-12,CGI LAB,BRAINROT TUNG TUNG SAHUR,-,,ETC,CGI LAB,0,1,その他,その他
2025-06-12,Downmeadowstreet,Cozy Fields,-,,ETC,Downmeadowstreet,0,1,その他,その他
2025-06-12,Take IT Studio!,Death Kid,-,,ETC,Take IT Studio!,0,1,その他,その他
2025-06-12,CGI LAB,ESCAPE TUNG SAHUR BACKROOMS,-,,ETC,CGI LAB,0,1,その他,その他
2025-06-12,Fishing Planet LLC,Fishing Planet,-,,ETC,Fishing Planet LLC,0,1,その他,その他
2025-06-12,17Studio,Hentai Photo: Iris,-,,ETC,17Studio,0,1,その他,その他
2025-06-12,Afil Games,Higgs Boson: Puzzle Collection,-,,ETC,Afil Games,0,1,その他,その他
2025-06-12,Noodels Games World,House Renovator Simulator,-,,ETC,Noodels Games World,0,1,その他,その他
2025-06-12,eastasiasoft,Keeper's Toll,-,,ETC,eastasiasoft,0,1,その他,その他
2025-06-12,Gravenoire Studio,LABYBAN,-,,ETC,Gravenoire Studio,0,1,その他,その他
2025-06-12,Feardemic,Leftovers KO!,-,,ETC,Feardemic,0,1,その他,その他
2025-06-12,Dojo System,Luminaria: Dark Echoes,-,,ETC,Dojo System,0,1,その他,その他
2025-06-12,CGI LAB,ONLY Sky Parkour: Island UP!,-,,ETC,CGI LAB,0,1,その他,その他
2025-06-12,Distant Illusions,Operius DX,-,,ETC,Distant Illusions,0,1,その他,その他
2025-06-12,Starbreeze Studios（英語版）,Out of Sight,-,,ETC,Starbreeze Studios（英語版）,0,1,その他,その他
2025-06-12,VRCFORGE STUDIOS,Parkour on Rooftops,-,,ETC,VRCFORGE STUDIOS,0,1,その他,その他
2025-06-12,QUByte Interactive,Prison Alone,-,,ETC,QUByte Interactive,0,1,その他,その他
2025-06-12,Merge Conflict Studio,Re:Fresh,-,,ETC,Merge Conflict Studio,0,1,その他,その他
2025-06-12,ブシロードゲームズ,VIRTUAL GIRL @ WORLD'S END,-,YES,ETC,ブシロードゲームズ,0,1,その他,その他
2025-06-12,Axyos Games,Y. Village - The Visitors,-,,ETC,Axyos Games,0,1,その他,その他
2025-06-12,SAT-BOX,にぎって!お寿司,-,,ETC,SAT-BOX,0,1,その他,その他
2025-06-12,Lunaria Games,アロマキャンドル作り 香りで空間を演出しよう,-,,ETC,Lunaria Games,0,1,その他,その他
2025-06-12,RedDeerGames,キャット コズミック パズル,-,,ETC,RedDeerGames,0,1,その他,その他
2025-06-12,Ironhide Game Studio,キングダムラッシュの復讐,-,,ETC,Ironhide Game Studio,0,1,その他,その他
2025-06-12,EpiXR Games,クラッシュ・オブ・ウィアドーズ・カード・カーニッジ,-,,ETC,EpiXR Games,0,1,その他,その他
2025-06-12,RuWaMo Games,ズー・マージ,-,,ETC,RuWaMo Games,0,1,その他,その他
2025-06-12,Max Interactive Studio,バブルウィザードIIIサーガ,-,,ETC,Max Interactive Studio,0,1,その他,その他
2025-06-12,No Gravity Games,バブルトラブル,-,,ETC,No Gravity Games,0,1,その他,その他
2025-06-12,No Gravity Games,バブルトラブル2 リバブル,-,,ETC,No Gravity Games,0,1,その他,その他
2025-06-12,No Gravity Games,バブルトラブル3,-,,ETC,No Gravity Games,0,1,その他,その他
2025-06-12,Ravenage Games,伝説の重装歩兵,-,,ETC,Ravenage Games,0,1,その他,その他
2025-06-12,Error 300 Games,塗り絵の達人:ドット絵ドリーマー,-,,ETC,Error 300 Games,0,1,その他,その他
2025-06-12,小学館,小学館マンガアプリ MINECRAFT〜世界の果てへの旅〜 コミックスパック,-,,ETC,小学館,0,1,その他,その他
2025-06-12,MIZUBLUE GAMES,愛の花だより,-,,ETC,MIZUBLUE GAMES,0,1,その他,その他
2025-06-12,SUPERDELUXE GAMES,改造町人シュビビンマン コンプリートコレクション,-,YES,ETC,SUPERDELUXE GAMES,0,1,その他,その他
2025-06-12,Lunaria Games,日本茶と茶道のほんとうの魅力,-,,ETC,Lunaria Games,0,1,その他,その他
2025-06-12,MASK,激ムズ脳トレ！うそつき漢字クイズ－ゲームでらくらく脳活脳トレアハ活診断瞬発力テスト－,-,,ETC,MASK,0,1,その他,その他
2025-06-12,MASK,脳トレクイズ さかなへんの漢字－ゲームで脳活国語学習雑学教養豆知識テスト－,-,,ETC,MASK,0,1,その他,その他
2025-06-12,Lunaria Games,遊ぶねこのためのワザ,-,,ETC,Lunaria Games,0,1,その他,その他
2025-06-12,14次元,韓国ドローン飛行ツアー利川市,-,,ETC,14次元,0,1,その他,その他
2025-06-12,14次元,韓国ドローン飛行ツアー南漢江,-,,ETC,14次元,0,1,その他,その他
2025-06-12,14次元,韓国ドローン飛行ツアー楊平郡,-,,ETC,14次元,0,1,その他,その他
2025-06-13,ラタライカゲームス,TETRA's Escape 2,-,,ETC,ラタライカゲームス,0,1,その他,その他
2025-06-13,Untold Tales,ゴルフVSゾンビ,-,,ETC,Untold Tales,0,1,その他,その他
2025-06-13,ゲームスタジオ,ピンチ50連発!! FEAT. Fischer's -フィッシャーズ- 〜最恐アスレチック島と秘密のキノコ〜,-,,ETC,ゲームスタジオ,0,1,その他,その他
2025-06-13,QubicGames,ブリッジレース,-,,ETC,QubicGames,0,1,その他,その他
2025-06-13,iMel,年上彼女,-,,ETC,iMel,0,1,その他,その他
2025-06-17,Team17,Date Everything!,-,,ETC,Team17,0,1,その他,その他
2025-06-18,Thunderful,ロスト・イン・ランダム - ザ・エターナル・ダイ,-,,ETC,Thunderful,0,1,その他,その他
2025-06-19,賈船,ABATHOR,-,,ETC,賈船,0,1,その他,その他
2025-06-19,XenoXeno,AGENT 07 - SPY REVENGE,-,,ETC,XenoXeno,0,1,その他,その他
2025-06-19,indie.io,Blast Rush LS,-,,ETC,indie.io,0,1,その他,その他
2025-06-19,メビウス,BURAI 上巻 MSX2版,-,,ETC,メビウス,0,1,その他,その他
2025-06-19,Afil Games,Collie Call: Farm of Tomorrow,-,,ETC,Afil Games,0,1,その他,その他
2025-06-19,Silesia Games,Football Mini Stars,-,,ETC,Silesia Games,0,1,その他,その他
2025-06-19,Elushis,Fortune's Favor,-,,ETC,Elushis,0,1,その他,その他
2025-06-19,A2 Softworks,Gatewalkers,-,,ETC,A2 Softworks,0,1,その他,その他
2025-06-19,Pakotime,Hentai Girls: Charming Chef,-,,ETC,Pakotime,0,1,その他,その他
2025-06-19,Lightbulb Crew,Nova Hearts,-,,ETC,Lightbulb Crew,0,1,その他,その他
2025-06-19,アトラス,RAIDOU Remastered: 超力兵団奇譚,-,YES,ETC,アトラス,6983_0m_4954,1,その他,その他
2025-06-19,GlobalGameStudio,Rally Drive Championship Car Racing Game,-,,ETC,GlobalGameStudio,0,1,その他,その他
2025-06-19,Great Escape Games Publishing,REAL ESTATE Simulator - FROM BUM TO MILLIONAIRE,-,,ETC,Great Escape Games Publishing,0,1,その他,その他
2025-06-19,メタスラ,Sea Fantasy / シーファンタジー,-,,ETC,メタスラ,0,1,その他,その他
2025-06-19,eastasiasoft,Shadow of the Orient,-,,ETC,eastasiasoft,0,1,その他,その他
2025-06-19,Downmeadowstreet,Sleepy Meadow,-,,ETC,Downmeadowstreet,0,1,その他,その他
2025-06-19,Coffee Stain（英語版）,Songs of Conquest（英語版）,-,,ETC,Coffee Stain（英語版）,0,1,その他,その他
2025-06-19,SOFT SOURCE,Sorry We're Closed（英語版）,-,,ETC,SOFT SOURCE,0,1,その他,その他
2025-06-19,RedDeerGames,Stuff it!,-,,ETC,RedDeerGames,0,1,その他,その他
2025-06-19,Higgs Games,The Original Moorhuhn Hunt + Moorhuhn Remake,-,,ETC,Higgs Games,0,1,その他,その他
2025-06-19,Good Shepherd,TRON: Catalyst,-,,ETC,Good Shepherd,0,1,その他,その他
2025-06-19,Lunaria Games,おうちピラティス 自宅で始めるカラダ改革,-,,ETC,Lunaria Games,0,1,その他,その他
2025-06-19,クラウディッドレパードエンタテインメント,はらぺこミーム,-,YES,ETC,クラウディッドレパードエンタテインメント,0,1,その他,その他
2025-06-19,Singles Alliance,アグノスティック VS,-,,ETC,Singles Alliance,0,1,その他,その他
2025-06-19,GazeGames Interactive,カーズウィールズ,-,,ETC,GazeGames Interactive,0,1,その他,その他
2025-06-19,PQube,クロニクルズ・オブ・ザ・ウルフ,-,,ETC,PQube,0,1,その他,その他
2025-06-19,オーイズミ・アミュージオ,スパイダーサウルス,-,YES,ETC,オーイズミ・アミュージオ,0,1,その他,その他
2025-06-19,Pingle Studio,スルー・ザ・ナイトメア －悪夢を越えて－,-,,ETC,Pingle Studio,0,1,その他,その他
2025-06-19,Springfox Games,ニフニフ,-,,ETC,Springfox Games,0,1,その他,その他
2025-06-19,Vidas Games,バラヴォール,-,,ETC,Vidas Games,0,1,その他,その他
2025-06-19,FirePillar2,ヒライニャ,-,,ETC,FirePillar2,0,1,その他,その他
2025-06-19,HUNTERS,ファンタジーオブウォー,-,,ETC,HUNTERS,0,1,その他,その他
2025-06-19,わくわくゲームズ,ブルームパラダイス,-,,ETC,わくわくゲームズ,0,1,その他,その他
2025-06-19,CCMC,ホロパレード デラックス版,-,,ETC,CCMC,0,1,その他,その他
2025-06-19,不明,ホロライブお宝マウンテン てんこ盛りVer,-,,ETC,不明,0,1,その他,その他
2025-06-19,Green Sauce Games,ホープの牧場2 - Hope's Farm 2,-,,ETC,Green Sauce Games,0,1,その他,その他
2025-06-19,キューマックス,マチョリウム -Muscle Aquarium Simulator-,-,,ETC,キューマックス,0,1,その他,その他
2025-06-19,NETKDOS,ラリー・アーケード・クラシックス,-,,ETC,NETKDOS,0,1,その他,その他
2025-06-19,アイディアファクトリー,十鬼の絆 for Nintendo Switch,-,YES,ETC,アイディアファクトリー,0,1,その他,その他
2025-06-19,Hyperstrange,崇拝する太陽はない,-,,ETC,Hyperstrange,0,1,その他,その他
2025-06-19,Smart Space Solutions,正義の斧,-,,ETC,Smart Space Solutions,0,1,その他,その他
2025-06-19,AGE Zero,猫の訪問 西部開拓時代: Cats Visiting Wild West,-,,ETC,AGE Zero,0,1,その他,その他
2025-06-19,イマジニア,算数検定スマート対策+数学検定,-,YES,ETC,イマジニア,0,1,その他,その他
2025-06-19,Happy Player,紙袋の英雄,-,,ETC,Happy Player,0,1,その他,その他
2025-06-19,Lunaria Games,聞くことで変わる人間関係,-,,ETC,Lunaria Games,0,1,その他,その他
2025-06-19,TT,脳と目を鍛える まちがいさがしトレーニング－間違い探しで超集中ど忘れうっかり改善脳活ドリル－,-,,ETC,TT,0,1,その他,その他
2025-06-19,MASK,脳トレ！早押し計算テスト－遊んで学べる数学暗算脳活勉強学習ゲーム－,-,,ETC,MASK,0,1,その他,その他
2025-06-19,エディア,超兄貴 爆烈乱闘篇,-,YES,ETC,エディア,0,1,その他,その他
2025-06-19,14次元,韓国ドローン飛行ツアー夜達船着場,-,,ETC,14次元,0,1,その他,その他
2025-06-20,QubicGames,Om Nom: Run 2,-,,ETC,QubicGames,0,1,その他,その他
2025-06-20,Afil Games,Pirate Trails: Tentacles and Treasures,-,,ETC,Afil Games,0,1,その他,その他
2025-06-20,ラタライカゲームス,Prehistoric Gal,-,,ETC,ラタライカゲームス,0,1,その他,その他
2025-06-20,Headup Games,Vessels of Decay,-,,ETC,Headup Games,0,1,その他,その他
2025-06-20,Untold Tales,鉄道運行管理シミュレーター,-,,ETC,Untold Tales,0,1,その他,その他
2025-06-24,Afil Games,Bee Flowers: Save the Garden,-,,ETC,Afil Games,0,1,その他,その他
2025-06-25,Maximum Entertainment,How 2 Escape: Lost Submarine,-,,ETC,Maximum Entertainment,0,1,その他,その他
2025-06-25,Afil Games,Minos Dungeon,-,,ETC,Afil Games,0,1,その他,その他
2025-06-26,Brainium Games,A Bibelot: Y-Break,-,,ETC,Brainium Games,0,1,その他,その他
2025-06-26,Hooded Horse（英語版）セガ,Against the Storm アゲインスト・ザ・ストーム（英語版）,-,,ETC,Hooded Horse（英語版）セガ,0,1,その他,その他
2025-06-26,Club Cotton Games,An Aisling,-,,ETC,Club Cotton Games,0,1,その他,その他
2025-06-26,Nacon,Architect Life: A House Design Simulator,-,,ETC,Nacon,0,1,その他,その他
2025-06-26,Lemport,Arisen Force: Life Devotee,-,,ETC,Lemport,0,1,その他,その他
2025-06-26,Imagisphere,Ascendant,-,,ETC,Imagisphere,0,1,その他,その他
2025-06-26,エンターグラム,bitter smile.,-,YES,ETC,エンターグラム,0,1,その他,その他
2025-06-26,MIME Games,BMX CITY RUN,-,,ETC,MIME Games,0,1,その他,その他
2025-06-26,Triomatica Games,Boxville 2,-,,ETC,Triomatica Games,0,1,その他,その他
2025-06-26,Downmeadowstreet,Cozy Cove,-,,ETC,Downmeadowstreet,0,1,その他,その他
2025-06-26,Noodels Games World,Cozy Gardener Simulator,-,,ETC,Noodels Games World,0,1,その他,その他
2025-06-26,RedDeerGames,Duo Games,-,,ETC,RedDeerGames,0,1,その他,その他
2025-06-26,eastasiasoft,Exo-Calibre,-,,ETC,eastasiasoft,0,1,その他,その他
2025-06-26,Serafini Productions,Ghost Frequency,-,,ETC,Serafini Productions,0,1,その他,その他
2025-06-26,Genie Gaming,KAIJU KHAOS,-,,ETC,Genie Gaming,0,1,その他,その他
2025-06-26,Assemble Entertainment,Klaus Lee - Thunderballs,-,,ETC,Assemble Entertainment,0,1,その他,その他
2025-06-26,Dojo System,Legends: Saint George,-,,ETC,Dojo System,0,1,その他,その他
2025-06-26,ImaginationOverflow,Oirbo,-,,ETC,ImaginationOverflow,0,1,その他,その他
2025-06-26,Daedalic Entertainment（英語版）,Once Upon A Puppet,-,,ETC,Daedalic Entertainment（英語版）,0,1,その他,その他
2025-06-26,ダークプロダクト,Ratshaker,-,,ETC,ダークプロダクト,0,1,その他,その他
2025-06-26,Games Harbor,Rusty Rangers,-,,ETC,Games Harbor,0,1,その他,その他
2025-06-26,Pakotime,Sugoi Girls: Dragon Love,-,,ETC,Pakotime,0,1,その他,その他
2025-06-26,Fun Games Studio,Supermarket Simulator 2025,-,,ETC,Fun Games Studio,0,1,その他,その他
2025-06-26,SAT-BOX,SUSHI vs BURGER レース,-,,ETC,SAT-BOX,0,1,その他,その他
2025-06-26,アクアプラス,ToHeart,-,YES,ETC,アクアプラス,0,1,その他,その他
2025-06-26,CGI LAB,TUNG SAHUR Supermarket Simulator,-,,ETC,CGI LAB,0,1,その他,その他
2025-06-26,Genie Gaming,Unicornicopia,-,,ETC,Genie Gaming,0,1,その他,その他
2025-06-26,Nejcraft,Unwording,-,,ETC,Nejcraft,0,1,その他,その他
2025-06-26,バンダイナムコエンターテインメント,たまごっちのプチプチおみせっち おまちど〜さま!,31,YES,ETC,バンダイナムコエンターテインメント,7020_0m_4991,1,おみせやさんごっこ,その他
2025-06-26,エイジ,やみやみドールズ,-,,ETC,エイジ,0,1,その他,その他
2025-06-26,HeroCraft,アンヴィルサーガ,-,,ETC,HeroCraft,0,1,その他,その他
2025-06-26,わくわくゲームズ,カルトに厳しいギャル -CULT VS GAL-,-,,ETC,わくわくゲームズ,0,1,その他,その他
2025-06-26,ケムコ,ケムコRPGセレクション Vol.10,-,YES,ETC,ケムコ,0,1,その他,その他
2025-06-26,Brainium Games,ゾンビオーバーロード,-,,ETC,Brainium Games,0,1,その他,その他
2025-06-26,Phoenixx,パーリィナイトメア,-,,ETC,Phoenixx,0,1,その他,その他
2025-06-26,シティコネクション,ファーランドサーガ I & II サターントリビュート,-,YES,ETC,シティコネクション,0,1,その他,その他
2025-06-26,Forever Entertainment,フロントミッション サード:リメイク,-,YES,ETC,Forever Entertainment,0,1,その他,その他
2025-06-26,Max Interactive Studio,ブロックパーティーDX,-,,ETC,Max Interactive Studio,0,1,その他,その他
2025-06-26,NOSTRA GAMES,ホールディギングマスター Hole Digging Master,-,,ETC,NOSTRA GAMES,0,1,その他,その他
2025-06-26,Shinyuden,ポップスリンガー フルボイス エディション,-,,ETC,Shinyuden,0,1,その他,その他
2025-06-26,Mob Entertainment,ポピープレイタイム4,-,,ETC,Mob Entertainment,0,1,その他,その他
2025-06-26,システムソフト・ベータ,マスターオブモンスターズSSB,-,YES,ETC,システムソフト・ベータ,0,1,その他,その他
2025-06-26,AlignmentSharp,マージ世界の錬金術師,-,,ETC,AlignmentSharp,0,1,その他,その他
2025-06-26,MoonGlass,レグランドレガシー 運命に縛られた戦士達の物語,-,,ETC,MoonGlass,0,1,その他,その他
2025-06-26,DeskClub Games,ロボット少女は夢を見る -RobotBattleChampionship-,-,,ETC,DeskClub Games,0,1,その他,その他
2025-06-26,コンパイルハート,届けろ!戦え!カラミティエンジェルズ,-,YES,ETC,コンパイルハート,0,1,その他,その他
2025-06-26,No Gravity Games,弾丸と知性,-,,ETC,No Gravity Games,0,1,その他,その他
2025-06-26,TT,早押し！一般常識クイズ－ゲームでトリビア雑学教養格付け勉強学習テスト－,-,,ETC,TT,0,1,その他,その他
2025-06-26,MIZUBLUE GAMES,終焉の公衆電話,-,,ETC,MIZUBLUE GAMES,0,1,その他,その他
2025-06-26,Vaka Gamez,絶叫死人,-,,ETC,Vaka Gamez,0,1,その他,その他
2025-06-26,TT,脳トレ！名画でまちがいさがし－アートで脳活アハ活ひらめきIQ教養ひまつぶしクイズ－,-,,ETC,TT,0,1,その他,その他
2025-06-26,Gamirror GamesJUSTDAN INTERNATIONAL,軒轅剣 雲と山の彼方,-,YES,ETC,Gamirror GamesJUSTDAN INTERNATIONAL,0,1,その他,その他
2025-06-26,Elushis,間取りパズル 赤い部屋シミュレーター,-,,ETC,Elushis,0,1,その他,その他
2025-06-26,14次元,韓国ドローン飛行ツアー東幕海辺,-,,ETC,14次元,0,1,その他,その他
2025-06-26,14次元,韓国ドローン飛行ツアー臨瀛大君李璆墓域,-,,ETC,14次元,0,1,その他,その他
2025-06-27,H2 INTERACTIVE,Ruffy and the Riverside,-,,ETC,H2 INTERACTIVE,0,1,その他,その他
2025-06-27,Nerd Games,キャット ホラー,-,,ETC,Nerd Games,0,1,その他,その他
2025-06-27,QubicGames,キャンディーグラビティ,-,,ETC,QubicGames,0,1,その他,その他
2025-07-03,Elushis,Battle Rockets,-,,ETC,Elushis,0,1,その他,その他
2025-07-03,Yellow Games In[注釈 10],BeatQuest - Rhythm Riders,-,,ETC,Yellow Games In[注釈 10],0,1,その他,その他
2025-07-03,Downmeadowstreet,Cozy Adventures,-,,ETC,Downmeadowstreet,0,1,その他,その他
2025-07-03,TOYURO,CRYKEN part4,-,,ETC,TOYURO,0,1,その他,その他
2025-07-03,eastasiasoft,Dead of Darkness,-,,ETC,eastasiasoft,0,1,その他,その他
2025-07-03,ラタライカゲームス,Dungeons of Paint,-,,ETC,ラタライカゲームス,0,1,その他,その他
2025-07-03,CGI LAB,GLITCH: Dead Loop Horror,-,,ETC,CGI LAB,0,1,その他,その他
2025-07-03,Daedalic Entertainment,Into The Emberlands,-,,ETC,Daedalic Entertainment,0,1,その他,その他
2025-07-03,DubassGames,MISDIE: Into the Game,-,,ETC,DubassGames,0,1,その他,その他
2025-07-03,QUByte Interactive,Music Drive: Chase the Beat,-,,ETC,QUByte Interactive,0,1,その他,その他
2025-07-03,Mad Mimic,No Heroes Here 2,-,,ETC,Mad Mimic,0,1,その他,その他
2025-07-03,Dry Cactus,Poly Bridge 3（英語版）,-,,ETC,Dry Cactus,0,1,その他,その他
2025-07-03,NoName-Epic Entertainment,RememPair,-,,ETC,NoName-Epic Entertainment,0,1,その他,その他
2025-07-03,Blyts,Slender Threads,-,,ETC,Blyts,0,1,その他,その他
2025-07-03,VRCFORGE STUDIOS,Supermarket CEO Simulator,-,,ETC,VRCFORGE STUDIOS,0,1,その他,その他
2025-07-03,DubassGames,Supermarket Manager 2025,-,,ETC,DubassGames,0,1,その他,その他
2025-07-03,Eclipse Interactive,Turbo Circuit: Sports Car Racing,-,,ETC,Eclipse Interactive,0,1,その他,その他
2025-07-03,Pakotime,Yabai Girls: Saucy Police,-,,ETC,Pakotime,0,1,その他,その他
2025-07-03,EpiXR Games,ザフライングトラベラー タイタンズオブザフューチャー,-,,ETC,EpiXR Games,0,1,その他,その他
2025-07-03,NOSTRA GAMES,フールズ・パブ Fool's Pub,-,,ETC,NOSTRA GAMES,0,1,その他,その他
2025-07-03,Happy Player,命のビート,-,,ETC,Happy Player,0,1,その他,その他
2025-07-03,MASK,大人のための漢字力テスト－早押しクイズで国語学習雑学教養脳トレ脳活検定－,-,,ETC,MASK,0,1,その他,その他
2025-07-03,MASK,小学生で覚えたい ことわざならべかえクイズ－遊んで学べる国語勉強脳トレ脳活雑学教養パズル－,-,,ETC,MASK,0,1,その他,その他
2025-07-03,refint/games,東方 Artificial Dream in Arcadia,-,,ETC,refint/games,0,1,その他,その他
2025-07-03,TT,遊んで学べる 早押し理科クイズ－ゲームで楽しく理系勉強物理化学生物学習4択－,-,,ETC,TT,0,1,その他,その他
2025-07-03,14次元,韓国ドローン飛行ツアー南楊州市,-,,ETC,14次元,0,1,その他,その他
2025-07-03,14次元,韓国ドローン飛行ツアー廣州市,-,,ETC,14次元,0,1,その他,その他
2025-07-04,ラタライカゲームス,All The Words She Wrote,-,,ETC,ラタライカゲームス,0,1,その他,その他
2025-07-04,Gamuzumi,Sakura Succubus 8,-,,ETC,Gamuzumi,0,1,その他,その他
2025-07-04,ケムコ,ノベルズローグ 〜異世界古書堂と封印の魔女〜,-,,ETC,ケムコ,0,1,その他,その他
2025-07-04,GAME NACIONAL,ルナラ惑星IX,-,,ETC,GAME NACIONAL,0,1,その他,その他
2025-07-10,Pix Arts,3 on 3 Soccer,-,,ETC,Pix Arts,0,1,その他,その他
2025-07-10,Joey Drew Studios,Bendy and the Dark Revival,-,,ETC,Joey Drew Studios,0,1,その他,その他
2025-07-10,D-Games,Colorizing: Satisfaction,-,,ETC,D-Games,0,1,その他,その他
2025-07-10,Testagamercreations,FISHING SIMULATOR 2025,-,,ETC,Testagamercreations,0,1,その他,その他
2025-07-10,Flynn's Arcade,Flora & Fang: Guardians of the vampire garden,-,,ETC,Flynn's Arcade,0,1,その他,その他
2025-07-10,RedDeerGames,Hogtie,-,,ETC,RedDeerGames,0,1,その他,その他
2025-07-10,404 Games,Jump Up 3D: Mini Basketball,-,,ETC,404 Games,0,1,その他,その他
2025-07-10,Downmeadowstreet,Lush Season,-,,ETC,Downmeadowstreet,0,1,その他,その他
2025-07-10,Atari,Missile Command Delta,-,,ETC,Atari,0,1,その他,その他
2025-07-10,Zakym,Racing Rebels Mud Clash,-,,ETC,Zakym,0,1,その他,その他
2025-07-10,Pakotime,Sugoi Girls: Pretty Patriot,-,,ETC,Pakotime,0,1,その他,その他
2025-07-10,Nightdive Studios,System Shock 2: 25th Anniversary Remaster,-,,ETC,Nightdive Studios,0,1,その他,その他
2025-07-10,eastasiasoft,Tiny Pixels Vol. 2 - Stormy Knights,-,,ETC,eastasiasoft,0,1,その他,その他
2025-07-10,CGI LAB,TRALALERO TRALALA BACKROOMS POOLS,-,,ETC,CGI LAB,0,1,その他,その他
2025-07-10,MASK,おさかなココカナ？－絵さがしゲームで脳トレIQ脳活アハ活ちえあそびテスト－,-,,ETC,MASK,0,1,その他,その他
2025-07-10,エイジ,みこみこガールズ,-,,ETC,エイジ,0,1,その他,その他
2025-07-10,Tozai Games,アイレムコレクションVol.3,-,YES,ETC,Tozai Games,0,1,その他,その他
2025-07-10,SIRO GAMES,ウェコ 仮面探しの旅,-,,ETC,SIRO GAMES,0,1,その他,その他
2025-07-10,MIZUBLUE GAMES,シノビザムライ,-,,ETC,MIZUBLUE GAMES,0,1,その他,その他
2025-07-10,RedDeerGames,ネコアイス,-,,ETC,RedDeerGames,0,1,その他,その他
2025-07-10,バンダイナムコエンターテインメント,パタポン1+2 リプレイ,-,YES,ETC,バンダイナムコエンターテインメント,0,1,その他,その他
2025-07-10,Forever Entertainment,フィズとにじいろの星,-,,ETC,Forever Entertainment,0,1,その他,その他
2025-07-10,Rogueside,ベストサーブドコールド,-,,ETC,Rogueside,0,1,その他,その他
2025-07-10,SAT-BOX,ボクらの大夏まつり2,-,,ETC,SAT-BOX,0,1,その他,その他
2025-07-10,U&Iエンターテイメントジャパン,レガシー・オブ・ケイン ソウル・リーバー 1&2 リマスター,-,YES,ETC,U&Iエンターテイメントジャパン,0,1,その他,その他
2025-07-10,Coatsink Software,島の民: 新たな海岸線,-,,ETC,Coatsink Software,0,1,その他,その他
2025-07-10,ピクセル,歌と森の妖怪屋敷,-,YES,ETC,ピクセル,0,1,その他,その他
2025-07-10,TT,遊んで学べる 早押し社会科クイズ－4択クイズで歴史公民地理生活学習勉強テスト－,-,,ETC,TT,0,1,その他,その他
2025-07-10,14次元,韓国ドローン飛行ツアー北里船着場,-,,ETC,14次元,0,1,その他,その他
2025-07-10,14次元,韓国ドローン飛行ツアー白雲湖水,-,,ETC,14次元,0,1,その他,その他
2025-07-11,Ysbryd Games,Everdeep Aurora,-,,ETC,Ysbryd Games,0,1,その他,その他
2025-07-11,Shinyuden,グリフォン,-,,ETC,Shinyuden,0,1,その他,その他
2025-07-11,Activision,トニー・ホーク プロ・スケーター 3+4（英語版）,-,,ETC,Activision,0,1,その他,その他
2025-07-12,QubicGames,ファームランド,-,,ETC,QubicGames,0,1,その他,その他
2025-07-17,PrimeInvestCapital,4x4 TRUCK OFFROAD CAR DRIVER,-,,ETC,PrimeInvestCapital,0,1,その他,その他
2025-07-17,MIME Games,Airport Police Contraband Simulator - Border Patrol,-,,ETC,MIME Games,0,1,その他,その他
2025-07-17,Tashlik,Anime Girls - Fantasy Desire,-,,ETC,Tashlik,0,1,その他,その他
2025-07-17,QUByte Interactive,Beat 'Em Up Collection (QUByte Classics),-,,ETC,QUByte Interactive,0,1,その他,その他
2025-07-17,TrueMotion Interactive,Birthday of Horrors,-,,ETC,TrueMotion Interactive,0,1,その他,その他
2025-07-17,Alike Studio,Bring You Home,-,,ETC,Alike Studio,0,1,その他,その他
2025-07-17,Pix Arts,Command Under Fire RTS,-,,ETC,Pix Arts,0,1,その他,その他
2025-07-17,RedDeerGames,Cottonville,-,,ETC,RedDeerGames,0,1,その他,その他
2025-07-17,Goblinz Studio,Diluvian Winds,-,,ETC,Goblinz Studio,0,1,その他,その他
2025-07-17,TAKUYO,DistortedCode -生者の残り香-,-,YES,ETC,TAKUYO,0,1,その他,その他
2025-07-17,Atari,Golden Tee Arcade Classics,-,,ETC,Atari,0,1,その他,その他
2025-07-17,17Studio,Hentai Photo: Sakura,-,,ETC,17Studio,0,1,その他,その他
2025-07-17,ブシロードゲームズ,HUNTER×HUNTER NEN×IMPACT,-,YES,ETC,ブシロードゲームズ,0,1,その他,その他
2025-07-17,eastasiasoft,Neon Noodles,-,,ETC,eastasiasoft,0,1,その他,その他
2025-07-17,Downmeadowstreet,Seashell Isle,-,,ETC,Downmeadowstreet,0,1,その他,その他
2025-07-17,バンダイナムコエンターテインメント,Shadow Labyrinth,-,YES,ETC,バンダイナムコエンターテインメント,0,1,その他,その他
2025-07-17,BoggySoft,THIEF LIFE SIMULATOR,-,,ETC,BoggySoft,0,1,その他,その他
2025-07-17,BOCSTE,アドシュー,-,,ETC,BOCSTE,0,1,その他,その他
2025-07-17,RocketPunch Games,アノマリーコラプス（英語版）,-,,ETC,RocketPunch Games,0,1,その他,その他
2025-07-17,NOSTRA GAMES,コレクティブルカーショップシミュレーター Collectible Cars Shop Simulator,-,,ETC,NOSTRA GAMES,0,1,その他,その他
2025-07-17,Stray Fawn,ザ ワンダリング ヴィレッジ,-,,ETC,Stray Fawn,0,1,その他,その他
2025-07-17,TT,スッキリ脳トレ いれかえ百人一首－ゲームでかんたん文学教養学習勉強ならべかえパズル－,-,,ETC,TT,0,1,その他,その他
2025-07-17,NOSTRA GAMES,ビー・ア・ビー Be A Bee,-,,ETC,NOSTRA GAMES,0,1,その他,その他
2025-07-17,Aldora Games,モンスターレガシーコージーパズルクロッシング,-,,ETC,Aldora Games,0,1,その他,その他
2025-07-17,MIZUBLUE GAMES,座敷廻,-,,ETC,MIZUBLUE GAMES,0,1,その他,その他
2025-07-17,アソードゲームス,月光のソードブレイカー ミナト編,-,,ETC,アソードゲームス,0,1,その他,その他
2025-07-17,Happy Player,神々の英雄譚,-,,ETC,Happy Player,0,1,その他,その他
2025-07-17,14次元,韓国ドローン飛行ツアー抱川市,-,,ETC,14次元,0,1,その他,その他
2025-07-18,Headup Games,Bridge Constructor Studio,-,,ETC,Headup Games,0,1,その他,その他
2025-07-18,ラタライカゲームス,Karma City Police,-,,ETC,ラタライカゲームス,0,1,その他,その他
2025-07-22,Ustwo Games,Monument Valley 3（英語版）,-,,ETC,Ustwo Games,0,1,その他,その他
2025-07-22,ポケモン,ポケモンフレンズ,-,,ETC,ポケモン,0,1,その他,その他
2025-07-23,Headup Games,Hyperspaced,-,,ETC,Headup Games,0,1,その他,その他
2025-07-24,GaniTani,CRAYON DINO,-,,ETC,GaniTani,0,1,その他,その他
2025-07-24,Phoenixx,DORONKO WANKO,-,,ETC,Phoenixx,0,1,その他,その他
2025-07-24,Milkstone Studios,Farm Together 2,-,,ETC,Milkstone Studios,0,1,その他,その他
2025-07-24,CGI LAB,Formula Racing GP: Apex Overtaking,-,,ETC,CGI LAB,0,1,その他,その他
2025-07-24,eastasiasoft,Learn to Play - Drift Moto,-,,ETC,eastasiasoft,0,1,その他,その他
2025-07-24,Eclipse Interactive,Monza Legends: Classic Grand Prix 1950,-,,ETC,Eclipse Interactive,0,1,その他,その他
2025-07-24,GOGAME CONSOLE PUBLISHER,Motel Owner Simulator,-,,ETC,GOGAME CONSOLE PUBLISHER,0,1,その他,その他
2025-07-24,17Studio,Piece Me Up Senpai!,-,,ETC,17Studio,0,1,その他,その他
2025-07-24,VRCFORGE STUDIOS,Rubber Duck Race Simulator,-,,ETC,VRCFORGE STUDIOS,0,1,その他,その他
2025-07-24,eastasiasoft,Secret Paws - Cozy Offices,-,,ETC,eastasiasoft,0,1,その他,その他
2025-07-24,Abylight,SOMA,-,,ETC,Abylight,0,1,その他,その他
2025-07-24,Penguin Pop Games,Squish Machine,-,,ETC,Penguin Pop Games,0,1,その他,その他
2025-07-24,Cube Games,Strike Mission,-,,ETC,Cube Games,0,1,その他,その他
2025-07-24,Downmeadowstreet,Sunberry Valley,-,,ETC,Downmeadowstreet,0,1,その他,その他
2025-07-24,Downmeadowstreet,Sunrest Oasis,-,,ETC,Downmeadowstreet,0,1,その他,その他
2025-07-24,CGI LAB,THE EXIT: LIMINAL SUPERMARKET HORROR,-,,ETC,CGI LAB,0,1,その他,その他
2025-07-24,Acid Pixel,Transporter,-,,ETC,Acid Pixel,0,1,その他,その他
2025-07-24,Burlea Games Studio,Tung Tung Tung Sahur REPORT,-,,ETC,Burlea Games Studio,0,1,その他,その他
2025-07-24,Pakotime,Yabai Girls: Elegant Egyptian,-,,ETC,Pakotime,0,1,その他,その他
2025-07-24,MASK,お宝探検隊－アイテムさがしで脳トレ脳活アハ活IQちえあそびクイズ－,-,,ETC,MASK,0,1,その他,その他
2025-07-24,dramatic create/ヒューネックス,アルカナ・ファミリア Rinato,-,YES,ETC,dramatic create/ヒューネックス,0,1,その他,その他
2025-07-24,トローゼ,コンバット ストライク,-,,ETC,トローゼ,0,1,その他,その他
2025-07-24,NOSTRA GAMES,ジャイアント・フリー Giant Flee,-,,ETC,NOSTRA GAMES,0,1,その他,その他
2025-07-24,Cyberisle,ゼロサムハート,-,,ETC,Cyberisle,0,1,その他,その他
2025-07-24,EpiXR Games,タイニータイタンズカードランブル,-,,ETC,EpiXR Games,0,1,その他,その他
2025-07-24,講談社,ダレカレ,-,,ETC,講談社,0,1,その他,その他
2025-07-24,Upscale Studio,チョイスオブライフ ワイルドアイランズ,-,,ETC,Upscale Studio,0,1,その他,その他
2025-07-24,Guanpeng Chen,ノアのジレンマ,-,,ETC,Guanpeng Chen,0,1,その他,その他
2025-07-24,ToastieLabs,ピクセルぬりえ〜コレクション6〜,-,,ETC,ToastieLabs,0,1,その他,その他
2025-07-24,GazeGames Interactive,マイ・ベット・クリニック・ペットのいしゃさんのひび,-,,ETC,GazeGames Interactive,0,1,その他,その他
2025-07-24,MAGES.,メモリーズオフ ファンディスク ヒストリア,-,YES,ETC,MAGES.,0,1,その他,その他
2025-07-24,THQ Nordic ジャパン,ロコモト Locomoto,-,YES,ETC,THQ Nordic ジャパン,0,1,その他,その他
2025-07-24,Starstruck Games,ローグマッチ: 超次元からの侵入者,-,,ETC,Starstruck Games,0,1,その他,その他
2025-07-24,RedDeerGames,ワッフル コネコ,-,,ETC,RedDeerGames,0,1,その他,その他
2025-07-24,SAT-BOX,作って!チョコバナナ,-,,ETC,SAT-BOX,0,1,その他,その他
2025-07-24,クリプトン・フューチャー・メディア,初音ミク ロジックペイントS+,-,,ETC,クリプトン・フューチャー・メディア,0,1,その他,その他
2025-07-24,MIZUBLUE GAMES,嫌いな彼ら -1-,-,,ETC,MIZUBLUE GAMES,0,1,その他,その他
2025-07-24,ブロッコリー,泡沫のユークロニア -trail-,-,YES,ETC,ブロッコリー,0,1,その他,その他
2025-07-24,MASK,落とし主はっけん！－絵さがしゲームで脳トレ脳活IQ暇つぶしちえあそびテスト－,-,,ETC,MASK,0,1,その他,その他
2025-07-24,インティ・クリエイツ,蒼き雷霆 ガンヴォルト トライアングルエディション,-,YES,ETC,インティ・クリエイツ,0,1,その他,その他
2025-07-24,14次元,韓国ドローン飛行ツアー梧桐島龍窟,-,,ETC,14次元,0,1,その他,その他
2025-07-24,14次元,韓国ドローン飛行ツアー義王市,-,,ETC,14次元,0,1,その他,その他
2025-07-25,ラタライカゲームス,TERASLIDE,-,,ETC,ラタライカゲームス,0,1,その他,その他
2025-07-25,スパイク・チュンソフト,伊達鍵は眠らない - From AI: ソムニウムファイル,-,YES,ETC,スパイク・チュンソフト,0,1,その他,その他
2025-07-25,GAME NACIONAL,弾丸の嵐,-,,ETC,GAME NACIONAL,0,1,その他,その他
2025-07-28,エム・ビー・エーインターナショナル,Ad Aquilonem - セトと風の遺跡 -,-,,ETC,エム・ビー・エーインターナショナル,0,1,その他,その他
2025-07-30,subSilico,Morgan: Metal Detective,-,,ETC,subSilico,0,1,その他,その他
2025-07-30,Private Division,ホビット庄の物語 〜指輪物語の世界から〜（英語版）,-,,ETC,Private Division,0,1,その他,その他
2025-07-31,Take IT Studio!,A Dream About Parking Lots,-,,ETC,Take IT Studio!,0,1,その他,その他
2025-07-31,Dark Point Games,Achilles: Legends Untold,-,,ETC,Dark Point Games,0,1,その他,その他
2025-07-31,PrimeInvestCapital,AirJet Fighter: Sky Assault,-,,ETC,PrimeInvestCapital,0,1,その他,その他
2025-07-31,Testagamercreations,Criminal Cleaner Simulator,-,,ETC,Testagamercreations,0,1,その他,その他
2025-07-31,Kanuni Games,DeviLevel: Try Again,-,,ETC,Kanuni Games,0,1,その他,その他
2025-07-31,Esophaguys,Esophaguys,-,,ETC,Esophaguys,0,1,その他,その他
2025-07-31,17Studio,Hentai Photo: Momo,-,,ETC,17Studio,0,1,その他,その他
2025-07-31,Flynn's Arcade,ION Shift アイ・オー・エヌ・シフト,-,,ETC,Flynn's Arcade,0,1,その他,その他
2025-07-31,eastasiasoft,Maiden Cops,-,,ETC,eastasiasoft,0,1,その他,その他
2025-07-31,SUCCESS GAMES,Mini Wheels Racers - Turbo Toy Playground,-,,ETC,SUCCESS GAMES,0,1,その他,その他
2025-07-31,Dotemu,NINJA GAIDEN: Ragebound（英語版）,-,YES,ETC,Dotemu,0,1,その他,その他
2025-07-31,BoggySoft,Palland,-,,ETC,BoggySoft,0,1,その他,その他
2025-07-31,Downmeadowstreet,Pinedrop Vale,-,,ETC,Downmeadowstreet,0,1,その他,その他
2025-07-31,Pix Arts,Rookie Basketball Shoots,-,,ETC,Pix Arts,0,1,その他,その他
2025-07-31,Great Ave Games,SCP Foundation: Universe Horror,-,,ETC,Great Ave Games,0,1,その他,その他
2025-07-31,SOFT SOURCE,Sky Oceans: Wings for Hire,-,,ETC,SOFT SOURCE,0,1,その他,その他
2025-07-31,Eclipse Interactive,Star Jumper: Cosmic Adventure,-,,ETC,Eclipse Interactive,0,1,その他,その他
2025-07-31,Pakotime,Sugoi Girls: Firefighter Love,-,,ETC,Pakotime,0,1,その他,その他
2025-07-31,Panic（英語版）,Time Flies,-,,ETC,Panic（英語版）,0,1,その他,その他
2025-07-31,SOFT SOURCE,Troublemaker,-,,ETC,SOFT SOURCE,0,1,その他,その他
2025-07-31,Triple Boris,Where is Billy?,-,,ETC,Triple Boris,0,1,その他,その他
2025-07-31,Mastiff（英語版）,ZHED 数字のパズル,-,,ETC,Mastiff（英語版）,0,1,その他,その他
2025-07-31,日本コロムビア,きらめきナースダイアリー みんなをたすける天使のおしごと,-,YES,ETC,日本コロムビア,0,1,その他,その他
2025-07-31,MASK,もじみっけ－絵さがしゲームで脳トレIQ脳活アハ活ちえあそびテスト－,-,,ETC,MASK,0,1,その他,その他
2025-07-31,iMel,アマナツ+,-,,ETC,iMel,0,1,その他,その他
2025-07-31,タイトー,グルーヴコースター フューチャーパフォーマーズ,-,,ETC,タイトー,0,1,その他,その他
2025-07-31,BEEP,コットンリブート ハイテンション!,-,YES,ETC,BEEP,0,1,その他,その他
2025-07-31,Happy Player,サキュバスのデート,-,,ETC,Happy Player,0,1,その他,その他
2025-07-31,レイニーフロッグ,スパイドロップス,-,,ETC,レイニーフロッグ,0,1,その他,その他
2025-07-31,Sunpeak Games,スペルディスク,-,,ETC,Sunpeak Games,0,1,その他,その他
2025-07-31,Whitethorn Games,スライムヒーローズ,-,,ETC,Whitethorn Games,0,1,その他,その他
2025-07-31,Sanuk,バグと魔法使い,-,,ETC,Sanuk,0,1,その他,その他
2025-07-31,ジェムドロップ,ホロの花札,-,YES,ETC,ジェムドロップ,0,1,その他,その他
2025-07-31,MAGES.,ミステリート〜八十神かおるの挑戦!〜,-,,ETC,MAGES.,0,1,その他,その他
2025-07-31,MASK,値段はいくら？－価格予想脳トレ雑学常識クイズ教養知識豆知識ゲーム－,-,,ETC,MASK,0,1,その他,その他
2025-07-31,アイディアファクトリー,勿ノ怪契り,-,YES,ETC,アイディアファクトリー,0,1,その他,その他
2025-07-31,Game Source Entertainment,夢灯華 Noctuary,-,YES,ETC,Game Source Entertainment,0,1,その他,その他
2025-07-31,RAWRLAB Games,妖精ウォーズ,-,,ETC,RAWRLAB Games,0,1,その他,その他
2025-07-31,オペラハウス,桜色の夢を見て、僕は君に恋をする,-,,ETC,オペラハウス,0,1,その他,その他
2025-07-31,MASK,犯人はどこだ－犯人を探して脳トレIQ脳活アハ活ちえあそび－,-,,ETC,MASK,0,1,その他,その他
2025-07-31,AGE Zero,猫の訪問 映画館へ: Cats Visiting The Cinema,-,,ETC,AGE Zero,0,1,その他,その他
2025-07-31,BD Games,肉球とひげ,-,,ETC,BD Games,0,1,その他,その他
2025-07-31,メビウス,鋼鉄帝国-STEEL EMPIRE-クロニクル,-,YES,ETC,メビウス,0,1,その他,その他
2025-07-31,AlignmentSharp,鞭空翔〜ムチ/ソラ/カケル〜,-,,ETC,AlignmentSharp,0,1,その他,その他
2025-07-31,14次元,韓国ドローン飛行ツアー漢江公園,-,,ETC,14次元,0,1,その他,その他
2025-07-31,日本一ソフトウェア,風雨来記5,-,YES,ETC,日本一ソフトウェア,0,1,その他,その他
2025-08-01,フロンティアワークス,アクアリウムは踊らない,-,YES,ETC,フロンティアワークス,0,1,その他,その他
2025-08-01,ケムコ,アストラルテイカー,-,,ETC,ケムコ,0,1,その他,その他
2025-08-01,GAME NACIONAL,アヤラ:忘れられた世界,-,,ETC,GAME NACIONAL,0,1,その他,その他
2025-08-01,Limited Run Games（英語版）,オレっ!トンバ Special Edition,-,YES,ETC,Limited Run Games（英語版）,0,1,その他,その他
2025-08-01,Shinyuden,ポケットヒーロー!,-,,ETC,Shinyuden,0,1,その他,その他
2025-08-01,アニプレックス,鬼滅の刃 ヒノカミ血風譚2,-,YES,ETC,アニプレックス,6974_0m_4945,1,その他,その他
2025-08-04,タイトー,R-GEAR,-,,ETC,タイトー,0,1,その他,その他
2025-08-07,eastasiasoft,Alien Breakout,-,,ETC,eastasiasoft,0,1,その他,その他
2025-08-07,Pakotime,Anime Girls: Summer Vacay,-,,ETC,Pakotime,0,1,その他,その他
2025-08-07,Quantum Arcade Limited,Ants Empire Colony,-,,ETC,Quantum Arcade Limited,0,1,その他,その他
2025-08-07,PLAYISM,Behind the Frame 〜とっておきの景色を〜・The Star Named EOS 〜未明の軌跡へ〜,-,YES,ETC,PLAYISM,0,1,その他,その他
2025-08-07,CGI LAB,BRAINROT: FIGHTING,-,,ETC,CGI LAB,0,1,その他,その他
2025-08-07,GlobalGameStudio,Car Drift Racing Game PRO,-,,ETC,GlobalGameStudio,0,1,その他,その他
2025-08-07,RedDeerGames,Cozy Cooking: Tiny Tastes,-,,ETC,RedDeerGames,0,1,その他,その他
2025-08-07,GaniTani,CRAYON CLASSIC,-,,ETC,GaniTani,0,1,その他,その他
2025-08-07,404 Games,Cyber Car Seller Simulator,-,,ETC,404 Games,0,1,その他,その他
2025-08-07,H2 INTERACTIVE,Day of the Shell,-,,ETC,H2 INTERACTIVE,0,1,その他,その他
2025-08-07,SiBear Games,Drakkar Crew,-,,ETC,SiBear Games,0,1,その他,その他
2025-08-07,Big Way,EmyLiveShow: How To Write A Bestseller,-,,ETC,Big Way,0,1,その他,その他
2025-08-07,ハピネット,FAITH: The Unholy Trinity（英語版）,-,YES,ETC,ハピネット,0,1,その他,その他
2025-08-07,アニプレックス,Fate/hollow ataraxia REMASTERED,-,,ETC,アニプレックス,0,1,その他,その他
2025-08-07,Poti Poti Studio,Is This Seat Taken?,-,,ETC,Poti Poti Studio,0,1,その他,その他
2025-08-07,TrueMotion Interactive,Money Wash Tycoon,-,,ETC,TrueMotion Interactive,0,1,その他,その他
2025-08-07,woof,MOTTAINAI GHOST,-,,ETC,woof,0,1,その他,その他
2025-08-07,RedDeerGames,Pimp Up Dungeon,-,,ETC,RedDeerGames,0,1,その他,その他
2025-08-07,CHORRUS GAMES,Radiant: Guardians of Light,-,,ETC,CHORRUS GAMES,0,1,その他,その他
2025-08-07,Team17,Ritual of Raven,-,,ETC,Team17,0,1,その他,その他
2025-08-07,CGI LAB,Rocket Strike: Deep Space,-,,ETC,CGI LAB,0,1,その他,その他
2025-08-07,byteparrot,Slopecrashers,-,,ETC,byteparrot,0,1,その他,その他
2025-08-07,Skystone Games,Tiny Bookshop,-,,ETC,Skystone Games,0,1,その他,その他
2025-08-07,Outerminds,Turbo Kid,-,,ETC,Outerminds,0,1,その他,その他
2025-08-07,CGI LAB,ULTRASHOT: Kill Protocol,-,,ETC,CGI LAB,0,1,その他,その他
2025-08-07,Joindots,Unicorns - The Troll Adventure,-,,ETC,Joindots,0,1,その他,その他
2025-08-07,カエルパンダ,くるくる回そう!方向幕コレクション for Nintendo Switch -JR西日本編 大阪環状線・大和路線- 鉄道方向幕シミュレーター,-,,ETC,カエルパンダ,0,1,その他,その他
2025-08-07,SAT-BOX,たたいて!まわって!スイカパーティ,-,,ETC,SAT-BOX,0,1,その他,その他
2025-08-07,SNK,アケアカNEOGEO セレクション Vol.5,-,YES,ETC,SNK,0,1,その他,その他
2025-08-07,●,アケアカNEOGEO セレクション Vol.6,-,,ETC,●,0,1,その他,その他
2025-08-07,EpiXR Games,ウィングズオブフェート,-,,ETC,EpiXR Games,0,1,その他,その他
2025-08-07,テヨンジャパン,ウォブリーライフ,-,,ETC,テヨンジャパン,7190_0m_5158,1,その他,その他
2025-08-07,タイトー,オペレーション・ナイトストライカーズ,-,YES,ETC,タイトー,0,1,その他,その他
2025-08-07,KONAMI,グラディウス オリジン コレクション,-,YES,ETC,KONAMI,0,1,その他,その他
2025-08-07,Aldora Games,ケーポップパズルアイドルミュージックフェスティバル,-,,ETC,Aldora Games,0,1,その他,その他
2025-08-07,MAGES.,コープスパーティー TETRALOGY PACK,-,YES,ETC,MAGES.,0,1,その他,その他
2025-08-07,Forever Entertainment,ザ・ハウス・オブ・ザ・デッド 2:リメイク,-,,ETC,Forever Entertainment,0,1,その他,その他
2025-08-07,Whitethorn Games,スプレイペイントシミュレーター,-,,ETC,Whitethorn Games,0,1,その他,その他
2025-08-07,HUNTERS,ツインファイターX,-,,ETC,HUNTERS,0,1,その他,その他
2025-08-07,わくわくゲームズ,デバッグデッドライン,-,,ETC,わくわくゲームズ,0,1,その他,その他
2025-08-07,賈船,バスレロエス インベージョン,-,,ETC,賈船,0,1,その他,その他
2025-08-07,BD Games,マジックブリック,-,,ETC,BD Games,0,1,その他,その他
2025-08-07,Two Cakes Studio,ミステリーホテル: アイテム探し,-,,ETC,Two Cakes Studio,0,1,その他,その他
2025-08-07,Redbeak Games,モータルグローリー2,-,,ETC,Redbeak Games,0,1,その他,その他
2025-08-07,パルスモ,八つ灯,-,,ETC,パルスモ,0,1,その他,その他
2025-08-07,MASK,君にフラれた－恋愛あるある共感ゲームで学ぶ失恋エピソード集－,-,,ETC,MASK,0,1,その他,その他
2025-08-07,アイディアファクトリー,悠久のティアブレイド for Nintendo Switch,-,YES,ETC,アイディアファクトリー,0,1,その他,その他
2025-08-07,フライハイワークス,文字遊戯,-,,ETC,フライハイワークス,0,1,その他,その他
2025-08-07,HERO GAME,理詰めの理津,-,,ETC,HERO GAME,0,1,その他,その他
2025-08-07,講談社,違う星のぼくら,-,,ETC,講談社,0,1,その他,その他
2025-08-07,MASK,金欠サバイバル－金欠あるある知識とひらめきのストーリークイズ－,-,,ETC,MASK,0,1,その他,その他
2025-08-07,14次元,韓国ドローン飛行ツアー床足岩,-,,ETC,14次元,0,1,その他,その他
2025-08-08,ベセスダ・ソフトワークス,Heretic + Hexen,-,,ETC,ベセスダ・ソフトワークス,0,1,その他,その他
2025-08-13,Afil Games,Rogue Raccoon,-,,ETC,Afil Games,0,1,その他,その他
2025-08-14,Pix Arts,Bunkers 1944 FPS,-,,ETC,Pix Arts,0,1,その他,その他
2025-08-14,DCF Studios,Bunny Battle Nemesis,-,,ETC,DCF Studios,0,1,その他,その他
2025-08-14,CGI LAB,Close For The Night Horror,-,,ETC,CGI LAB,0,1,その他,その他
2025-08-14,Gaijin Distribution,Crossout Legends,-,,ETC,Gaijin Distribution,0,1,その他,その他
2025-08-14,QUByte Interactive,Curse Rounds,-,,ETC,QUByte Interactive,0,1,その他,その他
2025-08-14,COMMANDO PANDA,Demons Are Coming!,-,,ETC,COMMANDO PANDA,0,1,その他,その他
2025-08-14,Valkyrie Initiative,DUCK: Dangerous Ultimate Cartridge Kidnapper,-,,ETC,Valkyrie Initiative,0,1,その他,その他
2025-08-14,VRCFORGE STUDIOS,Escape the Backrooms BODYCAM,-,,ETC,VRCFORGE STUDIOS,0,1,その他,その他
2025-08-14,eastasiasoft,Faye Falling,-,,ETC,eastasiasoft,0,1,その他,その他
2025-08-14,Sometimes You,GOST of Time,-,,ETC,Sometimes You,0,1,その他,その他
2025-08-14,17Studio,Hentai Photo: Ajisai,-,,ETC,17Studio,0,1,その他,その他
2025-08-14,Pakotime,Kawaii Girls: Venice Crush,-,,ETC,Pakotime,0,1,その他,その他
2025-08-14,RedDeerGames,Kimono Cats,-,,ETC,RedDeerGames,0,1,その他,その他
2025-08-14,eastasiasoft,Learn to Play - Jungle Frog,-,,ETC,eastasiasoft,0,1,その他,その他
2025-08-14,Pix Arts,Pro Virtual Racing,-,,ETC,Pix Arts,0,1,その他,その他
2025-08-14,eastasiasoft,Project 13: Taxidermy Trails,-,,ETC,eastasiasoft,0,1,その他,その他
2025-08-14,Downmeadowstreet,Resting Island,-,,ETC,Downmeadowstreet,0,1,その他,その他
2025-08-14,Penguin Pop Games,Square Logic,-,,ETC,Penguin Pop Games,0,1,その他,その他
2025-08-14,SUCCESS GAMES,Tokyo Racer X,-,,ETC,SUCCESS GAMES,0,1,その他,その他
2025-08-14,Play Games,Tralalero Tralala Simulator,-,,ETC,Play Games,0,1,その他,その他
2025-08-14,ラタライカゲームス,Zooparasite,-,,ETC,ラタライカゲームス,0,1,その他,その他
2025-08-14,MASK,まちが絵さがし2 - 脳活アハ活ひらめきIQひまつぶしかわいい間違い探し,-,,ETC,MASK,0,1,その他,その他
2025-08-14,EpiXR Games,ザンバートレジャーオブザマーブルシーズ,-,,ETC,EpiXR Games,0,1,その他,その他
2025-08-14,MIZUBLUE GAMES,スパダリ★パニック,-,,ETC,MIZUBLUE GAMES,0,1,その他,その他
2025-08-14,kids room,ナナナイト,-,,ETC,kids room,0,1,その他,その他
2025-08-14,エイジ,バニうさガールズ,-,,ETC,エイジ,0,1,その他,その他
2025-08-14,Max Interactive Studio,バブルウィザードIVサーガ,-,,ETC,Max Interactive Studio,0,1,その他,その他
2025-08-14,PlayZilla,パッション・パズル,-,,ETC,PlayZilla,0,1,その他,その他
2025-08-14,Bold Head Interactive,ヤーン・ガーディアンズ,-,,ETC,Bold Head Interactive,0,1,その他,その他
2025-08-14,DEV666,リ:プレイ,-,,ETC,DEV666,0,1,その他,その他
2025-08-14,MASK,世界一周パズル－ゲームで楽しむ世界の絶景回転パズル－,-,,ETC,MASK,0,1,その他,その他
2025-08-14,NiuGamer,君、勉強を邪魔しないでください,-,,ETC,NiuGamer,0,1,その他,その他
2025-08-14,MASK,心理テスト ズバリ性格あてます！－遊んで性格チェック！きみはどんなタイプ？－,-,,ETC,MASK,0,1,その他,その他
2025-08-14,Red Bjorn,最初のレーサー,-,,ETC,Red Bjorn,0,1,その他,その他
2025-08-14,MASK,死なないミステリー－スリルとサスペンスの日常違和感ミステリー－,-,,ETC,MASK,0,1,その他,その他
2025-08-14,MASK,猫好きあるある－猫との暮らし共感ネタ満載！ゆるふわ猫好きIQテスト－,-,,ETC,MASK,0,1,その他,その他
2025-08-14,14次元,韓国ドローン飛行ツアー安養市,-,,ETC,14次元,0,1,その他,その他
2025-08-15,ラタライカゲームス,1989 After the War,-,,ETC,ラタライカゲームス,0,1,その他,その他
2025-08-15,Nerd Games,Myst House このポイント&クリックゲームで生き残れ！,-,,ETC,Nerd Games,0,1,その他,その他
2025-08-15,AGE Zero,猫たちの居心地のいいお部屋: Cats in Cozy Rooms,-,,ETC,AGE Zero,0,1,その他,その他
2025-08-16,ラプラシアン,記憶の鍵盤,-,,ETC,ラプラシアン,0,1,その他,その他
2025-08-20,TBSテレビ,LAPPY GAMES,-,,ETC,TBSテレビ,0,1,その他,その他
2025-08-20,Afil Games,The Cursed Frog,-,,ETC,Afil Games,0,1,その他,その他
2025-08-21,TT,10歳までに鍛える パターン思考パズル－プログラミング脳を育む論理的思考力系列クイズ－,-,,ETC,TT,0,1,その他,その他
2025-08-21,MASK,3分間脱出ゲーム－謎解き×頭の体操！推理・直感力が試される頭脳系ゲーム－,-,,ETC,MASK,0,1,その他,その他
2025-08-21,Pakotime,Anime Girls: Nimble Ninja,-,,ETC,Pakotime,0,1,その他,その他
2025-08-21,Downmeadowstreet,Autumn Isle,-,,ETC,Downmeadowstreet,0,1,その他,その他
2025-08-21,Joey Drew Studios,Bendy: Lone Wolf,-,,ETC,Joey Drew Studios,0,1,その他,その他
2025-08-21,TERNOX,Boned Again: Survivors,-,,ETC,TERNOX,0,1,その他,その他
2025-08-21,SAT-BOX,BURGERショット,-,,ETC,SAT-BOX,0,1,その他,その他
2025-08-21,DubassGames,Camp Life: Wilderness Survival 2025,-,,ETC,DubassGames,0,1,その他,その他
2025-08-21,VRCFORGE STUDIOS,CARD SHOP GAME STORE - TCG SIMULATOR,-,,ETC,VRCFORGE STUDIOS,0,1,その他,その他
2025-08-21,The Naked Dev,City of Springs,-,,ETC,The Naked Dev,0,1,その他,その他
2025-08-21,Halva Studio,CLIMB - クライム,-,,ETC,Halva Studio,0,1,その他,その他
2025-08-21,eastasiasoft,CORE.SYS,-,,ETC,eastasiasoft,0,1,その他,その他
2025-08-21,Downmeadowstreet,Cozy Kingdom,-,,ETC,Downmeadowstreet,0,1,その他,その他
2025-08-21,PQube,Discounty: ドタバタスーパー物語,-,,ETC,PQube,0,1,その他,その他
2025-08-21,Play Games,GET TO WORK SIMULATOR,-,,ETC,Play Games,0,1,その他,その他
2025-08-21,Megabit Publishing,Grit and Valor - 1949,-,,ETC,Megabit Publishing,0,1,その他,その他
2025-08-21,17Studio,Hentai Photo: Kaneshon,-,,ETC,17Studio,0,1,その他,その他
2025-08-21,Panic,Herdling,-,,ETC,Panic,0,1,その他,その他
2025-08-21,Soroka Games,Lost in Loss,-,,ETC,Soroka Games,0,1,その他,その他
2025-08-21,Wise Games,MechCrisis,-,,ETC,Wise Games,0,1,その他,その他
2025-08-21,Downmeadowstreet,Silky Winds,-,,ETC,Downmeadowstreet,0,1,その他,その他
2025-08-21,Play Games,Succubus Sexy Devils,-,,ETC,Play Games,0,1,その他,その他
2025-08-21,Dragon Path Games,The Long Desert Drive,-,,ETC,Dragon Path Games,0,1,その他,その他
2025-08-21,ジー・モード,ぷにゃん こねこね,-,,ETC,ジー・モード,0,1,その他,その他
2025-08-21,MASK,まちが字探し－脳活×ひらめき！かわいく遊べる文字さがし－,-,,ETC,MASK,0,1,その他,その他
2025-08-21,Domynyo,クイシアナ,-,,ETC,Domynyo,0,1,その他,その他
2025-08-21,Red Fables,プールサイド美少女キス:パッションフルーツホテル恋愛ゲーム,-,,ETC,Red Fables,0,1,その他,その他
2025-08-21,Red Fables,プールサイド美少年キス:パッションフルーツホテル恋愛ゲーム,-,,ETC,Red Fables,0,1,その他,その他
2025-08-21,わくわくゲームズ,百合太刀降魔伝,-,,ETC,わくわくゲームズ,0,1,その他,その他
2025-08-21,TT,脳トレ！合体漢字パズル－ゲームで楽しく脳活アハ活学習勉強検定－,-,,ETC,TT,0,1,その他,その他
2025-08-21,ソニックパワード,鉄道にっぽん!RealPro 東京-神奈川!東急電鉄 編,-,YES,ETC,ソニックパワード,0,1,その他,その他
2025-08-21,MASK,間違いやすい漢字ドリル－書ける？読める？日本語で脳を鍛える漢字ゲーム－,-,,ETC,MASK,0,1,その他,その他
2025-08-21,14次元,韓国ドローン飛行ツアー屏風岩,-,,ETC,14次元,0,1,その他,その他
2025-08-21,コンパイルハート,魔法司書アリアナ 〜七英傑の書〜,-,YES,ETC,コンパイルハート,0,1,その他,その他
2025-08-22,GAME NACIONAL,Cyber AI Defense,-,,ETC,GAME NACIONAL,0,1,その他,その他
2025-08-22,Pakotime,Kawaii Girls: Cute Cheerleader,-,,ETC,Pakotime,0,1,その他,その他
2025-08-22,Entalto Publishing,Knightica,-,,ETC,Entalto Publishing,0,1,その他,その他
2025-08-22,ラタライカゲームス,SF3RA,-,,ETC,ラタライカゲームス,0,1,その他,その他
2025-08-23,naptime.games,Not Not 2 - 脳トレーニング,-,,ETC,naptime.games,0,1,その他,その他
2025-08-25,Assemble Entertainment,Roadwarden（英語版）,-,,ETC,Assemble Entertainment,0,1,その他,その他
2025-08-26,First Break Labs,Particle Hearts,-,,ETC,First Break Labs,0,1,その他,その他
2025-08-26,任天堂,かおマリオ,-,,ETC,任天堂,0,1,その他,その他
2025-08-27,Afil Games,Knight Quest: Goblins Raid,-,,ETC,Afil Games,0,1,その他,その他
2025-08-28,SOFT SOURCE,Bahamut and the Waqwaq Tree,-,,ETC,SOFT SOURCE,0,1,その他,その他
2025-08-28,Dragon Path Games,Deadliest Deep Sea Catch Fishing Simulator,-,,ETC,Dragon Path Games,0,1,その他,その他
2025-08-28,アイディアファクトリー,DIG-ROCK -Documentary of Youthful Sounds-,-,YES,ETC,アイディアファクトリー,0,1,その他,その他
2025-08-28,Downmeadowstreet,Flood Parkour Obby,-,,ETC,Downmeadowstreet,0,1,その他,その他
2025-08-28,PrimeInvestCapital,Glory to the Heroes,-,,ETC,PrimeInvestCapital,0,1,その他,その他
2025-08-28,Downmeadowstreet,Greenveil Hike,-,,ETC,Downmeadowstreet,0,1,その他,その他
2025-08-28,17Studio,Hentai Photo: Kuchinashi,-,,ETC,17Studio,0,1,その他,その他
2025-08-28,Pakotime,Kawaii Girls: Rural Romance,-,,ETC,Pakotime,0,1,その他,その他
2025-08-28,DubassGames,Laundry Boss Simulator,-,,ETC,DubassGames,0,1,その他,その他
2025-08-28,FIVE-BN STUDIO,Lost Lands X,-,,ETC,FIVE-BN STUDIO,0,1,その他,その他
2025-08-28,Fun Games Studio,Monster Salon Manager,-,,ETC,Fun Games Studio,0,1,その他,その他
2025-08-28,RedDeerGames,Neko Bento 2,-,,ETC,RedDeerGames,0,1,その他,その他
2025-08-28,halvardo13,No Sweet Looks,-,,ETC,halvardo13,0,1,その他,その他
2025-08-28,Dragon Path Games,OpsCam - Body Cam Shooter,-,,ETC,Dragon Path Games,0,1,その他,その他
2025-08-28,17Studio,Sexy Erotic Xtreme Club,-,,ETC,17Studio,0,1,その他,その他
2025-08-28,Jett Williams,Sumorbit,-,,ETC,Jett Williams,0,1,その他,その他
2025-08-28,Forever Entertainment,Thief Simulator Mastermind Edition,-,,ETC,Forever Entertainment,0,1,その他,その他
2025-08-28,Lukasz Krasniewski,Voxelgram 2,-,,ETC,Lukasz Krasniewski,0,1,その他,その他
2025-08-28,RandomSpin Games,"We Are Busy Digging A Hole ""ONLINE COOPERATIVE""",-,,ETC,RandomSpin Games,0,1,その他,その他
2025-08-28,Rejet,もし、この世界に神様がいるとするならば。,-,YES,ETC,Rejet,0,1,その他,その他
2025-08-28,Pineapple Works,アンバーランド伝説2,-,,ETC,Pineapple Works,0,1,その他,その他
2025-08-28,MIZUBLUE GAMES,オオカミと赤い満月,-,,ETC,MIZUBLUE GAMES,0,1,その他,その他
2025-08-28,サイバーステップ,"ギャルと優等生と夏休み Gal, Geek and Summer",-,,ETC,サイバーステップ,0,1,その他,その他
2025-08-28,バンダイナムコエンターテインメント,スーパーロボット大戦Y,-,YES,ETC,バンダイナムコエンターテインメント,7031_0m_5002,1,その他,その他
2025-08-28,エディア,テレネット シューティング コレクションII,-,YES,ETC,エディア,0,1,その他,その他
2025-08-28,Happy Player,デスマスク 〜殺人仮面劇〜,-,,ETC,Happy Player,0,1,その他,その他
2025-08-28,トイジアム,ノロイカゴ ゲゲゲの夜,-,,ETC,トイジアム,0,1,その他,その他
2025-08-28,Upscale Studio,ファインド・ソート・マッチ,-,,ETC,Upscale Studio,0,1,その他,その他
2025-08-28,Sanuk,ランダマックス,-,,ETC,Sanuk,0,1,その他,その他
2025-08-28,フリュー,ヴァレット/VARLET,-,YES,ETC,フリュー,0,1,その他,その他
2025-08-28,エンターグラム,制服カノジョ2.5,-,YES,ETC,エンターグラム,0,1,その他,その他
2025-08-28,Funbox Media,反乱軍の戦い,-,,ETC,Funbox Media,0,1,その他,その他
2025-08-28,MASK,名探偵からの挑戦状－脳トレクイズで事件解決脳活ナゾトキ推理ミステリー－,-,,ETC,MASK,0,1,その他,その他
2025-08-28,Alawar Premium（英語版）,最強の武術家,-,,ETC,Alawar Premium（英語版）,0,1,その他,その他
2025-08-28,シティコネクション,東亜プラン アーケードコレクション VOL 1,-,YES,ETC,シティコネクション,0,1,その他,その他
2025-08-28,●,東亜プラン アーケードコレクション VOL 2,-,,ETC,●,0,1,その他,その他
2025-08-28,MASK,潜在能力テスト－遊んで鍛える！ひらめき直感知識発想力IQ脳力診断クイズ集－,-,,ETC,MASK,0,1,その他,その他
2025-08-28,WhisperGames,無名者:屠竜,-,,ETC,WhisperGames,0,1,その他,その他
2025-08-28,マーベラス,牧場物語 Let's!風のグランドバザール,-,YES,ETC,マーベラス,7025_0m_4996,1,その他,その他
2025-08-28,MASK,目と脳を鍛える 立体視力トレーニング－ステレオグラムで脳トレ脳活ひらめきIQ診断クイズ－,-,,ETC,MASK,0,1,その他,その他
2025-08-28,AlignmentSharp,脱出ゲーム R00M05,-,,ETC,AlignmentSharp,0,1,その他,その他
2025-08-28,日本一ソフトウェア,連呪,-,YES,ETC,日本一ソフトウェア,0,1,その他,その他
2025-08-28,14次元,韓国ドローン飛行ツアー梧南湖水公園,-,,ETC,14次元,0,1,その他,その他
2025-08-29,Maximum Entertainment,40 Sports Games in 1,-,,ETC,Maximum Entertainment,0,1,その他,その他
2025-08-29,ラタライカゲームス,Ash Pines: The Motel,-,,ETC,ラタライカゲームス,0,1,その他,その他
2025-08-29,セガ,SHINOBI 復讐の斬撃,-,YES,ETC,セガ,0,1,その他,その他
2025-08-29,ハイド,禁足地 -青鬼の窟-,-,,ETC,ハイド,0,1,その他,その他
2025-09-01,Feardemic,バッド・チーズ,-,,ETC,Feardemic,0,1,その他,その他
2025-09-03,Afil Games,Fit And Fry: Organized Chef,-,,ETC,Afil Games,0,1,その他,その他
2025-09-04,RedDeerGames,Above Snakes,-,,ETC,RedDeerGames,0,1,その他,その他
2025-09-04,Atari,Adventure of Samsara,-,,ETC,Atari,0,1,その他,その他
2025-09-04,CGI LAB GAMES,Anime Warriors Clash,-,,ETC,CGI LAB GAMES,0,1,その他,その他
2025-09-04,Gamuzumi,Aphrodite's Bathhouse,-,,ETC,Gamuzumi,0,1,その他,その他
2025-09-04,INVECTOR GAME STUDIO,Bodycam Record Shooter,-,,ETC,INVECTOR GAME STUDIO,0,1,その他,その他
2025-09-04,CGI LAB GAMES,BOMBORDIRO CROCODILO Flight Simulator,-,,ETC,CGI LAB GAMES,0,1,その他,その他
2025-09-04,Malapata Studio,Camper Van 家にしよう,-,,ETC,Malapata Studio,0,1,その他,その他
2025-09-04,Sometimes You,Candylands Journey,-,,ETC,Sometimes You,0,1,その他,その他
2025-09-04,Oddi Tycoon,Cash Laundry Simulator,-,,ETC,Oddi Tycoon,0,1,その他,その他
2025-09-04,Play Lab,Cat Clinic Simulator: Vet Hospital,-,,ETC,Play Lab,0,1,その他,その他
2025-09-04,indie.io,Dark Deity 2,-,,ETC,indie.io,0,1,その他,その他
2025-09-04,DU&I UG,Dogs Organized Neatly,-,,ETC,DU&I UG,0,1,その他,その他
2025-09-04,Fun Games Studio,Fast Food Tycoon Simulator,-,,ETC,Fun Games Studio,0,1,その他,その他
2025-09-04,Daedalic Entertainment,Fling to the Finish,-,,ETC,Daedalic Entertainment,0,1,その他,その他
2025-09-04,Downmeadowstreet,Gold Grove,-,,ETC,Downmeadowstreet,0,1,その他,その他
2025-09-04,17Studio,Hentai Photo: Yuri,-,,ETC,17Studio,0,1,その他,その他
2025-09-04,Team Cherry,Hollow Knight: Silksong,34,,AADV,Team Cherry,1668_0m_428n,1,アクションアドベンチャー,その他
2025-09-04,Firenut,Legends BMX,-,,ETC,Firenut,0,1,その他,その他
2025-09-04,Beep,Mandragora: Whispers of the Witch Tree,-,YES,ETC,Beep,0,1,その他,その他
2025-09-04,DEZVOLT GAMES,My Summer Drive,-,,ETC,DEZVOLT GAMES,0,1,その他,その他
2025-09-04,eastasiasoft,Overpowered 1 - Mars Infestation,-,,ETC,eastasiasoft,0,1,その他,その他
2025-09-04,Great Ave Games,Pharma Dealer Simulator,-,,ETC,Great Ave Games,0,1,その他,その他
2025-09-04,ruff,POGO Stadium,-,,ETC,ruff,0,1,その他,その他
2025-09-04,GreenWookland Games,Recycling Station Simulator,-,,ETC,GreenWookland Games,0,1,その他,その他
2025-09-04,Sometimes You,Sky of Destruction,-,,ETC,Sometimes You,0,1,その他,その他
2025-09-04,17Studio,Snapshot Girls,-,,ETC,17Studio,0,1,その他,その他
2025-09-04,Axyos Games,Soulbind: Tales Of The Underworld,-,,ETC,Axyos Games,0,1,その他,その他
2025-09-04,PixelHeart,Souno's Curse,-,,ETC,PixelHeart,0,1,その他,その他
2025-09-04,BrunerHouse,Star Trek: Resurgence（英語版）,-,,ETC,BrunerHouse,0,1,その他,その他
2025-09-04,Sometimes You,The Nameless City,-,,ETC,Sometimes You,0,1,その他,その他
2025-09-04,Play Lab,TUNG TUNG SAHUR EXTREME,-,,ETC,Play Lab,0,1,その他,その他
2025-09-04,Oddi Tycoon,Vice Thief Simulator: 80s Nostalgia,-,,ETC,Oddi Tycoon,0,1,その他,その他
2025-09-04,Vitalii Kaminskyi,Wolf Simulator 2025: Wild RPG Survival,-,,ETC,Vitalii Kaminskyi,0,1,その他,その他
2025-09-04,Pakotime,Yabai Girls: Hot Hiker,-,,ETC,Pakotime,0,1,その他,その他
2025-09-04,フリュー,けものティータイム,-,,ETC,フリュー,0,1,その他,その他
2025-09-04,MASK,すごいどうぶつクイズ－知ってる？どうぶつのヒミツ大公開！－,-,,ETC,MASK,0,1,その他,その他
2025-09-04,バンダイナムコエンターテインメント,みんなのGOLF WORLD,-,YES,ETC,バンダイナムコエンターテインメント,0,1,その他,その他
2025-09-04,EpiXR Games,ザンバーサッカーマーブルリーグ,-,,ETC,EpiXR Games,0,1,その他,その他
2025-09-04,Hey! Kookaburra,スプラッターボット,-,,ETC,Hey! Kookaburra,0,1,その他,その他
2025-09-04,トローゼ,ドラゴンナイツ クロニクル,-,,ETC,トローゼ,0,1,その他,その他
2025-09-04,Digital Crafter,ワルキューレスクワッド:突破せよ!,-,,ETC,Digital Crafter,0,1,その他,その他
2025-09-04,Phoenixx,東方紅輝心,-,,ETC,Phoenixx,0,1,その他,その他
2025-09-04,MASK,歴史名言クイズ－教養・雑学で知識力アップ！4択で学べる、日本史・世界史テスト！－,-,,ETC,MASK,0,1,その他,その他
2025-09-04,レジスタ,江戸時代からの脱出,-,,ETC,レジスタ,0,1,その他,その他
2025-09-04,MASK,脳トレ ならべるクイズ－遊んで学べる言葉の知識国語力アップ語彙トレ雑学クイズ脳活パズル－,-,,ETC,MASK,0,1,その他,その他
2025-09-04,MASK,脳トレ！くらげパズル－ゲームで癒される！ふわとろ海中回転パズル－,-,,ETC,MASK,0,1,その他,その他
2025-09-04,SAT-BOX,釣って!海つり,-,,ETC,SAT-BOX,0,1,その他,その他
2025-09-04,14次元,韓国ドローン飛行ツアー芙沼潭岳,-,,ETC,14次元,0,1,その他,その他
2025-09-05,ケムコ,Dragon Ruins,-,,ETC,ケムコ,0,1,その他,その他
2025-09-05,eastasiasoft,Makis Adventure,-,,ETC,eastasiasoft,0,1,その他,その他
2025-09-05,GAME NACIONAL,Mechatris メカトリス,-,,ETC,GAME NACIONAL,0,1,その他,その他
2025-09-05,テイクツー・インタラクティブ・ジャパン,NBA 2K26,-,YES,ETC,テイクツー・インタラクティブ・ジャパン,7058_0m_5028,1,その他,その他
2025-09-05,Shinyuden,Psycho Dream,-,,ETC,Shinyuden,0,1,その他,その他
2025-09-05,EXNOA,終天教団,-,YES,ETC,EXNOA,0,1,その他,その他
2025-09-06,QubicGames,Skyline Bowling - スカイライン・ボウリング,-,,ETC,QubicGames,0,1,その他,その他
2025-09-10,Afil Games,Little Helper Cafe,-,,ETC,Afil Games,0,1,その他,その他
2025-09-10,ベネッセコーポレーション,○×クイズバトル！ かんじ・けいさんスマッシュワールド 1ねんせい,-,,ETC,ベネッセコーポレーション,0,1,その他,その他
2025-09-10,不明,○×クイズバトル！ 漢字・計算スマッシュワールド 2年生,-,,ETC,不明,0,1,その他,その他
2025-09-10,不明,○×クイズバトル！ 漢字・計算スマッシュワールド 3年生,-,,ETC,不明,0,1,その他,その他
2025-09-10,不明,○×クイズバトル！ 漢字・計算スマッシュワールド 4年生,-,,ETC,不明,0,1,その他,その他
2025-09-10,バンダイナムコエンターテインメント,ドラゴンボール ゲキシン スクアドラ,-,,ETC,バンダイナムコエンターテインメント,0,1,その他,その他
2025-09-10,不明,リズムにあわせてスピードアップ！ 九九っとショータイム,-,,ETC,不明,0,1,その他,その他
2025-09-11,Silesia Games,9 Lives to Defend,-,,ETC,Silesia Games,0,1,その他,その他
2025-09-11,Raw Fury,Call of the Sea（英語版）,-,,ETC,Raw Fury,0,1,その他,その他
2025-09-11,Andrei Ivashentsev,Colorizing: Cozy Days,-,,ETC,Andrei Ivashentsev,0,1,その他,その他
2025-09-11,GaniTani,CRAYON CAR,-,,ETC,GaniTani,0,1,その他,その他
2025-09-11,Gametry,Dot Connect,-,,ETC,Gametry,0,1,その他,その他
2025-09-11,Microids,Garfield Kart 2 - All You Can Drift,-,,ETC,Microids,0,1,その他,その他
2025-09-11,SPACEFARER GAMES,Georgie-Yolkie 64 - The Furry Tale,-,,ETC,SPACEFARER GAMES,0,1,その他,その他
2025-09-11,Skystone Games,HELLCARD,-,,ETC,Skystone Games,0,1,その他,その他
2025-09-11,17Studio,Hentai Photo: Mokusei,-,,ETC,17Studio,0,1,その他,その他
2025-09-11,FIVE-BN STUDIO,Legendary Tales: 希望の地図,-,,ETC,FIVE-BN STUDIO,0,1,その他,その他
2025-09-11,404 Games,Life in Terminal Simulator: Airport Adventures,-,,ETC,404 Games,0,1,その他,その他
2025-09-11,Gametry,Monster Ramp Racing,-,,ETC,Gametry,0,1,その他,その他
2025-09-11,X2MT INTERACTIVE ENTERTAINMENT,Noir Mafia Simulator: 1960s American Crime,-,,ETC,X2MT INTERACTIVE ENTERTAINMENT,0,1,その他,その他
2025-09-11,Secret Mode,Pine Hearts,-,,ETC,Secret Mode,0,1,その他,その他
2025-09-11,17Studio,Snapshot Girls 2,-,,ETC,17Studio,0,1,その他,その他
2025-09-11,Pakotime,Sugoi Girls: Attractive Archer,-,,ETC,Pakotime,0,1,その他,その他
2025-09-11,Creative Hand,Tiny Witch,-,,ETC,Creative Hand,0,1,その他,その他
2025-09-11,GreenWookland Games,Truck Simulator 25: Euro Driver,-,,ETC,GreenWookland Games,0,1,その他,その他
2025-09-11,Dinomore Games,Voltline,-,,ETC,Dinomore Games,0,1,その他,その他
2025-09-11,MASK,うろおぼえ福笑い－アハ！昔の記憶を呼び起こす 家族で楽しめる、なつかし福笑い－,-,,ETC,MASK,0,1,その他,その他
2025-09-11,Atari,やまねこバブジーのパーフェクトコレクション（英語版）,-,,ETC,Atari,0,1,その他,その他
2025-09-11,MASK,アハ！世界の名所あてまSHOW！－知ってるようで知らない！？世界の名所クイズ旅－,-,,ETC,MASK,0,1,その他,その他
2025-09-11,Max Interactive Studio,クロスぬり,-,,ETC,Max Interactive Studio,0,1,その他,その他
2025-09-11,GazeGames Interactive,グラビティトライアルズ アンダーグラウンド,-,,ETC,GazeGames Interactive,0,1,その他,その他
2025-09-11,EpiXR Games,ザフライングトラベラー バイキングサーガ,-,,ETC,EpiXR Games,0,1,その他,その他
2025-09-11,トローゼ,ストライク ウォーフェア フォース リーコン,-,,ETC,トローゼ,0,1,その他,その他
2025-09-11,Thomas K. Young,ダンカディロ,-,,ETC,Thomas K. Young,0,1,その他,その他
2025-09-11,FIVE-BN STUDIO,ニューヨーク・ミステリーズ:魂のランタン,-,,ETC,FIVE-BN STUDIO,0,1,その他,その他
2025-09-11,NJ Holdings,フルーツバス,-,,ETC,NJ Holdings,0,1,その他,その他
2025-09-11,コーラス・ワールドワイドSOFT SOURCE,マジカルデリカシー,-,YES,ETC,コーラス・ワールドワイドSOFT SOURCE,0,1,その他,その他
2025-09-11,MASK,仰天！面白い地名－笑って覚える！地名で脳活4択トレーニング－,-,,ETC,MASK,0,1,その他,その他
2025-09-11,SAT-BOX,作って!パンケーキ,-,,ETC,SAT-BOX,0,1,その他,その他
2025-09-11,MASK,大人のための英語力テスト－授業で習ったはずの英語、まだ覚えてる？英単語実力診断－,-,,ETC,MASK,0,1,その他,その他
2025-09-11,MASK,学校では習わない！？雑学クイズ日本地理－クイズで学べるマニアックな地理－,-,,ETC,MASK,0,1,その他,その他
2025-09-11,MIZUBLUE GAMES,幸福なアンブレラ,-,,ETC,MIZUBLUE GAMES,0,1,その他,その他
2025-09-11,SmileForeverStudio,空の在処,-,,ETC,SmileForeverStudio,0,1,その他,その他
2025-09-11,MASK,脳トレ！完全記憶－アハ！楽しく瞬間記憶力向上トレーニングゲーム 〜目指せHSAM級の超記憶！〜－,-,,ETC,MASK,0,1,その他,その他
2025-09-11,MASK,脳トレ！絵画パズル－名画で脳トレ！回して揃える直感アートパズル－,-,,ETC,MASK,0,1,その他,その他
2025-09-11,MASK,脳トレ！頭脳ハンター－教養＋4択！知識脳パワー測定テスト－,-,,ETC,MASK,0,1,その他,その他
2025-09-11,MASK,言いまちがい!!クイズ－間違った言葉を当てろ！2択で学ぶ日本語雑学脳トレクイズ－,-,,ETC,MASK,0,1,その他,その他
2025-09-11,14次元,韓国ドローン飛行ツアー落花岩,-,,ETC,14次元,0,1,その他,その他
2025-09-12,GAME NACIONAL,.cat 2,-,,ETC,GAME NACIONAL,0,1,その他,その他
2025-09-12,Dreamhaven,Lynked: 火花の旗,-,,ETC,Dreamhaven,0,1,その他,その他
2025-09-12,ラタライカゲームス,Monstrous Lovers,-,,ETC,ラタライカゲームス,0,1,その他,その他
2025-09-12,ProbablyMonsters,Storm Lancers,-,,ETC,ProbablyMonsters,0,1,その他,その他
2025-09-12,Untold Tales,グルーミーの瞳,-,,ETC,Untold Tales,0,1,その他,その他
2025-09-15,Annapurna Interactive,LEGO Voyagers（英語版）,-,,ETC,Annapurna Interactive,0,1,その他,その他
2025-09-17,Afil Games,Temari Trials,-,,ETC,Afil Games,0,1,その他,その他
2025-09-18,Alike Studio,All of You,-,,ETC,Alike Studio,0,1,その他,その他
2025-09-18,Pakotime,Anime Girls: Celebrity Crush,-,,ETC,Pakotime,0,1,その他,その他
2025-09-18,コヨーテランナー,BooBooBooster,-,,ETC,コヨーテランナー,0,1,その他,その他
2025-09-18,Alliance,Bop It! The Video Game,-,,ETC,Alliance,0,1,その他,その他
2025-09-18,Pix Arts,Cats vs Dogs,-,,ETC,Pix Arts,0,1,その他,その他
2025-09-18,Quantum Arcade Limited,CONTRABAND BORDER POLICE SIMULATOR,-,,ETC,Quantum Arcade Limited,0,1,その他,その他
2025-09-18,Max Interactive Studio,Cross Pix 2,-,,ETC,Max Interactive Studio,0,1,その他,その他
2025-09-18,17Studio,Doku Girls 2,-,,ETC,17Studio,0,1,その他,その他
2025-09-18,QUByte Interactive,Extinction Rifts,-,,ETC,QUByte Interactive,0,1,その他,その他
2025-09-18,3DClouds,Formula Legends,-,,ETC,3DClouds,0,1,その他,その他
2025-09-18,ボルテージ,Gangsters in Love,-,,ETC,ボルテージ,0,1,その他,その他
2025-09-18,Lululu Entertainment,Henry Halfhead,-,,ETC,Lululu Entertainment,0,1,その他,その他
2025-09-18,17Studio,Hentai Photo: Higanbana,-,,ETC,17Studio,0,1,その他,その他
2025-09-18,Silesia Games,Hidden Cats in Tokyo,-,,ETC,Silesia Games,0,1,その他,その他
2025-09-18,SOURCE BYTE,Horror Night with Tung Tung Tung Sahur,-,,ETC,SOURCE BYTE,0,1,その他,その他
2025-09-18,Phoenixx,Jelly Troops,-,,ETC,Phoenixx,0,1,その他,その他
2025-09-18,eastasiasoft,Ping Pong: MEGAMIX,-,,ETC,eastasiasoft,0,1,その他,その他
2025-09-18,Claymatic Games,Platypus Reclayed,-,,ETC,Claymatic Games,0,1,その他,その他
2025-09-18,RedDeerGames,Pocket Nook,-,,ETC,RedDeerGames,0,1,その他,その他
2025-09-18,Great Escape Games Publishing,Port Logistics Simulator: Dockside Harbor Handling,-,,ETC,Great Escape Games Publishing,0,1,その他,その他
2025-09-18,タイトー,QQQbeats!!!,-,,ETC,タイトー,0,1,その他,その他
2025-09-18,アソビズム,ShapeHero Factory -シェイプヒーローファクトリー-,-,,ETC,アソビズム,0,1,その他,その他
2025-09-18,Iceberg Interactive（英語版）,Strange Antiquities,-,,ETC,Iceberg Interactive（英語版）,0,1,その他,その他
2025-09-18,404 Games,The Blogger: Pumpkins and Witches,-,,ETC,404 Games,0,1,その他,その他
2025-09-18,不明,We Were Here Too,-,,ETC,不明,0,1,その他,その他
2025-09-18,Total Mayhem Games,We Were Here（英語版）,-,,ETC,Total Mayhem Games,0,1,その他,その他
2025-09-18,PM Studios,ZOE Begone!,-,,ETC,PM Studios,0,1,その他,その他
2025-09-18,オペラハウス,「ぐでたまらん」〜走ってぐでたま!でもぐでたまはぐでぐでしてたい〜,-,,ETC,オペラハウス,0,1,その他,その他
2025-09-18,SAT-BOX,とばせ!くつ飛ばし,-,,ETC,SAT-BOX,0,1,その他,その他
2025-09-18,SUPERDELUXE GAMES,アーシオン (Earthion),31,YES,SHT,SUPERDELUXE GAMES,0,1,横スクロールシューティング,その他
2025-09-18,MASK,サイコパス度診断－4択で暴かれる、あなたの本性－,-,,ETC,MASK,0,1,その他,その他
2025-09-18,バンダイナムコエンターテインメント,トワと神樹の祈り子たち,-,YES,ETC,バンダイナムコエンターテインメント,7067_0m_5037,1,その他,その他
2025-09-18,Upscale Studio,バッドキャット,-,,ETC,Upscale Studio,0,1,その他,その他
2025-09-18,エイジ,バンドガールズ,-,,ETC,エイジ,0,1,その他,その他
2025-09-18,エクスペリエンス,モンカルファンタ 〜勇者と水晶の少女〜,-,YES,ETC,エクスペリエンス,0,1,その他,その他
2025-09-18,ダットジャパン,ラミィの大冒険 1&2 リメイク,-,,ETC,ダットジャパン,0,1,その他,その他
2025-09-18,SpickaSoft,ルミネナイト,-,,ETC,SpickaSoft,0,1,その他,その他
2025-09-18,わくわくゲームズ,ローリングスター,-,,ETC,わくわくゲームズ,0,1,その他,その他
2025-09-18,MAGES.,五等分のプリンセス 〜幻想と深淵と魔法学院〜,-,YES,ETC,MAGES.,0,1,その他,その他
2025-09-18,アクワイア,剣と魔法と学園モノ。1 2 3 Remaster Collection,-,YES,ETC,アクワイア,0,1,その他,その他
2025-09-18,エディア,天使の詩〜白き翼の祈り〜,-,YES,ETC,エディア,0,1,その他,その他
2025-09-18,Pineapple Works,死と税金（英語版）,-,,ETC,Pineapple Works,0,1,その他,その他
2025-09-18,pixyda,百鬼夜行サバイバー,-,,ETC,pixyda,0,1,その他,その他
2025-09-18,14次元,韓国ドローン飛行ツアー大川海水浴場,-,,ETC,14次元,0,1,その他,その他
2025-09-18,Kusone Studio,麻雀大戦,-,,ETC,Kusone Studio,0,1,その他,その他
2025-09-18,MASK,黒歴史クリーニング－ナゾトキ推理で歴史改変タイムスリップミステリー－,-,,ETC,MASK,0,1,その他,その他
2025-09-19,ラタライカゲームス,Cat Needs,-,,ETC,ラタライカゲームス,0,1,その他,その他
2025-09-19,アカツキゲームスアニプレックス,HYKE:Northern Light（s）,-,,ETC,アカツキゲームスアニプレックス,0,1,その他,その他
2025-09-19,Pakotime,Kawaii Girls: Pretty Mermaid,-,,ETC,Pakotime,0,1,その他,その他
2025-09-19,505 Games,Puzzle Quest: Immortal Edition,-,,ETC,505 Games,0,1,その他,その他
2025-09-19,Mokuzai Studio,SPACE HOLE,-,,ETC,Mokuzai Studio,0,1,その他,その他
2025-09-19,アライアンス・アーツ,ほらふき山の魔理沙,-,YES,ETC,アライアンス・アーツ,0,1,その他,その他
2025-09-19,ケムコ,アルファディアIII,-,,ETC,ケムコ,0,1,その他,その他
2025-09-19,日本ファルコム,空の軌跡 the 1st,-,YES,ETC,日本ファルコム,7022_0m_4993,1,その他,その他
2025-09-20,QubicGames,Color Water Sort - 色分けゲーム,-,,ETC,QubicGames,0,1,その他,その他
2025-09-24,Afil Games,Out of Moves: Another Try,-,,ETC,Afil Games,0,1,その他,その他
2025-09-25,アイディアファクトリー,9 R.I.P. sequel,-,YES,ETC,アイディアファクトリー,7335_0m_5306,1,その他,その他
2025-09-25,Downmeadowstreet,Block Rush: Mega Obby,-,,ETC,Downmeadowstreet,0,1,その他,その他
2025-09-25,Great Escape Games Publishing,Car Parking - Garage Simulator,-,,ETC,Great Escape Games Publishing,0,1,その他,その他
2025-09-25,VRCFORGE STUDIOS,Car Stunt Hero Simulator 2025,-,,ETC,VRCFORGE STUDIOS,0,1,その他,その他
2025-09-25,Max Interactive Studio,Cross Pix 3,-,,ETC,Max Interactive Studio,0,1,その他,その他
2025-09-25,17Studio,Doku Girls 3,-,,ETC,17Studio,0,1,その他,その他
2025-09-25,RandomSpin Games,Drift Highway: Retro Console Edition,-,,ETC,RandomSpin Games,0,1,その他,その他
2025-09-25,dramatic create/ヒューネックス,DYNAMIC CHORD feat.Liar-S Remaster edition,-,YES,ETC,dramatic create/ヒューネックス,0,1,その他,その他
2025-09-25,eastasiasoft,Electronics Puzzle Lab 2,-,,ETC,eastasiasoft,0,1,その他,その他
2025-09-25,PM Studios,Extremely Powerful Capybaras,-,,ETC,PM Studios,0,1,その他,その他
2025-09-25,Sometimes You,Grief like a stray dog,-,,ETC,Sometimes You,0,1,その他,その他
2025-09-25,indie.io,Heroes of Mount Dragon,-,,ETC,indie.io,0,1,その他,その他
2025-09-25,Pakotime,Kawaii Girls: Mighty Mongolian,-,,ETC,Pakotime,0,1,その他,その他
2025-09-25,Top Hat Studios,Kingdom Shell キングダムシェル,-,,ETC,Top Hat Studios,0,1,その他,その他
2025-09-25,Mens Sana Interactive,Meow Moments: Celebrating Beats & Books,-,,ETC,Mens Sana Interactive,0,1,その他,その他
2025-09-25,indienova,Meteorfall: Krumit's Tale クルミットの物語,-,,ETC,indienova,0,1,その他,その他
2025-09-25,ブシロードゲームズ,ROAD59 -新時代任侠特区- 摩天楼モノクロ抗争,-,YES,ETC,ブシロードゲームズ,0,1,その他,その他
2025-09-25,Max Interactive Studio,Sherlock SPOT DX,-,,ETC,Max Interactive Studio,0,1,その他,その他
2025-09-25,17Studio,Snapshot Girls 3,-,,ETC,17Studio,0,1,その他,その他
2025-09-25,FSO Publishing,Starlair,-,,ETC,FSO Publishing,0,1,その他,その他
2025-09-25,17Studio,Super Long Cat,-,,ETC,17Studio,0,1,その他,その他
2025-09-25,Afil Games,Tidy Toys,-,,ETC,Afil Games,0,1,その他,その他
2025-09-25,AGE Zero,Trippy Trader: Schedule & Sell Candy,-,,ETC,AGE Zero,0,1,その他,その他
2025-09-25,ゲームミュージアム,UNI 2,-,,ETC,ゲームミュージアム,0,1,その他,その他
2025-09-25,VRCFORGE STUDIOS,Viking Colony Builder Valhalla,-,,ETC,VRCFORGE STUDIOS,0,1,その他,その他
2025-09-25,Atari,Wizordum,-,,ETC,Atari,0,1,その他,その他
2025-09-25,エイジ,くらげガールズ,-,,ETC,エイジ,0,1,その他,その他
2025-09-25,AlignmentSharp,ぶん殴れ!恋愛ゲーム,-,,ETC,AlignmentSharp,0,1,その他,その他
2025-09-25,シティコネクション,まものろKAI! 〜まもるクンは呪われてしまった!〜,-,YES,ETC,シティコネクション,0,1,その他,その他
2025-09-25,Microids,アガサ・クリスティ - ナイルに死す,-,,ETC,Microids,0,1,その他,その他
2025-09-25,Mindscape,ウィンターゲームコレクション Vol.2,-,,ETC,Mindscape,0,1,その他,その他
2025-09-25,FUZE Technologies,ギアビツ,-,,ETC,FUZE Technologies,0,1,その他,その他
2025-09-25,ケムコ,ケムコRPGセレクション Vol.11,-,YES,ETC,ケムコ,0,1,その他,その他
2025-09-25,トローゼ,コンバット ゾーン,-,,ETC,トローゼ,0,1,その他,その他
2025-09-25,Red Fables,スカイラブイケメン:客室乗務員乙女ゲーム,-,,ETC,Red Fables,0,1,その他,その他
2025-09-25,Red Fables,スカイラブ女子:客室乗務員恋愛ゲーム,-,,ETC,Red Fables,0,1,その他,その他
2025-09-25,セガ,ソニックレーシング クロスワールド,-,YES,ETC,セガ,0,1,その他,その他
2025-09-25,RedDeerGames,ネコラーメン,-,,ETC,RedDeerGames,0,1,その他,その他
2025-09-25,バンダイナムコエンターテインメント,パックマンワールド2 リ・パック,-,YES,ETC,バンダイナムコエンターテインメント,0,1,その他,その他
2025-09-25,テヨンジャパン,プレートアップ!（英語版）,-,,ETC,テヨンジャパン,0,1,その他,その他
2025-09-25,ハピネット,ポピープレイタイム トリプルパック,-,YES,ETC,ハピネット,0,1,その他,その他
2025-09-25,NOSTRA GAMES,ロードカフェシミュレーター Road Cafe Simulator,-,,ETC,NOSTRA GAMES,0,1,その他,その他
2025-09-25,Erabit Studios,忍者明,-,,ETC,Erabit Studios,0,1,その他,その他
2025-09-25,MASK,昔にタイムスリップ－歴史イラストで間違い探し－,-,,ETC,MASK,0,1,その他,その他
2025-09-25,エンターグラム,白恋サクラ*グラム,-,YES,ETC,エンターグラム,0,1,その他,その他
2025-09-25,eastasiasoft,範馬刃牙: Blood Arena,-,,ETC,eastasiasoft,0,1,その他,その他
2025-09-25,MASK,脳トレ！雑学王クイズ－知ってるつもりが意外と知らん！？知識の迷宮へGO！－,-,,ETC,MASK,0,1,その他,その他
2025-09-25,TT,雑学クイズ 動物・面白編－遊んで学べる大人の教養学習クイズ－,-,,ETC,TT,0,1,その他,その他
2025-09-25,14次元,韓国ドローン飛行ツアー元山島,-,,ETC,14次元,0,1,その他,その他
2025-09-25,わくわくゲームズ,首無し魔獣と双子姫,-,,ETC,わくわくゲームズ,0,1,その他,その他
2025-09-25,ボルテージ,魔界王子と魅惑のナイトメア〜誘惑の口づけ〜,-,,ETC,ボルテージ,0,1,その他,その他
2025-09-25,INSIDE SYSTEM,魔神少女 エピソード4 届ける想い,-,,ETC,INSIDE SYSTEM,0,1,その他,その他
2025-09-26,ラタライカゲームス,Airborne Justice,-,,ETC,ラタライカゲームス,0,1,その他,その他
2025-09-26,エレクトロニック・アーツ,EA Sports FC 26,32,YES,SPT,エレクトロニック・アーツ,7048_0m_5018,1,サッカー,その他
2025-09-26,Supergiant Games（英語版）,HADES II（英語版）,35,YES,ACT,Supergiant Games（英語版）,0,1,ローグライトアクション,その他
2025-09-26,Marginalact,刻まれた城,-,,ETC,Marginalact,0,1,その他,その他
2025-09-26,コーエーテクモゲームス,紅の錬金術師と白の守護者 〜レスレリアーナのアトリエ〜,-,YES,ETC,コーエーテクモゲームス,0,1,その他,その他
2025-09-27,QubicGames,Ball Blast - ボールブラスト,-,,ETC,QubicGames,0,1,その他,その他
2025-09-30,スクウェア・エニックス,ファイナルファンタジータクティクス - イヴァリース クロニクルズ,-,YES,ETC,スクウェア・エニックス,6966_0m_4937,1,その他,その他
2025-10-01,Afil Games,Candy Trail,-,,ETC,Afil Games,0,1,その他,その他
2025-10-01,Fictions[注釈 12],LEGO パーティー!（英語版）,-,YES,ETC,Fictions[注釈 12],0,1,その他,その他
2025-10-02,Sometimes You,Buildest,-,,ETC,Sometimes You,0,1,その他,その他
2025-10-02,7Levels,Castle of Heart: Retold,-,,ETC,7Levels,0,1,その他,その他
2025-10-02,Oddi Tycoon,Chained Up Together,-,,ETC,Oddi Tycoon,0,1,その他,その他
2025-10-02,Playsaurus,Clicker Heroes（英語版）,-,,ETC,Playsaurus,0,1,その他,その他
2025-10-02,Kiwi Production,Flight Simulator 2025,-,,ETC,Kiwi Production,0,1,その他,その他
2025-10-02,Yellow Games In,FORMULA AUTO SPORT RACING,-,,ETC,Yellow Games In,0,1,その他,その他
2025-10-02,Raylight Games,From Cheese,-,,ETC,Raylight Games,0,1,その他,その他
2025-10-02,17Studio,Hentai Party: Summer Paradise,-,,ETC,17Studio,0,1,その他,その他
2025-10-02,17Studio,Hidden Legends,-,,ETC,17Studio,0,1,その他,その他
2025-10-02,Eclipse Interactive,Last House Survival: Zombie Defense,-,,ETC,Eclipse Interactive,0,1,その他,その他
2025-10-02,Feardemic,Lorn's Lure,-,,ETC,Feardemic,0,1,その他,その他
2025-10-02,Sometimes You,MOUTHOLE,-,,ETC,Sometimes You,0,1,その他,その他
2025-10-02,Burlea Games Studio,My Tiny Island,-,,ETC,Burlea Games Studio,0,1,その他,その他
2025-10-02,eastasiasoft,Notice Me Leena-senpai!,-,,ETC,eastasiasoft,0,1,その他,その他
2025-10-02,TrueMotion Interactive,Peaked Climbing,-,,ETC,TrueMotion Interactive,0,1,その他,その他
2025-10-02,M9 Games,Project 7: エスケープルーム,-,,ETC,M9 Games,0,1,その他,その他
2025-10-02,XenoXeno,Quarantine Zone: Border Zombie Checkpoint,-,,ETC,XenoXeno,0,1,その他,その他
2025-10-02,Eclipse Interactive,Shadow of the Five Moons: Code of the Ninja,-,,ETC,Eclipse Interactive,0,1,その他,その他
2025-10-02,Afil Games,To Farm Lands,-,,ETC,Afil Games,0,1,その他,その他
2025-10-02,Croix Apps,Torched,-,,ETC,Croix Apps,0,1,その他,その他
2025-10-02,Pakotime,Yabai Girls: Enchanted Exorcist,-,,ETC,Pakotime,0,1,その他,その他
2025-10-02,SAT-BOX,あおげ!焼きさんま,-,,ETC,SAT-BOX,0,1,その他,その他
2025-10-02,MASK,くるくるお花パズル－小学生から大人まで楽しめる！花びらでひらめきアハ体験＆脳トレチャレンジ－,-,,ETC,MASK,0,1,その他,その他
2025-10-02,NOSTRA GAMES,カララマキューブズ Colorama Cubes,-,,ETC,NOSTRA GAMES,0,1,その他,その他
2025-10-02,DEV666,クラフト・ユア・ウェイ,-,,ETC,DEV666,0,1,その他,その他
2025-10-02,任天堂,スーパーマリオギャラクシー + スーパーマリオギャラクシー2,-,YES,ETC,任天堂,6952_0m_4923,1,その他,その他
2025-10-02,eastasiasoft,ゼルドナーエックス:ヒッメルスシュトゥルマー,-,,ETC,eastasiasoft,0,1,その他,その他
2025-10-02,トローゼ,ネプチューンスピア,-,,ETC,トローゼ,0,1,その他,その他
2025-10-02,Make Good Games,ノーブレーキ・ノーゲイン,-,,ETC,Make Good Games,0,1,その他,その他
2025-10-02,ケムコ,ハッピールートを終わらせて,-,,ETC,ケムコ,0,1,その他,その他
2025-10-02,Landfall Games（英語版）,ラウンズ,-,,ETC,Landfall Games（英語版）,0,1,その他,その他
2025-10-02,エイジ,ラブリー間違い探し,-,,ETC,エイジ,0,1,その他,その他
2025-10-02,AGE Zero,猫の訪問 エルドラド: Cats Visiting El Dorado,-,,ETC,AGE Zero,0,1,その他,その他
2025-10-02,Holy Moka Games,精霊を捕まえる,-,,ETC,Holy Moka Games,0,1,その他,その他
2025-10-02,ズー,鍛冶屋とダンジョン: 求ム!魔王を倒す武器,-,,ETC,ズー,0,1,その他,その他
2025-10-02,4DMacau,離陸生残,-,,ETC,4DMacau,0,1,その他,その他
2025-10-02,14次元,韓国ドローン飛行ツアー八堂水霧公園,-,,ETC,14次元,0,1,その他,その他
2025-10-02,ブシロードゲームズ,魔法使いの嫁 盛夏の幻と夢見る旅路,-,YES,ETC,ブシロードゲームズ,0,1,その他,その他
2025-10-03,ラタライカゲームス,Piggly Pagly Boom,-,,ETC,ラタライカゲームス,0,1,その他,その他
2025-10-03,Nerd Games,War Survival,-,,ETC,Nerd Games,0,1,その他,その他
2025-10-04,QubicGames,Parking Jam - 駐車渋滞,-,,ETC,QubicGames,0,1,その他,その他
2025-10-05,サンソフト,野生のラスボスが現れた!〜黒翼のサバイバー〜,-,,ETC,サンソフト,0,1,その他,その他
2025-10-07,Astra Logical（英語版）,Dawnfolk,-,,ETC,Astra Logical（英語版）,0,1,その他,その他
2025-10-08,Afil Games,Mystic Pathways: Crystal Quest,-,,ETC,Afil Games,0,1,その他,その他
2025-10-09,アークシステムワークス,Absolum,36,YES,ACT,アークシステムワークス,0,1,ベルトスクローグアクション,その他
2025-10-09,Afil Games,Axobubble,-,,ETC,Afil Games,0,1,その他,その他
2025-10-09,Trinket Studios,Battle Suit Aces,-,,ETC,Trinket Studios,0,1,その他,その他
2025-10-09,VRCFORGE STUDIOS,Bigfoot Hunting,-,,ETC,VRCFORGE STUDIOS,0,1,その他,その他
2025-10-09,エディア,Blackish House sideA→ -Retour-,-,YES,ETC,エディア,0,1,その他,その他
2025-10-09,Oddi Tycoon,BODYCAM SHOOTER 2025,-,,ETC,Oddi Tycoon,0,1,その他,その他
2025-10-09,ライドオンジャパン,Brave × Junction,-,,ETC,ライドオンジャパン,0,1,その他,その他
2025-10-09,Silesia Games,Cats and Seek: Kyoto,-,,ETC,Silesia Games,0,1,その他,その他
2025-10-09,Gametry,Cloud Roll,-,,ETC,Gametry,0,1,その他,その他
2025-10-09,indie.io,Color Breakers 2,-,,ETC,indie.io,0,1,その他,その他
2025-10-09,Max Interactive Studio,Cross Pix 4,-,,ETC,Max Interactive Studio,0,1,その他,その他
2025-10-09,TOYURO,CRYZON part1,-,,ETC,TOYURO,0,1,その他,その他
2025-10-09,Gotcha Gotcha Games,Cthulhu Mythos ADV 闇に囁く狂気 & 呪禍に沈む島,-,,ETC,Gotcha Gotcha Games,0,1,その他,その他
2025-10-09,Kumo,EVA,-,,ETC,Kumo,0,1,その他,その他
2025-10-09,GlobalGameStudio,Find the Difference: Spot it,-,,ETC,GlobalGameStudio,0,1,その他,その他
2025-10-09,Gametry,Fishing Rush,-,,ETC,Gametry,0,1,その他,その他
2025-10-09,GazeGames Interactive,Five Nights with Tung Tung Sahur,-,,ETC,GazeGames Interactive,0,1,その他,その他
2025-10-09,Gametry,Food Truck Kingdom,-,,ETC,Gametry,0,1,その他,その他
2025-10-09,17Studio,Hentai Party: Cyber Girls,-,,ETC,17Studio,0,1,その他,その他
2025-10-09,17Studio,Hentai Secrets: Sexy Woman,-,,ETC,17Studio,0,1,その他,その他
2025-10-09,Sabec,Hydraulic Press,-,,ETC,Sabec,0,1,その他,その他
2025-10-09,CFK,LAPIN 勇敢なウサギ探検隊の冒険,-,YES,ETC,CFK,0,1,その他,その他
2025-10-09,Pix Arts,Maxi Trucks Racing,-,,ETC,Pix Arts,0,1,その他,その他
2025-10-09,RedDeerGames,Nora: In Search of Hidden Ingredients,-,,ETC,RedDeerGames,0,1,その他,その他
2025-10-09,Noodels Games World,Peak Climb,-,,ETC,Noodels Games World,0,1,その他,その他
2025-10-09,CGI LAB GAMES,PEAK The Adventure Begins,-,,ETC,CGI LAB GAMES,0,1,その他,その他
2025-10-09,Great Escape Games Publishing,Prison Life Sim 2025 - Survival,-,,ETC,Great Escape Games Publishing,0,1,その他,その他
2025-10-09,INVECTOR GAME STUDIO,Robot Warfare War Game,-,,ETC,INVECTOR GAME STUDIO,0,1,その他,その他
2025-10-09,MIZUBLUE GAMES,RPS Hunger,-,,ETC,MIZUBLUE GAMES,0,1,その他,その他
2025-10-09,Pakotime,Sugoi Girls: Wolf Romance,-,,ETC,Pakotime,0,1,その他,その他
2025-10-09,eastasiasoft,Super Mining Mechs,-,,ETC,eastasiasoft,0,1,その他,その他
2025-10-09,BoggySoft,Survival Zombie,-,,ETC,BoggySoft,0,1,その他,その他
2025-10-09,COMMANDO PANDA,Twins of the Sun,-,,ETC,COMMANDO PANDA,0,1,その他,その他
2025-10-09,Total Mayhem Games,We Were Here Together,-,,ETC,Total Mayhem Games,0,1,その他,その他
2025-10-09,GBTUI,Wukong Black Legend,-,,ETC,GBTUI,0,1,その他,その他
2025-10-09,FLARB,XENOTILT: HOSTILE PINBALL ACTION,-,,ETC,FLARB,0,1,その他,その他
2025-10-09,A3,ぐちおくん 出世マウンテン,-,,ETC,A3,0,1,その他,その他
2025-10-09,tdhr,そして何も点かなくなった - And Then There Was No Light,-,,ETC,tdhr,0,1,その他,その他
2025-10-09,qureate,へべれけ ばにーがーでん,-,,ETC,qureate,0,1,その他,その他
2025-10-09,トローゼ,スターティタンズ ギャラクシーウォーズ,-,,ETC,トローゼ,0,1,その他,その他
2025-10-09,テヨンジャパン,スペースコブラ: The Awakening,32,,ACT,テヨンジャパン,0,1,アクション,その他
2025-10-09,FIVE-BN STUDIO,ニューヨーク・ミステリーズ:アウトブレイク,-,,ETC,FIVE-BN STUDIO,0,1,その他,その他
2025-10-09,トムクリエイト,ネフィ〜月灯りの迷宮X〜,-,,ETC,トムクリエイト,0,1,その他,その他
2025-10-09,EpiXR Games,バトルパズルウィキッドウィチェズ,-,,ETC,EpiXR Games,0,1,その他,その他
2025-10-09,Three River Games,ミケランジェロ:彫刻家のシミュレーター,-,,ETC,Three River Games,0,1,その他,その他
2025-10-09,Forever Entertainment,ライズ・エテルナ2,-,,ETC,Forever Entertainment,0,1,その他,その他
2025-10-09,Game Source Entertainment,ロスト イン ファンタランド,-,,ETC,Game Source Entertainment,0,1,その他,その他
2025-10-09,わくわくゲームズ,ロポコ for Nintendo Switch,-,,ETC,わくわくゲームズ,0,1,その他,その他
2025-10-09,MASK,変な標識－おかしな標識を見抜け！推理パズル－,-,,ETC,MASK,0,1,その他,その他
2025-10-09,Max Interactive Studio,雪のエースたちのリーグ,-,,ETC,Max Interactive Studio,0,1,その他,その他
2025-10-09,14次元,韓国ドローン飛行ツアー安眠庵,-,,ETC,14次元,0,1,その他,その他
2025-10-10,Kakao Games,Lost Eidolons: Veil of the Witch,-,,ETC,Kakao Games,0,1,その他,その他
2025-10-10,GAME NACIONAL,Millionaire Escape,-,,ETC,GAME NACIONAL,0,1,その他,その他
2025-10-10,Shinyuden,Scurge: Hive（英語版）,-,,ETC,Shinyuden,0,1,その他,その他
2025-10-10,バンダイナムコエンターテインメント,リトルナイトメア3,31,YES,ADV,バンダイナムコエンターテインメント,7042_0m_5012,1,サスペンスアドベンチャー,その他
2025-10-14,Deck13（英語版）,Spindle,-,,ETC,Deck13（英語版）,0,1,その他,その他
2025-10-14,ユービーアイソフト,ジャストダンス2026エディション,-,YES,ETC,ユービーアイソフト,0,1,その他,その他
2025-10-15,Afil Games,Infernitos: Fiery Dishes,-,,ETC,Afil Games,0,1,その他,その他
2025-10-16,Dread XP,Amanda the Adventurer 2（英語版）,-,,ETC,Dread XP,0,1,その他,その他
2025-10-16,Devolver Digital,BALL x PIT（英語版）,-,,ETC,Devolver Digital,0,1,その他,その他
2025-10-16,Seaknot Studios,Brass,-,,ETC,Seaknot Studios,0,1,その他,その他
2025-10-16,World of Poly,Captain Bones: 海賊の冒険,-,,ETC,World of Poly,0,1,その他,その他
2025-10-16,Downmeadowstreet,Castle Climb Obby,-,,ETC,Downmeadowstreet,0,1,その他,その他
2025-10-16,DEV666,Cat in the tomb,-,,ETC,DEV666,0,1,その他,その他
2025-10-16,RedDeerGames,Cozy Memory,-,,ETC,RedDeerGames,0,1,その他,その他
2025-10-16,GaniTani,CRAYON HALLOWEEN,-,,ETC,GaniTani,0,1,その他,その他
2025-10-16,Fulqrum Publishing,Deathless. The Hero Quest,-,,ETC,Fulqrum Publishing,0,1,その他,その他
2025-10-16,17Studio,Hentai Party: Secret Garden,-,,ETC,17Studio,0,1,その他,その他
2025-10-16,17Studio,Hentai Secrets: Velvet Touch,-,,ETC,17Studio,0,1,その他,その他
2025-10-16,Oddi Tycoon,Hole Digging Simulator 2025,-,,ETC,Oddi Tycoon,0,1,その他,その他
2025-10-16,PixelHeart,Infinos,-,,ETC,PixelHeart,0,1,その他,その他
2025-10-16,不明,Infinos 2,-,,ETC,不明,0,1,その他,その他
2025-10-16,Pakotime,Kawaii Girls: Spicy Scientist,-,,ETC,Pakotime,0,1,その他,その他
2025-10-16,eastasiasoft,Kotenok,-,,ETC,eastasiasoft,0,1,その他,その他
2025-10-16,Downmeadowstreet,Obby Kingdom,-,,ETC,Downmeadowstreet,0,1,その他,その他
2025-10-16,ポケモン,Pokémon LEGENDS Z-A,35,YES,ARPG,ポケモン,6990_0m_4961,1,アクションRPG,その他
2025-10-16,eastasiasoft,Smoots Crazy Wave,-,,ETC,eastasiasoft,0,1,その他,その他
2025-10-16,Afil Games,Snack and Quack,-,,ETC,Afil Games,0,1,その他,その他
2025-10-16,17Studio,Snapshot Girls 4,-,,ETC,17Studio,0,1,その他,その他
2025-10-16,ハピネット,STARBITES,30,YES,RPG,ハピネット,0,1,SFディストピアRPG,その他
2025-10-16,David Amado Fernández,Turn it!,-,,ETC,David Amado Fernández,0,1,その他,その他
2025-10-16,GBTUI,WEB FISHING - Relax and Fish,-,,ETC,GBTUI,0,1,その他,その他
2025-10-16,Gametry,Word Quest Pirates,-,,ETC,Gametry,0,1,その他,その他
2025-10-16,Quantum Arcade Limited,Wrap Shop Simulator,-,,ETC,Quantum Arcade Limited,0,1,その他,その他
2025-10-16,Cube Games,X-Force Genesis - Definitive Edition,-,,ETC,Cube Games,0,1,その他,その他
2025-10-16,SAT-BOX,すくって!クレーンゲーム,-,,ETC,SAT-BOX,0,1,その他,その他
2025-10-16,MASK,みつけて探偵！－親子で挑戦！小学生から遊べる探偵ごっこ・隠しキャラ探し知育ゲーム－,-,,ETC,MASK,0,1,その他,その他
2025-10-16,McMagic Productions,やせいじだい,-,,ETC,McMagic Productions,0,1,その他,その他
2025-10-16,Toge Productions,アンダステッド:過去からの手紙,-,,ETC,Toge Productions,0,1,その他,その他
2025-10-16,Feardemic,キャビンファクトリー,-,,ETC,Feardemic,0,1,その他,その他
2025-10-16,オーイズミ・アミュージオ,シャンティ -リスキィ・ブーツの逆襲-,-,,ETC,オーイズミ・アミュージオ,0,1,その他,その他
2025-10-16,HUNTERS,スーパーイエローボールマン,-,,ETC,HUNTERS,0,1,その他,その他
2025-10-16,ジー・モード,デジプラコレクション まるごと鉄道!デラックス,-,YES,ETC,ジー・モード,0,1,その他,その他
2025-10-16,杉原昭,デスクウォーズ,-,,ETC,杉原昭,0,1,その他,その他
2025-10-16,Sunjoy Games,ドキドキの瞬間,-,,ETC,Sunjoy Games,0,1,その他,その他
2025-10-16,EpiXR Games,バンブルビースプーキーナイツ,-,,ETC,EpiXR Games,0,1,その他,その他
2025-10-16,NOSTRA GAMES,パズルウォーズ Puzzle Wars,-,,ETC,NOSTRA GAMES,0,1,その他,その他
2025-10-16,ギフトテンインダストリ,ミスターエレベーター,-,,ETC,ギフトテンインダストリ,0,1,その他,その他
2025-10-16,NOSTRA GAMES,レトロ・ギーク・ショップ・シミュレーター,-,,ETC,NOSTRA GAMES,0,1,その他,その他
2025-10-16,Dinomore Games,ロジックブースト,-,,ETC,Dinomore Games,0,1,その他,その他
2025-10-16,Error 300 Games,名言で英語を学ぶ:クイズ,-,,ETC,Error 300 Games,0,1,その他,その他
2025-10-16,Red Fables,女神たちの恋物語 〜アフロディーテ・アルテミス・アテナ〜,-,,ETC,Red Fables,0,1,その他,その他
2025-10-16,Error 300 Games,物探しの達人:ここはケーキがない,-,,ETC,Error 300 Games,0,1,その他,その他
2025-10-16,CrazyPotato Studio,猫神牧場,-,,ETC,CrazyPotato Studio,0,1,その他,その他
2025-10-16,Red Fables,神々の恋物語 〜ゼウス・ポセイドン・ハデス〜,-,,ETC,Red Fables,0,1,その他,その他
2025-10-16,2P Games,絶境ヒーローズ,-,,ETC,2P Games,0,1,その他,その他
2025-10-16,MASK,脳トレ！漢字でどう書くの？－アハ！小学生から挑戦できる 脳トレ感覚の漢字＆一般常識クイズ－,-,,ETC,MASK,0,1,その他,その他
2025-10-16,MASK,転生したら悪役令嬢だったので2択で生き延びることにしました－運命の選択で未来を切り開くサバイバルクイズ－,-,,ETC,MASK,0,1,その他,その他
2025-10-16,サクセス,転生遊郭: Ghost Traveler,-,,ETC,サクセス,0,1,その他,その他
2025-10-16,14次元,韓国ドローン飛行ツアー野花樹木園,-,,ETC,14次元,0,1,その他,その他
2025-10-17,ラタライカゲームス,Blaster Force 3000,-,,ETC,ラタライカゲームス,0,1,その他,その他
2025-10-17,GAME NACIONAL,姫君と平民 Crownfall: Young Hero,-,,ETC,GAME NACIONAL,0,1,その他,その他
2025-10-18,QubicGames,メイズ:光の道,-,,ETC,QubicGames,0,1,その他,その他
2025-10-21,First Break Labs,ILA: A Frosty Glide,-,,ETC,First Break Labs,0,1,その他,その他
2025-10-22,Afil Games,Steampunch: Lost Tombs,-,,ETC,Afil Games,0,1,その他,その他
2025-10-23,Games Harbor,Adrenaline Rampage,-,,ETC,Games Harbor,0,1,その他,その他
2025-10-23,Pakotime,Anime Girls: Puffy Pumpkin,-,,ETC,Pakotime,0,1,その他,その他
2025-10-23,Bad Minions,Bananitro,-,,ETC,Bad Minions,0,1,その他,その他
2025-10-23,Pingle Studio,Becastled,-,,ETC,Pingle Studio,0,1,その他,その他
2025-10-23,Nami Tentou,Bobby Six Seven,-,,ETC,Nami Tentou,0,1,その他,その他
2025-10-23,Great Escape Games Publishing,CANDYLAND: Sweet Survival,-,,ETC,Great Escape Games Publishing,0,1,その他,その他
2025-10-23,Afil Games,Claim The Forest,-,,ETC,Afil Games,0,1,その他,その他
2025-10-23,Valkyrie Initiative,DREAMOUT,-,,ETC,Valkyrie Initiative,0,1,その他,その他
2025-10-23,Vitalii Kaminskyi,DRONE DELIVERY - FPV SIMULATOR,-,,ETC,Vitalii Kaminskyi,0,1,その他,その他
2025-10-23,あまた,FARAWAY TRAIN 最涯の列車,-,,ETC,あまた,0,1,その他,その他
2025-10-23,Silesia Games,Gnomdom,-,,ETC,Silesia Games,0,1,その他,その他
2025-10-23,Take IT Studio!,Gruniożerca Trilogy,-,,ETC,Take IT Studio!,0,1,その他,その他
2025-10-23,17Studio,Hentai Secrets: Moonlight Kiss,-,,ETC,17Studio,0,1,その他,その他
2025-10-23,Downmeadowstreet,Lost Howl,-,,ETC,Downmeadowstreet,0,1,その他,その他
2025-10-23,Pretty Soon,Lyca,-,,ETC,Pretty Soon,0,1,その他,その他
2025-10-23,Great Escape Games Publishing,Mannequin Mayhem - Physics Ragdoll Shooter,-,,ETC,Great Escape Games Publishing,0,1,その他,その他
2025-10-23,ズー,Merge Match March,-,,ETC,ズー,0,1,その他,その他
2025-10-23,Outright GamesPhoenixx,NBA Bounce,-,YES,ETC,Outright GamesPhoenixx,0,1,その他,その他
2025-10-23,XenoXeno,OFC - Ultimate Fighting Club,-,,ETC,XenoXeno,0,1,その他,その他
2025-10-23,Hitchcock Games,Pacify,-,,ETC,Hitchcock Games,0,1,その他,その他
2025-10-23,eastasiasoft,REDEX,-,,ETC,eastasiasoft,0,1,その他,その他
2025-10-23,Trefl S.A,"Run Chicken, Run!",-,,ETC,Trefl S.A,0,1,その他,その他
2025-10-23,Eathrabaria,Schoolteacher Simulator,-,,ETC,Eathrabaria,0,1,その他,その他
2025-10-23,ネオス,SEDAP!〜絶品!アジアンクッキングアドベンチャー〜,-,YES,ETC,ネオス,0,1,その他,その他
2025-10-23,17Studio,Snapshot Girls 5,-,,ETC,17Studio,0,1,その他,その他
2025-10-23,Plug In DigitalU&Iエンターテイメントジャパン,Sports Camp:35種類のゲームで大冒険,-,YES,ETC,Plug In DigitalU&Iエンターテイメントジャパン,0,1,その他,その他
2025-10-23,Burlea Games Studio,Sub-Structure 17: White Knuckle Ascent,-,,ETC,Burlea Games Studio,0,1,その他,その他
2025-10-23,Mameshiba Games,Sushi For Robots,-,,ETC,Mameshiba Games,0,1,その他,その他
2025-10-23,グラビティ,THE GOOD OLD DAYS〜冒険団ヌーギーズの大冒険〜,-,,ETC,グラビティ,0,1,その他,その他
2025-10-23,AGE Zero,The Quarantine Sector: 検疫セクター,-,,ETC,AGE Zero,0,1,その他,その他
2025-10-23,Microids,The Smurfs - Dreams,-,,ETC,Microids,0,1,その他,その他
2025-10-23,eastasiasoft,Trasmoz Legends,-,,ETC,eastasiasoft,0,1,その他,その他
2025-10-23,17Studio,Ultimate Hentai Puzzle,-,,ETC,17Studio,0,1,その他,その他
2025-10-23,RedDeerGames,Unfair Rampage: Knightfall,-,,ETC,RedDeerGames,0,1,その他,その他
2025-10-23,Skeleton Crew Studio,ぎるぐる GiLGuL,-,,ETC,Skeleton Crew Studio,0,1,その他,その他
2025-10-23,EpiXR Games,ウィンドボーン エコーズオブザナイト,-,,ETC,EpiXR Games,0,1,その他,その他
2025-10-23,オレンジ,エスケープゴート 〜吾妻衛士の冤罪〜,-,,ETC,オレンジ,0,1,その他,その他
2025-10-23,EpiXR Games,ザンバーマーブルゾンビーインベージョン,-,,ETC,EpiXR Games,0,1,その他,その他
2025-10-23,トローゼ,スペシャル コンバット,-,,ETC,トローゼ,0,1,その他,その他
2025-10-23,フロンティアワークス,タユタマ -It's happy days-,-,,ETC,フロンティアワークス,0,1,その他,その他
2025-10-23,アークシステムワークス,ダブルドラゴン リヴァイヴ,32,YES,ACT,アークシステムワークス,0,1,ベルトスクロールアクション,その他
2025-10-23,Pineapple Works,ドリームド・アウェイ,-,,ETC,Pineapple Works,0,1,その他,その他
2025-10-23,エムツー,ナイトストライカーGEAR,-,,ETC,エムツー,0,1,その他,その他
2025-10-23,Red Fables,ヤンデレ彼女シミュレーター:サイコロマンスゲーム,-,,ETC,Red Fables,0,1,その他,その他
2025-10-23,Red Fables,ヤンデレ彼氏シミュレーター:サイコロマンスゲーム,-,,ETC,Red Fables,0,1,その他,その他
2025-10-23,H2 INTERACTIVE,ルーフトップス&アリーズ,-,,ETC,H2 INTERACTIVE,0,1,その他,その他
2025-10-23,バンダイナムコエンターテインメント,ワンス・アポン・ア・塊魂,34,YES,ACT,バンダイナムコエンターテインメント,0,1,ロマンチックアクション,その他
2025-10-23,MASK,世界遺産大冒険！どこいった！－遊んで学べる！世界遺産かくれんぼアドベンチャー－,-,,ETC,MASK,0,1,その他,その他
2025-10-23,Vidas Games,幻想の洞窟:ツイスティランド,-,,ETC,Vidas Games,0,1,その他,その他
2025-10-23,ソニックパワード,悪夢のマンダラ郷,-,,ETC,ソニックパワード,0,1,その他,その他
2025-10-23,MASK,最高の復讐－復讐あるある共感ゲームで学ぶドロドロエピソード集－,-,,ETC,MASK,0,1,その他,その他
2025-10-23,SAT-BOX,極めろ!うどん職人,-,,ETC,SAT-BOX,0,1,その他,その他
2025-10-23,MAGES.,毎日学習でステップアップ TOEIC L&R テスト,-,YES,ETC,MAGES.,0,1,その他,その他
2025-10-23,JUSTDAN INTERNATIONAL,速攻退職,30,YES,ACT,JUSTDAN INTERNATIONAL,0,1,ベルトスクロールアクション,その他
2025-10-23,14次元,韓国鉄道 Celesti Express ITX-マム 太白線 編,-,,ETC,14次元,0,1,その他,その他
2025-10-24,Headup Games,Bloodshed,-,,ETC,Headup Games,0,1,その他,その他
2025-10-24,ラタライカゲームス,CORALINA,-,,ETC,ラタライカゲームス,0,1,その他,その他
2025-10-24,GameMill,Fast & Furious: Arcade Edition,-,,ETC,GameMill,0,1,その他,その他
2025-10-24,エレクトロニック・アーツ,Plants vs. Zombies: 植え替え版,-,,ETC,エレクトロニック・アーツ,0,1,その他,その他
2025-10-28,ININ Games,Simon the Sorcerer Origins,-,,ETC,ININ Games,0,1,その他,その他
2025-10-29,Afil Games,Bunny Pit Stop,-,,ETC,Afil Games,0,1,その他,その他
2025-10-30,Dark Point Games,Achilles: Survivor,-,,ETC,Dark Point Games,0,1,その他,その他
2025-10-30,NOSTRA GAMES,Angry Battalion,-,,ETC,NOSTRA GAMES,0,1,その他,その他
2025-10-30,Microids,Asterix & Obelix - Mission Babylon,-,,ETC,Microids,0,1,その他,その他
2025-10-30,Pix Arts,Bike Runner,-,,ETC,Pix Arts,0,1,その他,その他
2025-10-30,Croix Apps,Bokeh Adventure,-,,ETC,Croix Apps,0,1,その他,その他
2025-10-30,Andrei Ivashentsev,Colorizing: Daydream,-,,ETC,Andrei Ivashentsev,0,1,その他,その他
2025-10-30,ブシロードゲームズ,D.C. Re:tune 〜ダ・カーポ〜 リチューン,-,YES,ETC,ブシロードゲームズ,0,1,その他,その他
2025-10-30,Yellow Games In,DeadZone: Survival Ops Zombie Shooter,-,,ETC,Yellow Games In,0,1,その他,その他
2025-10-30,Joindots,Dreamscapes: The Sandman,-,,ETC,Joindots,0,1,その他,その他
2025-10-30,PerfectforPerfect Games,Farming Pro Simulator 25,-,,ETC,PerfectforPerfect Games,0,1,その他,その他
2025-10-30,Afil Games,Goat Out Of Hell,-,,ETC,Afil Games,0,1,その他,その他
2025-10-30,eastasiasoft,Halloween 1985,-,,ETC,eastasiasoft,0,1,その他,その他
2025-10-30,QUByte Interactive,Hannah,-,,ETC,QUByte Interactive,0,1,その他,その他
2025-10-30,SOFT SOURCE,Kamla,-,,ETC,SOFT SOURCE,0,1,その他,その他
2025-10-30,RedDeerGames,Nuclear Gladiators 3000,-,,ETC,RedDeerGames,0,1,その他,その他
2025-10-30,QUByte Interactive,Shroomtopia,-,,ETC,QUByte Interactive,0,1,その他,その他
2025-10-30,Flynn's Arcade,Silver Bullet シルバー・ブレット,-,,ETC,Flynn's Arcade,0,1,その他,その他
2025-10-30,17Studio,Snapshot Girls 6,-,,ETC,17Studio,0,1,その他,その他
2025-10-30,Team17,SWORN,-,,ETC,Team17,0,1,その他,その他
2025-10-30,Pineapple Works,ギリシャ悲劇,-,,ETC,Pineapple Works,0,1,その他,その他
2025-10-30,Caketown Interactive,コールドロン,-,,ETC,Caketown Interactive,0,1,その他,その他
2025-10-30,エイジ,サイバーガールズ,-,,ETC,エイジ,0,1,その他,その他
2025-10-30,Fellow Traveller,シチズンスリーパー2: スターワードベクター（英語版）,-,,ETC,Fellow Traveller,0,1,その他,その他
2025-10-30,Stamina Zero,ダンジョンマインスイーパー,-,,ETC,Stamina Zero,0,1,その他,その他
2025-10-30,バンダイナムコエンターテインメント,テイルズ オブ エクシリア リマスター,-,YES,ETC,バンダイナムコエンターテインメント,0,1,その他,その他
2025-10-30,TuanisApps,トジウハ・ナイト:オーダー・オブ・ジ・アルケミスツ,-,,ETC,TuanisApps,0,1,その他,その他
2025-10-30,KOSEI YASUDA,トレインデラックス2026 倉急電鉄,-,,ETC,KOSEI YASUDA,0,1,その他,その他
2025-10-30,スクウェア・エニックス,ドラゴンクエストI&II,34,YES,RPG,スクウェア・エニックス,6945_0m_4916,1,RPG,その他
2025-10-30,シティコネクション,ファイナルフォーメーション,-,,ETC,シティコネクション,0,1,その他,その他
2025-10-30,indienova,ラッキーハンター Lucky Hunter,-,,ETC,indienova,0,1,その他,その他
2025-10-30,Happy Player,七つ荒れ獄:カオスの木,-,,ETC,Happy Player,0,1,その他,その他
2025-10-30,SAT-BOX,作って!焼きいも,-,,ETC,SAT-BOX,0,1,その他,その他
2025-10-30,Gamersky Games,勇者の終盤:オートバトル,-,,ETC,Gamersky Games,0,1,その他,その他
2025-10-30,レイニーフロッグ,探偵ドットソン,-,YES,ETC,レイニーフロッグ,0,1,その他,その他
2025-10-30,イマジニア,映画 すみっコぐらし 空の王国とふたりのコ あそぼうキャラクロス,-,YES,ETC,イマジニア,0,1,その他,その他
2025-10-30,Gamersky Games,段ボールの町,-,,ETC,Gamersky Games,0,1,その他,その他
2025-10-30,KAMITSUBAKI STUDIO,神椿學園新聞部,-,,ETC,KAMITSUBAKI STUDIO,0,1,その他,その他
2025-10-30,AlignmentSharp,脱出ゲーム R00M06,-,,ETC,AlignmentSharp,0,1,その他,その他
2025-10-30,TT,脳トレ！くるくるアニマルパズル－小学生から大人まで楽しめる！動物でひらめきアハ体験＆脳トレチャレンジ－,-,,ETC,TT,0,1,その他,その他
2025-10-30,TT,集中力と観察力を鍛える THEまちがいさがしチャレンジ －楽しく遊んで記憶力・判断力改善！まちがい探し脳トレ－,-,,ETC,TT,0,1,その他,その他
2025-10-30,インティ・クリエイツ,魔女ガミ-The Witch of Luludidea-,32,YES,ACT,インティ・クリエイツ,0,1,横スクロールアクション,その他
2025-10-31,ラタライカゲームス,Beaked Buccaneer,-,,ETC,ラタライカゲームス,0,1,その他,その他
2025-10-31,eastasiasoft,Learn to Play - Pumpkin Smash!,-,,ETC,eastasiasoft,0,1,その他,その他
2025-10-31,Higgs Games,Moorhuhn 2,-,,ETC,Higgs Games,0,1,その他,その他
2025-10-31,Nerd Games,Warrior Survivor,-,,ETC,Nerd Games,0,1,その他,その他
2025-11-04,PLAION（英語版）,Let's Sing 2026（英語版）,-,,ETC,PLAION（英語版）,0,1,その他,その他
2025-11-05,Afil Games,Dragon Snack,-,,ETC,Afil Games,0,1,その他,その他
2025-11-06,Play Games,Baseball Card Shop Simulator,-,,ETC,Play Games,0,1,その他,その他
2025-11-06,Postmeta Games,Biped 2,-,,ETC,Postmeta Games,0,1,その他,その他
2025-11-06,Snapbreak Games,Boxes: Lost Fragments,-,,ETC,Snapbreak Games,0,1,その他,その他
2025-11-06,Afil Games,Cloud to Gold,-,,ETC,Afil Games,0,1,その他,その他
2025-11-06,Only By Midnight,Ctrl Alt Deal,-,,ETC,Only By Midnight,0,1,その他,その他
2025-11-06,Brain Seal Entertainment,Dark Quest 4,-,,ETC,Brain Seal Entertainment,0,1,その他,その他
2025-11-06,KRAFTON,Dinkum（英語版）,32,,SLG,KRAFTON,0,1,生活シミュレーション,その他
2025-11-06,Feardemic,Dollmare,-,,ETC,Feardemic,0,1,その他,その他
2025-11-06,Pix Arts,Easy Flight Simulator 2,-,,ETC,Pix Arts,0,1,その他,その他
2025-11-06,ODDCADIA,Finding Chuchu,-,,ETC,ODDCADIA,0,1,その他,その他
2025-11-06,GlobalGameStudio,Fish Rescue! Pull the Pin,-,,ETC,GlobalGameStudio,0,1,その他,その他
2025-11-06,Erlano,"Hashiriya Drifter-Car Racing, Drift, Drag REMASTER",-,,ETC,Erlano,0,1,その他,その他
2025-11-06,Revulo Games,House Fighters: Total Mess,-,,ETC,Revulo Games,0,1,その他,その他
2025-11-06,KujiraDanceRoom,Last Order,-,,ETC,KujiraDanceRoom,0,1,その他,その他
2025-11-06,SOFT SOURCE,Lumo 2,-,,ETC,SOFT SOURCE,0,1,その他,その他
2025-11-06,Downmeadowstreet,Mega City Obby,-,,ETC,Downmeadowstreet,0,1,その他,その他
2025-11-06,Eclipse Interactive,Mission: Mars,-,,ETC,Eclipse Interactive,0,1,その他,その他
2025-11-06,RedDeerGames,My Cozy Aquarium,-,,ETC,RedDeerGames,0,1,その他,その他
2025-11-06,ジーチョイス,NYAZ〜小林さんち乗っ取り計画〜,-,,ETC,ジーチョイス,0,1,その他,その他
2025-11-06,Pomelo Games,Outlanders（英語版）,-,,ETC,Pomelo Games,0,1,その他,その他
2025-11-06,Andrei Ivashentsev,Picronix,-,,ETC,Andrei Ivashentsev,0,1,その他,その他
2025-11-06,INVECTOR GAME STUDIO,Puzzle Fruit Merge - Match Game,-,,ETC,INVECTOR GAME STUDIO,0,1,その他,その他
2025-11-06,Untold Tales,PyroMind,-,,ETC,Untold Tales,0,1,その他,その他
2025-11-06,CGI LAB GAMES,QUARANTINE AREA,-,,ETC,CGI LAB GAMES,0,1,その他,その他
2025-11-06,DubassGames,Quarantine Area: Zombie Lockdown,-,,ETC,DubassGames,0,1,その他,その他
2025-11-06,GBTUI,SEA POWER NAVAL BATTLE COMBAT,-,,ETC,GBTUI,0,1,その他,その他
2025-11-06,Great Escape Games Publishing,SHARK SIEGE - TOGETHER SURVIVAL,-,,ETC,Great Escape Games Publishing,0,1,その他,その他
2025-11-06,Pakotime,Sugoi Girls: Madame Fantasy,-,,ETC,Pakotime,0,1,その他,その他
2025-11-06,RandomSpin Games,Suika Sprunki Edition,-,,ETC,RandomSpin Games,0,1,その他,その他
2025-11-06,RandomSpin Games,Truck Simulator: Delivery in City,-,,ETC,RandomSpin Games,0,1,その他,その他
2025-11-06,GBTUI,Trucking School: Truck Simulator Driving 2025,-,,ETC,GBTUI,0,1,その他,その他
2025-11-06,eastasiasoft,Twilight Parade: Moonlit Mononoke,-,,ETC,eastasiasoft,0,1,その他,その他
2025-11-06,SNK,アケアカNEOGEO セレクション Vol.7,-,YES,ETC,SNK,7156_0m_5126,1,その他,その他
2025-11-06,●,アケアカNEOGEO セレクション Vol.8,-,,ETC,●,7155_0m_5125,1,その他,その他
2025-11-06,講談社,ザ・ファブル Manga Build Roguelike,-,,ETC,講談社,0,1,その他,その他
2025-11-06,IndieArk,ストライクフォースヒーローズ,-,,ETC,IndieArk,0,1,その他,その他
2025-11-06,EpiXR Games,セレスティアルフォール,-,,ETC,EpiXR Games,0,1,その他,その他
2025-11-06,だいだい,トラディショナル・タクティクス with SESS-AI 2.0,-,,ETC,だいだい,0,1,その他,その他
2025-11-06,トローゼ,バンバンガールズ 萌えパニック,-,,ETC,トローゼ,0,1,その他,その他
2025-11-06,Pineapple Works,ブレードとテール,-,,ETC,Pineapple Works,0,1,その他,その他
2025-11-06,イマジニア,マジカルクラフト 猫と魔法のドレス,30,YES,SLG,イマジニア,0,1,生活シミュレーション,その他
2025-11-06,Christoph Mueller,モータードゥーム,-,,ETC,Christoph Mueller,0,1,その他,その他
2025-11-06,NOSTRA GAMES,ユーフォービルダー UFO Builder,-,,ETC,NOSTRA GAMES,0,1,その他,その他
2025-11-06,Peaksel,大人のぬりえ 2,-,,ETC,Peaksel,0,1,その他,その他
2025-11-06,Hidden Trap,小さな世界2,-,,ETC,Hidden Trap,0,1,その他,その他
2025-11-06,カイロソフト,探検パイロット惑星,-,,ETC,カイロソフト,0,1,その他,その他
2025-11-06,moesoft,金色の陽だまりと君の隣,-,,ETC,moesoft,0,1,その他,その他
2025-11-06,Max Interactive Studio,開けゴマアリババダッシュ,-,,ETC,Max Interactive Studio,0,1,その他,その他
2025-11-06,14次元,韓国ドローン飛行ツアー沃川郡,-,,ETC,14次元,0,1,その他,その他
2025-11-07,GAME NACIONAL,Jelly Form,-,,ETC,GAME NACIONAL,0,1,その他,その他
2025-11-07,ラタライカゲームス,Square Brothers,-,,ETC,ラタライカゲームス,0,1,その他,その他
2025-11-07,Pdpartid@games,The Visitor Effect,-,,ETC,Pdpartid@games,0,1,その他,その他
2025-11-07,Pakotime,Yabai Girls: Amazing Accountant,-,,ETC,Pakotime,0,1,その他,その他
2025-11-08,QubicGames,Evo Pop,-,,ETC,QubicGames,0,1,その他,その他
2025-11-13,eastasiasoft,Bomb Kitten,-,,ETC,eastasiasoft,0,1,その他,その他
2025-11-13,RedDeerGames,Brain Boost Buddies,-,,ETC,RedDeerGames,0,1,その他,その他
2025-11-13,GlobalGameStudio,Capybara Journey Go,-,,ETC,GlobalGameStudio,0,1,その他,その他
2025-11-13,Bad Minions,Catnigma,-,,ETC,Bad Minions,0,1,その他,その他
2025-11-13,Megabit Publishing,CLAWPUNK,-,,ETC,Megabit Publishing,0,1,その他,その他
2025-11-13,Fun Games Studio,Climb Jump Obby Tower,-,,ETC,Fun Games Studio,0,1,その他,その他
2025-11-13,GaniTani,CRAYON FOOD,-,,ETC,GaniTani,0,1,その他,その他
2025-11-13,Wonderfy,CYCLIA JOURNEY サイクリア ジャーニー,-,,ETC,Wonderfy,0,1,その他,その他
2025-11-13,Downmeadowstreet,Everdawn Isle,-,,ETC,Downmeadowstreet,0,1,その他,その他
2025-11-13,Bad Minions,Fida Puti Samurai,-,,ETC,Bad Minions,0,1,その他,その他
2025-11-13,Fun Games Studio,Gas Station: Idle Simulator,-,,ETC,Fun Games Studio,0,1,その他,その他
2025-11-13,MORAHAN Studio Games,Gorilla Jungle King Simulator,-,,ETC,MORAHAN Studio Games,0,1,その他,その他
2025-11-13,Silesia Games,Hidden Cats in Rio de Janeiro,-,,ETC,Silesia Games,0,1,その他,その他
2025-11-13,Feral Interactive（英語版）,Hitman: Absolution,-,,ETC,Feral Interactive（英語版）,0,1,その他,その他
2025-11-13,Pakotime,Kawaii Girls: Busty Bear,-,,ETC,Pakotime,0,1,その他,その他
2025-11-13,Yellow Games In,Legend of Kaito - Destiny Journey,-,,ETC,Yellow Games In,0,1,その他,その他
2025-11-13,Orube Game Studio,Lia: Hacking Destiny,-,,ETC,Orube Game Studio,0,1,その他,その他
2025-11-13,Fun Games Studio,Mage Arena: Voice of Power,-,,ETC,Fun Games Studio,0,1,その他,その他
2025-11-13,Owlcat Games（英語版）,Rue Valley,-,,ETC,Owlcat Games（英語版）,0,1,その他,その他
2025-11-13,Brainium Games,Sector Force,-,,ETC,Brainium Games,0,1,その他,その他
2025-11-13,Goonswarm,Sin Slayers: Reign of The 8th,-,,ETC,Goonswarm,0,1,その他,その他
2025-11-13,Afil Games,Sokomine,-,,ETC,Afil Games,0,1,その他,その他
2025-11-13,Gametry,Spartan Frontline,-,,ETC,Gametry,0,1,その他,その他
2025-11-13,BoggySoft,SUPERMARKET SIMULATOR 25,-,,ETC,BoggySoft,0,1,その他,その他
2025-11-13,Fun Games Studio,The Hollow Lighthouse,-,,ETC,Fun Games Studio,0,1,その他,その他
2025-11-13,SUCCESS GAMES,Tralalero Tralala - Escape Backrooms,-,,ETC,SUCCESS GAMES,0,1,その他,その他
2025-11-13,Downmeadowstreet,Village Climb Obby,-,,ETC,Downmeadowstreet,0,1,その他,その他
2025-11-13,Top Hat Studios,WINDSWEPT,-,,ETC,Top Hat Studios,0,1,その他,その他
2025-11-13,Noodlecake,Winter Burrow,-,,ETC,Noodlecake,0,1,その他,その他
2025-11-13,MASK,あこがれアニマル－図鑑みたいなアニマルクイズ！－,-,,ETC,MASK,0,1,その他,その他
2025-11-13,ディースリー・パブリッシャー,お文具といっしょ ユルっとポチっと遊びましょ,-,YES,ETC,ディースリー・パブリッシャー,0,1,その他,その他
2025-11-13,NiuGamer,しまった 美人に囲まれた 2,-,,ETC,NiuGamer,0,1,その他,その他
2025-11-13,TT,たのしい心理テスト－選んだアイテムに本音が出る！ドキッと笑える みんなで遊ぶ心理テスト－,-,,ETC,TT,0,1,その他,その他
2025-11-13,イクシール,ふにまる - Fusion Animal -,-,,ETC,イクシール,0,1,その他,その他
2025-11-13,SAT-BOX,ぶちかませ!パンチチャンピオン,-,,ETC,SAT-BOX,0,1,その他,その他
2025-11-13,トローゼ,コンバット フォーセス,-,,ETC,トローゼ,0,1,その他,その他
2025-11-13,EpiXR Games,ザンバーワールドザロストマーブルアイランド,-,,ETC,EpiXR Games,0,1,その他,その他
2025-11-13,トローゼ,シャドウリフト フェラルストライク,-,,ETC,トローゼ,0,1,その他,その他
2025-11-13,MASK,タコはどこにいった？－家族でワイワイ！かくれたタコをみつけよう！－,-,,ETC,MASK,0,1,その他,その他
2025-11-13,NOSTRA GAMES,ダンクトリックスター Dunk Trickster,-,,ETC,NOSTRA GAMES,0,1,その他,その他
2025-11-13,バンダイナムコエンターテインメント,ドラゴンボール Sparking! ZERO,34,YES,ACT,バンダイナムコエンターテインメント,6985_0m_4956,1,3D対戦アクション,その他
2025-11-13,indienova,ハイマー2000,-,,ETC,indienova,0,1,その他,その他
2025-11-13,MIZUBLUE GAMES,ビューティーダーリン,-,,ETC,MIZUBLUE GAMES,0,1,その他,その他
2025-11-13,エイジ,ピクニックガールズ,-,,ETC,エイジ,0,1,その他,その他
2025-11-13,フリュー,ベイブレードエックス エボバトル,-,YES,ETC,フリュー,7158_0m_5128,1,その他,その他
2025-11-13,EpiXR Games,ホラーテールスリーザウィッチ,-,,ETC,EpiXR Games,0,1,その他,その他
2025-11-13,MASK,モザイククイズ－隠された答えを見破れ！モザイクから推理する脳トレクイズ－,-,,ETC,MASK,0,1,その他,その他
2025-11-13,コーエーテクモゲームス,ライザのアトリエ 〜常闇の女王と秘密の隠れ家〜 DX,-,YES,ETC,コーエーテクモゲームス,2984_0m_1270,1,その他,その他
2025-11-13,●,ライザのアトリエ2 〜失われた伝承と秘密の妖精〜 DX,-,,ETC,●,4493_0m_2190,1,その他,その他
2025-11-13,●,ライザのアトリエ3 〜終わりの錬金術士と秘密の鍵〜 DX,-,,ETC,●,7097_0m_5067,1,その他,その他
2025-11-13,Upscale Studio,ラビットサムライ,-,,ETC,Upscale Studio,0,1,その他,その他
2025-11-13,Studio Mantasaur,レフティとライティ:手をつなごう! (All Hands on Deck),-,,ETC,Studio Mantasaur,0,1,その他,その他
2025-11-13,MASK,大人のための常識力テスト－学生時代の記憶、まだ残ってる？あなたの常識力をチェック！－,-,,ETC,MASK,0,1,その他,その他
2025-11-13,MASK,大人のための日本史テスト－知ってるつもりの日本史、どこまで覚えてる？あなたの歴史常識をテストで確認！－,-,,ETC,MASK,0,1,その他,その他
2025-11-13,KONAMI,桃太郎電鉄2 〜あなたの町も きっとある〜 東日本編+西日本編,34,YES,TBL,KONAMI,7008_0m_4979,1,ボードゲーム,その他
2025-11-13,TT,脳トレ ならべる中学英単語－英単語ならべかえでかんたん勉強脳トレ－,-,,ETC,TT,0,1,その他,その他
2025-11-13,日本コロムビア,蟲神器 めざせ!最強の蟲主,30,YES,TBL,日本コロムビア,7157_0m_5127,1,カードゲーム,その他
2025-11-13,MASK,裏・女子図鑑－タップで暴く、心理のトリック－,-,,ETC,MASK,0,1,その他,その他
2025-11-13,14次元,韓国ドローン飛行ツアー月影山,-,,ETC,14次元,0,1,その他,その他
2025-11-14,GAME NACIONAL,Eradicator Genesis エラディケーター・ジェネシス,-,,ETC,GAME NACIONAL,0,1,その他,その他
2025-11-14,ラタライカゲームス,VIDEOVERSE（英語版）,-,,ETC,ラタライカゲームス,0,1,その他,その他
2025-11-14,レベルファイブ,イナズマイレブン 英雄たちのヴィクトリーロード,35,,SPT,レベルファイブ,7019_0m_4990,1,収集・育成サッカーRPG,その他
2025-11-17,11 bit studios,INDIKA,-,,ETC,11 bit studios,0,1,その他,その他
2025-11-18,Annapurna Interactive,Morsels（英語版）,-,,ETC,Annapurna Interactive,0,1,その他,その他
2025-11-18,任天堂,かおヨッシー,-,,ETC,任天堂,0,1,その他,その他
2025-11-20,Pakotime,Anime Girls: College Love,-,,ETC,Pakotime,0,1,その他,その他
2025-11-20,SOFT SOURCE,As I Began to Dream,-,,ETC,SOFT SOURCE,0,1,その他,その他
2025-11-20,Brainium Games,Bob The Brick Breaker,-,,ETC,Brainium Games,0,1,その他,その他
2025-11-20,スターサイン,Boost Zero,-,,ETC,スターサイン,0,1,その他,その他
2025-11-20,Afil Games,Cookie's Trails,-,,ETC,Afil Games,0,1,その他,その他
2025-11-20,あまた,Crescent Tower 〜クレセント・タワー〜,-,,ETC,あまた,0,1,その他,その他
2025-11-20,Sprakelsoft,Croc's Dynamite Blast,-,,ETC,Sprakelsoft,0,1,その他,その他
2025-11-20,Ysbryd Games,Demonschool,-,,ETC,Ysbryd Games,0,1,その他,その他
2025-11-20,Oddi Tycoon,ESCAPE THE BACKROOMS,-,,ETC,Oddi Tycoon,0,1,その他,その他
2025-11-20,Sabec,Finger Punch,-,,ETC,Sabec,0,1,その他,その他
2025-11-20,TREVA,"Football, Tactics & Glory - Treble Deluxe Edition",-,,ETC,TREVA,0,1,その他,その他
2025-11-20,Afil Games,Hula Hula Wee,-,,ETC,Afil Games,0,1,その他,その他
2025-11-20,V Publishing,Kentum,-,,ETC,V Publishing,0,1,その他,その他
2025-11-20,Feardemic,Kiosk,-,,ETC,Feardemic,0,1,その他,その他
2025-11-20,Sabec,Looney Test,-,,ETC,Sabec,0,1,その他,その他
2025-11-20,フリュー,Model Debut4 #nicola,-,YES,ETC,フリュー,0,1,その他,その他
2025-11-20,Retroware,Neon Inferno,-,,ETC,Retroware,0,1,その他,その他
2025-11-20,Nightdive Studios,Outlaws + Handful of Missions: Remaster（英語版）,-,,ETC,Nightdive Studios,0,1,その他,その他
2025-11-20,Goblinz Studio,Ozymandias,-,,ETC,Goblinz Studio,0,1,その他,その他
2025-11-20,シティコネクション,R-Type Delta: HD Boosted,-,YES,ETC,シティコネクション,0,1,その他,その他
2025-11-20,HeroCraft,Revival: Recolonization,-,,ETC,HeroCraft,0,1,その他,その他
2025-11-20,mc2games,Secrets of Blackrock Manor - Escape Room,-,,ETC,mc2games,0,1,その他,その他
2025-11-20,Dragon Path Games,SNIPER WARRIOR ELITE,-,,ETC,Dragon Path Games,0,1,その他,その他
2025-11-20,eastasiasoft,StarLightRiders: HyperJump,-,,ETC,eastasiasoft,0,1,その他,その他
2025-11-20,SOFT SOURCE,Stratogun,-,,ETC,SOFT SOURCE,0,1,その他,その他
2025-11-20,RedDeerGames,Summer Unpacked,-,,ETC,RedDeerGames,0,1,その他,その他
2025-11-20,INVECTOR GAME STUDIO,Supermarket Simulator Store,-,,ETC,INVECTOR GAME STUDIO,0,1,その他,その他
2025-11-20,AIP,The Great Rebellion: 2084 Edition,-,,ETC,AIP,0,1,その他,その他
2025-11-20,Sometimes You,The Last Shot: Arcades,-,,ETC,Sometimes You,0,1,その他,その他
2025-11-20,Play Games,Truck Simulator 2025 City Work Delivery,-,,ETC,Play Games,0,1,その他,その他
2025-11-20,DubassGames,Zombie Royale io,-,,ETC,DubassGames,0,1,その他,その他
2025-11-20,MAGES.,ZOMBIE防災訓練,-,,ETC,MAGES.,0,1,その他,その他
2025-11-20,サイバラックス,いつでも伊勢シーパラダイス 距離感ゼロの水族館図鑑,-,,ETC,サイバラックス,0,1,その他,その他
2025-11-20,MASK,この虫どこだ？－小学生向け！親子で楽しむ かくれんぼ虫探し ワクワク発見ゲーム－,-,,ETC,MASK,0,1,その他,その他
2025-11-20,日本コロムビア,すみっコぐらし つくろう!ステキなすみっコ島,30,YES,TBL,日本コロムビア,0,1,すみっコミュニケーション,その他
2025-11-20,MASK,どこいった!? FOOD－親子で挑戦！小学生から楽しめる隠しFOOD探しゲーム－,-,,ETC,MASK,0,1,その他,その他
2025-11-20,Abelix Games,アルファベットの挑戦状,-,,ETC,Abelix Games,0,1,その他,その他
2025-11-20,Mastiff,エルドラドクリーチャーズ・シャドウフォール,-,YES,ETC,Mastiff,0,1,その他,その他
2025-11-20,EpiXR Games,ザフライングトラベラー ピースオブマインド4,-,,ETC,EpiXR Games,0,1,その他,その他
2025-11-20,Black Smoke Studios,デザートレースアドベンチャー,-,,ETC,Black Smoke Studios,0,1,その他,その他
2025-11-20,EpiXR Games,デスパークトゥーリマスター,-,,ETC,EpiXR Games,0,1,その他,その他
2025-11-20,Happy Player,ファンタジーアクアリウム,-,,ETC,Happy Player,0,1,その他,その他
2025-11-20,HUNTERS,マイケルの夢冒険,-,,ETC,HUNTERS,0,1,その他,その他
2025-11-20,エイジ,マジカルガールズ,-,,ETC,エイジ,0,1,その他,その他
2025-11-20,Elusor,ロイヤル・ウォッチ:王座の責務,-,,ETC,Elusor,0,1,その他,その他
2025-11-20,MASK,世界遺産マルバツクイズ－2択でかんたん！世界遺産クイズ＆豆知識－,-,,ETC,MASK,0,1,その他,その他
2025-11-20,MASK,信用できない言葉－直感で見破る4択ことばパズル－,-,,ETC,MASK,0,1,その他,その他
2025-11-20,TT,国旗で4択雑学クイズ－大人も子供も楽しめる！国旗×雑学の脳トレ－,-,,ETC,TT,0,1,その他,その他
2025-11-20,Red Fables,星座の美少年たち:惑星ロマンスの占星術,-,,ETC,Red Fables,0,1,その他,その他
2025-11-20,Red Fables,星座美少女☆宇宙の惑星ロマンス,-,,ETC,Red Fables,0,1,その他,その他
2025-11-20,MASK,本当にあった◯◯な話－タップで楽しく、実在エピソードを体感！－,-,,ETC,MASK,0,1,その他,その他
2025-11-20,MASK,脳を鍛える！宇宙写真で間違い探し－小学生向け！親子で楽しむ かくれんぼ宇宙探し ワクワク発見ゲーム－,-,,ETC,MASK,0,1,その他,その他
2025-11-20,ソニックパワード,鉄道にっぽん!RealPro 長距離運転!特急ひのとり 近畿日本鉄道 編,-,YES,ETC,ソニックパワード,0,1,その他,その他
2025-11-20,プロトタイプ,闇色の魔珠,-,YES,ETC,プロトタイプ,0,1,その他,その他
2025-11-20,シンソフィア,麻雀パズル8,-,,ETC,シンソフィア,0,1,その他,その他
2025-11-21,ラタライカゲームス,Save Room - The Merchant,-,,ETC,ラタライカゲームス,0,1,その他,その他
2025-11-21,Nerd Games,モータル・トラップ・ダンジョン 死の罠,-,,ETC,Nerd Games,0,1,その他,その他
2025-11-26,Humble Games,Wizard of Legend 2,-,,ETC,Humble Games,0,1,その他,その他
2025-11-27,Samustai,Ad Fundum,-,,ETC,Samustai,0,1,その他,その他
2025-11-27,digiggle,Aluna Rift,-,,ETC,digiggle,0,1,その他,その他
2025-11-27,Matt Concepts,Blitz Smash Ultimate,-,,ETC,Matt Concepts,0,1,その他,その他
2025-11-27,Valkyrie Initiative,Brotherhood,-,,ETC,Valkyrie Initiative,0,1,その他,その他
2025-11-27,MAGES.,CHAOS;HEAD / CHAOS;CHILD らぶChu☆Chu! DOUBLE PACK,-,YES,ETC,MAGES.,0,1,その他,その他
2025-11-27,DEV666,Cozy Toy Shop,-,,ETC,DEV666,0,1,その他,その他
2025-11-27,Pixel Lantern,Delivery Driver Massacre,-,,ETC,Pixel Lantern,0,1,その他,その他
2025-11-27,RedDeerGames,Doki Monsters : Quest,-,,ETC,RedDeerGames,0,1,その他,その他
2025-11-27,dramatic create/ヒューネックス,DYNAMIC CHORD feat.KYOHSO Remaster edition,-,YES,ETC,dramatic create/ヒューネックス,0,1,その他,その他
2025-11-27,Dragon Path Games,Egypt City Builder,-,,ETC,Dragon Path Games,0,1,その他,その他
2025-11-27,Recotechnology,El Coco,-,,ETC,Recotechnology,0,1,その他,その他
2025-11-27,Feardemic,Garten of Banban 8: Anti Devil,-,,ETC,Feardemic,0,1,その他,その他
2025-11-27,Vitalii Kaminskyi,HELL BLOOD: INFERNO RETRO SHOOTER,-,,ETC,Vitalii Kaminskyi,0,1,その他,その他
2025-11-27,Luna Wolf Studios,Hypno Halo,-,,ETC,Luna Wolf Studios,0,1,その他,その他
2025-11-27,ドラガミゲームス,LoveR Kiss Endless Memories,-,YES,ETC,ドラガミゲームス,0,1,その他,その他
2025-11-27,Eathrabaria,Musician Simulator,-,,ETC,Eathrabaria,0,1,その他,その他
2025-11-27,Downmeadowstreet,Oasis Obby Parkour,-,,ETC,Downmeadowstreet,0,1,その他,その他
2025-11-27,Afil Games,Paint Path,-,,ETC,Afil Games,0,1,その他,その他
2025-11-27,MORAHAN Studio Games,POLICE OFFICERS SIMULATOR,-,,ETC,MORAHAN Studio Games,0,1,その他,その他
2025-11-27,Brainium Games,Red Cape Knight,-,,ETC,Brainium Games,0,1,その他,その他
2025-11-27,David Amado Fernández,Roller Katz BF: Episode 1,-,,ETC,David Amado Fernández,0,1,その他,その他
2025-11-27,XenoXeno,Scandinavian Cottage Survival Simulator,-,,ETC,XenoXeno,0,1,その他,その他
2025-11-27,eastasiasoft,Schildmaid MX,-,,ETC,eastasiasoft,0,1,その他,その他
2025-11-27,Goonswarm,SCP: Control Error,-,,ETC,Goonswarm,0,1,その他,その他
2025-11-27,Afil Games,Slide Viking,-,,ETC,Afil Games,0,1,その他,その他
2025-11-27,Three River Games,Star Ores Inc.,-,,ETC,Three River Games,0,1,その他,その他
2025-11-27,QUByte Interactive,Street Racer Collection,-,,ETC,QUByte Interactive,0,1,その他,その他
2025-11-27,ディースリー・パブリッシャー,THE ヤンキーブラザー,-,YES,ETC,ディースリー・パブリッシャー,0,1,その他,その他
2025-11-27,SKONEC Entertainment,Who's at the door?,-,,ETC,SKONEC Entertainment,0,1,その他,その他
2025-11-27,Pakotime,Yabai Girls: Heavenly Homemaker,-,,ETC,Pakotime,0,1,その他,その他
2025-11-27,Upscale Studio,おかしな動物カフェ,-,,ETC,Upscale Studio,0,1,その他,その他
2025-11-27,サイバーステップ,めろんぱーかー 〜キミがなんでも部の部長さん!〜,-,YES,ETC,サイバーステップ,0,1,その他,その他
2025-11-27,Red Fables,アニメ学園ラブ:先生と秘密の恋,-,,ETC,Red Fables,0,1,その他,その他
2025-11-27,LUCKY RACCOON GAMES,アメージング・メイズ,-,,ETC,LUCKY RACCOON GAMES,0,1,その他,その他
2025-11-27,RS34,カラス,-,YES,ETC,RS34,0,1,その他,その他
2025-11-27,Error 300 Games,ジオメトリーシューター,-,,ETC,Error 300 Games,0,1,その他,その他
2025-11-27,エディア,テレネット RPG コレクション,-,YES,ETC,エディア,0,1,その他,その他
2025-11-27,オーイズミ・アミュージオ,テンプル騎士団の影 -Broken Sword REMAKE-,-,,ETC,オーイズミ・アミュージオ,0,1,その他,その他
2025-11-27,GangoGames,ハイパーエシュロン,-,,ETC,GangoGames,0,1,その他,その他
2025-11-27,トローゼ,バレット ストライク,-,,ETC,トローゼ,0,1,その他,その他
2025-11-27,ジュピター,ピクロスS CAPCOM CLASSICS edition,-,,ETC,ジュピター,0,1,その他,その他
2025-11-27,不明,ピクロスS SNK CLASSICS & NEOGEO edition,-,,ETC,不明,0,1,その他,その他
2025-11-27,NOSTRA GAMES,ピンストライク Pin Strike,-,,ETC,NOSTRA GAMES,0,1,その他,その他
2025-11-27,Entity3,ベクターラボ,-,,ETC,Entity3,0,1,その他,その他
2025-11-27,PARALLEL CREATES,ユグドラ・キングダム,-,YES,ETC,PARALLEL CREATES,0,1,その他,その他
2025-11-27,わくわくゲームズ,代筆屋ワールドワード,-,,ETC,わくわくゲームズ,0,1,その他,その他
2025-11-27,TT,全国一般人常識チェック 上級編－一流の大人だけが知っている雑学教養格付け脳トレクイズ－,-,,ETC,TT,0,1,その他,その他
2025-11-27,MASK,名探偵からの手紙－ナゾトキ脳トレ挑戦状！脳活アハ活推理ミステリー－,-,,ETC,MASK,0,1,その他,その他
2025-11-27,Red Fables,学園ラブ:先生と秘密の授業,-,,ETC,Red Fables,0,1,その他,その他
2025-11-27,moesoft,恋のレシピ,-,,ETC,moesoft,0,1,その他,その他
2025-11-27,GazeGames Interactive,戦闘作戦:アリーナ,-,,ETC,GazeGames Interactive,0,1,その他,その他
2025-11-27,Armonica,"探偵の眼:さらば、最愛の人よ(Detective Instinct: Farewell, My Beloved)",-,,ETC,Armonica,0,1,その他,その他
2025-11-27,MASK,未来のAIが分析！キミの性格テスト－AI先生が診断！小学生のタイプまるわかり！－,-,,ETC,MASK,0,1,その他,その他
2025-11-27,Ogre Pixel,栄光のハンター,-,,ETC,Ogre Pixel,0,1,その他,その他
2025-11-27,Red Fables,桜恋サムライ将軍の心,-,,ETC,Red Fables,0,1,その他,その他
2025-11-27,MASK,漫画で謎解きミステリー－読んで進める謎解きアドベンチャー－,-,,ETC,MASK,0,1,その他,その他
2025-11-27,CASCHA GAMES,潜入,-,,ETC,CASCHA GAMES,0,1,その他,その他
2025-11-27,SAT-BOX,焼け!ピザマスター,-,,ETC,SAT-BOX,0,1,その他,その他
2025-11-27,AlignmentSharp,脱出ゲーム R00M07,-,,ETC,AlignmentSharp,0,1,その他,その他
2025-11-27,MASK,脳トレ！ころころむしパズル－小学生から大人まで楽しめる！虫でひらめきアハ体験＆脳トレチャレンジ－,-,,ETC,MASK,0,1,その他,その他
2025-11-27,NeverSleep Games,蜂の巣,-,,ETC,NeverSleep Games,0,1,その他,その他
2025-11-27,Error 300 Games,間違い探しの達人:モンスターセレクション,-,,ETC,Error 300 Games,0,1,その他,その他
2025-11-27,14次元,韓国ドローン飛行ツアー錦山郡,-,,ETC,14次元,0,1,その他,その他
2025-11-28,ケムコ,Dragon Ruins II,-,,ETC,ケムコ,0,1,その他,その他
2025-11-28,ラタライカゲームス,Red Pippy,-,,ETC,ラタライカゲームス,0,1,その他,その他
2025-11-28,GAME NACIONAL,ダンケルク － 忘れられた兵士 Dunkirk,-,,ETC,GAME NACIONAL,0,1,その他,その他
2025-11-28,Untold Tales,ミツバチシミュレーター:蜂巣,-,,ETC,Untold Tales,0,1,その他,その他
2025-12-02,H2 INTERACTIVE,MARVEL Cosmic Invasion（英語版）,-,,ETC,H2 INTERACTIVE,7060_0m_5030n,1,その他,その他
2025-12-03,Devolver Digital,Forestrike,-,,ETC,Devolver Digital,0,1,その他,その他
2025-12-04,KOSEI YASUDA,6番線オンライン 協力異変探し,-,,ETC,KOSEI YASUDA,0,1,その他,その他
2025-12-04,Baltoro Minis,Bowling Fever ボウリング・フィーバー,-,,ETC,Baltoro Minis,0,1,その他,その他
2025-12-04,COWCAT,BROK: The Brawl Bar 名探偵ブロクと激闘の酒場,-,,ETC,COWCAT,0,1,その他,その他
2025-12-04,SUCCESS GAMES,BUS SIM 25 - CITY SIMULATOR,-,,ETC,SUCCESS GAMES,0,1,その他,その他
2025-12-04,RedDeerGames,Cat & Friends Memory,-,,ETC,RedDeerGames,0,1,その他,その他
2025-12-04,SOURCE BYTE,Cats Ritual,-,,ETC,SOURCE BYTE,0,1,その他,その他
2025-12-04,GaniTani,CRAYON CHRISTMAS,-,,ETC,GaniTani,0,1,その他,その他
2025-12-04,Head A Games,Farm Simulator 2025,-,,ETC,Head A Games,0,1,その他,その他
2025-12-04,セガ,Football Manager 26 Touch（英語版）,-,YES,ETC,セガ,7127_0m_5097,1,その他,その他
2025-12-04,SOFT SOURCE,GIGASWORD,-,,ETC,SOFT SOURCE,0,1,その他,その他
2025-12-04,Afil Games,Just a Little Purr Suit,-,,ETC,Afil Games,0,1,その他,その他
2025-12-04,Afil Games,Lonely Guardian,-,,ETC,Afil Games,0,1,その他,その他
2025-12-04,Hectiq,Los Pingheros,-,,ETC,Hectiq,0,1,その他,その他
2025-12-04,CCMC,MYRIAD DEATH -ミリアッドデス-,-,,ETC,CCMC,0,1,その他,その他
2025-12-04,CFK,Nightmare: The Lunatic,31,YES,ARPG,CFK,0,1,アクションRPG,その他
2025-12-04,QUByte Interactive,Saborus,-,,ETC,QUByte Interactive,0,1,その他,その他
2025-12-04,Sometimes You,Sacrifice For Sale,-,,ETC,Sometimes You,0,1,その他,その他
2025-12-04,Eclipse Interactive,Santa's Christmas Story 2 The Frozen Gift War,-,,ETC,Eclipse Interactive,0,1,その他,その他
2025-12-04,Simogo（英語版）,Simogo Legacy Collection,-,,ETC,Simogo（英語版）,0,1,その他,その他
2025-12-04,Joindots,Sophia's Animal Clinic - Mission Wildlife Park,-,,ETC,Joindots,0,1,その他,その他
2025-12-04,Neko Machine,Spectator 2 観察者 2,-,,ETC,Neko Machine,0,1,その他,その他
2025-12-04,CGI LAB GAMES,Speed Legacy: Ultimate Drive,-,,ETC,CGI LAB GAMES,0,1,その他,その他
2025-12-04,Trefl S.A,Spot the Cat,-,,ETC,Trefl S.A,0,1,その他,その他
2025-12-04,Pakotime,Sugoi Girls: Victoria Vogue,-,,ETC,Pakotime,0,1,その他,その他
2025-12-04,Great Ave Games,Toy Cowboy Royale: RPG Dragon's Challenge,-,,ETC,Great Ave Games,0,1,その他,その他
2025-12-04,Thunderful,Viewfinder - ビューファインダー（英語版）,-,,ETC,Thunderful,0,1,その他,その他
2025-12-04,MASK,◯◯な人の特徴－直感で選ぶ深層心理ゲーム－,-,,ETC,MASK,0,1,その他,その他
2025-12-04,エイジ,ぶよわんパズル,-,,ETC,エイジ,0,1,その他,その他
2025-12-04,スクウェア・エニックス,オクトパストラベラー0,34,YES,RPG,スクウェア・エニックス,7064_0m_5034,1,RPG,その他
2025-12-04,Astrolabe Games,オールド スクール ラリー,-,,ETC,Astrolabe Games,0,1,その他,その他
2025-12-04,nisisuke,カップルメーカー,-,,ETC,nisisuke,0,1,その他,その他
2025-12-04,ミニマムスタジオ,キャットガールサバイバー,-,,ETC,ミニマムスタジオ,0,1,その他,その他
2025-12-04,FANY,スーパー野田ゲーPARTY & WORLD,-,YES,ETC,FANY,0,1,その他,その他
2025-12-04,Vidas Games,ティモール6: 死体,-,,ETC,Vidas Games,0,1,その他,その他
2025-12-04,GRYPHLINE,ポッピュコム,-,,ETC,GRYPHLINE,0,1,その他,その他
2025-12-04,任天堂,メトロイドプライム4 ビヨンド,32,YES,SHT,任天堂,7001_0m_4972,1,探索型3Dシューティング,その他
2025-12-04,エイジ,ラブリー間違い探し Fantasy Edition,-,,ETC,エイジ,0,1,その他,その他
2025-12-04,Red Fables,桜恋芸妓:心の物語,-,,ETC,Red Fables,0,1,その他,その他
2025-12-04,MASK,犯人は現場に戻る－犯人視点で楽しむタップ式謎解きゲーム－,-,,ETC,MASK,0,1,その他,その他
2025-12-04,ディースリー・パブリッシャー,逃走中 ハンターVS逃走者!キミはどっちで勝利できるか!?,-,YES,ETC,ディースリー・パブリッシャー,7081_0m_5051,1,その他,その他
2025-12-04,14次元,韓国モノレール Panorama Line 華蓋山 編,-,,ETC,14次元,0,1,その他,その他
2025-12-05,ラタライカゲームス,Speed Factor,-,,ETC,ラタライカゲームス,0,1,その他,その他
2025-12-05,Nerd Games,入口8 Entrance 8,-,,ETC,Nerd Games,0,1,その他,その他
2025-12-09,Rokaplay,A Game About Digging A Hole,-,,ETC,Rokaplay,0,1,その他,その他
2025-12-09,XSEED Games,ミラノのアルバイトこれくしょん,-,,ETC,XSEED Games,0,1,その他,その他
2025-12-10,Pixile,Super Animal Royale,-,,ETC,Pixile,0,1,その他,その他
2025-12-10,Clever Endeavour Games,Ultimate Sheep Raccoon,-,,ETC,Clever Endeavour Games,0,1,その他,その他
2025-12-11,Pakotime,Anime Girls: Tokyo Christmas,-,,ETC,Pakotime,0,1,その他,その他
2025-12-11,Big Way,Anime: Fantasy Uni,-,,ETC,Big Way,0,1,その他,その他
2025-12-11,CGI LAB GAMES,Blablublas Battle Royale Shooter,-,,ETC,CGI LAB GAMES,0,1,その他,その他
2025-12-11,COWCAT,"BROK: Natal Tail, A New Christmas Special 名探偵ブロクとクリスマスのしっぽ事件",-,,ETC,COWCAT,0,1,その他,その他
2025-12-11,DormmStudio,Call of Warfare - FPS MODERN SHOOTER,-,,ETC,DormmStudio,0,1,その他,その他
2025-12-11,404 Games,Chernobyl: Escape from Pripyat,-,,ETC,404 Games,0,1,その他,その他
2025-12-11,Reky Studios,Cinnabunny,-,,ETC,Reky Studios,0,1,その他,その他
2025-12-11,RedDeerGames,Cozy Tiny Home,-,,ETC,RedDeerGames,0,1,その他,その他
2025-12-11,Silesia Games,Dungeons and Ducklings,-,,ETC,Silesia Games,0,1,その他,その他
2025-12-11,101XP,FatalZone,-,,ETC,101XP,0,1,その他,その他
2025-12-11,Forever Entertainment,Hero's Hour,-,,ETC,Forever Entertainment,0,1,その他,その他
2025-12-11,Entalto Publishing,Ink Inside,-,,ETC,Entalto Publishing,0,1,その他,その他
2025-12-11,Celery Emblem,Jacob Jazz's タマリンドのおかしなディナー,-,,ETC,Celery Emblem,0,1,その他,その他
2025-12-11,INVECTOR GAME STUDIO,Kick It to Stickman,-,,ETC,INVECTOR GAME STUDIO,0,1,その他,その他
2025-12-11,Draknek,LOK Digital,-,,ETC,Draknek,0,1,その他,その他
2025-12-11,ChubbyPixel,Mai: Child of Ages,-,,ETC,ChubbyPixel,0,1,その他,その他
2025-12-11,Soroka Games,Minesweeper Classic,-,,ETC,Soroka Games,0,1,その他,その他
2025-12-11,eastasiasoft,Montezuma's Revenge - The 40th Anniversary Edition,-,,ETC,eastasiasoft,0,1,その他,その他
2025-12-11,Higgs Games,Moorhuhn Winter Edition,-,,ETC,Higgs Games,0,1,その他,その他
2025-12-11,Afil Games,Pad Quad,-,,ETC,Afil Games,0,1,その他,その他
2025-12-11,Great Escape Games Publishing,Pharmacy Store Simulator,-,,ETC,Great Escape Games Publishing,0,1,その他,その他
2025-12-11,Play Lab,Pursuit,-,,ETC,Play Lab,0,1,その他,その他
2025-12-11,Ocean Media,Teeny Tiny Town,-,,ETC,Ocean Media,0,1,その他,その他
2025-12-11,Afil Games,Toad Slide,-,,ETC,Afil Games,0,1,その他,その他
2025-12-11,Penguin Pop Games,Too Many Santas!,-,,ETC,Penguin Pop Games,0,1,その他,その他
2025-12-11,indie.io,Traveler's Refrain,-,,ETC,indie.io,0,1,その他,その他
2025-12-11,Flynn's Arcade,Unto Deepest Depths アントゥー・ディーペスト・デプスス,-,,ETC,Flynn's Arcade,0,1,その他,その他
2025-12-11,Streamline Media Group,Upin & Ipin Universe ウピンとイピン ユニバース,-,,ETC,Streamline Media Group,0,1,その他,その他
2025-12-11,Burlea Games Studio,Van Life: Home Simulator,-,,ETC,Burlea Games Studio,0,1,その他,その他
2025-12-11,SAT-BOX,すべって!なげて!スノーパーティ,-,,ETC,SAT-BOX,0,1,その他,その他
2025-12-11,isTom Games,アスファルト・チャンピオンズ,-,,ETC,isTom Games,0,1,その他,その他
2025-12-11,Onevision Games,アセンダンスアンバウンド,-,,ETC,Onevision Games,0,1,その他,その他
2025-12-11,MASK,コレの違いは？－あなたの“常識力”が試される4択クイズ－,-,,ETC,MASK,0,1,その他,その他
2025-12-11,EpiXR Games,ザフライングトラベラー ウィンターワンダランド,-,,ETC,EpiXR Games,0,1,その他,その他
2025-12-11,IndieArk,スターズインザトラッシュ,-,,ETC,IndieArk,0,1,その他,その他
2025-12-11,NOSTRA GAMES,セーブザドージニ Save The Doge 2,-,,ETC,NOSTRA GAMES,0,1,その他,その他
2025-12-11,Astrolabe Games,ダンジャングル,-,,ETC,Astrolabe Games,0,1,その他,その他
2025-12-11,イマジニア,ディズニー ミラネス フィットネス,-,YES,ETC,イマジニア,0,1,その他,その他
2025-12-11,U&Iエンターテイメントジャパン,トゥームレイダー IV-VI リマスター,-,YES,ETC,U&Iエンターテイメントジャパン,0,1,その他,その他
2025-12-11,ボルテージ,ネオンクラッシュ -Echoes of the Lost-,-,,ETC,ボルテージ,0,1,その他,その他
2025-12-11,Stumbling Cat,ポーションズ:不思議な物語 / Potions: A Curious Tale,-,,ETC,Stumbling Cat,0,1,その他,その他
2025-12-11,LiTMUS,マモンキング,-,,ETC,LiTMUS,0,1,その他,その他
2025-12-11,HGames-ArtWorks,ライズ・オブ・ラナ,-,,ETC,HGames-ArtWorks,0,1,その他,その他
2025-12-11,MASK,令和ニッポン！ご当地常識○×クイズ－東日本vs西日本！2択でかんたん雑学教養豆知識学習トリビアクイズ－,-,,ETC,MASK,0,1,その他,その他
2025-12-11,IndieArk,唐草カード,-,,ETC,IndieArk,0,1,その他,その他
2025-12-11,TT,大人のための敬語力テスト－その敬語、ほんとに合ってる？大人の日本語実力診断－,-,,ETC,TT,0,1,その他,その他
2025-12-11,Happy Player,少女探偵 - 不老不死の事件,-,,ETC,Happy Player,0,1,その他,その他
2025-12-11,Red Fables,恋愛変身ファーム:美少女育成シミュレーション,-,,ETC,Red Fables,0,1,その他,その他
2025-12-11,Red Fables,恋愛変身ファーム:美少年育成シミュレーション,-,,ETC,Red Fables,0,1,その他,その他
2025-12-11,dramatic create/ヒューネックス,星空鉄道とシロの旅,-,YES,ETC,dramatic create/ヒューネックス,0,1,その他,その他
2025-12-11,MAGES.,激奏!BAND STAR,-,YES,ETC,MAGES.,0,1,その他,その他
2025-12-11,MASK,脳トレ！くるくるわんこパズル－ゲームで癒される！もふもふ回転パズル－,-,,ETC,MASK,0,1,その他,その他
2025-12-11,MASK,脳トレ！そろえてスッキリ頭の体操－知ってるようで知らない！？日常の中のアハ体験 君は、正しく記憶できているかな－,-,,ETC,MASK,0,1,その他,その他
2025-12-11,Error 300 Games,間違い探しの達人:サンタセレクション,-,,ETC,Error 300 Games,0,1,その他,その他
2025-12-11,MASK,雑学王伝説クイズクエスト－知識を集めて最強の賢者をめざせ！－,-,,ETC,MASK,0,1,その他,その他
2025-12-12,GAME NACIONAL,ディノ・ドーン・ドゥーム,-,,ETC,GAME NACIONAL,0,1,その他,その他
2025-12-12,ケムコ,奇天烈相談ダイヤル,-,,ETC,ケムコ,0,1,その他,その他
2025-12-12,Shinyuden,超闘竜列伝 DINO LAND,-,,ETC,Shinyuden,0,1,その他,その他
2025-12-13,メビウス,忍者じゃじゃ丸くん MSX,-,,ETC,メビウス,0,1,その他,その他
2025-12-15,Limited Run Games,トンバ! ザ・ワイルドアドベンチャー SPECIAL EDITION（英語版）,-,,ETC,Limited Run Games,0,1,その他,その他
2025-12-16,アートディンク,ARTDINK GAME LOG:太陽のしっぽ,-,,ETC,アートディンク,0,1,その他,その他
2025-12-16,ユービーアイソフト,ザ・ローグ:プリンス オブ ペルシャ（英語版）,-,,ETC,ユービーアイソフト,0,1,その他,その他
2025-12-18,Gamuzumi,Ahhnalog 112,-,,ETC,Gamuzumi,0,1,その他,その他
2025-12-18,Abylight,Amnesia: Collection,-,,ETC,Abylight,0,1,その他,その他
2025-12-18,Vitalii Kaminskyi,Auto Sport Racing Simulator,-,,ETC,Vitalii Kaminskyi,0,1,その他,その他
2025-12-18,Testagamercreations,Battle Pixel,-,,ETC,Testagamercreations,0,1,その他,その他
2025-12-18,Wombat Brawler,Cast n Chill,-,,ETC,Wombat Brawler,0,1,その他,その他
2025-12-18,TOYURO,CRYZON part2,-,,ETC,TOYURO,0,1,その他,その他
2025-12-18,Panic,despelote（英語版）,-,,ETC,Panic,0,1,その他,その他
2025-12-18,Steel Wool Games（英語版）,Five Nights at Freddy's: Secret of the Mimic,-,,ETC,Steel Wool Games（英語版）,0,1,その他,その他
2025-12-18,Baltoro Minis,Formula Racing Pro 2026 フォーミュラレーシング・プロ2026,-,,ETC,Baltoro Minis,0,1,その他,その他
2025-12-18,Pix Arts,Formula Uno Racing,-,,ETC,Pix Arts,0,1,その他,その他
2025-12-18,PLAYISM,HEART of CROWN - ハートオブクラウン -,-,YES,ETC,PLAYISM,0,1,その他,その他
2025-12-18,Afil Games,Hexa Chippy,-,,ETC,Afil Games,0,1,その他,その他
2025-12-18,404 Games,HORSE STORE SIMULATOR,-,,ETC,404 Games,0,1,その他,その他
2025-12-18,Eclipse Interactive,Hotel Simulator 2026,-,,ETC,Eclipse Interactive,0,1,その他,その他
2025-12-18,Pakotime,Kawaii Girls: Vegas Romance,-,,ETC,Pakotime,0,1,その他,その他
2025-12-18,Baltoro Minis,Little Cozy Home ちょっぴり居心地のいい家,-,,ETC,Baltoro Minis,0,1,その他,その他
2025-12-18,Afil Games,Lucha Align,-,,ETC,Afil Games,0,1,その他,その他
2025-12-18,GlobalGameStudio,Moto Championship 26,-,,ETC,GlobalGameStudio,0,1,その他,その他
2025-12-18,Noodels Games World,OCEAN RAFT SIMULATOR & SURVIVAL,-,,ETC,Noodels Games World,0,1,その他,その他
2025-12-18,Play Games,POLICE BORDER CONTRABAND PATROL SIMULATOR,-,,ETC,Play Games,0,1,その他,その他
2025-12-18,CGI LAB GAMES,Run from BLABLUBLAS Horror,-,,ETC,CGI LAB GAMES,0,1,その他,その他
2025-12-18,LUCKY RACCOON GAMES,SpotCat vs The Cheddar Mafia In The Americas,-,,ETC,LUCKY RACCOON GAMES,0,1,その他,その他
2025-12-18,Downmeadowstreet,Sun Meadow,-,,ETC,Downmeadowstreet,0,1,その他,その他
2025-12-18,Zero Games Studios,Super World War,-,,ETC,Zero Games Studios,0,1,その他,その他
2025-12-18,Silesia Games,Teeny Tiny Trains,-,,ETC,Silesia Games,0,1,その他,その他
2025-12-18,Reef Entertainment,Terminator 2D: NO FATE,-,,ETC,Reef Entertainment,0,1,その他,その他
2025-12-18,Pix Arts,Top Gun Global War,-,,ETC,Pix Arts,0,1,その他,その他
2025-12-18,SOURCE BYTE,What is Older?,-,,ETC,SOURCE BYTE,0,1,その他,その他
2025-12-18,RuWaMo Games,X-MAS Bubble Mania バブルマニア,-,,ETC,RuWaMo Games,0,1,その他,その他
2025-12-18,MASK,これホント？お城マルバツ検定－2択でかんたん！お城クイズ＆トリビア－,-,,ETC,MASK,0,1,その他,その他
2025-12-18,MASK,アイテム謎トレ－ひらめき脳トレ！謎解きIQパズル－,-,,ETC,MASK,0,1,その他,その他
2025-12-18,●,アケアカNEOGEO セレクション Vol.10,-,,ETC,●,7135_0m_5105,1,その他,その他
2025-12-18,SNK,アケアカNEOGEO セレクション Vol.9,-,YES,ETC,SNK,7134_0m_5104,1,その他,その他
2025-12-18,賈船,ウィングスオブエンドレス,-,,ETC,賈船,0,1,その他,その他
2025-12-18,アイディアファクトリー,オランピアソワレ Catharsis,32,YES,ADV,アイディアファクトリー,0,1,女性向け恋愛ADV,その他
2025-12-18,トローゼ,クレイジースターズ リズムパーティー,-,,ETC,トローゼ,0,1,その他,その他
2025-12-18,Skybound Games（英語版）,グッドナイト・ユニバース（英語版）,-,,ETC,Skybound Games（英語版）,0,1,その他,その他
2025-12-18,ケムコ,ケムコRPGセレクション Vol.12,-,YES,ETC,ケムコ,0,1,その他,その他
2025-12-18,Max Interactive Studio,ゲームショップタイクーン,-,,ETC,Max Interactive Studio,0,1,その他,その他
2025-12-18,Kluge Interactive,シンセライダーズ（英語版）,-,,ETC,Kluge Interactive,0,1,その他,その他
2025-12-18,Aladdin X,スイカゲーム ぷらねっと,-,,ETC,Aladdin X,0,1,その他,その他
2025-12-18,HUNTERS,スーパーアルティメットファイターズX,-,,ETC,HUNTERS,0,1,その他,その他
2025-12-18,Max Interactive Studio,スーパーマーケット・タイクーン,-,,ETC,Max Interactive Studio,0,1,その他,その他
2025-12-18,EpiXR Games,ディーモンスパイアー,-,,ETC,EpiXR Games,0,1,その他,その他
2025-12-18,ピクセル,バウンティシスターズ,-,YES,ETC,ピクセル,0,1,その他,その他
2025-12-18,スティング,バロック屋,-,YES,ETC,スティング,0,1,その他,その他
2025-12-18,CCMC,ホロライブごろごろマウンテンDX,-,,ETC,CCMC,0,1,その他,その他
2025-12-18,Pikii,マインド オーバー マグネット,-,,ETC,Pikii,0,1,その他,その他
2025-12-18,SmileForeverStudio,ルミナスストーリア,-,,ETC,SmileForeverStudio,0,1,その他,その他
2025-12-18,Wataru Nakano,ワクチンケース,-,,ETC,Wataru Nakano,0,1,その他,その他
2025-12-18,iMel,初恋マスターアップ,-,,ETC,iMel,0,1,その他,その他
2025-12-18,MASK,心理データ解析！キミの心をスキャンせよ－データが語る、キミのもう一つの性格－,-,,ETC,MASK,0,1,その他,その他
2025-12-18,タイトー,悠久幻想曲リバイバル,-,YES,ETC,タイトー,0,1,その他,その他
2025-12-18,EP Games,砦の町 (Oppidum),-,,ETC,EP Games,0,1,その他,その他
2025-12-18,AlignmentSharp,脱出ゲーム R00M08,-,,ETC,AlignmentSharp,0,1,その他,その他
2025-12-18,Error 300 Games,謎解きの達人:タングラムの達人,-,,ETC,Error 300 Games,0,1,その他,その他
2025-12-18,Wise Games,贈与神家と嘘,-,,ETC,Wise Games,0,1,その他,その他
2025-12-18,Phoenixx,陰キャラブコメ インシツマシマシ,-,YES,ETC,Phoenixx,0,1,その他,その他
2025-12-19,ラタライカゲームス,Big Trouble in Little Chimney,-,,ETC,ラタライカゲームス,0,1,その他,その他
2025-12-19,GAME NACIONAL,ZenWash,-,,ETC,GAME NACIONAL,0,1,その他,その他
2025-12-19,SAT-BOX,バレずに夜ふかし2,-,,ETC,SAT-BOX,0,1,その他,その他
2025-12-23,グッドスマイルカンパニー,KANADE,-,,ETC,グッドスマイルカンパニー,0,1,その他,その他
2025-12-25,Tuesday Quest,A Planet of Mine MasterMine Edition,-,,ETC,Tuesday Quest,0,1,その他,その他
2025-12-25,Asylum Square Interactive,Animal Run,-,,ETC,Asylum Square Interactive,0,1,その他,その他
2025-12-25,SOFT SOURCE,Cabernet,-,,ETC,SOFT SOURCE,0,1,その他,その他
2025-12-25,Baltoro Minis,CHESS UP! Checkmate with Friends チェスをしよう！友達と一緒にチェックメイト,-,,ETC,Baltoro Minis,0,1,その他,その他
2025-12-25,Baltoro Minis,Club Sports Collection クラブスポーツコレクション,-,,ETC,Baltoro Minis,0,1,その他,その他
2025-12-25,404 Games,Crowded Mysteries 2: Winter Romance,-,,ETC,404 Games,0,1,その他,その他
2025-12-25,GAME NACIONAL,Dice People,-,,ETC,GAME NACIONAL,0,1,その他,その他
2025-12-25,ニトロプラス,DRAMAtical Murder re:code,-,,ETC,ニトロプラス,0,1,その他,その他
2025-12-25,MORAHAN Studio Games,Firefighting Rescue Simulator,-,,ETC,MORAHAN Studio Games,0,1,その他,その他
2025-12-25,Baltoro Minis,Football Legends 2025 フットボール・レジェンド2025,-,,ETC,Baltoro Minis,0,1,その他,その他
2025-12-25,Dinomore Games,Geo IQ World Master,-,,ETC,Dinomore Games,0,1,その他,その他
2025-12-25,Baltoro Games,Grumpy Driver 不機嫌なドライバー,-,,ETC,Baltoro Games,0,1,その他,その他
2025-12-25,Great Ave Games,Hidden Cats on Christmas,-,,ETC,Great Ave Games,0,1,その他,その他
2025-12-25,Great Escape Games Publishing,JDM Pixel Street Car Racing,-,,ETC,Great Escape Games Publishing,0,1,その他,その他
2025-12-25,Pakotime,Kawaii Girls: Dashing Devil,-,,ETC,Pakotime,0,1,その他,その他
2025-12-25,Baltoro Minis,Mahjong Masters Club 麻雀マスターズクラブ,-,,ETC,Baltoro Minis,0,1,その他,その他
2025-12-25,RioverseGames,Mom Life Simulator,-,,ETC,RioverseGames,0,1,その他,その他
2025-12-25,Pix Arts,Nitro Karts Racing,-,,ETC,Pix Arts,0,1,その他,その他
2025-12-25,Baltoro Minis,Nitrous Fury ニトラス・フューリー,-,,ETC,Baltoro Minis,0,1,その他,その他
2025-12-25,Asylum Square Interactive,Parcel Push,-,,ETC,Asylum Square Interactive,0,1,その他,その他
2025-12-25,IndieGamesStarter,Primal Fray,-,,ETC,IndieGamesStarter,0,1,その他,その他
2025-12-25,Lykke Studios,puffies.,-,,ETC,Lykke Studios,0,1,その他,その他
2025-12-25,Great Escape Games Publishing,Ram Simulator,-,,ETC,Great Escape Games Publishing,0,1,その他,その他
2025-12-25,Seeking Blue Records,Sheepy: A Short Adventure,-,,ETC,Seeking Blue Records,0,1,その他,その他
2025-12-25,RedDeerGames,Softly Placed,-,,ETC,RedDeerGames,0,1,その他,その他
2025-12-25,Baltoro Minis,Sudoku Masters Club 数独マスターズクラブ,-,,ETC,Baltoro Minis,0,1,その他,その他
2025-12-25,Vitalii Kaminskyi,TRALALERO TRALALA ELEPHANT RUNNER,-,,ETC,Vitalii Kaminskyi,0,1,その他,その他
2025-12-25,Play Games,ULTIMATE BATTLE SIMULATOR,-,,ETC,Play Games,0,1,その他,その他
2025-12-25,RedDeerGames,Unholy Adventure: Mystery,-,,ETC,RedDeerGames,0,1,その他,その他
2025-12-25,Revulo Games,Xmas Survivors,-,,ETC,Revulo Games,0,1,その他,その他
2025-12-25,Eclipse Interactive,Zombie Gorge: Survival Defense,-,,ETC,Eclipse Interactive,0,1,その他,その他
2025-12-25,ファイン,おやおや?大家さん!,-,,ETC,ファイン,0,1,その他,その他
2025-12-25,TT,くるくるパズル世界遺産－まわしてひらめく！世界遺産脳トレ－,-,,ETC,TT,0,1,その他,その他
2025-12-25,SAT-BOX,すごろくお正月パーティ,-,,ETC,SAT-BOX,0,1,その他,その他
2025-12-25,moesoft,ねこみみ日和 〜君と過ごす365日〜,-,,ETC,moesoft,0,1,その他,その他
2025-12-25,MASK,ほしのクイズ エアライン2択の宇宙－2択でかんたん！ほしと宇宙のクイズ旅－,-,,ETC,MASK,0,1,その他,その他
2025-12-25,ソニックパワード,ぼくは航空管制官 エアポートヒーロー セントレア ALLSTARS,-,YES,ETC,ソニックパワード,0,1,その他,その他
2025-12-25,Storytaco（英語版）,まさか!下宿生が美女ですって? (Five Hearts Under One Roof),-,,ETC,Storytaco（英語版）,0,1,その他,その他
2025-12-25,MavoroshiApps,まじかるまじっくワールド,-,,ETC,MavoroshiApps,0,1,その他,その他
2025-12-25,MASK,ゆるゆるアート常識クイズ－知識がなくても楽しめる！見て選ぶだけの4択クイズ－,-,,ETC,MASK,0,1,その他,その他
2025-12-25,メビウス,アパシー 鳴神学園霊怪記〜旧校舎の怪異〜,-,,ETC,メビウス,0,1,その他,その他
2025-12-25,アレス,アマカノ2,-,YES,ETC,アレス,0,1,その他,その他
2025-12-25,Baltoro Minis,アルフォンスのゲームコレクション,-,,ETC,Baltoro Minis,0,1,その他,その他
2025-12-25,エディア,アーネスト・エバンスCOLLECTION,-,YES,ETC,エディア,0,1,その他,その他
2025-12-25,Kistler Studios,オブジェクト・ファクトリー,-,,ETC,Kistler Studios,0,1,その他,その他
2025-12-25,kido,ガンナーちゃん!,-,,ETC,kido,0,1,その他,その他
2025-12-25,エンターグラム,キスリム,-,YES,ETC,エンターグラム,0,1,その他,その他
2025-12-25,賈船,クリスマスミューティレーター,-,,ETC,賈船,0,1,その他,その他
2025-12-25,KOSEI YASUDA,トレインプラス2 快速vs新快速,-,,ETC,KOSEI YASUDA,0,1,その他,その他
2025-12-25,EP Games,ニャンニャン倉庫パズル,-,,ETC,EP Games,0,1,その他,その他
2025-12-25,FORZA GAMES,バトル フォース,-,,ETC,FORZA GAMES,0,1,その他,その他
2025-12-25,ピンクル,プリッとプリズナー,-,,ETC,ピンクル,0,1,その他,その他
2025-12-25,Upscale Studio,ヘビーデューティ,-,,ETC,Upscale Studio,0,1,その他,その他
2025-12-25,CCMC,ホロ魂 〜撮れ高王グランプリ〜,-,,ETC,CCMC,0,1,その他,その他
2025-12-25,MASK,マグロはどこにいった？－家族でワイワイ！かくれたマグロをみつけよう！－,-,,ETC,MASK,0,1,その他,その他
2025-12-25,MIZUBLUE GAMES,マロンロマン,-,,ETC,MIZUBLUE GAMES,0,1,その他,その他
2025-12-25,エイジ,メイドガールズ,-,,ETC,エイジ,0,1,その他,その他
2025-12-25,MASK,乙女ゲーあるある－絶対に見たことがある共感MAXイラスト謎解きクイズ－,-,,ETC,MASK,0,1,その他,その他
2025-12-25,MIZUBLUE GAMES,創世のエデン,-,,ETC,MIZUBLUE GAMES,0,1,その他,その他
2025-12-25,MASK,大人のための常識力テスト 作法編－大人なら常識。知っているつもりの礼儀作法、本当に正しい？－,-,,ETC,MASK,0,1,その他,その他
2025-12-25,MASK,大人検定 知っているとスマート 漢字編－読めたら一目置かれる！あなたの漢字力チェック－,-,,ETC,MASK,0,1,その他,その他
2025-12-25,MASK,小学生のうちに覚えたい世界遺産－遊んで学べる幼児向け世界教養雑学クイズ－,-,,ETC,MASK,0,1,その他,その他
2025-12-25,レジスタ,思い出の美術館からの脱出,-,,ETC,レジスタ,0,1,その他,その他
2025-12-25,メディアスケープ,新年3秒前,-,,ETC,メディアスケープ,0,1,その他,その他
2025-12-25,TT,首都脳トレクイズ－テストにも役立つ世界の首都学習ゲーム－,-,,ETC,TT,0,1,その他,その他
2025-12-26,Nerd Games,Astra GalaxyX,-,,ETC,Nerd Games,0,1,その他,その他
2025-12-26,GAME NACIONAL,モンスターズ・インカード Monsters in Cards,-,,ETC,GAME NACIONAL,0,1,その他,その他
2025-12-26,LiTMUS,恐怖の森 REMAKE,-,,ETC,LiTMUS,0,1,その他,その他
2025-12-26,GAME NACIONAL,液体ネコ,-,,ETC,GAME NACIONAL,0,1,その他,その他
2026-01-08,GAME NACIONAL,1st Homizio,-,,ETC,GAME NACIONAL,0,1,その他,その他
2026-01-08,RedDeer.Games,Adventure Reborn,-,,ETC,RedDeer.Games,0,1,その他,その他
2026-01-08,Pakotime,Anime Girls: Snappy Days,-,,ETC,Pakotime,0,1,その他,その他
2026-01-08,Baltoro Minis,Billiard & Snooker Fever: 2 in 1 Bundle ビリヤード&スヌーカー・フィーバー2つセット,-,,ETC,Baltoro Minis,0,1,その他,その他
2026-01-08,David Amado Fernández,Black Blood,-,,ETC,David Amado Fernández,0,1,その他,その他
2026-01-08,Head A Games,Construction Sim: City and Road Builder,-,,ETC,Head A Games,0,1,その他,その他
2026-01-08,GaniTani,CRAYON ANIMAL,-,,ETC,GaniTani,0,1,その他,その他
2026-01-08,Soroka Games,Drop Pop,-,,ETC,Soroka Games,0,1,その他,その他
2026-01-08,講談社,FAIRY TAIL ダンジョンズ,-,,ETC,講談社,0,1,その他,その他
2026-01-08,Oddi Tycoon,Gray War Conflict,-,,ETC,Oddi Tycoon,0,1,その他,その他
2026-01-08,eastasiasoft,Gridz Keeper,-,,ETC,eastasiasoft,0,1,その他,その他
2026-01-08,Silesia Games,Hidden Cats in Istanbul,-,,ETC,Silesia Games,0,1,その他,その他
2026-01-08,Rock It Games,Jaleco Sports: Bases Loaded,-,,ETC,Rock It Games,0,1,その他,その他
2026-01-08,不明,Jaleco Sports: Goal!,-,,ETC,不明,0,1,その他,その他
2026-01-08,GazeGames Interactive,MEGAMONK,-,,ETC,GazeGames Interactive,0,1,その他,その他
2026-01-08,NOSTRA GAMES,Pin Strike 2,-,,ETC,NOSTRA GAMES,0,1,その他,その他
2026-01-08,GAME NACIONAL,Prison Runaway - Alcatraz,-,,ETC,GAME NACIONAL,0,1,その他,その他
2026-01-08,RedDeer.Games,Simpli Casa,-,,ETC,RedDeer.Games,0,1,その他,その他
2026-01-08,RedDeer.Games,SnapCat: Mia's Cozy Adventure,-,,ETC,RedDeer.Games,0,1,その他,その他
2026-01-08,Play Games,Storm Chasing Sim 2025 - Tornado Hunter,-,,ETC,Play Games,0,1,その他,その他
2026-01-08,不明,Sugoi Girls: Pretty Party,-,,ETC,不明,0,1,その他,その他
2026-01-08,Wegenbartho,The Murder Hotel,-,,ETC,Wegenbartho,0,1,その他,その他
2026-01-08,Webnetic,Tile Jong,-,,ETC,Webnetic,0,1,その他,その他
2026-01-08,RedDeer.Games,Wander Scoop,-,,ETC,RedDeer.Games,0,1,その他,その他
2026-01-08,カエルパンダ,くるくる回そう!方向幕コレクション for Nintendo Switch JR東日本編〜昭和／平成の中央線・山手線〜 鉄道方向幕シミュレーター,-,,ETC,カエルパンダ,0,1,その他,その他
2026-01-08,Red Fables,インキュバスハート:悪魔恋愛ストーリー,-,,ETC,Red Fables,0,1,その他,その他
2026-01-08,EpiXR Games,オーレンアンドザスピリッツオブザパースト,-,,ETC,EpiXR Games,0,1,その他,その他
2026-01-08,不明,サキュバスハート:悪魔恋愛ストーリー,-,,ETC,不明,0,1,その他,その他
2026-01-08,EpiXR Games,ザンバーマーブルキャンディーラッシュ,-,,ETC,EpiXR Games,0,1,その他,その他
2026-01-08,GAME NACIONAL,ニンジャキャット,-,,ETC,GAME NACIONAL,0,1,その他,その他
2026-01-08,SAT-BOX,作って!串カツ,-,,ETC,SAT-BOX,0,1,その他,その他
2026-01-08,HERO GAME,勇気の推理 海苔10 始まりの終わり,-,,ETC,HERO GAME,0,1,その他,その他
2026-01-09,Nerd Games,ASTRORUN,-,,ETC,Nerd Games,0,1,その他,その他
2026-01-09,Joey Drew Studios,Bendy and the Ink Machine,-,,ETC,Joey Drew Studios,0,1,その他,その他
2026-01-09,tinyBuild Games（英語版）,I Am Future: Cozy Apocalypse Survival,-,,ETC,tinyBuild Games（英語版）,0,1,その他,その他
2026-01-09,ラタライカゲームス,Jelly & Toast,-,,ETC,ラタライカゲームス,0,1,その他,その他
2026-01-09,ケムコ,ヒーローシーカーズ,-,,ETC,ケムコ,0,1,その他,その他
2026-01-12,Luckshot Games,Big Hops,-,,ETC,Luckshot Games,0,1,その他,その他
2026-01-15,Pakotime,Anime Girls: Cheerful Cosplay,-,,ETC,Pakotime,0,1,その他,その他
2026-01-15,Fun Games Studio,Book Shop Simulator,-,,ETC,Fun Games Studio,0,1,その他,その他
2026-01-15,Afil Games,Bunninjutsu,-,,ETC,Afil Games,0,1,その他,その他
2026-01-15,IndieGamesStarter,Caput Mortum,-,,ETC,IndieGamesStarter,0,1,その他,その他
2026-01-15,ワンダーランドカザキリForever Entertainment,CASSETTE BOY,-,,ETC,ワンダーランドカザキリForever Entertainment,7303_0m_5274,1,その他,その他
2026-01-15,GAMETOTOP.CC,Critical Strike Modern - SWAT Shooter Ops,-,,ETC,GAMETOTOP.CC,0,1,その他,その他
2026-01-15,eastasiasoft,Direction Quad,-,,ETC,eastasiasoft,0,1,その他,その他
2026-01-15,Joindots,Dreamscapes: Nightmare's Heir,-,,ETC,Joindots,0,1,その他,その他
2026-01-15,Ocean Media,Druids: Battle of Magic,-,,ETC,Ocean Media,0,1,その他,その他
2026-01-15,Big Way,EmyLiveShow: Demons and Mistresses Tale,-,,ETC,Big Way,0,1,その他,その他
2026-01-15,GlobalGameStudio,Find Difference,-,,ETC,GlobalGameStudio,0,1,その他,その他
2026-01-15,NiuGamer,"God bless, or Goddess",-,,ETC,NiuGamer,0,1,その他,その他
2026-01-15,Entity3,High Cars 3,-,,ETC,Entity3,0,1,その他,その他
2026-01-15,Dinomore Games,Last Battalion Defense,-,,ETC,Dinomore Games,0,1,その他,その他
2026-01-15,Pixel Lantern,Moo & Move: Extra Grazing Grounds,-,,ETC,Pixel Lantern,0,1,その他,その他
2026-01-15,RedDeer.Games,My Little Haven,-,,ETC,RedDeer.Games,0,1,その他,その他
2026-01-15,Gametry,Nightfall Village,-,,ETC,Gametry,0,1,その他,その他
2026-01-15,Burgeq Media Games,Only Up - Parkour Game,-,,ETC,Burgeq Media Games,0,1,その他,その他
2026-01-15,SimDevs,Pawsky,-,,ETC,SimDevs,0,1,その他,その他
2026-01-15,FarSight Studios,PBA Tour プロボウリング 2026,-,,ETC,FarSight Studios,0,1,その他,その他
2026-01-15,Ocean Media,ReSetna,-,,ETC,Ocean Media,0,1,その他,その他
2026-01-15,Eathrabaria,Shake Cubes,-,,ETC,Eathrabaria,0,1,その他,その他
2026-01-15,Head A Games,Sheriff Park Ranger,-,,ETC,Head A Games,0,1,その他,その他
2026-01-15,Crunching Koalas,The Gap,-,,ETC,Crunching Koalas,0,1,その他,その他
2026-01-15,SUCCESS GAMES,Waterpark Simulator 25,-,,ETC,SUCCESS GAMES,0,1,その他,その他
2026-01-15,SOFT SOURCE,ケジョーラー,-,,ETC,SOFT SOURCE,0,1,その他,その他
2026-01-15,5 Lives Studios,コージーキャラバン,-,,ETC,5 Lives Studios,0,1,その他,その他
2026-01-15,Upscale Studio,ストリート・コンバット・ファイティング,-,,ETC,Upscale Studio,0,1,その他,その他
2026-01-15,EpiXR Games,ミスト,-,,ETC,EpiXR Games,0,1,その他,その他
2026-01-15,NOSTRA GAMES,モーテルビジネスシミュレーター Motel Business Simulator,-,,ETC,NOSTRA GAMES,0,1,その他,その他
2026-01-15,MASK,大人のための常識力テスト ことわざ編－その解釈、恥をかくかも。ことわざの本当の意味を答えられる？－,-,,ETC,MASK,0,1,その他,その他
2026-01-15,小学館,小学館マンガアプリ コロコロコミック 2026,-,,ETC,小学館,0,1,その他,その他
2026-01-15,BD Games,迷い猫のソウルかけら,-,,ETC,BD Games,0,1,その他,その他
2026-01-15,14次元,韓国ドローン飛行ツアー完州郡,-,,ETC,14次元,0,1,その他,その他
2026-01-16,ラタライカゲームス,Milo's Dream,-,,ETC,ラタライカゲームス,0,1,その他,その他
2026-01-21,Focus Entertainment（英語版）,MIO: Memories in Orbit（英語版）,-,,ETC,Focus Entertainment（英語版）,0,1,その他,その他
2026-01-22,MASK,4択心理テスト！－選ぶだけで分かる性格診断－,-,,ETC,MASK,0,1,その他,その他
2026-01-22,FIVE-BN STUDIO,Artifact Seekers,-,,ETC,FIVE-BN STUDIO,0,1,その他,その他
2026-01-22,Bitzooma,Black Border 2,-,,ETC,Bitzooma,0,1,その他,その他
2026-01-22,Silesia Games,Cats Around Us: Giant Cat,-,,ETC,Silesia Games,0,1,その他,その他
2026-01-22,Burgeq Media Games,City Bus Simulator,-,,ETC,Burgeq Media Games,0,1,その他,その他
2026-01-22,Downmeadowstreet,Clover Cove,-,,ETC,Downmeadowstreet,0,1,その他,その他
2026-01-22,Tashlik,Contraband Patrol Simulator,-,,ETC,Tashlik,0,1,その他,その他
2026-01-22,RedDeer.Games,Cute Finders,-,,ETC,RedDeer.Games,0,1,その他,その他
2026-01-22,Axyos Games,EBOLA VILLAGE,-,,ETC,Axyos Games,0,1,その他,その他
2026-01-22,HypeTrain Digital,Escape from Ever After,-,,ETC,HypeTrain Digital,0,1,その他,その他
2026-01-22,Weakfish Studio,Gas Ratio,-,,ETC,Weakfish Studio,0,1,その他,その他
2026-01-22,eastasiasoft,Hextreme Void,-,,ETC,eastasiasoft,0,1,その他,その他
2026-01-22,Pixel Lantern,Ho Ho & Move,-,,ETC,Pixel Lantern,0,1,その他,その他
2026-01-22,Vitalii Kaminskyi,Legacy of Shnaus - Horror Room Escape,-,,ETC,Vitalii Kaminskyi,0,1,その他,その他
2026-01-22,GazeGames Interactive,Night Strike Resistance: WW2,-,,ETC,GazeGames Interactive,0,1,その他,その他
2026-01-22,不明,Orwell: Ignorance is Strength,-,,ETC,不明,0,1,その他,その他
2026-01-22,Daedalic Entertainment（英語版）,Orwell: Keeping an Eye On You（英語版）,-,,ETC,Daedalic Entertainment（英語版）,0,1,その他,その他
2026-01-22,Penguin Pop Games,Salamander County Public Television,-,,ETC,Penguin Pop Games,0,1,その他,その他
2026-01-22,MORAHAN Studio Games,SHIP SIMULATOR OCEAN FISHING,-,,ETC,MORAHAN Studio Games,0,1,その他,その他
2026-01-22,Afil Games,The Cute Whale,-,,ETC,Afil Games,0,1,その他,その他
2026-01-22,Flat Cat Games,The Lab - Escape Room,-,,ETC,Flat Cat Games,0,1,その他,その他
2026-01-22,Pdpartid@games,THE LAST TRAIN: Baquedano,-,,ETC,Pdpartid@games,0,1,その他,その他
2026-01-22,ブロッコリー,UN:LOGICAL,-,YES,ETC,ブロッコリー,7165_0m_5135,1,その他,その他
2026-01-22,Lu Ming trading as Shane Game,Wash Cleaner Simulator,-,,ETC,Lu Ming trading as Shane Game,0,1,その他,その他
2026-01-22,TT,"あなたの""裏の顔""診断－見たくない自分、暴きます－",-,,ETC,TT,0,1,その他,その他
2026-01-22,サイバーステップ,ちなみほりっく -Chinami Holic-,-,,ETC,サイバーステップ,0,1,その他,その他
2026-01-22,MASK,にゃんにゃんにゃんにゃんにゃん－にゃんにゃーんにゃん？にゃーん！－,-,,ETC,MASK,0,1,その他,その他
2026-01-22,Happy Player,コウヤタクハイビン,-,,ETC,Happy Player,0,1,その他,その他
2026-01-22,EpiXR Games,ザンバーザドラゴンズマーブルトライアル,-,,ETC,EpiXR Games,0,1,その他,その他
2026-01-22,Upscale Studio,スキンウォーカー,-,,ETC,Upscale Studio,0,1,その他,その他
2026-01-22,エディア,テレネットふくぶくろ,-,YES,ETC,エディア,0,1,その他,その他
2026-01-22,NOSTRA GAMES,トゥーハンズホスピタルアシスタントシミュレーター Two Hands Hospital Assistant Simulator,-,,ETC,NOSTRA GAMES,0,1,その他,その他
2026-01-22,Flightyfelon Games,フリーライド,-,,ETC,Flightyfelon Games,0,1,その他,その他
2026-01-22,EpiXR Games,ホラーテールリマスター,-,,ETC,EpiXR Games,0,1,その他,その他
2026-01-22,Entity3,ロングラン2,-,,ETC,Entity3,0,1,その他,その他
2026-01-22,MASK,和室ミステリー－謎解き推理事件サスペンスゲーム－,-,,ETC,MASK,0,1,その他,その他
2026-01-22,MASK,大人のための常識力テスト 略語編－社会人の必修。略語の意味、理解した気になってない？－,-,,ETC,MASK,0,1,その他,その他
2026-01-22,Phoenixx,妖々剣戟夢想,-,,ETC,Phoenixx,0,1,その他,その他
2026-01-22,AGE Zero,猫の訪問コージータウン: Cats Visiting Cozy Town,-,,ETC,AGE Zero,0,1,その他,その他
2026-01-22,MASK,真実の出口！40の名画クイズ－見抜けるか、本物のまなざしで－,-,,ETC,MASK,0,1,その他,その他
2026-01-22,MASK,超絶偏見心理テスト－本当のあなたは、あなたが一番知らない。－,-,,ETC,MASK,0,1,その他,その他
2026-01-22,BD Games,魔法書アウトチェス,-,,ETC,BD Games,0,1,その他,その他
2026-01-23,hook.gg,Gradiently 2 勾配2,-,,ETC,hook.gg,0,1,その他,その他
2026-01-23,Headup Games（英語版）,Look Mum No Computer,-,,ETC,Headup Games（英語版）,0,1,その他,その他
2026-01-23,ラタライカゲームス,Tropicalia,-,,ETC,ラタライカゲームス,0,1,その他,その他
2026-01-29,Wild Rooster,Astro Party EX,-,,ETC,Wild Rooster,0,1,その他,その他
2026-01-29,Dos Estrellas,Countless Army,-,,ETC,Dos Estrellas,0,1,その他,その他
2026-01-29,Wild Sphere,Crosak,-,,ETC,Wild Sphere,0,1,その他,その他
2026-01-29,Eclipse Interactive,Crystal Vale: Dino Escape,-,,ETC,Eclipse Interactive,0,1,その他,その他
2026-01-29,TOYURO,CRYZON part3,-,,ETC,TOYURO,0,1,その他,その他
2026-01-29,AdHoc Studio（英語版）,Dispatch（英語版）,-,,ETC,AdHoc Studio（英語版）,0,1,その他,その他
2026-01-29,Burgeq Media Games,"Diver, Catch & Cook Simulator",-,,ETC,Burgeq Media Games,0,1,その他,その他
2026-01-29,17Studio,Double Trouble: Sexy Academy,-,,ETC,17Studio,0,1,その他,その他
2026-01-29,ブシロード,DUSK INDEX: GION,-,YES,ETC,ブシロード,0,1,その他,その他
2026-01-29,dramatic create/ヒューネックス,DYNAMIC CHORD feat.apple-polisher Remaster edition,31,YES,ADV,dramatic create/ヒューネックス,0,1,甘く激しく魂震えるバンド恋愛ADV,その他
2026-01-29,indie.io,Everwarder,-,,ETC,indie.io,0,1,その他,その他
2026-01-29,CONSANN REAL ESTATE[注釈 6],FALL BUDDIES,-,,ETC,CONSANN REAL ESTATE[注釈 6],0,1,その他,その他
2026-01-29,アイディアファクトリー,Glass Heart Princess for Nintendo Switch,-,YES,ETC,アイディアファクトリー,0,1,その他,その他
2026-01-29,Afil Games,Habitat Shapes,-,,ETC,Afil Games,0,1,その他,その他
2026-01-29,eastasiasoft,Heroes Battle Awakening,-,,ETC,eastasiasoft,0,1,その他,その他
2026-01-29,GlobalGameStudio,Highway Traffic Pro,-,,ETC,GlobalGameStudio,0,1,その他,その他
2026-01-29,GreenWookland Games,Hole Digging Beach Simulator,-,,ETC,GreenWookland Games,0,1,その他,その他
2026-01-29,Downmeadowstreet,Jigsaw Realms: Nature,-,,ETC,Downmeadowstreet,0,1,その他,その他
2026-01-29,Eathrabaria,Knight Castle Defender,-,,ETC,Eathrabaria,0,1,その他,その他
2026-01-29,Mameshiba Games,Majotori,-,,ETC,Mameshiba Games,0,1,その他,その他
2026-01-29,Pix Arts,Offroad Rally Racing,-,,ETC,Pix Arts,0,1,その他,その他
2026-01-29,Afil Games,Quick Whiskers,-,,ETC,Afil Games,0,1,その他,その他
2026-01-29,TT,THE突破－頭を使って危機的状況を回避せよ!－,-,,ETC,TT,0,1,その他,その他
2026-01-29,Pakotime,Yabai Girls: Ballet Beauty,-,,ETC,Pakotime,0,1,その他,その他
2026-01-29,MASK,おねんね脱出－アイテムを選んで危機を回避しろ！ひらめき脱出クイズ－,-,,ETC,MASK,0,1,その他,その他
2026-01-29,エンターグラム,お家で甘える社会人彼女の恋愛模様,-,YES,ETC,エンターグラム,0,1,その他,その他
2026-01-29,エイジ,どじにゃんパズル,-,,ETC,エイジ,0,1,その他,その他
2026-01-29,Feardemic,アイヘイト・ディス・プレイス,-,,ETC,Feardemic,0,1,その他,その他
2026-01-29,賈船,アンバーアラート Director's cut,-,,ETC,賈船,0,1,その他,その他
2026-01-29,BD Games,カードの迷宮,-,,ETC,BD Games,0,1,その他,その他
2026-01-29,TT,クセ凄ナゾトキ脱出ゲーム－直感でハメる!脳トレ絵合わせパズル－,-,,ETC,TT,0,1,その他,その他
2026-01-29,PLAYISM,クロノアーク デラックスエディション,-,YES,ETC,PLAYISM,0,1,その他,その他
2026-01-29,EpiXR Games,セレスティアルアセンド,-,,ETC,EpiXR Games,0,1,その他,その他
2026-01-29,イザナギゲームズ,ダークオークション,-,YES,ETC,イザナギゲームズ,0,1,その他,その他
2026-01-29,スティング,ドカポン3・2・1 スーパーコレクション!,-,YES,ETC,スティング,0,1,その他,その他
2026-01-29,EpiXR Games,バトルパズルクィーンズオブザアビス,-,,ETC,EpiXR Games,0,1,その他,その他
2026-01-29,3goo,パーフェクト・ペンシル,-,,ETC,3goo,0,1,その他,その他
2026-01-29,ORANGE POPCORN,メイド・オブ・サルヴェイション,-,,ETC,ORANGE POPCORN,0,1,その他,その他
2026-01-29,フォギミ,ライトリリウム,-,,ETC,フォギミ,0,1,その他,その他
2026-01-29,Seashell Studio,ランニング・フェイブル・プチパーティ,-,,ETC,Seashell Studio,0,1,その他,その他
2026-01-29,コーエーテクモゲームス,三國志8 REMAKE with パワーアップキット,33,YES,SLG,コーエーテクモゲームス,7225_0m_5195,1,歴史シミュレーション,その他
2026-01-29,moesoft,冬、君が静かに咲く,-,,ETC,moesoft,0,1,その他,その他
2026-01-29,日本一ソフトウェア,凶乱マカイズム,-,YES,ETC,日本一ソフトウェア,7166_0m_5138,1,その他,その他
2026-01-29,ローズヴェルト,埋められたふたりの人形 Remastered,-,,ETC,ローズヴェルト,0,1,その他,その他
2026-01-29,MASK,幸せの四つ葉さがし－見つけたら幸せゲット！四つ葉発見アドベンチャー－,-,,ETC,MASK,0,1,その他,その他
2026-01-29,フロンティアワークス,恋愛0キロメートル,-,,ETC,フロンティアワークス,0,1,その他,その他
2026-01-29,MASK,漫画のオキテ－イラストタップで真相解明－,-,,ETC,MASK,0,1,その他,その他
2026-01-29,Red Fables,獣人プライドパラダイス:恋愛&ファン,-,,ETC,Red Fables,0,1,その他,その他
2026-01-29,不明,獣人美少女パラダイス:恋愛&ファン,-,,ETC,不明,0,1,その他,その他
2026-01-29,AlignmentSharp,脱出ゲーム R00M09,-,,ETC,AlignmentSharp,0,1,その他,その他
2026-01-29,エディア,虧月の夜,-,YES,ETC,エディア,0,1,その他,その他
2026-01-30,GAME NACIONAL,Cowboys,-,,ETC,GAME NACIONAL,0,1,その他,その他
2026-01-30,Shinyuden,モルタデロとフィレモン 〜原子硫酸塩事件〜,-,,ETC,Shinyuden,0,1,その他,その他
2026-02-05,3goo,4PGP,-,,ETC,3goo,0,1,その他,その他
2026-02-05,DubassGames,Anime Mother Life Simulator,-,,ETC,DubassGames,0,1,その他,その他
2026-02-05,CGI LAB GAMES,Backrooms: Duck Escape,-,,ETC,CGI LAB GAMES,0,1,その他,その他
2026-02-05,Afil Games,Cute Bonfire,-,,ETC,Afil Games,0,1,その他,その他
2026-02-05,Brain Seal Entertainment,Dark Quest: Remastered,-,,ETC,Brain Seal Entertainment,0,1,その他,その他
2026-02-05,Afil Games,Delivery of Us,-,,ETC,Afil Games,0,1,その他,その他
2026-02-05,17Studio,Double Trouble: Sexy Adventure,-,,ETC,17Studio,0,1,その他,その他
2026-02-05,Eclipse Interactive,Drone Delivery Express: City Simulator,-,,ETC,Eclipse Interactive,0,1,その他,その他
2026-02-05,RedDeer.Games,DunHero,-,,ETC,RedDeer.Games,0,1,その他,その他
2026-02-05,BurleaGamesStudio,Exorcist: Horror Simulator,-,,ETC,BurleaGamesStudio,0,1,その他,その他
2026-02-05,Witenovastudio,Frogging Up,-,,ETC,Witenovastudio,0,1,その他,その他
2026-02-05,Silesia Games,Hidden Cats in Christmas,-,,ETC,Silesia Games,0,1,その他,その他
2026-02-05,Downmeadowstreet,Jigsaw Realms: Villages,-,,ETC,Downmeadowstreet,0,1,その他,その他
2026-02-05,Penguin Pop Games,Jimmy and the Pulsating Mass,-,,ETC,Penguin Pop Games,0,1,その他,その他
2026-02-05,DubassGames,Junkyard Builder Simulator,-,,ETC,DubassGames,0,1,その他,その他
2026-02-05,Daniel Linssen,Leap Year,-,,ETC,Daniel Linssen,0,1,その他,その他
2026-02-05,Victory Road,Leo ang Tig,-,,ETC,Victory Road,0,1,その他,その他
2026-02-05,Soroka Games,Lines 98 Classic,-,,ETC,Soroka Games,0,1,その他,その他
2026-02-05,COMMANDO PANDA,Little Strays 2,-,,ETC,COMMANDO PANDA,0,1,その他,その他
2026-02-05,DANGEN Entertainment,Lovish,-,,ETC,DANGEN Entertainment,0,1,その他,その他
2026-02-05,Noxfall Studios,Nordic Ashes: The Complete Saga,-,,ETC,Noxfall Studios,0,1,その他,その他
2026-02-05,Lu Ming trading as Shane Game,Parkour Simulator 2026,-,,ETC,Lu Ming trading as Shane Game,0,1,その他,その他
2026-02-05,Nerd Games,Petmagotchi,-,,ETC,Nerd Games,0,1,その他,その他
2026-02-05,Play Lab,Rocket Time Trials: Galactic Highway,-,,ETC,Play Lab,0,1,その他,その他
2026-02-05,CGI LAB GAMES,Run from Duck,-,,ETC,CGI LAB GAMES,0,1,その他,その他
2026-02-05,Webnetic,Screw Master,-,,ETC,Webnetic,0,1,その他,その他
2026-02-05,Pakotime,Sugoi Girls: Dental Darling,-,,ETC,Pakotime,0,1,その他,その他
2026-02-05,AM Factory,Super Star Shooter Classic,-,,ETC,AM Factory,0,1,その他,その他
2026-02-05,McPeppergames,Super Sticker Studio - Creative Sticker Book Game for Kids,-,,ETC,McPeppergames,0,1,その他,その他
2026-02-05,Drageus Games,Tardy ターディー,-,,ETC,Drageus Games,0,1,その他,その他
2026-02-05,eastasiasoft,Tiny Biomes,-,,ETC,eastasiasoft,0,1,その他,その他
2026-02-05,PlayForFun[注釈 7],USA ARMY SOLDIER SIMULATOR,-,,ETC,PlayForFun[注釈 7],0,1,その他,その他
2026-02-05,MASK,これってポテト?－皮むけば、本性。－,-,,ETC,MASK,0,1,その他,その他
2026-02-05,プロトタイプ,カルタグラ,-,YES,ETC,プロトタイプ,0,1,その他,その他
2026-02-05,RedoApps,クラウドベリーキングダム（英語版）,-,,ETC,RedoApps,0,1,その他,その他
2026-02-05,Red Fables,シュガーダディ・クラッシュ:秘密のホテル,-,,ETC,Red Fables,0,1,その他,その他
2026-02-05,Entity3,スマッシュアウトツー,-,,ETC,Entity3,0,1,その他,その他
2026-02-05,EpiXR Games,ソーラー - ウィンズオブザジャングル,-,,ETC,EpiXR Games,0,1,その他,その他
2026-02-05,だいだい,トラディショナル・ブレイブス with SESS-AI 2.0,-,,ETC,だいだい,0,1,その他,その他
2026-02-05,スクウェア・エニックス,ドラゴンクエストVII Reimagined,36,YES,RPG,スクウェア・エニックス,6947_0m_4918,1,RPG,その他
2026-02-05,Upscale Studio,ノムノムアポカリプス,-,,ETC,Upscale Studio,0,1,その他,その他
2026-02-05,NOSTRA GAMES,ピンストライクスリー Pin Strike 3,-,,ETC,NOSTRA GAMES,0,1,その他,その他
2026-02-05,不明,大人向け恋愛:年上美女ホテル,-,,ETC,不明,0,1,その他,その他
2026-02-05,Error300 Games,宇宙輸送ビジネスリーダー,-,,ETC,Error300 Games,0,1,その他,その他
2026-02-05,Sekai Games,猫忍えくすはーと,-,,ETC,Sekai Games,0,1,その他,その他
2026-02-05,Error300 Games,間違い探しの達人:ケーキセレクション,-,,ETC,Error300 Games,0,1,その他,その他
2026-02-05,BD Games,魔法のルーン石,-,,ETC,BD Games,0,1,その他,その他
2026-02-06,Limited Run Games,Snow Bros Collection,-,,ETC,Limited Run Games,0,1,その他,その他
2026-02-06,コナミデジタルエンタテインメント,スーパーボンバーマン コレクション,-,YES,ETC,コナミデジタルエンタテインメント,0,1,その他,その他
2026-02-06,ケムコ,ドラゴンスピラ 〜すごろく勇者と六神柱〜,-,,ETC,ケムコ,0,1,その他,その他
2026-02-12,Afil Games,（Dis）Assemble,-,,ETC,Afil Games,0,1,その他,その他
2026-02-12,7th Beat Games,A Dance of Fire and Ice,-,,ETC,7th Beat Games,0,1,その他,その他
2026-02-12,CONSANN REAL ESTATE,Bartender Simulator 2026,-,,ETC,CONSANN REAL ESTATE,0,1,その他,その他
2026-02-12,91ActAstrolabe Games,BLAZBLUE ENTROPY EFFECT X,32,YES,ACT,91ActAstrolabe Games,0,1,ローグライトアクション,その他
2026-02-12,SAT-BOX,BLOCLASH,-,,ETC,SAT-BOX,0,1,その他,その他
2026-02-12,Brainium Games,Calyssa,-,,ETC,Brainium Games,0,1,その他,その他
2026-02-12,QUByte Interactive,Centipede Gun,-,,ETC,QUByte Interactive,0,1,その他,その他
2026-02-12,Penguin Pop Games,Cronostase Electric Collection,-,,ETC,Penguin Pop Games,0,1,その他,その他
2026-02-12,アークシステムワークス,"Dear me, I was...",-,,ETC,アークシステムワークス,0,1,その他,その他
2026-02-12,Fun Games Studio,Digging Adventure Simulator 2025,-,,ETC,Fun Games Studio,0,1,その他,その他
2026-02-12,Downmeadowstreet,Evergreen Meadow,-,,ETC,Downmeadowstreet,0,1,その他,その他
2026-02-12,Downmeadowstreet,Frostholm Isle,-,,ETC,Downmeadowstreet,0,1,その他,その他
2026-02-12,Penguin Pop Games,Graveyard Girls,-,,ETC,Penguin Pop Games,0,1,その他,その他
2026-02-12,Perpetual Europe,Greyhill Incident Re-probed Edition（英語版）,-,,ETC,Perpetual Europe,0,1,その他,その他
2026-02-12,Downmeadowstreet,Jigsaw Realms: Seasons,-,,ETC,Downmeadowstreet,0,1,その他,その他
2026-02-12,Soroka Games,"Jump, Mouse, Jump!",-,,ETC,Soroka Games,0,1,その他,その他
2026-02-12,Playtonic Friends（英語版）,Lil Gator Game: Gator of the Year Edition（英語版）,-,,ETC,Playtonic Friends（英語版）,0,1,その他,その他
2026-02-12,あまた,Manny's,-,,ETC,あまた,0,1,その他,その他
2026-02-12,STG SOFTWARE SRL[注釈 8],READY OR DIE,-,,ETC,STG SOFTWARE SRL[注釈 8],0,1,その他,その他
2026-02-12,Downmeadowstreet,Sakura Peak,-,,ETC,Downmeadowstreet,0,1,その他,その他
2026-02-12,Sabec,Soccer,-,,ETC,Sabec,0,1,その他,その他
2026-02-12,Play Games,STREAMER SIMULATOR 2026,-,,ETC,Play Games,0,1,その他,その他
2026-02-12,Penguin Pop Games,The Mermaid of Zennor,-,,ETC,Penguin Pop Games,0,1,その他,その他
2026-02-12,Penguin Pop Games,The Pizza Delivery Boy Who Saved the World,-,,ETC,Penguin Pop Games,0,1,その他,その他
2026-02-12,GlobalGameStudio,ULTIMATE BATTLE KINGDOM,-,,ETC,GlobalGameStudio,0,1,その他,その他
2026-02-12,Gametry,Word Quest Space,-,,ETC,Gametry,0,1,その他,その他
2026-02-12,Pakotime,Yabai Girls: Valentine Babe,-,,ETC,Pakotime,0,1,その他,その他
2026-02-12,EpiXR Games,ザンバーザクレージーマーブルディメンション,-,,ETC,EpiXR Games,0,1,その他,その他
2026-02-12,MASK,ナゾトキ名探偵－イラストタップで真相解明－,-,,ETC,MASK,0,1,その他,その他
2026-02-12,HUNTERS,ハンターズ ミュージックワールド,-,,ETC,HUNTERS,0,1,その他,その他
2026-02-12,TuanisApps,バブルバトル,-,,ETC,TuanisApps,0,1,その他,その他
2026-02-12,qureate,ファンタジスタ明日翔,-,,ETC,qureate,0,1,その他,その他
2026-02-12,TT,ミステリーハンター名探偵との共闘－ひらめきで解く！ナゾトキ×推理 脳トレミステリー－,-,,ETC,TT,0,1,その他,その他
2026-02-12,Red Fables,ヴァンパイア恋愛:デート・オア・ダイ (Vampire Boys Love Story: Date or Die),-,,ETC,Red Fables,0,1,その他,その他
2026-02-12,不明,ヴァンパイア恋愛:デート・オア・ダイ (Vampire Girls Love Story: Date or Die),-,,ETC,不明,0,1,その他,その他
2026-02-12,Upscale Studio,怒れる猫,-,,ETC,Upscale Studio,0,1,その他,その他
2026-02-12,TT,脳トレ!文字色クイズ 〜文字色の不一致を見つける脳トレクイズ〜,-,,ETC,TT,0,1,その他,その他
2026-02-12,TT,違和感さがし!変な画像 〜何かおかしい画像から違和感を見つけて！〜,-,,ETC,TT,0,1,その他,その他
2026-02-12,14次元,韓国モノレール Panorama Line 所伊山 編,-,,ETC,14次元,0,1,その他,その他
2026-02-13,ラタライカゲームス,Backrooms: Poolrooms,-,,ETC,ラタライカゲームス,0,1,その他,その他
2026-02-13,Limited Run Games,JAWS: Retro Edition,-,,ETC,Limited Run Games,0,1,その他,その他
2026-02-14,ユービーアイソフト,レイマン 30周年エディション,-,,ETC,ユービーアイソフト,0,1,その他,その他
2026-02-17,任天堂,バーチャルボーイ Nintendo Classics,-,,ETC,任天堂,0,1,その他,その他
2026-02-19,Gametry,Arcane Paws,-,,ETC,Gametry,0,1,その他,その他
2026-02-19,Firenut,Backrooms Level X,-,,ETC,Firenut,0,1,その他,その他
2026-02-19,Armor Games Studios（英語版）,Baladins,-,,ETC,Armor Games Studios（英語版）,0,1,その他,その他
2026-02-19,404 Games,Barista Life Simulator 2026,-,,ETC,404 Games,0,1,その他,その他
2026-02-19,TERARIN GAMES,Blaze of Storm,-,,ETC,TERARIN GAMES,0,1,その他,その他
2026-02-19,Soroka Games,Bubble Shot,-,,ETC,Soroka Games,0,1,その他,その他
2026-02-19,エム・ビー・エーインターナショナル,Bug!Ban!Break!,-,,ETC,エム・ビー・エーインターナショナル,0,1,その他,その他
2026-02-19,メビウス,BURAI 完結編 MSX2版,-,,ETC,メビウス,0,1,その他,その他
2026-02-19,Webnetic,Bus Stop Shuffle,-,,ETC,Webnetic,0,1,その他,その他
2026-02-19,17Studio,Call of Beauty,-,,ETC,17Studio,0,1,その他,その他
2026-02-19,Brainium Games,Carrot Smash,-,,ETC,Brainium Games,0,1,その他,その他
2026-02-19,Andrei Ivashentsev,Colorizing: Sunshine,-,,ETC,Andrei Ivashentsev,0,1,その他,その他
2026-02-19,Afil Games,Cute Astro,-,,ETC,Afil Games,0,1,その他,その他
2026-02-19,11 bit studios,Death Howl（英語版）,-,,ETC,11 bit studios,0,1,その他,その他
2026-02-19,Play Games,Dinosaur Survival Simulator - Prehistoric RPG,-,,ETC,Play Games,0,1,その他,その他
2026-02-19,Penguin Pop Games,Egglien,-,,ETC,Penguin Pop Games,0,1,その他,その他
2026-02-19,Downmeadowstreet,Escape Prison Obby: Getaway,-,,ETC,Downmeadowstreet,0,1,その他,その他
2026-02-19,Downmeadowstreet,Frost Vale,-,,ETC,Downmeadowstreet,0,1,その他,その他
2026-02-19,Afil Games,Hummingbird Garden,-,,ETC,Afil Games,0,1,その他,その他
2026-02-19,Downmeadowstreet,Jigsaw Realms: Lost Isles,-,,ETC,Downmeadowstreet,0,1,その他,その他
2026-02-19,RedDeer.Games,Lost In Space - The First Adventure,-,,ETC,RedDeer.Games,0,1,その他,その他
2026-02-19,Gametry,Mini Golf Quest,-,,ETC,Gametry,0,1,その他,その他
2026-02-19,Penguin Pop Games,Nowhere Girl,-,,ETC,Penguin Pop Games,0,1,その他,その他
2026-02-19,Silver Lining,Outpath,-,,ETC,Silver Lining,0,1,その他,その他
2026-02-19,Sanuk,Revolgear Zero,-,,ETC,Sanuk,0,1,その他,その他
2026-02-19,Lucky Last Studio,Skate Bums,-,,ETC,Lucky Last Studio,0,1,その他,その他
2026-02-19,Penguin Pop Games,Starlight Shores,-,,ETC,Penguin Pop Games,0,1,その他,その他
2026-02-19,Penguin Pop Games,Taco Tom 2,-,,ETC,Penguin Pop Games,0,1,その他,その他
2026-02-19,Afil Games,Temari Trials: Dojo's Test,-,,ETC,Afil Games,0,1,その他,その他
2026-02-19,Flat Cat Games,The Island - Escape Room,-,,ETC,Flat Cat Games,0,1,その他,その他
2026-02-19,Top Hat Studios,Under the Island 〜ニアと不思議な歯車〜,-,,ETC,Top Hat Studios,0,1,その他,その他
2026-02-19,オーイズミ・アミュージオ,シャンティ,-,,ETC,オーイズミ・アミュージオ,0,1,その他,その他
2026-02-19,Grumpyface Studios,シーフロッグ,-,,ETC,Grumpyface Studios,0,1,その他,その他
2026-02-19,NOSTRA GAMES,ダンクトリックスターツー Dunk Trickster 2,-,,ETC,NOSTRA GAMES,0,1,その他,その他
2026-02-19,Red Fables,ダークタロット カードゲーム:アルカナ マッドキング,-,,ETC,Red Fables,0,1,その他,その他
2026-02-19,不明,ダークタロット カードゲーム:アルカナクイーン,-,,ETC,不明,0,1,その他,その他
2026-02-19,スクウェア・エニックス,パラノマサイト FILE38 伊勢人魚物語,-,,ETC,スクウェア・エニックス,0,1,その他,その他
2026-02-19,Fáyer,パンシートマージ,-,,ETC,Fáyer,0,1,その他,その他
2026-02-19,Entity3,ヒューマンボウリングキングピン,-,,ETC,Entity3,0,1,その他,その他
2026-02-19,EpiXR Games,ホラーテールトゥーリマスター,-,,ETC,EpiXR Games,0,1,その他,その他
2026-02-19,FORZA GAMES,モダンアタック,-,,ETC,FORZA GAMES,0,1,その他,その他
2026-02-19,メディアスケープ,現風少女 フタリ一夜に騒がして,-,,ETC,メディアスケープ,0,1,その他,その他
2026-02-20,ラタライカゲームス,Stillborn Slayer,-,,ETC,ラタライカゲームス,0,1,その他,その他
2026-02-23,Tobafeu Studio,Royal Vermin,-,,ETC,Tobafeu Studio,0,1,その他,その他
2026-02-26,indie.io,Afterplace,-,,ETC,indie.io,0,1,その他,その他
2026-02-26,Pakotime,Anime Girls: Shanghai Romance,-,,ETC,Pakotime,0,1,その他,その他
2026-02-26,Fun Games Studio,Bad Cat Angry Granny,-,,ETC,Fun Games Studio,0,1,その他,その他
2026-02-26,Kanuni Games,Balls vs. Tombs,-,,ETC,Kanuni Games,0,1,その他,その他
2026-02-26,Afil Games,Capy Spa,-,,ETC,Afil Games,0,1,その他,その他
2026-02-26,Eathrabaria,Climb Driver,-,,ETC,Eathrabaria,0,1,その他,その他
2026-02-26,PlayForFun,Fishing Pro Simulator,-,,ETC,PlayForFun,0,1,その他,その他
2026-02-26,Soroka Games,Frog in the Fog,-,,ETC,Soroka Games,0,1,その他,その他
2026-02-26,Raptor Claw,FUR Squadron Phoenix,-,,ETC,Raptor Claw,0,1,その他,その他
2026-02-26,Downmeadowstreet,Glowfall Vale,-,,ETC,Downmeadowstreet,0,1,その他,その他
2026-02-26,Mameshiba Games,Golfing Over It with Alva Majo,-,,ETC,Mameshiba Games,0,1,その他,その他
2026-02-26,わくわくゲームズ,HauntedManager,-,,ETC,わくわくゲームズ,0,1,その他,その他
2026-02-26,DANGEN Entertainment,Hunt the Night,-,,ETC,DANGEN Entertainment,0,1,その他,その他
2026-02-26,Downmeadowstreet,Jigsaw Realms: Oasis,-,,ETC,Downmeadowstreet,0,1,その他,その他
2026-02-26,ボルテージ,Love and Legends,-,,ETC,ボルテージ,0,1,その他,その他
2026-02-26,Afil Games,Magic Sheep,-,,ETC,Afil Games,0,1,その他,その他
2026-02-26,Afil Games,Meowgic Mix,-,,ETC,Afil Games,0,1,その他,その他
2026-02-26,Andrei Ivashentsev,Picronix 2,-,,ETC,Andrei Ivashentsev,0,1,その他,その他
2026-02-26,Eathrabaria,Pocket Archery Master,-,,ETC,Eathrabaria,0,1,その他,その他
2026-02-26,eastasiasoft,Pogui,-,,ETC,eastasiasoft,0,1,その他,その他
2026-02-26,Tensori,POOLS（英語版）,-,,ETC,Tensori,0,1,その他,その他
2026-02-26,モス,RAIDEN FIGHTERS REMIX COLLECTION,-,YES,ETC,モス,7034_0m_5005,1,その他,その他
2026-02-26,indie.io,Sands of Aura,-,,ETC,indie.io,0,1,その他,その他
2026-02-26,RedDeer.Games,Soapy Tales,-,,ETC,RedDeer.Games,0,1,その他,その他
2026-02-26,Tower Studios,Sociable Soccer Champions,-,,ETC,Tower Studios,0,1,その他,その他
2026-02-26,GlobalGameStudio,Stunt Car Extreme Simulator,-,,ETC,GlobalGameStudio,0,1,その他,その他
2026-02-26,Fun Games Studio,Survive Disasters Apocalypse,-,,ETC,Fun Games Studio,0,1,その他,その他
2026-02-26,Atari,The Disney Afternoon Collection（英語版）,-,,ETC,Atari,0,1,その他,その他
2026-02-26,Cyber Monkey Studios,Trials Of Randoom,-,,ETC,Cyber Monkey Studios,0,1,その他,その他
2026-02-26,Gametry,Word Quest Fantasy,-,,ETC,Gametry,0,1,その他,その他
2026-02-26,SAT-BOX,ほのぼの釣り物語,-,,ETC,SAT-BOX,0,1,その他,その他
2026-02-26,EpiXR Games,エモジバトルフィールドアイランドウォーフェア,-,,ETC,EpiXR Games,0,1,その他,その他
2026-02-26,賈船,キャンディレンジャー,-,,ETC,賈船,0,1,その他,その他
2026-02-26,サンソフト,シティーハンター,-,YES,ETC,サンソフト,7229_0m_5199,1,その他,その他
2026-02-26,エンターグラム,スイッチ恋愛!,-,YES,ETC,エンターグラム,0,1,その他,その他
2026-02-26,賈船,スピードデート,-,,ETC,賈船,0,1,その他,その他
2026-02-26,バンダイナムコエンターテインメント,テイルズ オブ ベルセリア リマスター,35,YES,RPG,バンダイナムコエンターテインメント,7041_0m_5011,1,君が君らしく生きるためのRPG,その他
2026-02-26,EpiXR Games,トライアルズオブオリンパス,-,,ETC,EpiXR Games,0,1,その他,その他
2026-02-26,不明,ナゾスギラボ 上級編,-,,ETC,不明,0,1,その他,その他
2026-02-26,不明,ナゾスギラボ 中級編,-,,ETC,不明,0,1,その他,その他
2026-02-26,インテンス,ナゾスギラボ 初級編,-,,ETC,インテンス,0,1,その他,その他
2026-02-26,SmileForeverStudio,ニモスフィア,-,,ETC,SmileForeverStudio,0,1,その他,その他
2026-02-26,サイバーステップ,パト猫クエストII 珍猫はつれえよなあ,-,,ETC,サイバーステップ,0,1,その他,その他
2026-02-26,Flawberry Studio,プロジェクテッド・ドリーム,-,,ETC,Flawberry Studio,0,1,その他,その他
2026-02-26,Nejcraft,レイサラ:サミットキングダム / Laysara: Summit Kingdom,-,,ETC,Nejcraft,0,1,その他,その他
2026-02-26,Upscale Studio,ローダーズ社,-,,ETC,Upscale Studio,0,1,その他,その他
2026-02-26,シリアルゲームズ,ローリングマッチョ: Tumbling to Earth,-,,ETC,シリアルゲームズ,0,1,その他,その他
2026-02-26,システムソフト・ベータ,大戦略SSB2,-,YES,ETC,システムソフト・ベータ,7186_0m_5156,1,その他,その他
2026-02-26,Super Rare Games（英語版）,手提げ菜園,-,,ETC,Super Rare Games（英語版）,0,1,その他,その他
2026-02-26,AlignmentSharp,脱出ゲーム R00M10,-,,ETC,AlignmentSharp,0,1,その他,その他
2026-02-26,moesoft,莉奈様☆無双〜天選の僕と狂乱の日々〜,-,,ETC,moesoft,0,1,その他,その他
2026-02-26,PLAYISM,電気街の喫茶店,-,YES,ETC,PLAYISM,0,1,その他,その他
2026-02-27,ラタライカゲームス,Soulshard,-,,ETC,ラタライカゲームス,0,1,その他,その他
2026-02-27,ポケモン,ポケットモンスター ファイアレッド,-,,ETC,ポケモン,0,1,その他,その他
2026-02-27,不明,ポケットモンスター リーフグリーン,-,,ETC,不明,0,1,その他,その他
2026-03-04,Seaven Studio,Minishoot' Adventures,-,,ETC,Seaven Studio,0,1,その他,その他
2026-03-04,あまた,Öoo,-,,ETC,あまた,0,1,その他,その他
2026-03-04,ジー・モード,にほんの田舎ぐらし,-,,ETC,ジー・モード,0,1,その他,その他
2026-03-05,Webnetic,Archerio,-,,ETC,Webnetic,0,1,その他,その他
2026-03-05,eastasiasoft,Avenue Escape,-,,ETC,eastasiasoft,0,1,その他,その他
2026-03-05,クラウディッドレパードエンタテインメント,Back to the Dawn 〜ブレイク・ザ・アニマル・プリズン〜,-,YES,ETC,クラウディッドレパードエンタテインメント,0,1,その他,その他
2026-03-05,Afil Games,Beetle Shock,-,,ETC,Afil Games,0,1,その他,その他
2026-03-05,CRAFTS&MEISTER,BLOKES on BLOCKS!,-,,ETC,CRAFTS&MEISTER,0,1,その他,その他
2026-03-05,BoggySoft,Counter Force,-,,ETC,BoggySoft,0,1,その他,その他
2026-03-05,TOYURO,CRYZON part4,-,,ETC,TOYURO,0,1,その他,その他
2026-03-05,404 Games,Dark Fall: Ghost Vigil,-,,ETC,404 Games,0,1,その他,その他
2026-03-05,Brainium Games,Deep Combat,-,,ETC,Brainium Games,0,1,その他,その他
2026-03-05,BurleaGamesStudio,Dig to Escape - Obby,-,,ETC,BurleaGamesStudio,0,1,その他,その他
2026-03-05,GazeGames Interactive,Fairywood Survivors,-,,ETC,GazeGames Interactive,0,1,その他,その他
2026-03-05,Head A Games,Firefighters Simulator 2026,-,,ETC,Head A Games,0,1,その他,その他
2026-03-05,GreenWookland Games,Frost Survival - Winter,-,,ETC,GreenWookland Games,0,1,その他,その他
2026-03-05,GOGAME CONSOLE PUBLISHER,"Island Survival 2026: Craft, Build, Grow",-,,ETC,GOGAME CONSOLE PUBLISHER,0,1,その他,その他
2026-03-05,Downmeadowstreet,Jigsaw Puzzle Passport: Spain,-,,ETC,Downmeadowstreet,0,1,その他,その他
2026-03-05,Thunderful（英語版）,Lanaの惑星 II（英語版）,-,,ETC,Thunderful（英語版）,0,1,その他,その他
2026-03-05,Afil Games,Lantern Push,-,,ETC,Afil Games,0,1,その他,その他
2026-03-05,FIVE-BN STUDIO,Legendary Tales V: 力の代償,-,,ETC,FIVE-BN STUDIO,0,1,その他,その他
2026-03-05,Downmeadowstreet,Magic Realm Obby,-,,ETC,Downmeadowstreet,0,1,その他,その他
2026-03-05,Afil Games,Mole Cart Mining,-,,ETC,Afil Games,0,1,その他,その他
2026-03-05,ポケットペア,Never Grave: The Witch and The Curse,-,,ETC,ポケットペア,0,1,その他,その他
2026-03-05,Sindria World,Parcel Mania,-,,ETC,Sindria World,0,1,その他,その他
2026-03-05,XenoXeno,Pirate Simulator - Corsair Skull & Sails,-,,ETC,XenoXeno,0,1,その他,その他
2026-03-05,Play Lab,PLATFORM 0,-,,ETC,Play Lab,0,1,その他,その他
2026-03-05,Gametry,Pocket Drift Rally,-,,ETC,Gametry,0,1,その他,その他
2026-03-05,Panic（英語版）,Ratcheteer DX,-,,ETC,Panic（英語版）,0,1,その他,その他
2026-03-05,Gametry,Robo Rangers,-,,ETC,Gametry,0,1,その他,その他
2026-03-05,GlobalGameStudio,SCAVENGER HUNT Find Hidden Objects,-,,ETC,GlobalGameStudio,0,1,その他,その他
2026-03-05,Tribute Games（英語版）,Scott Pilgrim EX,-,,ETC,Tribute Games（英語版）,0,1,その他,その他
2026-03-05,Penguin Pop Games,Shooty McSpaceFace,-,,ETC,Penguin Pop Games,0,1,その他,その他
2026-03-05,System 3 Software（英語版）,The Last Ninja Collection + Bonus Games,-,,ETC,System 3 Software（英語版）,0,1,その他,その他
2026-03-05,Soroka Games,Twins or Tens,-,,ETC,Soroka Games,0,1,その他,その他
2026-03-05,GAME NACIONAL,VIking Farm,-,,ETC,GAME NACIONAL,0,1,その他,その他
2026-03-05,GazeGames Interactive,VoidFront: Galactic Warfare,-,,ETC,GazeGames Interactive,0,1,その他,その他
2026-03-05,Gametry,Voxel Panic,-,,ETC,Gametry,0,1,その他,その他
2026-03-05,BurleaGamesStudio,Waterpark Simulator 2025,-,,ETC,BurleaGamesStudio,0,1,その他,その他
2026-03-05,CGI LAB GAMES,Who is Here?,-,,ETC,CGI LAB GAMES,0,1,その他,その他
2026-03-05,CUDIT,Why Me?,-,,ETC,CUDIT,0,1,その他,その他
2026-03-05,Eathrabaria,Zawisza The Black,-,,ETC,Eathrabaria,0,1,その他,その他
2026-03-05,TT,お名前なんだったっけ？－子供から大人まで家族で楽しめる名前当てクイズ－,-,,ETC,TT,0,1,その他,その他
2026-03-05,インビリティー,ぴよライド!,-,,ETC,インビリティー,0,1,その他,その他
2026-03-05,TT,アロムとリーズのナゾトキトレーニング－ナゾトキ魔女と脳トレ脳活ひらめき発見謎解きクイズ－,-,,ETC,TT,0,1,その他,その他
2026-03-05,EpiXR Games,エアリー - ザキングズメセンジャー,-,,ETC,EpiXR Games,0,1,その他,その他
2026-03-05,エイジ,エルフガールズ,-,,ETC,エイジ,0,1,その他,その他
2026-03-05,TT,クイズ！あなたの学力、小学生より上？－解けなきゃ恥ずかしい一般常識クイズ－,-,,ETC,TT,0,1,その他,その他
2026-03-05,GaniTani,クレヨンちび恐竜,-,,ETC,GaniTani,0,1,その他,その他
2026-03-05,Gamersky Games,グリードランド,-,,ETC,Gamersky Games,0,1,その他,その他
2026-03-05,Armor Games Studios,スシキャット・タワーディフェンス,-,,ETC,Armor Games Studios,0,1,その他,その他
2026-03-05,Entity3,スピンパスツー,-,,ETC,Entity3,0,1,その他,その他
2026-03-05,エイジ,ポリスガールズ,-,,ETC,エイジ,0,1,その他,その他
2026-03-05,Gravity,ポロロ大運動会,-,,ETC,Gravity,0,1,その他,その他
2026-03-05,TT,名探偵の未解決事件－解決率99%の憂鬱－,-,,ETC,TT,0,1,その他,その他
2026-03-05,Happy Player,崩れる密室,-,,ETC,Happy Player,0,1,その他,その他
2026-03-05,MASK,意味怖写真展－写真に隠された恐怖の真実－,-,,ETC,MASK,0,1,その他,その他
2026-03-05,HERO GAME,理詰めの理津2 失われた記憶,-,,ETC,HERO GAME,0,1,その他,その他
2026-03-05,MASK,精神年齢診断－4つの質問でわかる、あなたの深層心理－,-,,ETC,MASK,0,1,その他,その他
2026-03-05,TT,純愛それともストーカー？－愛と狂気の境界線は、どこにある？－,-,,ETC,TT,0,1,その他,その他
2026-03-06,ケムコ,フォルトナの魔術師,-,,ETC,ケムコ,0,1,その他,その他
2026-03-07,QubicGames,カップヒーロー,-,,ETC,QubicGames,0,1,その他,その他
2026-03-12,eastasiasoft,1 CatLine,-,,ETC,eastasiasoft,0,1,その他,その他
2026-03-12,TT,100人の美女とデート－全員口説くまで、帰れません!?－,-,,ETC,TT,0,1,その他,その他
2026-03-12,Play Lab,BOMBARDINO CROCODILO vs TUNG TUNG SAHUR,-,,ETC,Play Lab,0,1,その他,その他
2026-03-12,Pix Arts,Carom Billiards,-,,ETC,Pix Arts,0,1,その他,その他
2026-03-12,Downmeadowstreet,Castle Tycoon Simulator,-,,ETC,Downmeadowstreet,0,1,その他,その他
2026-03-12,VoodooDuck,Collector's Cove,-,,ETC,VoodooDuck,0,1,その他,その他
2026-03-12,Afil Games,Collie Call: The Future Is Calling,-,,ETC,Afil Games,0,1,その他,その他
2026-03-12,Halva Studio,Cooking Cat-Astrophe クッキング・キャットアストロフィー,-,,ETC,Halva Studio,0,1,その他,その他
2026-03-12,Evc Studio,Deathground Simulator,-,,ETC,Evc Studio,0,1,その他,その他
2026-03-12,Elushis,DecaDungeons,-,,ETC,Elushis,0,1,その他,その他
2026-03-12,Afil Games,Do You Really Know?,-,,ETC,Afil Games,0,1,その他,その他
2026-03-12,Axyos Games,Don't Mess With Bober,-,,ETC,Axyos Games,0,1,その他,その他
2026-03-12,Outright Games（英語版）Phoenixx,DreamWorks ギャビーのドールハウス:パーティーへようこそ,-,YES,ETC,Outright Games（英語版）Phoenixx,0,1,その他,その他
2026-03-12,GlobalGameStudio,Farming Supermarket Simulator,-,,ETC,GlobalGameStudio,0,1,その他,その他
2026-03-12,SOFT SOURCE,Fetch Quest Remastered,-,,ETC,SOFT SOURCE,0,1,その他,その他
2026-03-12,SOFT SOURCE,Fetch Re;Quest,-,,ETC,SOFT SOURCE,0,1,その他,その他
2026-03-12,Silesia Games,Hidden Cats in Spooky Village,-,,ETC,Silesia Games,0,1,その他,その他
2026-03-12,Pix Arts,Highway Roads Racer,-,,ETC,Pix Arts,0,1,その他,その他
2026-03-12,GlobalGameStudio,Minigolf Family Party,-,,ETC,GlobalGameStudio,0,1,その他,その他
2026-03-12,Soroka Games,Mr. Stackman,-,,ETC,Soroka Games,0,1,その他,その他
2026-03-12,Pdpartid@games,Parkour Labs,-,,ETC,Pdpartid@games,0,1,その他,その他
2026-03-12,GAME NACIONAL,Penguin,-,,ETC,GAME NACIONAL,0,1,その他,その他
2026-03-12,VRCFORGE STUDIOS,Police Chase Simulator: Highway Racers Pursuit,-,,ETC,VRCFORGE STUDIOS,0,1,その他,その他
2026-03-12,CGI LAB GAMES,Prison Run,-,,ETC,CGI LAB GAMES,0,1,その他,その他
2026-03-12,Evc Studio,Quarantine Lockdown Simulator: Zombie Border,-,,ETC,Evc Studio,0,1,その他,その他
2026-03-12,グランゼーラ,R-TYPE TACTICS I・II COSMOS,-,YES,ETC,グランゼーラ,0,1,その他,その他
2026-03-12,CUDIT,Rooster Saga: I Believe I Can Fly,-,,ETC,CUDIT,0,1,その他,その他
2026-03-12,Downmeadowstreet,Sand Seeker,-,,ETC,Downmeadowstreet,0,1,その他,その他
2026-03-12,RandomSpin Games,Six Seven Nights,-,,ETC,RandomSpin Games,0,1,その他,その他
2026-03-12,Iurie,Speed Boom: Last Delivery,-,,ETC,Iurie,0,1,その他,その他
2026-03-12,INVECTOR GAME STUDIO,Tank Battle Arena Combat,-,,ETC,INVECTOR GAME STUDIO,0,1,その他,その他
2026-03-12,David Amado Fernández,Taxi Hyperdrive,-,,ETC,David Amado Fernández,0,1,その他,その他
2026-03-12,TT,THE 雑学王:ZO－知識を武器に、賢者の頂へ。－,-,,ETC,TT,0,1,その他,その他
2026-03-12,INSIDE SYSTEM,Versus One 魔神少女パーティー!,-,,ETC,INSIDE SYSTEM,0,1,その他,その他
2026-03-12,AGE Zero,Weeb Store Simulator: Supermarket Together,-,,ETC,AGE Zero,0,1,その他,その他
2026-03-12,RedDeer.Games,Wrack: Reclamation,-,,ETC,RedDeer.Games,0,1,その他,その他
2026-03-12,Pakotime,Yabai Girls: Fairy Love,-,,ETC,Pakotime,0,1,その他,その他
2026-03-12,TT,あなたの本性診断－暴かれるあなたの裏側－,-,,ETC,TT,0,1,その他,その他
2026-03-12,TT,アハ!もっと写真で間違い探し－サクッと遊べる脳トレ写真ゲーム－,-,,ETC,TT,0,1,その他,その他
2026-03-12,NOSTRA GAMES,ウルトラボンクサバイバーズ Ultra Bonk Survivors,-,,ETC,NOSTRA GAMES,0,1,その他,その他
2026-03-12,MASK,サクッと推理！ショートミステリー 〜さくっと遊べる1問1答簡単ミステリー〜,-,,ETC,MASK,0,1,その他,その他
2026-03-12,EpiXR Games,ザンバーガラクティックマーブルブラスト,-,,ETC,EpiXR Games,0,1,その他,その他
2026-03-12,TT,ザ・世界驚愕ミステリー－スリルサスペンスな謎解きミステリー推理ゲーム－,-,,ETC,TT,0,1,その他,その他
2026-03-12,Johnny Ostad,シャルヌル:銀の風の物語 2,-,,ETC,Johnny Ostad,0,1,その他,その他
2026-03-12,レオフル,ステラワンダラーDX 星海立志伝,-,,ETC,レオフル,0,1,その他,その他
2026-03-12,Astrolabe Games,バブルガム ギャラクシー,-,,ETC,Astrolabe Games,0,1,その他,その他
2026-03-12,しにせゲームズ,ヒロイン学園ガチャシミュレーター,-,,ETC,しにせゲームズ,0,1,その他,その他
2026-03-12,Upscale Studio,フライ・フォー・フライ,-,,ETC,Upscale Studio,0,1,その他,その他
2026-03-12,EpiXR Games,ベッジーウォーフェアフィーストオブフュアリー,-,,ETC,EpiXR Games,0,1,その他,その他
2026-03-12,Upscale Studio,ミニマ,-,,ETC,Upscale Studio,0,1,その他,その他
2026-03-12,ジー・モード,ロープくんアドベンチャー,-,,ETC,ジー・モード,0,1,その他,その他
2026-03-12,Hiro Studio,全部俺アクションゲーム,-,,ETC,Hiro Studio,0,1,その他,その他
2026-03-12,MASK,大人のための常識力テスト 上級編－自信がある人ほど、恥をかく－,-,,ETC,MASK,0,1,その他,その他
2026-03-12,MASK,小学生のための常識力テスト 〜めざせ、常識マスター！キミは大人より物知りかな？〜,-,,ETC,MASK,0,1,その他,その他
2026-03-12,エディア,斬コレクション,-,YES,ETC,エディア,0,1,その他,その他
2026-03-12,致意,樹海迷路,-,,ETC,致意,0,1,その他,その他
2026-03-12,MASK,総合恋愛診断－選んで恋する、私の運命－,-,,ETC,MASK,0,1,その他,その他
2026-03-12,2P Games,聖女戦旗 Banner of the Maid,-,,ETC,2P Games,0,1,その他,その他
2026-03-12,TT,脳を鍛える!数字さがし 〜数字を見つける簡単脳トレゲーム〜,-,,ETC,TT,0,1,その他,その他
2026-03-12,TT,脳を鍛える!文字さがし 〜文字を見つける簡単脳トレゲーム〜,-,,ETC,TT,0,1,その他,その他
2026-03-12,TT,英語入門 英単語穴うめクイズ 〜イラストで学べる！はじめての英語学習！〜,-,,ETC,TT,0,1,その他,その他
2026-03-12,SOFT SOURCE,記憶の巻き戻し,-,,ETC,SOFT SOURCE,0,1,その他,その他
2026-03-12,Anxious Noob Games,豆モン,-,,ETC,Anxious Noob Games,0,1,その他,その他
2026-03-12,14次元,韓国ドローン飛行ツアー大芚山,-,,ETC,14次元,0,1,その他,その他
2026-03-13,ラタライカゲームス,Adventurous Slime,-,,ETC,ラタライカゲームス,0,1,その他,その他
2026-03-16,offbrand games,ボニーベア セイブズ フロッグタイム,-,,ETC,offbrand games,0,1,その他,その他
2026-03-17,Alliance,Opus Magnum: Complete Edition（英語版）,-,,ETC,Alliance,0,1,その他,その他
2026-03-19,Pix Arts,All Motors Racing Simulator,-,,ETC,Pix Arts,0,1,その他,その他
2026-03-19,McPeppergames,Animal Coloring Books for Kids & Toddlers - Dinosaurs,-,,ETC,McPeppergames,0,1,その他,その他
2026-03-19,Big Way,Anime: Fantasy Uni 2,-,,ETC,Big Way,0,1,その他,その他
2026-03-19,Wise Games,AROMA LOVE READY!,-,,ETC,Wise Games,0,1,その他,その他
2026-03-19,Acclaim,Basketball Classics,-,,ETC,Acclaim,0,1,その他,その他
2026-03-19,INVECTOR GAME STUDIO,Clothing Store Simulator,-,,ETC,INVECTOR GAME STUDIO,0,1,その他,その他
2026-03-19,Afil Games,Crabwave,-,,ETC,Afil Games,0,1,その他,その他
2026-03-19,eastasiasoft,Defending Camelot,-,,ETC,eastasiasoft,0,1,その他,その他
2026-03-19,BurleaGamesStudio,Dig Out: Prison Escape Simulator,-,,ETC,BurleaGamesStudio,0,1,その他,その他
2026-03-19,GlobalGameStudio,Escape From DUCKNESS,-,,ETC,GlobalGameStudio,0,1,その他,その他
2026-03-19,Soroka Games,Gems of Egypt,-,,ETC,Soroka Games,0,1,その他,その他
2026-03-19,Gametry,Gravity Biker,-,,ETC,Gametry,0,1,その他,その他
2026-03-19,Pixel Lantern,Hoof & Seek,-,,ETC,Pixel Lantern,0,1,その他,その他
2026-03-19,Brainium Games,Kuky Adventure,-,,ETC,Brainium Games,0,1,その他,その他
2026-03-19,CGI LAB GAMES,Last Day On The Ship,-,,ETC,CGI LAB GAMES,0,1,その他,その他
2026-03-19,Cr3 Studio,Meme Mayhem,-,,ETC,Cr3 Studio,0,1,その他,その他
2026-03-19,Downmeadowstreet,Mistfall Ruins,-,,ETC,Downmeadowstreet,0,1,その他,その他
2026-03-19,Baltoro Games,Moto Rush Reborn,-,,ETC,Baltoro Games,0,1,その他,その他
2026-03-19,CGI LAB,Only Kitty Cat Up,-,,ETC,CGI LAB,0,1,その他,その他
2026-03-19,Eclipse Interactive,OUTBREAK FALL: BIOHAZARD,-,,ETC,Eclipse Interactive,0,1,その他,その他
2026-03-19,Afil Games,Pie Pie Cafeteria,-,,ETC,Afil Games,0,1,その他,その他
2026-03-19,SUCCESS GAMES,SCHOOLBOY SIM,-,,ETC,SUCCESS GAMES,0,1,その他,その他
2026-03-19,Sabec,Solitaire,-,,ETC,Sabec,0,1,その他,その他
2026-03-19,Trefl S.A,Spot the Spy Guy,-,,ETC,Trefl S.A,0,1,その他,その他
2026-03-19,Eathrabaria,Street Soccer ストリートサッカー,-,,ETC,Eathrabaria,0,1,その他,その他
2026-03-19,Pakotime,Sugoi Girls: Clover Crush,-,,ETC,Pakotime,0,1,その他,その他
2026-03-19,WhisperGames,SUPER 56,-,,ETC,WhisperGames,0,1,その他,その他
2026-03-19,エンターグラム,Virtual Ties 〜ヰ世界情緒夢想曲〜,-,YES,ETC,エンターグラム,0,1,その他,その他
2026-03-19,Pix Arts,Wonders Puzzle,-,,ETC,Pix Arts,0,1,その他,その他
2026-03-19,MASK,うさぎココカナ?－小学生向け!親子で楽しむ かくれんぼウサギ探し ドキドキ発見ゲーム－,-,,ETC,MASK,0,1,その他,その他
2026-03-19,PLAYISM,こふんは生きている －マホロヴァ・クラブの死体さがし－,-,,ETC,PLAYISM,0,1,その他,その他
2026-03-19,TT,これ何時代？日本史時代当てクイズ 〜画像で時代を見抜け！4択チャレンジ〜,-,,ETC,TT,0,1,その他,その他
2026-03-19,Phoenixx,ほりほりドリル,-,,ETC,Phoenixx,0,1,その他,その他
2026-03-19,TT,ウチの猫に聞いてみた!ボクの飼い主、何点?飼い主チェック－あなたの愛猫、実は辛口!? 飼い主への本音、ついに解禁！－,-,,ETC,TT,0,1,その他,その他
2026-03-19,ロケットスタジオ,ケモノミクス Re,-,,ETC,ロケットスタジオ,0,1,その他,その他
2026-03-19,アークシステムワークス,ゴリティア,-,,ETC,アークシステムワークス,0,1,その他,その他
2026-03-19,不明,ジーイーティーエフアイティーウィメンズフィトネス,-,,ETC,不明,0,1,その他,その他
2026-03-19,EpiXR Games,ジーイーティーエフアイティーメンズフィトネス,-,,ETC,EpiXR Games,0,1,その他,その他
2026-03-19,Red Fables,スパマッサージ 美少女 恋愛リラックス,-,,ETC,Red Fables,0,1,その他,その他
2026-03-19,不明,スパマッサージ 美男子恋愛:リラックス,-,,ETC,不明,0,1,その他,その他
2026-03-19,Entity3,スマッシュボールズツー,-,,ETC,Entity3,0,1,その他,その他
2026-03-19,EpiXR Games,バトルパズル2048鋼鉄の乙女,-,,ETC,EpiXR Games,0,1,その他,その他
2026-03-19,GS2 Games,フライング・エース:レッドバロンの伝説,-,,ETC,GS2 Games,0,1,その他,その他
2026-03-19,SmileForeverStudio,ヘスティアフォート,-,,ETC,SmileForeverStudio,0,1,その他,その他
2026-03-19,MASK,中学受験の教科書－受験に向けて基礎が身に付く学習勉強クイズ－,-,,ETC,MASK,0,1,その他,その他
2026-03-19,MASK,令和を生き抜く新・常識力テスト－そのマナー、実はもう「賞味期限切れ」です－,-,,ETC,MASK,0,1,その他,その他
2026-03-19,TT,名探偵の敗北宣言－もう、僕の手に負える事件じゃない!－,-,,ETC,TT,0,1,その他,その他
2026-03-19,トローゼ,夢の中で恋をしたら、現実でも三人の運命が動き出した件,-,,ETC,トローゼ,0,1,その他,その他
2026-03-19,MASK,恥のかき捨て御免!大人のカンジ・クリニック －今さら聞けない「読み書き・誤用」をこっそり治療－,-,,ETC,MASK,0,1,その他,その他
2026-03-19,LUCAS GAMES,猫様の脱出 スペシャル・コレクション,-,YES,ETC,LUCAS GAMES,0,1,その他,その他
2026-03-19,インフィニティループ,飛行?青春!,-,,ETC,インフィニティループ,0,1,その他,その他
2026-03-19,MASK,黒板はなぜ緑色?学校の秘密－教科書に載らない雑学クイズ－,-,,ETC,MASK,0,1,その他,その他
2026-03-20,U&I Entertainment,Ghost Master: Resurrection（英語版）,-,,ETC,U&I Entertainment,0,1,その他,その他
2026-03-20,ESDigital Games,Machine Gun Fury,-,,ETC,ESDigital Games,0,1,その他,その他
2026-03-23,MLBAM（英語版）,MLB The Show 26（英語版）,-,,ETC,MLBAM（英語版）,0,1,その他,その他
2026-03-24,eastasiasoft,Overpowered 2 - Crux of Fate,-,,ETC,eastasiasoft,0,1,その他,その他
2026-03-26,MASK,60歳からでも遅くない クイズでたしなむ百人一首－4択クイズで脳トレ脳活学習勉強教養テスト－,-,,ETC,MASK,0,1,その他,その他
2026-03-26,Shatterproof Games,Aarik And The Ruined Kingdom,-,,ETC,Shatterproof Games,0,1,その他,その他
2026-03-26,Pakotime,Anime Girls: Sakura Love,-,,ETC,Pakotime,0,1,その他,その他
2026-03-26,Downmeadowstreet,Build A Bank Tycoon,-,,ETC,Downmeadowstreet,0,1,その他,その他
2026-03-26,DEV666,Cards Lie,-,,ETC,DEV666,0,1,その他,その他
2026-03-26,Revulo Games,Casual Sport Series: Boxing,-,,ETC,Revulo Games,0,1,その他,その他
2026-03-26,Afil Games,Claim the Forest: Shape of Wolves,-,,ETC,Afil Games,0,1,その他,その他
2026-03-26,mirai works,Clover Reset -クローバーリセット-,-,,ETC,mirai works,0,1,その他,その他
2026-03-26,日本一ソフトウェア,Curse Warrior,-,YES,ETC,日本一ソフトウェア,7235_0m_5206,1,その他,その他
2026-03-26,アークシステムワークス,DAMON and BABY,-,,ETC,アークシステムワークス,0,1,その他,その他
2026-03-26,Rogueside,Devil Jam,-,,ETC,Rogueside,0,1,その他,その他
2026-03-26,アイディアファクトリー,DIABOLIK LOVERS LUNATIC FATE GRAND EDITION,-,YES,ETC,アイディアファクトリー,0,1,その他,その他
2026-03-26,Oro Interactive,Easy Delivery Co.（英語版）,-,,ETC,Oro Interactive,0,1,その他,その他
2026-03-26,Head A Games,Evil Cat Simulator vs Granny,-,,ETC,Head A Games,0,1,その他,その他
2026-03-26,RedDeer.Games,Fowl Damage,-,,ETC,RedDeer.Games,0,1,その他,その他
2026-03-26,Acclaim,GRIDBeat!,-,,ETC,Acclaim,0,1,その他,その他
2026-03-26,Downmeadowstreet,Horror Park,-,,ETC,Downmeadowstreet,0,1,その他,その他
2026-03-26,MIME Games,Junkyard Garage Simulator,-,,ETC,MIME Games,0,1,その他,その他
2026-03-26,TREVA,Mad Games Tycoon 2,-,,ETC,TREVA,0,1,その他,その他
2026-03-26,CUDIT,Match Quest: Numbers,-,,ETC,CUDIT,0,1,その他,その他
2026-03-26,GlobalGameStudio,Moto Racer Highway Traffic,-,,ETC,GlobalGameStudio,0,1,その他,その他
2026-03-26,U&I Entertainment,Neopets: Mega Mini Games Collection,-,YES,ETC,U&I Entertainment,0,1,その他,その他
2026-03-26,Fangamer,OFF,-,YES,ETC,Fangamer,0,1,その他,その他
2026-03-26,Play Lab,Only Tung Tung Sahur UP,-,,ETC,Play Lab,0,1,その他,その他
2026-03-26,Pretty Soon,Primal Planet,-,,ETC,Pretty Soon,0,1,その他,その他
2026-03-26,Play Games,Retro Motel Simulator,-,,ETC,Play Games,0,1,その他,その他
2026-03-26,Downmeadowstreet,Samurai Obby,-,,ETC,Downmeadowstreet,0,1,その他,その他
2026-03-26,BurleaGamesStudio,SchoolBoy Horror,-,,ETC,BurleaGamesStudio,0,1,その他,その他
2026-03-26,Afil Games,Slide Viking: Treasure's Path,-,,ETC,Afil Games,0,1,その他,その他
2026-03-26,エンターグラム,Sweet Starlight Sisters,-,YES,ETC,エンターグラム,0,1,その他,その他
2026-03-26,スターサイン,TetroMosaicRacYAutomatA,-,,ETC,スターサイン,0,1,その他,その他
2026-03-26,Serafini Productions,The Boba Teashop,-,,ETC,Serafini Productions,0,1,その他,その他
2026-03-26,Beep,Until Then（英語版）,-,YES,ETC,Beep,7236_0m_5207,1,その他,その他
2026-03-26,コーエーテクモゲームス,Winning Post 10 2026,-,YES,ETC,コーエーテクモゲームス,0,1,その他,その他
2026-03-26,エンターグラム,おかゆにゅ〜〜む!R,-,YES,ETC,エンターグラム,0,1,その他,その他
2026-03-26,エイジ,おやすみガールズ,-,,ETC,エイジ,0,1,その他,その他
2026-03-26,TT,にほんご入門 ひらがな穴うめクイズ 〜サクサク解ける、どんどん身につく!ことばの世界がここから広がる。,-,,ETC,TT,0,1,その他,その他
2026-03-26,TT,ひらめき地理トレ!47都道府県 シルエットクイズ 〜小学生から大人までクイズで教養学習ゲーム〜,-,,ETC,TT,0,1,その他,その他
2026-03-26,MASK,ぽちっとスタディ クイズでハングル基礎単語－4択クイズで韓国語学習勉強教養語学テスト－,-,,ETC,MASK,0,1,その他,その他
2026-03-26,Storytaco（英語版）,まさか!下宿生が美女ですって?2,-,,ETC,Storytaco（英語版）,0,1,その他,その他
2026-03-26,EpiXR Games,ウルフパック,-,,ETC,EpiXR Games,0,1,その他,その他
2026-03-26,ブロッコリー,エトランジュ オーヴァーロード,-,YES,ETC,ブロッコリー,0,1,その他,その他
2026-03-26,FORZA GAMES,カウンターアタック,-,,ETC,FORZA GAMES,0,1,その他,その他
2026-03-26,GAME NACIONAL,キャットアップ Road Closed,-,,ETC,GAME NACIONAL,0,1,その他,その他
2026-03-26,ケムコ,ケムコRPGセレクション Vol.13,-,YES,ETC,ケムコ,0,1,その他,その他
2026-03-26,NOSTRA GAMES,コーラライダーズ Cola Riders,-,,ETC,NOSTRA GAMES,0,1,その他,その他
2026-03-26,タツマキゲームズ,サンリオキャラクターズ スマッシュフェスタ!,-,,ETC,タツマキゲームズ,0,1,その他,その他
2026-03-26,タイトー,タイトーマイルストーン4,-,YES,ETC,タイトー,0,1,その他,その他
2026-03-26,Stamina Zero,チャイルドストーリー,-,,ETC,Stamina Zero,0,1,その他,その他
2026-03-26,EpiXR Games,ディストーティドザリビングマナー,-,,ETC,EpiXR Games,0,1,その他,その他
2026-03-26,Upscale Studio,トロックス,-,,ETC,Upscale Studio,0,1,その他,その他
2026-03-26,エディア,ハンサムロンダリング -the mystic lover-,-,YES,ETC,エディア,7205_0m_5191,1,その他,その他
2026-03-26,エイジ,ファイトガールズ,-,,ETC,エイジ,0,1,その他,その他
2026-03-26,MASK,モテキ診断－4択でわかる、あなたのモテ期－,-,,ETC,MASK,0,1,その他,その他
2026-03-26,ワオ・コーポレーション,ワオっち!さんすうホームラン,-,,ETC,ワオ・コーポレーション,0,1,その他,その他
2026-03-26,Happy Player,伝説の魔法,-,,ETC,Happy Player,0,1,その他,その他
2026-03-26,LongYou Game,北方十字軍の騎士たち,-,,ETC,LongYou Game,0,1,その他,その他
2026-03-26,TT,嘘を見抜け！法廷推理－証言から真実を導く謎解きパズル－,-,,ETC,TT,0,1,その他,その他
2026-03-26,TT,天使or悪魔 あなたはどっちだ－その笑顔の裏にあるのは、光か闇か?－,-,,ETC,TT,0,1,その他,その他
2026-03-26,サイバーステップ,崩課後どっとライブ -黄昏ノ鏡-,-,YES,ETC,サイバーステップ,0,1,その他,その他
2026-03-26,KADOKAWA Game Linkage,廃深1・2パック,-,YES,ETC,KADOKAWA Game Linkage,0,1,その他,その他
2026-03-26,dramatic create/ヒューネックス,文字化化,-,YES,ETC,dramatic create/ヒューネックス,7238_0m_5209,1,その他,その他
2026-03-26,KADOKAWA,深 四のの目 -陰陽の巫女-,-,,ETC,KADOKAWA,0,1,その他,その他
2026-03-26,Wise Games,秘境の探検者,-,,ETC,Wise Games,0,1,その他,その他
2026-03-26,AlignmentSharp,脱出ゲーム R00M11,-,,ETC,AlignmentSharp,0,1,その他,その他
2026-03-26,Error300 Games,間違い探しの達人:ドラゴンの冒険譚,-,,ETC,Error300 Games,0,1,その他,その他
2026-03-27,ラタライカゲームス,Just Deserts,-,,ETC,ラタライカゲームス,0,1,その他,その他
2026-03-27,Limited Run Games,MARVEL MaXimum Collection,-,,ETC,Limited Run Games,0,1,その他,その他
2026-03-27,カプコン,流星のロックマン パーフェクトコレクション,-,YES,ETC,カプコン,7210_0m_5193,1,その他,その他
2026-03-28,QubicGames,Rail Rescue: パズルライン,-,,ETC,QubicGames,0,1,その他,その他
2026-03-30,DreamOnline,時の迷路 〜恐竜時代からはじまって縄文、弥生を通り過ぎ江戸時代へ〜 作・絵 香川元太郎,-,,ETC,DreamOnline,0,1,その他,その他
2026-04-02,CGI LAB,BLOCKBOUND,-,,ETC,CGI LAB,0,1,その他,その他
2026-04-02,Downmeadowstreet,Cozy Bay Hike,-,,ETC,Downmeadowstreet,0,1,その他,その他
2026-04-02,Pix Arts,Desert Storm War,-,,ETC,Pix Arts,0,1,その他,その他
2026-04-02,eastasiasoft,DETECTIVE - Scene Crime,-,,ETC,eastasiasoft,0,1,その他,その他
2026-04-02,CGI LAB GAMES,Duck Battle Royale,-,,ETC,CGI LAB GAMES,0,1,その他,その他
2026-04-02,INVECTOR GAME STUDIO,European TRUCK Simulator,-,,ETC,INVECTOR GAME STUDIO,0,1,その他,その他
2026-04-02,Pix Arts,Farming TriPeaks Solitaire,-,,ETC,Pix Arts,0,1,その他,その他
2026-04-02,CONSANN REAL ESTATE,Fast Food Van Simulator,-,,ETC,CONSANN REAL ESTATE,0,1,その他,その他
2026-04-02,Afil Games,Fit and Fry: Mise En Place,-,,ETC,Afil Games,0,1,その他,その他
2026-04-02,Gametry,Hoodbound,-,,ETC,Gametry,0,1,その他,その他
2026-04-02,CGI LAB,Hotel Renovator Simulator,-,,ETC,CGI LAB,0,1,その他,その他
2026-04-02,Fun Games Studio,Hotel Simulator 2026,-,,ETC,Fun Games Studio,0,1,その他,その他
2026-04-02,Rock It Games,Jaleco Sports: Bases Loaded 2,-,,ETC,Rock It Games,0,1,その他,その他
2026-04-02,不明,Jaleco Sports: Goal! 2,-,,ETC,不明,0,1,その他,その他
2026-04-02,不明,Legacy of Kain: Ascendance,-,,ETC,不明,0,1,その他,その他
2026-04-02,Crystal Dynamics,Legacy of Kain: Defiance Remastered（英語版）,-,,ETC,Crystal Dynamics,0,1,その他,その他
2026-04-02,Head A Games,Lion Simulator RPG: Animal Battle Survival,-,,ETC,Head A Games,0,1,その他,その他
2026-04-02,Flynn's Arcade,Living Dead House リビング・デッド・ハウス,-,,ETC,Flynn's Arcade,0,1,その他,その他
2026-04-02,Soroka Games,Mathify,-,,ETC,Soroka Games,0,1,その他,その他
2026-04-02,Mens Sana Interactive,Meow Moments: Celebrating Myth & Machine,-,,ETC,Mens Sana Interactive,0,1,その他,その他
2026-04-02,Morphcat Games,Micro Mages Maker,-,,ETC,Morphcat Games,0,1,その他,その他
2026-04-02,Pdpartid@games,Morkull Ascend to the Gods,-,,ETC,Pdpartid@games,0,1,その他,その他
2026-04-02,PLAYISM,MotionRec,-,,ETC,PLAYISM,0,1,その他,その他
2026-04-02,CGI LAB,Not Human Nightmare,-,,ETC,CGI LAB,0,1,その他,その他
2026-04-02,Sometimes You,NubiaPhobia,-,,ETC,Sometimes You,0,1,その他,その他
2026-04-02,Afil Games,Panda Keeper,-,,ETC,Afil Games,0,1,その他,その他
2026-04-02,17Studio,Photo Girls: Secret Footage,-,,ETC,17Studio,0,1,その他,その他
2026-04-02,Sometimes You,PULMO,-,,ETC,Sometimes You,0,1,その他,その他
2026-04-02,NiuGamer,Revenge On Gold Diggers,-,,ETC,NiuGamer,0,1,その他,その他
2026-04-02,RandomSpin Games,Sprunki Hell Towers,-,,ETC,RandomSpin Games,0,1,その他,その他
2026-04-02,Trefl S.A,Spy Guy Europe,-,,ETC,Trefl S.A,0,1,その他,その他
2026-04-02,Dragon Path Games,Storage Hunter Bid War Simulator,-,,ETC,Dragon Path Games,0,1,その他,その他
2026-04-02,RandomSpin Games,Stunt Race,-,,ETC,RandomSpin Games,0,1,その他,その他
2026-04-02,Downmeadowstreet,Sunrock Lake,-,,ETC,Downmeadowstreet,0,1,その他,その他
2026-04-02,TT,これ何時代?世界史 時代当てクイズ 〜画像で時代を見抜け!4択チャレンジ〜,-,,ETC,TT,0,1,その他,その他
2026-04-02,MASK,だれかと仲直りするためのゲーム－「ごめん」が言えない人のために－,-,,ETC,MASK,0,1,その他,その他
2026-04-02,トローゼ,にゃんこ&フレンズ ジャンプアドベンチャー,-,,ETC,トローゼ,0,1,その他,その他
2026-04-02,EpiXR Games,オーレンアンドザウィスパリングウッズ,-,,ETC,EpiXR Games,0,1,その他,その他
2026-04-02,Landfall Games（英語版）,コンテントワーニング（英語版）,-,,ETC,Landfall Games（英語版）,0,1,その他,その他
2026-04-02,しにせゲームズ,トレインプラスミニ1 ビッグエド線地上区間フリードライブ編,-,,ETC,しにせゲームズ,0,1,その他,その他
2026-04-02,アフィリティー,ドッジボール入門,-,,ETC,アフィリティー,0,1,その他,その他
2026-04-02,NOSTRA GAMES,ハースストーム Hearthstorm,-,,ETC,NOSTRA GAMES,0,1,その他,その他
2026-04-02,Upscale Studio,バンカーより,-,,ETC,Upscale Studio,0,1,その他,その他
2026-04-02,Seabird Interactive,ロゴルフ,-,,ETC,Seabird Interactive,0,1,その他,その他
2026-04-02,Entity3,ロール・マッド,-,,ETC,Entity3,0,1,その他,その他
2026-04-02,Red Fables,危険なスーパーヒーロー:仮面の裏,-,,ETC,Red Fables,0,1,その他,その他
2026-04-02,不明,危険なヒロイン:仮面の裏,-,,ETC,不明,0,1,その他,その他
2026-04-02,TT,大人のためのやさしいクラシック講座－気軽に楽しむ名曲教養クイズ－,-,,ETC,TT,0,1,その他,その他
2026-04-02,MASK,大人のための科学教養チェック－あなたの知識、試してみませんか?－,-,,ETC,MASK,0,1,その他,その他
2026-04-02,レジスタ,密室エレベーターからの脱出,-,,ETC,レジスタ,0,1,その他,その他
2026-04-02,TT,意外と知らない!?日常英単語 穴埋めクイズ 〜小学生から大人までクイズで英語学習ゲーム〜,-,,ETC,TT,0,1,その他,その他
2026-04-02,レジスタ,押してダメなら押してみろ,-,,ETC,レジスタ,0,1,その他,その他
2026-04-02,TT,明日も会社に行けますか?－その一言、その行動、詰んでませんか?－,-,,ETC,TT,0,1,その他,その他
2026-04-02,サイバーステップ,花園セレナのおとしもの 〜sweet memory〜,-,,ETC,サイバーステップ,0,1,その他,その他
2026-04-03,ラタライカゲームス,Manafinder,-,,ETC,ラタライカゲームス,0,1,その他,その他
2026-04-03,Headup Games,ゴー!ゴー!ミスター・チッカムズ!,-,,ETC,Headup Games,0,1,その他,その他
2026-04-08,ポケモン,Pokémon Champions,-,,ETC,ポケモン,0,1,その他,その他
2026-04-09,Soroka Games,Antique Checkers,-,,ETC,Soroka Games,0,1,その他,その他
2026-04-09,17Studio,Bad Girls: Naughty Hands,-,,ETC,17Studio,0,1,その他,その他
2026-04-09,ODDCADIA,Blast Linkers,-,,ETC,ODDCADIA,0,1,その他,その他
2026-04-09,RioverseGames,Cherry Girls vs Zombie Carnage: Brutal Anime Kawaii,-,,ETC,RioverseGames,0,1,その他,その他
2026-04-09,McPeppergames,Easter Coloring Book for Kids & Toddlers,-,,ETC,McPeppergames,0,1,その他,その他
2026-04-09,RedDeer.Games,Eko and the Bewitched Lands,-,,ETC,RedDeer.Games,0,1,その他,その他
2026-04-09,Downmeadowstreet,Empire Hike,-,,ETC,Downmeadowstreet,0,1,その他,その他
2026-04-09,eastasiasoft,Incantation,-,,ETC,eastasiasoft,0,1,その他,その他
2026-04-09,Afil Games,Legends Aligned: Land of Order,-,,ETC,Afil Games,0,1,その他,その他
2026-04-09,FIVE-BN STUDIO,Lost Lands: 魔女と王子とミノタウロスの物語,-,,ETC,FIVE-BN STUDIO,0,1,その他,その他
2026-04-09,Afil Games,Nature's Question,-,,ETC,Afil Games,0,1,その他,その他
2026-04-09,Dragon Path Games,Night Club Manager Simulator,-,,ETC,Dragon Path Games,0,1,その他,その他
2026-04-09,Pixel Lantern,Nocturne Routes,-,,ETC,Pixel Lantern,0,1,その他,その他
2026-04-09,Gametry,Road Jumper,-,,ETC,Gametry,0,1,その他,その他
2026-04-09,MIME Games,Scorpion Champions: Island Warfare,-,,ETC,MIME Games,0,1,その他,その他
2026-04-09,アグニ・フレア,SHIKA-Q,-,,ETC,アグニ・フレア,0,1,その他,その他
2026-04-09,わくわくゲームズ,Sp（L/R）ite: スプライト,-,,ETC,わくわくゲームズ,0,1,その他,その他
2026-04-09,QUByte Interactive,The Confinement,-,,ETC,QUByte Interactive,0,1,その他,その他
2026-04-09,TREVA,Timo Boll Beats,-,,ETC,TREVA,0,1,その他,その他
2026-04-09,CGI LAB GAMES,Veins of DARKNESS Horror,-,,ETC,CGI LAB GAMES,0,1,その他,その他
2026-04-09,Pix Arts,Xtreme Drift Racing Simulator,-,,ETC,Pix Arts,0,1,その他,その他
2026-04-09,MASK,あなたは説明できる?世界史テスト－古代から近現代まで総チェック－,-,,ETC,MASK,0,1,その他,その他
2026-04-09,カエルパンダ,くるくる回そう!方向幕コレクション for Nintendo Switch -東武鉄道編 東武東上線- 鉄道方向幕シミュレーター,-,,ETC,カエルパンダ,0,1,その他,その他
2026-04-09,PixelForestStudio,ちび黒猫かっ飛び,-,,ETC,PixelForestStudio,0,1,その他,その他
2026-04-09,TT,ひらめき地理トレ!世界地図シルエットクイズ 〜小学生から大人までクイズで教養学習ゲーム〜,-,,ETC,TT,0,1,その他,その他
2026-04-09,TT,ふしぎ!なるほど!小学校理科実験クイズ 〜楽しく学べる理科の実験ゲーム〜,-,,ETC,TT,0,1,その他,その他
2026-04-09,MASK,イラストでわかる!英語前置詞4択クイズ 〜楽しく学習英語教育ゲーム〜,-,,ETC,MASK,0,1,その他,その他
2026-04-09,賈船,オレオール キボウのツバサ,-,,ETC,賈船,0,1,その他,その他
2026-04-09,EpiXR Games,キラートイズ,-,,ETC,EpiXR Games,0,1,その他,その他
2026-04-09,TT,サイコパステスト－心理推理ダーク4択ゲーム－,-,,ETC,TT,0,1,その他,その他
2026-04-09,EpiXR Games,ザンバートレジャーズオブマーブルアイランド,-,,ETC,EpiXR Games,0,1,その他,その他
2026-04-09,NOSTRA GAMES,スモウランブル Sumo Rumble,-,,ETC,NOSTRA GAMES,0,1,その他,その他
2026-04-09,Upscale Studio,トリッキー・モンキー・ズー,-,,ETC,Upscale Studio,0,1,その他,その他
2026-04-09,Upscale Studio,ハイパーカーズ ランプクラッシュ,-,,ETC,Upscale Studio,0,1,その他,その他
2026-04-09,PlayShift Games,ブレイブラウンズ,-,,ETC,PlayShift Games,0,1,その他,その他
2026-04-09,Red Fables,メイドカフェ:アニメ美少女サービス,-,,ETC,Red Fables,0,1,その他,その他
2026-04-09,不明,メイドカフェ:アニメ美少年サービス,-,,ETC,不明,0,1,その他,その他
2026-04-09,しにせゲームズ,メイド少女ガチャシミュレーター:メイドさんのカードコレクション,-,,ETC,しにせゲームズ,0,1,その他,その他
2026-04-09,MAGES.,メモリーズオフ 双想 Break out of my shell,-,YES,ETC,MAGES.,0,1,その他,その他
2026-04-09,Ogre Pixel,世界中に隠れている,-,,ETC,Ogre Pixel,0,1,その他,その他
2026-04-09,オレンジ,何度目かの式,-,,ETC,オレンジ,0,1,その他,その他
2026-04-09,MASK,全国大人 常識力選抜テスト－あなたの常識、通用しますか?－,-,,ETC,MASK,0,1,その他,その他
2026-04-09,MASK,大人はとけない!? 全国小学生常識チェック－6年間を総復習！わかる！学べる！格付け教科書クイズ－,-,,ETC,MASK,0,1,その他,その他
2026-04-09,MASK,常識か非常識か?四字熟語編－あなたの語彙力を試す四字熟語テスト－,-,,ETC,MASK,0,1,その他,その他
2026-04-09,TT,意味がわかると怖いナゾトキ－謎解き恐怖ゲーム－,-,,ETC,TT,0,1,その他,その他
2026-04-09,MASK,教養としての日本文化テスト－知っているようで知らない和の常識－,-,,ETC,MASK,0,1,その他,その他
2026-04-09,MASK,日常うんちく図鑑上級編－イラストで学べる雑学教養博識クイズ－,-,,ETC,MASK,0,1,その他,その他
2026-04-09,MASK,猫博士 下僕用－本気で学ぶ猫様の取扱説明書－,-,,ETC,MASK,0,1,その他,その他
2026-04-09,TT,知ってびっくり!世界の文化〇×クイズ 〜楽しく学べる雑学〇×ゲーム〜,-,,ETC,TT,0,1,その他,その他
2026-04-09,MASK,謎解きIQクイズ2－アタマが冴える暇つぶしひらめき脳トレパズル－,-,,ETC,MASK,0,1,その他,その他
2026-04-09,TT,鑑識官の科学ミステリー－事件現場タップ推理ゲーム－,-,,ETC,TT,0,1,その他,その他
2026-04-09,14次元,韓国ドローン飛行ツアー休亭書院,-,,ETC,14次元,0,1,その他,その他
2026-04-09,カイロソフト,魔王城ものがたり,-,,ETC,カイロソフト,0,1,その他,その他
2026-04-10,ラタライカゲームス,Ninjora Echoes,-,,ETC,ラタライカゲームス,0,1,その他,その他
2026-04-10,ケムコ,ティアーズレヴォリュード,-,,ETC,ケムコ,0,1,その他,その他
2026-04-14,Secret Mode,A Storied Life: Tabitha,-,,ETC,Secret Mode,0,1,その他,その他
2026-04-14,Outerloop Games,Dosa Divas,-,,ETC,Outerloop Games,0,1,その他,その他
2026-04-16,Hairy Heart Games,Anthology of The Killer（英語版）,-,,ETC,Hairy Heart Games,0,1,その他,その他
2026-04-16,PlayForFun,Apocalypse Day: Survival Z - Craft & Build,-,,ETC,PlayForFun,0,1,その他,その他
2026-04-16,J's Labratory,BEFORE I GO,-,,ETC,J's Labratory,0,1,その他,その他
2026-04-16,Afil Games,Cipher Monk: Ancient Calculus,-,,ETC,Afil Games,0,1,その他,その他
2026-04-16,Witenovastudio,Comfy Corners: Unpack and Decorate,-,,ETC,Witenovastudio,0,1,その他,その他
2026-04-16,MicroProse,Death by Scrolling,-,,ETC,MicroProse,0,1,その他,その他
2026-04-16,Silesia Games,Find My Frogs,-,,ETC,Silesia Games,0,1,その他,その他
2026-04-16,CGI LAB GAMES,Fix & Flip Dream House,-,,ETC,CGI LAB GAMES,0,1,その他,その他
2026-04-16,Downmeadowstreet,Frost Station,-,,ETC,Downmeadowstreet,0,1,その他,その他
2026-04-16,17Studio,Good Girls: Angels With Dirty Intentions,-,,ETC,17Studio,0,1,その他,その他
2026-04-16,Dinomore Games,Kamikaze Strike: FPV Drone,-,,ETC,Dinomore Games,0,1,その他,その他
2026-04-16,ダークプロダクト,Loan Shark,-,,ETC,ダークプロダクト,0,1,その他,その他
2026-04-16,STG SOFTWARE SRL,Mech Robot: Battle Shooter Warrior,-,,ETC,STG SOFTWARE SRL,0,1,その他,その他
2026-04-16,DEZVOLT GAMES,My Winter Drive,-,,ETC,DEZVOLT GAMES,0,1,その他,その他
2026-04-16,GazeGames Interactive,Neon Warfare: CyberArena,-,,ETC,GazeGames Interactive,0,1,その他,その他
2026-04-16,indie.io,Nullstar: Solus,-,,ETC,indie.io,0,1,その他,その他
2026-04-16,集英社ゲームズ,OPUS: Prism Peak,-,,ETC,集英社ゲームズ,0,1,その他,その他
2026-04-16,eastasiasoft,Pengilo,-,,ETC,eastasiasoft,0,1,その他,その他
2026-04-16,IndigoBlue,PEPPERED: an existential platformer,-,,ETC,IndigoBlue,0,1,その他,その他
2026-04-16,Goblinz Studio,Smash it Wild,-,,ETC,Goblinz Studio,0,1,その他,その他
2026-04-16,スターサイン,TetroMosaicUnicorN,-,,ETC,スターサイン,0,1,その他,その他
2026-04-16,Mossmouth,UFO 50（英語版）,-,,ETC,Mossmouth,0,1,その他,その他
2026-04-16,Play Games,ZOO MANAGER SIMULATOR,-,,ETC,Play Games,0,1,その他,その他
2026-04-16,Afil Games,Zoo Orbs,-,,ETC,Afil Games,0,1,その他,その他
2026-04-16,Mega Cat Studios（英語版）,ZPF,-,,ETC,Mega Cat Studios（英語版）,0,1,その他,その他
2026-04-16,Vaka Gamez,つぐのひ -彁名縛りの部屋-,-,,ETC,Vaka Gamez,0,1,その他,その他
2026-04-16,TT,ひらめき地理トレ！アメリカ50州シルエットクイズ 〜小学生から大人までクイズで教養学習ゲーム〜,-,,ETC,TT,0,1,その他,その他
2026-04-16,MASK,ぽちっとスタディ クイズで簡体中文基礎単語－4択クイズで中国語学習勉強教養語学テスト－,-,,ETC,MASK,0,1,その他,その他
2026-04-16,レヴォネット,まおてん,-,,ETC,レヴォネット,0,1,その他,その他
2026-04-16,わくわくゲームズ,イツカノヨル,-,,ETC,わくわくゲームズ,0,1,その他,その他
2026-04-16,HUNTERS,エンジェルラプソディー,-,,ETC,HUNTERS,0,1,その他,その他
2026-04-16,Unbound Creations,クリーンアップ!,-,,ETC,Unbound Creations,0,1,その他,その他
2026-04-16,Super Rare Games,ゲッコー・ゴッズ,-,,ETC,Super Rare Games,0,1,その他,その他
2026-04-16,EpiXR Games,ソリティア レジェンド - カードマスターズ,-,,ETC,EpiXR Games,0,1,その他,その他
2026-04-16,任天堂,トモダチコレクション わくわく生活,33,YES,ETC,任天堂,7258_0m_5229,1,コミュニケーション,その他
2026-04-16,NOSTRA GAMES,ニゼロヨンハチボーイズ 2048 Boys,-,,ETC,NOSTRA GAMES,0,1,その他,その他
2026-04-16,G-Blossom,ニンジャム!,-,,ETC,G-Blossom,0,1,その他,その他
2026-04-16,qureate,バニーガーデン2,-,,ETC,qureate,0,1,その他,その他
2026-04-16,メビウス,フォーメーションZ MSX,-,,ETC,メビウス,0,1,その他,その他
2026-04-16,Red Fables,プリンス・デート・ダイアリーズ:おとぎ話の恋,-,,ETC,Red Fables,0,1,その他,その他
2026-04-16,不明,プリンセス・デート・ダイアリーズ:おとぎ話の恋,-,,ETC,不明,0,1,その他,その他
2026-04-16,Entity3,ホール・エーエスエムアール,-,,ETC,Entity3,0,1,その他,その他
2026-04-16,aNCHOR,マブラヴ アンリミテッド ザ・デイアフター episode:00,-,,ETC,aNCHOR,0,1,その他,その他
2026-04-16,不明,マブラヴ アンリミテッド ザ・デイアフター episode:01,-,,ETC,不明,0,1,その他,その他
2026-04-16,不明,マブラヴ アンリミテッド ザ・デイアフター episode:02,-,,ETC,不明,0,1,その他,その他
2026-04-16,不明,マブラヴ アンリミテッド ザ・デイアフター episode:03,-,,ETC,不明,0,1,その他,その他
2026-04-16,Sobaka Studio,人喰ノ檻 - KLETKA,-,,ETC,Sobaka Studio,0,1,その他,その他
2026-04-16,SAT-BOX,作って!餃子,-,,ETC,SAT-BOX,0,1,その他,その他
2026-04-16,TT,全国学力チェック 中学クラス－大人でも意外と難しい！中学レベルの総合テスト－,-,,ETC,TT,0,1,その他,その他
2026-04-16,TT,名探偵の助手選抜試験－事件の違和感、あなたは見抜けるか？－,-,,ETC,TT,0,1,その他,その他
2026-04-16,MASK,大人のための常識力テスト やりがち失敗編－今さら聞けない「うっかりミス」をこっそり点検－,-,,ETC,MASK,0,1,その他,その他
2026-04-16,TT,影の事件ファイル ミステリー短編集 〜事件の真相を見抜く推理ゲーム〜,-,,ETC,TT,0,1,その他,その他
2026-04-16,Upscale Studio,怒れる犬,-,,ETC,Upscale Studio,0,1,その他,その他
2026-04-16,エイジ,日本犬パズル,-,,ETC,エイジ,0,1,その他,その他
2026-04-16,TT,未解決ミステリー－本格謎解き推理サスペンスゲーム－,-,,ETC,TT,0,1,その他,その他
2026-04-16,Elushis,百鬼幻想記ミニゲームセレクションVol.1,-,,ETC,Elushis,0,1,その他,その他
2026-04-16,moesoft,紅月ルナが満ちる時,-,,ETC,moesoft,0,1,その他,その他
2026-04-16,MASK,脳を鍛えるIQパターンクイズ－論理思考を極める4択脳トレ－,-,,ETC,MASK,0,1,その他,その他
2026-04-16,Gamirror Games,花火,-,,ETC,Gamirror Games,0,1,その他,その他
2026-04-16,TT,親子で挑戦！小学校テスト－懐かしい問題に親子でチャレンジ！－,-,,ETC,TT,0,1,その他,その他
2026-04-17,ケムコ,でこれいと・でこれいしょん,-,,ETC,ケムコ,0,1,その他,その他
2026-04-20,Lillymo Games,Saint Slayer: Spear of Sacrilege,-,,ETC,Lillymo Games,0,1,その他,その他
2026-04-22,The Arcade Crew,Drop Duchy コンプリートエディション（英語版）,-,,ETC,The Arcade Crew,0,1,その他,その他
2026-04-22,poncle,Vampire Crawlers: The Turbo Wildcard from Vampire Survivors,-,,ETC,poncle,0,1,その他,その他
2026-04-23,レジスタ,Alice in Wonder Underland -AIWU-,-,,ETC,レジスタ,0,1,その他,その他
2026-04-23,Brainium Games,AquaDream,-,,ETC,Brainium Games,0,1,その他,その他
2026-04-23,アートディンク,ARTDINK GAME LOG:アクアノートの休日,-,,ETC,アートディンク,0,1,その他,その他
2026-04-23,YOX-Project,BAD END: プレイすると死ぬ?,-,,ETC,YOX-Project,0,1,その他,その他
2026-04-23,Dinomore Games,Colorium,-,,ETC,Dinomore Games,0,1,その他,その他
2026-04-23,Soroka Games,Connect Lines,-,,ETC,Soroka Games,0,1,その他,その他
2026-04-23,GAME NACIONAL,Cozy Snow Friends,-,,ETC,GAME NACIONAL,0,1,その他,その他
2026-04-23,クリーク・アンド・リバー社,CRUELTY,-,,ETC,クリーク・アンド・リバー社,0,1,その他,その他
2026-04-23,Mirari,Dark Light,-,,ETC,Mirari,0,1,その他,その他
2026-04-23,PM Studios,Dragon Is Dead,-,,ETC,PM Studios,0,1,その他,その他
2026-04-23,Soedesco,Food Truck Chef - Full Course Edition,-,,ETC,Soedesco,0,1,その他,その他
2026-04-23,サンソフト,GAME 最強の職業は勇者でも賢者でもなく鑑定士（仮）らしいですよ?〜地下迷宮と謎の少女〜,-,,ETC,サンソフト,0,1,その他,その他
2026-04-23,eastasiasoft,GluMe,-,,ETC,eastasiasoft,0,1,その他,その他
2026-04-23,Afil Games,Goat Out Of Hell: Lost Pets,-,,ETC,Afil Games,0,1,その他,その他
2026-04-23,Atari,Jay and Silent Bob: Chronic Blunt Punch,-,,ETC,Atari,0,1,その他,その他
2026-04-23,Console Lab Games,Kanjozoku Game: Car Racing & Highway Driving Simulator REMASTER,-,,ETC,Console Lab Games,0,1,その他,その他
2026-04-23,コロプラ,KAZUMA KANEKO'S ツクヨミ,33,,ETC,コロプラ,0,1,デッキ構築タワーダンジョン,その他
2026-04-23,Take IT Studio!,Kitchen Wars,-,,ETC,Take IT Studio!,0,1,その他,その他
2026-04-23,No More Robots（英語版）,Little Rocket Lab,-,,ETC,No More Robots（英語版）,0,1,その他,その他
2026-04-23,GazeGames Interactive,Medieval Market Simulator,-,,ETC,GazeGames Interactive,0,1,その他,その他
2026-04-23,Cyber Monkey Studios,Monster Meals,-,,ETC,Cyber Monkey Studios,0,1,その他,その他
2026-04-23,Cube Games,Monster Rush Survivors,-,,ETC,Cube Games,0,1,その他,その他
2026-04-23,Intrugli Games,Our Metal Bowl,-,,ETC,Intrugli Games,0,1,その他,その他
2026-04-23,LUCID11 BILISIM YAZILIM,Party Club,-,,ETC,LUCID11 BILISIM YAZILIM,0,1,その他,その他
2026-04-23,Eathrabaria,Party Pool,-,,ETC,Eathrabaria,0,1,その他,その他
2026-04-23,17Studio,Photo Girls: Raw Photo,-,,ETC,17Studio,0,1,その他,その他
2026-04-23,MORAHAN Studio Games,Primal Dinosaur Shooter - Dino Killer,-,,ETC,MORAHAN Studio Games,0,1,その他,その他
2026-04-23,Pdpartid@games,Rumbral,-,,ETC,Pdpartid@games,0,1,その他,その他
2026-04-23,EDGLRD（英語版）,TAMASHIKA（英語版）,-,,ETC,EDGLRD（英語版）,0,1,その他,その他
2026-04-23,Smart Space Solutions,The Way of the Tray,-,,ETC,Smart Space Solutions,0,1,その他,その他
2026-04-23,CFK,Throw Anything: Zombie Invaders,-,,ETC,CFK,0,1,その他,その他
2026-04-23,インティ・クリエイツ,ぼくらのキングダム 時食む果実といにしえの魔物,-,YES,ETC,インティ・クリエイツ,0,1,その他,その他
2026-04-23,EpiXR Games,エモジバトルフィールドサマーバケーション,-,,ETC,EpiXR Games,0,1,その他,その他
2026-04-23,メビウス,エルミナージュORIGINAL 〜闇の巫女と神々の指輪〜,-,YES,ETC,メビウス,7304_0m_5275,1,その他,その他
2026-04-23,GaniTani,クレヨンうみのお友達,-,,ETC,GaniTani,0,1,その他,その他
2026-04-23,GaniTani,ジョイピアノ,-,,ETC,GaniTani,0,1,その他,その他
2026-04-23,Wise Games,スカイ・エスコート,-,,ETC,Wise Games,0,1,その他,その他
2026-04-23,トローゼ,デッドストライド,-,,ETC,トローゼ,0,1,その他,その他
2026-04-23,TT,トリックルーム－この問題、解けますか？－,-,,ETC,TT,0,1,その他,その他
2026-04-23,Happy Player,バトルカート,-,,ETC,Happy Player,0,1,その他,その他
2026-04-23,ビサイド,フルーツマウンテン パーティ,-,,ETC,ビサイド,0,1,その他,その他
2026-04-23,NOSTRA GAMES,プーピータイム Poopy Time,-,,ETC,NOSTRA GAMES,0,1,その他,その他
2026-04-23,アイディアファクトリー,マツリカの炯-kEi- 天命華燭伝,-,YES,ETC,アイディアファクトリー,7246_0m_5217n,1,その他,その他
2026-04-23,Upscale Studio,人形師,-,,ETC,Upscale Studio,0,1,その他,その他
2026-04-23,エンターグラム,凪の恋,-,,ETC,エンターグラム,0,1,その他,その他
2026-04-23,コスモマキアー,式神の城,-,,ETC,コスモマキアー,0,1,その他,その他
2026-04-23,●,式神の城III,-,,ETC,●,0,1,その他,その他
2026-04-23,TT,霧のロンドンと王家の秘密 〜シャーロック・ホームズ/ボヘミアの醜聞〜,-,,ETC,TT,0,1,その他,その他
2026-04-23,STUDIO FRONTIER,魔法学園アヴィリオン forever,-,,ETC,STUDIO FRONTIER,0,1,その他,その他
2026-04-23,ボルテージ,魔界王子と魅惑のナイトメア〜魔性の口づけ〜,-,,ETC,ボルテージ,0,1,その他,その他
2026-04-24,Snow Day Software,Indoor Baseball,-,,ETC,Snow Day Software,0,1,その他,その他
2026-04-24,Shinyuden,港のトレイジア,-,,ETC,Shinyuden,0,1,その他,その他
2026-04-27,MUTAN,オクトのバルーンチャレンジ,-,,ETC,MUTAN,0,1,その他,その他
2026-04-27,不明,スネイルのぶっとばした〜い!,-,,ETC,不明,0,1,その他,その他
2026-04-27,不明,トードのソウルホッパー,-,,ETC,不明,0,1,その他,その他
2026-04-27,不明,ピラルクのマネーラッシュ,-,,ETC,不明,0,1,その他,その他
2026-04-28,Hyper Games架け橋ゲームズ,ムーミントロール:冬のぬくもり,-,YES,ETC,Hyper Games架け橋ゲームズ,0,1,その他,その他
2026-04-28,ゲームスタジオ,脱獄ごっこ Nintendo Switch Edition,-,,ETC,ゲームスタジオ,0,1,その他,その他
2026-04-29,tinyBuild Games,Drill Core,-,,ETC,tinyBuild Games,0,1,その他,その他
2026-04-29,マイルストーン（英語版）,MotoGP 26,-,,ETC,マイルストーン（英語版）,0,1,その他,その他
2026-04-30,PLiCy,AMEL BROAT,-,,ETC,PLiCy,0,1,その他,その他
2026-04-30,eastasiasoft,CyberBlocker Complete Edition,-,,ETC,eastasiasoft,0,1,その他,その他
2026-04-30,Gametry,Dog Chaos,-,,ETC,Gametry,0,1,その他,その他
2026-04-30,Afil Games,Dragon Snack: From Ice to Ember,-,,ETC,Afil Games,0,1,その他,その他
2026-04-30,DEZVOLT GAMES,Garbage Truck Sim Driver Simulator 26,-,,ETC,DEZVOLT GAMES,0,1,その他,その他
2026-04-30,World of Poly,Harvest Cafe,-,,ETC,World of Poly,0,1,その他,その他
2026-04-30,Beep,inKONBINI: One Store. Many Stories,-,YES,ETC,Beep,7277_0m_5248,1,その他,その他
2026-04-30,Downmeadowstreet,Jigsaw Puzzle: Worlds Beyond,-,,ETC,Downmeadowstreet,0,1,その他,その他
2026-04-30,Downmeadowstreet,Kingdom Trails,-,,ETC,Downmeadowstreet,0,1,その他,その他
2026-04-30,HeroCraft,Lord Ambermaze,-,,ETC,HeroCraft,0,1,その他,その他
2026-04-30,Daedalic Entertainment,Magin: The Rat Project Stories,-,,ETC,Daedalic Entertainment,0,1,その他,その他
2026-04-30,Afil Games,Minos Trials,-,,ETC,Afil Games,0,1,その他,その他
2026-04-30,Epopeia Games,MULLET MADJACK（英語版）,-,,ETC,Epopeia Games,0,1,その他,その他
2026-04-30,Brainium Games,Opaloid Kingdom,-,,ETC,Brainium Games,0,1,その他,その他
2026-04-30,Webnetic,Ore Klast,-,,ETC,Webnetic,0,1,その他,その他
2026-04-30,Eathrabaria,Protocol: Annihilation,-,,ETC,Eathrabaria,0,1,その他,その他
2026-04-30,シティコネクション,R-TYPE DX: Music Encore,-,,ETC,シティコネクション,0,1,その他,その他
2026-04-30,PlayForFun,Rooster Wars Arena - MFC Combat Battle,-,,ETC,PlayForFun,0,1,その他,その他
2026-04-30,あまた,Save My Scrap -セイブ・マイ・スクラップ-,-,,ETC,あまた,0,1,その他,その他
2026-04-30,RandomSpin Games,SCP Extraction Protocol,-,,ETC,RandomSpin Games,0,1,その他,その他
2026-04-30,Downmeadowstreet,Sunshore City,-,,ETC,Downmeadowstreet,0,1,その他,その他
2026-04-30,Global Games Publisher[注釈 11],Supermarket Simulator 2026,-,,ETC,Global Games Publisher[注釈 11],0,1,その他,その他
2026-04-30,Take IT Studio!,The Stairwell -ザ・ステアウェル-,-,,ETC,Take IT Studio!,0,1,その他,その他
2026-04-30,Nitrome,Twin Shot Deluxe,-,,ETC,Nitrome,0,1,その他,その他
2026-04-30,Trefl S.A,Who tells your story,-,,ETC,Trefl S.A,0,1,その他,その他
2026-04-30,Gametry,Word Quest Cyberpunk,-,,ETC,Gametry,0,1,その他,その他
2026-04-30,工画堂スタジオ,やがて散りゆく鏡の花へ,-,YES,ETC,工画堂スタジオ,0,1,その他,その他
2026-04-30,MASK,やわらか脳を作ろう！図形さがし 〜かんたんにできるIQ脳トレゲーム〜,-,,ETC,MASK,0,1,その他,その他
2026-04-30,Mumpitz Games,オートナイト団,-,,ETC,Mumpitz Games,0,1,その他,その他
2026-04-30,Smart Space Solutions,キックバック・クリッカー,-,,ETC,Smart Space Solutions,0,1,その他,その他
2026-04-30,Happy Player,サバイバー・レギオン,-,,ETC,Happy Player,0,1,その他,その他
2026-04-30,日本一ソフトウェア,シニガミ姫と異書館ノ怪物,-,YES,ETC,日本一ソフトウェア,7248_0m_5219,1,その他,その他
2026-04-30,TT,ショート脱出ゲーム－謎解き×頭の体操！推理・直感力が試される頭脳系ゲーム－,-,,ETC,TT,0,1,その他,その他
2026-04-30,iMel,セレクトオブリージュ,-,YES,ETC,iMel,0,1,その他,その他
2026-04-30,Red Fables,ゾンビ恋愛:アンデッドアニメ美少女変身,-,,ETC,Red Fables,0,1,その他,その他
2026-04-30,不明,ゾンビ恋愛:アンデッドアニメ美少年変身,-,,ETC,不明,0,1,その他,その他
2026-04-30,Stray Fawn,ダンジョンクロウラー 幸運ウサギと魔法の爪,-,,ETC,Stray Fawn,0,1,その他,その他
2026-04-30,SmileForeverStudio,ツーオアスリー,-,,ETC,SmileForeverStudio,0,1,その他,その他
2026-04-30,Entity3,ティッピーパット,-,,ETC,Entity3,0,1,その他,その他
2026-04-30,EpiXR Games,ディーモンハントレス,-,,ETC,EpiXR Games,0,1,その他,その他
2026-04-30,Upscale Studio,ドクター・サイコ:病院脱出,-,,ETC,Upscale Studio,0,1,その他,その他
2026-04-30,ジュピター,ピクロスS KONAMI ANTIQUES edition,-,,ETC,ジュピター,0,1,その他,その他
2026-04-30,レイニーフロッグ,プランテラ2 金のドングリ,-,,ETC,レイニーフロッグ,0,1,その他,その他
2026-04-30,Slug Disco,ホーティキュラー,-,,ETC,Slug Disco,0,1,その他,その他
2026-04-30,SAT-BOX,ボクらの消しゴム落とし4 時空バトル,-,,ETC,SAT-BOX,0,1,その他,その他
2026-04-30,TT,僕のことが大好きすぎる彼女たち－あなたは誰と付き合う？－,-,,ETC,TT,0,1,その他,その他
2026-04-30,TT,名探偵 鷹取玲司のナゾトキ捜索－謎解き×推理で迫るミステリー,-,,ETC,TT,0,1,その他,その他
2026-04-30,TT,名探偵からの試練－論理パズルで脳トレ脳活アハ活ナゾトキちえあそびクイズ－,-,,ETC,TT,0,1,その他,その他
2026-04-30,しにせゲームズ,新幹線ガチャ カードコレクション,-,,ETC,しにせゲームズ,0,1,その他,その他
2026-04-30,H2 INTERACTIVE,沼落ち禁止2:真夏の屋台,-,,ETC,H2 INTERACTIVE,0,1,その他,その他
2026-04-30,AlignmentSharp,脱出ゲーム R00M12,-,,ETC,AlignmentSharp,0,1,その他,その他
2026-04-30,ブシロード,花束を君に贈ろう-Kinsenka-,-,YES,ETC,ブシロード,0,1,その他,その他
2026-04-30,カイロソフト,飛空艇クエスト島,-,,ETC,カイロソフト,0,1,その他,その他
2026-05-01,btfPARCO GAMES,Constance,-,,ETC,btfPARCO GAMES,0,1,その他,その他
2026-05-01,Maximum Entertainment（英語版）,Winx Club: The Magic is Back,-,,ETC,Maximum Entertainment（英語版）,0,1,その他,その他
2026-05-07,Soroka Games,Antique Backgammon,-,,ETC,Soroka Games,0,1,その他,その他
2026-05-07,17Studio,Bad Girls: Sweet Trouble,-,,ETC,17Studio,0,1,その他,その他
2026-05-07,Jonathan Francis,Bear No Grudge,-,,ETC,Jonathan Francis,0,1,その他,その他
2026-05-07,Brainium Games,Chicken Rescue,-,,ETC,Brainium Games,0,1,その他,その他
2026-05-07,Afil Games,Claim the Forest: Settling Peace,-,,ETC,Afil Games,0,1,その他,その他
2026-05-07,Iurie,Cozy Cat Cafe,-,,ETC,Iurie,0,1,その他,その他
2026-05-07,eastasiasoft,Doll Defenders,-,,ETC,eastasiasoft,0,1,その他,その他
2026-05-07,RandomSpin Games,Drift & Stunt Mania,-,,ETC,RandomSpin Games,0,1,その他,その他
2026-05-07,Starbrew Games,Duck Side of the Moon,-,,ETC,Starbrew Games,0,1,その他,その他
2026-05-07,Eathrabaria,Fantasy Voyagers,-,,ETC,Eathrabaria,0,1,その他,その他
2026-05-07,Head A Games,Gas Station Manager 2026,-,,ETC,Head A Games,0,1,その他,その他
2026-05-07,Aeternum Game Studios,Haneda Girl,-,,ETC,Aeternum Game Studios,0,1,その他,その他
2026-05-07,Thorium G,House Fixer Simulator,-,,ETC,Thorium G,0,1,その他,その他
2026-05-07,Games Harbor,In Trusted Hands,-,,ETC,Games Harbor,0,1,その他,その他
2026-05-07,STG SOFTWARE SRL,"Island Survive Simulator - Craft, Build, Grow",-,,ETC,STG SOFTWARE SRL,0,1,その他,その他
2026-05-07,Downmeadowstreet,Jigsaw Puzzle: Cozy Fantasy Worlds,-,,ETC,Downmeadowstreet,0,1,その他,その他
2026-05-07,WRP Games,Lost Twins 2,-,,ETC,WRP Games,0,1,その他,その他
2026-05-07,Downmeadowstreet,Millionaire Obby,-,,ETC,Downmeadowstreet,0,1,その他,その他
2026-05-07,GaniTani,Pa!nt,-,,ETC,GaniTani,0,1,その他,その他
2026-05-07,Gametry,Robo Hop,-,,ETC,Gametry,0,1,その他,その他
2026-05-07,Downmeadowstreet,Sky Meadow,-,,ETC,Downmeadowstreet,0,1,その他,その他
2026-05-07,Viridian Software,TetherGeist,-,,ETC,Viridian Software,0,1,その他,その他
2026-05-07,Afil Games,To Farm Lands: Sowing Fields,-,,ETC,Afil Games,0,1,その他,その他
2026-05-07,RedDeer.Games,Unbox the Room,-,,ETC,RedDeer.Games,0,1,その他,その他
2026-05-07,Silesia Games,Versebound,-,,ETC,Silesia Games,0,1,その他,その他
2026-05-07,Beep,Wander Stars,-,,ETC,Beep,0,1,その他,その他
2026-05-07,UMURO,アキタ レジェンズ スクワッド,-,,ETC,UMURO,0,1,その他,その他
2026-05-07,Penguin Pop Games,アックス・コップ,-,,ETC,Penguin Pop Games,0,1,その他,その他
2026-05-07,EpiXR Games,ザンバーワールドザモンスターマーブルアドベンチャー,-,,ETC,EpiXR Games,0,1,その他,その他
2026-05-07,Elushis,ブラックスポット: The Card Game,-,,ETC,Elushis,0,1,その他,その他
2026-05-07,MASK,プログラミング脳を育む 小学生IQクイズ－10歳までに鍛える論理的思考力系列テスト－,-,,ETC,MASK,0,1,その他,その他
2026-05-07,Red Fables,病院恋愛:アニメ医者ラブ,-,,ETC,Red Fables,0,1,その他,その他
2026-05-07,不明,病院恋愛:アニメ看護師ラブ,-,,ETC,不明,0,1,その他,その他
2026-05-07,TT,知ってびっくり!世界のことわざマルバツクイズ 〜楽しく学べる雑学〇×ゲーム〜,-,,ETC,TT,0,1,その他,その他
2026-05-07,14次元,韓国ドローン飛行ツアー塔亭湖,-,,ETC,14次元,0,1,その他,その他
2026-05-08,ラタライカゲームス,Codename: Black Crow,-,,ETC,ラタライカゲームス,0,1,その他,その他
2026-05-08,tinyBuild Games,KILL IT WITH FIRE! 2,-,,ETC,tinyBuild Games,0,1,その他,その他
2026-05-08,ケムコ,あく★パラ 〜Akuma's Paradise〜,-,,ETC,ケムコ,0,1,その他,その他
2026-05-08,Moulin aux Bulles,ディクラインズ・ドロップス,-,,ETC,Moulin aux Bulles,0,1,その他,その他
2026-05-13,Skystone Games,Black Jacket,-,,ETC,Skystone Games,0,1,その他,その他
2026-05-14,CONSANN REAL ESTATE,Ace Thunder: Aircraft Wingman Simulator,-,,ETC,CONSANN REAL ESTATE,0,1,その他,その他
2026-05-14,TrueMotion Interactive,Asphalt Paver,-,,ETC,TrueMotion Interactive,0,1,その他,その他
2026-05-14,Fun Games Studio,Bird Game III,-,,ETC,Fun Games Studio,0,1,その他,その他
2026-05-14,TrueMotion Interactive,Bodycamera FPS,-,,ETC,TrueMotion Interactive,0,1,その他,その他
2026-05-14,Andrei Ivashentsev,Colorizing: Daylight,-,,ETC,Andrei Ivashentsev,0,1,その他,その他
2026-05-14,Brainium Games,Dead Patrol,-,,ETC,Brainium Games,0,1,その他,その他
2026-05-14,Fun Games Studio,Drone Simulator SMASH ZOMBIES,-,,ETC,Fun Games Studio,0,1,その他,その他
2026-05-14,TERNOX,Dungeonloop,-,,ETC,TERNOX,0,1,その他,その他
2026-05-14,GAME NACIONAL,FPS Dinosaurs,-,,ETC,GAME NACIONAL,0,1,その他,その他
2026-05-14,17Studio,Good Girls: Temptation in Disguise,-,,ETC,17Studio,0,1,その他,その他
2026-05-14,Downmeadowstreet,Isle Vacation,-,,ETC,Downmeadowstreet,0,1,その他,その他
2026-05-14,Downmeadowstreet,Jigsaw Puzzle: Around the World,-,,ETC,Downmeadowstreet,0,1,その他,その他
2026-05-14,Afil Games,Little Helper Cafe: Sugar Cubes,-,,ETC,Afil Games,0,1,その他,その他
2026-05-14,Beep,NITRO GEN OMEGA ナイトロジェンオメガ,-,,ETC,Beep,0,1,その他,その他
2026-05-14,Silver Lining,Outbound / アウトバウンド,-,YES,ETC,Silver Lining,0,1,その他,その他
2026-05-14,COMMANDO PANDA,Pawbay,-,,ETC,COMMANDO PANDA,0,1,その他,その他
2026-05-14,Eathrabaria,Pocket Ludo ポケット・ルード,-,,ETC,Eathrabaria,0,1,その他,その他
2026-05-14,DANGEN Entertainment,RoadOut,-,,ETC,DANGEN Entertainment,0,1,その他,その他
2026-05-14,Afil Games,Snack and Quack: Duckling Steps,-,,ETC,Afil Games,0,1,その他,その他
2026-05-14,DubassGames,Tobacco Business Simulator,-,,ETC,DubassGames,0,1,その他,その他
2026-05-14,Abylight,Underling Uprising,-,,ETC,Abylight,0,1,その他,その他
2026-05-14,Bad Minions,XIII A Final Game of Tarot,-,,ETC,Bad Minions,0,1,その他,その他
2026-05-14,EpiXR Games,エアリーカームホライゾン,-,,ETC,EpiXR Games,0,1,その他,その他
2026-05-14,Fordesoft,エターナル・エクソダス,-,,ETC,Fordesoft,0,1,その他,その他
2026-05-14,GaniTani,クレヨンどうぶつ農場,-,,ETC,GaniTani,0,1,その他,その他
2026-05-14,3goo,スヌーピーとワクワクひみつクラブ,-,,ETC,3goo,0,1,その他,その他
2026-05-14,eastasiasoft,ゼルドナーエックス2 〜ディフィニティブ・エディション〜,-,,ETC,eastasiasoft,0,1,その他,その他
2026-05-14,Zing Games,ゾンビ ローラーズ・最後の戦艦,-,,ETC,Zing Games,0,1,その他,その他
2026-05-14,レイニーフロッグ,トラッシュゴブリン,-,,ETC,レイニーフロッグ,0,1,その他,その他
2026-05-14,Platuro,パラノーマル・オブザベーション,-,,ETC,Platuro,0,1,その他,その他
2026-05-14,Entity3,ボールラッシュスリー,-,,ETC,Entity3,0,1,その他,その他
2026-05-14,Artax Games,マジックツインズ,-,,ETC,Artax Games,0,1,その他,その他
2026-05-14,SAT-BOX,ワンオペ!コンビニ,-,,ETC,SAT-BOX,0,1,その他,その他
2026-05-14,TT,世界のびっくり法律 ○×クイズ－ツッコミたくなる世界のルール大集合－,-,,ETC,TT,0,1,その他,その他
2026-05-14,TT,大人の本気学力テスト〈高校編〉－解けたらすごい！高校総合テスト－,-,,ETC,TT,0,1,その他,その他
2026-05-14,Feardemic,忍び寄る恐怖:クトゥルフ選集 - コンプリート・エディション,-,,ETC,Feardemic,0,1,その他,その他
2026-05-14,Upscale Studio,悪いアライグマ,-,,ETC,Upscale Studio,0,1,その他,その他
2026-05-14,TT,本気で挑む 超難関常識チェック－全問正解できる人はほぼいない－,-,,ETC,TT,0,1,その他,その他
2026-05-14,しにせゲームズ,水泳戦士ガチャシミュレーター,-,,ETC,しにせゲームズ,0,1,その他,その他
2026-05-14,HERO GAME,美咲の推理 その手に握るもの,-,,ETC,HERO GAME,0,1,その他,その他
2026-05-15,ラタライカゲームス,Middle Evil: The Priest,-,,ETC,ラタライカゲームス,0,1,その他,その他
2026-05-15,eastasiasoft,UFOPHILIA,-,,ETC,eastasiasoft,0,1,その他,その他
2026-05-19,GIANTS Softwareセガ,Farming Simulator 26: Nintendo Switch Edition,-,YES,ETC,GIANTS Softwareセガ,0,1,その他,その他
2026-05-20,Kwalee（英語版）,Rune Dice,-,,ETC,Kwalee（英語版）,0,1,その他,その他
2026-05-21,McPeppergames,Animal Farm Coloring Book for Kids & Toddlers,-,,ETC,McPeppergames,0,1,その他,その他
2026-05-21,Eclipse Interactive,Apex 2026: Rise of Legends,-,,ETC,Eclipse Interactive,0,1,その他,その他
2026-05-21,eastasiasoft,Atomic Owl,-,,ETC,eastasiasoft,0,1,その他,その他
2026-05-21,Silesia Games,Cats and Seek: Tokyo,-,,ETC,Silesia Games,0,1,その他,その他
2026-05-21,DEZVOLT GAMES,Chained Climb Together: Local Co-Op,-,,ETC,DEZVOLT GAMES,0,1,その他,その他
2026-05-21,GaniTani,Coffee Fox: Kim Samwol,-,,ETC,GaniTani,0,1,その他,その他
2026-05-21,Gametry,Cook the Word,-,,ETC,Gametry,0,1,その他,その他
2026-05-21,Brainium Games,Cosmic Mirage,-,,ETC,Brainium Games,0,1,その他,その他
2026-05-21,Croix Apps,Dice Goblins Clicker,-,,ETC,Croix Apps,0,1,その他,その他
2026-05-21,RandomSpin Games,DRIFTCRAFT,-,,ETC,RandomSpin Games,0,1,その他,その他
2026-05-21,Play Games,Drive Thru Fast Food Simulator,-,,ETC,Play Games,0,1,その他,その他
2026-05-21,RandomSpin Games,Escape Tsunami For Brainrots,-,,ETC,RandomSpin Games,0,1,その他,その他
2026-05-21,Phoenixx,GooNECT√2,-,,ETC,Phoenixx,0,1,その他,その他
2026-05-21,Afil Games,Habitat Shapes: The Tropical Journey,-,,ETC,Afil Games,0,1,その他,その他
2026-05-21,ボルテージ,Havenfall is for Lovers,-,,ETC,ボルテージ,0,1,その他,その他
2026-05-21,Winking,Heroine Anthem Zero 2: Scalescars Oath,-,,ETC,Winking,0,1,その他,その他
2026-05-21,PlayForFun,House Cleaning Simulator,-,,ETC,PlayForFun,0,1,その他,その他
2026-05-21,MASK,K-POP推し活 韓国語クイズ 〜推し活で使える言葉を楽しく学ぼう〜,-,,ETC,MASK,0,1,その他,その他
2026-05-21,Microids（英語版）,King of Tokyo - Richard Garfield,-,,ETC,Microids（英語版）,0,1,その他,その他
2026-05-21,Eathrabaria,One Man Army 一人軍団,-,,ETC,Eathrabaria,0,1,その他,その他
2026-05-21,Downmeadowstreet,Parkour Obby: Toxic Escape,-,,ETC,Downmeadowstreet,0,1,その他,その他
2026-05-21,17Studio,Photo Girls: No Retouch,-,,ETC,17Studio,0,1,その他,その他
2026-05-21,Bad Minions,Poko's Arctic Quest,-,,ETC,Bad Minions,0,1,その他,その他
2026-05-21,DubassGames,Roadtrip Ruckus: RV Survival Crew,-,,ETC,DubassGames,0,1,その他,その他
2026-05-21,GazeGames Interactive,Sapphire Tempest,-,,ETC,GazeGames Interactive,0,1,その他,その他
2026-05-21,Downmeadowstreet,Scorched Lands,-,,ETC,Downmeadowstreet,0,1,その他,その他
2026-05-21,Halva Studio,Shipwrecked Survival 2 シップレックド・サバイバル 2,-,,ETC,Halva Studio,0,1,その他,その他
2026-05-21,Gametry,Skyforge Trails,-,,ETC,Gametry,0,1,その他,その他
2026-05-21,DEZVOLT GAMES,Subway Simulator - Underground Train REMASTER,-,,ETC,DEZVOLT GAMES,0,1,その他,その他
2026-05-21,Future Friends Games,SUMMERHOUSE（英語版）,-,,ETC,Future Friends Games,0,1,その他,その他
2026-05-21,PM Studios,Table Flip Simulator,-,,ETC,PM Studios,0,1,その他,その他
2026-05-21,Puppet Combo,The Backrooms,-,,ETC,Puppet Combo,0,1,その他,その他
2026-05-21,Nerd Games,The Frog's Adventure,-,,ETC,Nerd Games,0,1,その他,その他
2026-05-21,Black Lantern Collective,We. The Refugees: Ticket to Europe,-,,ETC,Black Lantern Collective,0,1,その他,その他
2026-05-21,404 Games,YOLKED,-,,ETC,404 Games,0,1,その他,その他
2026-05-21,MASK,おくだけスタディカタカナ,-,,ETC,MASK,0,1,その他,その他
2026-05-21,ジー・モード,みんなで空気読み。ワールド タイVer.,-,,ETC,ジー・モード,0,1,その他,その他
2026-05-21,TT,わかれば一流!難読漢字穴埋めクイズ,-,,ETC,TT,0,1,その他,その他
2026-05-21,コーラス・ワールドワイド,コーヒートーク トーキョー,32,,ADV,コーラス・ワールドワイド,0,1,バリスタ体験ノベル,その他
2026-05-21,サクセス,サイヴァリア3,-,YES,ETC,サクセス,0,1,その他,その他
2026-05-21,トローゼ,シャドウトリガー コバートオプス,-,,ETC,トローゼ,0,1,その他,その他
2026-05-21,エマクリエイト,シルと星無きセカイの再栄録,-,,ETC,エマクリエイト,0,1,その他,その他
2026-05-21,EpiXR Games,ソリテアレジェンズ フェーブルズアンドフェアリテールズ,-,,ETC,EpiXR Games,0,1,その他,その他
2026-05-21,EpiXR Games,ヘーディーズアプライジング,-,,ETC,EpiXR Games,0,1,その他,その他
2026-05-21,MASK,日常に潜む違和感ミステリー－事件は日常の中にある－,-,,ETC,MASK,0,1,その他,その他
2026-05-21,TT,脳トレ!並べ替えクイズ－その順番、正しいのかな？－,-,,ETC,TT,0,1,その他,その他
2026-05-22,ラタライカゲームス,Chicken Climber,-,,ETC,ラタライカゲームス,0,1,その他,その他
2026-05-22,Nerd Games,Relic Digger レリック・ディガー,-,,ETC,Nerd Games,0,1,その他,その他
2026-05-26,4Divinity,Realm of Ink,-,,ETC,4Divinity,0,1,その他,その他
2026-05-27,Team17（英語版）,LumenTale: 追憶の軌跡,-,,ETC,Team17（英語版）,0,1,その他,その他
2026-05-28,Brainium Games,Alien Cat Story,-,,ETC,Brainium Games,0,1,その他,その他
2026-05-28,Dread XP,Amanda the Adventurer 3（英語版）,-,,ETC,Dread XP,0,1,その他,その他
2026-05-28,McPeppergames,Animal Coloring Book for Kids & Toddlers: Unicorns,-,,ETC,McPeppergames,0,1,その他,その他
2026-05-28,RandomSpin Games,Backrooms: Escape The Brainrot,-,,ETC,RandomSpin Games,0,1,その他,その他
2026-05-28,Brainium Games,Bestial Reception,-,,ETC,Brainium Games,0,1,その他,その他
2026-05-28,PM Studios,Bluey's Quest For The Gold Pen（英語版）,-,,ETC,PM Studios,0,1,その他,その他
2026-05-28,RioverseGames,Car Sales Simulator,-,,ETC,RioverseGames,0,1,その他,その他
2026-05-28,CGI GERMANY DESIGN,Car Sales Simulator 2026,-,,ETC,CGI GERMANY DESIGN,0,1,その他,その他
2026-05-28,QitzSoft,CardQuest-SimpleCardGame-,-,,ETC,QitzSoft,0,1,その他,その他
2026-05-28,RedDeer.Games,Cat&Rabbit Magic Farming,-,,ETC,RedDeer.Games,0,1,その他,その他
2026-05-28,Vidas Games,Clown Is Hungry,-,,ETC,Vidas Games,0,1,その他,その他
2026-05-28,Tashlik,Cozy Valley Life,-,,ETC,Tashlik,0,1,その他,その他
2026-05-28,CONSANN REAL ESTATE,Dead Gears - Space of War,-,,ETC,CONSANN REAL ESTATE,0,1,その他,その他
2026-05-28,Take IT Studio!,Do You even Forklift?,-,,ETC,Take IT Studio!,0,1,その他,その他
2026-05-28,Brainium Games,Exodus: Creepy Time,-,,ETC,Brainium Games,0,1,その他,その他
2026-05-28,Play Lab,Flight Simulator 2026,-,,ETC,Play Lab,0,1,その他,その他
2026-05-28,Eclipse Interactive,Formula 2026: Rise of Legends,-,,ETC,Eclipse Interactive,0,1,その他,その他
2026-05-28,17Studio,Hidden Pleasure: Faster and Faster,-,,ETC,17Studio,0,1,その他,その他
2026-05-28,404 Games,High and Dry,-,,ETC,404 Games,0,1,その他,その他
2026-05-28,NAISU,Judero,-,,ETC,NAISU,0,1,その他,その他
2026-05-28,Seaven Studio,Kabuto Park カブトパーク,-,,ETC,Seaven Studio,0,1,その他,その他
2026-05-28,Mameshiba Games,Kiko's Apple Adventure,-,,ETC,Mameshiba Games,0,1,その他,その他
2026-05-28,LUCKY RACCOON GAMES,Micro Overdrive: Home Tour,-,,ETC,LUCKY RACCOON GAMES,0,1,その他,その他
2026-05-28,Sometimes You,Midnight Swamp,-,,ETC,Sometimes You,0,1,その他,その他
2026-05-28,Forever Entertainment,N.E.R.D,-,,ETC,Forever Entertainment,0,1,その他,その他
2026-05-28,NAISU,Night Swarm,-,,ETC,NAISU,0,1,その他,その他
2026-05-28,eastasiasoft,Nitro City Racing,-,,ETC,eastasiasoft,0,1,その他,その他
2026-05-28,RedDeer.Games,Pick & Place,-,,ETC,RedDeer.Games,0,1,その他,その他
2026-05-28,Afil Games,Piggy's Farm,-,,ETC,Afil Games,0,1,その他,その他
2026-05-28,Eathrabaria,Puzztrail パズルトレイル,-,,ETC,Eathrabaria,0,1,その他,その他
2026-05-28,dramatic create/ヒューネックス,Starry☆Sky〜Spring Stories〜,-,YES,ETC,dramatic create/ヒューネックス,0,1,その他,その他
2026-05-28,不明,Tiny Builders Coloring Book for Kids,-,,ETC,不明,0,1,その他,その他
2026-05-28,Alawar Premium（英語版）,Wall World 2,-,,ETC,Alawar Premium（英語版）,0,1,その他,その他
2026-05-28,Afil Games,Zoo Orbs: Safari,-,,ETC,Afil Games,0,1,その他,その他
2026-05-28,Atari,やまねこバブジー4D（英語版）,-,,ETC,Atari,0,1,その他,その他
2026-05-28,サイバーステップ,りかも〜ど♡,-,,ETC,サイバーステップ,0,1,その他,その他
2026-05-28,トローゼ,キューティースクワッド クライムウォー,-,,ETC,トローゼ,0,1,その他,その他
2026-05-28,Entity3,クロスバーズ,-,,ETC,Entity3,0,1,その他,その他
2026-05-28,集英社ゲームズ,シュレディンガーズ・コール（英語版）,-,,ETC,集英社ゲームズ,0,1,その他,その他
2026-05-28,Wales Interactive（英語版）,スライミィマインズのオクチへ,-,,ETC,Wales Interactive（英語版）,0,1,その他,その他
2026-05-28,エクスペリエンス,デモンキルデモン 〜黄泉1984〜,32,YES,RPG,エクスペリエンス,7268_0m_5239,1,ダンジョンRPG,その他
2026-05-28,ゲームロフト,ニコロデオン・エクストリーム・テニス:ネクスト!,-,,ETC,ゲームロフト,0,1,その他,その他
2026-05-28,SAT-BOX,バレずにギリギリミッション!,-,,ETC,SAT-BOX,0,1,その他,その他
2026-05-28,Upscale Studio,ペーパーリー,-,,ETC,Upscale Studio,0,1,その他,その他
2026-05-28,Mob Entertainment,ポピープレイタイム5,-,,ETC,Mob Entertainment,0,1,その他,その他
2026-05-28,EpiXR Games,マスパルズディーノーアキャデミー,-,,ETC,EpiXR Games,0,1,その他,その他
2026-05-28,MASK,モザイククイズ 早押しバトル－視力と直感のスピードバトル－,-,,ETC,MASK,0,1,その他,その他
2026-05-28,NOSTRA GAMES,リスキーロードズ Risky Roads,-,,ETC,NOSTRA GAMES,0,1,その他,その他
2026-05-28,TT,ワード探偵 IQ200への挑戦－超難問名探偵からのナゾトキ脳トレ脳活推理ミステリー－,-,,ETC,TT,0,1,その他,その他
2026-05-28,明電舎,下水王国,-,,ETC,明電舎,0,1,その他,その他
2026-05-28,Wise Games,島ロボット‌の農場,-,,ETC,Wise Games,0,1,その他,その他
2026-05-28,Red Fables,恐竜進化!捕まえて育てる原始イケメン,-,,ETC,Red Fables,0,1,その他,その他
2026-05-28,不明,恐竜進化!捕まえて育てる原始美少女,-,,ETC,不明,0,1,その他,その他
2026-05-28,ビサイド,東方ゆっくりマウンテン,-,,ETC,ビサイド,0,1,その他,その他
2026-05-28,TT,猫様に選ばれるための1000問－猫様に見捨てられないための試験－,-,,ETC,TT,0,1,その他,その他
2026-05-28,HERO GAME,美咲の推理2 甘味島殺人事件,-,,ETC,HERO GAME,0,1,その他,その他
2026-05-28,AlignmentSharp,脱出ゲーム R00M13,-,,ETC,AlignmentSharp,0,1,その他,その他
2026-05-28,しにせゲームズ,陸上娘ガチャシミュレーター 稼いで回して売ってまた回す!,-,,ETC,しにせゲームズ,0,1,その他,その他
2026-05-29,ラタライカゲームス,A Frog's Job 2: Froggina,-,,ETC,ラタライカゲームス,0,1,その他,その他
2026-05-29,ヨットクラブゲームズ（英語版）,Mina the Hollower（英語版）,-,,ETC,ヨットクラブゲームズ（英語版）,0,1,その他,その他
2026-05-29,Dreamotion,My Little Puppy,-,YES,ETC,Dreamotion,0,1,その他,その他
2026-05-29,Playstack,One Move Away,-,,ETC,Playstack,0,1,その他,その他
2026-05-30,QubicGames,Bag Fight バッグファイト,-,,ETC,QubicGames,0,1,その他,その他
2026-06-04,Silesia Games,Animal Puzzles,-,,ETC,Silesia Games,0,1,その他,その他
2026-06-04,17Studio,Anime Codex: Final Pose,-,,ETC,17Studio,0,1,その他,その他
2026-06-04,STG SOFTWARE SRL,Car Racing - Auto & Formula Sport,-,,ETC,STG SOFTWARE SRL,0,1,その他,その他
2026-06-04,St Pow Games,Counter Call - Half Escape Shooter,-,,ETC,St Pow Games,0,1,その他,その他
2026-06-04,Andrei Ivashentsev,Crystalase,-,,ETC,Andrei Ivashentsev,0,1,その他,その他
2026-06-04,Big Way,Damsels in Distress,-,,ETC,Big Way,0,1,その他,その他
2026-06-04,RandomSpin Games,Fish In,-,,ETC,RandomSpin Games,0,1,その他,その他
2026-06-04,Downmeadowstreet,Frogborne,-,,ETC,Downmeadowstreet,0,1,その他,その他
2026-06-04,Afil Games,Golem Lights,-,,ETC,Afil Games,0,1,その他,その他
2026-06-04,17Studio,Good Girls: Sweet Faces,-,,ETC,17Studio,0,1,その他,その他
2026-06-04,Pixel Lantern,Hamstory,-,,ETC,Pixel Lantern,0,1,その他,その他
2026-06-04,St Pow Games,Helicopter Shooter - Hot Ace Heli War Borne,-,,ETC,St Pow Games,0,1,その他,その他
2026-06-04,17Studio,Hidden Legends 2,-,,ETC,17Studio,0,1,その他,その他
2026-06-04,Brainium Games,Lord of the Click 4,-,,ETC,Brainium Games,0,1,その他,その他
2026-06-04,不明,Lord of the Click 5,-,,ETC,不明,0,1,その他,その他
2026-06-04,Eathrabaria,Planetfall Conquerors プラネットフォール・コンクエラーズ,-,,ETC,Eathrabaria,0,1,その他,その他
2026-06-04,Eathrabaria,PuzzleCore,-,,ETC,Eathrabaria,0,1,その他,その他
2026-06-04,Sometimes You,Scarlet Wolf,-,,ETC,Sometimes You,0,1,その他,その他
2026-06-04,Trefl S.A,Seals from the Frosty Bay,-,,ETC,Trefl S.A,0,1,その他,その他
2026-06-04,eastasiasoft,Springbot: The Last Spark,-,,ETC,eastasiasoft,0,1,その他,その他
2026-06-04,Sometimes You,Tale of Dark Lands,-,,ETC,Sometimes You,0,1,その他,その他
2026-06-04,アリカ,TETRIS THE GRAND MASTER 4 -ABSOLUTE EYE-,-,,ETC,アリカ,0,1,その他,その他
2026-06-04,404 Games,The Fallen Kingdom,-,,ETC,404 Games,0,1,その他,その他
2026-06-04,アークシステムワークス,くにおくんの熱血西遊記 天竺乱闘編,-,,ETC,アークシステムワークス,0,1,その他,その他
2026-06-04,GaniTani,クレヨン魔法の世界,-,,ETC,GaniTani,0,1,その他,その他
2026-06-04,賈船,ジョン モーリー最後の事件簿,-,,ETC,賈船,0,1,その他,その他
2026-06-04,EpiXR Games,ソーラーソングズオブザストーン,-,,ETC,EpiXR Games,0,1,その他,その他
2026-06-04,Upscale Studio,デス・アトラクション,-,,ETC,Upscale Studio,0,1,その他,その他
2026-06-04,FORZA GAMES,バトルストライク,-,,ETC,FORZA GAMES,0,1,その他,その他
2026-06-04,NOSTRA GAMES,ローリングウィールズ Rolling Wheels,-,,ETC,NOSTRA GAMES,0,1,その他,その他
2026-06-04,レジスタ,ワンマン列車,-,,ETC,レジスタ,0,1,その他,その他
2026-06-04,トローゼ,ワールドウォー D-デイ 1944,-,,ETC,トローゼ,0,1,その他,その他
2026-06-04,MASK,常識で見抜け!ありえない世界－その違和感、見逃すな－,-,,ETC,MASK,0,1,その他,その他
2026-06-04,Upscale Studio,怒れるカピバラ,-,,ETC,Upscale Studio,0,1,その他,その他
2026-06-04,MASK,目指せ上忍!忍者3択検定,-,,ETC,MASK,0,1,その他,その他
2026-06-04,14次元,韓国ドローン飛行ツアー安眠邑,-,,ETC,14次元,0,1,その他,その他
2026-06-05,ラタライカゲームス,Steamboat Incident,-,,ETC,ラタライカゲームス,0,1,その他,その他
2026-06-05,ケムコ,ヴィラン転生〜死亡確定の悪役モブに転生したけど2回も死にたくないので暗躍してやる!〜,-,,ETC,ケムコ,0,1,その他,その他
2026-06-10,Dovetail Games（英語版）,きかんしゃトーマス:ソドー島の不思議,-,,ETC,Dovetail Games（英語版）,0,1,その他,その他
2026-06-11,Penguin Pop Games,Aleesha's Tower,-,,ETC,Penguin Pop Games,0,1,その他,その他
2026-06-11,Nuntius Games,Arashi Gaiden,-,,ETC,Nuntius Games,0,1,その他,その他
2026-06-11,Gametry,Archery King,-,,ETC,Gametry,0,1,その他,その他
2026-06-11,RandomSpin Games,Backrooms Phases,-,,ETC,RandomSpin Games,0,1,その他,その他
2026-06-11,Alawar Premium,Beholder: Conductor,-,,ETC,Alawar Premium,0,1,その他,その他
2026-06-11,Play Lab,Cozy Home Unpacking,-,,ETC,Play Lab,0,1,その他,その他
2026-06-11,17Studio,Good Girls: Seduction Starts With a Smile,-,,ETC,17Studio,0,1,その他,その他
2026-06-11,Afil Games,Honey Sprint,-,,ETC,Afil Games,0,1,その他,その他
2026-06-11,GAME NACIONAL,Kitten Island 2,-,,ETC,GAME NACIONAL,0,1,その他,その他
2026-06-11,Eathrabaria,Laser Logic レーザーロジック,-,,ETC,Eathrabaria,0,1,その他,その他
2026-06-11,asmodeus,Legolast Tiny Builder,-,,ETC,asmodeus,0,1,その他,その他
2026-06-11,CGI LAB GAMES,Little Kitty Meow,-,,ETC,CGI LAB GAMES,0,1,その他,その他
2026-06-11,eastasiasoft,Love Chemistry - Sibella's Formula,-,,ETC,eastasiasoft,0,1,その他,その他
2026-06-11,RandomSpin Games,Memebonk,-,,ETC,RandomSpin Games,0,1,その他,その他
2026-06-11,Soroka Games,Minesweeper Pro,-,,ETC,Soroka Games,0,1,その他,その他
2026-06-11,Secret Item Games,Mori Carta,-,,ETC,Secret Item Games,0,1,その他,その他
2026-06-11,Peaksel,Pixel Art ドット絵塗り絵2,-,,ETC,Peaksel,0,1,その他,その他
2026-06-11,Sometimes You,Poetic Trio,-,,ETC,Sometimes You,0,1,その他,その他
2026-06-11,eastasiasoft,Secret Paws - Cozy Apartments,-,,ETC,eastasiasoft,0,1,その他,その他
2026-06-11,Thorium G,Serious Carnage - Adrenaline Shooter,-,,ETC,Thorium G,0,1,その他,その他
2026-06-11,LemonChili Games,Super Farming Boy,-,,ETC,LemonChili Games,0,1,その他,その他
2026-06-11,17Studio,The Last of Touch,-,,ETC,17Studio,0,1,その他,その他
2026-06-11,Gametry,Thornkin,-,,ETC,Gametry,0,1,その他,その他
2026-06-11,Indoor AstronautKepler Interactive（英語版）,Unrailed 2:バック・オン・トラック,33,YES,SLG,Indoor AstronautKepler Interactive（英語版）,7276_0m_5247,1,鉄道建設協力ゲーム,その他
2026-06-11,Assemble Entertainment,Urban Jungle,-,,ETC,Assemble Entertainment,0,1,その他,その他
2026-06-11,MASK,あなたは通用する?全世界常識チェック－大人なら知っておきたい国際常識－,-,,ETC,MASK,0,1,その他,その他
2026-06-11,Yagni Lab,おにぎり屋さんシミュレーター,-,,ETC,Yagni Lab,0,1,その他,その他
2026-06-11,MASK,ことばパスポート: おでかけ日本語クイズ 〜日常で使う日本の言葉〜,-,,ETC,MASK,0,1,その他,その他
2026-06-11,Red Fables,アフロディーテ進化武器サバイバー:ギリシャ神々 vs 天国,-,,ETC,Red Fables,0,1,その他,その他
2026-06-11,Entity3,ザタワーズ,-,,ETC,Entity3,0,1,その他,その他
2026-06-11,RAWRLAB Games,ジュディのアドベンチャーDX,-,,ETC,RAWRLAB Games,0,1,その他,その他
2026-06-11,EpiXR Games,ソリテアレジェンズ - サクラドリームズ,-,,ETC,EpiXR Games,0,1,その他,その他
2026-06-11,Sunjoy Game,トキめき恋の旅:桜の章,-,,ETC,Sunjoy Game,0,1,その他,その他
2026-06-11,GaniTani,ドキドキ デコハウス,-,,ETC,GaniTani,0,1,その他,その他
2026-06-11,コナミデジタルエンタテインメント,パワフルプロ野球2026-2027,34,YES,SPT,コナミデジタルエンタテインメント,7290_0m_5261,1,野球・育成,その他
2026-06-11,NOSTRA GAMES,フリッピージャンプ Flippy Jump,-,,ETC,NOSTRA GAMES,0,1,その他,その他
2026-06-11,MASK,マルバツTHE WORLD,-,,ETC,MASK,0,1,その他,その他
2026-06-11,Red Fables,ユーチューバーガールズ:カメラの裏の恋,-,,ETC,Red Fables,0,1,その他,その他
2026-06-11,不明,ユーチューバーボーイズ:カメラの裏の恋,-,,ETC,不明,0,1,その他,その他
2026-06-11,Supergonk,ワールドリー:国旗・首都・地図クイズ,-,,ETC,Supergonk,0,1,その他,その他
2026-06-11,しにせゲームズ,地下鉄プラス 十京メトロビッグエド線フリードライブ編,-,,ETC,しにせゲームズ,0,1,その他,その他
2026-06-11,エイジ,大食いガールズ,-,,ETC,エイジ,0,1,その他,その他
2026-06-11,Happy Player,時の龍環 (Dragon Loop),-,,ETC,Happy Player,0,1,その他,その他
2026-06-11,しにせゲームズ,異世界ガチャシミュレーター 魔法で戦う少女のカードコレクション,-,,ETC,しにせゲームズ,0,1,その他,その他
2026-06-11,MASK,美女たちのサマーフォトパズル 〜夏の日差しとリゾートの思い出〜,-,,ETC,MASK,0,1,その他,その他
2026-06-11,SAT-BOX,釣って!世界の魚つり,-,,ETC,SAT-BOX,0,1,その他,その他
2026-06-12,ラタライカゲームス,Pitstop in Purgatory,-,,ETC,ラタライカゲームス,0,1,その他,その他
2026-06-18,PM Studios,＃DRIVE Rally,-,,ETC,PM Studios,0,1,その他,その他
2026-06-18,Testagamercreations,Auto Shop Simulator,-,,ETC,Testagamercreations,0,1,その他,その他
2026-06-18,バイキング,Dialoop -パズルでローグはじめました-,-,,ETC,バイキング,0,1,その他,その他
2026-06-18,Cyber Monkey Studios,Hellbrella,-,,ETC,Cyber Monkey Studios,0,1,その他,その他
2026-06-18,Afil Games,Immunuzzle,-,,ETC,Afil Games,0,1,その他,その他
2026-06-18,CGI LAB GAMES,Inversion: The Single Path,-,,ETC,CGI LAB GAMES,0,1,その他,その他
2026-06-18,St Pow Games,Offroad Craft Runner 4x4 Simulator,-,,ETC,St Pow Games,0,1,その他,その他
2026-06-18,404 Games,Oni Station,-,,ETC,404 Games,0,1,その他,その他
2026-06-18,STEAM STREET,P.I.S.ファイル,-,,ETC,STEAM STREET,0,1,その他,その他
2026-06-18,Pdpartid@games,Space Dragons,-,,ETC,Pdpartid@games,0,1,その他,その他
2026-06-18,CGI GERMANY DESIGN,Strays POV Tales,-,,ETC,CGI GERMANY DESIGN,0,1,その他,その他
2026-06-18,kumogami,Super Scram Kitty,-,,ETC,kumogami,0,1,その他,その他
2026-06-18,Headup Games,The Coma 3: Bloodlines,-,,ETC,Headup Games,0,1,その他,その他
2026-06-18,Afil Games,To Bee Jazz,-,,ETC,Afil Games,0,1,その他,その他
2026-06-18,TT,イケメン・ウォッチング 次々現れる顔を覚えろ！－見逃したら終わり、美男子の変化を記憶せよ－,-,,ETC,TT,0,1,その他,その他
2026-06-18,MIZUBLUE GAMES,ココロアップリケ,-,,ETC,MIZUBLUE GAMES,0,1,その他,その他
2026-06-18,SOFT SOURCE,ジュルナル・リサ:ダーク・デスティニー,-,,ETC,SOFT SOURCE,0,1,その他,その他
2026-06-18,Phoenixx,ダンジョン崩し,-,,ETC,Phoenixx,0,1,その他,その他
2026-06-18,MASK,ノイマン教授と学ぶ大人認定テスト－世界基準の知識力をあなたに－,-,,ETC,MASK,0,1,その他,その他
2026-06-18,HUNTERS,フェアリーテールファイターズ,-,,ETC,HUNTERS,0,1,その他,その他
2026-06-18,NOSTRA GAMES,プラネットダイバーズ Planet Divers,-,,ETC,NOSTRA GAMES,0,1,その他,その他
2026-06-18,MASK,マンガで身につく！クイズでネイティブ英会話－アメリカ人が毎日使うかんたん4択英語学習テスト－,-,,ETC,MASK,0,1,その他,その他
2026-06-18,プロトタイプ,嘘から始まる恋の夏,-,YES,ETC,プロトタイプ,7278_0m_5249,1,その他,その他
2026-06-18,GD Studio,夢物語の街 (Whisper of the House),-,,ETC,GD Studio,0,1,その他,その他
2026-06-18,GAME NACIONAL,幻影のドラゴン Dragon of Illusion,-,,ETC,GAME NACIONAL,0,1,その他,その他
2026-06-18,TT,当たりすぎて怖い…この画像でわかるあなたの本音－隠された感情を、あなたは見抜けるか－,-,,ETC,TT,0,1,その他,その他
2026-06-18,わくわくゲームズ,最終回収SQUAD,-,,ETC,わくわくゲームズ,0,1,その他,その他
2026-06-18,Red Fables,東京ヤクザアイドル:反逆美少女の心を救え,-,,ETC,Red Fables,0,1,その他,その他
2026-06-18,不明,東京ヤクザアイドル:反逆美少年の心を救え,-,,ETC,不明,0,1,その他,その他
2026-06-18,Pineapple Works,爆走!立体駐車場ラリー,-,,ETC,Pineapple Works,0,1,その他,その他
2026-06-18,しにせゲームズ,部活少女ヒロインガチャシミュレーター あつめよう!部活を頑張るヒロインのURカード編,-,,ETC,しにせゲームズ,0,1,その他,その他
2026-06-23,Devolver Digital,Dark Scrolls,-,,ETC,Devolver Digital,0,1,その他,その他
2026-06-23,Annapurna Interactive,Wanderstop（英語版）,-,,ETC,Annapurna Interactive,0,1,その他,その他
2026-06-25,エディア,Blackish House ←sideZ -Retour-,-,YES,ETC,エディア,0,1,その他,その他
2026-06-25,Phoenixx,Clock Rogue,-,,ETC,Phoenixx,0,1,その他,その他
2026-06-25,CobraTekku Games,KIYO - Bunny Tyranny,-,,ETC,CobraTekku Games,0,1,その他,その他
2026-06-25,St Pow Games,Medieval Castle Siege Defense vs Invaders,-,,ETC,St Pow Games,0,1,その他,その他
2026-06-25,MAGES.,My Merry May with be,-,YES,ETC,MAGES.,0,1,その他,その他
2026-06-25,ビサイド,NAMCO LEGENDARY Mountains,-,,ETC,ビサイド,0,1,その他,その他
2026-06-25,eastasiasoft,Rat Protocol,-,,ETC,eastasiasoft,0,1,その他,その他
2026-06-25,HYPER REAL,SAEKO: Giantess Dating Sim,-,YES,ETC,HYPER REAL,0,1,その他,その他
2026-06-25,Afil Games,Sands and Relics,-,,ETC,Afil Games,0,1,その他,その他
2026-06-25,STG SOFTWARE SRL,Truck Simulator Driver 2026,-,,ETC,STG SOFTWARE SRL,0,1,その他,その他
2026-06-25,コンパイルハート,Villion:Code,30,YES,RPG,コンパイルハート,0,1,RPG,その他
2026-06-25,Odencat,ねずみバスターズ!,-,,ETC,Odencat,0,1,その他,その他
2026-06-25,SAT-BOX,ねらって!クレーンゲーム,-,,ETC,SAT-BOX,0,1,その他,その他
2026-06-25,サイバーステップ,わんたま☆らいふ 〜犬山たまきの修学旅行サバイバル〜,-,,ETC,サイバーステップ,0,1,その他,その他
2026-06-25,In Shambles Studio,キャットーのゆうびんきょく,-,,ETC,In Shambles Studio,0,1,その他,その他
2026-06-25,ケムコ,ケムコRPGセレクション Vol.14,-,YES,ETC,ケムコ,0,1,その他,その他
2026-06-25,ハムスター,コンソールアーカイブス ドラえもん for Nintendo Switch,-,,ETC,ハムスター,0,1,その他,その他
2026-06-25,エンターグラム,ゴーヘルゴー業 つきおとしてゴー,-,YES,ETC,エンターグラム,0,1,その他,その他
2026-06-25,Max Interactive Studio,ピクセルブラスター DX,-,,ETC,Max Interactive Studio,0,1,その他,その他
2026-06-25,イマジニア,メダロット カードロボトル RB カブト Ver.,32,YES,TBL,イマジニア,0,1,カードゲーム,その他
2026-06-25,●,メダロット カードロボトル RB クワガタ Ver.,32,,TBL,●,0,1,カードゲーム,その他
2026-06-25,AirVelocity,ラブピカルポッピー!,-,,ETC,AirVelocity,0,1,その他,その他
2026-06-25,NOSTRA GAMES,"ランサンドイッチラン Run, Sandwich, Run!",-,,ETC,NOSTRA GAMES,0,1,その他,その他
2026-06-25,dramatic create/ヒューネックス,世界滅亡共有幻想マミヤ,-,YES,ETC,dramatic create/ヒューネックス,0,1,その他,その他
2026-06-25,ジー・モード,千銃士:Rhodoknight for Nintendo Switch,-,YES,ETC,ジー・モード,0,1,その他,その他
2026-06-25,ロブスタジオ,多々狸ミタコの因習村配信ZP,-,,ETC,ロブスタジオ,0,1,その他,その他
2026-06-25,Red Fables,恋の孤島:禁断の誘惑イケメン,-,,ETC,Red Fables,0,1,その他,その他
2026-06-25,不明,恋の孤島:禁断の誘惑ガールズ,-,,ETC,不明,0,1,その他,その他
2026-06-25,AlignmentSharp,脱出ゲーム R00M14,-,,ETC,AlignmentSharp,0,1,その他,その他
2026-06-26,ラタライカゲームス,Axel Quest,-,,ETC,ラタライカゲームス,0,1,その他,その他
2026-06-30,ユービーアイソフト,モノポリー:スター・ウォーズ ヒーロー vs. ヴィラン,-,,ETC,ユービーアイソフト,0,1,その他,その他
2026-07-02,eastasiasoft,Clarity: The Seven Demons of Vanguardia,-,,ETC,eastasiasoft,0,1,その他,その他
2026-07-02,Frozax Games,Grids of Thermometers,-,,ETC,Frozax Games,0,1,その他,その他
2026-07-02,AGE Zero,Lost Little Things: ロスト・リトル・シングス,-,,ETC,AGE Zero,0,1,その他,その他
2026-07-02,Silver Lining,Momento,-,,ETC,Silver Lining,0,1,その他,その他
2026-07-02,St Pow Games,Parking Simulator: Retro Car Driving,-,,ETC,St Pow Games,0,1,その他,その他
2026-07-02,Tozai Games,R-Type Dimensions III,-,YES,ETC,Tozai Games,0,1,その他,その他
2026-07-02,コナミデジタルエンタテインメント,がんばれゴエモン大集合!,-,YES,ETC,コナミデジタルエンタテインメント,0,1,その他,その他
2026-07-02,MifaGames,たまご娘の牧場,-,,ETC,MifaGames,0,1,その他,その他
2026-07-02,NOSTRA GAMES,ザボーイズエスケープ The Boys Escape,-,,ETC,NOSTRA GAMES,0,1,その他,その他
2026-07-02,任天堂,リズム天国 ミラクルスターズ,-,YES,ETC,任天堂,0,1,その他,その他
2026-07-03,ラタライカゲームス,In Fair Spirits,-,,ETC,ラタライカゲームス,0,1,その他,その他
2026-07-09,アイディアファクトリー,CRAZY CHA!N -エルピスの鎖-,-,YES,ETC,アイディアファクトリー,0,1,その他,その他
2026-07-09,Play Lab,My Cozy Workspace,-,,ETC,Play Lab,0,1,その他,その他
2026-07-09,CONSANN REAL ESTATE,Rage District - Humanity Armageddon,-,,ETC,CONSANN REAL ESTATE,0,1,その他,その他
2026-07-09,NOSTRA GAMES,カラースネーク Color Snake,-,,ETC,NOSTRA GAMES,0,1,その他,その他
2026-07-09,バンダイナムコエンターテインメント,デジモンストーリー タイムストレンジャー,-,YES,ETC,バンダイナムコエンターテインメント,0,1,その他,その他
2026-07-09,クラウディッドレパードエンタテインメント,ムーンライト・ピークス -ヴァンパイアのゴシックライフ-,-,YES,ETC,クラウディッドレパードエンタテインメント,0,1,その他,その他
2026-07-09,qureate,東京ワルキューレ,-,,ETC,qureate,0,1,その他,その他
2026-07-09,インティ・クリエイツ,白き鋼鉄のX 1+2 デュアルコレクション,-,YES,ETC,インティ・クリエイツ,0,1,その他,その他
2026-07-09,"Re,AER",魔法少女ノ魔女裁判,-,YES,ETC,"Re,AER",0,1,その他,その他
2026-07-14,Annapurna Interactive,D-topia,-,,ETC,Annapurna Interactive,0,1,その他,その他
2026-07-16,Bliss Brain,70年代風ロボットアニメ ゲッP-X,-,YES,ETC,Bliss Brain,0,1,その他,その他
2026-07-16,The Quantum Astrophysicists Guild,Cozy Grove: Camp Spirit,-,,ETC,The Quantum Astrophysicists Guild,0,1,その他,その他
2026-07-16,プロトタイプ,Dreamin' Her - 僕は、彼女の夢を見る。 -,-,YES,ETC,プロトタイプ,0,1,その他,その他
2026-07-16,Prideful Sloth,Go-Go Town!,-,,ETC,Prideful Sloth,0,1,その他,その他
2026-07-16,ボルテージ,sins of KALEIDO 塔巡りし因果の魔女,-,,ETC,ボルテージ,0,1,その他,その他
2026-07-16,Yeah Us!,Streetdog BMX,-,,ETC,Yeah Us!,0,1,その他,その他
2026-07-16,CGI GERMANY DESIGN,Wild West Survivors,-,,ETC,CGI GERMANY DESIGN,0,1,その他,その他
2026-07-16,ネオス,カルドセプト ビギンズ,-,YES,ETC,ネオス,0,1,その他,その他
2026-07-16,NOSTRA GAMES,ゾンビレギオン Zombie Legion,-,,ETC,NOSTRA GAMES,0,1,その他,その他
2026-07-16,アイディアファクトリー,ヒプノシスマイク -Alternative Rap Battle- 2nd period,-,YES,ETC,アイディアファクトリー,0,1,その他,その他
2026-07-16,日本ファルコム,亰都ザナドゥ -桜花幻舞-,-,YES,ETC,日本ファルコム,0,1,その他,その他
2026-07-16,Mango Council,連れてって、ダンジョンへ!!,-,,ETC,Mango Council,0,1,その他,その他
2026-07-23,GAMEPIA,Staffer Retro: 超能力推理クエスト,-,YES,ETC,GAMEPIA,0,1,その他,その他
2026-07-23,MAGES.,お隣の天使様にいつの間にか駄目人間にされていた件 Memorial Vacation,-,YES,ETC,MAGES.,0,1,その他,その他
2026-07-23,NOSTRA GAMES,キュービックライダーズ Cubic Riders,-,,ETC,NOSTRA GAMES,0,1,その他,その他
2026-07-23,新世界I&C,ソラテリア,-,YES,ETC,新世界I&C,0,1,その他,その他
2026-07-23,Bone Nail松竹,ヨグ=ソトースの庭,-,YES,ETC,Bone Nail松竹,0,1,その他,その他
2026-07-23,Astrolabe Games,愚霊,-,,ETC,Astrolabe Games,0,1,その他,その他
2026-07-30,コーエーテクモゲームス,BLUE REFLECTION Quartet: 少女たちのキセキ,-,YES,ETC,コーエーテクモゲームス,0,1,その他,その他
2026-07-30,PQube,Kusan: オオカミの街,-,,ETC,PQube,0,1,その他,その他
2026-07-30,日本一ソフトウェア,ほの暮しの庭,-,YES,ETC,日本一ソフトウェア,0,1,その他,その他
2026-07-30,エディア,アレサCOLLECTION 1993-1995,-,YES,ETC,エディア,0,1,その他,その他
2026-07-30,ネオス,カルドセプト ザ ファースト,-,YES,ETC,ネオス,0,1,その他,その他
2026-07-30,●,テニスの王子様 ぎゅ〜っと! ドキドキサバイバル Tie break ♡ game,-,,ETC,●,0,1,その他,その他
2026-07-30,KONAMI,テニスの王子様 も〜っと 学園祭の王子様 ♡-40 and more...,-,YES,ETC,KONAMI,0,1,その他,その他
2026-07-30,ラプラシアン,久我山栞の死様手帖,-,YES,ETC,ラプラシアン,0,1,その他,その他
2026-07-30,アイディアファクトリー,君に惑い、君に溺れる。,-,YES,ETC,アイディアファクトリー,0,1,その他,その他
2026-07-31,Outright GamesPhoenixx,パウ・パトロール:ダイノ・ワールド,-,YES,ETC,Outright GamesPhoenixx,0,1,その他,その他
2026-08-06,サンソフト,ROUTE16 COLLECTION,-,YES,ETC,サンソフト,0,1,その他,その他
2026-08-13,QUByte Interactive,Plungeez,-,,ETC,QUByte Interactive,0,1,その他,その他
2026-08-20,MAGES.,STEINS;GATE RE:BOOT,-,YES,ETC,MAGES.,0,1,その他,その他
2026-08-20,エディア,あやかしごはん 〜おかわりっ!〜 for S,-,YES,ETC,エディア,0,1,その他,その他
2026-08-20,タイトー,バブルボブル シュガーダンジョン ブースト,-,YES,ETC,タイトー,0,1,その他,その他
2026-08-27,コナミデジタルエンタテインメント,METAL GEAR SOLID: MASTER COLLECTION Vol.2,-,YES,ETC,コナミデジタルエンタテインメント,0,1,その他,その他
2026-08-27,バンダイナムコエンターテインメント,キャプテン翼2 WORLD FIGHTERS,-,YES,ETC,バンダイナムコエンターテインメント,0,1,その他,その他
2026-08-27,アイディアファクトリー,薄桜鬼異聞 ベレジンスキーの魔女,-,YES,ETC,アイディアファクトリー,0,1,その他,その他
2026-08-27,コンパイルハート,超新時空ゲイム ネプテューヌ∞,-,YES,ETC,コンパイルハート,0,1,その他,その他
2026-09-03,Microids,Marsupilami 2 - Salsa Palombia,-,,ETC,Microids,0,1,その他,その他
2026-09-03,グラビティゲームアライズ,はしれへべれけEX,-,YES,ETC,グラビティゲームアライズ,0,1,その他,その他
2026-09-10,アイディアファクトリー,BLACK WOLVES SAGA -Weiβ und Schwarz- for Nintendo Switch,-,YES,ETC,アイディアファクトリー,0,1,その他,その他
2026-09-10,エンターグラム,制服カノジョ3,-,YES,ETC,エンターグラム,0,1,その他,その他
2026-09-10,ディースリー・パブリッシャー,学校であった怖い話と晦-つきこもり,-,YES,ETC,ディースリー・パブリッシャー,0,1,その他,その他
2026-09-10,アライアンス・アーツ,東方紅魔郷:New Classic 〜 the Embodiment of Scarlet Devil.,-,,ETC,アライアンス・アーツ,0,1,その他,その他
2026-09-17,イザナギゲームズ,AKIBA LOST,-,YES,ETC,イザナギゲームズ,0,1,その他,その他
2026-09-17,SOFT SOURCE,Battle of Rebels,-,YES,ETC,SOFT SOURCE,0,1,その他,その他
2026-09-17,ブロッコリー,Le Mirage Mystique,-,YES,ETC,ブロッコリー,0,1,その他,その他
2026-09-17,ライトフライヤースタジオ,アナザーエデン ビギンズ,-,YES,ETC,ライトフライヤースタジオ,0,1,その他,その他
2026-09-17,ハピネット,アーティス インパクト,-,YES,ETC,ハピネット,0,1,その他,その他
2026-09-17,日本ファルコム,空の軌跡 the 2nd,-,YES,ETC,日本ファルコム,0,1,その他,その他
2026-09-24,日本一ソフトウェア,GOBBLE,-,YES,ETC,日本一ソフトウェア,0,1,その他,その他
2026-09-24,Cable Nest,Tentacle Tango,-,,ETC,Cable Nest,0,1,その他,その他
2026-09-29,Mojang/日本マイクロソフト,Minecraft Dungeons II,-,YES,ETC,Mojang/日本マイクロソフト,0,1,その他,その他
2026-10-01,アイディアファクトリー,Sullyland Nursery Rhyme,-,YES,ETC,アイディアファクトリー,0,1,その他,その他
2026-10-01,シティコネクション,むちむちポーク!&ピンクスゥイーツ Boosted,-,YES,ETC,シティコネクション,0,1,その他,その他
2026-10-01,スティング,ヴィラクタル,-,,ETC,スティング,0,1,その他,その他
2026-10-08,スクウェア・エニックス,KINGDOM HEARTS HD 1.5+2.5 ReMIX,-,,ETC,スクウェア・エニックス,0,1,その他,その他
2026-10-15,バンダイナムコエンターテインメント,テイルズ オブ エターニア リマスター,-,YES,ETC,バンダイナムコエンターテインメント,0,1,その他,その他
2026-10-22,バンダイナムコエンターテインメント,ONE PIECE 海のごちそうレストラン,-,,ETC,バンダイナムコエンターテインメント,0,1,その他,その他
2026-10-22,スクウェア・エニックス,ファイナルファンタジー レゾナンス,-,YES,ETC,スクウェア・エニックス,0,1,その他,その他
2026-10-22,ピクセル,ホーギーヒュー,-,YES,ETC,ピクセル,0,1,その他,その他
2026-10-29,サンリオ,サンリオパーティランド,-,YES,ETC,サンリオ,0,1,その他,その他
2026-10-29,dramatic create/ヒューネックス,明治東亰恋伽 トワヰライト・キス,-,YES,ETC,dramatic create/ヒューネックス,0,1,その他,その他
2026-11-05,Reef Entertainment,Goodboy Galaxy（英語版）,-,,ETC,Reef Entertainment,0,1,その他,その他
2026-11-26,sprite/RIGHTWAY,小金井荘と金色の揚羽蝶,-,YES,ETC,sprite/RIGHTWAY,0,1,その他,その他
2026-12-03,スクウェア・エニックス,ドラゴンクエストモンスターズ4 枯れ木の国のビアンカ・フローラ,-,YES,ETC,スクウェア・エニックス,0,1,その他,その他
