発売日,メーカー,タイトル,⭐クロスレビュー(評価),パッケージ併売,ジャンル,開発元,ID,販売本数,ジャンル(詳細),プラットフォーム
2011-12-17,コナミデジタルエンタテインメント,AR COMBAT DigiQ -ともだち戦車隊-,-,,ETC,コナミデジタルエンタテインメント,0,1,その他,PS Vita
2011-12-17,コナミデジタルエンタテインメントUbisoft,ASPHALT：INJECTION,-,YES,ETC,コナミデジタルエンタテインメントUbisoft,0,1,その他,PS Vita
2011-12-17,アークシステムワークスNA: Aksys GamesEU: Pqube,BLAZBLUE CONTINUUM SHIFT EXTEND,34,YES,FTG,アークシステムワークスNA: Aksys GamesEU: Pqube,act/11,1,2D対戦格闘,PS Vita
2011-12-17,コードマスターズ,F1 2011,-,YES,ETC,コードマスターズ,spo/4,1,その他,PS Vita
2011-12-17,カプコン,ULTIMATE MARVEL VS. CAPCOM 3,31,YES,FTG,カプコン,act/10,1,3D対戦格闘,PS Vita
2011-12-17,ソニー・コンピュータエンタテインメント,みんなといっしょToro's Friend Network,-,,ETC,ソニー・コンピュータエンタテインメント,0,1,その他,PS Vita
2011-12-17,ソニー・コンピュータエンタテインメント,みんなのGOLF 6北米：Hot Shots Golf: World Invitational欧州：Everybody's Golf 6,-,YES,ETC,ソニー・コンピュータエンタテインメント,0,1,その他,PS Vita
2011-12-17,ソニー・コンピュータエンタテインメント,アンチャーテッド 地図なき冒険の始まりUncharted: Golden Abyss,-,YES,ETC,ソニー・コンピュータエンタテインメント,aad/1,1,その他,PS Vita
2011-12-17,ソニー・コンピュータエンタテインメント,サワリ・マ・ク〜ル!Little Deviants,-,,ETC,ソニー・コンピュータエンタテインメント,0,1,その他,PS Vita
2011-12-17,ユービーアイソフト,ダーククエスト 〜Alliance〜Dungeon Hunter: Alliance,-,YES,ETC,ユービーアイソフト,0,1,その他,PS Vita
2011-12-17,ディースリー・パブリッシャー,ドリームクラブZERO ポータブル,30,YES,SLG,ディースリー・パブリッシャー,slg/1,1,恋愛シミュレーション,PS Vita
2011-12-17,セガ,パワースマッシュ4Virtua Tennis 4: World Tour Edition,-,YES,ETC,セガ,0,1,その他,PS Vita
2011-12-17,ユービーアイソフト,マイケル・ジャクソン ザ・エクスペリエンスHD,-,YES,ETC,ユービーアイソフト,etc/40,1,その他,PS Vita
2011-12-17,ソニー・コンピュータエンタテインメント,モンスターレーダー,-,YES,ETC,ソニー・コンピュータエンタテインメント,etc/41,1,その他,PS Vita
2011-12-17,バンダイナムコゲームス,リッジレーサー,-,YES,ETC,バンダイナムコゲームス,spo/3,1,その他,PS Vita
2011-12-17,スクウェア・エニックス,ロード オブ アポカリプス,34,YES,ARPG,スクウェア・エニックス,rpg/2,1,アクションRPG,PS Vita
2011-12-17,スクウェア・エニックス,地獄の軍団Army Corps of Hell,-,YES,ETC,スクウェア・エニックス,0,1,その他,PS Vita
2011-12-17,バンダイナムコゲームス,塊魂 ノ・ビ〜タTouch My Katamari,-,YES,ETC,バンダイナムコゲームス,0,1,その他,PS Vita
2011-12-17,スパイクBandai Namco Games,忍道2 散華Shinobido 2: Revenge of Zen,-,YES,ETC,スパイクBandai Namco Games,0,1,その他,PS Vita
2011-12-17,チュンソフト,真かまいたちの夜 11人目の訪問者,35,YES,ADV,チュンソフト,adv/1,1,サウンドノベル,PS Vita
2011-12-17,コーエーテクモゲームス,真・三國無双 NEXTDynasty Warriors Next,-,YES,ETC,コーエーテクモゲームス,0,1,その他,PS Vita
2011-12-17,日本一ソフトウェア,魔界戦記ディスガイア3 ReturnDisgaea 3: Absence of Detention,-,YES,ETC,日本一ソフトウェア,0,1,その他,PS Vita
2011-12-17,コナミデジタルエンタテインメント,麻雀格闘倶楽部 新生・全国対戦版,-,YES,ETC,コナミデジタルエンタテインメント,tab/1,1,その他,PS Vita
2012-01-19,ソニー・コンピュータエンタテインメント,STAR STRIKE DELTASuper Stardust Delta,-,,ETC,ソニー・コンピュータエンタテインメント,0,1,その他,PS Vita
2012-01-19,ソニー・コンピュータエンタテインメント,WipEout 2048,31,YES,RCG,ソニー・コンピュータエンタテインメント,spo/6,1,反重力レース,PS Vita
2012-01-26,バンダイナムコゲームス,テイルズ オブ イノセンス R,36,YES,RPG,バンダイナムコゲームス,rpg/4,1,RPG,PS Vita
2012-02-01,KEMCOBloober Team,アサルトアーミーズA-Men,-,,ETC,KEMCOBloober Team,0,1,その他,PS Vita
2012-02-02,ガンホー・オンライン・エンターテイメントXseed Games,ラグナロク オデッセイ,32,YES,ACT,ガンホー・オンライン・エンターテイメントXseed Games,act/5,1,アクション,PS Vita
2012-02-08,ハムスター,ニコリのパズルV 数独Puzzle by Nikoli V Sudoku,-,,ETC,ハムスター,0,1,その他,PS Vita
2012-02-09,ソニー・コンピュータエンタテインメント,GRAVITY DAZE/重力的眩暈:上層への帰還において彼女の内宇宙に生じた摂動Gravity Rush,-,YES,ETC,ソニー・コンピュータエンタテインメント,0,1,その他,PS Vita
2012-02-09,アクワイアXseed Games,墨鬼 SUMIONISumioni: Demon Arts,-,YES,ETC,アクワイアXseed Games,0,1,その他,PS Vita
2012-02-16,チュンソフトNA: Aksys GamesEU: Rising Star Games,極限脱出ADV 善人シボウデスZero Escape: Virtue's Last Reward,-,YES,ETC,チュンソフトNA: Aksys GamesEU: Rising Star Games,0,1,その他,PS Vita
2012-02-23,コーエーテクモゲームス,NINJA GAIDEN Σ PLUS,-,YES,ETC,コーエーテクモゲームス,0,1,その他,PS Vita
2012-02-23,ソニー・コンピュータエンタテインメント,リアリティーファイター,-,YES,ETC,ソニー・コンピュータエンタテインメント,act/12,1,その他,PS Vita
2012-03-01,ソニー・コンピュータエンタテインメント,Escape Plan,-,,ETC,ソニー・コンピュータエンタテインメント,0,1,その他,PS Vita
2012-03-08,ソニー・コンピュータエンタテインメント,Unit 13,31,YES,TPS,ソニー・コンピュータエンタテインメント,sho/2,1,TPS,PS Vita
2012-03-15,エレクトロニック・アーツ,FIFA ワールドクラス サッカーFIFA Football,-,YES,ETC,エレクトロニック・アーツ,0,1,その他,PS Vita
2012-03-15,ドラス,スロッターマニアV BLACK LAGOON,-,YES,ETC,ドラス,etc/42,1,その他,PS Vita
2012-03-22,メディアファイブ,TOEIC®TEST 実戦特訓,-,YES,ETC,メディアファイブ,0,1,その他,PS Vita
2012-03-22,プロトタイプ,リトルバスターズ! Converted Edition,30,YES,ADV,プロトタイプ,adv/3,1,恋愛アドベンチャー,PS Vita
2012-03-29,角川ゲームス,Let's Try Bass Fishing FISH ON NEXTLet's Fish! Hooked On,-,YES,ETC,角川ゲームス,0,1,その他,PS Vita
2012-03-29,コナミデジタルエンタテインメント,プロ野球スピリッツ2012,37,YES,SPT,コナミデジタルエンタテインメント,spo/10,1,野球,PS Vita
2012-03-29,ソニー・コンピュータエンタテインメント,モーターストームRC,-,,ETC,ソニー・コンピュータエンタテインメント,0,1,その他,PS Vita
2012-03-29,コナミデジタルエンタテインメント,王と魔王と7人の姫君たち 〜新・王様物語〜New Little King's Story,-,YES,ETC,コナミデジタルエンタテインメント,0,1,その他,PS Vita
2012-03-29,ソニックパワード,＠field,-,YES,ETC,ソニックパワード,spo/7,1,その他,PS Vita
2012-04-12,ハムスター,ニコリの数独V 珠玉の12パズル,-,YES,ETC,ハムスター,0,1,その他,PS Vita
2012-04-12,ユービーアイソフト,レイマン オリジン,32,YES,ACT,ユービーアイソフト,act/8,1,アクション,PS Vita
2012-04-19,ハムスター,ニコリのパズルV カックロ,-,,ETC,ハムスター,0,1,その他,PS Vita
2012-04-19,ユービーアイソフト,ルミネス エレクトロニック シンフォニー,32,YES,音,ユービーアイソフト,tab/5,1,音楽パズル,PS Vita
2012-04-19,ソニー・コンピュータエンタテインメント,勇者のきろく,-,,ETC,ソニー・コンピュータエンタテインメント,0,1,その他,PS Vita
2012-04-26,ガスト,シェルノサージュ〜失われた星へ捧ぐ詩〜,-,YES,ETC,ガスト,0,1,その他,PS Vita
2012-04-26,メディアファイブ,ネクレボ 英文法徹底特訓,-,YES,ETC,メディアファイブ,tra/2,1,その他,PS Vita
2012-05-09,ハムスター,ニコリのパズルV スリザーリンクPuzzle by Nikoli V Slitherlink,-,,ETC,ハムスター,0,1,その他,PS Vita
2012-05-24,セガ,サムライ&ドラゴンズ,33,YES,ACT,セガ,etc/43,1,アクション＆モンスターバトル,PS Vita
2012-05-24,ハムスター,ニコリのパズルV ぬりかべ,-,,ETC,ハムスター,0,1,その他,PS Vita
2012-05-31,メディアファイブ,ネクレボ 行政書士試験,-,YES,ETC,メディアファイブ,0,1,その他,PS Vita
2012-06-07,ハムスター,ニコリのパズルV へやわけ,-,,ETC,ハムスター,0,1,その他,PS Vita
2012-06-07,ドラス,ハローキティといっしょ ブロッククラッシュＶ,-,YES,ETC,ドラス,0,1,その他,PS Vita
2012-06-07,バンダイナムコゲームス,機動戦士ガンダムSEED BATTLE DESTINY,32,YES,ACT,バンダイナムコゲームス,act/9,1,ガンダムバトルアクション,PS Vita
2012-06-14,セガ,スーパーモンキーボール 特盛あそビ〜タ!Super Monkey Ball: Banana Splitz,-,YES,ETC,セガ,0,1,その他,PS Vita
2012-06-14,アトラス,ペルソナ4 ザ・ゴールデンPersona 4 Golden,-,YES,ETC,アトラス,0,1,その他,PS Vita
2012-06-21,ハムスター,ニコリのパズルV 美術館,-,,ETC,ハムスター,0,1,その他,PS Vita
2012-06-28,ソニー・コンピュータエンタテインメント,CLIFF DIVING,-,,ETC,ソニー・コンピュータエンタテインメント,0,1,その他,PS Vita
2012-06-28,ソニー・コンピュータエンタテインメント,Fireworks,-,,ETC,ソニー・コンピュータエンタテインメント,0,1,その他,PS Vita
2012-06-28,ソニー・コンピュータエンタテインメント,TABLE PLAY SOCCER,-,,ETC,ソニー・コンピュータエンタテインメント,0,1,その他,PS Vita
2012-06-28,マーベラスAQL,アサルトガンナーズ,-,,ETC,マーベラスAQL,0,1,その他,PS Vita
2012-06-28,メディアファイブ,ネクレボ ITパスポート試験,-,YES,ETC,メディアファイブ,0,1,その他,PS Vita
2012-06-28,メディアファイブ,ネクレボ 基本情報技術者試験,-,YES,ETC,メディアファイブ,0,1,その他,PS Vita
2012-06-28,メディアファイブ,ネクレボ 応用情報技術者試験,-,YES,ETC,メディアファイブ,0,1,その他,PS Vita
2012-06-28,コナミデジタルエンタテインメント,メタルギア ソリッド HD エディション,-,YES,ETC,コナミデジタルエンタテインメント,aad/3,1,その他,PS Vita
2012-07-05,ガンホー・オンライン・エンターテイメント,Dokuro,-,YES,ETC,ガンホー・オンライン・エンターテイメント,0,1,その他,PS Vita
2012-07-05,ハムスター,ニコリのパズルV ましゅ,-,,ETC,ハムスター,0,1,その他,PS Vita
2012-07-12,ソニー・コンピュータエンタテインメント,RESISTANCE −アメリカ最後の抵抗−Resistance: Burning Skies,-,YES,ETC,ソニー・コンピュータエンタテインメント,0,1,その他,PS Vita
2012-07-12,レベルファイブ,タイムトラベラーズ,36,YES,ADV,レベルファイブ,adv/4,1,タイムトラベルアドベンチャー,PS Vita
2012-07-17,コナミデジタルエンタテインメント,METAL GEAR SOLID 2 HD EDITIONMetal Gear Solid 2: Sons of Liberty HD Edition,-,,ETC,コナミデジタルエンタテインメント,0,1,その他,PS Vita
2012-07-17,コナミデジタルエンタテインメント,METAL GEAR SOLID 3 HD EDITIONMetal Gear Solid 3: Snake Eater HD Edition,-,,ETC,コナミデジタルエンタテインメント,0,1,その他,PS Vita
2012-07-19,ハムスター,ニコリのパズルV ひとりにしてくれ,-,,ETC,ハムスター,0,1,その他,PS Vita
2012-07-19,コナミデジタルエンタテインメント,実況パワフルプロ野球2012,36,YES,SPT,コナミデジタルエンタテインメント,spo/12,1,野球・育成,PS Vita
2012-07-26,メディアファイブ,ネクレボ FP技能検定試験2級,-,YES,ETC,メディアファイブ,0,1,その他,PS Vita
2012-07-26,メディアファイブ,ネクレボ FP技能検定試験3級,-,YES,ETC,メディアファイブ,0,1,その他,PS Vita
2012-07-31,ソニー・コンピュータエンタテインメント,Table Top Tanks,-,,ETC,ソニー・コンピュータエンタテインメント,0,1,その他,PS Vita
2012-08-02,システムソフト・アルファー,萌え萌え大戦争☆げんだいばーん ++(ぷらすぷらす),-,YES,ETC,システムソフト・アルファー,slg/5,1,その他,PS Vita
2012-08-09,アクワイア,orgarhythm,31,YES,RTS,アクワイア,etc/46,1,ミュージック×ストラテジー,PS Vita
2012-08-09,キューエンタテインメント,ガーディアンハーツオンライン,-,,ETC,キューエンタテインメント,0,1,その他,PS Vita
2012-08-09,ハムスター,ニコリのパズルV 橋をかけろ,-,,ETC,ハムスター,0,1,その他,PS Vita
2012-08-09,シルバースタージャパン,銀星将棋 強天怒闘風雷神,-,YES,ETC,シルバースタージャパン,tab/15,1,その他,PS Vita
2012-08-23,ソニー・コンピュータエンタテインメント,Puls-ARPulzAR,-,,ETC,ソニー・コンピュータエンタテインメント,0,1,その他,PS Vita
2012-08-23,メディアファイブ,ネクレボ 宅建試験,-,YES,ETC,メディアファイブ,0,1,その他,PS Vita
2012-08-23,メディアファイブ,ネクレボ 情報セキュリティスペシャリスト試験ネットワークスペシャリスト試験,-,YES,ETC,メディアファイブ,0,1,その他,PS Vita
2012-08-23,日本一ソフトウェア,特殊報道部,30,YES,ADV,日本一ソフトウェア,adv/5,1,超常現象報道アドベンチャー,PS Vita
2012-08-29,ソニー・コンピュータエンタテインメント,トレジャーパーク,-,,ETC,ソニー・コンピュータエンタテインメント,0,1,その他,PS Vita
2012-08-30,ハムスター,ニコリのパズルV 四角に切れ,-,,ETC,ハムスター,0,1,その他,PS Vita
2012-08-30,セガ,初音ミク -Project DIVA- f,34,YES,音,セガ,etc/47,1,リズムアクション,PS Vita
2012-09-12,アークシステムワークス,とってもE麻雀,-,,ETC,アークシステムワークス,0,1,その他,PS Vita
2012-09-13,ハムスター,ニコリのパズルV ナンバーリンク,-,,ETC,ハムスター,0,1,その他,PS Vita
2012-09-20,ガンホー・オンライン・エンターテイメント,ピコットナイト,-,,ETC,ガンホー・オンライン・エンターテイメント,0,1,その他,PS Vita
2012-09-20,ソニー・コンピュータエンタテインメント,リトルビッグプラネット PlayStation Vita,36,YES,ACT,ソニー・コンピュータエンタテインメント,act/13,1,アクション,PS Vita
2012-09-27,サイバーフロント,DJ MAX TECHNIKA TUNE,-,YES,ETC,サイバーフロント,0,1,その他,PS Vita
2012-09-27,日本ファルコムNA: Xseed GamesEU: NIS America,イース セルセタの樹海Ys: Memories of Celceta,-,YES,ETC,日本ファルコムNA: Xseed GamesEU: NIS America,rpg/8,1,その他,PS Vita
2012-09-27,ソニー・コンピュータエンタテインメント,サウンドシェイプ,-,,ETC,ソニー・コンピュータエンタテインメント,0,1,その他,PS Vita
2012-09-27,ハムスター,ニコリのパズルV ヤジリン,-,,ETC,ハムスター,0,1,その他,PS Vita
2012-09-27,メディアファイブ,ネクレボ 社会福祉士試験,-,YES,ETC,メディアファイブ,0,1,その他,PS Vita
2012-09-27,コーエーテクモゲームス,信長の野望･天道 with パワーアップキット,34,YES,SLG,コーエーテクモゲームス,slg/6,1,歴史シミュレーション,PS Vita
2012-09-27,ディースリー・パブリッシャー,地球防衛軍3 PORTABLEEarth Defense Force 2017 Portable,-,YES,ETC,ディースリー・パブリッシャー,0,1,その他,PS Vita
2012-10-18,エレクトロニック・アーツ,FIFA 13 ワールドクラス サッカーFIFA 13,-,YES,ETC,エレクトロニック・アーツ,0,1,その他,PS Vita
2012-10-18,レベルファイブ,ダンボール戦機W,34,YES,RPG,レベルファイブ,rpg/7,1,プラモクラフトRPG,PS Vita
2012-10-18,角川ゲームス,英雄伝説 零の軌跡 Evolution,33,YES,RPG,角川ゲームス,rpg/10,1,ストーリーRPG,PS Vita
2012-10-25,だいだい,Present for you,-,,ETC,だいだい,0,1,その他,PS Vita
2012-10-25,カプコン,ストリートファイター X 鉄拳,-,YES,ETC,カプコン,act/15,1,その他,PS Vita
2012-10-25,メディアファイブ,ネクレボ 介護福祉士試験,-,YES,ETC,メディアファイブ,0,1,その他,PS Vita
2012-11-15,ユービーアイソフト,アサシン クリード III レディ リバティAssassin's Creed III: Liberation,-,YES,ETC,ユービーアイソフト,0,1,その他,PS Vita
2012-11-15,エレクトロニック・アーツ,ニード・フォー・スピード モスト・ウォンテッド,31,YES,RCG,エレクトロニック・アーツ,spo/16,1,レース,PS Vita
2012-11-21,ソニーマーケティング,モンスターレーダープラス,-,,ETC,ソニーマーケティング,etc/41,1,その他,PS Vita
2012-11-22,アルヴィオン,マリシアス リバース,-,,ETC,アルヴィオン,0,1,その他,PS Vita
2012-11-29,アーヴズ,Aabs Animals(アーヴズ・アニマルズ),-,,ETC,アーヴズ,0,1,その他,PS Vita
2012-11-29,角川ゲームス,Fate/stay night [Realta Nua],-,YES,ETC,角川ゲームス,0,1,その他,PS Vita
2012-11-29,ガスト,トトリのアトリエ Plus 〜アーランドの錬金術士2〜Atelier Totori Plus: The Adventurer of Arland,-,YES,ETC,ガスト,0,1,その他,PS Vita
2012-12-05,アークシステムワークス,NAX MUSIC PLAYER,-,,ETC,アークシステムワークス,0,1,その他,PS Vita
2012-12-13,ワーナー エンターテイメント ジャパン,スパイハンター,-,YES,ETC,ワーナー エンターテイメント ジャパン,spo/18,1,その他,PS Vita
2012-12-13,コナミデジタルエンタテインメント,実況パワフルプロ野球2012決定版,35,YES,SPT,コナミデジタルエンタテインメント,spo/17,1,野球・育成,PS Vita
2012-12-20,バンダイナムコゲームス,AKB1/149 恋愛総選挙,-,YES,ETC,バンダイナムコゲームス,slg/8,1,その他,PS Vita
2012-12-20,スクウェア・エニックス,コール オブ デューティ ブラックオプスディクラシファイド,-,YES,ETC,スクウェア・エニックス,sho/6,1,その他,PS Vita
2012-12-20,だいだい,天使憑きの少女,-,,ETC,だいだい,0,1,その他,PS Vita
2012-12-20,ソニー・コンピュータエンタテインメント,箱！ -OPEN ME-Open Me!,-,,ETC,ソニー・コンピュータエンタテインメント,0,1,その他,PS Vita
2013-01-24,角川ゲームスNIS America,デモンゲイズ,34,YES,RPG,角川ゲームスNIS America,0,1,ダンジョンRPG,PS Vita
2013-01-24,コンパイルハート,限界凸騎 モンスターモンピースMonster Monpiece,-,YES,ETC,コンパイルハート,0,1,その他,PS Vita
2013-01-31,サイバーフロントNA: Bandai Namco GamesEU: Black Bean Games,WRC 3 FIA ワールドラリーチャンピオンシップ,-,YES,ETC,サイバーフロントNA: Bandai Namco GamesEU: Black Bean Games,0,1,その他,PS Vita
2013-01-31,ソニー・コンピュータエンタテインメント,プレイステーション オールスター・バトルロイヤル,32,YES,ACT,ソニー・コンピュータエンタテインメント,0,1,アクション,PS Vita
2013-01-31,システムソフト・アルファー,戦極姫3〜天下を切り裂く光と影〜,-,YES,ETC,システムソフト・アルファー,0,1,その他,PS Vita
2013-02-07,メディアファイブ,ネクレボ 中小企業診断士試験1,-,YES,ETC,メディアファイブ,0,1,その他,PS Vita
2013-02-07,メディアファイブ,ネクレボ 中小企業診断士試験2,-,YES,ETC,メディアファイブ,0,1,その他,PS Vita
2013-02-07,ソニー・コンピュータエンタテインメント,バイキングぽいぽい!!When Vikings Attack,-,,ETC,ソニー・コンピュータエンタテインメント,0,1,その他,PS Vita
2013-02-07,コーエーテクモゲームス,三國志12,30,YES,SLG,コーエーテクモゲームス,0,1,歴史シミュレーション,PS Vita
2013-02-14,コナミデジタルエンタテインメント,SILENT HILL: BOOK OF MEMORIES,-,YES,ETC,コナミデジタルエンタテインメント,0,1,その他,PS Vita
2013-02-14,角川ゲームス,さくら荘のペットな彼女,31,YES,SLG,角川ゲームス,0,1,シミュレーション×恋愛アドベンチャー,PS Vita
2013-02-20,セガ,ジェットセットラジオ,-,,ETC,セガ,0,1,その他,PS Vita
2013-02-21,ガスト,シェルノサージュ〜失われた星へ捧ぐ詩〜RE:Incarnation,-,YES,ETC,ガスト,0,1,その他,PS Vita
2013-02-21,メディアファイブ,ネクレボ 社労士試験,-,YES,ETC,メディアファイブ,0,1,その他,PS Vita
2013-02-28,コーエーテクモゲームス,NINJA GAIDEN Σ2 PLUS,33,YES,ACT,コーエーテクモゲームス,0,1,アクション,PS Vita
2013-02-28,ソニー・コンピュータエンタテインメント,がんばれ!頭脳ちゃんSmart As…,-,,ETC,ソニー・コンピュータエンタテインメント,0,1,その他,PS Vita
2013-02-28,セガ,ファンタシースターオンライン2,33,YES,MMO,セガ,0,1,MORPG,PS Vita
2013-02-28,マーベラスAQLXseed Games (NA),閃乱カグラ SHINOVI VERSUS -少女達の証明-Senran Kagura Shinovi Versus,-,YES,ETC,マーベラスAQLXseed Games (NA),0,1,その他,PS Vita
2013-03-07,ソニー・コンピュータエンタテインメント,SOUL SACRIFICE,37,YES,ACT,ソニー・コンピュータエンタテインメント,act/23,1,アクション,PS Vita
2013-03-07,バンダイナムコゲームス,テイルズ オブ ハーツ R,34,YES,RPG,バンダイナムコゲームス,rpg/17,1,新たな心と出会うRPG,PS Vita
2013-03-14,だいだい,Cure Mate Club,-,,ETC,だいだい,0,1,その他,PS Vita
2013-03-14,5pb.,STEINS;GATE,-,YES,ETC,5pb.,0,1,その他,PS Vita
2013-03-14,5pb.,STEINS;GATE 比翼恋理のだーりん,-,YES,ETC,5pb.,0,1,その他,PS Vita
2013-03-19,アークシステムワークスPQube (EU),GUILTY GEAR XX ΛCORE PLUS RGuilty Gear XX Accent Core Plus R,-,,ETC,アークシステムワークスPQube (EU),0,1,その他,PS Vita
2013-03-20,コーエーテクモゲームス,デッド オア アライブ5+,-,YES,ETC,コーエーテクモゲームス,act/24,1,その他,PS Vita
2013-03-20,コナミデジタルエンタテインメント,プロ野球スピリッツ2013,35,YES,SPT,コナミデジタルエンタテインメント,spo/20,1,プロ野球,PS Vita
2013-03-20,ガストTecmo Koei,メルルのアトリエ Plus 〜アーランドの錬金術士3〜Atelier Meruru Plus: The Apprentice of Arland,-,YES,ETC,ガストTecmo Koei,0,1,その他,PS Vita
2013-03-20,バンダイナムコゲームス,ワンピース 海賊無双2,36,YES,ACT,バンダイナムコゲームス,0,1,無双アクション,PS Vita
2013-03-28,コンパイルハートAksys Games (NA)Rising Star Games (EU),〜聖魔導物語〜Sorcery Saga: Curse of the Great Curry God,-,YES,ETC,コンパイルハートAksys Games (NA)Rising Star Games (EU),0,1,その他,PS Vita
2013-03-28,マーベラスAQLAksys Games,朧村正Muramasa Rebirth,-,YES,ETC,マーベラスAQLAksys Games,0,1,その他,PS Vita
2013-04-11,スクウェア・エニックス,拡散性ミリオンアーサー,-,,ETC,スクウェア・エニックス,0,1,その他,PS Vita
2013-04-18,ドラス,スロッターマニアV 絶対衝激II,-,YES,ETC,ドラス,0,1,その他,PS Vita
2013-04-25,Ratloop AsiaRatloop,Rocketbirds: Hardboiled Chicken,-,,ETC,Ratloop AsiaRatloop,0,1,その他,PS Vita
2013-04-25,メディアファイブ,TOEIC®TEST実戦特訓2,-,YES,ETC,メディアファイブ,0,1,その他,PS Vita
2013-04-25,Tozai Games,スペランカーコレクション,-,,ETC,Tozai Games,0,1,その他,PS Vita
2013-04-25,角川ゲームス,フォトカノ Kiss,37,YES,SLG,角川ゲームス,slg/12,1,恋愛シミュレーション,PS Vita
2013-04-25,プロトタイプ,三国恋戦記〜オトメの兵法!〜,32,YES,ADV,プロトタイプ,0,1,恋愛アドベンチャー,PS Vita
2013-04-25,ヴューズ,神咒神威神楽 曙之光,-,YES,ETC,ヴューズ,adv/14,1,その他,PS Vita
2013-04-25,サイバーフロント,迷宮クロスブラッド インフィニティ,-,YES,ETC,サイバーフロント,0,1,その他,PS Vita
2013-05-09,ソニー・コンピュータエンタテインメント,Table Play Ice HockeyTable Ice Hockey,-,,ETC,ソニー・コンピュータエンタテインメント,0,1,その他,PS Vita
2013-05-16,だいだい,プリンセス☆ストライク!,-,,ETC,だいだい,0,1,その他,PS Vita
2013-05-23,ソニー・コンピュータエンタテインメント,Table Play Golf,-,,ETC,ソニー・コンピュータエンタテインメント,0,1,その他,PS Vita
2013-05-23,マーベラスAQL,ヴァルハラナイツ3,30,YES,ARPG,マーベラスAQL,rpg/14,1,ファンタジー・アクションRPG,PS Vita
2013-05-30,メディアファイブ,ネクレボ秘書検定試験,-,YES,ETC,メディアファイブ,0,1,その他,PS Vita
2013-05-30,メディアファイブ,数学力王 上級 中3レベル,-,YES,ETC,メディアファイブ,0,1,その他,PS Vita
2013-05-30,メディアファイブ,数学力王 中級 中2レベル,-,YES,ETC,メディアファイブ,0,1,その他,PS Vita
2013-05-30,メディアファイブ,数学力王 初級 中1レベル,-,YES,ETC,メディアファイブ,0,1,その他,PS Vita
2013-05-30,5pb.,這いよれ！ニャル子さん 名状しがたいゲームのようなもの,-,YES,ETC,5pb.,0,1,その他,PS Vita
2013-06-06,ソニー・コンピュータエンタテインメント,ラチェット＆クランク 銀河戦隊QフォースRatchet & Clank: Full Frontal Assault,-,,ETC,ソニー・コンピュータエンタテインメント,0,1,その他,PS Vita
2013-06-18,Playdead,LIMBO,-,,ETC,Playdead,0,1,その他,PS Vita
2013-06-20,コーエテクモゲームス,Winning Post 7 2013,-,YES,ETC,コーエテクモゲームス,0,1,その他,PS Vita
2013-06-20,コンパイルハート,神次元アイドル ネプテューヌPPHyperdimension Neptunia: Producing Perfection,-,YES,ETC,コンパイルハート,0,1,その他,PS Vita
2013-06-27,メディアファイブ,ネクレボケアマネジャー試験,-,YES,ETC,メディアファイブ,0,1,その他,PS Vita
2013-06-27,コナミデジタルエンタテインメント,パワプロスタジアム,-,,ETC,コナミデジタルエンタテインメント,0,1,その他,PS Vita
2013-06-27,5pb.,メモリーズオフ ゆびきりの記憶,-,YES,ETC,5pb.,adv/17,1,その他,PS Vita
2013-06-27,5pb.,メモリーズオフ6 Complete,-,YES,ETC,5pb.,0,1,その他,PS Vita
2013-06-27,システムソフト・アルファー,三極姫2〜天下覇統・獅志の継承者〜,-,YES,ETC,システムソフト・アルファー,0,1,その他,PS Vita
2013-06-27,コーエーテクモゲームス,討鬼伝Toukiden: The Age of Demons,-,YES,ETC,コーエーテクモゲームス,0,1,その他,PS Vita
2013-07-25,アークシステムワークスNA: Aksys GamesEU: Funbox Media,XBLAZE CODE:EMBRYO,-,YES,ETC,アークシステムワークスNA: Aksys GamesEU: Funbox Media,0,1,その他,PS Vita
2013-07-25,アトラスEU: NIS America,ドラゴンズクラウン,35,YES,ARPG,アトラスEU: NIS America,rpg/23,1,2DアクションRPG,PS Vita
2013-08-01,アクワイアAksys Games,MIND≒0Mind Zero,-,YES,ETC,アクワイアAksys Games,0,1,その他,PS Vita
2013-08-08,プロトタイプ,グリザイアの果実 -LE FRUIT DE LA GRISAIA-,30,YES,ADV,プロトタイプ,0,1,恋愛アドベンチャー,PS Vita
2013-08-22,スパイク・チュンソフトAtlus USA,CONCEPTIONII 七星の導きとマズルの悪夢Conception II: Children of the Seven Stars,-,YES,ETC,スパイク・チュンソフトAtlus USA,0,1,その他,PS Vita
2013-08-22,バンダイナムコゲームス,スーパーロボット大戦OGサーガ 魔装機神IIIPRIDE OF JUSTICE,31,YES,SRPG,バンダイナムコゲームス,rpg/26,1,シミュレーションRPG,PS Vita
2013-08-29,TATE MULTIMEDIA,アーバントライアルフリースタイル,-,,ETC,TATE MULTIMEDIA,0,1,その他,PS Vita
2013-08-29,メディアファイブ,ネクレボ 英検,-,YES,ETC,メディアファイブ,0,1,その他,PS Vita
2013-08-29,テイジイエル企画,ホチキス,-,YES,ETC,テイジイエル企画,0,1,その他,PS Vita
2013-08-29,ガンホー・オンライン・エンターテイメントXseed Games,ラグナロクオデッセイ エース,35,YES,ACT,ガンホー・オンライン・エンターテイメントXseed Games,act/14,1,マルチプレイアクション,PS Vita
2013-09-05,ソニー・コンピュータエンタテインメント,Killzone: Mercenary,34,YES,FPS,ソニー・コンピュータエンタテインメント,sho/9,1,FPS,PS Vita
2013-09-10,ソニー・コンピュータエンタテインメント,Miku Miku Hockey,-,,ETC,ソニー・コンピュータエンタテインメント,0,1,その他,PS Vita
2013-09-19,5pb.,やはりゲームでも俺の青春ラブコメはまちがっている。,31,YES,ADV,5pb.,adv/22,1,迷走系青春ADV,PS Vita
2013-09-26,5pb.,るいは智を呼ぶ,-,YES,ETC,5pb.,adv/24,1,その他,PS Vita
2013-09-26,コーエーテクモゲームス,三國志12 with パワーアップキット,30,YES,SLG,コーエーテクモゲームス,slg/16,1,歴史シミュレーション,PS Vita
2013-09-26,コーエーテクモゲームス,三國志12 対戦版,-,,ETC,コーエーテクモゲームス,0,1,その他,PS Vita
2013-09-26,イエティ,古色迷宮輪舞曲〜La Role de fortune〜,-,YES,ETC,イエティ,adv/23,1,その他,PS Vita
2013-09-26,コーエーテクモゲームス,無双OROCHI2 UltimateWarriors Orochi 3 Ultimate,-,YES,ETC,コーエーテクモゲームス,0,1,その他,PS Vita
2013-09-26,日本ファルコムXseed Games (NA)NIS America (EU),英雄伝説 閃の軌跡The Legend of Heroes: Trails of Cold Steel,-,YES,ETC,日本ファルコムXseed Games (NA)NIS America (EU),0,1,その他,PS Vita
2013-10-10,セガ,サカつく プロサッカークラブをつくろう!,34,YES,SPT,セガ,spo/23,1,スポーツ育成シミュレーション,PS Vita
2013-10-10,ドラス,スロッターマニアV 学園黙示録HIGH SCHOOL OF THE DEAD,-,YES,ETC,ドラス,etc/50,1,その他,PS Vita
2013-10-10,スパイク・チュンソフト,ダンガンロンパ1・2 Reload,-,YES,ETC,スパイク・チュンソフト,aad/7,1,その他,PS Vita
2013-10-10,アークシステムワークス,月英学園 -kou-,31,YES,ADV,アークシステムワークス,adv/25,1,学園伝奇アドベンチャー,PS Vita
2013-10-17,エレクトロニック・アーツ,FIFA 14 ワールドクラス サッカーFIFA 14: Legacy Edition,-,YES,ETC,エレクトロニック・アーツ,0,1,その他,PS Vita
2013-10-24,コナミデジタルエンタテインメント,実況パワフルプロ野球2013,35,YES,SPT,コナミデジタルエンタテインメント,spo/25,1,野球・育成,PS Vita
2013-10-24,コーエーテクモゲームス,戦国無双2 Empires HD Version,-,,ETC,コーエーテクモゲームス,0,1,その他,PS Vita
2013-10-24,コーエーテクモゲームス,戦国無双2 with 猛将伝 HD Version,-,,ETC,コーエーテクモゲームス,0,1,その他,PS Vita
2013-10-31,プラネットG,BOOLINK,-,,ETC,プラネットG,0,1,その他,PS Vita
2013-10-31,プラネットG,GENIMUS,-,,ETC,プラネットG,0,1,その他,PS Vita
2013-10-31,プラネットG,RisingStar,-,,ETC,プラネットG,0,1,その他,PS Vita
2013-10-31,バンダイナムコゲームス,ガンダムブレイカー,33,YES,ACT,バンダイナムコゲームス,act/34,1,創壊共闘アクション,PS Vita
2013-10-31,メディアファイブ,内定！就活完全対策（ES・SPI・面接）,-,YES,ETC,メディアファイブ,0,1,その他,PS Vita
2013-10-31,プラネットG,忍足,-,,ETC,プラネットG,0,1,その他,PS Vita
2013-10-31,プラネットG,桜花爛漫,-,,ETC,プラネットG,0,1,その他,PS Vita
2013-10-31,コンパイルハート,超次次元ゲイム ネプテューヌRe;Birth1Hyperdimension Neptunia Re;Birth 1,-,YES,ETC,コンパイルハート,0,1,その他,PS Vita
2013-10-31,プラネットG,迷球,-,,ETC,プラネットG,0,1,その他,PS Vita
2013-11-07,アクワイアNA: Marvelous USAEU: NIS America,AKIBA'S TRIP2Akiba's Trip: Undead & Undressed,-,YES,ETC,アクワイアNA: Marvelous USAEU: NIS America,0,1,その他,PS Vita
2013-11-07,フリュー,エクステトラ,30,YES,RPG,フリュー,rpg/29,1,世界を支える運命のRPG,PS Vita
2013-11-14,バンダイナムコゲームス,ゴッドイーター2,38,YES,ACT,バンダイナムコゲームス,0,1,ドラマティック討伐アクション,PS Vita
2013-11-21,ガスト,新・ロロナのアトリエ はじまりの物語〜アーランドの錬金術士〜Atelier Rorona Plus: The Alchemist of Arland,-,YES,ETC,ガスト,0,1,その他,PS Vita
2013-11-26,キュー・ゲームス,PixelJunk Monsters: Ultimate HD,-,,ETC,キュー・ゲームス,0,1,その他,PS Vita
2013-11-28,5pb.,STEINS;GATE 線形拘束のフェノグラム,-,YES,ETC,5pb.,0,1,その他,PS Vita
2013-11-28,アクアプラス,WHITE ALBUM2 -幸せの向こう側-,-,YES,ETC,アクアプラス,0,1,その他,PS Vita
2013-11-28,テイジイエル企画,bitter smile.,-,YES,ETC,テイジイエル企画,0,1,その他,PS Vita
2013-11-28,日本一ソフトウェア,クリミナルガールズ INVITATIONCriminal Girls: Invite Only,-,YES,ETC,日本一ソフトウェア,0,1,その他,PS Vita
2013-11-28,コーエーテクモゲームス,真・三國無双7 猛将伝Dynasty Warriors 8: Xtreme Legends Complete Edition,-,YES,ETC,コーエーテクモゲームス,0,1,その他,PS Vita
2013-12-05,ソニー・コンピュータエンタテインメント,Tearaway 〜はがれた世界の大冒険〜Tearaway,-,YES,ETC,ソニー・コンピュータエンタテインメント,aad/9,1,その他,PS Vita
2013-12-05,ワーナー エンターテイメント ジャパン,バットマン：アーカム・ビギンズ ブラックゲートBatman: Arkham Origins Blackgate,-,YES,ETC,ワーナー エンターテイメント ジャパン,0,1,その他,PS Vita
2013-12-12,アークシステムワークス,マジカルビート〜ビートでつなぐオチモノパズル〜Magical Beat,-,,ETC,アークシステムワークス,0,1,その他,PS Vita
2013-12-12,ソニー・コンピュータエンタテインメント,勇者のくせにこなまいきだ。GNo Heroes Allowed: No Puzzles Either!,-,,ETC,ソニー・コンピュータエンタテインメント,0,1,その他,PS Vita
2013-12-17,Eiconic Games Ltd,Total Recoil,-,,ETC,Eiconic Games Ltd,0,1,その他,PS Vita
2013-12-19,アイディアファクトリー,AMNESIA V EditionAmnesia: Memories,-,YES,ETC,アイディアファクトリー,0,1,その他,PS Vita
2013-12-19,アイディアファクトリー,DIABOLIK LOVERS LIMITED V EDITION,-,YES,ETC,アイディアファクトリー,0,1,その他,PS Vita
2013-12-19,加賀クリエイト,とことん麻雀！ 女流プロに挑戦！ 徹萬女神スペシャル,-,YES,ETC,加賀クリエイト,0,1,その他,PS Vita
2013-12-19,加賀クリエイト,もっと20倍！ 麻雀が強くなる方法 〜初中級者編〜,-,YES,ETC,加賀クリエイト,0,1,その他,PS Vita
2013-12-19,ワーナー エンターテイメント ジャパン,インジャスティス：神々の激突Injustice: Gods Among Us Ultimate Edition,-,YES,ETC,ワーナー エンターテイメント ジャパン,0,1,その他,PS Vita
2013-12-19,プロトタイプ,クドわふたー Converted Edition,-,YES,ETC,プロトタイプ,0,1,その他,PS Vita
2013-12-19,カプコン,ドラゴンズドグマ クエスト,-,,ETC,カプコン,0,1,その他,PS Vita
2013-12-19,バンダイナムコゲームス,劇場版 魔法少女まどか☆マギカ The Battle Pentagram,-,YES,ETC,バンダイナムコゲームス,act/39,1,その他,PS Vita
2013-12-19,バンダイナムコゲームス,真・ガンダム無双,36,YES,ACT,バンダイナムコゲームス,act/38,1,タクティカルアクション,PS Vita
2013-12-19,アイディアファクトリー,薄桜鬼 鏡花録,-,YES,ETC,アイディアファクトリー,0,1,その他,PS Vita
2013-12-25,アークシステムワークス,ダマスカスギヤ -東京始戦-Damascus Gear: Operation Tokyo,-,,ETC,アークシステムワークス,0,1,その他,PS Vita
2013-12-26,5pb.,‘&’-空の向こうで咲きますように-,-,YES,ETC,5pb.,0,1,その他,PS Vita
2013-12-26,スクウェア・エニックス,ファイナルファンタジーX HDリマスター,-,YES,ETC,スクウェア・エニックス,rpg/33,1,その他,PS Vita
2013-12-26,スクウェア・エニックス,ファイナルファンタジーX-2 HDリマスター,-,YES,ETC,スクウェア・エニックス,rpg/32,1,その他,PS Vita
2014-01-16,アークシステムワークスNnooo,電脳からの脱出 escapeVectorescapeVektor,-,,ETC,アークシステムワークスNnooo,0,1,その他,PS Vita
2014-01-23,セガ,うた組み575,-,YES,ETC,セガ,0,1,その他,PS Vita
2014-01-23,バンダイナムコゲームス,ドラゴンボールZ BATTLE OF Z,32,YES,ACT,バンダイナムコゲームス,act/40,1,チーム乱戦アクション,PS Vita
2014-01-29,アイディアファクトリー,猛獣使いと王子様,-,,ETC,アイディアファクトリー,0,1,その他,PS Vita
2014-01-30,角川ゲームス,アマガミ（エビコレ+）,-,YES,ETC,角川ゲームス,0,1,その他,PS Vita
2014-01-30,5pb.,ローゼンメイデン ヴェヘゼルン ジー ヴェルト アップ,-,YES,ETC,5pb.,0,1,その他,PS Vita
2014-01-30,日本一ソフトウェア,魔界戦記ディスガイア4 ReturnDisgaea 4: A Promise Revisited,-,YES,ETC,日本一ソフトウェア,0,1,その他,PS Vita
2014-02-06,セガ,ぷよぷよテトリス,35,YES,ACT,セガ,tab/4,1,アクションパズル,PS Vita
2014-02-06,スパイク・チュンソフト,テラリア,-,YES,ETC,スパイク・チュンソフト,aad/11,1,その他,PS Vita
2014-02-06,バンダイナムコゲームス,超ヒロイン戦記,-,YES,ETC,バンダイナムコゲームス,rpg/37,1,その他,PS Vita
2014-02-13,ソニー・コンピュータエンタテインメント,Miku Miku Hockey 2.0,-,,ETC,ソニー・コンピュータエンタテインメント,0,1,その他,PS Vita
2014-02-13,セガ,龍が如く 維新！無料アプリ for PlayStation Vita,-,,ETC,セガ,0,1,その他,PS Vita
2014-02-20,プロトタイプ,蝶の毒 華の鎖〜大正艶恋異聞〜,32,YES,ADV,プロトタイプ,oto/5,1,恋愛アドベンチャー,PS Vita
2014-02-22,ソニー・コンピュータエンタテインメント,Doki-Doki Universe,-,,ETC,ソニー・コンピュータエンタテインメント,0,1,その他,PS Vita
2014-02-22,ソニー・コンピュータエンタテインメント,Flowery,-,,ETC,ソニー・コンピュータエンタテインメント,0,1,その他,PS Vita
2014-02-22,ソニー・コンピュータエンタテインメント,flOw,-,,ETC,ソニー・コンピュータエンタテインメント,0,1,その他,PS Vita
2014-02-26,アイディアファクトリー,Princess Arthur,-,,ETC,アイディアファクトリー,0,1,その他,PS Vita
2014-02-27,5pb.,IS 〈インフィニット・ストラトス〉2イグニッション・ハーツ,-,YES,ETC,5pb.,0,1,その他,PS Vita
2014-02-27,One Draw,この歌が終わったら,-,,ETC,One Draw,0,1,その他,PS Vita
2014-02-27,マーベラスAQL,ヴァルハラナイツ3 GOLD,30,YES,ARPG,マーベラスAQL,rpg/39,1,アクションRPG,PS Vita
2014-02-27,プラネットG,大乱走ダッシュor奪取!!,-,,ETC,プラネットG,0,1,その他,PS Vita
2014-02-27,コーエーテクモゲームス,影牢 〜ダークサイド プリンセス〜Deception IV: Blood Ties,-,YES,ETC,コーエーテクモゲームス,0,1,その他,PS Vita
2014-03-06,ソニー・コンピュータエンタテインメント,SOUL SACRIFICE DELTA,-,YES,ETC,ソニー・コンピュータエンタテインメント,0,1,その他,PS Vita
2014-03-13,5pb.,ファントムブレイカー：バトルグラウンド,-,,ETC,5pb.,0,1,その他,PS Vita
2014-03-19,バンダイナムコゲームス,ジェイスターズ ビクトリーバーサス,-,YES,ETC,バンダイナムコゲームス,0,1,その他,PS Vita
2014-03-20,ソニー・コンピュータエンタテインメント,Destiny of Spirits,-,,ETC,ソニー・コンピュータエンタテインメント,0,1,その他,PS Vita
2014-03-20,マーベラスAQLXseed Games (NA),デカ盛り 閃乱カグラSenran Kagura: Bon Appétit!,-,YES,ETC,マーベラスAQLXseed Games (NA),0,1,その他,PS Vita
2014-03-20,コナミデジタルエンタテインメント,プロ野球スピリッツ2014,37,YES,SPT,コナミデジタルエンタテインメント,spo/28,1,プロ野球,PS Vita
2014-03-20,コーエーテクモゲームス,戦国無双4Samurai Warriors 4,-,YES,ETC,コーエーテクモゲームス,0,1,その他,PS Vita
2014-03-20,コンパイルハート,超次次元ゲイム ネプテューヌRe;Birth2SISTERS GENERATIONHyperdimension Neptunia Re;Birth 2: Sisters Generation,-,YES,ETC,コンパイルハート,0,1,その他,PS Vita
2014-03-26,イースマイル,俺に働けって言われても乙 HD,-,,ETC,イースマイル,0,1,その他,PS Vita
2014-03-27,GNソフトウェア,LOVELY QUEST -Unlimited-,-,YES,ETC,GNソフトウェア,0,1,その他,PS Vita
2014-03-27,ガスト,アーシャのアトリエ Plus 〜黄昏の大地の錬金術士〜Atelier Ayesha Plus: The Alchemist of Dusk,-,YES,ETC,ガスト,0,1,その他,PS Vita
2014-03-27,コーエーテクモゲームス,ウイニングポスト8,35,YES,SLG,コーエーテクモゲームス,0,1,競馬シミュレーション,PS Vita
2014-03-27,角川ゲームス,ゴールデンタイム Vivid Memories,32,YES,ADV,角川ゲームス,0,1,キャンパスライフアドベンチャー,PS Vita
2014-03-27,角川ゲームス,ロウきゅーぶ! ないしょのシャッターチャンス,-,YES,ETC,角川ゲームス,0,1,その他,PS Vita
2014-03-27,セガ,初音ミク -Project DIVA- F 2nd,37,YES,音,セガ,etc/53,1,リズムアクション,PS Vita
2014-03-27,テイジイエル企画,彼女はオレからはなれない,-,YES,ETC,テイジイエル企画,0,1,その他,PS Vita
2014-03-27,アイディアファクトリー,薄桜鬼SSL 〜Sweet School Life〜,31,YES,ADV,アイディアファクトリー,0,1,スウィートスクールライフADV,PS Vita
2014-03-27,スパイク・チュンソフトDrinkBox Studios,覆面闘士Guacamelee!,-,,ETC,スパイク・チュンソフトDrinkBox Studios,0,1,その他,PS Vita
2014-03-27,ガラット,魔法少女大戦 ZANBATSU,-,,ETC,ガラット,0,1,その他,PS Vita
2014-04-03,角川ゲームスソニー・コンピュータエンタテインメントジャパンアジア（アジア）NIS America（NA・EU）,NAtURAL DOCtRINE,30,YES,SRPG,角川ゲームスソニー・コンピュータエンタテインメントジャパンアジア（アジア）NIS America（NA・EU）,rpg/38,1,シミュレーションRPG,PS Vita
2014-04-03,eastasiasoft,レインボームーン,-,,ETC,eastasiasoft,0,1,その他,PS Vita
2014-04-10,5pb.,俺たちに翼はない,-,YES,ETC,5pb.,0,1,その他,PS Vita
2014-04-10,バンダイナムコゲームス,第3次スーパーロボット大戦Z 時獄篇,34,YES,SRPG,バンダイナムコゲームス,rpg/44,1,シミュレーションRPG,PS Vita
2014-04-10,アークシステムワークスAksys Games (NA)NIS America (EU),魔都紅色幽撃隊Tokyo Twilight Ghosthunters,-,YES,ETC,アークシステムワークスAksys Games (NA)NIS America (EU),0,1,その他,PS Vita
2014-04-17,Neko Entertainment Inc.,Kung Fu Rabbit,-,,ETC,Neko Entertainment Inc.,0,1,その他,PS Vita
2014-04-22,おふぃす5656,インフィニタ・ストラーダ,-,,ETC,おふぃす5656,0,1,その他,PS Vita
2014-04-24,アークシステムワークスAksys Games,BLAZBLUE CHRONO PHANTASMA,-,YES,ETC,アークシステムワークスAksys Games,0,1,その他,PS Vita
2014-04-24,GNソフトウェア,いますぐお兄ちゃんに妹だっていいたい!,-,YES,ETC,GNソフトウェア,0,1,その他,PS Vita
2014-04-24,バンダイナムコゲームス,スーパーロボット大戦,-,,ETC,バンダイナムコゲームス,rpg/173,1,その他,PS Vita
2014-04-24,バンダイナムコゲームス,ソードアート・オンライン -ホロウ・フラグメント-,32,YES,RPG,バンダイナムコゲームス,rpg/45,1,RPG,PS Vita
2014-04-24,テヨンジャパンMass Creation,ドロースラッシャー,-,,ETC,テヨンジャパンMass Creation,0,1,その他,PS Vita
2014-04-24,ユービーアイソフト,レイマン レジェンド,33,YES,ACT,ユービーアイソフト,0,1,アクション,PS Vita
2014-04-30,ディースリー・パブリッシャー,@SIMPLE Vシリーズ Vol.1THE どこでもギャル麻雀,-,,ETC,ディースリー・パブリッシャー,0,1,その他,PS Vita
2014-04-30,ディースリー・パブリッシャー,@SIMPLE Vシリーズ Vol.2 THE 逃走ハイウェイフルブースト 〜名古屋-東京 激走4時間〜,-,,ETC,ディースリー・パブリッシャー,0,1,その他,PS Vita
2014-05-15,ソニー・コンピュータエンタテインメント,GOD OF WAR COLLECTIONS,-,YES,ETC,ソニー・コンピュータエンタテインメント,0,1,その他,PS Vita
2014-05-15,コンパイルハート,限界凸記 モエロクロニクル,31,YES,RPG,コンパイルハート,rpg/46,1,ダンジョン探索型RPG,PS Vita
2014-05-22,アイディアファクトリー,AMNESIA World,-,YES,ETC,アイディアファクトリー,0,1,その他,PS Vita
2014-05-22,フリュー,To LOVEる -とらぶる- ダークネス バトルエクスタシー,-,YES,ETC,フリュー,act/50,1,その他,PS Vita
2014-05-22,メディアファイブ,ネクレボ 宅建試験2015,-,,ETC,メディアファイブ,0,1,その他,PS Vita
2014-05-29,ネットレヴォ,もっと姉、ちゃんとしようよっ! +PLUS,-,YES,ETC,ネットレヴォ,0,1,その他,PS Vita
2014-05-29,アークシステムワークスEU: NIS America,アルカナハート3 LOVE MAX!!!!!,-,YES,ETC,アークシステムワークスEU: NIS America,0,1,その他,PS Vita
2014-05-29,ソニー・コンピュータエンタテインメント,デッドネーション,-,,ETC,ソニー・コンピュータエンタテインメント,0,1,その他,PS Vita
2014-05-29,コーエーテクモゲームス,信長の野望・創造,34,YES,SLG,コーエーテクモゲームス,slg/22,1,歴史シミュレーション,PS Vita
2014-05-29,5pb.,英雄*戦姫,-,YES,ETC,5pb.,slg/21,1,その他,PS Vita
2014-05-29,コンパイルハート,超女神信仰 ノワール 激神ブラックハートHyperdevotion Noire: Goddess Black Heart,-,YES,ETC,コンパイルハート,0,1,その他,PS Vita
2014-06-10,インターレックス,家族計画 Re：紡ぐ糸,-,,ETC,インターレックス,0,1,その他,PS Vita
2014-06-12,バンダイナムコゲームス,ONE PIECE アンリミテッドワールド レッド,-,YES,ETC,バンダイナムコゲームス,0,1,その他,PS Vita
2014-06-12,角川ゲームス,英雄伝説 碧の軌跡 Evolution,32,YES,RPG,角川ゲームス,rpg/10,1,ストーリーRPG,PS Vita
2014-06-18,Double Eleven Limited,PixelJunk Shooter Ultimate,-,,ETC,Double Eleven Limited,0,1,その他,PS Vita
2014-06-19,日本一ソフトウェア,htoL#NiQ －ホタルノニッキ－Hotaru no Nikki,-,YES,ETC,日本一ソフトウェア,0,1,その他,PS Vita
2014-06-19,角川ゲームス,デュラララ!! 3way standoff -alley-V,-,YES,ETC,角川ゲームス,0,1,その他,PS Vita
2014-06-19,システムソフト・アルファー,戦極姫4〜争覇百計、花守る誓い〜,-,YES,ETC,システムソフト・アルファー,0,1,その他,PS Vita
2014-06-26,5pb.,CROSS†CHANNEL 〜For all people〜,-,YES,ETC,5pb.,0,1,その他,PS Vita
2014-06-26,ソニー・コンピュータエンタテインメント,FREEDOM WARS フリーダムウォーズ,-,YES,ETC,ソニー・コンピュータエンタテインメント,0,1,その他,PS Vita
2014-06-26,5pb.,ROBOTICS;NOTES ELITE,-,YES,ETC,5pb.,0,1,その他,PS Vita
2014-06-26,バンダイナムコゲームス,ガールズ&パンツァー 戦車道、極めます!,-,YES,ETC,バンダイナムコゲームス,0,1,その他,PS Vita
2014-06-26,dramatic create,穢翼のユースティア Angel's blessing,-,YES,ETC,dramatic create,0,1,その他,PS Vita
2014-07-03,アークシステムワークス,FANTASY HERO unsigned legacy,-,,ETC,アークシステムワークス,0,1,その他,PS Vita
2014-07-15,セガ,チェインクロニクルV,-,,ETC,セガ,0,1,その他,PS Vita
2014-07-17,TAKUYO,ソラユメ,-,YES,ETC,TAKUYO,0,1,その他,PS Vita
2014-07-17,ソニー・コンピュータエンタテインメント,俺の屍を越えてゆけ2Oreshika: Tainted Bloodlines,-,YES,ETC,ソニー・コンピュータエンタテインメント,0,1,その他,PS Vita
2014-07-17,Future Tech Lab,爽海バッカニアーズ!,-,YES,ETC,Future Tech Lab,0,1,その他,PS Vita
2014-07-23,スパイク・チュンソフト,せかい☆セイフク 〜COSTUME FES.〜,-,,ETC,スパイク・チュンソフト,0,1,その他,PS Vita
2014-07-24,ソニー・コンピュータエンタテインメント,Entwined,-,,ETC,ソニー・コンピュータエンタテインメント,0,1,その他,PS Vita
2014-07-24,アイディアファクトリー,RE：VICE D,30,YES,ADV,アイディアファクトリー,0,1,魔王に捧げる恋愛ADV,PS Vita
2014-07-24,スクウェア・エニックスBigben Interactive,WRC 4 FIA ワールドラリーチャンピオンシップ,30,YES,RCG,スクウェア・エニックスBigben Interactive,0,1,レース,PS Vita
2014-07-24,5pb.Xseed Games,コープスパーティー BLOOD DRIVE,-,YES,ETC,5pb.Xseed Games,adv/56,1,その他,PS Vita
2014-07-24,イエティSekai Project,ルートダブル -Before Crime * After Days-,-,YES,ETC,イエティSekai Project,0,1,その他,PS Vita
2014-07-24,5pb.NIS America,東京新世録 オペレーションアビスOperation Abyss: New Tokyo Legacy,-,YES,ETC,5pb.NIS America,0,1,その他,PS Vita
2014-07-24,light,相州戦神館學園 八命陣 天之刻,-,YES,ETC,light,0,1,その他,PS Vita
2014-07-31,ユービーアイソフト,チャイルド オブ ライト スペシャルエディション,-,YES,ETC,ユービーアイソフト,rpg/53,1,その他,PS Vita
2014-07-31,5pb.,解放少女 SIN,-,YES,ETC,5pb.,0,1,その他,PS Vita
2014-08-07,アークシステムワークス,オセロ,-,,ETC,アークシステムワークス,0,1,その他,PS Vita
2014-08-07,フリューAtlus USA (NA)NIS America (EU),ロストディメンション,33,YES,RPG,フリューAtlus USA (NA)NIS America (EU),0,1,RPG,PS Vita
2014-08-07,日本一ソフトウェア,真 流行り神,31,YES,ADV,日本一ソフトウェア,adv/59,1,ホラーアドベンチャー,PS Vita
2014-08-13,ソニー・コンピュータエンタテインメント,ホホクム,-,,ETC,ソニー・コンピュータエンタテインメント,0,1,その他,PS Vita
2014-08-13,カプコン,モンスターハンター フロンティア G,-,YES,ETC,カプコン,0,1,その他,PS Vita
2014-08-14,プロトタイプ,CLANNAD,-,YES,ETC,プロトタイプ,0,1,その他,PS Vita
2014-08-20,Polytron Corporation Inc.,FEZ,-,,ETC,Polytron Corporation Inc.,0,1,その他,PS Vita
2014-08-21,5pb.,CHAOS;HEAD DUAL,-,YES,ETC,5pb.,0,1,その他,PS Vita
2014-08-21,ソニー・コンピュータエンタテインメント,CounterSpy,-,,ETC,ソニー・コンピュータエンタテインメント,0,1,その他,PS Vita
2014-08-21,トライエース,ジューダス コード,-,,ETC,トライエース,0,1,その他,PS Vita
2014-08-21,ディースリー・パブリッシャー,バレットガールズ,30,YES,ASHT,ディースリー・パブリッシャー,sho/13,1,アクションシューティング,PS Vita
2014-08-26,スクウェア・エニックス,Stealth Inc：A Clone in the Dark ULTIMATE EDITION,32,,ACT,スクウェア・エニックス,0,1,アクションパズル,PS Vita
2014-08-28,プロトタイプ,Rewrite,-,YES,ETC,プロトタイプ,0,1,その他,PS Vita
2014-08-28,テイジイエル企画,キスベル,-,YES,ETC,テイジイエル企画,0,1,その他,PS Vita
2014-08-28,マーベラス,ハイスクールD×D ニューファイト,-,,ETC,マーベラス,0,1,その他,PS Vita
2014-08-28,角川ゲームス,ラブライブ! School idol paradice Vol.1 Printemps,-,YES,ETC,角川ゲームス,0,1,その他,PS Vita
2014-08-28,角川ゲームス,ラブライブ! School idol paradice Vol.2 BiBi,-,YES,ETC,角川ゲームス,0,1,その他,PS Vita
2014-08-28,角川ゲームス,ラブライブ! School idol paradice Vol.3 Lily white,-,YES,ETC,角川ゲームス,0,1,その他,PS Vita
2014-08-28,加賀クリエイト,恋愛0キロメートルV,-,YES,ETC,加賀クリエイト,0,1,その他,PS Vita
2014-08-28,コーエーテクモゲームス,討鬼伝 極,37,YES,ACT,コーエーテクモゲームス,act/60,1,ハンティングアクション,PS Vita
2014-08-28,コンパイルハート,超次元アクション ネプテューヌUHyperdimension Neptunia U: Action Unleashed,-,YES,ETC,コンパイルハート,0,1,その他,PS Vita
2014-08-28,5pb.,迷宮クロスブラッド インフィニティ Ultimate,-,YES,ETC,5pb.,0,1,その他,PS Vita
2014-09-04,アイディアファクトリー,Binary Star,31,YES,ADV,アイディアファクトリー,oto/11,1,恋愛アドベンチャー,PS Vita
2014-09-04,スクウェア・エニックス,THE WALKING DEAD,-,YES,ETC,スクウェア・エニックス,0,1,その他,PS Vita
2014-09-17,スクウェア・エニックス,Divekick: Addition Edition,32,,FTG,スクウェア・エニックス,0,1,対戦格闘,PS Vita
2014-09-17,FuturLab Limited,Velocity 2X【英語版】,-,,ETC,FuturLab Limited,0,1,その他,PS Vita
2014-09-24,Double Eleven Limited,Frozen Synapse Prime,-,,ETC,Double Eleven Limited,0,1,その他,PS Vita
2014-09-24,Rollingmedia Limited,OlliOlli,-,,ETC,Rollingmedia Limited,0,1,その他,PS Vita
2014-09-25,ソニー・コンピュータエンタテインメント,むらさきべいびー,-,,ETC,ソニー・コンピュータエンタテインメント,0,1,その他,PS Vita
2014-09-25,dramatic create,ものべの -pure smile-,-,YES,ETC,dramatic create,0,1,その他,PS Vita
2014-09-25,アクアプラスNA: Atlus USAEU: NIS America,ダンジョントラベラーズ2 王立図書館とマモノの封印Dungeon Travelers 2: The Royal Library & the Monster Seal,-,YES,ETC,アクアプラスNA: Atlus USAEU: NIS America,0,1,その他,PS Vita
2014-09-25,インターグローFocus Home Interactive,ファーミングシミュレーター 14 ポケット農園 2Farming Simulator 14,-,YES,ETC,インターグローFocus Home Interactive,0,1,その他,PS Vita
2014-09-25,マーベラス,幕末Rock 超魂,32,YES,ADV,マーベラス,oto/12,1,歌で戦う幕末革命ADV,PS Vita
2014-09-25,TAKUYO,神さまと恋ゴコロ,-,YES,ETC,TAKUYO,0,1,その他,PS Vita
2014-09-25,スパイク・チュンソフトNIS America,絶対絶望少女 ダンガンロンパ AnotherEpisodeDanganronpa Another Episode: Ultra Despair Girls,-,YES,ETC,スパイク・チュンソフトNIS America,0,1,その他,PS Vita
2014-09-25,5pb.,花咲くまにまに,-,YES,ETC,5pb.,0,1,その他,PS Vita
2014-09-25,日本ファルコムXseed Games (NA)NIS America (EU),英雄伝説 閃の軌跡IIThe Legend of Heroes: Trails of Cold Steel II,-,YES,ETC,日本ファルコムXseed Games (NA)NIS America (EU),0,1,その他,PS Vita
2014-10-02,ガストKoei Tecmo,アルノサージュ Plus 〜生まれいずる星へ祈る詩〜Ar Nosurge Plus,-,YES,ETC,ガストKoei Tecmo,0,1,その他,PS Vita
2014-10-02,ガスト,シェルノサージュ Offline 〜失われた星へ捧ぐ詩〜,31,YES,ETC,ガスト,0,1,7次元コミュニケーション,PS Vita
2014-10-02,アイディアファクトリー,熱血異能部活譚 Trigger Kiss,31,YES,ADV,アイディアファクトリー,0,1,女性向け熱血恋愛アドベンチャー,PS Vita
2014-10-09,エレクトロニック・アーツ,FIFA 15FIFA 15: Legacy Edition,-,YES,ETC,エレクトロニック・アーツ,0,1,その他,PS Vita
2014-10-09,プロトタイプ,FLOWERS,-,YES,ETC,プロトタイプ,adv/235,1,その他,PS Vita
2014-10-09,ドラス,HIDEBOH タップダンスHERO,-,YES,ETC,ドラス,0,1,その他,PS Vita
2014-10-16,アイディアファクトリー,AMNESIA LATER×CROWD V Edition,-,YES,ETC,アイディアファクトリー,0,1,その他,PS Vita
2014-10-16,スクウェア・エニックス,CHAOS RINGS III -PREQUEL TRILOGY-,-,YES,ETC,スクウェア・エニックス,0,1,その他,PS Vita
2014-10-23,"Mossmouth, LLC",Spelunky【英語版】,-,,ETC,"Mossmouth, LLC",0,1,その他,PS Vita
2014-10-23,ソニー・コンピュータエンタテインメント,The Unfinished Swan,-,,ETC,ソニー・コンピュータエンタテインメント,0,1,その他,PS Vita
2014-10-23,バンダイナムコゲームス,スーパーヒーロージェネレーション,31,YES,SRPG,バンダイナムコゲームス,rpg/63,1,シミュレーションRPG,PS Vita
2014-10-23,コナミデジタルエンタテインメント,実況パワフルプロ野球2014,35,YES,SPT,コナミデジタルエンタテインメント,0,1,野球・育成,PS Vita
2014-10-29,ソニー・コンピュータエンタテインメント,Minecraft: PlayStation Vita Edition,33,YES,SLG,ソニー・コンピュータエンタテインメント,etc/61,1,サンドボックス,PS Vita
2014-10-30,Nitro+CHiRAL,DRAMAtical Murder re:code,31,YES,ADV,Nitro+CHiRAL,0,1,脳内クラッシュADV,PS Vita
2014-10-30,プロトタイプ,グリザイアの迷宮 -LE LABYRINTHE DE LA GRISAIA-,-,YES,ETC,プロトタイプ,adv/75,1,その他,PS Vita
2014-11-12,Pastagames,Pix the Cat【英語版】,-,,ETC,Pastagames,0,1,その他,PS Vita
2014-11-13,アイディアファクトリー,MARGINAL＃4 IDOL OF SUPERNOVA,-,YES,ETC,アイディアファクトリー,0,1,その他,PS Vita
2014-11-13,バンダイナムコゲームス,ハナヤマタ よさこいLIVE！,-,YES,ETC,バンダイナムコゲームス,0,1,その他,PS Vita
2014-11-13,セガ,電撃文庫 FIGHTING CLIMAX,33,YES,FTG,セガ,act/65,1,2D対戦格闘,PS Vita
2014-11-19,カプコン,モンスターハンター フロンティア G6,-,YES,ETC,カプコン,0,1,その他,PS Vita
2014-11-20,バンダイナムコゲームス,M3〜ソノ黑キ鋼〜///MISSION MEMENTO MORI,-,YES,ETC,バンダイナムコゲームス,0,1,その他,PS Vita
2014-11-20,アイディアファクトリー,戦場の円舞曲,31,YES,ADV,アイディアファクトリー,0,1,女性向け恋愛AVG,PS Vita
2014-11-27,アイディアファクトリーAksys Games,Code:Realize 〜創世の姫君〜Code: Realize − Guardian of Rebirth,-,YES,ETC,アイディアファクトリーAksys Games,0,1,その他,PS Vita
2014-11-27,角川ゲームス,Fate/hollow ataraxia,-,YES,ETC,角川ゲームス,0,1,その他,PS Vita
2014-11-27,コナミ,ニセコイ ヨメイリ!?,-,YES,ETC,コナミ,0,1,その他,PS Vita
2014-11-27,セガ,ファンタシースター NOVA,-,YES,ETC,セガ,0,1,その他,PS Vita
2014-11-27,日本一ソフトウェア,大江戸BlackSmith,30,YES,SLG,日本一ソフトウェア,0,1,女と金のシミュレーション,PS Vita
2014-11-27,シルバースタージャパン,銀星囲碁 ネクストジェネレーション,-,YES,ETC,シルバースタージャパン,0,1,その他,PS Vita
2014-12-03,インターグローImage & Form,スチームワールド ディグ,-,,ETC,インターグローImage & Form,0,1,その他,PS Vita
2014-12-04,テイクツー・インタラクティブ・ジャパン,BORDERLANDS 2,-,YES,ETC,テイクツー・インタラクティブ・ジャパン,0,1,その他,PS Vita
2014-12-04,アイディアファクトリー,DIABOLIK LOVERS VANDEAD CARNIVAL,-,YES,ETC,アイディアファクトリー,0,1,その他,PS Vita
2014-12-04,コーエーテクモゲームス,戦国無双 Chronicle 3Samurai Warriors: Chronicles 3,-,YES,ETC,コーエーテクモゲームス,0,1,その他,PS Vita
2014-12-11,アイディアファクトリーAksys Games,NORN9 VAR COMMONS,-,YES,ETC,アイディアファクトリーAksys Games,0,1,その他,PS Vita
2014-12-11,5pb.,カデンツァ フェルマータ アコルト：フォルテシモ,-,YES,ETC,5pb.,0,1,その他,PS Vita
2014-12-11,プロトタイプ,グリザイアの楽園 -LE EDEN DE LA GRISAIA-,-,YES,ETC,プロトタイプ,0,1,その他,PS Vita
2014-12-11,ディースリー・パブリッシャー欧州：PQube,地球防衛軍2 PORTABLE V2Earth Defense Force 2: Invaders from Planet Space,-,YES,ETC,ディースリー・パブリッシャー欧州：PQube,0,1,その他,PS Vita
2014-12-11,システムソフト・アルファー,戦極姫5〜戦禍断つ覇王の系譜〜,-,YES,ETC,システムソフト・アルファー,slg/29,1,その他,PS Vita
2014-12-17,ピグミースタジオ,ラ・ムラーナEX,31,,ACT,ピグミースタジオ,0,1,遺跡探検考古学アクション,PS Vita
2014-12-18,TAKUYO,カエル畑DEつかまえて☆彡,-,YES,ETC,TAKUYO,0,1,その他,PS Vita
2014-12-18,バンダイナムコゲームス,ガンダムブレイカー2,33,YES,ACT,バンダイナムコゲームス,act/68,1,創壊共闘アクション,PS Vita
2014-12-18,アークシステムワークスCorecell Technology,タイムアベンジャーAeternoBlade,-,,ETC,アークシステムワークスCorecell Technology,0,1,その他,PS Vita
2014-12-18,コンパイルハート,神次次元ゲイム ネプテューヌRe;Birth3 V CENTURYHyperdimension Neptunia Re;Birth 3: V Generation,-,YES,ETC,コンパイルハート,0,1,その他,PS Vita
2014-12-24,PLAYISMAmanita Design,Machinarium,-,,ETC,PLAYISMAmanita Design,0,1,その他,PS Vita
2014-12-24,PLAYISM,TorqueL,-,,ETC,PLAYISM,0,1,その他,PS Vita
2014-12-24,アークシステムワークスNeko Entertainment,にゃんだふる★パズル ネコブロNekoburo CatsBlock,-,,ETC,アークシステムワークスNeko Entertainment,0,1,その他,PS Vita
2014-12-25,バンダイナムコゲームス,魔法科高校の劣等生 Out of Order,-,YES,ETC,バンダイナムコゲームス,0,1,その他,PS Vita
2015-01-14,Eiconic Games,Final Horizon,-,,ETC,Eiconic Games,0,1,その他,PS Vita
2015-01-14,Curve Digital,Titan Attacks!,-,,ETC,Curve Digital,0,1,その他,PS Vita
2015-01-15,アイディアファクトリー,"DIABOLIK LOVERS MORE,BLOODLIMITED V EDITION",-,YES,ETC,アイディアファクトリー,0,1,その他,PS Vita
2015-01-22,ソニー・コンピュータエンタテインメント,RESOGUN,-,,ETC,ソニー・コンピュータエンタテインメント,0,1,その他,PS Vita
2015-01-22,アイディアファクトリー,ROOT∞REXX,-,YES,ETC,アイディアファクトリー,0,1,その他,PS Vita
2015-01-22,ガスト,エスカ&ロジーのアトリエ Plus 〜黄昏の空の錬金術士〜Atelier Escha & Logy Plus: Alchemists of the Dusk Sky,-,YES,ETC,ガスト,0,1,その他,PS Vita
2015-01-22,エストシエル,カレイドイヴ,31,YES,ADV,エストシエル,0,1,恋愛アドベンチャー,PS Vita
2015-01-22,エクスペリエンスNIS America,剣の街の異邦人 〜黒の宮殿〜Stranger of Sword City,-,YES,ETC,エクスペリエンスNIS America,0,1,その他,PS Vita
2015-01-29,加賀クリエイト,ひとつ飛ばし恋愛V,-,YES,ETC,加賀クリエイト,adv/95,1,その他,PS Vita
2015-01-29,みなとすてーしょん,クロガネ回姫譚-閃夜一夜-,30,YES,ADV,みなとすてーしょん,0,1,大和撫子活劇アドベンチャー,PS Vita
2015-01-29,角川ゲームス,デュラララ!! Relay,-,YES,ETC,角川ゲームス,0,1,その他,PS Vita
2015-01-29,アイディアファクトリーAksys Games,黒蝶のサイケデリカPsychedelica of the Black Butterfly,-,YES,ETC,アイディアファクトリーAksys Games,0,1,その他,PS Vita
2015-02-11,プロトタイプ,学園ヘヴン BOY'S LOVE SCRUMBLE!,-,YES,ETC,プロトタイプ,oto/27,1,その他,PS Vita
2015-02-11,スパイク・チュンソフト,憂世ノ浪士,-,YES,ETC,スパイク・チュンソフト,0,1,その他,PS Vita
2015-02-11,コーエーテクモゲームス,戦国無双4-IISamurai Warriors 4-II,-,YES,ETC,コーエーテクモゲームス,0,1,その他,PS Vita
2015-02-12,加賀クリエイト,大図書館の羊飼い ‐Library Party‐,-,YES,ETC,加賀クリエイト,0,1,その他,PS Vita
2015-02-12,アイディアファクトリー,百華夜光,30,YES,ADV,アイディアファクトリー,0,1,女性向け恋愛アドベンチャー,PS Vita
2015-02-19,バンダイナムコゲームス,GOD EATER 2 RAGE BURST,-,YES,ETC,バンダイナムコゲームス,0,1,その他,PS Vita
2015-02-19,"GHI Media, LLCDevolver Digital",LUFTRAUSERS,-,,ETC,"GHI Media, LLCDevolver Digital",0,1,その他,PS Vita
2015-02-19,ディースリー・パブリッシャー,男遊郭,-,YES,ETC,ディースリー・パブリッシャー,oto/29,1,その他,PS Vita
2015-02-19,アイディアファクトリー,薄桜鬼 随想録 面影げ花,-,YES,ETC,アイディアファクトリー,oto/30,1,その他,PS Vita
2015-02-19,日本一ソフトウェア,風雨来記3,-,YES,ETC,日本一ソフトウェア,0,1,その他,PS Vita
2015-02-24,スクウェア・エニックス,デッドマンズ・クルス,-,,ETC,スクウェア・エニックス,0,1,その他,PS Vita
2015-02-26,アイディアファクトリー,DIABOLIK LOVERS DARK FATE,-,YES,ETC,アイディアファクトリー,0,1,その他,PS Vita
2015-02-26,dramatic create,OZMAFIA!! -vivace-,30,YES,ADV,dramatic create,0,1,童話×マフィア×乙女アドベンチャー,PS Vita
2015-02-26,バンダイナムコゲームス,キャプテン・アース マインドラビリンス,-,YES,ETC,バンダイナムコゲームス,0,1,その他,PS Vita
2015-02-26,テイジイエル企画,パルフェ,-,YES,ETC,テイジイエル企画,0,1,その他,PS Vita
2015-02-26,フリュー,結城友奈は勇者である 樹海の記憶,30,YES,ACT,フリュー,0,1,日常系!?勇者部アクション,PS Vita
2015-02-26,セガゲームス,龍が如く0 基本無料アプリ for PlayStation Vita,-,,ETC,セガゲームス,0,1,その他,PS Vita
2015-03-05,ソニー・コンピュータエンタテインメント,ヘルダイバー,31,,SHT,ソニー・コンピュータエンタテインメント,0,1,シューティング,PS Vita
2015-03-11,シルバースタージャパン,タッチバトル戦車SP,-,,ETC,シルバースタージャパン,0,1,その他,PS Vita
2015-03-12,加賀クリエイト,ひぐらしのなく頃に 粋,-,YES,ETC,加賀クリエイト,0,1,その他,PS Vita
2015-03-12,コーエーテクモゲームス,ウイニングポスト8 2015,34,YES,SLG,コーエーテクモゲームス,0,1,競馬シミュレーション,PS Vita
2015-03-12,バンダイナムコゲームス,デジモンストーリー サイバースルゥース,34,YES,RPG,バンダイナムコゲームス,rpg/71,1,育成RPG,PS Vita
2015-03-12,コーエーテクモゲームス,遙かなる時空の中で6,35,YES,ADV,コーエーテクモゲームス,oto/33,1,恋愛アドベンチャー,PS Vita
2015-03-18,AMG GAMES,人狼ゲーム,-,,ETC,AMG GAMES,0,1,その他,PS Vita
2015-03-19,dramatic create,いろとりどりのセカイ WORLD'S END -RE:BIRTH-,-,YES,ETC,dramatic create,0,1,その他,PS Vita
2015-03-26,加賀クリエイト,Friend to Lover 〜フレラバ〜,32,YES,ADV,加賀クリエイト,0,1,恋愛アドベンチャー,PS Vita
2015-03-26,GNソフトウェア,Justy×Nasty 〜魔王はじめました〜,-,YES,ETC,GNソフトウェア,0,1,その他,PS Vita
2015-03-26,バンダイナムコゲームス,ソードアート・オンライン -ロスト・ソング-,32,YES,ARPG,バンダイナムコゲームス,0,1,アクションRPG,PS Vita
2015-03-26,コナミデジタルエンタテインメント,プロ野球スピリッツ2015,36,YES,SPT,コナミデジタルエンタテインメント,spo/33,1,プロ野球,PS Vita
2015-03-26,バンダイナムコゲームス,ワンピース 海賊無双3One Piece: Pirate Warriors 3,-,YES,ETC,バンダイナムコゲームス,0,1,その他,PS Vita
2015-03-26,Rejet,剣が君 for V,32,YES,ADV,Rejet,oto/34,1,和風伝奇ADV,PS Vita
2015-03-26,システムソフト・アルファー,大戦略 大東亜興亡史3第二次世界大戦勃発! 枢軸軍対連合軍 全世界戦,-,YES,ETC,システムソフト・アルファー,0,1,その他,PS Vita
2015-03-26,コーエーテクモゲームス,影牢 〜もう1人のプリンセス〜Deception IV: The Nightmare Princess,-,YES,ETC,コーエーテクモゲームス,0,1,その他,PS Vita
2015-03-26,QuinRose,新装版 お菓子な島のピーターパン,-,YES,ETC,QuinRose,0,1,その他,PS Vita
2015-03-26,マーベラスXseed Games (NA),閃乱カグラ ESTIVAL VERSUS -少女達の選択-Senran Kagura Estival Versus,-,YES,ETC,マーベラスXseed Games (NA),0,1,その他,PS Vita
2015-03-31,角川ゲームス,Project Discovery だいだいダイスキ!,-,,ETC,角川ゲームス,0,1,その他,PS Vita
2015-04-01,Rollingmedia Limited.Roll7,OlliOlli2: Welcome to OLLIWOOD,33,,TBL,Rollingmedia Limited.Roll7,0,1,スケートボード,PS Vita
2015-04-01,ソニー・コンピュータエンタテインメント,モンスターバッグ,-,,ETC,ソニー・コンピュータエンタテインメント,0,1,その他,PS Vita
2015-04-02,アイディアファクトリー,NORN9 LAST ERA,-,YES,ETC,アイディアファクトリー,0,1,その他,PS Vita
2015-04-02,バンダイナムコエンターテインメント,第3次スーパーロボット大戦Z 天獄篇,32,YES,SRPG,バンダイナムコエンターテインメント,rpg/75,1,シミュレーションRPG,PS Vita
2015-04-02,バンダイナムコエンターテインメント,第3次スーパーロボット大戦Z 連獄篇,-,,ETC,バンダイナムコエンターテインメント,rpg/44,1,その他,PS Vita
2015-04-08,Cellar Door Games,ローグ・レガシー,32,,ARPG,Cellar Door Games,0,1,アクションRPG,PS Vita
2015-04-09,ソニー・コンピュータエンタテインメント,MLB 15 THE SHOW【英語版】,32,,SPT,ソニー・コンピュータエンタテインメント,0,1,野球,PS Vita
2015-04-09,アークシステムワークスAksys Games,XBLAZE LOST:MEMORIES,-,YES,ETC,アークシステムワークスAksys Games,0,1,その他,PS Vita
2015-04-09,加賀クリエイト,百花繚乱エリクシル〜Record Of Torenia Revival〜,-,YES,ETC,加賀クリエイト,0,1,その他,PS Vita
2015-04-15,カプコン,モンスターハンターG7,-,YES,ETC,カプコン,0,1,その他,PS Vita
2015-04-16,eastasiasoft,ゼルドナーエックス2 〜ファイナルプロトタイプ〜Soldner-X 2: Final Prototype,-,,ETC,eastasiasoft,0,1,その他,PS Vita
2015-04-21,ガラット,VENUS PROJECT -ヴィーナス プロジェクト-,-,,ETC,ガラット,0,1,その他,PS Vita
2015-04-23,アークシステムワークスAksys Games,BLAZBLUE CHRONO PHANTASMA EXTEND,-,,ETC,アークシステムワークスAksys Games,0,1,その他,PS Vita
2015-04-23,アイディアファクトリー,CLOCK ZERO 〜終焉の一秒〜 ExTime,-,YES,ETC,アイディアファクトリー,oto/37,1,その他,PS Vita
2015-04-23,アガツマ・エンタテインメント,さよなら 海腹川背 ちらりSayonara Umihara Kawase Plus,-,YES,ETC,アガツマ・エンタテインメント,0,1,その他,PS Vita
2015-04-23,プロトタイプ,学園ヘヴン2 〜DOUBLE SCRAMBLE!〜,30,YES,ADV,プロトタイプ,oto/38,1,ボーイズラブ・アドベンチャー,PS Vita
2015-04-23,QuinRose,新装版クリムゾン・エンパイア,-,YES,ETC,QuinRose,oto/39,1,その他,PS Vita
2015-04-30,アクアプラス,ToHeart2 ダンジョントラベラーズ,-,YES,ETC,アクアプラス,0,1,その他,PS Vita
2015-04-30,ユニティ・ゲームズ・ジャパンBeautiFun Games,ニヒラブラ −生命と色彩の旅路−Nihilumbra,-,,ETC,ユニティ・ゲームズ・ジャパンBeautiFun Games,0,1,その他,PS Vita
2015-04-30,5pb.,冴えない彼女の育てかた -blessing flowers-,-,YES,ETC,5pb.,0,1,その他,PS Vita
2015-04-30,5pb.,東京新世録 オペレーションバベルOperation Babel: New Tokyo Legacy,-,YES,ETC,5pb.,0,1,その他,PS Vita
2015-04-30,工画堂スタジオDegica,白衣性愛情依存症Nurse Love Addiction,-,YES,ETC,工画堂スタジオDegica,0,1,その他,PS Vita
2015-04-30,アイディアファクトリー,華ヤカ哉、我ガ一族 モダンノスタルジィ,-,YES,ETC,アイディアファクトリー,0,1,その他,PS Vita
2015-05-07,スクウェア・エニックス,Chaos Rings,-,,ETC,スクウェア・エニックス,0,1,その他,PS Vita
2015-05-07,スクウェア・エニックス,Chaos Rings II,-,,ETC,スクウェア・エニックス,0,1,その他,PS Vita
2015-05-07,スクウェア・エニックス,Chaos Rings Ω,-,,ETC,スクウェア・エニックス,0,1,その他,PS Vita
2015-05-14,SNKプレイモア,メタルスラッグ3,-,,ETC,SNKプレイモア,0,1,その他,PS Vita
2015-05-14,スクウェア・エニックス,聖剣伝説 RISE of MANA,-,,ETC,スクウェア・エニックス,0,1,その他,PS Vita
2015-05-21,QuinRose,12時の鐘とシンデレラシンデレラシリーズトリプル全巻パック,-,YES,ETC,QuinRose,oto/41,1,その他,PS Vita
2015-05-21,5pb.,LOVELY×CATION1&2,-,YES,ETC,5pb.,adv/127,1,その他,PS Vita
2015-05-21,スクウェア・エニックス,みんなでスペランカーZ,-,,ETC,スクウェア・エニックス,0,1,その他,PS Vita
2015-05-21,ジグノシステムジャパン,アブナイ恋の捜査室 〜Eternal Happiness〜,-,YES,ETC,ジグノシステムジャパン,0,1,その他,PS Vita
2015-05-21,TAKUYO,カエル畑DEつかまえて・夏 千木良参戦!,-,YES,ETC,TAKUYO,oto/43,1,その他,PS Vita
2015-05-27,フライハイワークスQubic Games,魔神少女 -Chronicle 2D ACT-The Legend of Dark Witch,-,,ETC,フライハイワークスQubic Games,0,1,その他,PS Vita
2015-05-28,dramatic create,ChuSingura46+1 -忠臣蔵46+1- V,-,YES,ETC,dramatic create,0,1,その他,PS Vita
2015-05-28,COMFORT,POSSESSION MAGENTA,-,YES,ETC,COMFORT,0,1,その他,PS Vita
2015-05-28,バンダイナムコエンターテインメント,クロスアンジュ 天使と竜の輪舞tr.,31,YES,SHT,バンダイナムコエンターテインメント,0,1,ドラマチックシューティング,PS Vita
2015-05-28,コーエーテクモゲームス,信長の野望・創造 with パワーアップキット,-,YES,ETC,コーエーテクモゲームス,slg/34,1,その他,PS Vita
2015-05-28,アイディアファクトリー,華ヤカ哉、我ガ一族 幻燈ノスタルジィ,-,YES,ETC,アイディアファクトリー,oto/45,1,その他,PS Vita
2015-06-04,スパイク・チュンソフトAksys Games,風来のシレン5Plus フォーチュンタワーと運命のダイスShiren the Wanderer: The Tower of Fortune and the Dice of Fate,-,YES,ETC,スパイク・チュンソフトAksys Games,0,1,その他,PS Vita
2015-06-11,アイディアファクトリー,猛獣使いと王子様 〜Flower ＆ Snow〜,-,YES,ETC,アイディアファクトリー,oto/46,1,その他,PS Vita
2015-06-11,角川ゲームス,英雄伝説 空の軌跡 FC Evolution,-,YES,ETC,角川ゲームス,rpg/98,1,その他,PS Vita
2015-06-18,QuinRose,新装版 魔法使いとご主人様,-,YES,ETC,QuinRose,oto/47,1,その他,PS Vita
2015-06-24,ソニー・コンピュータエンタテインメントPM Studios,DEEMO〜ラスト・リサイタル〜,33,,音,ソニー・コンピュータエンタテインメントPM Studios,0,1,音楽リズムアクション,PS Vita
2015-06-25,アスガルド,5人の恋プリンス〜ヒミツの契約結婚〜,-,YES,ETC,アスガルド,0,1,その他,PS Vita
2015-06-25,5pb.PQube,CHAOS;CHILD,-,YES,ETC,5pb.PQube,0,1,その他,PS Vita
2015-06-25,RED FLAGSHIP,クロガネ回姫譚 －一期一会－,-,,ETC,RED FLAGSHIP,0,1,その他,PS Vita
2015-06-25,プロトタイプ,グリザイアの果実スピンアウト!?アイドル魔法少女ちるちる☆みちる,-,YES,ETC,プロトタイプ,0,1,その他,PS Vita
2015-06-25,QuinRose,スクール・ウォーズ 全巻パック 本編&卒業戦線,-,YES,ETC,QuinRose,0,1,その他,PS Vita
2015-06-25,テイジイエル企画,ハーヴェストオーバーレイ,-,YES,ETC,テイジイエル企画,0,1,その他,PS Vita
2015-06-25,アトラス,ペルソナ4 ダンシング・オールナイト,33,YES,音,アトラス,etc/63,1,Pサウンドアクション,PS Vita
2015-06-25,スパイク・チュンソフト,ホットライン マイアミ Collected Edition,33,YES,ACT,スパイク・チュンソフト,0,1,アクション,PS Vita
2015-06-25,メディアスケープ,不思議の幻想郷 -THE TOWER OF DESIRE-,31,,RPG,メディアスケープ,0,1,ダンジョンRPG,PS Vita
2015-06-25,アイディアファクトリー,忍び、恋うつつ －雪月花恋絵巻－,-,YES,ETC,アイディアファクトリー,oto/48,1,その他,PS Vita
2015-07-01,ナツメ,Reel Fishing 〜忘れていた約束〜Reel Fishing: Master's Challenge,-,,ETC,ナツメ,0,1,その他,PS Vita
2015-07-02,アクワイアNA: Aksys GamesEU: PQube,絶対迎撃ウォーズAegis of Earth: Protonovus Assault,-,YES,ETC,アクワイアNA: Aksys GamesEU: PQube,0,1,その他,PS Vita
2015-07-02,アイディアファクトリー,薄桜鬼 黎明録 思馳せ空,-,YES,ETC,アイディアファクトリー,0,1,その他,PS Vita
2015-07-08,Flippfly LLC,RACE THE SUN,-,,ETC,Flippfly LLC,0,1,その他,PS Vita
2015-07-09,バンダイナムコエンターテインメント,太鼓の達人 Vバージョン,30,YES,音,バンダイナムコエンターテインメント,0,1,和太鼓リズムゲーム,PS Vita
2015-07-10,クロスファンクションWired Productions,Tiny Troopers Joint Ops,-,,ETC,クロスファンクションWired Productions,0,1,その他,PS Vita
2015-07-15,バンダイナムコエンターテインメント,機動戦士ガンダム バトルフォートレス,-,,ETC,バンダイナムコエンターテインメント,0,1,その他,PS Vita
2015-07-16,アイディアファクトリー,I DOLL U,30,YES,ADV,アイディアファクトリー,0,1,歌で愛と絆を深める恋愛AVG,PS Vita
2015-07-16,TAKUYO,SWEET CLOWN〜午前三時のオカシな道化師〜,-,YES,ETC,TAKUYO,0,1,その他,PS Vita
2015-07-22,カプコン,モンスターハンターG8,-,YES,ETC,カプコン,0,1,その他,PS Vita
2015-07-23,ディースリー・パブリッシャー,Vamwolf Cross,-,YES,ETC,ディースリー・パブリッシャー,0,1,その他,PS Vita
2015-07-23,コンパイルハート,魔壊神トリリオンTrillion: God of Destruction,-,YES,ETC,コンパイルハート,0,1,その他,PS Vita
2015-07-28,バンダイナムコエンターテインメント,ガンダムコンクエストV,-,,ETC,バンダイナムコエンターテインメント,0,1,その他,PS Vita
2015-07-29,アークシステムワークスAtlus USA,ローラーズ オブ ザ レルム〜呪われし三戦士と戦乱の王国〜Rollers of the Realm,-,,ETC,アークシステムワークスAtlus USA,0,1,その他,PS Vita
2015-07-30,マーベラス,IA/VT -COLORFUL-,34,YES,音,マーベラス,etc/59,1,リズムゲーム,PS Vita
2015-07-30,アイディアファクトリー,KLAP!! 〜Kind Love And Punish〜,30,YES,ADV,アイディアファクトリー,oto/55,1,妖怪調教AVG,PS Vita
2015-07-30,コンパイルハート,デート・ア・ライブ Twin Edition 凛緒リンカーネション,-,YES,ETC,コンパイルハート,adv/144,1,その他,PS Vita
2015-07-30,テイジイエル企画,ナツメグ,-,YES,ETC,テイジイエル企画,0,1,その他,PS Vita
2015-07-30,角川ゲームス,プリンス・オブ・ストライド,32,YES,ADV,角川ゲームス,0,1,青春疾走アドベンチャー,PS Vita
2015-07-30,バンダイナムコエンターテインメントActtil,レイギガント,31,YES,RPG,バンダイナムコエンターテインメントActtil,rpg/84,1,3つの運命のRPG,PS Vita
2015-07-30,スパイク・チュンソフト,不思議のクロニクル 振リ返リマセン勝ツマデハMystery Chronicle: One Way Heroics,-,YES,ETC,スパイク・チュンソフト,0,1,その他,PS Vita
2015-07-30,システムソフト・アルファー,大戦略エクシード2,-,YES,ETC,システムソフト・アルファー,0,1,その他,PS Vita
2015-07-30,QuinRose,新装版 ハートの国のアリス〜Wonderful Wonder World〜,-,YES,ETC,QuinRose,0,1,その他,PS Vita
2015-07-30,ヴューズ,絶対迷宮 秘密のおやゆび姫,30,YES,ADV,ヴューズ,oto/57,1,童話系メルヒェンアドベンチャー,PS Vita
2015-07-31,フライハイワークスQubic Games,POLARA,31,,ACT,フライハイワークスQubic Games,0,1,スピードランアクション,PS Vita
2015-08-05,"GREEN HILL, LTD",Kick & Fennick,-,,ETC,"GREEN HILL, LTD",0,1,その他,PS Vita
2015-08-05,Honeyslug. Ltd,Super Exploding Zoo,-,,ETC,Honeyslug. Ltd,0,1,その他,PS Vita
2015-08-06,アルケミストPQube,ぎゃる☆がん だぶるぴーす,31,YES,SHT,アルケミストPQube,sho/26,1,3D眼（ガン）シューティング,PS Vita
2015-08-06,インティ・クリエイツ,ぎゃるガンヴォルト,-,,ETC,インティ・クリエイツ,0,1,その他,PS Vita
2015-08-06,ユニティ・ゲームズ・ジャパンI-Illusions,エレメンタルElement4l,-,,ETC,ユニティ・ゲームズ・ジャパンI-Illusions,0,1,その他,PS Vita
2015-08-06,マーベラス,ルミナスアーク インフィニティ,33,YES,SRPG,マーベラス,rpg/86,1,ファンタジー・シミュレーションRPG,PS Vita
2015-08-11,フライハイワークスRelevo Videogames,BABOON!,-,,ETC,フライハイワークスRelevo Videogames,0,1,その他,PS Vita
2015-08-20,メディアファイブ,マル合格！宅建試験 平成27年度版,-,,ETC,メディアファイブ,0,1,その他,PS Vita
2015-08-20,アイディアファクトリー,レンドフルール,34,YES,ADV,アイディアファクトリー,0,1,咲き誇る花々の運命を戯るAVG,PS Vita
2015-08-20,QuinRose,ロミオVSジュリエット・全巻パック,-,YES,ETC,QuinRose,oto/60,1,その他,PS Vita
2015-08-27,Matatabi,Rear pheles -Red of Another-,-,YES,ETC,Matatabi,0,1,その他,PS Vita
2015-08-27,プロトタイプ,ひまわり -Pebble in the Sky-,-,YES,ETC,プロトタイプ,0,1,その他,PS Vita
2015-08-27,アイディアファクトリー,十三支演義 偃月三国伝1・2,-,YES,ETC,アイディアファクトリー,oto/61,1,その他,PS Vita
2015-09-03,5pb.,IS 〈インフィニット・ストラトス〉2 ラブ アンド パージ,-,YES,ETC,5pb.,0,1,その他,PS Vita
2015-09-11,Young Horses,オクトダッド -タコと呼ばないで-Octodad: Dadliest Catch,-,,ETC,Young Horses,0,1,その他,PS Vita
2015-09-17,プロトタイプ,あまつみそらに! 雲のはたてに,-,YES,ETC,プロトタイプ,0,1,その他,PS Vita
2015-09-17,SILKY'S PLUS ALPHA,なないろリンカネーション,-,YES,ETC,SILKY'S PLUS ALPHA,0,1,その他,PS Vita
2015-09-17,アイディアファクトリー,ゆのはなSpRING!,32,YES,ADV,アイディアファクトリー,oto/63,1,湯けむり×胸きゅん×恋愛ADV,PS Vita
2015-09-17,カプコン,バイオハザード リベレーションズ2Resident Evil: Revelations 2,-,YES,ETC,カプコン,0,1,その他,PS Vita
2015-09-17,バンダイナムコエンターテインメント,ワールドトリガー ボーダレスミッション,-,YES,ETC,バンダイナムコエンターテインメント,act/84,1,その他,PS Vita
2015-09-17,加賀クリエイト,咲-Saki-全国編,-,YES,ETC,加賀クリエイト,tab/58,1,その他,PS Vita
2015-09-17,コーエーテクモゲームス,戦国無双4 Empires,33,YES,ACT,コーエーテクモゲームス,act/83,1,タクティカルアクション,PS Vita
2015-09-17,dramatic create,東京陰陽師〜天現寺橋 怜の場合〜 V Edition,-,YES,ETC,dramatic create,oto/64,1,その他,PS Vita
2015-09-17,QuinRose,源氏恋絵巻,-,YES,ETC,QuinRose,oto/65,1,その他,PS Vita
2015-09-24,アクアプラスNA: Atlus USAEU: Deep Silver,うたわれるもの 偽りの仮面Utawarerumono: Mask of Deception,-,YES,ETC,アクアプラスNA: Atlus USAEU: Deep Silver,0,1,その他,PS Vita
2015-09-25,ディースリー・パブリッシャー,帝国海軍恋慕情〜明治横須賀行進曲〜,-,YES,ETC,ディースリー・パブリッシャー,0,1,その他,PS Vita
2015-09-25,アイディアファクトリー,薄桜鬼 真改 風ノ章Hakuōki: Kyoto Winds,-,YES,ETC,アイディアファクトリー,0,1,その他,PS Vita
2015-09-25,コンパイルハート,限界凸起 モエロクリスタル,32,YES,RPG,コンパイルハート,0,1,パンツを被ってブラを求めるRPG,PS Vita
2015-09-30,日本ファルコムAksys Games,東亰ザナドゥ,32,YES,ARPG,日本ファルコムAksys Games,rpg/91,1,都市型神話アクションRPG,PS Vita
2015-10-01,コーエーテクモゲームス,よるのないくに,32,YES,RPG,コーエーテクモゲームス,rpg/87,1,美少女従魔RPG,PS Vita
2015-10-01,みなとすてーしょん,クロガネ回姫雀,-,,ETC,みなとすてーしょん,0,1,その他,PS Vita
2015-10-01,バンダイナムコエンターテインメント,東京喰種トーキョーグール JAIL,-,YES,ETC,バンダイナムコエンターテインメント,0,1,その他,PS Vita
2015-10-08,honeybee,あやかしごはん 〜おおもりっ！〜,-,YES,ETC,honeybee,oto/68,1,その他,PS Vita
2015-10-15,コンパイルハート,激次元タッグ ブラン+ネプテューヌVSゾンビ軍団MegaTagmension Blanc + Neptune VS Zombies,-,YES,ETC,コンパイルハート,0,1,その他,PS Vita
2015-10-22,プロトタイプ,FLOWERS夏篇,33,YES,ADV,プロトタイプ,adv/235,1,百合系ミステリーADV,PS Vita
2015-10-28,ピッキーNicalis,The Binding of Isaac：Rebirth アイザックの冒険：リバース,-,,ETC,ピッキーNicalis,0,1,その他,PS Vita
2015-10-28,スクウェア・エニックス,スターオーシャン2 Second EvolutionStar Ocean: Second Evolution,-,,ETC,スクウェア・エニックス,0,1,その他,PS Vita
2015-10-29,dramatic create,ALIA's CARNIVAL! サクラメント,-,YES,ETC,dramatic create,0,1,その他,PS Vita
2015-10-29,バンダイナムコエンターテインメント,GOD EATER RESURRECTION,-,YES,ETC,バンダイナムコエンターテインメント,0,1,その他,PS Vita
2015-10-29,日本一ソフトウェア,夜廻Yomawari: Night Alone,-,YES,ETC,日本一ソフトウェア,0,1,その他,PS Vita
2015-10-29,テイジイエル企画,恋愛リベンジ,-,YES,ETC,テイジイエル企画,0,1,その他,PS Vita
2015-10-29,クロン,雷子,-,YES,ETC,クロン,0,1,その他,PS Vita
2015-11-04,Curve DigitalFacepalm Games,The Swapper,-,,ETC,Curve DigitalFacepalm Games,0,1,その他,PS Vita
2015-11-04,Choice Provisions,Woah Dave!,-,,ETC,Choice Provisions,0,1,その他,PS Vita
2015-11-05,フリュー,To LOVEる -とらぶる- ダークネス トゥループリンセス,-,YES,ETC,フリュー,0,1,その他,PS Vita
2015-11-12,コーエーテクモゲームス,信長の野望 天翔記 with パワーアップキット HD Version,-,YES,ETC,コーエーテクモゲームス,0,1,その他,PS Vita
2015-11-18,カプコン,モンスターハンターG9,-,YES,ETC,カプコン,0,1,その他,PS Vita
2015-11-19,アイディアファクトリーAksys Games,BAD APPLE WARS,-,YES,ETC,アイディアファクトリーAksys Games,0,1,その他,PS Vita
2015-11-19,Cygames,エアシップQ,-,YES,ETC,Cygames,rpg/97,1,その他,PS Vita
2015-11-19,ディースリー・パブリッシャー,オメガラビリンス,-,YES,ETC,ディースリー・パブリッシャー,rpg/94,1,その他,PS Vita
2015-11-19,バンダイナムコエンターテインメント,ガールフレンド（仮） きみと過ごす夏休み,-,YES,ETC,バンダイナムコエンターテインメント,0,1,その他,PS Vita
2015-11-19,スパイク・チュンソフトNIS America,グランキングダム,31,YES,SRPG,スパイク・チュンソフトNIS America,0,1,タクティカルRPG,PS Vita
2015-11-19,レッド・エンタテインメント,スカーレッドライダーゼクス Rev.,-,YES,ETC,レッド・エンタテインメント,oto/72,1,その他,PS Vita
2015-11-19,コーエーテクモゲームス,ソフィーのアトリエ 〜不思議な本の錬金術士〜Atelier Sophie: The Alchemist of the Mysterious Book,-,YES,ETC,コーエーテクモゲームス,0,1,その他,PS Vita
2015-11-19,コーエーテクモゲームス,真・三國無双Online Z,-,,ETC,コーエーテクモゲームス,0,1,その他,PS Vita
2015-11-26,バンダイナムコエンターテインメント,GOD EATER OFF SHOT 雨宮リンドウ編,-,,ETC,バンダイナムコエンターテインメント,0,1,その他,PS Vita
2015-11-26,プチレーヴ,Goes!,-,YES,ETC,プチレーヴ,0,1,その他,PS Vita
2015-11-26,テイジイエル企画,キスアト,-,YES,ETC,テイジイエル企画,0,1,その他,PS Vita
2015-11-26,日本一ソフトウェア,クリミナルガールズ2Criminal Girls 2: Party Favors,-,YES,ETC,日本一ソフトウェア,0,1,その他,PS Vita
2015-11-26,マーベラス,ネットハイ,34,YES,ETC,マーベラス,adv/180,1,爆発炎上バトル,PS Vita
2015-11-26,dramatic create,月に寄りそう乙女の作法 〜ひだまりの日々〜,-,YES,ETC,dramatic create,adv/182,1,その他,PS Vita
2015-11-26,コーエーテクモゲームス,真・三國無双7 EmpiresDynasty Warriors 8: Empires,-,YES,ETC,コーエーテクモゲームス,0,1,その他,PS Vita
2015-11-26,GNソフトウェア,竜翼のメロディア -Diva with the blessed dragonol-,-,YES,ETC,GNソフトウェア,0,1,その他,PS Vita
2015-11-26,コンパイルハート,超次元大戦 ネプテューヌVSセガ・ハード・ガールズ 夢の合体スペシャルSuperdimension Neptune VS Sega Hard Girls,-,YES,ETC,コンパイルハート,0,1,その他,PS Vita
2015-11-26,アークシステムワークスAksys Games (NA)NIS America (EU),魔都紅色幽撃隊 デイブレイク スペシャル ギグスTokyo Twilight Ghost Hunters: Daybreak Special Gigs,-,YES,ETC,アークシステムワークスAksys Games (NA)NIS America (EU),0,1,その他,PS Vita
2015-11-27,ピッキーNicalis,1001 Spikes,32,,AADV,ピッキーNicalis,0,1,最凶即死アクションAVG,PS Vita
2015-11-27,LEAP Game Studios,Squares,-,,ETC,LEAP Game Studios,0,1,その他,PS Vita
2015-12-02,Grimm Bros LLC,Dragon Fin Soup,-,,ETC,Grimm Bros LLC,0,1,その他,PS Vita
2015-12-03,アクワイア,Wizardry 囚われし魂の迷宮,-,,ETC,アクワイア,0,1,その他,PS Vita
2015-12-03,テイクツー・インタラクティブ・ジャパン,シヴィライゼーション レボリューション 2+,30,YES,SLG,テイクツー・インタラクティブ・ジャパン,slg/43,1,文明育成シミュレーション,PS Vita
2015-12-03,フリュー,干物妹!うまるちゃん 〜干物妹！育成計画〜,-,YES,ETC,フリュー,0,1,その他,PS Vita
2015-12-10,アスガルド,LOVE:QUIZ〜恋する乙女のファイナルアンサー〜,-,YES,ETC,アスガルド,0,1,その他,PS Vita
2015-12-10,5pb.PQube,STEINS;GATE 0,-,YES,ETC,5pb.PQube,0,1,その他,PS Vita
2015-12-10,マーベラスPQube,VALKYRIE DRIVE –BHIKKHUNI-,31,YES,ETC,マーベラスPQube,act/93,1,攻撃的爆乳ハイパーバトル,PS Vita
2015-12-10,アークシステムワークス,どぎめぎインリョクちゃん ラブ＆ピース,-,,ETC,アークシステムワークス,0,1,その他,PS Vita
2015-12-10,バンダイナムコエンターテインメント,アイドルマスター マストソングス 赤盤,-,YES,ETC,バンダイナムコエンターテインメント,0,1,その他,PS Vita
2015-12-10,バンダイナムコエンターテインメント,アイドルマスター マストソングス 青盤,-,YES,ETC,バンダイナムコエンターテインメント,0,1,その他,PS Vita
2015-12-10,角川ゲームス,英雄伝説 空の軌跡 SC Evolution,-,YES,ETC,角川ゲームス,rpg/98,1,その他,PS Vita
2015-12-17,ディースリー・パブリッシャー,BELIEVER!,-,YES,ETC,ディースリー・パブリッシャー,0,1,その他,PS Vita
2015-12-17,GNソフトウェア,Melty Moment,-,YES,ETC,GNソフトウェア,0,1,その他,PS Vita
2015-12-17,"アークシステムワークスActtil, Atlus, PM Studios (NA)Rising Star Games (EU)",SUPERBEAT XONiC,31,YES,音,"アークシステムワークスActtil, Atlus, PM Studios (NA)Rising Star Games (EU)",0,1,リズムアクション,PS Vita
2015-12-17,テイジイエル企画,この青空に約束を―,-,YES,ETC,テイジイエル企画,0,1,その他,PS Vita
2015-12-17,コーエーテクモゲームス,アンジェリーク ルトゥール,37,YES,SLG,コーエーテクモゲームス,0,1,恋愛シミュレーション,PS Vita
2015-12-17,スパイク・チュンソフトAksys Games,イグジストアーカイヴ -The Other Side of the Sky-,33,,RPG,スパイク・チュンソフトAksys Games,rpg/99,1,RPG,PS Vita
2015-12-17,セガゲームス,ミラクルガールズフェスティバル,31,YES,音,セガゲームス,etc/67,1,リズムアクション,PS Vita
2015-12-17,コンパイルハートIdea Factory,メイQノ地下ニ死スMeiQ: Labyrinth of Death,-,YES,ETC,コンパイルハートIdea Factory,0,1,その他,PS Vita
2015-12-17,アイディアファクトリー,学園K -Wonderful School Days- V Edition,-,YES,ETC,アイディアファクトリー,0,1,その他,PS Vita
2015-12-17,バンダイナムコエンターテインメント,終わりのセラフ 運命の始まり,-,YES,ETC,バンダイナムコエンターテインメント,0,1,その他,PS Vita
2015-12-17,セガゲームス,電撃文庫 FIGHTING CLIMAX IGNITION,32,YES,FTG,セガゲームス,0,1,2D対戦格闘,PS Vita
2015-12-23,バンダイナムコエンターテインメント,GOD EATER OFF SHOT アリサ・イリーニチナ・アミエーラ編,-,,ETC,バンダイナムコエンターテインメント,0,1,その他,PS Vita
2015-12-23,ディースリー・パブリッシャー,STORM LOVER V,-,YES,ETC,ディースリー・パブリッシャー,oto/80,1,その他,PS Vita
2015-12-23,コンフォート,アルカナ・ファミリア-La storia della Arcana Famiglia- Ancora,-,YES,ETC,コンフォート,oto/79,1,その他,PS Vita
2015-12-23,プロトタイプ,ヴァルプルガの詩,-,YES,ETC,プロトタイプ,0,1,その他,PS Vita
2015-12-23,TAKUYO,月影の鎖 〜錯乱パラノイア〜,-,YES,ETC,TAKUYO,0,1,その他,PS Vita
2015-12-23,バンダイナムコエンターテインメント,機動戦士ガンダム エクストリームバーサス フォース,-,YES,ETC,バンダイナムコエンターテインメント,0,1,その他,PS Vita
2015-12-24,PLAYISM,クロワルール・シグマ,-,,ETC,PLAYISM,0,1,その他,PS Vita
2015-12-24,加賀クリエイト,魔女こいにっき Dragon×Caravan,-,YES,ETC,加賀クリエイト,0,1,その他,PS Vita
2016-01-06,Gambitious Digital Entertainment,Xeodrifter,-,,ETC,Gambitious Digital Entertainment,0,1,その他,PS Vita
2016-01-07,コーエーテクモゲームス,信長の野望 201X,-,,ETC,コーエーテクモゲームス,0,1,その他,PS Vita
2016-01-14,アトラス,オーディンスフィア レイヴスラシル,36,YES,ARPG,アトラス,rpg/102,1,2DアクションRPG,PS Vita
2016-01-14,角川ゲームスDegica,ダライアスバースト クロニクルセイバーズ,32,YES,SHT,角川ゲームスDegica,0,1,シューティング,PS Vita
2016-01-18,スパイク・チュンソフトBrace Yourself Games,クリプト・オブ・ネクロダンサー,31,,音,スパイク・チュンソフトBrace Yourself Games,0,1,ローグライクリズムアクション,PS Vita
2016-01-21,5pb.PQube,マブラヴ,-,YES,ETC,5pb.PQube,0,1,その他,PS Vita
2016-01-21,5pb.PQube,マブラヴ オルタネイティヴ,-,YES,ETC,5pb.PQube,0,1,その他,PS Vita
2016-01-28,バンダイナムコエンターテインメント,GOD EATER OFF SHOT ソーマ・シックザール編,-,,ETC,バンダイナムコエンターテインメント,0,1,その他,PS Vita
2016-01-28,ディースリー・パブリッシャー,STORM LOVER 2nd V,-,YES,ETC,ディースリー・パブリッシャー,oto/83,1,その他,PS Vita
2016-01-28,ブロッコリー,うたの☆プリンスさまっ♪MUSIC3,-,YES,ETC,ブロッコリー,etc/69,1,その他,PS Vita
2016-01-28,メディアスケープNIS America,ダブルフォーカス〜文と椛の弾丸取材紀行〜Touhou Double Focus,-,,ETC,メディアスケープNIS America,0,1,その他,PS Vita
2016-01-28,スクウェア・エニックス,ドラゴンクエストビルダーズ アレフガルドを復活せよDragon Quest Builders,-,YES,ETC,スクウェア・エニックス,0,1,その他,PS Vita
2016-01-28,dramatic create,大正メビウスライン Vitable,-,YES,ETC,dramatic create,0,1,その他,PS Vita
2016-01-28,バンダイナムコエンターテインメント,学戦都市アスタリスクフェスタ 鳳華絢爛A.W.: Phoenix Festa,-,YES,ETC,バンダイナムコエンターテインメント,0,1,その他,PS Vita
2016-02-03,Curve Digital,MouseCraft,-,,ETC,Curve Digital,0,1,その他,PS Vita
2016-02-04,プロトタイプ,三国恋戦記〜思いでがえし〜 CS Edition,-,YES,ETC,プロトタイプ,oto/84,1,その他,PS Vita
2016-02-04,スクウェア・エニックス,聖剣伝説 〜ファイナルファンタジー外伝〜Adventures of Mana,-,,ETC,スクウェア・エニックス,0,1,その他,PS Vita
2016-02-05,アクワイア,Wizardry 囚われし亡霊の街,-,,ETC,アクワイア,0,1,その他,PS Vita
2016-02-11,花梨エンターテイメント,英国探偵ミステリア The Crown,-,YES,ETC,花梨エンターテイメント,oto/85,1,その他,PS Vita
2016-02-17,バンダイナムコエンターテインメント,ワールドトリガー スマッシュボーダーズ,-,,ETC,バンダイナムコエンターテインメント,0,1,その他,PS Vita
2016-02-18,スクウェア・エニックス,いけにえと雪のセツナ,32,YES,RPG,スクウェア・エニックス,rpg/107,1,RPG,PS Vita
2016-02-18,角川ゲームス,艦これ改,-,YES,ETC,角川ゲームス,slg/37,1,その他,PS Vita
2016-02-18,コーエーテクモゲームス,進撃の巨人Attack on Titan,-,YES,ETC,コーエーテクモゲームス,0,1,その他,PS Vita
2016-02-25,アイディアファクトリー,DIABOLIK LOVERS LUNATIC PARADE,-,YES,ETC,アイディアファクトリー,0,1,その他,PS Vita
2016-02-25,バンダイナムコエンターテインメント,GOD EATER OFF SHOT シオ編,-,,ETC,バンダイナムコエンターテインメント,0,1,その他,PS Vita
2016-02-25,Rejet,もし、この世界に神様がいるとするならば。,-,YES,ETC,Rejet,0,1,その他,PS Vita
2016-02-25,ユービーアイソフト,アサシン クリード クロニクル,32,YES,ACT,ユービーアイソフト,act/102,1,2.5Dステルスアクション,PS Vita
2016-02-25,バンダイナムコエンターテインメント,仮面ライダー バトライド・ウォー 創生,-,YES,ETC,バンダイナムコエンターテインメント,act/99,1,その他,PS Vita
2016-02-25,日本一ソフトウェア,勇者死す。,34,YES,RPG,日本一ソフトウェア,rpg/108,1,RPG,PS Vita
2016-02-25,テイジイエル企画,執事が姫を選ぶとき,-,YES,ETC,テイジイエル企画,0,1,その他,PS Vita
2016-02-25,ディースリー・パブリッシャー,百花百狼〜戦国忍法帖〜,33,YES,ADV,ディースリー・パブリッシャー,0,1,恋愛アドベンチャー,PS Vita
2016-02-25,GN Software,蒼の彼方のフォーリズム,-,YES,ETC,GN Software,0,1,その他,PS Vita
2016-03-03,5pb.,ご注文はうさぎですか?? Wonderful party!,-,YES,ETC,5pb.,0,1,その他,PS Vita
2016-03-03,バンダイナムコエンターテインメント,ガンダムブレイカー3,34,YES,ACT,バンダイナムコエンターテインメント,act/105,1,創壊共闘アクション,PS Vita
2016-03-03,コーエーテクモゲームス,シャリーのアトリエ Plus 〜黄昏の海の錬金術士〜Atelier Shallie Plus: Alchemists of the Dusk Sea,-,YES,ETC,コーエーテクモゲームス,0,1,その他,PS Vita
2016-03-03,システムソフト・アルファー,大戦略パーフェクト〜戦場の覇者〜,-,YES,ETC,システムソフト・アルファー,0,1,その他,PS Vita
2016-03-10,バンダイナムコエンターテインメントGaijinworks,サモンナイト6 失われた境界たちSummon Night 6,-,YES,ETC,バンダイナムコエンターテインメントGaijinworks,0,1,その他,PS Vita
2016-03-10,ヒューネックス,赤い砂堕ちる月,-,YES,ETC,ヒューネックス,oto/89,1,その他,PS Vita
2016-03-10,コーエーテクモゲームス,金色のコルダ4,36,YES,SLG,コーエーテクモゲームス,slg/48,1,恋愛シミュレーション,PS Vita
2016-03-17,花梨シャノアールΩ,オルメタ CODE:TYCOON 戒,-,YES,ETC,花梨シャノアールΩ,oto/90,1,その他,PS Vita
2016-03-17,バンダイナムコエンターテインメント,デジモンワールド -next 0rder-,33,YES,RPG,バンダイナムコエンターテインメント,rpg/113,1,育成RPG,PS Vita
2016-03-17,アイディアファクトリー,ワンド オブ フォーチュン R,-,YES,ETC,アイディアファクトリー,0,1,その他,PS Vita
2016-03-17,イースマイル,俺に働けって言われても 酉,-,,ETC,イースマイル,0,1,その他,PS Vita
2016-03-22,テイクツー・インタラクティブ・ジャパン2K Games,XCOM エネミー アンノウン +,-,,ETC,テイクツー・インタラクティブ・ジャパン2K Games,0,1,その他,PS Vita
2016-03-23,PLAYISMMidboss,アクアキティDXAqua Kitty: Milk Mine Defender DX,-,,ETC,PLAYISMMidboss,0,1,その他,PS Vita
2016-03-24,Rejet,Dance with Devils,30,YES,ADV,Rejet,0,1,アクマに魅入られたADV,PS Vita
2016-03-24,バンダイナムコエンターテインメント,GOD EATER OFF SHOT 藤木コウタ編,-,,ETC,バンダイナムコエンターテインメント,0,1,その他,PS Vita
2016-03-24,5pb.NIS America,PSYCHO-PASS サイコパス 選択なき幸福Psycho-Pass: Mandatory Happiness,-,YES,ETC,5pb.NIS America,0,1,その他,PS Vita
2016-03-24,GHI Media LLCDevolver Digital,はーとふる彼氏 HolidayStarHatoful Boyfriend: Holiday Star,-,,ETC,GHI Media LLCDevolver Digital,0,1,その他,PS Vita
2016-03-24,GHI Media LLCDevolver Digital,はーとふる彼氏Hatoful Boyfriend,-,,ETC,GHI Media LLCDevolver Digital,0,1,その他,PS Vita
2016-03-24,テイジイエル企画,シロガネ×スピリッツ!,-,YES,ETC,テイジイエル企画,0,1,その他,PS Vita
2016-03-24,コーエーテクモゲームス,デッド オア アライブ エクストリーム3 ヴィーナス,-,YES,ETC,コーエーテクモゲームス,0,1,その他,PS Vita
2016-03-24,スクウェア・エニックス,ロマンシング サ・ガ2,-,,ETC,スクウェア・エニックス,0,1,その他,PS Vita
2016-03-24,コーエーテクモゲームス,信長の野望・創造 戦国立志伝,35,YES,SLG,コーエーテクモゲームス,slg/51,1,歴史シミュレーション,PS Vita
2016-03-24,セガゲームス,初音ミク -Project DIVA- X,36,YES,音,セガゲームス,etc/71,1,リズムアクション,PS Vita
2016-03-25,クロスファンクションReverb Triple XP,Project Root,-,,ETC,クロスファンクションReverb Triple XP,0,1,その他,PS Vita
2016-03-31,5pb.,この大空に、翼をひろげて CRUISE SIGN,32,YES,ADV,5pb.,adv/66,1,恋愛アドベンチャー,PS Vita
2016-03-31,コーエーテクモゲームス,ウイニングポスト8 2016,32,YES,SLG,コーエーテクモゲームス,slg/52,1,競馬シミュレーション,PS Vita
2016-03-31,ヴューズ,シルヴァリオ・ヴェンデッタ –Verse of Orpeus-,-,YES,ETC,ヴューズ,0,1,その他,PS Vita
2016-04-07,アイディアファクトリー,ブラザーズ コンフリクト プレシャス ベイビー,-,YES,ETC,アイディアファクトリー,0,1,その他,PS Vita
2016-04-14,アークシステムワークスAutumn Games,スカルガールズ 2ndアンコール,32,YES,FTG,アークシステムワークスAutumn Games,0,1,2D対戦格闘,PS Vita
2016-04-21,バンダイナムコエンターテインメント,GOD EATER OFF SHOT 橘サクヤ編,-,,ETC,バンダイナムコエンターテインメント,0,1,その他,PS Vita
2016-04-21,アイディアファクトリー,ニル・アドミラリの天秤 帝都幻惑綺譚,32,YES,ADV,アイディアファクトリー,0,1,女性向け恋愛アドベンチャー,PS Vita
2016-04-21,ディースリー・パブリッシャー,バレットガールズ2,30,YES,ASHT,ディースリー・パブリッシャー,sho/31,1,アクションシューティング,PS Vita
2016-04-21,バンダイナムコエンターテインメント,ワンピース バーニングブラッド,32,YES,ACT,バンダイナムコエンターテインメント,0,1,対戦アクション,PS Vita
2016-04-21,ブロッコリー,神々の悪戯 InFinite,-,YES,ETC,ブロッコリー,0,1,その他,PS Vita
2016-04-21,クロン,雷子 -紺碧の章-,-,YES,ETC,クロン,0,1,その他,PS Vita
2016-04-26,クロスファンクションRatloop,Rocketbirds 2: Evolution,31,,ASHT,クロスファンクションRatloop,0,1,アクションシューティング,PS Vita
2016-04-27,フライハイワークスQubic Games,フェアルーン,-,,ETC,フライハイワークスQubic Games,0,1,その他,PS Vita
2016-04-28,RED FLAG SHIP,EVE burst error R,-,YES,ETC,RED FLAG SHIP,0,1,その他,PS Vita
2016-04-28,ワーナー ブラザース ジャパン,LEGO マーベル アベンジャーズ（英語版）,31,YES,AADV,ワーナー ブラザース ジャパン,0,1,アクションアドベンチャー,PS Vita
2016-04-28,スクウェア・エニックスRain Games,Teslagrad,-,,ETC,スクウェア・エニックスRain Games,0,1,その他,PS Vita
2016-04-28,5pb.,パンチライン,32,YES,ADV,5pb.,0,1,幽体イタズラアドベンチャー,PS Vita
2016-04-28,日本一ソフトウェア,ロゼと黄昏の古城A Rose in the Twilight,-,YES,ETC,日本一ソフトウェア,0,1,その他,PS Vita
2016-04-28,コナミデジタルエンタテインメント,実況パワフルプロ野球2016,37,YES,SPT,コナミデジタルエンタテインメント,spo/38,1,野球・育成,PS Vita
2016-04-28,コナミデジタルエンタテインメント,実況パワフルプロ野球サクセススペシャル,-,,ETC,コナミデジタルエンタテインメント,0,1,その他,PS Vita
2016-04-28,メディアスケープ,東方蒼神縁起V,-,,ETC,メディアスケープ,0,1,その他,PS Vita
2016-05-11,Capybara Games,スーパータイムフォース ULTRA,34,,ASHT,Capybara Games,0,1,アクションシューティング,PS Vita
2016-05-19,PLAYISMInfinitap Games,ネバーエンディングナイトメア,30,,ADV,PLAYISMInfinitap Games,0,1,ホラー,PS Vita
2016-05-19,アイディアファクトリーAksys Games,ピリオドキューブ 〜鳥籠のアマデウス〜Period Cube: Shackles of Amadeus,-,YES,ETC,アイディアファクトリーAksys Games,oto/96,1,その他,PS Vita
2016-05-19,スパイク・チュンソフト,喧嘩番長 乙女,31,YES,ADV,スパイク・チュンソフト,0,1,拳で愛を語る恋愛アドベンチャー,PS Vita
2016-05-25,SNKプレイモア,幕末浪漫第二幕 月華の剣士 〜月に咲く華、散りゆく花〜The Last Blade 2,-,,ETC,SNKプレイモア,0,1,その他,PS Vita
2016-05-26,GHI Media LLCDevolver Digital,Downwell,-,,ETC,GHI Media LLCDevolver Digital,0,1,その他,PS Vita
2016-05-26,プチレーヴ,SA7 -SILENT ABILITY SEVEN-,-,YES,ETC,プチレーヴ,0,1,その他,PS Vita
2016-05-26,日本一ソフトウェア,クラシックダンジョン 戦国Cladun Returns: This is Sengoku,-,YES,ETC,日本一ソフトウェア,0,1,その他,PS Vita
2016-05-26,システムソフト・アルファー,三極姫4 天華繚乱 天命の恋絵巻,-,YES,ETC,システムソフト・アルファー,0,1,その他,PS Vita
2016-05-26,アイディアファクトリー,鏡界の白雪,30,YES,ADV,アイディアファクトリー,0,1,狂気の世界へ誘う恋愛ADV,PS Vita
2016-05-27,スクウェア・エニックス,ドラゴンクエストヒーローズII 双子の王と予言の終わり,39,YES,ARPG,スクウェア・エニックス,rpg/117,1,アクションRPG,PS Vita
2016-06-02,Primula,大正×対称アリス all in one,30,YES,ADV,Primula,oto/101,1,夢見るおとぎ話アドベンチャー,PS Vita
2016-06-07,フライハイワークスQubic Games,ミスターパンプキンの不思議な旅Mr. Pumpkin Adventure,-,,ETC,フライハイワークスQubic Games,0,1,その他,PS Vita
2016-06-08,Laughing Jackal,FLAME OVER,-,,ETC,Laughing Jackal,0,1,その他,PS Vita
2016-06-16,インターグローFocus Home Interactive,Farming Simulator 16-ポケット農園3-Farming Simulator 16,-,YES,ETC,インターグローFocus Home Interactive,0,1,その他,PS Vita
2016-06-16,角川ゲームスPQube,ルートレター,-,YES,ETC,角川ゲームスPQube,0,1,その他,PS Vita
2016-06-16,アイディアファクトリー,薄桜鬼 真改 華ノ章Hakuōki: Edo Blossoms,-,YES,ETC,アイディアファクトリー,0,1,その他,PS Vita
2016-06-23,"フリューAtlus U.S.A.,Inc.",Caligula -カリギュラ-The Caligula Effect,-,YES,ETC,"フリューAtlus U.S.A.,Inc.",0,1,その他,PS Vita
2016-06-23,日本一ソフトウェア,ルフランの地下迷宮と魔女ノ旅団,32,YES,RPG,日本一ソフトウェア,rpg/103,1,ダンジョンRPG,PS Vita
2016-06-23,dramatic create,越えざるは紅い花〜恋は月に導かれる〜,-,YES,ETC,dramatic create,oto/104,1,その他,PS Vita
2016-06-30,スパイク・チュンソフトAksys Games,ZERO ESCAPE 刻のジレンマZero Time Dilemma,-,YES,ETC,スパイク・チュンソフトAksys Games,0,1,その他,PS Vita
2016-06-30,スクウェア・エニックスTelltale Games,ウォーキング・デッド シーズン2,33,YES,ADV,スクウェア・エニックスTelltale Games,0,1,シネマティックホラーADV,PS Vita
2016-06-30,プロトタイプ,絶対階級学園,33,YES,ADV,プロトタイプ,0,1,女性向け恋愛アドベンチャー,PS Vita
2016-07-07,日本一ソフトウェア,真 流行り神2,32,YES,ADV,日本一ソフトウェア,0,1,ホラーアドベンチャー,PS Vita
2016-07-11,メビウス,メゾン・ド・魔王,-,,ETC,メビウス,0,1,その他,PS Vita
2016-07-14,マーベラス,UPPERS,33,YES,ACT,マーベラス,act/107,1,フルボッコ系モテモテアクション,PS Vita
2016-07-14,角川ゲームス,英雄伝説 空の軌跡 3rd Evolution,-,YES,ETC,角川ゲームス,rpg/123,1,その他,PS Vita
2016-07-21,アイディアファクトリーAksys Games,7'scarlet,32,YES,ADV,アイディアファクトリーAksys Games,0,1,女性向け恋愛アドベンチャー,PS Vita
2016-07-21,日本ファルコムNIS America,イースVIII -Lacrimosa of DANA-,34,YES,ARPG,日本ファルコムNIS America,rpg/124,1,アクションRPG,PS Vita
2016-07-21,メディアスケープ,チェルシーさんは7の魔神をブッ殺さねばならない。Bunny Must Die! Chelsea and the 7 Devils,-,,ETC,メディアスケープ,0,1,その他,PS Vita
2016-07-21,ライオンズフィルム,少女とドラゴン-幻獣契約クリプトラクト-,-,,ETC,ライオンズフィルム,0,1,その他,PS Vita
2016-07-21,エクスペリエンス,新釈・剣の街の異邦人 〜黒の宮殿〜Stranger of Sword City Revisited,-,YES,ETC,エクスペリエンス,0,1,その他,PS Vita
2016-07-21,システムソフト・アルファー,現代大戦略2016 〜秩序の崩壊・覇権国家失墜〜,-,YES,ETC,システムソフト・アルファー,0,1,その他,PS Vita
2016-07-28,エンターグラム,Strawberry Nauts,-,YES,ETC,エンターグラム,0,1,その他,PS Vita
2016-07-28,日本一ソフトウェア,世界一長い5分間The Longest 5 Minutes,-,YES,ETC,日本一ソフトウェア,0,1,その他,PS Vita
2016-07-28,コーエーテクモゲームス,討鬼伝2,36,YES,ACT,コーエーテクモゲームス,0,1,ハンティングアクション,PS Vita
2016-07-28,GNソフトウェア,鯨神のティアスティラ,-,YES,ETC,GNソフトウェア,0,1,その他,PS Vita
2016-08-03,Misfits Atticl,A Virus Named TOM,-,,ETC,Misfits Atticl,0,1,その他,PS Vita
2016-08-03,コーエーテクモゲームス,真・三國無双 英傑伝Dynasty Warriors: Godseekers,-,YES,ETC,コーエーテクモゲームス,0,1,その他,PS Vita
2016-08-04,コンパイルハート,限界凸旗 セブンパイレーツ,32,YES,RPG,コンパイルハート,rpg/128,1,パイ育RPG,PS Vita
2016-08-10,Mike Bithell Gamesl,Volume,30,,ACT,Mike Bithell Gamesl,0,1,ステルスアクション,PS Vita
2016-08-10,プロトタイプ,星織ユメミライ Converted Edition,31,YES,ADV,プロトタイプ,0,1,恋愛アドベンチャー,PS Vita
2016-08-18,アイディアファクトリーAksys Games,Collar×Malice,33,YES,ADV,アイディアファクトリーAksys Games,oto/106,1,ラブ×サスペンスAVG,PS Vita
2016-08-25,エンターグラム,プラマイウォーズV,-,YES,ETC,エンターグラム,0,1,その他,PS Vita
2016-08-25,プラネットG,戦国乙女〜LEGEND BATTLE〜,-,YES,ETC,プラネットG,act/112,1,その他,PS Vita
2016-08-25,MAGES.,明治東亰恋伽 Full Moon,-,YES,ETC,MAGES.,0,1,その他,PS Vita
2016-08-25,アイディアファクトリー,猛獣たちとお姫様,30,YES,ADV,アイディアファクトリー,0,1,女性向け恋愛ADV,PS Vita
2016-08-25,文化放送エクステンド,逢魔が刻 〜かくりよの縁〜,32,YES,ADV,文化放送エクステンド,0,1,恋愛アドベンチャー,PS Vita
2016-09-01,スクウェア・エニックス,乖離性ミリオンアーサー,-,,ETC,スクウェア・エニックス,0,1,その他,PS Vita
2016-09-01,アイディアファクトリー,薔薇に隠されしヴェリテ,-,YES,ETC,アイディアファクトリー,0,1,その他,PS Vita
2016-09-08,プロトタイプ,AIR,-,YES,ETC,プロトタイプ,adv/229,1,その他,PS Vita
2016-09-08,コーエーテクモゲームス,下天の華 with 夢灯り 愛蔵版,-,YES,ETC,コーエーテクモゲームス,oto/111,1,その他,PS Vita
2016-09-08,アイディアファクトリー,悠久のティアブレイド -Lost Chronicle-,30,YES,ADV,アイディアファクトリー,oto/112,1,女性向け恋愛アドベンチャー,PS Vita
2016-09-15,アイディアファクトリー,ゆのはなSpRING！〜Cherishing Time〜,31,YES,ADV,アイディアファクトリー,oto/113,1,湯けむり×めろきゅん×恋愛ADV,PS Vita
2016-09-21,アクアプラスNA: Atlus USAEU: Deep Silver,うたわれるもの 二人の白皇Utawarerumono: Mask of Truth,-,YES,ETC,アクアプラスNA: Atlus USAEU: Deep Silver,0,1,その他,PS Vita
2016-09-21,ブロッコリー,マジきゅんっ!ルネッサンス,-,YES,ETC,ブロッコリー,oto/114,1,その他,PS Vita
2016-09-22,dramaticcreate,アストラエアの白き永遠-White Eternity-,-,YES,ETC,dramaticcreate,adv/230,1,その他,PS Vita
2016-09-29,honeyBee,DYNAMIC CHORD feat.rêve parfait V edition,-,YES,ETC,honeyBee,0,1,その他,PS Vita
2016-09-29,エンターグラム,PriministAr -プライミニスター-,-,YES,ETC,エンターグラム,0,1,その他,PS Vita
2016-09-29,角川ゲームスNIS America,デモンゲイズ2,33,YES,RPG,角川ゲームスNIS America,rpg/134,1,ダンジョンRPG,PS Vita
2016-09-29,エンターグラム,君を仰ぎ乙女は姫に,-,YES,ETC,エンターグラム,0,1,その他,PS Vita
2016-09-29,アイディアファクトリーAksys Games,灰鷹のサイケデリカPsychedelica of the Ashen Hawk,-,YES,ETC,アイディアファクトリーAksys Games,0,1,その他,PS Vita
2016-09-30,日活NIS America,刺青の国Tokyo Tattoo Girls,-,,ETC,日活NIS America,0,1,その他,PS Vita
2016-10-06,アイディアファクトリー,PsychicEmotion6,-,YES,ETC,アイディアファクトリー,0,1,その他,PS Vita
2016-10-06,Drinkbox Studios,Severed,32,,ARPG,Drinkbox Studios,0,1,アクションRPG,PS Vita
2016-10-06,アイディアファクトリー,ノルン＋ノネット アクト チューン,32,YES,ADV,アイディアファクトリー,0,1,女性向け恋愛AVG,PS Vita
2016-10-13,ワーナー ブラザース ジャパン,LEGO スター・ウォーズ/フォースの覚醒Lego Star Wars: The Force Awakens,-,YES,ETC,ワーナー ブラザース ジャパン,0,1,その他,PS Vita
2016-10-13,5pb.,プラスティック・メモリーズ,31,YES,ADV,5pb.,0,1,アドベンチャー,PS Vita
2016-10-13,ライオンズフィルム,戦国修羅SOUL,-,,ETC,ライオンズフィルム,0,1,その他,PS Vita
2016-10-13,コンパイルハートIdea Factory,神獄塔 メアリスケルターMary Skelter: Nightmares,-,YES,ETC,コンパイルハートIdea Factory,0,1,その他,PS Vita
2016-10-20,Rising Star Games,Lumo,-,,ETC,Rising Star Games,0,1,その他,PS Vita
2016-10-20,ディースリー・パブリッシャー,アイドルデスゲームTV,-,YES,ETC,ディースリー・パブリッシャー,0,1,その他,PS Vita
2016-10-20,バンダイナムコエンターテインメント,マクロスΔスクランブル,31,YES,ASHT,バンダイナムコエンターテインメント,sho/38,1,フライトアクションSTG,PS Vita
2016-10-20,角川ゲームス,レコラヴ Blue Ocean,-,YES,ETC,角川ゲームス,0,1,その他,PS Vita
2016-10-20,角川ゲームス,レコラヴ Gold Beach,-,YES,ETC,角川ゲームス,0,1,その他,PS Vita
2016-10-20,オトメイト,数乱digit,31,YES,ADV,オトメイト,0,1,女性向け恋愛ADV,PS Vita
2016-10-24,ライオンズフィルム,大戦略WEB,-,,ETC,ライオンズフィルム,0,1,その他,PS Vita
2016-10-26,アークシステムワークスAtlus USA,シチズンズ オブ アース 戦え！副大統領と40人の市民達！Citizens of Earth,-,,ETC,アークシステムワークスAtlus USA,0,1,その他,PS Vita
2016-10-27,エンターグラム,さかあがりハリケーン Portable,-,YES,ETC,エンターグラム,adv/234,1,その他,PS Vita
2016-10-27,5pb.,やはりゲームでも俺の青春ラブコメはまちがっている。続,30,YES,ADV,5pb.,adv/223,1,奉仕部体験アドベンチャー,PS Vita
2016-10-27,バンダイナムコエンターテインメント,ソードアート・オンライン ホロウ・リアリゼーション,32,YES,ARPG,バンダイナムコエンターテインメント,rpg/135,1,アクションRPG,PS Vita
2016-10-27,アートディンク,ネオアトラス 1469,33,YES,SLG,アートディンク,0,1,新世界発見シミュレーション,PS Vita
2016-10-27,コーエーテクモゲームス,ベルセルク無双Berserk and the Band of the Hawk,-,YES,ETC,コーエーテクモゲームス,0,1,その他,PS Vita
2016-10-27,スクウェア・エニックス,ワールド オブ ファイナルファンタジー,36,YES,RPG,スクウェア・エニックス,0,1,RPG,PS Vita
2016-11-02,コーエーテクモゲームス,フィリスのアトリエ 〜不思議な旅の錬金術士〜Atelier Firis: The Alchemist and the Mysterious Journey,-,YES,ETC,コーエーテクモゲームス,rpg/131,1,その他,PS Vita
2016-11-02,メディアスケープNIS America,東方Project『東方紅舞闘V』Touhou Kobuto V: Burst Battle,-,,ETC,メディアスケープNIS America,0,1,その他,PS Vita
2016-11-07,Cerberus,Delta Strike: First Assault,-,,ETC,Cerberus,0,1,その他,PS Vita
2016-11-09,カプコン,モンスターハンター フロンティアZ,-,,ETC,カプコン,0,1,その他,PS Vita
2016-11-10,マーベラスXseed Games,Fate/EXTELLAFate/Extella: The Umbral Star,-,YES,ETC,マーベラスXseed Games,0,1,その他,PS Vita
2016-11-17,プロトタイプ,FLOWERS秋篇,33,YES,ADV,プロトタイプ,adv/235,1,百合系ミステリーADV,PS Vita
2016-11-17,アイディアファクトリー,薄桜鬼 遊戯録 隊士達の大宴会,-,YES,ETC,アイディアファクトリー,etc/73,1,その他,PS Vita
2016-11-22,ワーナー・ブラザース ホームエンターテイメント,LEGO ニンジャゴー ニンドロイド,-,YES,ETC,ワーナー・ブラザース ホームエンターテイメント,0,1,その他,PS Vita
2016-11-22,バンダイナムコエンターテインメント,SDガンダム GGENERATION GENESIS,-,YES,ETC,バンダイナムコエンターテインメント,0,1,その他,PS Vita
2016-11-23,honeybee,Starry☆Sky 〜Spring Stories〜,-,YES,ETC,honeybee,oto/71,1,その他,PS Vita
2016-11-23,コーエーテクモゲームス,戦国無双 〜真田丸〜,35,YES,ACT,コーエーテクモゲームス,0,1,タクティカルアクション,PS Vita
2016-11-24,アイディアファクトリーAksys Games,Code:Realize 〜祝福の未来〜Code: Realize − Future Blessings,-,YES,ETC,アイディアファクトリーAksys Games,0,1,その他,PS Vita
2016-11-24,エンターグラム,id［イド］ -Rebirth Session-,-,YES,ETC,エンターグラム,adv/236,1,その他,PS Vita
2016-11-24,PIACCI,トラベリングスターズ,-,YES,ETC,PIACCI,0,1,その他,PS Vita
2016-11-24,日本一ソフトウェア,プリンセスは金の亡者Penny-Punching Princess,-,YES,ETC,日本一ソフトウェア,0,1,その他,PS Vita
2016-11-24,ヒューネックス,乙女理論とその周辺 -Bon Voyage-,-,YES,ETC,ヒューネックス,0,1,その他,PS Vita
2016-11-24,ヒューネックス,鳥籠のマリアージュ 〜初恋の翼〜,-,YES,ETC,ヒューネックス,oto/121,1,その他,PS Vita
2016-12-01,ピグミースタジオ,僕は森世界の神となる,-,,ETC,ピグミースタジオ,0,1,その他,PS Vita
2016-12-01,ピグミースタジオ,野犬のロデム,-,,ETC,ピグミースタジオ,0,1,その他,PS Vita
2016-12-07,SNK,餓狼 MARK OF THE WOLVES,-,,ETC,SNK,0,1,その他,PS Vita
2016-12-13,KEMCO,アスディバインハーツ,-,,ETC,KEMCO,0,1,その他,PS Vita
2016-12-15,EastasiasoftPixel Lantern,Bard's Gold,-,YES,ETC,EastasiasoftPixel Lantern,0,1,その他,PS Vita
2016-12-15,バーグサラ・ライトウェイトLittle Orbit,アドベンチャー・タイム ネームレス王国の3人のプリンセスAdventure Time: The Secret of the Nameless Kingdom,-,YES,ETC,バーグサラ・ライトウェイトLittle Orbit,0,1,その他,PS Vita
2016-12-15,スクウェア・エニックス,サガ スカーレット グレイス,32,YES,RPG,スクウェア・エニックス,0,1,RPG,PS Vita
2016-12-15,だいだい,古き良き時代の冒険譚,-,,ETC,だいだい,0,1,その他,PS Vita
2016-12-21,クロスファンクションDigerati,Paranautical Activity,-,,ETC,クロスファンクションDigerati,0,1,その他,PS Vita
2016-12-21,TAKUYO,月影の鎖〜狂爛モラトリアム〜,-,YES,ETC,TAKUYO,oto/126,1,その他,PS Vita
2016-12-22,honeyBee,DYNAMIC CHORD feat.Liar-S V edition,-,YES,ETC,honeyBee,0,1,その他,PS Vita
2016-12-22,honeyBee,Re:BIRTHDAY SONG〜恋を唄う死神〜another record,-,YES,ETC,honeyBee,oto/123,1,その他,PS Vita
2016-12-22,メディアスケープ,不思議の幻想郷TOD -RELOADED-,32,YES,RPG,メディアスケープ,0,1,ダンジョンRPG,PS Vita
2016-12-22,Rejet,剣が君 百夜綴り,32,YES,ADV,Rejet,oto/122,1,和風伝奇ADV,PS Vita
2016-12-22,エンターグラム,咲-Saki- 全国編Plus,-,,ETC,エンターグラム,tab/58,1,その他,PS Vita
2016-12-22,システムソフト・アルファー,太平洋の嵐〜皇国の興廃ここにあり、1942戦艦大和反攻の號砲〜,-,YES,ETC,システムソフト・アルファー,slg/64,1,その他,PS Vita
2016-12-22,プロトタイプ,果つることなき未来ヨリ,-,YES,ETC,プロトタイプ,0,1,その他,PS Vita
2016-12-22,コーエーテクモゲームス,遙かなる時空の中で6 幻燈ロンド,35,YES,ADV,コーエーテクモゲームス,oto/124,1,恋愛アドベンチャー,PS Vita
2016-12-26,ライオンズフィルム,イケメン幕末◆運命の恋 華の都と恋の乱,-,,ETC,ライオンズフィルム,0,1,その他,PS Vita
2016-12-26,USERJOY JAPAN,英雄伝説 暁の軌跡,-,,ETC,USERJOY JAPAN,0,1,その他,PS Vita
2017-01-11,Kemco,レイジングループ,32,,ADV,Kemco,0,1,アドベンチャー,PS Vita
2017-01-12,スパイク・チュンソフトNIS America,ニューダンガンロンパV3 みんなのコロシアイ新学期Danganronpa V3: Killing Harmony,-,YES,ETC,スパイク・チュンソフトNIS America,0,1,その他,PS Vita
2017-01-19,アイディアファクトリー,花朧 〜戦国伝乱奇〜,31,YES,ADV,アイディアファクトリー,oto/127,1,女性向け恋愛アドベンチャー,PS Vita
2017-01-19,セガゲームス,蒼き革命のヴァルキュリアValkyria Revolution,-,YES,ETC,セガゲームス,0,1,その他,PS Vita
2017-01-26,アイディアファクトリー,BLACK WOLVES SAGA - Weiβ und Schwarz -,-,YES,ETC,アイディアファクトリー,oto/128,1,その他,PS Vita
2017-01-26,5pb.,NEW GAME! -THE CHALLENGE STAGE!-,-,YES,ETC,5pb.,0,1,その他,PS Vita
2017-01-26,ブロッコリー,うたの☆プリンスさまっ♪Repeat LOVE,-,YES,ETC,ブロッコリー,oto/130,1,その他,PS Vita
2017-01-26,ヒューネックス,オルフレール 〜幸福の花束〜,-,YES,ETC,ヒューネックス,oto/129,1,その他,PS Vita
2017-01-26,バンダイナムコエンターテインメント,双星の陰陽師,30,YES,ADV,バンダイナムコエンターテインメント,0,1,双星激闘バトル＆ADV,PS Vita
2017-01-26,バーグサラ・ライトウェイトNA: Aksys GamesEU: Rising Star Games,新星抜擢 ドライブガールズDrive Girls,-,YES,ETC,バーグサラ・ライトウェイトNA: Aksys GamesEU: Rising Star Games,0,1,その他,PS Vita
2017-01-27,クロスファンクションFair Play Labs,Color Guardians,-,,ETC,クロスファンクションFair Play Labs,0,1,その他,PS Vita
2017-02-09,日本一ソフトウェアLoot Interactive,Back to Bed,-,,ETC,日本一ソフトウェアLoot Interactive,0,1,その他,PS Vita
2017-02-09,日本一ソフトウェアMesshof,Nidhogg,-,,ETC,日本一ソフトウェアMesshof,0,1,その他,PS Vita
2017-02-16,アイディアファクトリー,DIABOLIK LOVERS LOST EDEN,-,YES,ETC,アイディアファクトリー,0,1,その他,PS Vita
2017-02-16,5pb.,かまいたちの夜 輪廻彩声,32,YES,ADV,5pb.,adv/243,1,アドベンチャー,PS Vita
2017-02-16,システムソフト・アルファー,萌え萌え2次大戦 (略) 3,-,YES,ETC,システムソフト・アルファー,0,1,その他,PS Vita
2017-02-23,プロトタイプ,ISLAND,32,YES,ETC,プロトタイプ,0,1,せつなとえいえんのおとぎばなし,PS Vita
2017-02-23,エンターグラム,Timepiece Ensemble,-,YES,ETC,エンターグラム,0,1,その他,PS Vita
2017-02-23,バンダイナムコエンターテインメント,スーパーロボット大戦V,34,YES,SRPG,バンダイナムコエンターテインメント,rpg/146,1,シミュレーションRPG,PS Vita
2017-02-23,コーエーテクモゲームス,遙かなる時空の中で3 Ultimate,-,YES,ETC,コーエーテクモゲームス,oto/132,1,その他,PS Vita
2017-03-02,コーエーテクモゲームス,ウイニングポスト8 2017,32,YES,SLG,コーエーテクモゲームス,slg/69,1,競馬シミュレーション,PS Vita
2017-03-09,アイディアファクトリー,ワンド オブ フォーチュン R2 〜時空に沈む黙示録〜,-,YES,ETC,アイディアファクトリー,oto/133,1,その他,PS Vita
2017-03-16,MAGES.,この世の果てで恋を唄う少女YU-NO,-,YES,ETC,MAGES.,0,1,その他,PS Vita
2017-03-16,バンダイナムコエンターテインメント,アクセル・ワールド VS ソードアート・オンライン 千年の黄昏Accel World vs. Sword Art Online: Millennium Twilight,-,YES,ETC,バンダイナムコエンターテインメント,0,1,その他,PS Vita
2017-03-16,dramatic create,ファタモルガーナの館 -COLLECTED EDITION-,-,YES,ETC,dramatic create,adv/247,1,その他,PS Vita
2017-03-22,アークシステムワークス,ダマスカスギヤ 西京EXODUSDamascus Gear: Operation Osaka,-,,ETC,アークシステムワークス,0,1,その他,PS Vita
2017-03-23,文化放送エクステンド,Side Kicks!,31,YES,ADV,文化放送エクステンド,0,1,アドベンチャー,PS Vita
2017-03-23,エンターグラム,はつゆきさくら,30,YES,ADV,エンターグラム,0,1,恋愛アドベンチャー,PS Vita
2017-03-28,SMARTPHONE LABSAlawar Entertainment,The Treasures of Montezuma 4,-,,ETC,SMARTPHONE LABSAlawar Entertainment,0,1,その他,PS Vita
2017-03-30,5pb.,CHAOS;CHILD らぶchu☆chu!!,-,YES,ETC,5pb.,0,1,その他,PS Vita
2017-03-30,アスガルド,DYNAMIC CHORD feat.KYOHSO V edition,-,YES,ETC,アスガルド,oto/136,1,その他,PS Vita
2017-03-30,アイディアファクトリー,KLAP!! 〜Kind Love And Punish〜 Fun Party,32,YES,ADV,アイディアファクトリー,oto/135,1,妖怪調教AVG,PS Vita
2017-03-30,5pb.,Re:ゼロから始める異世界生活 -DEATH OR KISS-,30,YES,ADV,5pb.,adv/248,1,恋愛アドベンチャー,PS Vita
2017-03-30,コーエーテクモゲームス,ブルー リフレクション 幻に舞う少女の剣,-,YES,ETC,コーエーテクモゲームス,0,1,その他,PS Vita
2017-03-30,コーエーテクモゲームス,無双☆スターズ,35,YES,ACT,コーエーテクモゲームス,act/123,1,アクション,PS Vita
2017-04-06,Kemco,レヴナントサーガ,-,,ETC,Kemco,0,1,その他,PS Vita
2017-04-11,ピグミースタジオ,弁当の素晴しさをあの2度3度〜生ハムと焼うどん編,-,,ETC,ピグミースタジオ,0,1,その他,PS Vita
2017-04-13,Ska Studios,Salt and Sanctuary,-,,ETC,Ska Studios,0,1,その他,PS Vita
2017-04-13,スパイク・チュンソフト,ZERO ESCAPE 9時間9人9の扉 善人シボウデス ダブルパックZero Escape: The Nonary Games,-,YES,ETC,スパイク・チュンソフト,0,1,その他,PS Vita
2017-04-13,エンターグラム,リプキス,-,YES,ETC,エンターグラム,0,1,その他,PS Vita
2017-04-14,BlitWorksHalfbrick Studios,Age Of Zombies,-,,ETC,BlitWorksHalfbrick Studios,0,1,その他,PS Vita
2017-04-20,アクアプラス,ダンジョントラベラーズ2-2 闇堕ちの乙女とはじまりの書,32,YES,RPG,アクアプラス,rpg/152,1,3DダンジョンRPG,PS Vita
2017-04-27,アクワイアNA: Xseed GamesEU: PQube,AKIBA'S BEAT,-,YES,ETC,アクワイアNA: Xseed GamesEU: PQube,rpg/153,1,その他,PS Vita
2017-04-27,El Dia,DESIRE remaster ver.,-,YES,ETC,El Dia,0,1,その他,PS Vita
2017-04-27,Lilac Soft,end sleep,-,YES,ETC,Lilac Soft,adv/240,1,その他,PS Vita
2017-04-27,コンパイルハート,ガンガンピクシーズ,-,YES,ETC,コンパイルハート,0,1,その他,PS Vita
2017-04-27,dramatic create,時計仕掛けのレイライン -陽炎に彷徨う魔女-,32,YES,ADV,dramatic create,adv/256,1,昼と夜の学園ブレイクスルーAVG,PS Vita
2017-04-27,エンターグラム,花咲ワークスプリング!,-,YES,ETC,エンターグラム,0,1,その他,PS Vita
2017-04-27,日本一ソフトウェア,追放選挙,31,YES,ADV,日本一ソフトウェア,0,1,アドベンチャー,PS Vita
2017-05-11,SMARTPHONE LABS,Battalion Commander,-,,ETC,SMARTPHONE LABS,0,1,その他,PS Vita
2017-05-11,アスガルド,Starry☆Sky〜Summer Stories〜,-,YES,ETC,アスガルド,oto/139,1,その他,PS Vita
2017-05-11,SMARTPHONE LABS,The Keeper of 4 Elements,-,,ETC,SMARTPHONE LABS,0,1,その他,PS Vita
2017-05-11,エンターグラム,終わる世界とバースデイ,33,YES,ADV,エンターグラム,0,1,恋愛アドベンチャー,PS Vita
2017-05-18,プロトタイプ,Rewrite Harvest festa!,30,YES,ADV,プロトタイプ,0,1,恋愛アドベンチャー,PS Vita
2017-05-25,Oasis Games,DYING: Reborn,-,,ETC,Oasis Games,0,1,その他,PS Vita
2017-05-25,アイディアファクトリー,MARGINAL＃4 ROAD TO GALAXY,-,YES,ETC,アイディアファクトリー,oto/138,1,その他,PS Vita
2017-05-25,シルバースタージャパン,だれでも初段になれる囲碁教室,-,YES,ETC,シルバースタージャパン,0,1,その他,PS Vita
2017-05-25,エンターグラム,らぶおぶ恋愛皇帝 of Love,-,YES,ETC,エンターグラム,0,1,その他,PS Vita
2017-05-25,コーエーテクモゲームス,三國志13 with パワーアップキット,-,YES,ETC,コーエーテクモゲームス,slg/71,1,その他,PS Vita
2017-05-26,クロスファンクションDigerati,Slain: Back from Hell,-,,ETC,クロスファンクションDigerati,0,1,その他,PS Vita
2017-05-30,DotEmu,イース・オリジン,-,,ETC,DotEmu,0,1,その他,PS Vita
2017-06-01,バンダイナムコエンターテインメント,ツキトモ。-TSUKIUTA. 12 memories-,-,YES,ETC,バンダイナムコエンターテインメント,oto/140,1,その他,PS Vita
2017-06-01,エクスペリエンスAksys Games,死印Death Mark,-,YES,ETC,エクスペリエンスAksys Games,0,1,その他,PS Vita
2017-06-07,Frogmind Oy,BADLAND,-,,ETC,Frogmind Oy,0,1,その他,PS Vita
2017-06-07,アイディアファクトリー,ねぷねぷ☆コネクト カオスチャンプル,-,,ETC,アイディアファクトリー,0,1,その他,PS Vita
2017-06-08,アイディアファクトリー,白と黒のアリス,31,YES,ADV,アイディアファクトリー,oto/141,1,女性向け恋愛ADV,PS Vita
2017-06-15,Coatsink Software,Shu,-,,ETC,Coatsink Software,0,1,その他,PS Vita
2017-06-22,角川ゲームスNIS America,GOD WARS 〜時をこえて〜God Wars: Future Past,-,YES,ETC,角川ゲームスNIS America,rpg/147,1,その他,PS Vita
2017-06-22,Rejet,TOKYOヤマノテBOYS for V MAIN DISC,-,YES,ETC,Rejet,0,1,その他,PS Vita
2017-06-29,スマイルアクス,PHOTON3 (フォトン・キューブ),-,,ETC,スマイルアクス,0,1,その他,PS Vita
2017-06-29,アイディアファクトリー,おそ松さん THE GAME はちゃめちゃ就職アドバイス -デッド オア ワーク-,30,YES,ADV,アイディアファクトリー,adv/262,1,ダイナミック無職アドベンチャー,PS Vita
2017-06-29,エンターグラム,カルマルカ*サークル,-,YES,ETC,エンターグラム,0,1,その他,PS Vita
2017-06-29,メディアスケープ,東方幻想魔録W,-,,ETC,メディアスケープ,0,1,その他,PS Vita
2017-06-29,dramatic create,罪喰い〜千の呪い、千の祈り〜forV,32,YES,ADV,dramatic create,0,1,女性向けAVG,PS Vita
2017-07-06,ディースリー・パブリッシャー,オメガラビリンスZ,32,YES,RPG,ディースリー・パブリッシャー,rpg/94,1,ローグライクRPG,PS Vita
2017-07-06,Tama Global,スーパーマジカル,-,,ETC,Tama Global,0,1,その他,PS Vita
2017-07-07,アークシステムワークスAksys Games,疾風のうさぎ丸 〜ふたつの冒険譚〜Ninja Usagimaru: Two Tails of Adventure,-,,ETC,アークシステムワークスAksys Games,0,1,その他,PS Vita
2017-07-20,アークシステムワークスAksys Games (NA)PQube (EU),UNDER NIGHT IN-BIRTH Exe:Late[st],-,,ETC,アークシステムワークスAksys Games (NA)PQube (EU),0,1,その他,PS Vita
2017-07-20,TAKUYO,ひめひび 1学期-Princess Days-,-,YES,ETC,TAKUYO,0,1,その他,PS Vita
2017-07-20,Tama Games,ストランデッド：火星からの脱出Stranded: A Mars Adventure,-,,ETC,Tama Games,0,1,その他,PS Vita
2017-07-20,インターグローFocus Home Interactive,ファーミングシミュレーター18 ポケット農園4Farming Simulator 18,-,YES,ETC,インターグローFocus Home Interactive,0,1,その他,PS Vita
2017-07-20,シルバースタージャパン,ラビ×ラビ‐パズルアウトストーリーズ‐,-,YES,ETC,シルバースタージャパン,0,1,その他,PS Vita
2017-07-20,PIACCI,ワールド・エレクション,30,YES,ADV,PIACCI,0,1,異世界混合ドタバタ学園選挙ADV,PS Vita
2017-07-21,サイバーステップ,鬼斬,-,,ETC,サイバーステップ,0,1,その他,PS Vita
2017-07-27,プロトタイプ,グリザイアの果実 ‐SIDE EPISODE‐,-,YES,ETC,プロトタイプ,0,1,その他,PS Vita
2017-07-27,ヨットクラブゲームズ,ショベルナイト,-,,ETC,ヨットクラブゲームズ,0,1,その他,PS Vita
2017-07-27,iMel,ワガママハイスペック,-,YES,ETC,iMel,adv/265,1,その他,PS Vita
2017-07-27,スパイク・チュンソフト,喧嘩番長 乙女〜完全無欠のマイハニー〜,-,YES,ETC,スパイク・チュンソフト,oto/146,1,その他,PS Vita
2017-07-27,ワークマン,空蝉の廻,32,YES,ADV,ワークマン,0,1,宿命と禁断の恋愛ADV,PS Vita
2017-07-27,アイディアファクトリー,緋色の欠片 〜おもいいろの記憶〜,-,YES,ETC,アイディアファクトリー,0,1,その他,PS Vita
2017-08-16,ハチノヨン,UNDERTALE,33,,RPG,ハチノヨン,0,1,RPG,PS Vita
2017-08-16,KEMCO,忘失のイストリアAntiquia Lost,-,,ETC,KEMCO,0,1,その他,PS Vita
2017-08-18,アピリッツ,ゴエティア -千の魔神と無限の塔-,-,,ETC,アピリッツ,0,1,その他,PS Vita
2017-08-23,賈船Eclipse Games,Tachyon Project,-,,ETC,賈船Eclipse Games,0,1,その他,PS Vita
2017-08-24,アスガルド,Starry☆Sky〜Autumn Stories〜,-,YES,ETC,アスガルド,0,1,その他,PS Vita
2017-08-24,角川ゲームスNIS America,The Lost Child,32,YES,RPG,角川ゲームスNIS America,rpg/159,1,神話構想RPG,PS Vita
2017-08-24,エンターグラム,双子座のパラドクス,30,YES,ADV,エンターグラム,0,1,漂流系学園アドベンチャー,PS Vita
2017-08-24,dramatic create,大正メビウスライン 帝都備忘録 ハレ,31,YES,ADV,dramatic create,0,1,大正剣劇浪漫アドベンチャー,PS Vita
2017-08-24,日本一ソフトウェア,深夜廻Yomawari: Midnight Shadows,-,YES,ETC,日本一ソフトウェア,0,1,その他,PS Vita
2017-08-29,DotEmu,フライングパワーディスク: WindjammersWindjammers,-,,ETC,DotEmu,0,1,その他,PS Vita
2017-08-31,Rejet,TOKYOヤマノテBOYS for V FAN DISC,-,YES,ETC,Rejet,0,1,その他,PS Vita
2017-08-31,コーエーテクモゲームス,よるのないくに2 〜新月の花嫁〜,31,YES,RPG,コーエーテクモゲームス,rpg/140,1,美少女従魔RPG,PS Vita
2017-08-31,Future Tech Lab,クランク・イン,-,YES,ETC,Future Tech Lab,oto/137,1,その他,PS Vita
2017-09-07,5pb.,この素晴らしい世界に祝福を! -この欲深いゲームに審判を!-,30,YES,ADV,5pb.,0,1,お返し裁判アドベンチャー,PS Vita
2017-09-07,アイディアファクトリー,猛獣たちとお姫様 -in blossom-,31,YES,ADV,アイディアファクトリー,oto/152,1,女性向け恋愛ADV,PS Vita
2017-09-07,日本一ソフトウェア,祝姫 -祀-,31,YES,ADV,日本一ソフトウェア,adv/263,1,ホラーアドベンチャー,PS Vita
2017-09-14,SNK,サムライスピリッツ零 SPECIALSamurai Shodown V Special,-,,ETC,SNK,0,1,その他,PS Vita
2017-09-14,メディアスケープ,東方スカイアリーナ・幻想郷空戦姫 -MATSURI- CLIMAX,-,,ETC,メディアスケープ,0,1,その他,PS Vita
2017-09-21,SmartPhone LabsBeatshapers,#KILLALLZOMBIES,-,,ETC,SmartPhone LabsBeatshapers,0,1,その他,PS Vita
2017-09-21,アイディアファクトリー,ニル・アドミラリの天秤 クロユリ炎陽譚,32,YES,ADV,アイディアファクトリー,oto/154,1,女性向け恋愛ADV,PS Vita
2017-09-21,dramatic create,帝國カレイド―革命の輪舞曲（ロンド）―,-,YES,ETC,dramatic create,oto/153,1,その他,PS Vita
2017-09-28,ヴューズ,Clover Day’s,-,YES,ETC,ヴューズ,0,1,その他,PS Vita
2017-09-28,HARUKAZE,ノラと皇女と野良猫ハート,32,YES,ADV,HARUKAZE,adv/269,1,学園恋愛アドベンチャー,PS Vita
2017-09-28,文化放送エクステンド,ハイリゲンシュタットの歌,31,YES,ADV,文化放送エクステンド,0,1,女性向け恋愛ADV,PS Vita
2017-09-28,アイディアファクトリー,忍び、恋うつつ -甘蜜花絵巻-,32,YES,ADV,アイディアファクトリー,oto/156,1,忍者過剰メロメロアドベンチャー,PS Vita
2017-10-03,BadLand Games,Vostok Inc.,30,,SHT,BadLand Games,0,1,経営シミュレーションSTG,PS Vita
2017-10-05,コンパイルハート,塔亰Clanpool,30,YES,RPG,コンパイルハート,0,1,ダンジョンRPG,PS Vita
2017-10-05,アイディアファクトリー,悠久のティアブレイド -Fragments of Memory-,32,YES,ADV,アイディアファクトリー,oto/158,1,女性向け恋愛ADV,PS Vita
2017-10-12,Vivid Helix,Semispheres,-,,ETC,Vivid Helix,0,1,その他,PS Vita
2017-10-12,プロトタイプ,吉原彼岸花 久遠の契り,34,YES,ADV,プロトタイプ,0,1,女性向け恋愛ADV,PS Vita
2017-10-19,スクウェア・エニックス,いただきストリート ドラゴンクエスト&ファイナルファンタジー 30th ANNIVERSARY,-,YES,ETC,スクウェア・エニックス,0,1,その他,PS Vita
2017-10-19,ブロッコリー,うたの☆プリンスさまっ♪ Amazing Aria ＆ Sweet Serenade LOVE,-,YES,ETC,ブロッコリー,oto/160,1,その他,PS Vita
2017-10-26,dramatic create,スチームプリズン -七つの美徳-,30,YES,ADV,dramatic create,0,1,世の中の不条理を糾す恋愛ADV,PS Vita
2017-10-26,システムソフト・アルファー,戦御村正DX－紅蓮の血統－,-,YES,ETC,システムソフト・アルファー,slg/76,1,その他,PS Vita
2017-10-26,エンターグラム,甘えかたは彼女なりに。,-,YES,ETC,エンターグラム,0,1,その他,PS Vita
2017-11-09,5pb.,オカルティック・ナイン,33,YES,ADV,5pb.,0,1,超常科学アドベンチャー,PS Vita
2017-11-09,レッド・エンタテインメント,俺達の世界わ終っている。,32,YES,ADV,レッド・エンタテインメント,0,1,新世界ADV,PS Vita
2017-11-09,システムソフト・アルファー,太平洋の嵐〜史上最大の激戦 ノルマンディー攻防戦！〜,-,YES,ETC,システムソフト・アルファー,0,1,その他,PS Vita
2017-11-16,PLAYISMWolfgame,VA-11 Hall-A,-,YES,ETC,PLAYISMWolfgame,0,1,その他,PS Vita
2017-11-22,PIACCI,Amenity's Life,-,YES,ETC,PIACCI,adv/281,1,その他,PS Vita
2017-11-22,エンターグラム,となりに彼女のいる幸せ 〜Two Farce〜,-,YES,ETC,エンターグラム,0,1,その他,PS Vita
2017-11-22,エンターグラム,神頼みしすぎて俺の未来がヤバい。,-,YES,ETC,エンターグラム,0,1,その他,PS Vita
2017-11-24,テヨンジャパンNnooo,ブラステムバニーズ 悪いウサギをヤッつけろ！Blast 'Em Bunnies,-,,ETC,テヨンジャパンNnooo,0,1,その他,PS Vita
2017-11-30,honeybee,Starry☆Sky 〜Winter Stories〜,-,YES,ETC,honeybee,0,1,その他,PS Vita
2017-11-30,Rejet,嘘月シャングリラ,-,YES,ETC,Rejet,0,1,その他,PS Vita
2017-11-30,dramatic create,学園CLUB〜ヒミツのナイトクラブ〜,-,YES,ETC,dramatic create,0,1,その他,PS Vita
2017-11-30,アイディアファクトリー,蝶々事件ラブソディック,32,YES,ADV,アイディアファクトリー,0,1,女性向け恋愛ADV,PS Vita
2017-12-07,アイディアファクトリー,ネオ アンジェリーク 天使の涙,32,YES,ADV,アイディアファクトリー,oto/166,1,女性向け恋愛ADV,PS Vita
2017-12-07,プロトタイプ,大正×対称アリス HEADS & TAILS,30,YES,ADV,プロトタイプ,0,1,夢と現のおとぎ話アドベンチャー,PS Vita
2017-12-14,TAKUYO,ひめひび 続！二学期 -New Princess Days!!-,-,YES,ETC,TAKUYO,0,1,その他,PS Vita
2017-12-14,バンダイナムコエンターテインメント,デジモンストーリー サイバースルゥース ハッカーズメモリー,35,YES,RPG,バンダイナムコエンターテインメント,rpg/166,1,育成RPG,PS Vita
2017-12-21,アイディアファクトリー,Code：Realize 〜白銀の奇跡〜,32,YES,ADV,アイディアファクトリー,oto/169,1,女性向け恋愛ADV,PS Vita
2017-12-21,アスガルド,Un:BIRTHDAY SONG〜愛を唄う死神〜another record,30,YES,ADV,アスガルド,oto/123,1,生きた世界で愛を唄うADV,PS Vita
2017-12-21,プロトタイプ,グリザイア ファントムトリガー 01&02,-,YES,ETC,プロトタイプ,0,1,その他,PS Vita
2017-12-21,コーエーテクモゲームス,リディー&スールのアトリエ 〜不思議な絵画の錬金術士〜,35,YES,RPG,コーエーテクモゲームス,rpg/167,1,錬金術再生RPG,PS Vita
2017-12-21,USERJOY JAPAN,万物乙女☆ダンジョンズ,-,,ETC,USERJOY JAPAN,0,1,その他,PS Vita
2017-12-21,エンターグラム,千の刃濤、桃花染の皇姫,-,YES,ETC,エンターグラム,0,1,その他,PS Vita
2017-12-21,ヒューネックス,大正メビウスラインひとつつみ,-,YES,ETC,ヒューネックス,0,1,その他,PS Vita
2017-12-21,コーエーテクモゲームス,金色のコルダ2 ff,32,YES,SLG,コーエーテクモゲームス,0,1,恋愛・育成シミュレーション,PS Vita
2018-01-18,dramatic create,エフェメラル -FANTASY ON DARK-,-,YES,ETC,dramatic create,oto/170,1,その他,PS Vita
2018-01-18,KEMCO,ドラゴンシンカー,-,,ETC,KEMCO,0,1,その他,PS Vita
2018-01-18,バンダイナムコエンターテインメント,銀魂乱舞,33,YES,ACT,バンダイナムコエンターテインメント,act/134,1,サムライ乱戦アクション,PS Vita
2018-01-23,Dangen EntertainmentKonjak,アイコノクラスツ,33,,AADV,Dangen EntertainmentKonjak,0,1,アクションアドベンチャー,PS Vita
2018-01-25,プロトタイプ,カタハネ ―An’ call Belle―,32,YES,ADV,プロトタイプ,0,1,アドベンチャー,PS Vita
2018-01-25,dramatic create,ハロー・レディ！ ‐Superior Dynamis‐,30,YES,ADV,dramatic create,adv/276,1,新ノーブル学園ADV,PS Vita
2018-01-25,エンターグラム,人気声優のつくりかた,-,YES,ETC,エンターグラム,0,1,その他,PS Vita
2018-01-26,グランゼーラ,マンガ・カ・ケール,34,,ETC,グランゼーラ,0,1,マンガ作成ツール,PS Vita
2018-02-01,メディアスケープ,GUNDEMONIUMS,-,,ETC,メディアスケープ,0,1,その他,PS Vita
2018-02-15,バンダイナムコエンターテインメント,アイドリッシュセブン Twelve Fantasia!,-,YES,ETC,バンダイナムコエンターテインメント,slg/78,1,その他,PS Vita
2018-02-15,スクウェア・エニックス,聖剣伝説2 シークレット オブ マナSecret of Mana,-,YES,ETC,スクウェア・エニックス,0,1,その他,PS Vita
2018-02-15,セガゲームス,電脳戦機バーチャロン×とある魔術の禁書目録 とある魔術の電脳戦機,33,YES,ACT,セガゲームス,0,1,対戦型バトルアクション,PS Vita
2018-02-22,ディースリー・パブリッシャー,VitaminX Destination,-,YES,ETC,ディースリー・パブリッシャー,0,1,その他,PS Vita
2018-02-22,エンターグラム,あざやかな彩りの中で、君らしく,-,YES,ETC,エンターグラム,0,1,その他,PS Vita
2018-02-22,コーエーテクモゲームス,ときめきレストラン☆☆☆ Project TRISTARS,-,YES,ETC,コーエーテクモゲームス,etc/74,1,その他,PS Vita
2018-02-22,エンターグラム,キミの瞳にヒットミー,-,YES,ETC,エンターグラム,0,1,その他,PS Vita
2018-02-22,dramatic create,桜花裁き 斬,31,YES,ADV,dramatic create,0,1,奉行活劇アドベンチャー,PS Vita
2018-02-22,コーエーテクモゲームス,遙かなる時空の中で Ultimate,34,YES,ADV,コーエーテクモゲームス,oto/172,1,恋愛アドベンチャー,PS Vita
2018-03-01,アピリッツ,式姫の庭,-,,ETC,アピリッツ,0,1,その他,PS Vita
2018-03-08,日本一ソフトウェア,あなたの四騎姫教導譚,-,YES,ETC,日本一ソフトウェア,rpg/169,1,その他,PS Vita
2018-03-08,アイディアファクトリー,フォルティッシモ,32,YES,ADV,アイディアファクトリー,oto/162,1,恋愛アドベンチャー,PS Vita
2018-03-08,プロトタイプ,ラッキードッグ1,32,YES,ADV,プロトタイプ,oto/174,1,BLアドベンチャー,PS Vita
2018-03-14,Brain&Brain,Burly Men at Sea: 三人の海の男Burly Men at Sea,-,,ETC,Brain&Brain,0,1,その他,PS Vita
2018-03-15,コーエーテクモゲームス,Winning Post 8 2018,-,YES,ETC,コーエーテクモゲームス,0,1,その他,PS Vita
2018-03-15,コーエーテクモゲームス,進撃の巨人2Attack on Titan 2,-,YES,ETC,コーエーテクモゲームス,0,1,その他,PS Vita
2018-03-16,プロトタイプ,FLOWERS冬篇,33,YES,ADV,プロトタイプ,adv/235,1,百合系ミステリーADV,PS Vita
2018-03-21,PIACCI,カノジョ＊ステップ,-,YES,ETC,PIACCI,0,1,その他,PS Vita
2018-03-22,エンターグラム,D.S. -Dal Segno-,-,YES,ETC,エンターグラム,0,1,その他,PS Vita
2018-03-22,Rejet,Dance with Devils My Carol,32,YES,ADV,Rejet,0,1,アクマも魅入られたADV,PS Vita
2018-03-22,アイディアファクトリー,イケメン戦国◆時をかける恋 新たなる出逢い,32,YES,ADV,アイディアファクトリー,oto/175,1,女性向け恋愛ADV,PS Vita
2018-03-28,賈船Eclipse Games,スペロイド,-,,ETC,賈船Eclipse Games,0,1,その他,PS Vita
2018-03-29,ヒューネックス,GALTIA V Edition,-,YES,ETC,ヒューネックス,0,1,その他,PS Vita
2018-03-29,バンダイナムコエンターテインメント,スーパーロボット大戦X,33,YES,SRPG,バンダイナムコエンターテインメント,rpg/173,1,シミュレーションRPG,PS Vita
2018-03-29,5pb.,メモリーズオフ ‐Innocent Fille‐,32,YES,ADV,5pb.,0,1,恋愛アドベンチャー,PS Vita
2018-03-29,dramatic create,円環のメモーリア-カケラ灯し-,-,YES,ETC,dramatic create,oto/176,1,その他,PS Vita
2018-04-05,PLAYISMMidBoss,2064: Read Only Memories,-,,ETC,PLAYISMMidBoss,0,1,その他,PS Vita
2018-04-05,SNK,THE KING OF FIGHTERS '97 GLOBAL MATCH,-,,ETC,SNK,0,1,その他,PS Vita
2018-04-06,eastasiasoft,Sir Eatsalot,-,,ETC,eastasiasoft,0,1,その他,PS Vita
2018-04-19,角川ゲームス,METAL MAX Xeno,-,YES,ETC,角川ゲームス,0,1,その他,PS Vita
2018-04-26,アクアプラス,うたわれるもの 散りゆく者への子守唄,32,YES,ADV,アクアプラス,rpg/176,1,AVG＋S・RPG,PS Vita
2018-04-26,dramatic create,ナツイロココロログ,-,YES,ETC,dramatic create,adv/293,1,その他,PS Vita
2018-04-26,エンターグラム,ナデレボ！〜NADESIKO REVOLUTION〜,-,YES,ETC,エンターグラム,0,1,その他,PS Vita
2018-04-26,アイディアファクトリー,天涯ニ舞ウ、粋ナ花,-,YES,ETC,アイディアファクトリー,oto/178,1,その他,PS Vita
2018-04-26,コナミデジタルエンタテインメント,実況パワフルプロ野球2018,38,YES,SPT,コナミデジタルエンタテインメント,spo/42,1,野球・育成,PS Vita
2018-04-26,El Dia,慟哭 そして…,-,YES,ETC,El Dia,0,1,その他,PS Vita
2018-05-09,賈船Hidden Trap,Bit Dungeon+,-,,ETC,賈船Hidden Trap,0,1,その他,PS Vita
2018-05-16,マーベラス,ブラウザ三国志,-,,ETC,マーベラス,0,1,その他,PS Vita
2018-05-17,プロトタイプ,アマツツミ,-,YES,ETC,プロトタイプ,adv/295,1,その他,PS Vita
2018-05-18,eastasiasoftRainbite,Reverie,-,,ETC,eastasiasoftRainbite,0,1,その他,PS Vita
2018-05-22,おふぃす5656,インフィニタ・ストラーダ 華,-,,ETC,おふぃす5656,0,1,その他,PS Vita
2018-05-24,インティ・クリエイツ505 Games,ブラッドステインド:カース・オブ・ザ・ムーン,-,,ETC,インティ・クリエイツ505 Games,0,1,その他,PS Vita
2018-05-24,アトラス,ペルソナ3 ダンシング・ムーンナイト,32,YES,ACT,アトラス,etc/76,1,サウンドアクション,PS Vita
2018-05-24,アトラス,ペルソナ5 ダンシング・スターナイト,32,YES,ACT,アトラス,etc/75,1,サウンドアクション,PS Vita
2018-05-24,エンターグラム,見鏡澄香の制服活動,-,,ETC,エンターグラム,0,1,その他,PS Vita
2018-05-31,TAKUYO,Cafe Cuillere 〜カフェ キュイエール〜,-,YES,ETC,TAKUYO,0,1,その他,PS Vita
2018-05-31,ヒューネックス,sweet pool,30,YES,ADV,ヒューネックス,oto/180,1,BLアドベンチャー,PS Vita
2018-05-31,日本一ソフトウェア,嘘つき姫と盲目王子,33,YES,AADV,日本一ソフトウェア,0,1,アクションアドベンチャー,PS Vita
2018-06-07,マーベラス,Fate/EXTELLA LINK,-,YES,ETC,マーベラス,act/139,1,その他,PS Vita
2018-06-14,角川ゲームス,GOD WARS 日本神話大戦,-,YES,ETC,角川ゲームス,rpg/177,1,その他,PS Vita
2018-06-28,アスガルド,DYNAMIC CHORD feat.apple-polisher V edition,31,YES,ADV,アスガルド,0,1,甘く激しく魂震えるバンド恋愛ADV,PS Vita
2018-06-28,アイディアファクトリー,真紅の焔 真田忍法帳,32,YES,ADV,アイディアファクトリー,oto/183,1,女性向け恋愛ADV,PS Vita
2018-07-02,エンターグラム,となりに彼女のいる幸せ 〜Winter Guest〜,-,,ETC,エンターグラム,0,1,その他,PS Vita
2018-07-05,スパイク・チュンソフト,ザンキゼロ,34,YES,RPG,スパイク・チュンソフト,rpg/179,1,サバイバルRPG,PS Vita
2018-07-05,プロトタイプ,セヴンデイズ あなたとすごす七日間,30,YES,ADV,プロトタイプ,0,1,恋愛アドベンチャー,PS Vita
2018-07-12,アークシステムワークス,ラジオハンマーステーション,-,,ETC,アークシステムワークス,0,1,その他,PS Vita
2018-07-13,ラプラス,ダーククエスト5,-,,ETC,ラプラス,0,1,その他,PS Vita
2018-07-19,Poppy Works,Super Skull Smash GO! 2 Turbo,-,YES,ETC,Poppy Works,0,1,その他,PS Vita
2018-07-26,アイディアファクトリー,Collar×Malice -Unlimited-,33,YES,ADV,アイディアファクトリー,oto/184,1,ラブ×サスペンスAVG,PS Vita
2018-08-02,プロトタイプ,グリザイア ファントムトリガー 03&04,-,YES,ETC,プロトタイプ,0,1,その他,PS Vita
2018-08-09,アイディアファクトリー,CharadeManiacs,33,YES,ADV,アイディアファクトリー,0,1,女性向け恋愛アドベンチャー,PS Vita
2018-08-09,角川ゲームスRed Hook Studios,ダーケストダンジョン,-,YES,ETC,角川ゲームスRed Hook Studios,0,1,その他,PS Vita
2018-08-09,ディースリー・パブリッシャー,バレットガールズ ファンタジア,31,YES,ASHT,ディースリー・パブリッシャー,sho/49,1,美少女ミリタリーアクションSTG,PS Vita
2018-08-15,KEMCO,フェルンズゲート,-,,ETC,KEMCO,0,1,その他,PS Vita
2018-08-23,エンターグラム,フローラル・フローラブ,-,YES,ETC,エンターグラム,0,1,その他,PS Vita
2018-08-23,エンターグラム,ボクと彼女の研修日誌,-,,ETC,エンターグラム,0,1,その他,PS Vita
2018-08-23,ブロッコリー,殺し屋とストロベリー,-,YES,ETC,ブロッコリー,0,1,その他,PS Vita
2018-08-30,アイディアファクトリー,ピオフィオーレの晩鐘,31,YES,ADV,アイディアファクトリー,oto/187,1,女性向け恋愛ADV,PS Vita
2018-08-30,アークシステムワークス,ワールドエンド・シンドローム,32,YES,ADV,アークシステムワークス,0,1,ミステリー×恋愛ADV,PS Vita
2018-09-12,KEMCO,レヴナントドグマ,-,,ETC,KEMCO,0,1,その他,PS Vita
2018-09-13,エクスペリエンスAksys Games,NGSpirit Hunter: NG,-,YES,ETC,エクスペリエンスAksys Games,0,1,その他,PS Vita
2018-09-20,5pb.,STEINS;GATE ELITE,-,YES,ETC,5pb.,0,1,その他,PS Vita
2018-09-20,コーエーテクモゲームス,金色のコルダ3 AnotherSky feat.神南/至誠館/天音学園,-,YES,ETC,コーエーテクモゲームス,slg/83,1,その他,PS Vita
2018-09-20,コーエーテクモゲームス,金色のコルダ3 フルボイス Special,-,YES,ETC,コーエーテクモゲームス,slg/82,1,その他,PS Vita
2018-09-25,アピリッツ,ひねもす式姫,-,,ETC,アピリッツ,0,1,その他,PS Vita
2018-09-27,エンターグラム,タユタマ2 ‐you’re the only one‐,-,YES,ETC,エンターグラム,0,1,その他,PS Vita
2018-09-27,ヒューネックス,参千世界遊戯 〜Re Multi Universe Myself〜,-,YES,ETC,ヒューネックス,oto/189,1,その他,PS Vita
2018-09-27,ヒューネックス,古書店街の橋姫 々,-,YES,ETC,ヒューネックス,0,1,その他,PS Vita
2018-10-04,アイディアファクトリー,ワンド オブ フォーチュン R2 FD 〜君に捧げるエピローグ〜,-,YES,ETC,アイディアファクトリー,oto/190,1,その他,PS Vita
2018-10-10,KEMCO,クロノスアーク,-,,ETC,KEMCO,0,1,その他,PS Vita
2018-10-11,システムソフト・アルファー,戦極姫7 〜戦雲つらぬく紅蓮の遺志〜,-,YES,ETC,システムソフト・アルファー,0,1,その他,PS Vita
2018-10-19,eastasiasoft,Fast Striker,-,,ETC,eastasiasoft,0,1,その他,PS Vita
2018-10-25,エンターグラム,さくらさくら,-,YES,ETC,エンターグラム,0,1,その他,PS Vita
2018-10-26,eastasiasoftRatalaika Games,STAY,-,,ETC,eastasiasoftRatalaika Games,0,1,その他,PS Vita
2018-11-15,アイディアファクトリー,白と黒のアリス -Twilight line-,-,YES,ETC,アイディアファクトリー,oto/192,1,その他,PS Vita
2018-11-22,PIACCI,初情スプリンクル,-,YES,ETC,PIACCI,0,1,その他,PS Vita
2018-11-29,ヒューネックス,紅色天井艶妖綺譚 二藍,-,YES,ETC,ヒューネックス,oto/193,1,その他,PS Vita
2018-12-13,TAKUYO,Panic Palette 〜パニック パレット〜,-,YES,ETC,TAKUYO,oto/194,1,その他,PS Vita
2018-12-18,KEMCO,アスディバインハーツII,-,,ETC,KEMCO,0,1,その他,PS Vita
2018-12-20,日本一ソフトウェアEastAsiaSoft,Rainbow Skies,-,,ETC,日本一ソフトウェアEastAsiaSoft,0,1,その他,PS Vita
2018-12-20,角川ゲームス,√Letter ルートレター Last Answer,-,YES,ETC,角川ゲームス,0,1,その他,PS Vita
2019-01-18,KEMCO,アルバスティア戦記Alvastia Chronicles,-,,ETC,KEMCO,0,1,その他,PS Vita
2019-01-24,エンターグラム,スキとスキとでサンカク恋愛,-,YES,ETC,エンターグラム,0,1,その他,PS Vita
2019-01-31,SMEUnties,Necrosphere Deluxe,-,,ETC,SMEUnties,0,1,その他,PS Vita
2019-01-31,PLAYISM,NightCry,-,,ETC,PLAYISM,0,1,その他,PS Vita
2019-01-31,コーエーテクモゲームス,ネルケと伝説の錬金術士たち 〜新たな大地のアトリエ〜,33,YES,RPG,コーエーテクモゲームス,0,1,街づくり×RPG,PS Vita
2019-02-14,アトラス,キャサリン・フルボディ,33,YES,AADV,アトラス,aad/38,1,アクションアドベンチャー,PS Vita
2019-02-14,コーエーテクモゲームス,金色のコルダ オクターヴ,31,YES,音,コーエーテクモゲームス,0,1,恋愛リズムアドベンチャー,PS Vita
2019-02-21,エンターグラム,かりぐらし恋愛,-,YES,ETC,エンターグラム,0,1,その他,PS Vita
2019-02-21,エンターグラム,添いカノ〜ぎゅっと抱きしめて〜,-,YES,ETC,エンターグラム,adv/313,1,その他,PS Vita
2019-02-22,KEMCO,空のフォークロアBonds of the Skies,-,,ETC,KEMCO,0,1,その他,PS Vita
2019-02-28,HARUKAZE,ノラと皇女と野良猫ハート2,-,YES,ETC,HARUKAZE,0,1,その他,PS Vita
2019-03-08,eastasiasoft,I Am The Hero,-,,ETC,eastasiasoft,0,1,その他,PS Vita
2019-03-14,スパイク・チュンソフト,喧嘩番長 乙女 2nd Rumble!!,31,YES,ADV,スパイク・チュンソフト,oto/196,1,恋愛アドベンチャー,PS Vita
2019-03-20,レイニーフロッグLightwood Games,ピースお絵かきパズル Pic-a-PixPic-a-Pix Pieces,-,,ETC,レイニーフロッグLightwood Games,0,1,その他,PS Vita
2019-03-28,ヴューズ,シルヴァリオ トリニティ －Beyond the Horizon－,-,YES,ETC,ヴューズ,0,1,その他,PS Vita
2019-03-28,エンターグラム,フルキス,-,YES,ETC,エンターグラム,0,1,その他,PS Vita
2019-03-28,5pb.,メモリーズオフ ‐Innocent Fille‐ for Dearest,-,YES,ETC,5pb.,0,1,その他,PS Vita
2019-03-28,エンターグラム,春音アリス*グラム Snow Drop,-,YES,ETC,エンターグラム,adv/310,1,その他,PS Vita
2019-04-04,アイディアファクトリー,VARIABLE BARRICADE,33,YES,ADV,アイディアファクトリー,oto/191,1,逆攻略系ラブコメADV,PS Vita
2019-04-05,KEMCO,フラン 〜Dragons' Odyssey〜,-,,ETC,KEMCO,0,1,その他,PS Vita
2019-04-11,eastasiasoftHidden Trap,GHOULBOY,-,,ETC,eastasiasoftHidden Trap,0,1,その他,PS Vita
2019-04-19,工画堂スタジオDegica,白衣性恋愛症候群 Re:therapyNurse Love Syndrome,-,,ETC,工画堂スタジオDegica,0,1,その他,PS Vita
2019-04-25,El Dia,EVE rebirth terror,-,YES,ETC,El Dia,0,1,その他,PS Vita
2019-05-07,eastasiasoftRatalaika Games,スーパーデストロノートDX イントルーダー・エディションSuper Destronaut DX,-,,ETC,eastasiasoftRatalaika Games,0,1,その他,PS Vita
2019-05-16,Desarrollo Bromio SC,Pato Box,-,,ETC,Desarrollo Bromio SC,0,1,その他,PS Vita
2019-06-05,KEMCO,アスディバインディオス,-,,ETC,KEMCO,0,1,その他,PS Vita
2019-06-13,工画堂スタジオ,夢現Re:Master,-,YES,ETC,工画堂スタジオ,adv/320,1,その他,PS Vita
2019-06-20,メビウス,グノーシア,-,,ETC,メビウス,0,1,その他,PS Vita
2019-06-27,EastasiasoftJanduSoft,Furwind,-,YES,ETC,EastasiasoftJanduSoft,0,1,その他,PS Vita
2019-06-27,エンターグラム,your diary ＋,-,YES,ETC,エンターグラム,0,1,その他,PS Vita
2019-06-27,エンターグラム,この素晴らしい世界に祝福を!〜希望の迷宮と集いし冒険者たち〜,-,YES,ETC,エンターグラム,rpg/189,1,その他,PS Vita
2019-06-28,メディアスケープRatalaika Games,Back in 1995,-,YES,ETC,メディアスケープRatalaika Games,0,1,その他,PS Vita
2019-07-03,KEMCO,レファルシアの幻影Illusion of L'Phalcia,-,,ETC,KEMCO,0,1,その他,PS Vita
2019-07-05,EastasiasoftNoodlecake Studios,Devious Dungeon 2,-,YES,ETC,EastasiasoftNoodlecake Studios,0,1,その他,PS Vita
2019-07-18,コナミデジタルエンタテインメント,プロ野球スピリッツ2019,37,YES,SPT,コナミデジタルエンタテインメント,spo/45,1,プロ野球,PS Vita
2019-07-25,エンターグラム,Making*Lovers,-,YES,ETC,エンターグラム,0,1,その他,PS Vita
2019-07-25,TAKUYO,死神と少女,-,YES,ETC,TAKUYO,oto/197,1,その他,PS Vita
2019-07-25,エクスペリエンス,蒼き翼のシュバリエ,-,YES,ETC,エクスペリエンス,0,1,その他,PS Vita
2019-07-26,EastasiasoftHidden Trap,Conga Master Go!,-,YES,ETC,EastasiasoftHidden Trap,0,1,その他,PS Vita
2019-08-02,KEMCO,アスディバインメナス,-,,ETC,KEMCO,0,1,その他,PS Vita
2019-08-29,Matatabi,神凪ノ杜 五月雨綴り,-,YES,ETC,Matatabi,oto/198,1,その他,PS Vita
2019-09-12,プロトタイプ,軍靴をはいた猫,-,YES,ETC,プロトタイプ,oto/199,1,その他,PS Vita
2019-09-26,エンターグラム,メルキス,-,YES,ETC,エンターグラム,0,1,その他,PS Vita
2019-09-27,EastasiasoftLillymo Games,Habroxia,-,YES,ETC,EastasiasoftLillymo Games,0,1,その他,PS Vita
2019-10-04,EastasiasoftHidden Trap,A Hole New World,-,YES,ETC,EastasiasoftHidden Trap,0,1,その他,PS Vita
2019-10-24,エンターグラム,アエリアル・ライフ,-,,ETC,エンターグラム,0,1,その他,PS Vita
2019-11-06,KEMCO,ブランドルの魔法使いWizards of Brandel,-,,ETC,KEMCO,0,1,その他,PS Vita
2019-11-11,スクウェア・エニックス,ロマンシング サ・ガ3,-,,ETC,スクウェア・エニックス,0,1,その他,PS Vita
2019-11-14,レイニーフロッグRatalaika Games,ドットホラーストーリーDISTRAINT: Deluxe Edition,-,,ETC,レイニーフロッグRatalaika Games,0,1,その他,PS Vita
2019-11-28,エンターグラム,アママネ,-,,ETC,エンターグラム,0,1,その他,PS Vita
2019-11-28,5pb.,ダンジョンに出会いを求めるのは間違っているだろうか インフィニト・コンバーテ,-,YES,ETC,5pb.,rpg/196,1,その他,PS Vita
2019-12-03,ラタライカゲームス,フォクシーランドFoxyland,-,,ETC,ラタライカゲームス,0,1,その他,PS Vita
2019-12-19,エンターグラム,恋する乙女と守護の楯 〜薔薇の聖母〜,-,YES,ETC,エンターグラム,adv/329,1,その他,PS Vita
2019-12-25,EastasiasoftFour Horses,Miles & Kilo,-,,ETC,EastasiasoftFour Horses,0,1,その他,PS Vita
2020-01-10,EastasiasoftArcade Distillery,Plague Road,-,,ETC,EastasiasoftArcade Distillery,0,1,その他,PS Vita
2020-01-16,レイニーフロッグLightwood Games,リンク絵 Link-a-Pix DELUXELink-a-Pix Deluxe,-,,ETC,レイニーフロッグLightwood Games,0,1,その他,PS Vita
2020-01-16,ラタライカゲームス,赤いリボン 〜奇妙な夢〜Red Bow,-,,ETC,ラタライカゲームス,0,1,その他,PS Vita
2020-01-30,エンターグラム,IxSHE Tell,-,YES,ETC,エンターグラム,0,1,その他,PS Vita
2020-02-20,ラタライカゲームス,ナイティン’クロス,-,YES,ETC,ラタライカゲームス,0,1,その他,PS Vita
2020-02-27,エンターグラム,love clear -ラブクリア-,-,YES,ETC,エンターグラム,0,1,その他,PS Vita
2020-03-06,eastasiasoftRatalaika Games,METAGAL,-,,ETC,eastasiasoftRatalaika Games,0,1,その他,PS Vita
2020-03-23,レイニーフロッグ,メコラマ,-,,ETC,レイニーフロッグ,0,1,その他,PS Vita
2020-03-26,ラタライカゲームス,ダックソウル+,-,,ETC,ラタライカゲームス,0,1,その他,PS Vita
2020-03-26,エンターグラム,金色ラブリッチェ,-,YES,ETC,エンターグラム,0,1,その他,PS Vita
2020-04-23,エンターグラム,アオナツライン,-,YES,ETC,エンターグラム,0,1,その他,PS Vita
2020-04-23,工画堂スタジオ,夢現Re:After,-,YES,ETC,工画堂スタジオ,0,1,その他,PS Vita
2020-05-28,ラタライカゲームス,ザイ・ソード,-,,ETC,ラタライカゲームス,0,1,その他,PS Vita
2020-06-03,DANGEN EntertainmentChucklefish,Timespinner,-,,ETC,DANGEN EntertainmentChucklefish,0,1,その他,PS Vita
2020-07-30,Eastasiasoft,Mushroom Heroes,-,,ETC,Eastasiasoft,0,1,その他,PS Vita
2020-08-28,Eastasiasoft,タスクフォース カンパス,-,,ETC,Eastasiasoft,0,1,その他,PS Vita
2020-09-17,EastasiasoftBitmap Bureau,ゼノ・クライシス,-,YES,ETC,EastasiasoftBitmap Bureau,0,1,その他,PS Vita
2020-09-24,エンターグラム,アイキス,-,YES,ETC,エンターグラム,0,1,その他,PS Vita
2020-10-23,Eastasiasoft,タコタン：星のタコ,-,YES,ETC,Eastasiasoft,0,1,その他,PS Vita
2020-11-26,日本一ソフトウェア,ガレリアの地下迷宮と魔女ノ旅団,-,YES,ETC,日本一ソフトウェア,0,1,その他,PS Vita
2020-12-17,エンターグラム,幻想牢獄のカレイドスコープ,-,YES,ETC,エンターグラム,0,1,その他,PS Vita
2021-01-08,EastasiasoftTop Hat Studios Inc.,Kawaii Deathu Desu,-,YES,ETC,EastasiasoftTop Hat Studios Inc.,0,1,その他,PS Vita
2021-02-19,eastasiasoftHidden Trap,パチ・パチ! ON・A・ROLL,-,,ETC,eastasiasoftHidden Trap,0,1,その他,PS Vita
2021-06-24,メディアスケープ,メイドさんを右にミ☆ SUPER ZANGYURA,-,,ETC,メディアスケープ,0,1,その他,PS Vita
2021-07-20,Eastasiasoft,Brotherhood United,-,YES,ETC,Eastasiasoft,0,1,その他,PS Vita
