発売日,メーカー,タイトル,⭐クロスレビュー(評価),パッケージ併売,ジャンル,開発元,未使用,販売本数,プラットフォーム
2014-09-04,日本マイクロソフト,Forza Motorsport 5,2,YES,その他,日本マイクロソフト,0,1,Xbox One
2014-09-04,日本マイクロソフト,Kinect スポーツ ライバルズ,2,YES,その他,日本マイクロソフト,0,1,Xbox One
2014-09-04,スクウェア・エニックス,MURDERED 魂の呼ぶ声,2,YES,その他,スクウェア・エニックス,0,1,Xbox One
2014-09-04,スクウェア・エニックス,Thief,2,YES,その他,スクウェア・エニックス,0,1,Xbox One
2014-09-04,Digital Extremes,Warframe,2,,その他,Digital Extremes,0,1,Xbox One
2014-09-04,ベセスダ・ソフトワークス,Wolfenstein: The New Order,2,YES,その他,ベセスダ・ソフトワークス,0,1,Xbox One
2014-09-04,ユービーアイソフト,アサシン クリード IV ブラック フラッグ,2,YES,その他,ユービーアイソフト,0,1,Xbox One
2014-09-04,ユービーアイソフト,ウォッチドッグス,2,YES,その他,ユービーアイソフト,0,1,Xbox One
2014-09-04,スクウェア・エニックス,コール オブ デューティ ゴースト 吹き替え版,2,YES,その他,スクウェア・エニックス,0,1,Xbox One
2014-09-04,株式会社ハムスター,ズンバ フィットネス ワールドパーティ,2,YES,その他,株式会社ハムスター,0,1,Xbox One
2014-09-04,日本マイクロソフト,ズー タイクーン,2,YES,その他,日本マイクロソフト,0,1,Xbox One
2014-09-04,エレクトロニック・アーツ,タイタンフォール,2,YES,その他,エレクトロニック・アーツ,0,1,Xbox One
2014-09-04,日本マイクロソフト,デッドライジング3,2,YES,その他,日本マイクロソフト,0,1,Xbox One
2014-09-04,スクウェア・エニックス,トゥームレイダー ディフィニティブエディション,2,YES,その他,スクウェア・エニックス,0,1,Xbox One
2014-09-04,エレクトロニック・アーツ,ニード・フォー・スピード ライバルズ,2,YES,その他,エレクトロニック・アーツ,0,1,Xbox One
2014-09-04,エレクトロニック・アーツ,バトルフィールド4,2,YES,その他,エレクトロニック・アーツ,0,1,Xbox One
2014-09-04,エレクトロニック・アーツ,プラント vs. ゾンビ ガーデンウォーフェア,2,YES,その他,エレクトロニック・アーツ,0,1,Xbox One
2014-09-04,日本マイクロソフト,ライズ:サン・オブ・ローマ,2,YES,その他,日本マイクロソフト,0,1,Xbox One
2014-09-04,コーエーテクモゲームス,無双OROCHI2 Ultimate,2,YES,その他,コーエーテクモゲームス,0,1,Xbox One
2014-09-19,Microsoft Studios,D4: Dark Dreams Don't Die,2,,その他,Microsoft Studios,0,1,Xbox One
2014-09-23,Microsoft Studios,Killer Instinct シーズン 2 ウルトラ エディション,2,,その他,Microsoft Studios,0,1,Xbox One
2014-10-01,Frima Studio,Chariot,2,,その他,Frima Studio,0,1,Xbox One
2014-10-02,日本マイクロソフト,Forza Horizon 2,2,YES,その他,日本マイクロソフト,0,1,Xbox One
2014-10-02,Microsoft Studios,Forza Horizon 2 Day One アルティメット版,2,,その他,Microsoft Studios,0,1,Xbox One
2014-10-09,エレクトロニック・アーツ,FIFA 15,2,YES,その他,エレクトロニック・アーツ,0,1,Xbox One
2014-10-09,Microsoft Studios,Project Spark,2,,その他,Microsoft Studios,0,1,Xbox One
2014-10-09,日本マイクロソフト,Project Spark スターターパック,2,YES,その他,日本マイクロソフト,0,1,Xbox One
2014-10-16,Microsoft Studios,Forza Motorsport 5 レーシング ゲーム オブ ザ イヤー エディション,2,,その他,Microsoft Studios,0,1,Xbox One
2014-10-23,ベセスダ・ソフトワークス,サイコブレイク,2,YES,その他,ベセスダ・ソフトワークス,0,1,Xbox One
2014-10-28,エレクトロニック・アーツ,Peggle 2,2,,その他,エレクトロニック・アーツ,0,1,Xbox One
2014-10-30,日本マイクロソフト,Sunset Overdrive,2,YES,その他,日本マイクロソフト,0,1,Xbox One
2014-10-30,スパイク・チュンソフト,メトロ リダックス,2,YES,その他,スパイク・チュンソフト,0,1,Xbox One
2014-11-05,Microsoft Studios,Magic 2015,2,,その他,Microsoft Studios,0,1,Xbox One
2014-11-06,日本マイクロソフト,Killer Instinct コンボ ブレイカー パック,2,YES,その他,日本マイクロソフト,0,1,Xbox One
2014-11-11,Microsoft Studios,Halo: The Master Chief Collection デジタル,2,,その他,Microsoft Studios,0,1,Xbox One
2014-11-13,日本マイクロソフト,Halo: The Master Chief Collection,2,YES,その他,日本マイクロソフト,0,1,Xbox One
2014-11-13,スクウェア・エニックス,コール オブ デューティ アドバンスド・ウォーフェア 字幕版,2,YES,その他,スクウェア・エニックス,0,1,Xbox One
2014-11-13,エレクトロニック・アーツ,バトルフィールド 4 プレミアムエディション,2,,その他,エレクトロニック・アーツ,0,1,Xbox One
2014-11-13,コナミデジタルエンタテインメント,ワールドサッカー ウイニングイレブン 2015,2,YES,その他,コナミデジタルエンタテインメント,0,1,Xbox One
2014-11-19,E-Line Media,Never Alone (Kisima Ingitchuna),2,,その他,E-Line Media,0,1,Xbox One
2014-11-20,エレクトロニック・アーツ,EA SPORTS UFC,2,YES,その他,エレクトロニック・アーツ,0,1,Xbox One
2014-11-20,ユービーアイソフト,アサシン クリード ユニティ,2,YES,その他,ユービーアイソフト,0,1,Xbox One
2014-11-20,コーエーテクモゲームス,真・三國無双7 Empires,2,YES,その他,コーエーテクモゲームス,0,1,Xbox One
2014-11-27,日本マイクロソフト,Minecraft: Xbox One Edition,2,YES,その他,日本マイクロソフト,0,1,Xbox One
2014-11-27,テイクツー・インタラクティブジャパン,NBA 2K15,2,YES,その他,テイクツー・インタラクティブジャパン,0,1,Xbox One
2014-11-27,エレクトロニック・アーツ,ドラゴンエイジ:インクイジション,2,YES,その他,エレクトロニック・アーツ,0,1,Xbox One
2014-11-27,サイバーステップ,鬼斬,2,,その他,サイバーステップ,0,1,Xbox One
2014-11-28,Electronic Arts,タイタンフォールデラックス版,2,,その他,Electronic Arts,0,1,Xbox One
2014-12-02,Ubisoft,Trials Fusion - Deluxe Edition,2,,その他,Ubisoft,0,1,Xbox One
2014-12-04,セガ,ぷよぷよテトリス,2,YES,その他,セガ,0,1,Xbox One
2014-12-04,ユービーアイソフト,ザ・クルー,2,YES,その他,ユービーアイソフト,0,1,Xbox One
2014-12-05,Crazy Viking Studios,Volgarr the Viking,2,,その他,Crazy Viking Studios,0,1,Xbox One
2014-12-11,テイクツー・インタラクティブジャパン,グランド・セフト・オートV,2,YES,その他,テイクツー・インタラクティブジャパン,0,1,Xbox One
2014-12-11,エレクトロニック・アーツ,ニード・フォー・スピード ライバルズ コンプリートエディション,2,,その他,エレクトロニック・アーツ,0,1,Xbox One
2014-12-14,Microsoft Studios,Killer Instinct コンプリート コレクション,2,,その他,Microsoft Studios,0,1,Xbox One
2014-12-18,5pb.,CHAOS;CHILD,2,YES,その他,5pb.,0,1,Xbox One
2014-12-18,Microsoft Studios,Kalimba,2,,その他,Microsoft Studios,0,1,Xbox One
2014-12-25,ワーナー エンターテイメント ジャパン,シャドウ・オブ・モルドール,2,YES,その他,ワーナー エンターテイメント ジャパン,0,1,Xbox One
2014-12-25,スクウェア・エニックス,ララ・クロフト アンド テンプル オブ オシリス,2,,その他,スクウェア・エニックス,0,1,Xbox One
2015-01-13,エレクトロニック・アーツ,ペグル2 マジカル・マスターズ エディション,2,,その他,エレクトロニック・アーツ,0,1,Xbox One
2015-01-16,Curve Digital,Thomas Was Alone,2,,その他,Curve Digital,0,1,Xbox One
2015-01-20,カプコン,バイオハザード HDリマスター,2,,その他,カプコン,0,1,Xbox One
2015-01-22,ユービーアイソフト,ファークライ4,2,YES,その他,ユービーアイソフト,0,1,Xbox One
2015-01-29,コーエーテクモゲームス,BLADESTORM 百年戦争 & ナイトメア,2,YES,その他,コーエーテクモゲームス,0,1,Xbox One
2015-01-29,Ubisoft,FAR CRY 4 ゴールドエディション,2,,その他,Ubisoft,0,1,Xbox One
2015-01-30,Other Ocean,IDARB,2,,その他,Other Ocean,0,1,Xbox One
2015-02-05,バンダイナムコゲームス,ドラゴンボール ゼノバース,2,YES,その他,バンダイナムコゲームス,0,1,Xbox One
2015-02-19,コーエーテクモゲームス,デッド オア アライブ5 ラストラウンド,2,YES,その他,コーエーテクモゲームス,0,1,Xbox One
2015-02-19,コーエーテクモ,デッド オア アライブ5 ラストラウンド,2,,その他,コーエーテクモ,0,1,Xbox One
2015-02-20,日本マイクロソフト,Forza Horizon 2+Forza Motorsport 5バンドルパック,2,,その他,日本マイクロソフト,0,1,Xbox One
2015-02-25,カプコン,バイオハザード リベレーションズ2 コンプリートシーズン,2,,その他,カプコン,0,1,Xbox One
2015-03-04,カプコン,バイオハザード リベレーションズ2【エピソード2】,2,,その他,カプコン,0,1,Xbox One
2015-03-05,テイクツー・インタラクティブジャパン,EVOLVE,2,YES,その他,テイクツー・インタラクティブジャパン,0,1,Xbox One
2015-03-05,日本マイクロソフト,ScreamRide,2,,その他,日本マイクロソフト,0,1,Xbox One
2015-03-05,日本マイクロソフト,スクリームライド,2,YES,その他,日本マイクロソフト,0,1,Xbox One
2015-03-11,カプコン,バイオハザード リベレーションズ2【エピソード3】,2,,その他,カプコン,0,1,Xbox One
2015-03-18,カプコン,バイオハザード リベレーションズ2【エピソード4】,2,,その他,カプコン,0,1,Xbox One
2015-03-19,カプコン,バイオハザード リベレーションズ2,2,YES,その他,カプコン,0,1,Xbox One
2015-03-19,エレクトロニック・アーツ,バトルフィールド ハードライン,2,YES,その他,エレクトロニック・アーツ,0,1,Xbox One
2015-03-19,エレクトロニック・アーツ,バトルフィールド ハードライン スタンダードエディション,2,,その他,エレクトロニック・アーツ,0,1,Xbox One
2015-03-19,スクウェア・エニックス,ファイナルファンタジー零式 HD,2,YES,その他,スクウェア・エニックス,0,1,Xbox One
2015-03-19,スクウェア・エニックス,ファイナルファンタジー零式HD+ファイナルファンタジーXV体験版(2ヶ月間有効),2,,その他,スクウェア・エニックス,0,1,Xbox One
2015-03-20,日本マイクロソフト,Forza Horizon 2 アルティメット版,2,,その他,日本マイクロソフト,0,1,Xbox One
2015-03-27,日本マイクロソフト,Forza Horizon 2 プレゼンツワイルド スピード,2,,その他,日本マイクロソフト,0,1,Xbox One
2015-04-07,アクティビジョン,Call of Duty: Advanced Warfare Gold Edition,2,,その他,アクティビジョン,0,1,Xbox One
2015-04-09,フロム・ソフトウェア,DARK SOULS II SCHOLAR OF THE FIRST SIN,2,YES,その他,フロム・ソフトウェア,0,1,Xbox One
2015-04-16,Deep Silver,Saints Row IV: Re-Elected & Gat out of Hell,2,,その他,Deep Silver,0,1,Xbox One
2015-04-16,スパイク・チュンソフト,セインツロウIV リエレクテッド,2,YES,その他,スパイク・チュンソフト,0,1,Xbox One
2015-04-16,ワーナー・エンターテイメント・ジャパン,ダイイングライト,2,YES,その他,ワーナー・エンターテイメント・ジャパン,0,1,Xbox One
2015-04-17,Double Eleven Limited,Goat Simulator,2,,その他,Double Eleven Limited,0,1,Xbox One
2015-04-21,コーエーテクモ,デッド オア アライブ5 ラストラウンド（フルゲーム）,2,,その他,コーエーテクモ,0,1,Xbox One
2015-04-22,Ubisoft,アサシン クリード クロニクル チャイナ,2,,その他,Ubisoft,0,1,Xbox One
2015-04-23,ARC SYSTEM WORKS,BLAZBLUE CHRONOPHANTASMA EXTEND,2,,その他,ARC SYSTEM WORKS,0,1,Xbox One
2015-04-23,日本マイクロソフト,ディズニー ファンタジア：音楽の魔法,2,YES,その他,日本マイクロソフト,0,1,Xbox One
2015-04-23,アークシステムワークス,ブレイブルー クロノファンタズマ エクステンド,2,YES,その他,アークシステムワークス,0,1,Xbox One
2015-05-01,Zen Studios,CastleStorm - Definitive Edition,2,,その他,Zen Studios,0,1,Xbox One
2015-05-12,Ubisoft,AirMech Arena,2,,その他,Ubisoft,0,1,Xbox One
2015-05-14,テイクツー・インタラクティブ・ジャパン,ボーダーランズ ダブルデラックス コレクション,2,YES,その他,テイクツー・インタラクティブ・ジャパン,0,1,Xbox One
2015-05-14,2K,ボーダーランズ ダブルデラックス コレクション,2,,その他,2K,0,1,Xbox One
2015-05-19,スパイク・チュンソフト,ウィッチャー3 ワイルドハント,2,YES,その他,スパイク・チュンソフト,0,1,Xbox One
2015-05-21,スパイク,ウィッチャー3 ワイルドハント ゲーム＋エキスパンション・パス,2,,その他,スパイク,0,1,Xbox One
2015-05-28,MAGES./5pb.,PSYCHO-PASS サイコパス 選択なき幸福,2,YES,その他,MAGES./5pb.,0,1,Xbox One
2015-05-28,メイジス,PSYCHO-PASS サイコパス 選択なき幸福,2,,その他,メイジス,0,1,Xbox One
2015-05-28,ベセスダ・ソフトワークス,ウルフェンシュタイン：ザ オールドブラッド,2,YES,その他,ベセスダ・ソフトワークス,0,1,Xbox One
2015-06-11,セガゲームス,ALIEN ISOLATION -エイリアン アイソレーション-,2,YES,その他,セガゲームス,0,1,Xbox One
2015-06-18,カプコン,デビルメイクライ4 スペシャルエディション,2,YES,その他,カプコン,0,1,Xbox One
2015-06-25,株式会社ハムスター,AZITO × タツノコレジェンズ,2,YES,その他,株式会社ハムスター,0,1,Xbox One
2015-06-25,インターグロー,RIDE,2,YES,その他,インターグロー,0,1,Xbox One
2015-06-30,Halfbrick Studios,Fruit Ninja Kinect 2,2,,その他,Halfbrick Studios,0,1,Xbox One
2015-07-28,Wargaming.net,World of Tanks: Mercenaries,2,,その他,Wargaming.net,0,1,Xbox One
2015-07-30,ユービーアイソフト,F1 2015,2,YES,その他,ユービーアイソフト,0,1,Xbox One
2015-08-06,日本マイクロソフト,Rare Replay,2,YES,その他,日本マイクロソフト,0,1,Xbox One
2015-08-19,Hi-Rez Studios,SMITE,2,,その他,Hi-Rez Studios,0,1,Xbox One
2015-08-27,ベセスダ・ソフトワークス,ディスオナードHD,2,YES,その他,ベセスダ・ソフトワークス,0,1,Xbox One
2015-09-02,コナミデジタルエンタテインメント,METAL GEAR SOLID V: THE PHANTOM PAIN,2,YES,その他,コナミデジタルエンタテインメント,0,1,Xbox One
2015-09-17,日本マイクロソフト,Forza Motorsport 6,2,YES,その他,日本マイクロソフト,0,1,Xbox One
2015-10-01,インターグロー,MotoGP 15,2,YES,その他,インターグロー,0,1,Xbox One
2015-10-01,ワーナー エンターテイメント ジャパン,マッドマックス,2,YES,その他,ワーナー エンターテイメント ジャパン,0,1,Xbox One
2015-10-08,エレクトロニック・アーツ,FIFA 16,2,YES,その他,エレクトロニック・アーツ,0,1,Xbox One
2015-10-15,日本マイクロソフト,Forza Horizon 2: 10 Year Anniversary Edition,2,YES,その他,日本マイクロソフト,0,1,Xbox One
2015-10-29,日本マイクロソフト,Halo 5: Guardians,2,YES,その他,日本マイクロソフト,0,1,Xbox One
2015-10-29,テイクツー・インタラクティブ・ジャパン,NBA 2K16,2,YES,その他,テイクツー・インタラクティブ・ジャパン,0,1,Xbox One
2015-11-06,日本マイクロソフト,コール オブ デューティ ブラックオプスIII,2,YES,その他,日本マイクロソフト,0,1,Xbox One
2015-11-12,ユービーアイソフト,アサシン クリード シンジゲート,2,YES,その他,ユービーアイソフト,0,1,Xbox One
2015-11-12,エレクトロニック・アーツ,ニード・フォー・スピード,2,YES,その他,エレクトロニック・アーツ,0,1,Xbox One
2015-11-12,日本マイクロソフト,ライズ オブ ザ トゥームレイダー,2,YES,その他,日本マイクロソフト,0,1,Xbox One
2015-11-19,エレクトロニック・アーツ,スター・ウォーズ バトルフロント,2,YES,その他,エレクトロニック・アーツ,0,1,Xbox One
2015-12-10,ユービーアイソフト,レインボーシックス シージ,2,YES,その他,ユービーアイソフト,0,1,Xbox One
2015-12-17,ベセスダ・ソフトワークス,Fallout 4,2,YES,その他,ベセスダ・ソフトワークス,0,1,Xbox One
2016-01-12,Ubisoft,アサシン クリード クロニクル インディア,2,,その他,Ubisoft,0,1,Xbox One
2016-01-21,スクウェア・エニックス,ジャストコーズ3,2,YES,その他,スクウェア・エニックス,0,1,Xbox One
2016-01-21,カプコン,バイオハザード オリジンズコレクション,2,YES,その他,カプコン,0,1,Xbox One
2016-01-21,カプコン,バイオハザード0 HDリマスター,2,,その他,カプコン,0,1,Xbox One
2016-01-28,コーエーテクモゲームス,三國志13,2,YES,その他,コーエーテクモゲームス,0,1,Xbox One
2016-02-02,Mojang / Microsoft Studios,Cobalt,2,,その他,Mojang / Microsoft Studios,0,1,Xbox One
2016-02-09,エレクトロニック・アーツ,Unravel,2,,その他,エレクトロニック・アーツ,0,1,Xbox One
2016-02-17,Psyonix LLC,ロケットリーグ,2,,その他,Psyonix LLC,0,1,Xbox One
2016-02-23,2K,EVOLVE Ultimate Edition,2,,その他,2K,0,1,Xbox One
2016-02-25,Ubisoft,アサシン クリード クロニクル ロシア,2,,その他,Ubisoft,0,1,Xbox One
2016-02-25,モス,雷電V,2,YES,その他,モス,0,1,Xbox One
2016-03-04,PLAYISM,MOMODORA: 月下のレクイエム,2,,その他,PLAYISM,0,1,Xbox One
2016-03-10,ユービーアイソフト,ディビジョン,2,YES,その他,ユービーアイソフト,0,1,Xbox One
2016-03-11,Microsoft Studios,Ori Definitive Edition,2,,その他,Microsoft Studios,0,1,Xbox One
2016-03-24,フロム・ソフトウェア,DARK SOULS III,2,YES,その他,フロム・ソフトウェア,0,1,Xbox One
2016-03-24,エクスペリエンス,STRANGER OF SWORD CITY,2,YES,その他,エクスペリエンス,0,1,Xbox One
2016-03-24,Ubisoft,トラックマニア ターボ,2,,その他,Ubisoft,0,1,Xbox One
2016-03-29,カプコン,バイオハザード6,2,,その他,カプコン,0,1,Xbox One
2016-04-07,日本マイクロソフト,Quantum Break,2,YES,その他,日本マイクロソフト,0,1,Xbox One
2016-04-07,ユービーアイソフト,ファークライ プライマル,2,YES,その他,ユービーアイソフト,0,1,Xbox One
2016-04-20,バンダイナムコエンターテインメント,ARCADE GAME SERIES: DIG DUG,2,,その他,バンダイナムコエンターテインメント,0,1,Xbox One
2016-04-20,バンダイナムコエンターテインメント,ARCADE GAME SERIES: GALAGA,2,,その他,バンダイナムコエンターテインメント,0,1,Xbox One
2016-04-20,バンダイナムコエンターテインメント,ARCADE GAME SERIES: Ms. PAC-MAN,2,,その他,バンダイナムコエンターテインメント,0,1,Xbox One
2016-04-20,バンダイナムコエンターテインメント,ARCADE GAME SERIES: PAC-MAN,2,,その他,バンダイナムコエンターテインメント,0,1,Xbox One
2016-04-21,ワーナー エンターテイメント ジャパン,ダイイングライト：ザ・フォロイング エンハンスト・エディション,2,YES,その他,ワーナー エンターテイメント ジャパン,0,1,Xbox One
2016-05-19,ベセスダ・ソフトワークス,DOOM,2,YES,その他,ベセスダ・ソフトワークス,0,1,Xbox One
2016-05-19,スパイク・チュンソフト,HOMEFRONT the Revolution,2,YES,その他,スパイク・チュンソフト,0,1,Xbox One
2016-05-19,テイクツー・インタラクティブ・ジャパン,バトルボーン,2,YES,その他,テイクツー・インタラクティブ・ジャパン,0,1,Xbox One
2016-05-26,カプコン,ロックマン クラシックス コレクション,2,,その他,カプコン,0,1,Xbox One
2016-06-01,Metalhead Software,Super Mega Baseball: Extra Innings,2,,その他,Metalhead Software,0,1,Xbox One
2016-06-09,エレクトロニック・アーツ,ミラーズエッジ カタリスト,2,YES,その他,エレクトロニック・アーツ,0,1,Xbox One
2016-06-13,Ubisoft,Trials of the Blood Dragon,2,,その他,Ubisoft,0,1,Xbox One
2016-06-15,eHome Entertainment,モンキーキングサーガ,2,,その他,eHome Entertainment,0,1,Xbox One
2016-06-16,日本マイクロソフト,Minecraft： Xbox One フェイバリット パック,2,YES,その他,日本マイクロソフト,0,1,Xbox One
2016-06-21,スパイク・チュンソフト,Mighty No. 9,2,,その他,スパイク・チュンソフト,0,1,Xbox One
2016-06-28,カプコン,バイオハザード5,2,,その他,カプコン,0,1,Xbox One
2016-06-29,Eastasiasoft Limited,Lost Sea,2,,その他,Eastasiasoft Limited,0,1,Xbox One
2016-07-01,Double Eleven Limited,プリズン・アーキテクト：Xbox One エディション,2,,その他,Double Eleven Limited,0,1,Xbox One
2016-07-13,Through Games,Fru,2,,その他,Through Games,0,1,Xbox One
2016-07-13,Ninja Egg,KYUB,2,,その他,Ninja Egg,0,1,Xbox One
2016-07-13,Iron Galaxy Studios,VIDEOBALL,2,,その他,Iron Galaxy Studios,0,1,Xbox One
2016-07-15,パレアナ,リバーシクエスト,2,,その他,パレアナ,0,1,Xbox One
2016-08-17,Ubisoft,GROW UP,2,,その他,Ubisoft,0,1,Xbox One
2016-08-30,カプコン,バイオハザード4,2,,その他,カプコン,0,1,Xbox One
2016-09-01,スパイク・チュンソフト,ウィッチャー3 ワイルドハント ゲームオブザイヤーエディション,2,YES,その他,スパイク・チュンソフト,0,1,Xbox One
2016-09-08,ユービーアイソフト,F1 2016,2,YES,その他,ユービーアイソフト,0,1,Xbox One
2016-09-13,カプコン,デッドライジング,2,,その他,カプコン,0,1,Xbox One
2016-09-13,カプコン,デッドライジング2,2,,その他,カプコン,0,1,Xbox One
2016-09-13,カプコン,デッドライジング2 Off the Record,2,,その他,カプコン,0,1,Xbox One
2016-09-15,日本マイクロソフト,ReCore,2,YES,その他,日本マイクロソフト,0,1,Xbox One
2016-09-15,2K,バイオショック コレクション,2,,その他,2K,0,1,Xbox One
2016-09-29,エレクトロニック・アーツ,FIFA 17,2,YES,その他,エレクトロニック・アーツ,0,1,Xbox One
2016-09-29,日本マイクロソフト,Forza Horizon 3,2,YES,その他,日本マイクロソフト,0,1,Xbox One
2016-09-29,日本マイクロソフト,Forza Horizon 3 デラックスエディション,2,,その他,日本マイクロソフト,0,1,Xbox One
2016-09-29,カプコン,デッドライジング,2,YES,その他,カプコン,0,1,Xbox One
2016-09-29,カプコン,デッドライジング2,2,YES,その他,カプコン,0,1,Xbox One
2016-09-30,2K,XCOM 2,2,,その他,2K,0,1,Xbox One
2016-10-20,テイクツー・インタラクティブ・ジャパン,NBA 2K17,2,YES,その他,テイクツー・インタラクティブ・ジャパン,0,1,Xbox One
2016-10-21,エレクトロニック・アーツ,バトルフィールド1,2,YES,その他,エレクトロニック・アーツ,0,1,Xbox One
2016-10-27,テイクツー・インタラクティブ・ジャパン,マフィア III,2,YES,その他,テイクツー・インタラクティブ・ジャパン,0,1,Xbox One
2016-10-28,エレクトロニック・アーツ,タイタンフォール2,2,YES,その他,エレクトロニック・アーツ,0,1,Xbox One
2016-11-04,日本マイクロソフト,Call of Duty: Infinite Warfare,2,YES,その他,日本マイクロソフト,0,1,Xbox One
2016-11-10,ベセスダ･ソフトワークス,The Elder Scrolls V: Skyrim Special Edition,2,,その他,ベセスダ･ソフトワークス,0,1,Xbox One
2016-11-18,エレクトロニック・アーツ,Star Wars バトルフロント Ultimate Edition,2,YES,その他,エレクトロニック・アーツ,0,1,Xbox One
2016-11-29,スクウェア・エニックス,FINAL FANTASY XV,2,YES,その他,スクウェア・エニックス,0,1,Xbox One
2016-12-01,ユービーアイソフト,ウォッチドッグス2,2,YES,その他,ユービーアイソフト,0,1,Xbox One
2016-12-06,トイロジック,Happy Dungeons,2,,その他,トイロジック,0,1,Xbox One
2016-12-07,Double Eleven Limited,Goat Simulator: The Payday Bundle,2,,その他,Double Eleven Limited,0,1,Xbox One
2016-12-08,ベセスダ・ソフトワークス,Dishonored 2,2,YES,その他,ベセスダ・ソフトワークス,0,1,Xbox One
2016-12-08,日本マイクロソフト,デッドライジング4,2,YES,その他,日本マイクロソフト,0,1,Xbox One
2016-12-16,CrossFunction,Dogos,2,,その他,CrossFunction,0,1,Xbox One
2016-12-20,WayForward,Shantae: Half-Genie Hero,2,,その他,WayForward,0,1,Xbox One
2016-12-22,ユービーアイソフト,STEEP,2,YES,その他,ユービーアイソフト,0,1,Xbox One
2017-01-26,カプコン,バイオハザード7 レジデント イービル,2,YES,その他,カプコン,0,1,Xbox One
2017-01-26,カプコン,バイオハザード7 レジデントイービル デラックスエディション/グロテスクver,2,,その他,カプコン,0,1,Xbox One
2017-02-16,ユービーアイソフト,フォーオナー,2,YES,その他,ユービーアイソフト,0,1,Xbox One
2017-02-16,コーエーテクモゲームス,三國志13 with パワーアップキット,2,,その他,コーエーテクモゲームス,0,1,Xbox One
2017-02-22,5pb./MAGES.,STEINS;GATE 0,2,,その他,5pb./MAGES.,0,1,Xbox One
2017-02-23,日本マイクロソフト,Halo Wars 2,2,YES,その他,日本マイクロソフト,0,1,Xbox One
2017-02-23,ナスカ,ビッグトーナメントゴルフ,2,,その他,ナスカ,0,1,Xbox One
2017-02-23,アルファ電子,ワールドヒーローズ,2,,その他,アルファ電子,0,1,Xbox One
2017-03-02,SNK,NAM-1975,2,,その他,SNK,0,1,Xbox One
2017-03-02,ナスカ,メタルスラッグ,2,,その他,ナスカ,0,1,Xbox One
2017-03-07,カプコン,ULTIMATE MARVEL VS. CAPCOM 3,2,,その他,カプコン,0,1,Xbox One
2017-03-09,2K,WWE 2K17,2,,その他,2K,0,1,Xbox One
2017-03-09,2K,WWE 2K17 デジタル デラックス,2,,その他,2K,0,1,Xbox One
2017-03-09,ユービーアイソフト,ゴーストリコン ワイルドランズ,2,YES,その他,ユービーアイソフト,0,1,Xbox One
2017-03-09,SNK,ザ・キング・オブ・ファイターズ'94,2,,その他,SNK,0,1,Xbox One
2017-03-16,SNK,戦国伝承,2,,その他,SNK,0,1,Xbox One
2017-03-17,Playism,Momodora: 月下のレクイエム,2,,その他,Playism,0,1,Xbox One
2017-03-23,スクウェア・エニックス,デウスエクス マンカインド・ディバイデッド,2,YES,その他,スクウェア・エニックス,0,1,Xbox One
2017-03-23,SNK,龍虎の拳,2,,その他,SNK,0,1,Xbox One
2017-03-30,SNK,ザ・キング・オブ・ファイターズ'95,2,,その他,SNK,0,1,Xbox One
2017-04-06,サンソフト,ギャラクシーファイト ユニバーサル・ウォーリアーズ,2,,その他,サンソフト,0,1,Xbox One
2017-04-13,SNK,戦国伝承2,2,,その他,SNK,0,1,Xbox One
2017-04-20,フロム・ソフトウェア,DARK SOULS III THE FIRE FADES EDITION,2,YES,その他,フロム・ソフトウェア,0,1,Xbox One
2017-04-20,エーディーケイ,オーバートップ,2,,その他,エーディーケイ,0,1,Xbox One
2017-04-20,SNK,餓狼伝説2 〜新たなる闘い〜,2,,その他,SNK,0,1,Xbox One
2017-04-27,SNK,ASO II 〜ラストガーディアン〜,2,,その他,SNK,0,1,Xbox One
2017-05-02,SNK,サムライスピリッツ,2,,その他,SNK,0,1,Xbox One
2017-05-02,SNK,ラストリゾート,2,,その他,SNK,0,1,Xbox One
2017-05-10,Team Reptile,リーサルリーグ,2,,その他,Team Reptile,0,1,Xbox One
2017-05-16,Microsoft Studios,ファントムダスト,2,,その他,Microsoft Studios,0,1,Xbox One
2017-05-18,ベセスダ・ソフトワークス,Prey,2,YES,その他,ベセスダ・ソフトワークス,0,1,Xbox One
2017-05-18,SNK,幕末浪漫 月華の剣士,2,,その他,SNK,0,1,Xbox One
2017-05-25,日本マイクロソフト,Gears of War 4,2,YES,その他,日本マイクロソフト,0,1,Xbox One
2017-05-25,CD PROJEKT SA,グウェント ウィッチャーカードゲーム (Game Preview),2,,その他,CD PROJEKT SA,0,1,Xbox One
2017-05-25,エーディーケイ,ワールドヒーローズ2,2,,その他,エーディーケイ,0,1,Xbox One
2017-05-31,Mode 7 Limited,Tokyo 42,2,,その他,Mode 7 Limited,0,1,Xbox One
2017-06-01,tinyBuild GAMES,SpeedRunners,2,,その他,tinyBuild GAMES,0,1,Xbox One
2017-06-01,SNK,メタルスラッグ2,2,,その他,SNK,0,1,Xbox One
2017-06-01,バンダイナムコエンターテインメント,鉄拳7,2,YES,その他,バンダイナムコエンターテインメント,0,1,Xbox One
2017-06-08,SNK,キング・オブ・ザ・モンスターズ,2,,その他,SNK,0,1,Xbox One
2017-06-09,Double Eleven Limited,Prison Architect: All Day And A Psych,2,,その他,Double Eleven Limited,0,1,Xbox One
2017-06-15,データイースト,マジカルドロップ2,2,,その他,データイースト,0,1,Xbox One
2017-06-22,SNK,龍虎の拳2,2,,その他,SNK,0,1,Xbox One
2017-06-29,SNK,2020年スーパーベースボール,2,,その他,SNK,0,1,Xbox One
2017-07-06,エイコム,パルスター,2,,その他,エイコム,0,1,Xbox One
2017-07-13,SNK,餓狼伝説スペシャル,2,,その他,SNK,0,1,Xbox One
2017-07-20,NMK,作戦名ラグナロク,2,,その他,NMK,0,1,Xbox One
2017-07-26,ユービーアイソフト,DiRT 4,2,YES,その他,ユービーアイソフト,0,1,Xbox One
2017-07-27,SNK,得点王,2,,その他,SNK,0,1,Xbox One
2017-08-03,ビデオシステム,ソニックウィングス2,2,,その他,ビデオシステム,0,1,Xbox One
2017-08-10,スクウェア・エニックス,HITMAN - The Complete First Season,2,,その他,スクウェア・エニックス,0,1,Xbox One
2017-08-10,SNK,ザ・キング・オブ・ファイターズ'96,2,,その他,SNK,0,1,Xbox One
2017-08-10,カプコン,ロックマン クラシックス コレクション 2,2,,その他,カプコン,0,1,Xbox One
2017-08-16,セガ,ソニックマニア,2,,その他,セガ,0,1,Xbox One
2017-08-17,アルファ電子,マジシャンロード,2,,その他,アルファ電子,0,1,Xbox One
2017-08-23,Cosen,Tachyon Project,2,,その他,Cosen,0,1,Xbox One
2017-08-24,SNK,ジョイジョイキッド,2,,その他,SNK,0,1,Xbox One
2017-08-31,日本マイクロソフト,ReCore Definitive Edition,2,YES,その他,日本マイクロソフト,0,1,Xbox One
2017-08-31,カプコン,バイオハザード リベレーションズ アンベールド エディション,2,,その他,カプコン,0,1,Xbox One
2017-08-31,SNK,餓狼伝説3 〜遥かなる闘い〜,2,,その他,SNK,0,1,Xbox One
2017-09-07,アルファ電子,ラギ,2,,その他,アルファ電子,0,1,Xbox One
2017-09-14,ユービーアイソフト,F1 2017,2,YES,その他,ユービーアイソフト,0,1,Xbox One
2017-09-14,Grinding Gear Games,Path of Exile,2,,その他,Grinding Gear Games,0,1,Xbox One
2017-09-14,データイースト,ミラクルアドベンチャー,2,,その他,データイースト,0,1,Xbox One
2017-09-15,ベゼスタ・ソフトワークス,ディスオナード: デス・オブ・ザ・アウトサイダー,2,YES,その他,ベゼスタ・ソフトワークス,0,1,Xbox One
2017-09-19,テイクツー・インタラクティブ・ジャパン,NBA 2K18,2,YES,その他,テイクツー・インタラクティブ・ジャパン,0,1,Xbox One
2017-09-21,Gearbox Publishing,Bulletstorm: Full Clip Edition Duke Nukem Bundle,2,,その他,Gearbox Publishing,0,1,Xbox One
2017-09-21,カプコン,マーベル VS. カプコン:インフィニット,2,,その他,カプコン,0,1,Xbox One
2017-09-21,SNK,真SAMURAI SPIRITS 覇王丸地獄変,2,,その他,SNK,0,1,Xbox One
2017-09-26,Microsoft Studios,Halo Wars 2: Complete Edition,2,,その他,Microsoft Studios,0,1,Xbox One
2017-09-26,ZEN Studio Kft,Pinball FX3,2,,その他,ZEN Studio Kft,0,1,Xbox One
2017-09-26,Devolver Digital,Ruiner,2,,その他,Devolver Digital,0,1,Xbox One
2017-09-28,ベセスダ･ソフトワークス,Fallout 4: Game of the Year Edition,2,,その他,ベセスダ･ソフトワークス,0,1,Xbox One
2017-09-28,SNK,バーニングファイト,2,,その他,SNK,0,1,Xbox One
2017-09-29,Studio MDHR,Cuphead,2,,その他,Studio MDHR,0,1,Xbox One
2017-09-29,エレクトロニック・アーツ,FIFA 18,2,YES,その他,エレクトロニック・アーツ,0,1,Xbox One
2017-09-29,有限会社エムツー,バトルガレッガ Rev.2016,2,,その他,有限会社エムツー,0,1,Xbox One
2017-09-30,Monomi Park,Slime Rancher,2,,その他,Monomi Park,0,1,Xbox One
2017-09-30,Bulkhead Interactive,The Turing Test,2,,その他,Bulkhead Interactive,0,1,Xbox One
2017-10-03,日本マイクロソフト,Forza Motorsport 7,2,YES,その他,日本マイクロソフト,0,1,Xbox One
2017-10-04,Hypersect,INVERSUS Deluxe,2,,その他,Hypersect,0,1,Xbox One
2017-10-05,カプコン,ドラゴンズドグマ: ダークアリズン,2,,その他,カプコン,0,1,Xbox One
2017-10-05,SNK,メタルスラッグX,2,,その他,SNK,0,1,Xbox One
2017-10-10,エレクトロニック・アーツ,FIFA 18,2,,その他,エレクトロニック・アーツ,0,1,Xbox One
2017-10-12,ワーナー ブラザース ジャパン,シャドウ・オブ・ウォー,2,YES,その他,ワーナー ブラザース ジャパン,0,1,Xbox One
2017-10-12,SNK,リアルバウト餓狼伝説,2,,その他,SNK,0,1,Xbox One
2017-10-17,THQ Nordic,ELEX,2,,その他,THQ Nordic,0,1,Xbox One
2017-10-18,FullPowerSideAttack.com,トルクル(TorqueL) 物理調整版,2,,その他,FullPowerSideAttack.com,0,1,Xbox One
2017-10-19,ベゼスタ・ソフトワークス,サイコブレイク2,2,YES,その他,ベゼスタ・ソフトワークス,0,1,Xbox One
2017-10-19,SNK,ロボアーミー,2,,その他,SNK,0,1,Xbox One
2017-10-20,Playmous,God of Light: Remastered,2,,その他,Playmous,0,1,Xbox One
2017-10-26,ユービーアイソフト,アサシン クリード オリジンズ,2,YES,その他,ユービーアイソフト,0,1,Xbox One
2017-10-26,SNK,ミューテイションネイション,2,,その他,SNK,0,1,Xbox One
2017-10-30,日本マイクロソフト,Zoo Tycoon: Ultimate Animal Collection,2,YES,その他,日本マイクロソフト,0,1,Xbox One
2017-10-30,日本マイクロソフト,ディズニーランド: アドベンチャーズ,2,YES,その他,日本マイクロソフト,0,1,Xbox One
2017-10-30,日本マイクロソフト,ラッシュ: ディズニー/ピクサー アドベンチャー,2,YES,その他,日本マイクロソフト,0,1,Xbox One
2017-11-02,SNK,ザ・キング・オブ・ファイターズ'97,2,,その他,SNK,0,1,Xbox One
2017-11-07,日本マイクロソフト,Super Lucky's Tale,2,YES,その他,日本マイクロソフト,0,1,Xbox One
2017-11-09,MAGES./5pb.,オカルティック・ナイン,2,YES,その他,MAGES./5pb.,0,1,Xbox One
2017-11-09,セガゲームス,ソニックフォース,2,,その他,セガゲームス,0,1,Xbox One
2017-11-09,データイースト,ダンクドリーム,2,,その他,データイースト,0,1,Xbox One
2017-11-10,エレクトロニック・アーツ,ニード・フォー・スピード ペイバック,2,YES,その他,エレクトロニック・アーツ,0,1,Xbox One
2017-11-16,Mode 7,Tokyo 42 + Smaceshi's Castles,2,,その他,Mode 7,0,1,Xbox One
2017-11-16,データイースト,ファイターズヒストリーダイナマイト,2,,その他,データイースト,0,1,Xbox One
2017-11-17,エレクトロニック・アーツ,Star Wars バトルフロント II,2,YES,その他,エレクトロニック・アーツ,0,1,Xbox One
2017-11-17,"CrossFunction Co., Ltd.",The Town of Light,2,,その他,"CrossFunction Co., Ltd.",0,1,Xbox One
2017-11-22,SNK,サッカーブロール,2,,その他,SNK,0,1,Xbox One
2017-11-23,ベセスダ・ソフトワークス,Wolfenstein II： The New Colossus,2,YES,その他,ベセスダ・ソフトワークス,0,1,Xbox One
2017-11-30,エーディーケイ,ワールドヒーローズ2JET,2,,その他,エーディーケイ,0,1,Xbox One
2017-12-05,ユービーアイソフト,STEEP ウインターゲーム /ゴールドエディション,2,YES,その他,ユービーアイソフト,0,1,Xbox One
2017-12-07,ロックスター・ゲームス,L.A.ノワール,2,,その他,ロックスター・ゲームス,0,1,Xbox One
2017-12-07,SNK,トップハンター ～ロディー&キャシー～,2,,その他,SNK,0,1,Xbox One
2017-12-08,tinyBuild,Hello Neighbor（ハローネイバー）,2,,その他,tinyBuild,0,1,Xbox One
2017-12-12,日本マイクロソフト,PlayerUnknown's Battlegrounds,2,YES,その他,日本マイクロソフト,0,1,Xbox One
2017-12-14,カプコン,バイオハザード7 レジデント イービル ゴールドエディション,2,,その他,カプコン,0,1,Xbox One
2017-12-14,SNK,リアルバウト餓狼伝説スペシャル,2,,その他,SNK,0,1,Xbox One
2017-12-15,日本マイクロソフト,Gears of War 4 （リパッケージ版）,2,YES,その他,日本マイクロソフト,0,1,Xbox One
2017-12-15,Clever Endeavour Games,Ultimate Chicken Horse,2,,その他,Clever Endeavour Games,0,1,Xbox One
2017-12-21,SNK,メタルスラッグ3,2,,その他,SNK,0,1,Xbox One
2017-12-21,カプコン,大神 絶景版,2,,その他,カプコン,0,1,Xbox One
2018-01-11,SNK,ザ・キング・オブ・ファイターズ'98,2,,その他,SNK,0,1,Xbox One
2018-01-12,ACE MADDOX,Ø フライングタイガーズ 中国の空を駆ける影,2,,その他,ACE MADDOX,0,1,Xbox One
2018-01-18,ビデオシステム,パワースパイクスII,2,,その他,ビデオシステム,0,1,Xbox One
2018-01-25,ザウルス,ショックトルーパーズ,2,,その他,ザウルス,0,1,Xbox One
2018-01-30,エレクトロニック・アーツ,EA SPORTS™ UFC® 3 Champions Edition,2,,その他,エレクトロニック・アーツ,0,1,Xbox One
2018-02-01,SNK,サムライスピリッツ 斬紅郎無双剣,2,,その他,SNK,0,1,Xbox One
2018-02-01,バンダイナムコエンターテインメント,ドラゴンボール ファイターズ,2,YES,その他,バンダイナムコエンターテインメント,0,1,Xbox One
2018-02-06,Raw Fury,Dandara,2,,その他,Raw Fury,0,1,Xbox One
2018-02-08,バンダイナムコエンターテインメント,ソードアート・オンライン フェイタル・バレット,2,,その他,バンダイナムコエンターテインメント,0,1,Xbox One
2018-02-08,夢工房,ブレイジングスター,2,,その他,夢工房,0,1,Xbox One
2018-02-13,ForwardXP,罪悪感バトルアリーナ,2,,その他,ForwardXP,0,1,Xbox One
2018-02-14,Chucklefish,Stardew Valley,2,,その他,Chucklefish,0,1,Xbox One
2018-02-15,SNK,幕末浪漫第二幕 月華の剣士 ～月に咲く華、散りゆく花～,2,,その他,SNK,0,1,Xbox One
2018-02-16,エレクトロニック・アーツ,Fe,2,,その他,エレクトロニック・アーツ,0,1,Xbox One
2018-02-21,コナミデジタルエンタテインメント,メタルギア サヴァイヴ,2,,その他,コナミデジタルエンタテインメント,0,1,Xbox One
2018-02-22,データイースト,マジカルドロップ3,2,,その他,データイースト,0,1,Xbox One
2018-02-28,GameTomo,イモータル・レッドネック：不死王の迷宮,2,,その他,GameTomo,0,1,Xbox One
2018-03-01,ザウルス,ショックトルーパーズ・セカンドスカッド,2,,その他,ザウルス,0,1,Xbox One
2018-03-06,スクウェア・エニックス,ファイナルファンタジーXV ROYAL EDITION,2,,その他,スクウェア・エニックス,0,1,Xbox One
2018-03-08,SNK,リアルバウト餓狼伝説2 THE NEWCOMERS,2,,その他,SNK,0,1,Xbox One
2018-03-15,ビデオシステム,ソニックウィングス3,2,,その他,ビデオシステム,0,1,Xbox One
2018-03-15,カプコン,デビルメイクライ HDコレクション,2,,その他,カプコン,0,1,Xbox One
2018-03-16,エレクトロニック・アーツ,バーンアウトパラダイス Remastered,2,,その他,エレクトロニック・アーツ,0,1,Xbox One
2018-03-20,マイクロソフト,Sea of Thieves,2,,その他,マイクロソフト,0,1,Xbox One
2018-03-22,スクウェア・エニックス,JUST CAUSE 3 GOLD EDITION,2,,その他,スクウェア・エニックス,0,1,Xbox One
2018-03-22,サンソフト,わくわく7,2,,その他,サンソフト,0,1,Xbox One
2018-03-22,ユービーアイソフト,アサシン クリード ローグ リマスター,2,,その他,ユービーアイソフト,0,1,Xbox One
2018-03-28,"Thekla, Inc.",目となる者 (The Witness),2,,その他,"Thekla, Inc.",0,1,Xbox One
2018-03-29,ユービーアイソフト,ファークライ5,2,YES,その他,ユービーアイソフト,0,1,Xbox One
2018-03-29,SNK,戦国伝承2001,2,,その他,SNK,0,1,Xbox One
2018-04-04,有限会社エムツー,弾銃フィーバロン,2,,その他,有限会社エムツー,0,1,Xbox One
2018-04-05,34BigThings srl,Redout: Lightspeed Edition,2,,その他,34BigThings srl,0,1,Xbox One
2018-04-05,SNK,ザ・キング・オブ・ファイターズ'99,2,,その他,SNK,0,1,Xbox One
2018-04-10,D-Pad Studio,Owlboy,2,,その他,D-Pad Studio,0,1,Xbox One
2018-04-11,Freejam,Robocraft Infinity,2,,その他,Freejam,0,1,Xbox One
2018-04-11,DotEmu,イース・オリジン,2,,その他,DotEmu,0,1,Xbox One
2018-04-12,Paradox Interactive,Cities: Skylines - Xbox One Edition,2,,その他,Paradox Interactive,0,1,Xbox One
2018-04-12,フェイス,ぐるりん,2,,その他,フェイス,0,1,Xbox One
2018-04-19,SNK,サムライスピリッツ 天草降臨,2,,その他,SNK,0,1,Xbox One
2018-04-25,COSEN,Bit Dungeon Plus,2,,その他,COSEN,0,1,Xbox One
2018-04-26,SNK,ゴーストパイロット,2,,その他,SNK,0,1,Xbox One
2018-05-02,ザウルス,ステークスウィナー,2,,その他,ザウルス,0,1,Xbox One
2018-05-09,Rooftop Panda,Roket Wars,2,,その他,Rooftop Panda,0,1,Xbox One
2018-05-09,Rising Star Games,Trailblazers,2,,その他,Rising Star Games,0,1,Xbox One
2018-05-10,SNK,得点王2,2,,その他,SNK,0,1,Xbox One
2018-05-17,SNK,ベースボールスターズプロフェッショナル,2,,その他,SNK,0,1,Xbox One
2018-05-22,アンナプルナ・インタラクティブ,Gorogoa,2,,その他,アンナプルナ・インタラクティブ,0,1,Xbox One
2018-05-24,フロム・ソフトウェア,DARK SOULS REMASTERED,2,YES,その他,フロム・ソフトウェア,0,1,Xbox One
2018-05-24,SNK,トッププレイヤーズゴルフ,2,,その他,SNK,0,1,Xbox One
2018-05-29,11 bit studios,Moonlighter,2,,その他,11 bit studios,0,1,Xbox One
2018-05-30,Nano Games,ZAMB! Redux,2,,その他,Nano Games,0,1,Xbox One
2018-05-30,PQube Limited,ステイ,2,,その他,PQube Limited,0,1,Xbox One
2018-05-31,アルファ電子,ニンジャコンバット,2,,その他,アルファ電子,0,1,Xbox One
2018-06-05,Lince Works,Aragami: Shadow Edition（アラガミ:シャドウエディション）,2,,その他,Lince Works,0,1,Xbox One
2018-06-06,インティ・クリエイツ,ブラッドステインド カース・オブ・ザ・ムーン,2,,その他,インティ・クリエイツ,0,1,Xbox One
2018-06-07,SNK,ライディングヒーロー,2,,その他,SNK,0,1,Xbox One
2018-06-07,スクウェア・エニックス,ライフ イズ ストレンジ ビフォア ザ ストーム,2,,その他,スクウェア・エニックス,0,1,Xbox One
2018-06-09,エレクトロニック・アーツ,Unravel Two,2,,その他,エレクトロニック・アーツ,0,1,Xbox One
2018-06-14,コナミデジタルエンタテインメント,スーパーボンバーマンR,2,,その他,コナミデジタルエンタテインメント,0,1,Xbox One
2018-06-14,SNK,得点王3 〜栄光への挑戦〜,2,,その他,SNK,0,1,Xbox One
2018-06-15,Red Limb Studio,Rise of Insanity,2,,その他,Red Limb Studio,0,1,Xbox One
2018-06-21,SNK,ザ・キング・オブ・ファイターズ 2000,2,,その他,SNK,0,1,Xbox One
2018-06-26,スクウェア・エニックス,NieR:Automata BECOME AS GODS Edition,2,,その他,スクウェア・エニックス,0,1,Xbox One
2018-06-26,エンハンス,ルミネス リマスター,2,,その他,エンハンス,0,1,Xbox One
2018-06-28,フェイス,マネーアイドルエクスチェンジャー,2,,その他,フェイス,0,1,Xbox One
2018-06-29,Activishion,クラッシュ・バンディクー ブッとび3段もり!,2,,その他,Activishion,0,1,Xbox One
2018-06-29,ユービーアイソフト,ザ クルー2,2,,その他,ユービーアイソフト,0,1,Xbox One
2018-07-03,エレクトロニック・アーツ,EA SPORTS UFC3,2,,その他,エレクトロニック・アーツ,0,1,Xbox One
2018-07-06,ケムコ,アスディバインハーツ,2,,その他,ケムコ,0,1,Xbox One
2018-07-11,Batterystaple Games,20XX,2,,その他,Batterystaple Games,0,1,Xbox One
2018-07-12,SNK,ザ・スーパースパイ,2,,その他,SNK,0,1,Xbox One
2018-07-13,Holospark,Earthfall,2,,その他,Holospark,0,1,Xbox One
2018-07-17,Ubisoft,ハングリーシャークワールド,2,,その他,Ubisoft,0,1,Xbox One
2018-07-19,SNK,リーグボウリング,2,,その他,SNK,0,1,Xbox One
2018-07-24,Hello Games,No Man's Sky,2,,その他,Hello Games,0,1,Xbox One
2018-07-26,SNK,ART OF FIGHTING 龍虎の拳 外伝,2,,その他,SNK,0,1,Xbox One
2018-07-26,カプコン,ロックマンX アニバーサリー コレクション,2,,その他,カプコン,0,1,Xbox One
2018-07-26,カプコン,ロックマンX アニバーサリー コレクション2,2,,その他,カプコン,0,1,Xbox One
2018-07-30,Lazerpants Studio LLC,The Z Axis : Continuum,2,,その他,Lazerpants Studio LLC,0,1,Xbox One
2018-08-02,NerdRage Studios Ltd,Jump Gunners,2,,その他,NerdRage Studios Ltd,0,1,Xbox One
2018-08-02,Ponley Time Foundation,Z AZMO Arcade Pack,2,,その他,Ponley Time Foundation,0,1,Xbox One
2018-08-09,E-Home Entertainment Development Company Ltd,キミノオモチャ,2,,その他,E-Home Entertainment Development Company Ltd,0,1,Xbox One
2018-08-10,エレクトロニック・アーツ,Madden NFL 19,2,,その他,エレクトロニック・アーツ,0,1,Xbox One
2018-08-10,Pentadimensional Games SL,Megaton Rainfall,2,,その他,Pentadimensional Games SL,0,1,Xbox One
2018-08-10,Gearbox Publishing,We Happy Few,2,,その他,Gearbox Publishing,0,1,Xbox One
2018-08-15,ケムコ,フェルンズゲート,2,,その他,ケムコ,0,1,Xbox One
2018-08-16,SNK,餓狼 MARK OF THE WOLVES,2,,その他,SNK,0,1,Xbox One
2018-08-21,Angry Mob Games,Brawlout,2,,その他,Angry Mob Games,0,1,Xbox One
2018-08-23,アルファ電子,クロスソード,2,,その他,アルファ電子,0,1,Xbox One
2018-08-28,Raw Fury,Bad North,2,,その他,Raw Fury,0,1,Xbox One
2018-08-29,ラタライカゲームス,Twin Robots: Ultimate Edition,2,,その他,ラタライカゲームス,0,1,Xbox One
2018-08-29,JOYCITY Corp.,スリーオンスリー フリースタイル,2,,その他,JOYCITY Corp.,0,1,Xbox One
2018-08-30,SNK,フットボールフレンジー,2,,その他,SNK,0,1,Xbox One
2018-08-31,コーラス・ワールドワイド合同会社,ザ・ビデオキッド,2,,その他,コーラス・ワールドワイド合同会社,0,1,Xbox One
2018-09-03,WeirdBeard,Tricky Towers,2,,その他,WeirdBeard,0,1,Xbox One
2018-09-04,LBC Games,Dimension Drive,2,,その他,LBC Games,0,1,Xbox One
2018-09-04,マイクロソフト,PLAYERUNKNOWN’S BATTLEGROUNDS 製品版リリース,2,,その他,マイクロソフト,0,1,Xbox One
2018-09-04,日本マイクロソフト,PlayerUnknown's Battlegrounds,2,YES,その他,日本マイクロソフト,0,1,Xbox One
2018-09-07,スクウェア・エニックス,FINAL FANTASY XV ポケットエディション HD,2,,その他,スクウェア・エニックス,0,1,Xbox One
2018-09-11,2K,NBA 2K19,2,,その他,2K,0,1,Xbox One
2018-09-11,Bigben Interactive,V-Rally 4,2,,その他,Bigben Interactive,0,1,Xbox One
2018-09-12,ケムコ,レヴナントドグマ,2,,その他,ケムコ,0,1,Xbox One
2018-09-13,astragon Entertainment GmbH,Construction Simulator 2 US,2,,その他,astragon Entertainment GmbH,0,1,Xbox One
2018-09-13,エーディーケイ,痛快GANGAN行進曲,2,,その他,エーディーケイ,0,1,Xbox One
2018-09-14,Raw Fury,GoNNER,2,,その他,Raw Fury,0,1,Xbox One
2018-09-14,スクウェア・エニックス,シャドウ オブ ザ トゥームレイダー,2,,その他,スクウェア・エニックス,0,1,Xbox One
2018-09-14,バンダイナムコエンターテインメント,鉄拳7 デラックスエディション2018,2,,その他,バンダイナムコエンターテインメント,0,1,Xbox One
2018-09-20,codemasters,F1 2018,2,,その他,codemasters,0,1,Xbox One
2018-09-20,カプコン,カプコンベルトアクションコレクション,2,,その他,カプコン,0,1,Xbox One
2018-09-21,Artifex Mundi,My Brother Rabbit,2,,その他,Artifex Mundi,0,1,Xbox One
2018-09-21,"E-Home Entertainment Development Co.,Ltd",Wenjia,2,,その他,"E-Home Entertainment Development Co.,Ltd",0,1,Xbox One
2018-09-25,THQ Nordic,This is the Police 2,2,,その他,THQ Nordic,0,1,Xbox One
2018-09-26,Team Cherry,Hollow Knight: ヴォイドハート・エディション,2,,その他,Team Cherry,0,1,Xbox One
2018-09-27,SNK,ザ・キング・オブ・ファイターズ 2001,2,,その他,SNK,0,1,Xbox One
2018-09-28,エレクトロニック・アーツ,FIFA 19,2,YES,その他,エレクトロニック・アーツ,0,1,Xbox One
2018-09-28,エレクトロニック・アーツ,FIFA19,2,,その他,エレクトロニック・アーツ,0,1,Xbox One
2018-10-01,Team17 Digital Ltd.,Overcooked,2,,その他,Team17 Digital Ltd.,0,1,Xbox One
2018-10-02,エレクトロニック・アーツ,EA SPORTS UFC 3 Notorious Edition,2,,その他,エレクトロニック・アーツ,0,1,Xbox One
2018-10-02,日本マイクロソフト,Forza Horizon 4,2,YES,その他,日本マイクロソフト,0,1,Xbox One
2018-10-04,カプコン,ロックマン11 運命の歯車!!,2,,その他,カプコン,0,1,Xbox One
2018-10-05,2K,WWE 2K19 デラックスエディション,2,,その他,2K,0,1,Xbox One
2018-10-05,Ubisoft,アサシン クリード オデッセイ,2,,その他,Ubisoft,0,1,Xbox One
2018-10-09,2K,WWE 2K19,2,,その他,2K,0,1,Xbox One
2018-10-10,IMGN Pro,My Memory of Us,2,,その他,IMGN Pro,0,1,Xbox One
2018-10-10,ケムコ,クロノスアーク,2,,その他,ケムコ,0,1,Xbox One
2018-10-11,GbR Thomas Claus und Frank Menzel,Spencer,2,,その他,GbR Thomas Claus und Frank Menzel,0,1,Xbox One
2018-10-11,White Owls Inc. / アークシステムワークス,The MISSING - J.J.マクフィールドと追憶島 -,2,,その他,White Owls Inc. / アークシステムワークス,0,1,Xbox One
2018-10-11,SNK,ファイヤー・スープレックス,2,,その他,SNK,0,1,Xbox One
2018-10-12,アクティビジョン,Call of Duty: Black Ops 4,2,,その他,アクティビジョン,0,1,Xbox One
2018-10-12,ワーナー ブラザース ジャパン,シャドウ・オブ・ウォー ディフィニティブ・エディション,2,,その他,ワーナー ブラザース ジャパン,0,1,Xbox One
2018-10-16,2K,NBA 2K プレイグラウンド2,2,,その他,2K,0,1,Xbox One
2018-10-18,彩京,STRIKERS 1945 PLUS,2,,その他,彩京,0,1,Xbox One
2018-10-18,バンダイナムコエンターテインメント,ソウルキャリバーVI,2,,その他,バンダイナムコエンターテインメント,0,1,Xbox One
2018-10-23,日本マイクロソフト,Minecraft スターターコレクション・Minecraft マスターコレクション,2,YES,その他,日本マイクロソフト,0,1,Xbox One
2018-10-25,カプコン,ストリートファイター 30th アニバーサリーコレクション インターナショナル,2,,その他,カプコン,0,1,Xbox One
2018-10-25,エクスペリエンス,死印,2,YES,その他,エクスペリエンス,0,1,Xbox One
2018-10-25,SNK,風雲黙示録 〜格闘創世〜,2,,その他,SNK,0,1,Xbox One
2018-10-26,Rockstar Games,レッド・デッド・リデンプション2,2,,その他,Rockstar Games,0,1,Xbox One
2018-10-31,Unfinished Pixel,Super Volley Blast,2,,その他,Unfinished Pixel,0,1,Xbox One
2018-11-01,ラタライカゲームス,Shadow of Loot Box,2,,その他,ラタライカゲームス,0,1,Xbox One
2018-11-01,"H2 Interactive Co., Ltd. / PQube Ltd.",Super Pixel Racers,2,,その他,"H2 Interactive Co., Ltd. / PQube Ltd.",0,1,Xbox One
2018-11-01,Ubisoft,Transference™,2,,その他,Ubisoft,0,1,Xbox One
2018-11-09,バンダイナムコエンターテインメント,11-11 Memories Retold,2,,その他,バンダイナムコエンターテインメント,0,1,Xbox One
2018-11-12,ワーナーブラザースエンターテインメント,ヒットマン2 ゴールド・エディション,2,,その他,ワーナーブラザースエンターテインメント,0,1,Xbox One
2018-11-15,ベセスダ・ソフトワークス,Follout 76,2,,その他,ベセスダ・ソフトワークス,0,1,Xbox One
2018-11-15,ザウルス,ステークスウィナー2,2,,その他,ザウルス,0,1,Xbox One
2018-11-15,エレクトロニック・アーツ,バトルフィールド5 デラックスエディション,2,,その他,エレクトロニック・アーツ,0,1,Xbox One
2018-11-15,ワーナーブラザースエンターテインメント,ヒットマン2,2,,その他,ワーナーブラザースエンターテインメント,0,1,Xbox One
2018-11-20,Raiser Games,Youtubers Life - OMG Edition,2,,その他,Raiser Games,0,1,Xbox One
2018-11-20,エレクトロニック・アーツ,バトルフィールドV,2,YES,その他,エレクトロニック・アーツ,0,1,Xbox One
2018-11-22,SNK,キング・オブ・ザ・モンスターズ2,2,,その他,SNK,0,1,Xbox One
2018-11-26,Frontier Developments,ジュラシック・ワールド・エボリューション,2,,その他,Frontier Developments,0,1,Xbox One
2018-11-27,THQ Nordic,Darksiders III,2,,その他,THQ Nordic,0,1,Xbox One
2018-11-27,MERJ Media,Floor Kids,2,,その他,MERJ Media,0,1,Xbox One
2018-11-29,The Voxel Agents,The Gardens Between,2,,その他,The Voxel Agents,0,1,Xbox One
2018-11-29,SNK,ネオジオカップ'98 〜THE ROAD TO THE VICTORY〜,2,,その他,SNK,0,1,Xbox One
2018-11-30,David Wehle,The First Tree,2,,その他,David Wehle,0,1,Xbox One
2018-12-01,デジカ,ライバル・メガガン,2,,その他,デジカ,0,1,Xbox One
2018-12-04,Modus,Override: Mech City Brawl,2,,その他,Modus,0,1,Xbox One
2018-12-04,Unknown Worlds,Subnautica（サブノーティカ）,2,,その他,Unknown Worlds,0,1,Xbox One
2018-12-04,CD PROJEKT SA,奪われし玉座：ウィッチャーテイルズ,2,,その他,CD PROJEKT SA,0,1,Xbox One
2018-12-05,Sometimes You,Energy Cycle Edge,2,,その他,Sometimes You,0,1,Xbox One
2018-12-05,スクウェア・エニックス,Just Cause 4 ゴールドエディション,2,,その他,スクウェア・エニックス,0,1,Xbox One
2018-12-06,THQ Nordic,Jagged Alliance: Rage!,2,,その他,THQ Nordic,0,1,Xbox One
2018-12-06,スクウェア・エニックス,Just Cause 4,2,,その他,スクウェア・エニックス,0,1,Xbox One
2018-12-06,Sometimes You,The Mooseman,2,,その他,Sometimes You,0,1,Xbox One
2018-12-06,Causal Bit Games / Hound Picked Games,バトルプリンセス マデリーン,2,,その他,Causal Bit Games / Hound Picked Games,0,1,Xbox One
2018-12-07,tinyBuild,Hello Neighbor: Hide and Seek（ハローネイバー ハイドアンドシーク）,2,,その他,tinyBuild,0,1,Xbox One
2018-12-11,Sometimes You,Deep Ones,2,,その他,Sometimes You,0,1,Xbox One
2018-12-11,Raw Fury,Kingdom Two Crowns,2,,その他,Raw Fury,0,1,Xbox One
2018-12-11,Sometimes You,Metropolis: Lux Obscura,2,,その他,Sometimes You,0,1,Xbox One
2018-12-12,Akupara Games,Desert Child,2,,その他,Akupara Games,0,1,Xbox One
2018-12-13,SNKプレイモア,メタルスラッグ5,2,,その他,SNKプレイモア,0,1,Xbox One
2018-12-14,Sold Out Sales & Marketing,Big Crown: Showdown,2,,その他,Sold Out Sales & Marketing,0,1,Xbox One
2018-12-14,Artifex Mundi,King's Heir: Rise to the Throne,2,,その他,Artifex Mundi,0,1,Xbox One
2018-12-18,PQube Limited,Nippon Marathon,2,,その他,PQube Limited,0,1,Xbox One
2018-12-20,Dynamic Voltage Games,Final Star,2,,その他,Dynamic Voltage Games,0,1,Xbox One
2018-12-20,アークシステムワークス,くにおくん ザ・ワールド〜クラシックスコレクション〜,2,,その他,アークシステムワークス,0,1,Xbox One
2018-12-20,タイトー,パズルボブル,2,,その他,タイトー,0,1,Xbox One
2018-12-20,カプコン,鬼武者,2,,その他,カプコン,0,1,Xbox One
2018-12-21,ケムコ,アスディバインハーツII,2,,その他,ケムコ,0,1,Xbox One
2018-12-27,プレイモア,ザ・キング・オブ・ファイターズ2002,2,,その他,プレイモア,0,1,Xbox One
2019-01-04,Flippfly,Race The Sun,2,,その他,Flippfly,0,1,Xbox One
2019-01-10,Chainsawesome Games,Aftercharge,2,,その他,Chainsawesome Games,0,1,Xbox One
2019-01-10,ザウルス,神凰拳,2,,その他,ザウルス,0,1,Xbox One
2019-01-10,SNK,風雲スーパータッグバトル,2,,その他,SNK,0,1,Xbox One
2019-01-11,Graphite Lab,Hive Jump,2,,その他,Graphite Lab,0,1,Xbox One
2019-01-11,バンダイナムコエンターテインメント,テイルズ オブ ヴェスペリア REMASTER,2,,その他,バンダイナムコエンターテインメント,0,1,Xbox One
2019-01-12,ワーナーブラザースエンターテインメント,Hitman: Absolution HD,2,,その他,ワーナーブラザースエンターテインメント,0,1,Xbox One
2019-01-16,Sometimes You,Planet RIX-13,2,,その他,Sometimes You,0,1,Xbox One
2019-01-17,エーディーケイ,NINJA MASTER'S〜覇王忍法帖〜,2,,その他,エーディーケイ,0,1,Xbox One
2019-01-17,バンダイナムコエンターテインメント,エースコンバット7 スカイズ・アンノウン,2,YES,その他,バンダイナムコエンターテインメント,0,1,Xbox One
2019-01-17,バンダイナムコエンターテインメント,ソードアート・オンライン フェイタル・バレット COMPLETE EDITION,2,,その他,バンダイナムコエンターテインメント,0,1,Xbox One
2019-01-18,Milkstone Studios,Farm Together,2,,その他,Milkstone Studios,0,1,Xbox One
2019-01-18,Drinkbox Studios,Guacamelee! 2,2,,その他,Drinkbox Studios,0,1,Xbox One
2019-01-18,ケムコ,アルバスティア戦記,2,,その他,ケムコ,0,1,Xbox One
2019-01-23,ラタライカゲームス,Heroes Trials,2,,その他,ラタライカゲームス,0,1,Xbox One
2019-01-23,Magic Design Studios,Unruly Heroes,2,,その他,Magic Design Studios,0,1,Xbox One
2019-01-25,Anticto,Steamroll,2,,その他,Anticto,0,1,Xbox One
2019-01-25,スクウェア・エニックス,キングダム ハーツIII,2,,その他,スクウェア・エニックス,0,1,Xbox One
2019-01-25,カプコン,バイオハザード RE:2,2,,その他,カプコン,0,1,Xbox One
2019-01-25,カプコン,バイオハザード RE:2 Z Version,2,,その他,カプコン,0,1,Xbox One
2019-01-30,Daedalic Entertainment,Goodbye Deponia,2,,その他,Daedalic Entertainment,0,1,Xbox One
2019-01-31,Whitethorn Digital,Bombfest,2,,その他,Whitethorn Digital,0,1,Xbox One
2019-01-31,バンダイナムコエンターテインメント,ドラゴンボール ファイターズ デラックスエディション,2,,その他,バンダイナムコエンターテインメント,0,1,Xbox One
2019-01-31,エーディーケイ,ワールドヒーローズ パーフェクト,2,,その他,エーディーケイ,0,1,Xbox One
2019-02-01,GraphicDNA,World Enduro Rally,2,,その他,GraphicDNA,0,1,Xbox One
2019-02-04,Electronic Arts,エーペックスレジェンズ,2,,その他,Electronic Arts,0,1,Xbox One
2019-02-06,It's Anecdotal,39 Days to Mars,2,,その他,It's Anecdotal,0,1,Xbox One
2019-02-06,System Era Softworks,ASTRONEER,2,,その他,System Era Softworks,0,1,Xbox One
2019-02-06,ラタライカゲームス,Access Denied,2,,その他,ラタライカゲームス,0,1,Xbox One
2019-02-06,YFC games,Ages of Mages: the last keeper,2,,その他,YFC games,0,1,Xbox One
2019-02-07,Brain Seal Ltd,Dark Quest 2,2,,その他,Brain Seal Ltd,0,1,Xbox One
2019-02-07,タイトー,パズルボブル 2,2,,その他,タイトー,0,1,Xbox One
2019-02-08,ForwardXP,"Please, Don't Touch Anything",2,,その他,ForwardXP,0,1,Xbox One
2019-02-08,"E-Home Entertainment Development Co., LTD",World II: Hunting Boss,2,,その他,"E-Home Entertainment Development Co., LTD",0,1,Xbox One
2019-02-11,Iceberg Interactive,Conarium,2,,その他,Iceberg Interactive,0,1,Xbox One
2019-02-13,スクウェア・エニックス,FINAL FANTASY IX,2,,その他,スクウェア・エニックス,0,1,Xbox One
2019-02-14,Daedalic Entertainment,Deponia Doomsday,2,,その他,Daedalic Entertainment,0,1,Xbox One
2019-02-14,バンダイナムコエンターテインメント,JUMP FORCE,2,,その他,バンダイナムコエンターテインメント,0,1,Xbox One
2019-02-15,Ubisoft,ファークライ ニュードーン,2,,その他,Ubisoft,0,1,Xbox One
2019-02-15,スパイク・チュンソフト,メトロ エクソダス,2,YES,その他,スパイク・チュンソフト,0,1,Xbox One
2019-02-19,The Quantum Astrophysicists Guild,もう少し!：プラットフォーマー,2,,その他,The Quantum Astrophysicists Guild,0,1,Xbox One
2019-02-20,ラタライカゲームス,Daggerhood,2,,その他,ラタライカゲームス,0,1,Xbox One
2019-02-21,Artifex Mundi,Queen's Quest 2: Stories of Forgotten Past (Xbox One Version),2,,その他,Artifex Mundi,0,1,Xbox One
2019-02-21,SNK,ザ・キング・オブ・ファイターズ 2003,2,,その他,SNK,0,1,Xbox One
2019-02-21,カプコン,逆転裁判123 成歩堂セレクション,2,,その他,カプコン,0,1,Xbox One
2019-02-22,エレクトロニック・アーツ,Anthem,2,YES,その他,エレクトロニック・アーツ,0,1,Xbox One
2019-02-26,Ubisoft,トライアルズ ライジング,2,,その他,Ubisoft,0,1,Xbox One
2019-02-27,Merge Games Ltd,Yonder: The Cloud Catcher Chronicles,2,,その他,Merge Games Ltd,0,1,Xbox One
2019-02-27,コーラス・ワールドワイド合同会社,フォーゴットン・アン,2,,その他,コーラス・ワールドワイド合同会社,0,1,Xbox One
2019-02-28,SNK,得点王 炎のリベロ,2,,その他,SNK,0,1,Xbox One
2019-03-01,Sometimes You,Awesome Pea,2,,その他,Sometimes You,0,1,Xbox One
2019-03-01,Groovy Milk,Creepy Road,2,,その他,Groovy Milk,0,1,Xbox One
2019-03-01,BadLand Publishing,Mars: Chaos Menace,2,,その他,BadLand Publishing,0,1,Xbox One
2019-03-01,HumaNature Studios Inc,ToeJam & Earl: Back in the Groove!,2,,その他,HumaNature Studios Inc,0,1,Xbox One
2019-03-01,コーエーテクモゲームス,デッド オア アライブ6,2,,その他,コーエーテクモゲームス,0,1,Xbox One
2019-03-01,ケムコ,空のフォークロア,2,,その他,ケムコ,0,1,Xbox One
2019-03-04,Broken Rules,おじいちゃんの記憶を巡る旅,2,,その他,Broken Rules,0,1,Xbox One
2019-03-05,Wales Interactive,Attack of the Earthlings,2,,その他,Wales Interactive,0,1,Xbox One
2019-03-05,11 bit studios,Beat Cop,2,,その他,11 bit studios,0,1,Xbox One
2019-03-05,MLB,R.B.I. Baseball 19,2,,その他,MLB,0,1,Xbox One
2019-03-06,Merge Games,Crimson Keep,2,,その他,Merge Games,0,1,Xbox One
2019-03-06,ラタライカゲームス,I and Me,2,,その他,ラタライカゲームス,0,1,Xbox One
2019-03-08,KChamp Games,ShellShock Live,2,,その他,KChamp Games,0,1,Xbox One
2019-03-08,カプコン,デビルメイクライ5,2,YES,その他,カプコン,0,1,Xbox One
2019-03-12,Ubisoft,ディビジョン2 - ゴールドエディション,2,,その他,Ubisoft,0,1,Xbox One
2019-03-13,Rising Star Games,RICO,2,,その他,Rising Star Games,0,1,Xbox One
2019-03-15,Sometimes You,Blood Waves,2,,その他,Sometimes You,0,1,Xbox One
2019-03-15,ケムコ,セフィロティックストーリーズ,2,,その他,ケムコ,0,1,Xbox One
2019-03-15,Ubisoft,ディビジョン2,2,,その他,Ubisoft,0,1,Xbox One
2019-03-15,コーエーテクモゲームス,デッド オア アライブ6 Core Fighters,2,,その他,コーエーテクモゲームス,0,1,Xbox One
2019-03-20,PQube,Hell Warders,2,,その他,PQube,0,1,Xbox One
2019-03-21,SNK,ベースボールスターズ2,2,,その他,SNK,0,1,Xbox One
2019-03-22,Four Horses Ltd,Miles & Kilo,2,,その他,Four Horses Ltd,0,1,Xbox One
2019-03-22,フロム・ソフトウェア,SEKIRO: SHADOWS DIE TWICE,2,YES,その他,フロム・ソフトウェア,0,1,Xbox One
2019-03-22,Johnny Ostad,Vosaria: Lair of the Forgotten,2,,その他,Johnny Ostad,0,1,Xbox One
2019-03-23,Rising Star Games,RICO,2,,その他,Rising Star Games,0,1,Xbox One
2019-03-25,1C Online Games,Fell Seal: Arbiter's Mark,2,,その他,1C Online Games,0,1,Xbox One
2019-03-25,Focus Home Interactive,The Technomancer,2,,その他,Focus Home Interactive,0,1,Xbox One
2019-03-26,スクウェア・エニックス,FINAL FANTASY VII,2,,その他,スクウェア・エニックス,0,1,Xbox One
2019-03-26,1C Online Games Ltd.,Fell Seal: Arbiter's Mark（フェルシール：アービターズマーク）,2,,その他,1C Online Games Ltd.,0,1,Xbox One
2019-03-27,"E-Home Entertianment Development Co., LTD",AlienCruise,2,,その他,"E-Home Entertianment Development Co., LTD",0,1,Xbox One
2019-03-27,ラタライカゲームス,METAGAL,2,,その他,ラタライカゲームス,0,1,Xbox One
2019-03-27,Headup GmbH,Windscape,2,,その他,Headup GmbH,0,1,Xbox One
2019-03-29,Zen Studios,Operencia: The Stolen Sun,2,,その他,Zen Studios,0,1,Xbox One
2019-03-29,Ubisoft,アサシン クリード3 リマスター,2,,その他,Ubisoft,0,1,Xbox One
2019-04-02,"E-Home Entertainment Development Co., Ltd",AngerForce:Reloaded,2,,その他,"E-Home Entertainment Development Co., Ltd",0,1,Xbox One
2019-04-02,Mixtvision,FAR: Lone Sails,2,,その他,Mixtvision,0,1,Xbox One
2019-04-03,Magic Pixel Kft.,Zaccaria Pinball,2,,その他,Magic Pixel Kft.,0,1,Xbox One
2019-04-03,2K,ボーダーランズ ゲーム・オブ・ザ・イヤー エディション,2,,その他,2K,0,1,Xbox One
2019-04-04,Artifex Mundi,Modern Tales: Age of Invention,2,,その他,Artifex Mundi,0,1,Xbox One
2019-04-05,Kaneda Games,Smoots World Cup Tennis,2,,その他,Kaneda Games,0,1,Xbox One
2019-04-05,ケムコ,フラン ～Dragons' Odyssey～,2,,その他,ケムコ,0,1,Xbox One
2019-04-09,Three Fields Entertainment,Dangerous Driving,2,,その他,Three Fields Entertainment,0,1,Xbox One
2019-04-09,M2H,Marooners,2,,その他,M2H,0,1,Xbox One
2019-04-09,M2H & BlackMill Games,Verdun,2,,その他,M2H & BlackMill Games,0,1,Xbox One
2019-04-10,KrosafIT,Color Rings Pro,2,,その他,KrosafIT,0,1,Xbox One
2019-04-10,Vertigo Gaming Inc.,"Cook, Serve, Delicious! 2!!",2,,その他,Vertigo Gaming Inc.,0,1,Xbox One
2019-04-10,Abstraction Games B.V.,Shadowgate,2,,その他,Abstraction Games B.V.,0,1,Xbox One
2019-04-10,ラタライカゲームス,Super Weekend Mode,2,,その他,ラタライカゲームス,0,1,Xbox One
2019-04-10,Merge Games Ltd,Vaporum,2,,その他,Merge Games Ltd,0,1,Xbox One
2019-04-11,スクウェア・エニックス,FINAL FANTASY X/X-2 HD Remaster,2,,その他,スクウェア・エニックス,0,1,Xbox One
2019-04-11,"Earthborn Interactive, LLC",Flutter Bombs,2,,その他,"Earthborn Interactive, LLC",0,1,Xbox One
2019-04-12,Repixel8,Velocity G,2,,その他,Repixel8,0,1,Xbox One
2019-04-16,Ripstone,Snooker 19,2,,その他,Ripstone,0,1,Xbox One
2019-04-17,Codemasters,DiRT Rally 2.0,2,,その他,Codemasters,0,1,Xbox One
2019-04-17,ラタライカゲームス,Iron Snout,2,,その他,ラタライカゲームス,0,1,Xbox One
2019-04-17,ケムコ,レヴナントサーガ,2,,その他,ケムコ,0,1,Xbox One
2019-04-18,コナミデジタルエンタテインメント,アニバーサリーコレクション アーケードクラシックス,2,,その他,コナミデジタルエンタテインメント,0,1,Xbox One
2019-04-18,SNK,サムライスピリッツ零SPECIAL,2,,その他,SNK,0,1,Xbox One
2019-04-23,MarsLit Games Srl,Unknown Fate,2,,その他,MarsLit Games Srl,0,1,Xbox One
2019-04-24,Daedalic Entertainment GmbH,Deponia,2,,その他,Daedalic Entertainment GmbH,0,1,Xbox One
2019-04-24,ラタライカゲームス,Zeroptian Invasion,2,,その他,ラタライカゲームス,0,1,Xbox One
2019-04-25,スクウェア・エニックス,FINAL FANTASY XII THE ZODIAC AGE,2,,その他,スクウェア・エニックス,0,1,Xbox One
2019-04-25,Ubisoft,スターリンク バトル・フォー・アトラス,2,,その他,Ubisoft,0,1,Xbox One
2019-04-25,Epic Games Inc.,フォートナイト,2,,その他,Epic Games Inc.,0,1,Xbox One
2019-05-10,Curve Digital,For The King,2,,その他,Curve Digital,0,1,Xbox One
2019-05-10,BadLand Publishing,Lovecraft's Untold Stories,2,,その他,BadLand Publishing,0,1,Xbox One
2019-05-10,Digerati,Reverse Crawl,2,,その他,Digerati,0,1,Xbox One
2019-05-10,ONEVISION GAMES,こうき,2,,その他,ONEVISION GAMES,0,1,Xbox One
2019-05-10,Toydea Inc.,ドラゴンファングZ 竜者ロゼと宿り木の迷宮,2,,その他,Toydea Inc.,0,1,Xbox One
2019-05-14,Rebellion,Sniper Elite V2 Remastered,2,,その他,Rebellion,0,1,Xbox One
2019-05-15,Attu Games,Feudal Alloy,2,,その他,Attu Games,0,1,Xbox One
2019-05-16,コナミデジタルエンタテインメント,悪魔城ドラキュラ アニバーサリーコレクション,2,,その他,コナミデジタルエンタテインメント,0,1,Xbox One
2019-05-17,Crunching Koalas,Darkwood,2,,その他,Crunching Koalas,0,1,Xbox One
2019-05-17,Vidroid,Molecats,2,,その他,Vidroid,0,1,Xbox One
2019-05-21,Turbo Pelvis 3000,Fission Superstar X,2,,その他,Turbo Pelvis 3000,0,1,Xbox One
2019-05-22,ラタライカゲームス,Back in 1995,2,,その他,ラタライカゲームス,0,1,Xbox One
2019-05-22,ケムコ,マレニア国の冒険酒場 ～パティアと腹ペコの神～,2,,その他,ケムコ,0,1,Xbox One
2019-05-23,Curve Digital,American Fugitive,2,,その他,Curve Digital,0,1,Xbox One
2019-05-24,Red Meat Games,Bring To Light,2,,その他,Red Meat Games,0,1,Xbox One
2019-05-24,Digerati,Skelly Selest,2,,その他,Digerati,0,1,Xbox One
2019-05-24,Unfinished Pixel,Super Tennis Blast,2,,その他,Unfinished Pixel,0,1,Xbox One
2019-05-27,Big Ant Studios,Cricket 19,2,,その他,Big Ant Studios,0,1,Xbox One
2019-05-27,Gamedust,Neverout,2,,その他,Gamedust,0,1,Xbox One
2019-05-28,Cherry Pop Game,Snooker Nation Championship,2,,その他,Cherry Pop Game,0,1,Xbox One
2019-05-29,ラタライカゲームス,Warlock's Tower,2,,その他,ラタライカゲームス,0,1,Xbox One
2019-05-31,2tainment GmbH,HELLMUT: THE BADASS FROM HELL,2,,その他,2tainment GmbH,0,1,Xbox One
2019-06-05,ラタライカゲームス,Neon Junctions,2,,その他,ラタライカゲームス,0,1,Xbox One
2019-06-05,ケムコ,アスディバインディオス,2,,その他,ケムコ,0,1,Xbox One
2019-06-06,ベゼスダ・ソフトワークス,RAGE 2,2,YES,その他,ベゼスダ・ソフトワークス,0,1,Xbox One
2019-06-07,PLAYISM,LA-MULANA 2,2,,その他,PLAYISM,0,1,Xbox One
2019-06-07,Digerati,Omensight,2,,その他,Digerati,0,1,Xbox One
2019-06-07,Giant Margarita,Party Golf,2,,その他,Giant Margarita,0,1,Xbox One
2019-06-07,Digerati,Super Blood Hockey,2,,その他,Digerati,0,1,Xbox One
2019-06-09,Billy Goat Entertainment Ltd,絶叫！スーパーマーケット,2,,その他,Billy Goat Entertainment Ltd,0,1,Xbox One
2019-06-12,2BAD GAMES,2URVIVE,2,,その他,2BAD GAMES,0,1,Xbox One
2019-06-12,コーラス・ワールドワイド合同会社,バートラム・フィドルの冒険 エピソード2：惨々たる誤算,2,,その他,コーラス・ワールドワイド合同会社,0,1,Xbox One
2019-06-12,コナミデジタルエンタテインメント,魂斗羅 アニバーサリーコレクション,2,,その他,コナミデジタルエンタテインメント,0,1,Xbox One
2019-06-13,"JoyBits, Inc",Doodle God: Evolution,2,,その他,"JoyBits, Inc",0,1,Xbox One
2019-06-13,Artifex Mundi,Queen's Quest 3: The End of Dawn,2,,その他,Artifex Mundi,0,1,Xbox One
2019-06-14,MythicOwl,Hexologic,2,,その他,MythicOwl,0,1,Xbox One
2019-06-17,Microids,TOKI Juju Densetsu,2,,その他,Microids,0,1,Xbox One
2019-06-18,Toplitz Productions,Another Sight,2,,その他,Toplitz Productions,0,1,Xbox One
2019-06-19,ラタライカゲームス & GrabTheGames,Cybarian: The Time Traveling Warrior,2,,その他,ラタライカゲームス & GrabTheGames,0,1,Xbox One
2019-06-19,ケムコ,忘失のイストリア,2,,その他,ケムコ,0,1,Xbox One
2019-06-20,Digital Tentacle S.L.,Captain Cat,2,,その他,Digital Tentacle S.L.,0,1,Xbox One
2019-06-21,"Skeleton Crew Studio, Inc.",BackSlash,2,,その他,"Skeleton Crew Studio, Inc.",0,1,Xbox One
2019-06-21,アクティビジョン,クラッシュ・バンディクー レーシング - ブッとびニトロ！,2,,その他,アクティビジョン,0,1,Xbox One
2019-06-25,PlayWay SA,Car Mechanic Simulator,2,,その他,PlayWay SA,0,1,Xbox One
2019-06-25,Klabater,We. The Revolution,2,,その他,Klabater,0,1,Xbox One
2019-06-26,ラタライカゲームス,Attack of the Toy Tanks,2,,その他,ラタライカゲームス,0,1,Xbox One
2019-06-26,Dead Drop Studios LLC,Outbreak: Lost Hope,2,,その他,Dead Drop Studios LLC,0,1,Xbox One
2019-06-26,ShuddaHaddaLottaFun LLC,Shadow Fencer Theatre,2,,その他,ShuddaHaddaLottaFun LLC,0,1,Xbox One
2019-06-27,PLAYISM,LA-MULANA 2,2,,その他,PLAYISM,0,1,Xbox One
2019-06-27,SNK,SAMURAI SPIRITS,2,,その他,SNK,0,1,Xbox One
2019-06-28,Artifex Mundi,Irony Curtain: From Matryoshka with Love,2,,その他,Artifex Mundi,0,1,Xbox One
2019-06-28,Soma Games,The Lost Legends of Redwall : The Scout,2,,その他,Soma Games,0,1,Xbox One
2019-07-03,Sometimes You,OVIVO,2,,その他,Sometimes You,0,1,Xbox One
2019-07-03,ラタライカゲームス & GrabTheGames,Paradox Soul,2,,その他,ラタライカゲームス & GrabTheGames,0,1,Xbox One
2019-07-03,ケムコ,レファルシアの幻影,2,,その他,ケムコ,0,1,Xbox One
2019-07-04,"BonusXP, Inc",Stranger Things 3:ザ･ゲーム,2,,その他,"BonusXP, Inc",0,1,Xbox One
2019-07-05,Electronic Arts,Sea of Solitude,2,,その他,Electronic Arts,0,1,Xbox One
2019-07-05,BlitWorks,They Are Billions,2,,その他,BlitWorks,0,1,Xbox One
2019-07-10,ラタライカゲームス,Bouncy Bullets,2,,その他,ラタライカゲームス,0,1,Xbox One
2019-07-10,Hero Concept,Doughlings: Invasion,2,,その他,Hero Concept,0,1,Xbox One
2019-07-10,Sometimes You,Grass Cutter - Mutated Lawns,2,,その他,Sometimes You,0,1,Xbox One
2019-07-10,北京荔枝文化传媒有限责任公司,Paper Dolls Original,2,,その他,北京荔枝文化传媒有限责任公司,0,1,Xbox One
2019-07-11,PQube Ltd,Aggelos,2,,その他,PQube Ltd,0,1,Xbox One
2019-07-11,The Arcade Crew,Blazing Chrome,2,,その他,The Arcade Crew,0,1,Xbox One
2019-07-11,Victory Lap Games,ボンバーパーティー！トーナメント,2,,その他,Victory Lap Games,0,1,Xbox One
2019-07-12,Team Reptile,Lethal League Blaze,2,,その他,Team Reptile,0,1,Xbox One
2019-07-12,tinyBuild,Streets of Rogue,2,,その他,tinyBuild,0,1,Xbox One
2019-07-17,"E-Home Entertianment Development Co., LTD",Initial2: New Stage,2,,その他,"E-Home Entertianment Development Co., LTD",0,1,Xbox One
2019-07-17,ラタライカゲームス,Mochi Mochi Boy,2,,その他,ラタライカゲームス,0,1,Xbox One
2019-07-19,Walnut LLC,CASE: Animatronics,2,,その他,Walnut LLC,0,1,Xbox One
2019-07-19,Steel Arts Software,ウェルカム トゥ ハンウェル,2,,その他,Steel Arts Software,0,1,Xbox One
2019-07-24,ラタライカゲームス,Hoggy2,2,,その他,ラタライカゲームス,0,1,Xbox One
2019-07-25,JanduSoft,Furwind,2,,その他,JanduSoft,0,1,Xbox One
2019-07-25,WayForward,Mighty Switch Force! Collection,2,,その他,WayForward,0,1,Xbox One
2019-07-26,ベセスダ・ソフトワークス,DOOM (1993),2,,その他,ベセスダ・ソフトワークス,0,1,Xbox One
2019-07-26,ベセスダ・ソフトワークス,DOOM II (Classic),2,,その他,ベセスダ・ソフトワークス,0,1,Xbox One
2019-07-26,Shining Gate Software,Decay,2,,その他,Shining Gate Software,0,1,Xbox One
2019-07-30,Modus Games,Bear With Me: The Lost Robots,2,,その他,Modus Games,0,1,Xbox One
2019-07-30,Question,The Blackout Club,2,,その他,Question,0,1,Xbox One
2019-07-31,Z-Software GmbH,Pilot Sports,2,,その他,Z-Software GmbH,0,1,Xbox One
2019-07-31,Merge Games Ltd,Solo: Islands of the Heart,2,,その他,Merge Games Ltd,0,1,Xbox One
2019-07-31,ラタライカゲームス,Super Wiloo Demake,2,,その他,ラタライカゲームス,0,1,Xbox One
2019-07-31,Sometimes You,The Tower of Beatrice,2,,その他,Sometimes You,0,1,Xbox One
2019-08-01,Asmodee Digital,Pandemic: The Board Game,2,,その他,Asmodee Digital,0,1,Xbox One
2019-08-01,Fellow Traveller,The Church in the Darkness,2,,その他,Fellow Traveller,0,1,Xbox One
2019-08-02,エレクトロニック・アーツ,Madden NFL 20,2,,その他,エレクトロニック・アーツ,0,1,Xbox One
2019-08-02,ArtVostok,Meow Motors,2,,その他,ArtVostok,0,1,Xbox One
2019-08-02,EntwicklerX - GbR Thomas Claus und Frank Menzel,Super Star Blast,2,,その他,EntwicklerX - GbR Thomas Claus und Frank Menzel,0,1,Xbox One
2019-08-02,"JoyBits, Inc",Varenje: ベリーとは話さないで,2,,その他,"JoyBits, Inc",0,1,Xbox One
2019-08-02,ケムコ,アスディバインメナス,2,,その他,ケムコ,0,1,Xbox One
2019-08-06,Paradox Interactive,Age of Wonders: Planetfall,2,,その他,Paradox Interactive,0,1,Xbox One
2019-08-06,フロム・ソフトウェア,METAL WOLF CHAOS XD,2,,その他,フロム・ソフトウェア,0,1,Xbox One
2019-08-07,Screwtape Studios Pty Ltd,Damsel,2,,その他,Screwtape Studios Pty Ltd,0,1,Xbox One
2019-08-07,miniBeast Game Studios,Must Dash Amigos,2,,その他,miniBeast Game Studios,0,1,Xbox One
2019-08-07,ラタライカゲームス,Sagebrush,2,,その他,ラタライカゲームス,0,1,Xbox One
2019-08-07,Stingbot Games,The Forbidden Arts,2,,その他,Stingbot Games,0,1,Xbox One
2019-08-07,TENBIRDS,アニマス - アイア 番外編,2,,その他,TENBIRDS,0,1,Xbox One
2019-08-08,From Nothing Game Studios,"Tactics V: ""Obsidian Brigade""",2,,その他,From Nothing Game Studios,0,1,Xbox One
2019-08-08,ベセスダ・ソフトワークス,Wolfenstein: YOUNGBLOOD,2,,その他,ベセスダ・ソフトワークス,0,1,Xbox One
2019-08-13,Traxmaster Software,Exception,2,,その他,Traxmaster Software,0,1,Xbox One
2019-08-13,The Irregular Corporation,PC Building Simulator,2,,その他,The Irregular Corporation,0,1,Xbox One
2019-08-13,"inXile entertainment, Inc.",The Bard's Tale Trilogy,2,,その他,"inXile entertainment, Inc.",0,1,Xbox One
2019-08-14,Daedalic Entertainment GmbH,Edna & Harvey: Harvey's New Eyes,2,,その他,Daedalic Entertainment GmbH,0,1,Xbox One
2019-08-14,ラタライカゲームス,Gravity Duck,2,,その他,ラタライカゲームス,0,1,Xbox One
2019-08-14,Humble Games,Slay The Spire,2,,その他,Humble Games,0,1,Xbox One
2019-08-15,アクティビジョン,クラッシュ・バンディクーレーシング ブッとびニトロ!,2,,その他,アクティビジョン,0,1,Xbox One
2019-08-16,DUAIK,Aritana and the Twin Masks,2,,その他,DUAIK,0,1,Xbox One
2019-08-20,Perfect World Entertainment Inc.,Remnant: From the Ashes,2,,その他,Perfect World Entertainment Inc.,0,1,Xbox One
2019-08-21,Foldergeist Studios,Gift of Parthax,2,,その他,Foldergeist Studios,0,1,Xbox One
2019-08-21,ラタライカゲームス,Mekabolt,2,,その他,ラタライカゲームス,0,1,Xbox One
2019-08-21,JanduSoft,Smoots Summer Games,2,,その他,JanduSoft,0,1,Xbox One
2019-08-21,Manufacture 43,パワルミ,2,,その他,Manufacture 43,0,1,Xbox One
2019-08-22,Artifex Mundi,Path of Sin: Greed,2,,その他,Artifex Mundi,0,1,Xbox One
2019-08-23,Ivent Games,Strength of the Sword: ULTIMATE,2,,その他,Ivent Games,0,1,Xbox One
2019-08-27,Wales Interactive,Headspun,2,,その他,Wales Interactive,0,1,Xbox One
2019-08-27,Dynamic Voltage Games,Pirates of First Star,2,,その他,Dynamic Voltage Games,0,1,Xbox One
2019-08-27,"inXile entertainment, inc.",The Bard's Tale IV: Director's Cut,2,,その他,"inXile entertainment, inc.",0,1,Xbox One
2019-08-27,フライハイワークス,スバラシティ,2,,その他,フライハイワークス,0,1,Xbox One
2019-08-27,コーラス・ワールドワイド合同会社,ヴァンブレイス：コールドソウル,2,,その他,コーラス・ワールドワイド合同会社,0,1,Xbox One
2019-08-27,フライハイワークス,神巫女,2,,その他,フライハイワークス,0,1,Xbox One
2019-08-28,Tree Interactive,Hookbots,2,,その他,Tree Interactive,0,1,Xbox One
2019-08-29,Yak & Co,Agent A - 偽装のパズル,2,,その他,Yak & Co,0,1,Xbox One
2019-08-29,ラタライカゲームス,Legend of the Skyfish,2,,その他,ラタライカゲームス,0,1,Xbox One
2019-08-29,BANDAI NAMCO Entertainment Europe,The Dark Pictures: Man Of Medan,2,,その他,BANDAI NAMCO Entertainment Europe,0,1,Xbox One
2019-08-30,Bloober Team NA,Blair Witch,2,,その他,Bloober Team NA,0,1,Xbox One
2019-08-30,Rising Star Games,Decay of Logos,2,,その他,Rising Star Games,0,1,Xbox One
2019-08-30,Whitethorn Digital,Newt One,2,,その他,Whitethorn Digital,0,1,Xbox One
2019-08-30,Gearbox Publishing,Risk of Rain 2,2,,その他,Gearbox Publishing,0,1,Xbox One
2019-09-03,スクウェア・エニックス,FINAL FANTASY VIII Remastered,2,,その他,スクウェア・エニックス,0,1,Xbox One
2019-09-03,Perfect World Entertainment Inc.,Torchlight II,2,,その他,Perfect World Entertainment Inc.,0,1,Xbox One
2019-09-04,overgame studio,Gaijin Charenji 1 : Kiss or Kill,2,,その他,overgame studio,0,1,Xbox One
2019-09-04,ラタライカゲームス,Himno,2,,その他,ラタライカゲームス,0,1,Xbox One
2019-09-04,Kiss Publishing Ltd,Post War Dreams,2,,その他,Kiss Publishing Ltd,0,1,Xbox One
2019-09-04,ケムコ,モノクロームオーダー ―アイゼデシルの裁定者―,2,,その他,ケムコ,0,1,Xbox One
2019-09-05,UBIソフト,Brawlhalla,2,,その他,UBIソフト,0,1,Xbox One
2019-09-05,WayForward,River City Girls,2,,その他,WayForward,0,1,Xbox One
2019-09-05,Bigben Interactive,WRC 8 FIA World Rally Championship,2,,その他,Bigben Interactive,0,1,Xbox One
2019-09-05,アークシステムワークス,熱血硬派くにおくん外伝 リバーシティガールズ,2,,その他,アークシステムワークス,0,1,Xbox One
2019-09-06,Flight School Studio,Creature in the Well,2,,その他,Flight School Studio,0,1,Xbox One
2019-09-06,2K,NBA 2K20,2,,その他,2K,0,1,Xbox One
2019-09-06,Restless Corp,Restless Hero,2,,その他,Restless Corp,0,1,Xbox One
2019-09-10,日本マイクロソフト,Gears 5,2,YES,その他,日本マイクロソフト,0,1,Xbox One
2019-09-10,Skybound Games,The Walking Dead: The Telltale Definitive Series,2,,その他,Skybound Games,0,1,Xbox One
2019-09-11,ラタライカゲームス,DISTRAINT: Deluxe Edition,2,,その他,ラタライカゲームス,0,1,Xbox One
2019-09-12,704Games Company,NASCAR Heat 4,2,,その他,704Games Company,0,1,Xbox One
2019-09-13,"chance6 Studios, INC",COLINA: Legacy,2,,その他,"chance6 Studios, INC",0,1,Xbox One
2019-09-13,JanduSoft,Ellen - The Game,2,,その他,JanduSoft,0,1,Xbox One
2019-09-13,neko.works,Light Fairytale Episode 1,2,,その他,neko.works,0,1,Xbox One
2019-09-13,2K,ボーダーランズ3,2,,その他,2K,0,1,Xbox One
2019-09-16,Total Mayhem Games,We Were Here,2,,その他,Total Mayhem Games,0,1,Xbox One
2019-09-17,astragon Entertainment,Bus Simulator,2,,その他,astragon Entertainment,0,1,Xbox One
2019-09-18,Codemasters,F1 2019,2,,その他,Codemasters,0,1,Xbox One
2019-09-18,Graffiti Games,Mable & The Wood,2,,その他,Graffiti Games,0,1,Xbox One
2019-09-18,ラタライカゲームス,Scheming Through The Zombie Apocalypse: The Beginning,2,,その他,ラタライカゲームス,0,1,Xbox One
2019-09-18,Flashbulb Games,Trailmakers,2,,その他,Flashbulb Games,0,1,Xbox One
2019-09-19,Finji,Overland by Finji,2,,その他,Finji,0,1,Xbox One
2019-09-19,Hexterion,Rebound Dodgeball Evolved,2,,その他,Hexterion,0,1,Xbox One
2019-09-19,SOEDESCO Publishing,Truck Driver,2,,その他,SOEDESCO Publishing,0,1,Xbox One
2019-09-20,Ellada Games,Niffelheim,2,,その他,Ellada Games,0,1,Xbox One
2019-09-20,Iceberg Interactive,The Sojourn,2,,その他,Iceberg Interactive,0,1,Xbox One
2019-09-24,Focus Home Interactive,The Surge 2,2,,その他,Focus Home Interactive,0,1,Xbox One
2019-09-25,"Castle Pixel, LLC.",Rex Rocket,2,,その他,"Castle Pixel, LLC.",0,1,Xbox One
2019-09-25,Polaris-x,サリーの法則,2,,その他,Polaris-x,0,1,Xbox One
2019-09-26,バンダイナムコエンターテインメント,CODE VEIN,2,,その他,バンダイナムコエンターテインメント,0,1,Xbox One
2019-09-26,コナミデジタルエンタテインメント,魂斗羅 ローグ コープス,2,,その他,コナミデジタルエンタテインメント,0,1,Xbox One
2019-09-27,エレクトロニック・アーツ,EA SPORTS FIFA 20,2,,その他,エレクトロニック・アーツ,0,1,Xbox One
2019-09-27,BlitWorks,Fight'N Rage（ファイト＆レイジ）,2,,その他,BlitWorks,0,1,Xbox One
2019-10-02,Akupara Games,Etherborn,2,,その他,Akupara Games,0,1,Xbox One
2019-10-02,ラタライカゲームス,One Night Stand:Console Edition,2,,その他,ラタライカゲームス,0,1,Xbox One
2019-10-02,Total Mayhem Games,We Were Here Too,2,,その他,Total Mayhem Games,0,1,Xbox One
2019-10-02,ケムコ,アスディバインカムラ,2,,その他,ケムコ,0,1,Xbox One
2019-10-03,Another Indie Studio,LEGRAND LEGACY:Tale of the Fatebounds,2,,その他,Another Indie Studio,0,1,Xbox One
2019-10-04,Mad Dog Games,Ghostbusters: The Video Game Remastered,2,,その他,Mad Dog Games,0,1,Xbox One
2019-10-04,UBIソフト,ゴーストリコン ブレイクポイント,2,,その他,UBIソフト,0,1,Xbox One
2019-10-05,PQube PQube Limited,Aeterno Blade Ⅱ,2,,その他,PQube PQube Limited,0,1,Xbox One
2019-10-07,Modus Games,Trine 4: The Nightmare Prince,2,,その他,Modus Games,0,1,Xbox One
2019-10-07,Modus Games,Trine:Ultimate Collection,2,,その他,Modus Games,0,1,Xbox One
2019-10-08,Sometimes You,A Winter’s Daydream,2,,その他,Sometimes You,0,1,Xbox One
2019-10-09,Hitcents,Draw a Stickman: EPIC 2,2,,その他,Hitcents,0,1,Xbox One
2019-10-09,Sometimes You,STELLATUM,2,,その他,Sometimes You,0,1,Xbox One
2019-10-09,Gogii Games,Virtual Villagers Origins 2,2,,その他,Gogii Games,0,1,Xbox One
2019-10-11,SVC Games,Debris Infinity,2,,その他,SVC Games,0,1,Xbox One
2019-10-15,Beamdog,Baldur's Gate and Baldur's Gate II: Enhanced Editions,2,,その他,Beamdog,0,1,Xbox One
2019-10-16,Daedalic Entertainment,Felix The Reaper,2,,その他,Daedalic Entertainment,0,1,Xbox One
2019-10-17,SkyBox Labs Inc.,Stela,2,,その他,SkyBox Labs Inc.,0,1,Xbox One
2019-10-17,Merge Games,Stranded Sails - Explorers of the Cursed Islands,2,,その他,Merge Games,0,1,Xbox One
2019-10-18,エレクトロニック・アーツ,Plants vs. Zombies：ネイバービルの戦い,2,,その他,エレクトロニック・アーツ,0,1,Xbox One
2019-10-18,3909,Return of the Obra Dinn,2,,その他,3909,0,1,Xbox One
2019-10-18,Outright Games Ltd,アイス・エイジ スクラットのナッティ・アドベンチャー！,2,,その他,Outright Games Ltd,0,1,Xbox One
2019-10-21,2K,WWE 2K20,2,,その他,2K,0,1,Xbox One
2019-10-22,FarSight Studios,PBA Pro Bowling,2,,その他,FarSight Studios,0,1,Xbox One
2019-10-23,tinyBuild,Secret Neighbor,2,,その他,tinyBuild,0,1,Xbox One
2019-10-24,PQube Limited,Cat Quest Ⅱ,2,,その他,PQube Limited,0,1,Xbox One
2019-10-24,tinyBuild,Secret Neighbor（シークレットネイバー）,2,,その他,tinyBuild,0,1,Xbox One
2019-10-25,Xitilon,Pixel Gladiator,2,,その他,Xitilon,0,1,Xbox One
2019-10-25,Private Division,The Outer Worlds,2,,その他,Private Division,0,1,Xbox One
2019-10-25,アクティビジョン,コール オブ デューティ モダン・ウォーフェア,2,,その他,アクティビジョン,0,1,Xbox One
2019-10-28,Wired Productions,Close to the Sun,2,,その他,Wired Productions,0,1,Xbox One
2019-10-28,Sold Out Sales & Marketing,Immortal: Unchained Ultimate Edition,2,,その他,Sold Out Sales & Marketing,0,1,Xbox One
2019-10-29,Rising Star Games Ltd,GIGA WRECKER ALT.,2,,その他,Rising Star Games Ltd,0,1,Xbox One
2019-10-30,ラタライカゲームス,Delta Squad,2,,その他,ラタライカゲームス,0,1,Xbox One
2019-10-30,Bitmap Bureau Ltd.,Xeno Crisis,2,,その他,Bitmap Bureau Ltd.,0,1,Xbox One
2019-11-01,Outright Games,Ryanとレーシング,2,,その他,Outright Games,0,1,Xbox One
2019-11-01,Excalibur Gmaes,jalopy,2,,その他,Excalibur Gmaes,0,1,Xbox One
2019-11-06,アークシステムワークス,熱血硬派くにおくん外伝 イカすぜ！小林さん,2,,その他,アークシステムワークス,0,1,Xbox One
2019-11-07,エレクトロニック・アーツ,Need for Speed Heat,2,,その他,エレクトロニック・アーツ,0,1,Xbox One
2019-11-08,Outright Games Ltd,JUMANJI: THE VIDEO GAME,2,,その他,Outright Games Ltd,0,1,Xbox One
2019-11-10,スクウェア・エニックス,ロマンシング サガ３,2,,その他,スクウェア・エニックス,0,1,Xbox One
2019-11-12,Versus Evil,Yaga,2,,その他,Versus Evil,0,1,Xbox One
2019-11-13,Wired Productions,Fractured Minds,2,,その他,Wired Productions,0,1,Xbox One
2019-11-13,コーラス・ワールドワイド合同会社,婆裟羅コレクション,2,,その他,コーラス・ワールドワイド合同会社,0,1,Xbox One
2019-11-14,Artifex Mundi,Scarlett Mysteries:Cursed Child,2,,その他,Artifex Mundi,0,1,Xbox One
2019-11-14,Merge Games Ltd,Sparklite,2,,その他,Merge Games Ltd,0,1,Xbox One
2019-11-14,Pablo Vidaurre Sanz,Tokyo Warfare Turbo,2,,その他,Pablo Vidaurre Sanz,0,1,Xbox One
2019-11-14,Excalibur Games,Tracks - The Train Set Game,2,,その他,Excalibur Games,0,1,Xbox One
2019-11-15,Big Sugar,Valfaris,2,,その他,Big Sugar,0,1,Xbox One
2019-11-15,エレクトロニック・アーツ,スター・ウォーズ ジェダイ:フォールン・オーダー,2,,その他,エレクトロニック・アーツ,0,1,Xbox One
2019-11-21,CI Games,Sniper Ghost Warrior Constracts,2,,その他,CI Games,0,1,Xbox One
2019-11-21,2K,シドマイヤーズ シヴィライゼーション Ⅵ,2,,その他,2K,0,1,Xbox One
2019-11-22,Moonray Studios Inc.,Debris:Xbox One Edition,2,,その他,Moonray Studios Inc.,0,1,Xbox One
2019-11-22,ESTACION PI Y DISEÑO,GREEN The Life Algotihtm,2,,その他,ESTACION PI Y DISEÑO,0,1,Xbox One
2019-11-22,Mooneye Studios,Lost Ember,2,,その他,Mooneye Studios,0,1,Xbox One
2019-11-22,Top Rated,Stretch Arcade,2,,その他,Top Rated,0,1,Xbox One
2019-11-25,Wargaming.net,World of Warships: Legends,2,,その他,Wargaming.net,0,1,Xbox One
2019-11-27,klabater,Golazo!,2,,その他,klabater,0,1,Xbox One
2019-11-27,Brain Seal Ltd,Story of a Gradiator,2,,その他,Brain Seal Ltd,0,1,Xbox One
2019-11-27,コーラス・ワールドワイド合同会社,スーパードッチボールビーツ,2,,その他,コーラス・ワールドワイド合同会社,0,1,Xbox One
2019-11-27,ラタライカゲームス,フォクシーランド,2,,その他,ラタライカゲームス,0,1,Xbox One
2019-11-28,THQ Nordic,Darksiders Genesis,2,,その他,THQ Nordic,0,1,Xbox One
2019-11-28,Bluehole Studio Inc,TERA,2,,その他,Bluehole Studio Inc,0,1,Xbox One
2019-11-29,Clickteam USA LLC,Five Nights at Freddy's,2,,その他,Clickteam USA LLC,0,1,Xbox One
2019-11-29,Clickteam USA LLC,Five Nights at Freddy's 2,2,,その他,Clickteam USA LLC,0,1,Xbox One
2019-11-29,Clickteam USA LLC,Five Nights at Freddy's 3,2,,その他,Clickteam USA LLC,0,1,Xbox One
2019-11-29,Clickteam USA LLC,Five Nights at Freddy's 4,2,,その他,Clickteam USA LLC,0,1,Xbox One
2019-12-03,Techland Publishing,Arise: A simple story,2,,その他,Techland Publishing,0,1,Xbox One
2019-12-03,Wales Interactive,SIMULACRA,2,,その他,Wales Interactive,0,1,Xbox One
2019-12-03,Squanch Games,Trover Saves the Universe,2,,その他,Squanch Games,0,1,Xbox One
2019-12-04,ケムコ,シークハーツ,2,,その他,ケムコ,0,1,Xbox One
2019-12-05,Private Division,Ancestors:The Humankind Odyssey,2,,その他,Private Division,0,1,Xbox One
2019-12-05,Develver Digital,My Friend Pedro,2,,その他,Develver Digital,0,1,Xbox One
2019-12-06,FLARB LLC,DEMON'S TILT,2,,その他,FLARB LLC,0,1,Xbox One
2019-12-09,Wired Productions,AVICII Invector,2,,その他,Wired Productions,0,1,Xbox One
2019-12-10,Epic Games Inc.,Dauntless,2,,その他,Epic Games Inc.,0,1,Xbox One
2019-12-10,Sometimes You,Rift Keeper,2,,その他,Sometimes You,0,1,Xbox One
2019-12-11,コーラス・ワールドワイド合同会社,MEGAQUARIUM,2,,その他,コーラス・ワールドワイド合同会社,0,1,Xbox One
2019-12-11,Applimazing,Ultimate Racing 2D,2,,その他,Applimazing,0,1,Xbox One
2019-12-12,tinybuild,Graveyard Keeper Collecter's Edition,2,,その他,tinybuild,0,1,Xbox One
2019-12-12,tinybuild,Pathologic 2,2,,その他,tinybuild,0,1,Xbox One
2019-12-12,コーラス・ワールドワイド,ヘッドライナー: ノヴィニュース,2,,その他,コーラス・ワールドワイド,0,1,Xbox One
2019-12-13,astragon Entertainment GmbH,Fishing:Barents Sea Comlete Editon,2,,その他,astragon Entertainment GmbH,0,1,Xbox One
2019-12-16,Panic Inc,Untitled Goose Game 〜いたずらガチョウがやって来た！〜,2,,その他,Panic Inc,0,1,Xbox One
2019-12-17,エレクトロニック・アーツ,The Sims 4 Discover University,2,,その他,エレクトロニック・アーツ,0,1,Xbox One
2019-12-18,Eastasiasoft Limited,Iro Hero,2,,その他,Eastasiasoft Limited,0,1,Xbox One
2019-12-19,インティ・クリエイツ,白き鋼鉄のX THE OUT OF GUNVOLT,2,,その他,インティ・クリエイツ,0,1,Xbox One
2019-12-20,EpiXR Games,Aery - 小鳥の冒険,2,,その他,EpiXR Games,0,1,Xbox One
2019-12-24,Digerati,Odallus:The Dark Call,2,,その他,Digerati,0,1,Xbox One
2019-12-24,Digerati,Oniken: Unstoppable Edition,2,,その他,Digerati,0,1,Xbox One
2019-12-24,Diferati,Tamashii,2,,その他,Diferati,0,1,Xbox One
2019-12-25,キュート,ナツキクロニクル,2,,その他,キュート,0,1,Xbox One
2019-12-27,JForce Games,Murder Miners,2,,その他,JForce Games,0,1,Xbox One
2019-12-27,E-Home Entertainment Co.LTD,The Clocker,2,,その他,E-Home Entertainment Co.LTD,0,1,Xbox One
2020-01-08,ケムコ,ドラゴンシンカー,2,,その他,ケムコ,0,1,Xbox One
2020-01-13,PLAYISM,Orangeblood,2,,その他,PLAYISM,0,1,Xbox One
2020-01-14,Scavengers Studio,Darwin Project,2,,その他,Scavengers Studio,0,1,Xbox One
2020-01-15,ラタライカゲームス,Red Bow（赤いリボン ～奇妙な夢～）,2,,その他,ラタライカゲームス,0,1,Xbox One
2020-01-15,Focus Home Interactive,The Surge 2 - Premium Edition,2,,その他,Focus Home Interactive,0,1,Xbox One
2020-01-16,Frogwares,Sherlock Holmes: Crimes and Punishments Redux（シャーロック・ホームズ：罪と罰 ）,2,,その他,Frogwares,0,1,Xbox One
2020-01-16,バンダイナムコエンターテインメント,ドラゴンボールZ カカロット,2,,その他,バンダイナムコエンターテインメント,0,1,Xbox One
2020-01-18,Snow Day Software,Hovership Havoc,2,,その他,Snow Day Software,0,1,Xbox One
2020-01-21,Hitcents.com,Draw a Stickman: EPIC 1 & 2 Collector's Pack,2,,その他,Hitcents.com,0,1,Xbox One
2020-01-22,11Sheep,オフィスクエスト - The Office Quest,2,,その他,11Sheep,0,1,Xbox One
2020-01-22,ラタライカゲームス,フォクシーランド2,2,,その他,ラタライカゲームス,0,1,Xbox One
2020-01-23,Raw Fury,The Mosaic,2,,その他,Raw Fury,0,1,Xbox One
2020-01-24,JanduSoft,DreamBall,2,,その他,JanduSoft,0,1,Xbox One
2020-01-27,Convict Games,STONE (ストーン),2,,その他,Convict Games,0,1,Xbox One
2020-01-27,Wired Productions,Wired Italian Adventure Bundle,2,,その他,Wired Productions,0,1,Xbox One
2020-01-28,All In! Games,It came from space and ate our brains,2,,その他,All In! Games,0,1,Xbox One
2020-01-28,505 Games,Journey to the Savage Planet,2,,その他,505 Games,0,1,Xbox One
2020-01-29,ラタライカゲームス,Milo's Quest: Console Edition,2,,その他,ラタライカゲームス,0,1,Xbox One
2020-01-30,アークシステムワークス,CODE SHIFTER,2,,その他,アークシステムワークス,0,1,Xbox One
2020-01-30,GLICH,HyperDot,2,,その他,GLICH,0,1,Xbox One
2020-01-30,コーラス・ワールドワイド,コーヒートーク,2,,その他,コーラス・ワールドワイド,0,1,Xbox One
2020-01-31,Fantastico Studio,Top Run,2,,その他,Fantastico Studio,0,1,Xbox One
2020-01-31,Fractal Phase,スカイローグ,2,,その他,Fractal Phase,0,1,Xbox One
2020-02-04,Rebellion,Zombie Army 4:Dead War,2,,その他,Rebellion,0,1,Xbox One
2020-02-04,エレクトロニックアーツ,エーペックスレジェンズ,2,,その他,エレクトロニックアーツ,0,1,Xbox One
2020-02-04,En Masse Entertainment,ダーククリスタル: エイジ・オブ・レジスタンス タクティクス,2,,その他,En Masse Entertainment,0,1,Xbox One
2020-02-05,ケムコ,魔想のウィアートル,2,,その他,ケムコ,0,1,Xbox One
2020-02-12,バンダイナムコエンターテインメント,ドラゴンボールZ KAKAROT,2,,その他,バンダイナムコエンターテインメント,0,1,Xbox One
2020-02-13,Artifex Mundi,Fantasy Worlds Bundle,2,,その他,Artifex Mundi,0,1,Xbox One
2020-02-14,Ellada Games,Spaceland,2,,その他,Ellada Games,0,1,Xbox One
2020-02-17,不明,キングダム ハーツ HD 1.5+2.5 リミックス,2,,その他,不明,0,1,Xbox One
2020-02-17,スクウェア・エニックス,キングダム ハーツ HD 2.8 ファイナル チャプター プロローグ,2,,その他,スクウェア・エニックス,0,1,Xbox One
2020-02-18,THQ Nordic,DCL - The Game,2,,その他,THQ Nordic,0,1,Xbox One
2020-02-19,E-Home Entertainment,AngerForce and AlienCruise Arcade Shooting Bundle,2,,その他,E-Home Entertainment,0,1,Xbox One
2020-02-19,ラタライカゲームス,Knightin'+,2,,その他,ラタライカゲームス,0,1,Xbox One
2020-02-20,Artifex Mundi,Uncharted Tides: Port Royal,2,,その他,Artifex Mundi,0,1,Xbox One
2020-02-21,Red Thread Games,Draugen,2,,その他,Red Thread Games,0,1,Xbox One
2020-02-25,Zordix Publishing,Hayfever,2,,その他,Zordix Publishing,0,1,Xbox One
2020-02-26,ラタライカゲームス,Ganbare! Super Strikers,2,,その他,ラタライカゲームス,0,1,Xbox One
2020-02-26,Frozen District,House Flipper,2,,その他,Frozen District,0,1,Xbox One
2020-02-26,SEGA,Yakuza 0,2,,その他,SEGA,0,1,Xbox One
2020-02-27,バンダイナムコエンターテインメント,ONE PUNCH MAN A HERO NOBODY KNOWS,2,,その他,バンダイナムコエンターテインメント,0,1,Xbox One
2020-02-27,Bigben Interlactive,OVERPASS,2,,その他,Bigben Interlactive,0,1,Xbox One
2020-02-27,カプコン,ロックマン ゼロ＆ゼクス ダブルヒーローコレクション,2,,その他,カプコン,0,1,Xbox One
2020-02-28,Sometimes You,Bucket Knight,2,,その他,Sometimes You,0,1,Xbox One
2020-02-28,JanduSoft,Spartan Fist,2,,その他,JanduSoft,0,1,Xbox One
2020-03-04,Pearl Abyss,Black Desert（黒い砂漠）,2,,その他,Pearl Abyss,0,1,Xbox One
2020-03-11,アクティビジョン,コールオブデューティ ウォーゾーン,2,,その他,アクティビジョン,0,1,Xbox One
2020-03-12,CRAZY MONKEY STUDIOS,Hidden Through Time,2,,その他,CRAZY MONKEY STUDIOS,0,1,Xbox One
2020-03-12,Devolver Digital,Pikuniku,2,,その他,Devolver Digital,0,1,Xbox One
2020-03-12,ビッグベン・インタラクティブ,Warhammer Pack: Hack and Slash,2,,その他,ビッグベン・インタラクティブ,0,1,Xbox One
2020-03-12,バンダイナムコエンターテインメント,僕のヒーローアカデミア One's Justice2,2,,その他,バンダイナムコエンターテインメント,0,1,Xbox One
2020-03-13,The Quantum Astrophysicists Guild,Roundguard,2,,その他,The Quantum Astrophysicists Guild,0,1,Xbox One
2020-03-18,Eastasiasoft Limited,Red Death,2,,その他,Eastasiasoft Limited,0,1,Xbox One
2020-03-19,Bigben Interactive,TT Isle of Man Ride on the Edge 2,2,,その他,Bigben Interactive,0,1,Xbox One
2020-03-19,Artifex Mundi,The Secret Order: Shadow Breach,2,,その他,Artifex Mundi,0,1,Xbox One
2020-03-23,Blowfish Studios,Element Space,2,,その他,Blowfish Studios,0,1,Xbox One
2020-03-23,Merge Games,Explorer Bundle,2,,その他,Merge Games,0,1,Xbox One
2020-03-23,"Wide Right Interactive, llc",Freedom Finger,2,,その他,"Wide Right Interactive, llc",0,1,Xbox One
2020-03-24,Xbox Game Studios,Bleeding Edge,2,,その他,Xbox Game Studios,0,1,Xbox One
2020-03-24,コナミデジタルエンタテインメント,遊☆戯☆王デュエルモンスターズ レガシー・オブ・ザ・デュエリスト:リンク・エボリューション,2,,その他,コナミデジタルエンタテインメント,0,1,Xbox One
2020-03-25,ベセスダ・ソフトワークス,DOOM 64,2,,その他,ベセスダ・ソフトワークス,0,1,Xbox One
2020-03-26,ベセスダ・ソフトワークス,Doom Eternal,2,,その他,ベセスダ・ソフトワークス,0,1,Xbox One
2020-03-26,レイニーフロッグ,MEKORAMA,2,,その他,レイニーフロッグ,0,1,Xbox One
2020-03-26,バンダイナムコエンターテインメント,ONE PIECE 海賊無双4,2,,その他,バンダイナムコエンターテインメント,0,1,Xbox One
2020-03-26,DANGEN Entertainment,エアラフェル（拡張版）,2,,その他,DANGEN Entertainment,0,1,Xbox One
2020-03-26,スクウェア・エニックス,ライフ イズ ストレンジ 2,2,,その他,スクウェア・エニックス,0,1,Xbox One
2020-03-31,Wales Interactive,The Complex,2,,その他,Wales Interactive,0,1,Xbox One
2020-04-01,tinyBuild Games,Totally Reliable Delivery Service,2,,その他,tinyBuild Games,0,1,Xbox One
2020-04-03,THUNDERFUL PUBLISHING,Curious Expedition,2,,その他,THUNDERFUL PUBLISHING,0,1,Xbox One
2020-04-03,カプコン,バイオハザード RE:3,2,,その他,カプコン,0,1,Xbox One
2020-04-03,Drunken Apes,ホラー・オブ・ザ・ディープ,2,,その他,Drunken Apes,0,1,Xbox One
2020-04-07,astragon Entertainment,Construction Simulator 3,2,,その他,astragon Entertainment,0,1,Xbox One
2020-04-08,Triangle Studios BV,Convoy: A Tactical Roguelike,2,,その他,Triangle Studios BV,0,1,Xbox One
2020-04-08,ラタライカゲームス,Rush Rover,2,,その他,ラタライカゲームス,0,1,Xbox One
2020-04-09,"E-Home Entertainment Development Co., Ltd",Beholder 2,2,,その他,"E-Home Entertainment Development Co., Ltd",0,1,Xbox One
2020-04-10,ワンダーランドカザキリ,BQM - BlockQuest Maker,2,,その他,ワンダーランドカザキリ,0,1,Xbox One
2020-04-10,Ellada Games,Braveland Trilogy,2,,その他,Ellada Games,0,1,Xbox One
2020-04-10,EpiXR Games,レトロタンク,2,,その他,EpiXR Games,0,1,Xbox One
2020-04-16,Amanita Design,Machinarium,2,,その他,Amanita Design,0,1,Xbox One
2020-04-16,Triple Scale Games,Save Your Nuts,2,,その他,Triple Scale Games,0,1,Xbox One
2020-04-16,Wahler Digital,SiNKR /シズめル,2,,その他,Wahler Digital,0,1,Xbox One
2020-04-16,アークシステムワークス,くにおくん ザ・ワールド クラシックスコレクション,2,,その他,アークシステムワークス,0,1,Xbox One
2020-04-17,"PolarityFlow, Adrian Zingg",Cryogear,2,,その他,"PolarityFlow, Adrian Zingg",0,1,Xbox One
2020-04-17,ChubbyPixel,Woodle Tree 2: Deluxe+,2,,その他,ChubbyPixel,0,1,Xbox One
2020-04-21,Devolver Digital,Gato Roboto,2,,その他,Devolver Digital,0,1,Xbox One
2020-04-22,SEGA,Yakuza kiwami,2,,その他,SEGA,0,1,Xbox One
2020-04-23,Wired Productions,Deliver Us The Moon,2,,その他,Wired Productions,0,1,Xbox One
2020-04-23,2 Zombie Games,Quest Hunter,2,,その他,2 Zombie Games,0,1,Xbox One
2020-04-25,Epic Games,Fortnite,2,,その他,Epic Games,0,1,Xbox One
2020-04-27,Team17 Digital Ltd.,Moving Out,2,,その他,Team17 Digital Ltd.,0,1,Xbox One
2020-04-28,PLAYMIND,The Inner Friend,2,,その他,PLAYMIND,0,1,Xbox One
2020-04-29,Zen Studios,Dread Nautical,2,,その他,Zen Studios,0,1,Xbox One
2020-04-30,不明,Ashen,2,,その他,不明,0,1,Xbox One
2020-04-30,不明,Donut County,2,,その他,不明,0,1,Xbox One
2020-04-30,不明,Kentucky Route Zero: TV Edition,2,,その他,不明,0,1,Xbox One
2020-04-30,アンナプルナ・インタラクティブ,Outer Wilds,2,,その他,アンナプルナ・インタラクティブ,0,1,Xbox One
2020-04-30,不明,Sayonara Wild Hearts,2,,その他,不明,0,1,Xbox One
2020-04-30,不明,Telling Lies,2,,その他,不明,0,1,Xbox One
2020-04-30,アクティビジョン,コール オブ デューティ モダン・ウォーフェア 2 キャンペーン リマスタード,2,,その他,アクティビジョン,0,1,Xbox One
2020-04-30,DotEmu,ベア・ナックルIV,2,,その他,DotEmu,0,1,Xbox One
2020-05-01,4D Creativity Limited,Fight the Horror,2,,その他,4D Creativity Limited,0,1,Xbox One
2020-05-01,ケムコ,イノセントリベンジャー ～壁の乙女とミデンの塔～,2,,その他,ケムコ,0,1,Xbox One
2020-05-05,Resistance Studio,プッシー＆プリー・イン・ブロックランド,2,,その他,Resistance Studio,0,1,Xbox One
2020-05-06,Eastasiasoft Limited,タスクフォース カンパス,2,,その他,Eastasiasoft Limited,0,1,Xbox One
2020-05-07,Artifex Mundi,Ghost Files: Memory of a Crime,2,,その他,Artifex Mundi,0,1,Xbox One
2020-05-18,Team17 Digital Ltd,Golf With Your Friends,2,,その他,Team17 Digital Ltd,0,1,Xbox One
2020-05-21,SOEDESCO Publishing,Monstrum,2,,その他,SOEDESCO Publishing,0,1,Xbox One
2020-05-21,Firesprite Ltd,ザ・パーシステンス,2,,その他,Firesprite Ltd,0,1,Xbox One
2020-05-22,Tripwire Interactive LLC,Maneater,2,,その他,Tripwire Interactive LLC,0,1,Xbox One
2020-05-28,Raw Fury,Atomicrops,2,,その他,Raw Fury,0,1,Xbox One
2020-05-28,DANGEN Entertainment,Bug Fables ～ムシたちとえいえんの若木～,2,,その他,DANGEN Entertainment,0,1,Xbox One
2020-05-28,WayForward,Shantae and the Seven Sirens（シャンティと7人のセイレーン）,2,,その他,WayForward,0,1,Xbox One
2020-05-28,2K,ボーダーランズ レジェンダリー・コレクション,2,,その他,2K,0,1,Xbox One
2020-05-29,PlayWay S. A. / Ultimate Games S. A.,究極の釣りシミュレータ,2,,その他,PlayWay S. A. / Ultimate Games S. A.,0,1,Xbox One
2020-06-02,HOF Studios LLC,Depth of Extinction,2,,その他,HOF Studios LLC,0,1,Xbox One
2020-06-03,ラタライカゲームス,Strawberry Vinegar,2,,その他,ラタライカゲームス,0,1,Xbox One
2020-06-04,Nacon,Tour de France 2020,2,,その他,Nacon,0,1,Xbox One
2020-06-11,アークシステムワークス,Double Dragon 4(ダブルドラゴン4),2,,その他,アークシステムワークス,0,1,Xbox One
2020-06-11,Cosmic Forces,グースバンプス ～死の夜～,2,,その他,Cosmic Forces,0,1,Xbox One
2020-06-11,エクスペリエンス,黄泉ヲ裂ク華,2,,その他,エクスペリエンス,0,1,Xbox One
2020-06-17,バンダイナムコエンターテインメント,NAMCO MUSEUM ARCHIVES Vol 1,2,,その他,バンダイナムコエンターテインメント,0,1,Xbox One
2020-06-17,不明,NAMCO MUSEUM ARCHIVES Vol 2,2,,その他,不明,0,1,Xbox One
2020-06-17,Nacon,Session: Skate Sim（セッション：スケートシム）,2,,その他,Nacon,0,1,Xbox One
2020-06-18,tinyBuild,Waking,2,,その他,tinyBuild,0,1,Xbox One
2020-06-23,THQ Nordic,スポンジ・ボブ：Battle for Bikini Bottom - Rehydrated,2,,その他,THQ Nordic,0,1,Xbox One
2020-06-24,Raw Fury,Night Call,2,,その他,Raw Fury,0,1,Xbox One
2020-06-25,Nacon,Hunting Simulator 2,2,,その他,Nacon,0,1,Xbox One
2020-06-25,Devolver Digital,Observation（オブザーベーション）,2,,その他,Devolver Digital,0,1,Xbox One
2020-07-02,ゲームフリーク,リトルタウンヒーロー,2,,その他,ゲームフリーク,0,1,Xbox One
2020-07-03,ケムコ,アルファディア ジェネシス,2,,その他,ケムコ,0,1,Xbox One
2020-07-06,Pillow Castle,Superliminal,2,,その他,Pillow Castle,0,1,Xbox One
2020-07-09,INTI CREATES,Bloodstained: Curse of the Moon 2,2,,その他,INTI CREATES,0,1,Xbox One
2020-07-09,コーラス・ワールドワイド合同会社,シスターズロワイヤル 5姉妹に嫌がらせを受けて困っています,2,,その他,コーラス・ワールドワイド合同会社,0,1,Xbox One
2020-07-09,バンダイナムコエンターテインメント,ソードアート・オンライン アリシゼーション リコリス,2,,その他,バンダイナムコエンターテインメント,0,1,Xbox One
2020-07-10,ラタライカゲームス,DISTRAINT 2,2,,その他,ラタライカゲームス,0,1,Xbox One
2020-07-11,DECK13 Spotlight & Dangen Entertainment,CrossCode,2,,その他,DECK13 Spotlight & Dangen Entertainment,0,1,Xbox One
2020-07-13,Big Way Games,One Dog Story,2,,その他,Big Way Games,0,1,Xbox One
2020-07-13,エレクトロニック・アーツ,ロケットアリーナ,2,,その他,エレクトロニック・アーツ,0,1,Xbox One
2020-07-15,505 Games,Indivisible,2,,その他,505 Games,0,1,Xbox One
2020-07-22,Amanita Design s.r.o.,Creaks (クリークス),2,,その他,Amanita Design s.r.o.,0,1,Xbox One
2020-07-23,Devolver Digital,CARRION,2,,その他,Devolver Digital,0,1,Xbox One
2020-07-28,THQ Nordic,Destroy All Humans!,2,,その他,THQ Nordic,0,1,Xbox One
2020-07-28,Wales Interactive,Maid of Sker,2,,その他,Wales Interactive,0,1,Xbox One
2020-07-28,Digital Eclipse,サムライスピリッツ ネオジオコレクション,2,,その他,Digital Eclipse,0,1,Xbox One
2020-07-29,THQ Nordic,Destroy All Humans!,2,,その他,THQ Nordic,0,1,Xbox One
2020-07-29,ラタライカゲームス,Nicole,2,,その他,ラタライカゲームス,0,1,Xbox One
2020-07-29,SEGA,Yakuza kiwami2,2,,その他,SEGA,0,1,Xbox One
2020-07-30,TopView Studio,シーズンズ・オブ・サムライ,2,,その他,TopView Studio,0,1,Xbox One
2020-08-03,Modus Games,Skully,2,,その他,Modus Games,0,1,Xbox One
2020-08-05,Big Way Games,Mystery Mine,2,,その他,Big Way Games,0,1,Xbox One
2020-08-05,Thorium Entertainment,UnderMine,2,,その他,Thorium Entertainment,0,1,Xbox One
2020-08-06,EpiXR Games,Aery - 壊れた思い出,2,,その他,EpiXR Games,0,1,Xbox One
2020-08-06,PLAYISM,LA-MULANA (ラ・ムラーナ),2,,その他,PLAYISM,0,1,Xbox One
2020-08-06,日本マイクロソフト （Xbox Game Studios）,Ori and the Will of the Wisps,2,YES,その他,日本マイクロソフト （Xbox Game Studios）,0,1,Xbox One
2020-08-06,コーラス・ワールドワイド合同会社,ザ・コーマ2：ヴィシャスシスターズ,2,,その他,コーラス・ワールドワイド合同会社,0,1,Xbox One
2020-08-12,Eastasiasoft Limited,Zero Strain,2,,その他,Eastasiasoft Limited,0,1,Xbox One
2020-08-27,Xbox Game Studios,Tell Me Why,2,,その他,Xbox Game Studios,0,1,Xbox One
2020-08-27,PLAYISM,ジラフとアンニカ,2,,その他,PLAYISM,0,1,Xbox One
2020-09-03,スクウェア・エニックス,Marvel's Avengers (アベンジャーズ),2,,その他,スクウェア・エニックス,0,1,Xbox One
2020-09-03,PLAYISM,Touhou Luna Nights,2,,その他,PLAYISM,0,1,Xbox One
2020-09-03,Nacon,WRC 9 FIA World Rally Championship,2,,その他,Nacon,0,1,Xbox One
2020-09-04,2K,NBA 2K21,2,,その他,2K,0,1,Xbox One
2020-09-08,日本マイクロソフト （Xbox Game Studios）,Minecraft Dungeons,2,YES,その他,日本マイクロソフト （Xbox Game Studios）,0,1,Xbox One
2020-09-08,tinyBuild,Party Hard 2,2,,その他,tinyBuild,0,1,Xbox One
2020-09-09,"CarX Technologies, LLC",CarX Drift Racing Online,2,,その他,"CarX Technologies, LLC",0,1,Xbox One
2020-09-11,ラタライカゲームス,Tamiku,2,,その他,ラタライカゲームス,0,1,Xbox One
2020-09-17,Ultimate Games,Vampire's Fall: Origins,2,,その他,Ultimate Games,0,1,Xbox One
2020-09-18,Crytek,Crysis Remastered（クライシス リマスター）,2,,その他,Crytek,0,1,Xbox One
2020-09-24,2K,マフィア トリロジーパック,2,,その他,2K,0,1,Xbox One
2020-09-29,505 Games SpA,Assetto Corsa Competizione,2,,その他,505 Games SpA,0,1,Xbox One
2020-09-30,PLAYISM,Orangeblood (オレンジブラッド),2,,その他,PLAYISM,0,1,Xbox One
2020-10-01,アクティビジョン,クラッシュ・バンディクー4 とんでもマルチバース,2,,その他,アクティビジョン,0,1,Xbox One
2020-10-08,EpiXR Games,Aery - 天空の城,2,,その他,EpiXR Games,0,1,Xbox One
2020-10-09,エレクトロニック・アーツ,FIFA 21,2,,その他,エレクトロニック・アーツ,0,1,Xbox One
2020-10-09,Outright Games Ltd,ベン10：パワートリップ！,2,,その他,Outright Games Ltd,0,1,Xbox One
2020-10-10,日本マイクロソフト （Xbox Game Studios）,Gears Tactics,2,YES,その他,日本マイクロソフト （Xbox Game Studios）,0,1,Xbox One
2020-10-12,Modus Games,Remothered: Broken Porcelain,2,,その他,Modus Games,0,1,Xbox One
2020-10-14,Krome Studios Inc,タイ・ザ・タスマニアタイガーHD,2,,その他,Krome Studios Inc,0,1,Xbox One
2020-10-15,Merge Games,Cloudpunk,2,,その他,Merge Games,0,1,Xbox One
2020-10-15,Nacon,Monster Truck Championship,2,,その他,Nacon,0,1,Xbox One
2020-10-15,WayForward,Shantae: Risky's Revenge（シャンティ -リスキィ・ブーツの逆襲 - ディレクターズカット版）,2,,その他,WayForward,0,1,Xbox One
2020-10-16,Coatsink,Cake Bash (ケーキバッシュ),2,,その他,Coatsink,0,1,Xbox One
2020-10-19,Hidden Achievement LLC,Outpost Delta,2,,その他,Hidden Achievement LLC,0,1,Xbox One
2020-10-21,Eastasiasoft Limited,マクロティス: ある母の日記,2,,その他,Eastasiasoft Limited,0,1,Xbox One
2020-10-22,Humble Games,Supraland,2,,その他,Humble Games,0,1,Xbox One
2020-10-23,Puny Human,Galacide,2,,その他,Puny Human,0,1,Xbox One
2020-10-23,InvertMouse,クレア,2,,その他,InvertMouse,0,1,Xbox One
2020-10-23,Outright Games Ltd,トランスフォーマー：バトルグラウンド,2,,その他,Outright Games Ltd,0,1,Xbox One
2020-10-27,Humble Games,Carto,2,,その他,Humble Games,0,1,Xbox One
2020-10-27,505 Games & All in! Games,Ghostrunner,2,,その他,505 Games & All in! Games,0,1,Xbox One
2020-10-27,Daedalic Entertainment,Unrailed!,2,,その他,Daedalic Entertainment,0,1,Xbox One
2020-10-28,ラタライカゲームス,The Language Of Love,2,,その他,ラタライカゲームス,0,1,Xbox One
2020-10-29,UBISOFT,ウォッチドッグス レギオン,2,,その他,UBISOFT,0,1,Xbox One
2020-11-04,ラタライカゲームス,Ord.,2,,その他,ラタライカゲームス,0,1,Xbox One
2020-11-05,www.handy-games.com GmbH,Chicken Police – Paint it RED!（チキンポリス）,2,,その他,www.handy-games.com GmbH,0,1,Xbox One
2020-11-06,ケムコ,クリスタルオーサ,2,,その他,ケムコ,0,1,Xbox One
2020-11-06,Outright Games Ltd.,パウ・パトロール、マイティ・パップスがアドベンチャー・ベイを救う,2,,その他,Outright Games Ltd.,0,1,Xbox One
2020-11-09,Bloober Team S.A.,Observer: System Redux,2,,その他,Bloober Team S.A.,0,1,Xbox One
2020-11-10,PQube Limited,Evergate,2,,その他,PQube Limited,0,1,Xbox One
2020-11-10,astragon Entertainment GmbH,Liftoff: Drone Racing,2,,その他,astragon Entertainment GmbH,0,1,Xbox One
2020-11-10,UBISOFT,アサシン クリード ヴァルハラ,2,,その他,UBISOFT,0,1,Xbox One
2020-11-10,エンハンス,テトリス エフェクト・コネクテッド,2,,その他,エンハンス,0,1,Xbox One
2020-11-11,スクウェア・エニックス,キングダム ハーツ メロディ オブ メモリー,2,,その他,スクウェア・エニックス,0,1,Xbox One
2020-11-12,Nacon,Handball 21,2,,その他,Nacon,0,1,Xbox One
2020-11-12,UBISOFT,ジャストダンス2021,2,,その他,UBISOFT,0,1,Xbox One
2020-11-12,Microids,ルービック教授のブレインフィットネス,2,,その他,Microids,0,1,Xbox One
2020-11-13,Ravenscourt,Let's Sing 2021,2,,その他,Ravenscourt,0,1,Xbox One
2020-11-13,アクティビジョン,コール オブ デューティ ブラックオプス コールドウォー,2,,その他,アクティビジョン,0,1,Xbox One
2020-11-17,The Irregular Corporation,Mars Horizon,2,,その他,The Irregular Corporation,0,1,Xbox One
2020-11-18,バンダイナムコエンターテインメント,塊魂アンコール,2,,その他,バンダイナムコエンターテインメント,0,1,Xbox One
2020-11-19,RedDeerGames,Brawl Chess - Gambit,2,,その他,RedDeerGames,0,1,Xbox One
2020-11-19,Four Horses,Kid Tripp,2,,その他,Four Horses,0,1,Xbox One
2020-11-19,Blowfish Studios,Obey Me: Complete Edition,2,,その他,Blowfish Studios,0,1,Xbox One
2020-11-19,Raw Fury,Star Renegades,2,,その他,Raw Fury,0,1,Xbox One
2020-11-24,Frontier Developments,プラネットコースター,2,,その他,Frontier Developments,0,1,Xbox One
2020-11-25,Milestone S.r.l.,RIDE 4,2,,その他,Milestone S.r.l.,0,1,Xbox One
2020-11-25,Polygon Art,Strike Force 2 - Terrorist Hunt,2,,その他,Polygon Art,0,1,Xbox One
2020-12-01,THQ Nordic,Chronos: Before the Ashes,2,,その他,THQ Nordic,0,1,Xbox One
2020-12-01,ロックスター・ゲームス,レッド・デッド・オンライン,2,,その他,ロックスター・ゲームス,0,1,Xbox One
2020-12-02,Eastasiasoft Limited,ハブロキシア,2,,その他,Eastasiasoft Limited,0,1,Xbox One
2020-12-03,エレクトロニック・アーツ,FIFA 21,2,,その他,エレクトロニック・アーツ,0,1,Xbox One
2020-12-03,The Game Bakers,Haven,2,,その他,The Game Bakers,0,1,Xbox One
2020-12-03,Rec Room Inc.,Rec Room,2,,その他,Rec Room Inc.,0,1,Xbox One
2020-12-03,UBISOFT,イモータルズ フィニクス ライジング,2,,その他,UBISOFT,0,1,Xbox One
2020-12-03,Coatsink,犬 犬,2,,その他,Coatsink,0,1,Xbox One
2020-12-04,Feardemic,DARQ Complete Edition,2,,その他,Feardemic,0,1,Xbox One
2020-12-04,Ludicrous Games,Guntastic,2,,その他,Ludicrous Games,0,1,Xbox One
2020-12-04,10tons Ltd.,Tesla vs Lovecraft Game of the Year Edition,2,,その他,10tons Ltd.,0,1,Xbox One
2020-12-04,スクウェア・エニックス,ドラゴンクエストXI 過ぎ去りし時を求めて S,2,,その他,スクウェア・エニックス,0,1,Xbox One
2020-12-04,ケムコ,ルインバース,2,,その他,ケムコ,0,1,Xbox One
2020-12-09,ラタライカゲームス,Autumn's Journey,2,,その他,ラタライカゲームス,0,1,Xbox One
2020-12-09,Big Sugar Games,Unto The End,2,,その他,Big Sugar Games,0,1,Xbox One
2020-12-10,SEGA,ぷよぷよテトリス2,2,,その他,SEGA,0,1,Xbox One
2020-12-10,スパイク・チュンソフト,サイバーパンク2077,2,,その他,スパイク・チュンソフト,0,1,Xbox One
2020-12-11,Village Bench,Killer Chambers,2,,その他,Village Bench,0,1,Xbox One
2020-12-11,Aspyr,Morkredd,2,,その他,Aspyr,0,1,Xbox One
2020-12-11,Forever Entertainment S.A.,Panzer Dragoon: Remake（パンツァードラグーン：リメイク）,2,,その他,Forever Entertainment S.A.,0,1,Xbox One
2020-12-15,Whitethorn Digital,Calico,2,,その他,Whitethorn Digital,0,1,Xbox One
2020-12-18,PlayWay S.A.,Radio Commander,2,,その他,PlayWay S.A.,0,1,Xbox One
2020-12-18,コーラス・ワールドワイド合同会社,When the Past was Around 過去といた頃,2,,その他,コーラス・ワールドワイド合同会社,0,1,Xbox One
2020-12-22,Rogueside,Hidden Through Time,2,,その他,Rogueside,0,1,Xbox One
2020-12-22,Fantastico Studio,Mahjong Adventure DX（麻雀アドベンチャーDX）,2,,その他,Fantastico Studio,0,1,Xbox One
2020-12-22,Modus Games,Override 2: Super Mech League,2,,その他,Modus Games,0,1,Xbox One
2020-12-23,Ultimate Games,Nubarron: The adventure of an unlucky gnome,2,,その他,Ultimate Games,0,1,Xbox One
2020-12-23,FarSight Studios,PBA Pro Bowling 2021,2,,その他,FarSight Studios,0,1,Xbox One
2020-12-23,GrassGames,ソリティア3D,2,,その他,GrassGames,0,1,Xbox One
2020-12-23,Eastasiasoft Limited,ドランク・フィスト,2,,その他,Eastasiasoft Limited,0,1,Xbox One
2020-12-24,Jandusoft,Spirit Arena,2,,その他,Jandusoft,0,1,Xbox One
2021-01-04,エレクトロニック・アーツ,Madden NFL 21,2,,その他,エレクトロニック・アーツ,0,1,Xbox One
2021-01-06,"PM Studios, Inc.",Iris Fall,2,,その他,"PM Studios, Inc.",0,1,Xbox One
2021-01-07,ケムコ,砂の国の宮廷鍛冶屋,2,,その他,ケムコ,0,1,Xbox One
2021-01-13,UBISOFT,SCOTT PILGRIM VS.THE WORLD：THE GAME – コンプリートエディション,2,,その他,UBISOFT,0,1,Xbox One
2021-01-13,eastasiasoft,ピラー：パズル・エスケープ,2,,その他,eastasiasoft,0,1,Xbox One
2021-01-14,Yak & Co,Down in Bermuda,2,,その他,Yak & Co,0,1,Xbox One
2021-01-14,EpiXR Games,Life of Fly,2,,その他,EpiXR Games,0,1,Xbox One
2021-01-20,Eastasiasoft Limited,テラトピア,2,,その他,Eastasiasoft Limited,0,1,Xbox One
2021-01-21,EpiXR Games,Air Bounce - The Jump 'n' Run Challenge,2,,その他,EpiXR Games,0,1,Xbox One
2021-01-26,Motion Twin,Dead Cells: The Fatal Seed Bundle,2,,その他,Motion Twin,0,1,Xbox One
2021-01-26,Yacht Club Games,サイバーシャドウ,2,,その他,Yacht Club Games,0,1,Xbox One
2021-01-27,Daedalic Entertainment,The Dark Eye: Chains of Satinav,2,,その他,Daedalic Entertainment,0,1,Xbox One
2021-01-27,Daedalic Entertainment,The Dark Eye: Memoria,2,,その他,Daedalic Entertainment,0,1,Xbox One
2021-01-27,Eastasiasoft Limited,プロジェクト・スターシップ・エックス,2,,その他,Eastasiasoft Limited,0,1,Xbox One
2021-01-28,Devolver Digital,OLIJA,2,,その他,Devolver Digital,0,1,Xbox One
2021-01-28,Grimorio of Games,Sword of the Necromancer,2,,その他,Grimorio of Games,0,1,Xbox One
2021-01-28,Bloober Team S.A.,The Medium,2,,その他,Bloober Team S.A.,0,1,Xbox One
2021-01-28,SEGA,The Yakuza Remastered Collection,2,,その他,SEGA,0,1,Xbox One
2021-01-28,龍が如く3,Yakuza3 Remastered,2,,その他,龍が如く3,0,1,Xbox One
2021-01-28,龍が如く4 伝説を継ぐもの,Yakuza4 Remastered,2,,その他,龍が如く4 伝説を継ぐもの,0,1,Xbox One
2021-01-28,龍が如く5 夢、叶えし者,Yakuza5 Remastered,2,,その他,龍が如く5 夢、叶えし者,0,1,Xbox One
2021-01-29,KR Games,Another Dawn,2,,その他,KR Games,0,1,Xbox One
2021-02-03,Eastasiasoft Limited,ハブロキシア2,2,,その他,Eastasiasoft Limited,0,1,Xbox One
2021-02-05,ラタライカゲームス,貴方の仮面の外し方 リマスター版,2,,その他,ラタライカゲームス,0,1,Xbox One
2021-02-09,Xbox Game Studios,オリ：ザ・コレクション,2,,その他,Xbox Game Studios,0,1,Xbox One
2021-02-10,バンダイナムコエンターテインメント,LITTLE NIGHTMARES2-リトルナイトメア2,2,,その他,バンダイナムコエンターテインメント,0,1,Xbox One
2021-02-18,コーラス・ワールドワイド合同会社,スピードリミット,2,,その他,コーラス・ワールドワイド合同会社,0,1,Xbox One
2021-02-25,SEGA,龍が如く７ 光と闇の行方 インターナショナル,2,,その他,SEGA,0,1,Xbox One
2021-02-26,Samustai LTD,Katana Kata,2,,その他,Samustai LTD,0,1,Xbox One
2021-03-05,ケムコ,アスディバインクロス,2,,その他,ケムコ,0,1,Xbox One
2021-03-23,Team 17,OVERCOOKED!（オーバークック）王国のフルコース,2,,その他,Team 17,0,1,Xbox One
2021-03-25,Warcave,Black Legend,2,,その他,Warcave,0,1,Xbox One
2021-03-25,HandyGames,El Hijo - A Wild West Tale,2,,その他,HandyGames,0,1,Xbox One
2021-03-25,Nacon,Hunting Simulator 2: Elite Edition Xbox One,2,,その他,Nacon,0,1,Xbox One
2021-03-25,スクウェア・エニックス,OCTOPATH TRAVELER（オクトパストラベラー）,2,,その他,スクウェア・エニックス,0,1,Xbox One
2021-03-25,SEGA,Yakuza 6: The Song of Life,2,,その他,SEGA,0,1,Xbox One
2021-03-25,InvertMouse,クレア 2,2,,その他,InvertMouse,0,1,Xbox One
2021-03-26,Wales Interactive,I Saw Black Clouds,2,,その他,Wales Interactive,0,1,Xbox One
2021-03-26,エレクトロニック・アーツ,It Takes Two,2,,その他,エレクトロニック・アーツ,0,1,Xbox One
2021-03-26,スクウェア・エニックス,バランワンダーワールド,2,,その他,スクウェア・エニックス,0,1,Xbox One
2021-03-26,REMIMORY,ルバート：オリジナル・コンプレックス,2,,その他,REMIMORY,0,1,Xbox One
2021-04-01,スクウェア・エニックス,OUTRIDERS,2,,その他,スクウェア・エニックス,0,1,Xbox One
2021-04-08,The Quantum Astrophysicists Guild,Cozy Grove,2,,その他,The Quantum Astrophysicists Guild,0,1,Xbox One
2021-04-16,THQ Nordic,MX vs ATV All Out,2,,その他,THQ Nordic,0,1,Xbox One
2021-04-21,DANGEN Entertainment,Smelter(スルメター),2,,その他,DANGEN Entertainment,0,1,Xbox One
2021-04-21,アクティブゲーミングメディア,殺戮の天使,2,,その他,アクティブゲーミングメディア,0,1,Xbox One
2021-04-22,スクウェア・エニックス,NieR Replicant ver.1.22474487139...,2,,その他,スクウェア・エニックス,0,1,Xbox One
2021-04-22,RedDeerGames,鼠ちゃんの百科事典,2,,その他,RedDeerGames,0,1,Xbox One
2021-04-23,ワンダーランドカザキ,ダンジョンに捧ぐ墓標,2,,その他,ワンダーランドカザキ,0,1,Xbox One
2021-04-28,Kelsam,Cymatically Muffed,2,,その他,Kelsam,0,1,Xbox One
2021-04-29,グランゼーラ,R-TYPE FINAL2,2,,その他,グランゼーラ,0,1,Xbox One
2021-04-30,JanduSoft,Mystic Fate,2,,その他,JanduSoft,0,1,Xbox One
2021-05-01,Samustai LTD,Protocol,2,,その他,Samustai LTD,0,1,Xbox One
2021-05-04,スクエア・エニックス,ドラゴンクエストビルダーズ2 破壊神シドーとからっぽの島,2,,その他,スクエア・エニックス,0,1,Xbox One
2021-05-06,ケムコ,彩色のカルテット,2,,その他,ケムコ,0,1,Xbox One
2021-05-07,gFaUmNe,Flowing Lights,2,,その他,gFaUmNe,0,1,Xbox One
2021-05-07,gFaUmNe inc.,Flowing Lights,2,,その他,gFaUmNe inc.,0,1,Xbox One
2021-05-07,Digerati,Nongunz: Doppelganger Edition,2,,その他,Digerati,0,1,Xbox One
2021-05-07,Applava,ブレイジング ビークス,2,,その他,Applava,0,1,Xbox One
2021-05-08,カプコン,バイオハザード ヴィレッジ（BIOHAZARD VILLAGE）,2,,その他,カプコン,0,1,Xbox One
2021-05-08,カプコン,バイオハザード ヴィレッジ（BIOHAZARD VILLAGE）Z version,2,,その他,カプコン,0,1,Xbox One
2021-05-13,エレクトロニック・アーツ,Mass Effect™ Legendary Edition,2,,その他,エレクトロニック・アーツ,0,1,Xbox One
2021-05-13,Milestone S.r.l./DMM GAMES,MotoGP 21,2,,その他,Milestone S.r.l./DMM GAMES,0,1,Xbox One
2021-05-14,"Unknown Worlds Entertainment, Inc.",サブノーティカ：ビロウゼロ,2,,その他,"Unknown Worlds Entertainment, Inc.",0,1,Xbox One
2021-05-17,Assemble Entertainment,Leisure Suit Larry - Wet Dreams Dry Twice,2,,その他,Assemble Entertainment,0,1,Xbox One
2021-05-18,Focus Home Interactive,SnowRunner,2,,その他,Focus Home Interactive,0,1,Xbox One
2021-05-18,DMM GAMES,The Ascent,2,,その他,DMM GAMES,0,1,Xbox One
2021-05-19,Headup,Aerial_Knight's Never Yield,2,,その他,Headup,0,1,Xbox One
2021-05-21,エレクトロニック・アーツ,Knockout City,2,,その他,エレクトロニック・アーツ,0,1,Xbox One
2021-05-21,コーラス・ワールドワイド合同会社,ライジングヘル,2,,その他,コーラス・ワールドワイド合同会社,0,1,Xbox One
2021-05-25,THQ Nordic,Biomutant,2,,その他,THQ Nordic,0,1,Xbox One
2021-05-25,カプコン,Capcom Arcade Stadium,2,,その他,カプコン,0,1,Xbox One
2021-05-27,コナミデジタルエンタテインメント,スーパーボンバーマン R オンライン,2,,その他,コナミデジタルエンタテインメント,0,1,Xbox One
2021-05-27,コーラス・ワールドワイド合同会社,ブリッジコンストラクター：ウォーキング・デッド,2,,その他,コーラス・ワールドワイド合同会社,0,1,Xbox One
2021-05-28,ラタライカゲームス,A Little Lily Princess,2,,その他,ラタライカゲームス,0,1,Xbox One
2021-05-28,"Monster Games, Inc",SRX: The Game,2,,その他,"Monster Games, Inc",0,1,Xbox One
2021-06-01,カプコン,帰ってきた 魔界村,2,,その他,カプコン,0,1,Xbox One
2021-06-03,ディースリー・パブリッシャー,THE カジノコレクション ～(長いので省略)～,2,,その他,ディースリー・パブリッシャー,0,1,Xbox One
2021-06-03,Outright Games Ltd.,The Last Kids on Earth and the Staff of Doom（ラスト・キッズ・オン・アース：運命の杖）,2,,その他,Outright Games Ltd.,0,1,Xbox One
2021-06-03,ケムコ,アルファディア ジェネシス２,2,,その他,ケムコ,0,1,Xbox One
2021-06-04,CI Games,Sniper Ghost Warrior Contracts 2,2,,その他,CI Games,0,1,Xbox One
2021-06-05,PLAYISM,マイティ・グース,2,,その他,PLAYISM,0,1,Xbox One
2021-06-10,Outright Games Ltd.,DreamWorks スピリット ラッキーの大冒険,2,,その他,Outright Games Ltd.,0,1,Xbox One
2021-06-10,コーエーテクモゲームス,NINJA GAIDEN: マスターコレクション,2,,その他,コーエーテクモゲームス,0,1,Xbox One
2021-06-10,Gamuzumi,Sable's Grimoire,2,,その他,Gamuzumi,0,1,Xbox One
2021-06-11,EpiXR Games,Life of Fly 2,2,,その他,EpiXR Games,0,1,Xbox One
2021-06-16,Klabater,Heliborne,2,,その他,Klabater,0,1,Xbox One
2021-06-18,Godbey Games,Discolored,2,,その他,Godbey Games,0,1,Xbox One
2021-06-18,Monster Couch,WINGSPAN (ウイングスパン),2,,その他,Monster Couch,0,1,Xbox One
2021-06-22,Merge Games,Alex Kidd in Miracle World DX,2,,その他,Merge Games,0,1,Xbox One
2021-06-22,Wizards of the Coast,Dark Alliance,2,,その他,Wizards of the Coast,0,1,Xbox One
2021-06-23,Eastasiasoft Limited,Empire of Angels IV,2,,その他,Eastasiasoft Limited,0,1,Xbox One
2021-06-23,Krome Studios,TY the Tasmanian Tiger 2: Bush Rescue（タイ・ザ・タスマニアン・タイガー 2: ブッシュレスキュー）,2,,その他,Krome Studios,0,1,Xbox One
2021-06-23,Team17,Worms Rumble,2,,その他,Team17,0,1,Xbox One
2021-06-24,Deep Silver,Chivalry 2,2,YES,その他,Deep Silver,0,1,Xbox One
2021-06-24,Secret Item Games,Farm for your Life - 人生を耕そう,2,,その他,Secret Item Games,0,1,Xbox One
2021-06-24,バンダイナムコエンターテインメント,SCARLET NEXUS,2,YES,その他,バンダイナムコエンターテインメント,0,1,Xbox One
2021-06-24,コーエーテクモゲームス,戦国無双５,2,,その他,コーエーテクモゲームス,0,1,Xbox One
2021-06-28,BadLand Publishing,Onirike,2,,その他,BadLand Publishing,0,1,Xbox One
2021-06-29,Binary Haze Interactive,ENDER LILIES: Quietus of the Knights,2,,その他,Binary Haze Interactive,0,1,Xbox One
2021-06-30,セレニティ・フォージ,Doki Doki Literature Club!(ドキドキ文芸部プラス!),2,,その他,セレニティ・フォージ,0,1,Xbox One
2021-06-30,インティ・クリエイツ,ブラスターマスター ゼロ,2,,その他,インティ・クリエイツ,0,1,Xbox One
2021-07-02,ラタライカゲームス,Super Destronaut DX 2,2,,その他,ラタライカゲームス,0,1,Xbox One
2021-07-07,Eastasiasoft Limited,Blitz Breaker,2,,その他,Eastasiasoft Limited,0,1,Xbox One
2021-07-09,Whitethorn Digital,Beasts of Maravilla Island,2,,その他,Whitethorn Digital,0,1,Xbox One
2021-07-09,Serious Brothers,Imagine Earth,2,,その他,Serious Brothers,0,1,Xbox One
2021-07-09,HypeTrain Digital,Police Stories,2,,その他,HypeTrain Digital,0,1,Xbox One
2021-07-14,DANGEN Entertainment,バットバリアン～太古の洞窟の謎～,2,,その他,DANGEN Entertainment,0,1,Xbox One
2021-07-15,Paper Cult,Bloodroots,2,,その他,Paper Cult,0,1,Xbox One
2021-07-15,Digital Eclipse,Space Jam: A New Legacy The Gam,2,,その他,Digital Eclipse,0,1,Xbox One
2021-07-15,コーラス・ワールドワイド合同会社,ザ・コロニスト,2,,その他,コーラス・ワールドワイド合同会社,0,1,Xbox One
2021-07-15,DANGEN Entertainment,バットバリアン～太古の洞窟の謎～,2,,その他,DANGEN Entertainment,0,1,Xbox One
2021-07-15,インティ・クリエイツ,ブラスターマスター ゼロ 2,2,,その他,インティ・クリエイツ,0,1,Xbox One
2021-07-16,エレクトロニック・アーツ,F1® 2021,2,,その他,エレクトロニック・アーツ,0,1,Xbox One
2021-07-17,Team17 Digital,Yooka-Laylee,2,,その他,Team17 Digital,0,1,Xbox One
2021-07-20,Modus Games,Cris Tales,2,,その他,Modus Games,0,1,Xbox One
2021-07-20,Devolver Digital,Death's Door,2,,その他,Devolver Digital,0,1,Xbox One
2021-07-20,Foam Sword,すすめ！じでんしゃナイツ,2,,その他,Foam Sword,0,1,Xbox One
2021-07-21,11 bit studios,Frostpunk: Complete Collection,2,,その他,11 bit studios,0,1,Xbox One
2021-07-22,アンナプルナ・インタラクティブ,Last Stop,2,,その他,アンナプルナ・インタラクティブ,0,1,Xbox One
2021-07-23,ラタライカゲームス,Freddy Spaghetti 2.0,2,,その他,ラタライカゲームス,0,1,Xbox One
2021-07-23,Robot Entertainment,Orcs Must Die! 3,2,,その他,Robot Entertainment,0,1,Xbox One
2021-07-27,Wales Interactive,Night Book,2,,その他,Wales Interactive,0,1,Xbox One
2021-07-28,eastasiasoft Limited,トリガー・ウィッチ,2,,その他,eastasiasoft Limited,0,1,Xbox One
2021-07-28,Dear Villagers,忘れられた都市 – The Forgotten City,2,,その他,Dear Villagers,0,1,Xbox One
2021-07-29,インティ・クリエイツ,ブラスターマスター ゼロ ３,2,,その他,インティ・クリエイツ,0,1,Xbox One
2021-07-29,サイバーコネクトツー,戦場のフーガ,2,,その他,サイバーコネクトツー,0,1,Xbox One
2021-07-30,JanduSoft,HORROR TALES: The Wine,2,,その他,JanduSoft,0,1,Xbox One
2021-07-30,DMM GAMES,The Ascent(アセント),2,,その他,DMM GAMES,0,1,Xbox One
2021-07-30,7Levels,inbento: インベントウ,2,,その他,7Levels,0,1,Xbox One
2021-08-02,Assemble Entertainment,Deadly Days,2,,その他,Assemble Entertainment,0,1,Xbox One
2021-08-05,PLAION（旧: Koch Media）,DiRT 5,2,YES,その他,PLAION（旧: Koch Media）,0,1,Xbox One
2021-08-06,不明,Goroons,2,,その他,不明,0,1,Xbox One
2021-08-06,Epopeia Games,IIN,2,,その他,Epopeia Games,0,1,Xbox One
2021-08-06,Tenbirds,アニマス レヴェナント,2,,その他,Tenbirds,0,1,Xbox One
2021-08-06,ケムコ,アームド&ゴーレム,2,,その他,ケムコ,0,1,Xbox One
2021-08-10,Curve Games,Lawn Mowing Simulator,2,,その他,Curve Games,0,1,Xbox One
2021-08-10,Subliminal,ボタンシティ,2,,その他,Subliminal,0,1,Xbox One
2021-08-11,Project Moon,Library Of Ruina,2,,その他,Project Moon,0,1,Xbox One
2021-08-12,Kitfox Games,Boyfriend Dungeon,2,,その他,Kitfox Games,0,1,Xbox One
2021-08-12,PlayWay SA,Car Mechanic Simulator 2021,2,,その他,PlayWay SA,0,1,Xbox One
2021-08-12,Funselektor Labs,art of rally,2,,その他,Funselektor Labs,0,1,Xbox One
2021-08-13,Supergiant Games,Hades,2,,その他,Supergiant Games,0,1,Xbox One
2021-08-13,Outright Games Limited,パウ・パトロール：ザ・ムービー アドベンチャー・シティが呼んでいる,2,,その他,Outright Games Limited,0,1,Xbox One
2021-08-19,RED ART GAMES,Arietta of Spirits,2,,その他,RED ART GAMES,0,1,Xbox One
2021-08-19,Nacon,RiMS Racing（Xbox One）,2,,その他,Nacon,0,1,Xbox One
2021-08-20,Forever Entertainment S.A.,Rise Eterna,2,,その他,Forever Entertainment S.A.,0,1,Xbox One
2021-08-20,アンナプルナ・インタラクティブ,Twelve Minutes,2,,その他,アンナプルナ・インタラクティブ,0,1,Xbox One
2021-08-24,Focus Home Interactive,Aliens: Fireteam Elite,2,,その他,Focus Home Interactive,0,1,Xbox One
2021-08-24,PM Studios,Hoa,2,,その他,PM Studios,0,1,Xbox One
2021-08-24,Koch Media GmbH,King's Bounty II - Lord's Edition,2,,その他,Koch Media GmbH,0,1,Xbox One
2021-08-25,Coatsink Software,Islanders,2,,その他,Coatsink Software,0,1,Xbox One
2021-08-25,Xbox Game Studios,Psychonauts 2,2,,その他,Xbox Game Studios,0,1,Xbox One
2021-08-25,Steel Arts Software,ダーカースカイズ,2,,その他,Steel Arts Software,0,1,Xbox One
2021-08-25,フライハイワークス,フェノトピア(Phoenotopia: Awakening),2,,その他,フライハイワークス,0,1,Xbox One
2021-08-25,フライハイワークス,メカフォース,2,,その他,フライハイワークス,0,1,Xbox One
2021-08-25,Microids,殺人ミステリーマシーン: 犯罪推理捜査の館,2,,その他,Microids,0,1,Xbox One
2021-08-26,Cyan Worlds,MYST,2,,その他,Cyan Worlds,0,1,Xbox One
2021-08-26,コーラス・ワールドワイド合同会社,スターハンターDX,2,,その他,コーラス・ワールドワイド合同会社,0,1,Xbox One
2021-08-26,Coatsink Software,島の民: コンソール版,2,,その他,Coatsink Software,0,1,Xbox One
2021-08-27,Naps Team,BALDO the guardian owls,2,,その他,Naps Team,0,1,Xbox One
2021-08-27,Craftshop Arts,Mad Streets,2,,その他,Craftshop Arts,0,1,Xbox One
2021-08-27,Snow Day Software,Space Station Sprint,2,,その他,Snow Day Software,0,1,Xbox One
2021-08-31,Neon Doctrine,Lamentum,2,,その他,Neon Doctrine,0,1,Xbox One
2021-08-31,Merge Games,Monster Harvest,2,,その他,Merge Games,0,1,Xbox One
2021-08-31,Wild River Games,Ooops! 2,2,,その他,Wild River Games,0,1,Xbox One
2021-08-31,Resting Relic,Song of Iron,2,,その他,Resting Relic,0,1,Xbox One
2021-09-01,Sometimes You,Alveole(肺泡),2,,その他,Sometimes You,0,1,Xbox One
2021-09-01,Big Way Games,Galaxy Squad,2,,その他,Big Way Games,0,1,Xbox One
2021-09-01,Whitethorn Digital,Lake,2,,その他,Whitethorn Digital,0,1,Xbox One
2021-09-01,Eastasiasoft Limited,ラーヴァとサイクロプスの呪い,2,,その他,Eastasiasoft Limited,0,1,Xbox One
2021-09-02,ポケットペア,Craftopia / クラフトピア（プレビュー版）,2,,その他,ポケットペア,0,1,Xbox One
2021-09-02,Artifex Mundi,Imaginary Realms Bundle,2,,その他,Artifex Mundi,0,1,Xbox One
2021-09-02,PQube Limited,Kitaria Fables（ニャンザの冒険）,2,,その他,PQube Limited,0,1,Xbox One
2021-09-02,Bossa Studios,Surgeon Simulator 2,2,,その他,Bossa Studios,0,1,Xbox One
2021-09-02,Nacon,WRC 10 FIA World Rally Championship（WRC10 FIA世界ラリー選手権）,2,,その他,Nacon,0,1,Xbox One
2021-09-02,コーラス・ワールドワイド合同会社,夕鬼,2,,その他,コーラス・ワールドワイド合同会社,0,1,Xbox One
2021-09-03,Untold Tales S.A.,Golf Club: Wasteland,2,,その他,Untold Tales S.A.,0,1,Xbox One
2021-09-03,JanduSoft,MiniGolf Tour,2,,その他,JanduSoft,0,1,Xbox One
2021-09-03,Digerati,The Magister,2,,その他,Digerati,0,1,Xbox One
2021-09-04,ゲームロフト,アスファルト9：Legends,2,,その他,ゲームロフト,0,1,Xbox One
2021-09-07,Astragon Entertainment,Bus Simulator 21,2,,その他,Astragon Entertainment,0,1,Xbox One
2021-09-07,Team17 Digital Ltd.,Crown Trick,2,,その他,Team17 Digital Ltd.,0,1,Xbox One
2021-09-09,Triple-I Games LLC,Hindsight 20/20 - Wrath of the Raakshasa,2,,その他,Triple-I Games LLC,0,1,Xbox One
2021-09-09,バンダイナムコエンターテインメント,Tales of Arise(テイルズ オブ アライズ),2,,その他,バンダイナムコエンターテインメント,0,1,Xbox One
2021-09-09,アンナプルナ・インタラクティブ,The Artful Escape,2,,その他,アンナプルナ・インタラクティブ,0,1,Xbox One
2021-09-09,BBG Entertainment,バルダーダッシュデラックス,2,,その他,BBG Entertainment,0,1,Xbox One
2021-09-10,2K Games,NBA 2K22,2,,その他,2K Games,0,1,Xbox One
2021-09-10,アンナプルナ・インタラクティブ,The Artful Escape,2,,その他,アンナプルナ・インタラクティブ,0,1,Xbox One
2021-09-10,EpiXR Games,リーチフォーザーヘブン,2,,その他,EpiXR Games,0,1,Xbox One
2021-09-10,エレクトロニックアーツ,ロスト・イン・ランダム,2,,その他,エレクトロニックアーツ,0,1,Xbox One
2021-09-14,Manekoware,にゃんこラテラル・ダメージ：リマスター版,2,,その他,Manekoware,0,1,Xbox One
2021-09-15,Humble Games,Flynn: Son of Crimson,2,,その他,Humble Games,0,1,Xbox One
2021-09-15,"E-Home Entertianment Development Co., Ltd",Mr. Pumpkin 2: Kowloon walled city,2,,その他,"E-Home Entertianment Development Co., Ltd",0,1,Xbox One
2021-09-16,Curve Digital,I Am Fish,2,,その他,Curve Digital,0,1,Xbox One
2021-09-16,United Label,Tails Of Iron,2,,その他,United Label,0,1,Xbox One
2021-09-16,Klabater,The Amazing American Circus,2,,その他,Klabater,0,1,Xbox One
2021-09-17,Digerati,Apsulov: End of Gods,2,,その他,Digerati,0,1,Xbox One
2021-09-17,Lince Works,Aragami 2,2,,その他,Lince Works,0,1,Xbox One
2021-09-17,EpiXR Games,マーダーダイアリズ,2,,その他,EpiXR Games,0,1,Xbox One
2021-09-18,Playstack,Mortal Shell（モータルシェル）,2,,その他,Playstack,0,1,Xbox One
2021-09-18,PQube Limited,Nexomon（ネクソモン）,2,,その他,PQube Limited,0,1,Xbox One
2021-09-21,7Levels,Golf Peaks,2,,その他,7Levels,0,1,Xbox One
2021-09-22,No Gravity Games,Alder's Blood,2,,その他,No Gravity Games,0,1,Xbox One
2021-09-22,Ultimate Games,Rover Mechanic Simulator,2,,その他,Ultimate Games,0,1,Xbox One
2021-09-23,Raw Fury,Sable,2,,その他,Raw Fury,0,1,Xbox One
2021-09-24,コナミデジタルエンタテインメント,Castlevania Advance Collection,2,,その他,コナミデジタルエンタテインメント,0,1,Xbox One
2021-09-24,SEGA,LOST JUDGMENT：裁かれざる記憶,2,,その他,SEGA,0,1,Xbox One
2021-09-24,ブリザード・エンターテイメント,ディアブロ II リザレクテッド,2,,その他,ブリザード・エンターテイメント,0,1,Xbox One
2021-09-27,Natsume Inc.,ConnecTank,2,,その他,Natsume Inc.,0,1,Xbox One
2021-09-28,PM Studios,Alchemic Cutie,2,,その他,PM Studios,0,1,Xbox One
2021-09-28,The Farm 51,Chernobylite,2,,その他,The Farm 51,0,1,Xbox One
2021-09-28,NEOWIZ,Dandy Ace,2,,その他,NEOWIZ,0,1,Xbox One
2021-09-28,Microids,アガサ・クリスティ - エルキュール・ポアロ: 初事件,2,,その他,Microids,0,1,Xbox One
2021-09-28,Frontier Foundry,レムニスゲート,2,,その他,Frontier Foundry,0,1,Xbox One
2021-09-29,Mixtvision,A Juggler's Tale,2,,その他,Mixtvision,0,1,Xbox One
2021-09-29,ケムコ,Asdivine Saga,2,,その他,ケムコ,0,1,Xbox One
2021-09-29,Milestone S.r.l.,HOT WHEELS UNLEASHED,2,,その他,Milestone S.r.l.,0,1,Xbox One
2021-09-29,Focus Entertainment,Insurgency: Sandstorm（インサージェンシー: サンドストーム）,2,,その他,Focus Entertainment,0,1,Xbox One
2021-09-30,スパイクチュンソフト,AI: ソムニウムファイル,2,,その他,スパイクチュンソフト,0,1,Xbox One
2021-09-30,"E-Home Entertianment Development Co., Ltd",ImmortalLegacy:TheJadeCipherConsoleEdition,2,,その他,"E-Home Entertianment Development Co., Ltd",0,1,Xbox One
2021-09-30,有限会社ノーツ,MELTY BLOOD：TYPE LUMINA,2,,その他,有限会社ノーツ,0,1,Xbox One
2021-09-30,Humble Games,UNSIGHTED,2,,その他,Humble Games,0,1,Xbox One
2021-09-30,コナミデジタルエンタテインメント,eFootball,2,,その他,コナミデジタルエンタテインメント,0,1,Xbox One
2021-09-30,Dear Villagers,アストリア アセンディング,2,,その他,Dear Villagers,0,1,Xbox One
2021-09-30,Outright Games Ltd.,ブレイズ＆モンスターマシン: アクセル・シティのレーサーたち,2,,その他,Outright Games Ltd.,0,1,Xbox One
2021-10-01,"Ziggurat Interactive, Inc.",ExZeus: The Complete Collection,2,,その他,"Ziggurat Interactive, Inc.",0,1,Xbox One
2021-10-01,エレクトロニックアーツ,FIFA 22,2,,その他,エレクトロニックアーツ,0,1,Xbox One
2021-10-01,Humble Games,UNSIGHTED,2,,その他,Humble Games,0,1,Xbox One
2021-10-01,ラタライカゲームス,タコリタ・ミーツ・ポテト,2,,その他,ラタライカゲームス,0,1,Xbox One
2021-10-05,Epic Games,Alan Wake Remastered,2,,その他,Epic Games,0,1,Xbox One
2021-10-05,Playtonic Friends,BPM: Bullets Per Minute,2,,その他,Playtonic Friends,0,1,Xbox One
2021-10-05,GameMill Entertainment,Nickelodeon All-Star Brawl,2,,その他,GameMill Entertainment,0,1,Xbox One
2021-10-06,N-Fusion Interactive,Ember: Console Edition,2,,その他,N-Fusion Interactive,0,1,Xbox One
2021-10-07,Gaijin Distribution Kft,Enlisted,2,,その他,Gaijin Distribution Kft,0,1,Xbox One
2021-10-07,Coatsink Software,Moonglow Bay,2,,その他,Coatsink Software,0,1,Xbox One
2021-10-07,Fellow Traveller,No Longer Home,2,,その他,Fellow Traveller,0,1,Xbox One
2021-10-07,UBISOFT,ファークライ6,2,,その他,UBISOFT,0,1,Xbox One
2021-10-08,"E-Home Entertianment Development Co., Ltd",RainCity(レインシティ),2,,その他,"E-Home Entertianment Development Co., Ltd",0,1,Xbox One
2021-10-12,Warner Bros. Games,Back 4 Blood,2,,その他,Warner Bros. Games,0,1,Xbox One
2021-10-13,Focus Home Interactive,Aeon Must Die!,2,,その他,Focus Home Interactive,0,1,Xbox One
2021-10-13,Sometimes You,Catty & Batty: The Spirit Guide,2,,その他,Sometimes You,0,1,Xbox One
2021-10-13,Eastasiasoft Limited,Immortus Temporus,2,,その他,Eastasiasoft Limited,0,1,Xbox One
2021-10-14,エレクトロニックアーツ,NHL 22,2,,その他,エレクトロニックアーツ,0,1,Xbox One
2021-10-14,Humble Games,Ring of Pain,2,,その他,Humble Games,0,1,Xbox One
2021-10-14,PLAYISM,The Good Life,2,,その他,PLAYISM,0,1,Xbox One
2021-10-14,Maze Theory Ltd,ドクター・フー：真実の狭間,2,,その他,Maze Theory Ltd,0,1,Xbox One
2021-10-14,Keinart Lobre,ロータスレバリー：ファーストネクサス,2,,その他,Keinart Lobre,0,1,Xbox One
2021-10-14,Puppet Combo,殺しの館,2,,その他,Puppet Combo,0,1,Xbox One
2021-10-14,株式会社アニプレックス,鬼滅の刃 ヒノカミ血風譚,2,,その他,株式会社アニプレックス,0,1,Xbox One
2021-10-15,不明,Crysis 2 Remastered（クライシス2 リマスター）,2,,その他,不明,0,1,Xbox One
2021-10-15,不明,Crysis 3 Remastered（クライシス3 リマスター）,2,,その他,不明,0,1,Xbox One
2021-10-15,Crytek,Crysis Remastered Trilogy（クライシス リマスター トリロジー）,2,,その他,Crytek,0,1,Xbox One
2021-10-15,PLAYISM,The Good Life,2,,その他,PLAYISM,0,1,Xbox One
2021-10-19,"Top Hat Studios, Inc.",Sheepo（シーポ）,2,,その他,"Top Hat Studios, Inc.",0,1,Xbox One
2021-10-20,DANGEN Entertainment,Evertried（エバートライド）,2,,その他,DANGEN Entertainment,0,1,Xbox One
2021-10-20,Accelerate Games,Toy Soldiers HD,2,,その他,Accelerate Games,0,1,Xbox One
2021-10-21,Cococucumber,Echo Generation,2,,その他,Cococucumber,0,1,Xbox One
2021-10-22,バンダイナムコエンターテインメント,The Dark Pictures Anthology: House of Ashes(ハウス・オブ・アッシュ),2,,その他,バンダイナムコエンターテインメント,0,1,Xbox One
2021-10-22,Raiser Games/DMM GAMES,ソングオブホラー,2,,その他,Raiser Games/DMM GAMES,0,1,Xbox One
2021-10-22,Joindots GmbH,ハーベスト ライフ,2,,その他,Joindots GmbH,0,1,Xbox One
2021-10-22,Outright Games Ltd.,マイフレンド・ペッパピッグ,2,,その他,Outright Games Ltd.,0,1,Xbox One
2021-10-22,EpiXR Games,マーダーダイアリズトゥー,2,,その他,EpiXR Games,0,1,Xbox One
2021-10-25,スクエアエニックス,Marvel's Guardians of the Galaxy,2,,その他,スクエアエニックス,0,1,Xbox One
2021-10-25,Motorsport Games,NASCAR 21: Ignition,2,,その他,Motorsport Games,0,1,Xbox One
2021-10-26,Thomas K Young,Dadish,2,,その他,Thomas K Young,0,1,Xbox One
2021-10-26,不明,Dadish 2,2,,その他,不明,0,1,Xbox One
2021-10-26,日本マイクロソフト （Xbox Game Studios）,Minecraft Dungeons Ultimate Edition,2,YES,その他,日本マイクロソフト （Xbox Game Studios）,0,1,Xbox One
2021-10-26,Coatsink Software Ltd,Moonglow Bay,2,,その他,Coatsink Software Ltd,0,1,Xbox One
2021-10-27,Big Way Games,Amazing Breaker,2,,その他,Big Way Games,0,1,Xbox One
2021-10-27,Eastasiasoft Limited,ルーシッド・サイクル,2,,その他,Eastasiasoft Limited,0,1,Xbox One
2021-10-27,マーベラス,牧場物語 再会のミネラルタウン,2,,その他,マーベラス,0,1,Xbox One
2021-10-28,UBIsoft,Riders Republic(ライダーズ リパブリック),2,,その他,UBIsoft,0,1,Xbox One
2021-10-28,DMM GAMES,アイアンハーベスト コンプリートエディション,2,,その他,DMM GAMES,0,1,Xbox One
2021-10-28,コーエーテクモゲームス,零 ～濡鴉ノ巫女～,2,,その他,コーエーテクモゲームス,0,1,Xbox One
2021-10-29,neko.works,Light Fairytale Episode 2,2,,その他,neko.works,0,1,Xbox One
2021-10-29,PixelHeart,Okinawa Rush(沖縄ラッシュ),2,,その他,PixelHeart,0,1,Xbox One
2021-10-29,Outright Games Ltd.,しゅつどう!パジャマスク: 夜のヒーロー,2,,その他,Outright Games Ltd.,0,1,Xbox One
2021-10-31,Riot Forge,ルインドキング：リーグ・オブ・レジェンド ストーリー,2,,その他,Riot Forge,0,1,Xbox One
2021-11-03,UBIsoft,Just Dance 2022,2,,その他,UBIsoft,0,1,Xbox One
2021-11-03,HypeTrain Digital,Tunche,2,,その他,HypeTrain Digital,0,1,Xbox One
2021-11-04,Wales Interactive,Bloodshore,2,,その他,Wales Interactive,0,1,Xbox One
2021-11-04,Playtonic Friends,Demon Turf,2,,その他,Playtonic Friends,0,1,Xbox One
2021-11-04,Outright Games Ltd.,Fast & Furious: Spy Racers Rise of SH1FT3R,2,,その他,Outright Games Ltd.,0,1,Xbox One
2021-11-04,バンダイナムコエンターテインメント,ミスタードリラーアンコール,2,,その他,バンダイナムコエンターテインメント,0,1,Xbox One
2021-11-05,Assemble Entertainment,Encodya,2,,その他,Assemble Entertainment,0,1,Xbox One
2021-11-05,Finite Reflection Studios,ガーデナーとからまるツタ,2,,その他,Finite Reflection Studios,0,1,Xbox One
2021-11-05,ケムコ,ゴーストシンク,2,,その他,ケムコ,0,1,Xbox One
2021-11-05,RedDeerGames,サーキュラー・インフィニティ,2,,その他,RedDeerGames,0,1,Xbox One
2021-11-05,Microids,スマーフ-邪悪な葉っぱ大作戦,2,,その他,Microids,0,1,Xbox One
2021-11-09,Freedom Games,Airborne Kingdom,2,,その他,Freedom Games,0,1,Xbox One
2021-11-09,SEGA Europe Ltd（セガヨーロッパ株式会社）,Football Manager 2022 Xbox Edition,2,,その他,SEGA Europe Ltd（セガヨーロッパ株式会社）,0,1,Xbox One
2021-11-09,日本マイクロソフト （Xbox Game Studios）,Forza Horizon 5,2,YES,その他,日本マイクロソフト （Xbox Game Studios）,0,1,Xbox One
2021-11-09,Frontier Developments,ジュラシック・ワールド・エボリューション2,2,,その他,Frontier Developments,0,1,Xbox One
2021-11-10,Keen Software House,Space Engineers: Ultimate Edition 2021,2,,その他,Keen Software House,0,1,Xbox One
2021-11-10,アクティビジョン,コール オブ デューティ ヴァンガード,2,,その他,アクティビジョン,0,1,Xbox One
2021-11-10,2K,タイニー・ティナとドラゴンの城塞 ～ワンダーランズで一発限りの大冒険！,2,,その他,2K,0,1,Xbox One
2021-11-11,Team17,Epic Chef,2,,その他,Team17,0,1,Xbox One
2021-11-11,Humble Games,One Step From Eden,2,,その他,Humble Games,0,1,Xbox One
2021-11-12,ラタライカゲームス,Gynoug(ジノーグ),2,,その他,ラタライカゲームス,0,1,Xbox One
2021-11-12,Journey Bound Games,Path of Giants,2,,その他,Journey Bound Games,0,1,Xbox One
2021-11-12,ロックスター・ゲームス,グランド・セフト・オート：トリロジー：決定版,2,,その他,ロックスター・ゲームス,0,1,Xbox One
2021-11-16,Whippoorwill Limited,A Short Hike,2,,その他,Whippoorwill Limited,0,1,Xbox One
2021-11-16,Xbox Game Studios,Halo Infinite（マルチプレイヤー ベータ版）,2,,その他,Xbox Game Studios,0,1,Xbox One
2021-11-17,505 Games,Grow: Song of the Evertree,2,,その他,505 Games,0,1,Xbox One
2021-11-17,ラタライカゲームス,Klang 2,2,,その他,ラタライカゲームス,0,1,Xbox One
2021-11-17,Chameleon Games,Tamarin,2,,その他,Chameleon Games,0,1,Xbox One
2021-11-17,Riot Forge,ルインドキング：リーグ・オブ・レジェンド ストーリー,2,,その他,Riot Forge,0,1,Xbox One
2021-11-18,Art Games Studio S.A.,Chef's Tail,2,,その他,Art Games Studio S.A.,0,1,Xbox One
2021-11-18,Humble Games,Fae Tactics,2,,その他,Humble Games,0,1,Xbox One
2021-11-18,Humble Games,Next Space Rebels,2,,その他,Humble Games,0,1,Xbox One
2021-11-18,コーラス・ワールドワイド合同会社,スペースモス・ルナエディション,2,,その他,コーラス・ワールドワイド合同会社,0,1,Xbox One
2021-11-19,Overgamez,Despotism 3k（デスポティズム 3K）,2,,その他,Overgamez,0,1,Xbox One
2021-11-19,GameMill Entertainment,Nerf Legends,2,,その他,GameMill Entertainment,0,1,Xbox One
2021-11-19,エレクトロニック・アーツ,バトルフィールド2042,2,,その他,エレクトロニック・アーツ,0,1,Xbox One
2021-11-22,GIANTS Software/バンダイナムコエンターテインメント,Farming Simulator 22（ファーミングシミュレーター 22）,2,,その他,GIANTS Software/バンダイナムコエンターテインメント,0,1,Xbox One
2021-11-23,Ravenscourt,Let's Sing 2022,2,,その他,Ravenscourt,0,1,Xbox One
2021-11-24,Team17,Before We Leave,2,,その他,Team17,0,1,Xbox One
2021-11-24,PLAYISM,ごく普通の鹿のゲーム DEEEER Simulator,2,,その他,PLAYISM,0,1,Xbox One
2021-11-24,eastasiasoft,ドリズルパス：デジャヴ,2,,その他,eastasiasoft,0,1,Xbox One
2021-11-25,LEGO Games,LEGO Builder's Journey（レゴ ビルダーズ・ジャーニー）,2,,その他,LEGO Games,0,1,Xbox One
2021-11-26,Prison Games,Crazy Trucks,2,,その他,Prison Games,0,1,Xbox One
2021-11-26,ラタライカゲームス,Night Lights,2,,その他,ラタライカゲームス,0,1,Xbox One
2021-11-30,Microids,Beyond a Steel Sky,2,,その他,Microids,0,1,Xbox One
2021-11-30,"Oddworld Inhabitants, Inc.",Oddworld: Soulstorm Enhanced Edition,2,,その他,"Oddworld Inhabitants, Inc.",0,1,Xbox One
2021-12-01,Raw Fury,Townscaper,2,,その他,Raw Fury,0,1,Xbox One
2021-12-01,Porcelain Fortress,リラックスしてらんない,2,,その他,Porcelain Fortress,0,1,Xbox One
2021-12-02,Microids,Beyond a Steel Sky,2,,その他,Microids,0,1,Xbox One
2021-12-02,Flashbulb,Rubber Bandits,2,,その他,Flashbulb,0,1,Xbox One
2021-12-03,Humble Games,Archvale,2,,その他,Humble Games,0,1,Xbox One
2021-12-03,Crate Entertainment,Grim Dawn: Definitive Edition,2,,その他,Crate Entertainment,0,1,Xbox One
2021-12-03,Landfall,Stick Fight: The Game,2,,その他,Landfall,0,1,Xbox One
2021-12-03,ケムコ,聖戦クロニクル,2,,その他,ケムコ,0,1,Xbox One
2021-12-04,Chubby Pixel,Sleepin' Guy Deluxe Edition,2,,その他,Chubby Pixel,0,1,Xbox One
2021-12-07,Strange Scaffold,Space Warlord Organ Trading Simulator,2,,その他,Strange Scaffold,0,1,Xbox One
2021-12-07,THQ Nordic,SpellForce III Reforced（スペルフォース III リフォースト）,2,,その他,THQ Nordic,0,1,Xbox One
2021-12-07,マーベラス,ルーンファクトリー4スペシャル,2,,その他,マーベラス,0,1,Xbox One
2021-12-08,日本マイクロソフト （Xbox Game Studios）,Halo Infinite,2,YES,その他,日本マイクロソフト （Xbox Game Studios）,0,1,Xbox One
2021-12-09,Raiser Games,Youtubers Life 2 -ユーチューバーになろう-,2,,その他,Raiser Games,0,1,Xbox One
2021-12-09,ユービーアイソフト,モノポリー マッドネス,2,,その他,ユービーアイソフト,0,1,Xbox One
2021-12-10,ラタライカゲームス,A YEAR OF SPRINGS,2,,その他,ラタライカゲームス,0,1,Xbox One
2021-12-10,EpiXR Games,Antarctica 88,2,,その他,EpiXR Games,0,1,Xbox One
2021-12-10,Ultimate Games,Mr. Prepper,2,,その他,Ultimate Games,0,1,Xbox One
2021-12-10,RedDeerGames,Trash Quest（ゴミの探求）,2,,その他,RedDeerGames,0,1,Xbox One
2021-12-14,Atari,Asteroids: Recharged,2,,その他,Atari,0,1,Xbox One
2021-12-14,HandyGames,One Hand Clapping,2,,その他,HandyGames,0,1,Xbox One
2021-12-15,Innersloth,Among Us,2,,その他,Innersloth,0,1,Xbox One
2021-12-15,Sold Out Sales and Marketing Ltd.,KeyWe,2,,その他,Sold Out Sales and Marketing Ltd.,0,1,Xbox One
2021-12-15,No Matter Studios,Praey for the Gods,2,,その他,No Matter Studios,0,1,Xbox One
2021-12-16,Thunderful,The Gunk,2,,その他,Thunderful,0,1,Xbox One
2021-12-16,株式会社シティコネクション,デススマイルズ I・II,2,,その他,株式会社シティコネクション,0,1,Xbox One
2021-12-16,PLAYISM,ロードス島戦記 ーディードリット・イン・ワンダーラビリンスー,2,,その他,PLAYISM,0,1,Xbox One
2021-12-17,Mental Drink Ltd,FightNJokes,2,,その他,Mental Drink Ltd,0,1,Xbox One
2021-12-17,RedDeerGames,レーザー線：ナノウォーズ,2,,その他,RedDeerGames,0,1,Xbox One
2021-12-17,Nellyvision ltd,神々のリズム,2,,その他,Nellyvision ltd,0,1,Xbox One
2021-12-21,Assemble Entertainment,Lacuna - A Sci-Fi Noir Adventure,2,,その他,Assemble Entertainment,0,1,Xbox One
2021-12-22,ラタライカゲームス,Gardener's Path,2,,その他,ラタライカゲームス,0,1,Xbox One
2021-12-22,Eastasiasoft Limited,Horatio Goes Snowboarding,2,,その他,Eastasiasoft Limited,0,1,Xbox One
2021-12-23,コーエーテクモゲームス,真・三国無双8 Empires,2,,その他,コーエーテクモゲームス,0,1,Xbox One
2022-01-07,ケムコ,エルピシアの魔剣少女,2,,その他,ケムコ,0,1,Xbox One
2022-01-13,Zillion Whales,Mushroom Wars 2,2,,その他,Zillion Whales,0,1,Xbox One
2022-01-13,"Top Hat Studios, Inc.",Sense - A Cyberpunk Ghost Story（センス - 不吉な予感）,2,,その他,"Top Hat Studios, Inc.",0,1,Xbox One
2022-01-13,Mossmouth,Spelunky 2（スペランキー2）,2,,その他,Mossmouth,0,1,Xbox One
2022-01-18,Drinkbox Studios,Nobody Saves the World,2,,その他,Drinkbox Studios,0,1,Xbox One
2022-01-18,スパイク・チュンソフト,ダンガンロンパ 希望の学園と絶望の高校生 Anniversary Edition,2,,その他,スパイク・チュンソフト,0,1,Xbox One
2022-01-19,10tons Ltd.,DYSMANTLE,2,,その他,10tons Ltd.,0,1,Xbox One
2022-01-19,コナミデジタルエンタテインメント,遊戯王 マスターデュエル,2,,その他,コナミデジタルエンタテインメント,0,1,Xbox One
2022-01-20,Blowfish Studios,Blackwind,2,,その他,Blowfish Studios,0,1,Xbox One
2022-01-20,IO Interactive A/S,HITMAN Trilogy,2,,その他,IO Interactive A/S,0,1,Xbox One
2022-01-20,Kitfox Game,Pupperazzi(パパラッジ),2,,その他,Kitfox Game,0,1,Xbox One
2022-01-20,ケムコ,RPGolf Legends,2,,その他,ケムコ,0,1,Xbox One
2022-01-20,DotEmu,Windjammers 2 - フライング・パワー・ディスク,2,,その他,DotEmu,0,1,Xbox One
2022-01-20,ユービーアイソフト,レインボーシックス エクストラクション,2,,その他,ユービーアイソフト,0,1,Xbox One
2022-01-20,クリプトン・フューチャー・メディア,初音ミク ロジックペイントS,2,,その他,クリプトン・フューチャー・メディア,0,1,Xbox One
2022-01-22,2Awesome Partners,Jack 'n' Hat,2,,その他,2Awesome Partners,0,1,Xbox One
2022-01-26,Rocket Vulture,Cannibal Cuisine（カンニバルクッキング）,2,,その他,Rocket Vulture,0,1,Xbox One
2022-01-26,All In! Games,Chernobylite,2,,その他,All In! Games,0,1,Xbox One
2022-01-26,1C Online Games Ltd.,Reverie Knights Tactics,2,,その他,1C Online Games Ltd.,0,1,Xbox One
2022-01-26,Sometimes You,Summertime Madness,2,,その他,Sometimes You,0,1,Xbox One
2022-01-26,Eastasiasoft Limited,バウムインベーダー,2,,その他,Eastasiasoft Limited,0,1,Xbox One
2022-01-27,"Gemdrops, Inc.",COGEN: 大鳥こはくと刻の剣,2,,その他,"Gemdrops, Inc.",0,1,Xbox One
2022-01-27,Nacon,Rugby 22,2,,その他,Nacon,0,1,Xbox One
2022-01-27,Raw Fury,The Longest Road on Earth,2,,その他,Raw Fury,0,1,Xbox One
2022-01-27,BlitWorks,Vagante,2,,その他,BlitWorks,0,1,Xbox One
2022-01-27,バンダイナムコエンターテインメント,太鼓の達人 The Drum Master!,2,,その他,バンダイナムコエンターテインメント,0,1,Xbox One
2022-01-27,インティ・クリエイツ,白き鋼鉄のX(イクス)2,2,,その他,インティ・クリエイツ,0,1,Xbox One
2022-01-28,Hydra Games S.A.,Don't Be Afraid,2,,その他,Hydra Games S.A.,0,1,Xbox One
2022-01-28,ラタライカゲームス,Super Onion Boy 2,2,,その他,ラタライカゲームス,0,1,Xbox One
2022-02-02,あまた株式会社,NOSTALGIC TRAIN（ノスタルジックトレイン）,2,,その他,あまた株式会社,0,1,Xbox One
2022-02-02,Sbug Games,Webbed,2,,その他,Sbug Games,0,1,Xbox One
2022-02-03,Freedom! Games,Dreamscaper,2,,その他,Freedom! Games,0,1,Xbox One
2022-02-03,PLAYISM,くちなしアンプル,2,,その他,PLAYISM,0,1,Xbox One
2022-02-04,Techland,Dying Light 2: Stay Human（ダイイングライト2 ステイ ヒューマン）,2,,その他,Techland,0,1,Xbox One
2022-02-04,ケムコ,アンビションレコード,2,,その他,ケムコ,0,1,Xbox One
2022-02-08,Private Division,オリオリワールド,2,,その他,Private Division,0,1,Xbox One
2022-02-10,Atari,Breakout: Recharged,2,,その他,Atari,0,1,Xbox One
2022-02-10,Koch Media GmbH.,CHORUS（コーラス）,2,,その他,Koch Media GmbH.,0,1,Xbox One
2022-02-10,Smilegate Entertainment,CrossfireX,2,,その他,Smilegate Entertainment,0,1,Xbox One
2022-02-10,Dear Villagers,Edge Of Eternity(エッジオブエタニティ),2,,その他,Dear Villagers,0,1,Xbox One
2022-02-10,Blowfish Studios,KungFu Kickball,2,,その他,Blowfish Studios,0,1,Xbox One
2022-02-10,X PLUS Company Limited,Super Sami Roll,2,,その他,X PLUS Company Limited,0,1,Xbox One
2022-02-10,DANGEN Entertainment,ライズ・オブ・ザ・サード・パワー,2,,その他,DANGEN Entertainment,0,1,Xbox One
2022-02-11,ラタライカゲームス,Blackberry Honey ～メイド物語～,2,,その他,ラタライカゲームス,0,1,Xbox One
2022-02-11,Digerati,Unbound: Worlds Apart,2,,その他,Digerati,0,1,Xbox One
2022-02-11,Milkstone Studios,Ziggurat 2,2,,その他,Milkstone Studios,0,1,Xbox One
2022-02-14,The Arcade Crew,Infernax,2,,その他,The Arcade Crew,0,1,Xbox One
2022-02-16,Eastasiasoft Limited,Beat Souls,2,,その他,Eastasiasoft Limited,0,1,Xbox One
2022-02-18,RedDeerGames,ジェムウィザーズ戦術,2,,その他,RedDeerGames,0,1,Xbox One
2022-02-22,SOEDESCO,Monster Crown,2,,その他,SOEDESCO,0,1,Xbox One
2022-02-23,ChiliDog Interactive,Dr. Oil,2,,その他,ChiliDog Interactive,0,1,Xbox One
2022-02-23,Epitasis Games,Epitasis,2,,その他,Epitasis Games,0,1,Xbox One
2022-02-24,Wired Productions,Martha Is Dead,2,,その他,Wired Productions,0,1,Xbox One
2022-02-24,Nacon,Roguebook,2,,その他,Nacon,0,1,Xbox One
2022-02-25,Freedom Games,Clouzy,2,,その他,Freedom Games,0,1,Xbox One
2022-02-25,バンダイナムコエンターテインメント,ELDEN RING（エルデンリング）,2,,その他,バンダイナムコエンターテインメント,0,1,Xbox One
2022-02-25,エレクトロニック・アーツ,GRID Legends,2,,その他,エレクトロニック・アーツ,0,1,Xbox One
2022-02-25,Acram Digital,Istanbul: Digital Edition,2,,その他,Acram Digital,0,1,Xbox One
2022-02-25,スクウェア・エニックス,Life is Strange: True Colors（ライフ イズ ストレンジ トゥルー カラーズ）,2,,その他,スクウェア・エニックス,0,1,Xbox One
2022-02-25,ラタライカゲームス,MOTO ROADER MC (モトローダー MC),2,,その他,ラタライカゲームス,0,1,Xbox One
2022-03-01,Funcom,Conan Chop Chop,2,,その他,Funcom,0,1,Xbox One
2022-03-01,THQ Nordic,ELEX II,2,,その他,THQ Nordic,0,1,Xbox One
2022-03-01,Devolver Digital,Shadow Warrior 3,2,,その他,Devolver Digital,0,1,Xbox One
2022-03-01,Frontier Foundry,ファー： チェンジング タイド,2,,その他,Frontier Foundry,0,1,Xbox One
2022-03-02,Sometimes You,35MM,2,,その他,Sometimes You,0,1,Xbox One
2022-03-03,Ultimate Games,Farm Manager 2022,2,,その他,Ultimate Games,0,1,Xbox One
2022-03-03,Frogwares,シャーロック・ホームズ -悪魔の娘-,2,,その他,Frogwares,0,1,Xbox One
2022-03-04,Digerati,A Musical Story,2,,その他,Digerati,0,1,Xbox One
2022-03-04,Sometimes You,Music Racer: Ultimate,2,,その他,Sometimes You,0,1,Xbox One
2022-03-04,ケムコ,イクストナ戦記,2,,その他,ケムコ,0,1,Xbox One
2022-03-08,THQ Nordic,SpellForce III Reforced（スペルフォース III リフォースト）,2,,その他,THQ Nordic,0,1,Xbox One
2022-03-08,２K,WWE 2K22,2,,その他,２K,0,1,Xbox One
2022-03-09,"Silverware Games, Inc.",Hundred Bullets,2,,その他,"Silverware Games, Inc.",0,1,Xbox One
2022-03-09,Eastasiasoft Limited,Splash Cars（スプラッシュ・カーズ）,2,,その他,Eastasiasoft Limited,0,1,Xbox One
2022-03-09,No Gravity Games,ウィル・ユー・スネイル？ (Will You Snail?),2,,その他,No Gravity Games,0,1,Xbox One
2022-03-10,アニプレックス,RPGタイム!〜ライトの伝説〜,2,,その他,アニプレックス,0,1,Xbox One
2022-03-10,Uppercut Games Pty Ltd,Submerged: Hidden Depths,2,,その他,Uppercut Games Pty Ltd,0,1,Xbox One
2022-03-10,The Arcade Crew,Young Souls,2,,その他,The Arcade Crew,0,1,Xbox One
2022-03-10,Improx Games,ラストキューブ,2,,その他,Improx Games,0,1,Xbox One
2022-03-11,Freedom Games,Jetboard Joust,2,,その他,Freedom Games,0,1,Xbox One
2022-03-11,META Publishing,Time Loader,2,,その他,META Publishing,0,1,Xbox One
2022-03-11,ラタライカゲームス,コスモス・ビット（Cosmos Bit）,2,,その他,ラタライカゲームス,0,1,Xbox One
2022-03-15,ロケットパンダゲームズ,Phantom Breaker: Omnia（ファントムブレイカー：オムニア）,2,,その他,ロケットパンダゲームズ,0,1,Xbox One
2022-03-16,Hidden Trap,The Wanderer: Frankenstein's Creature,2,,その他,Hidden Trap,0,1,Xbox One
2022-03-16,Eastasiasoft Limited,ワイフクエスト,2,,その他,Eastasiasoft Limited,0,1,Xbox One
2022-03-17,Finji,TUNIC,2,,その他,Finji,0,1,Xbox One
2022-03-17,Fellow Traveller,パラダイスキラー,2,,その他,Fellow Traveller,0,1,Xbox One
2022-03-18,Thunderful Publishing AB,Curious Expedition 2,2,,その他,Thunderful Publishing AB,0,1,Xbox One
2022-03-18,スクウェア・エニックス,STRANGER OF PARADISE FINAL FANTASY ORIGIN,2,,その他,スクウェア・エニックス,0,1,Xbox One
2022-03-18,RedDeerGames,イヌカリ - 欺瞞の追跡,2,,その他,RedDeerGames,0,1,Xbox One
2022-03-22,Fellow Traveller,Kraken Academy!!（クラーケン・アカデミー！！）,2,,その他,Fellow Traveller,0,1,Xbox One
2022-03-22,スパイク・チュンソフト,ZERO ESCAPE 9時間9人9の扉 善人シボウデス ダブルパック,2,,その他,スパイク・チュンソフト,0,1,Xbox One
2022-03-23,MY.GAMES,Blast Brigade vs. the Evil Legion of Dr. Cread,2,,その他,MY.GAMES,0,1,Xbox One
2022-03-24,Fireshine Games,Imp of the Sun,2,,その他,Fireshine Games,0,1,Xbox One
2022-03-25,アンナプルナ・インタラクティブ,A Memoir Blue,2,,その他,アンナプルナ・インタラクティブ,0,1,Xbox One
2022-03-25,EpiXR Games,Aery - Calm Mind 2,2,,その他,EpiXR Games,0,1,Xbox One
2022-03-25,2K,ワンダーランズ ～タイニー・ティナと魔法の世界,2,,その他,2K,0,1,Xbox One
2022-03-26,2Awesome Partners,Devastator,2,,その他,2Awesome Partners,0,1,Xbox One
2022-03-29,"PM Studios, Inc.",Ikai,2,,その他,"PM Studios, Inc.",0,1,Xbox One
2022-03-30,Walnut LLC,Whisper Trip（ウィスパートリップ）,2,,その他,Walnut LLC,0,1,Xbox One
2022-03-30,PikPok,エージェント・インターセプター,2,,その他,PikPok,0,1,Xbox One
2022-03-30,Blowfish Studios,キャティインニャンダーランド,2,,その他,Blowfish Studios,0,1,Xbox One
2022-03-31,RED ART GAMES,Glam's Incredible Run: Escape from Dukha,2,,その他,RED ART GAMES,0,1,Xbox One
2022-03-31,Devolver Digital,Weird West,2,,その他,Devolver Digital,0,1,Xbox One
2022-04-05,不明,Legal Dungeon,2,,その他,不明,0,1,Xbox One
2022-04-05,MLB,MLB The Show 22,2,,その他,MLB,0,1,Xbox One
2022-04-05,PLAYISM,REPLICA（レプリカ）,2,,その他,PLAYISM,0,1,Xbox One
2022-04-05,Warner Bros. Games,レゴ スター・ウォーズ／スカイウォーカー・サーガ,2,,その他,Warner Bros. Games,0,1,Xbox One
2022-04-06,Eastasiasoft Limited,Z-Warp,2,,その他,Eastasiasoft Limited,0,1,Xbox One
2022-04-07,"Atari, Inc",Kombinera,2,,その他,"Atari, Inc",0,1,Xbox One
2022-04-07,スクウェア・エニックス,クロノ・クロス：ラジカル・ドリーマーズ エディション,2,,その他,スクウェア・エニックス,0,1,Xbox One
2022-04-08,Humble Games,Chinatown Detective Agency,2,,その他,Humble Games,0,1,Xbox One
2022-04-08,Gearbox Publishing,Godfall：Ultimateエディション,2,,その他,Gearbox Publishing,0,1,Xbox One
2022-04-08,RedDeerGames,ボレアル テネブレー,2,,その他,RedDeerGames,0,1,Xbox One
2022-04-12,Xitilon,Happi Basudei（ハッピーバースデイ）,2,,その他,Xitilon,0,1,Xbox One
2022-04-13,MY.GAMES,Blast Brigade vs. the Evil Legion of Dr. Cread,2,,その他,MY.GAMES,0,1,Xbox One
2022-04-19,Graffiti Games,Turnip Boy Commits Tax Evasion,2,,その他,Graffiti Games,0,1,Xbox One
2022-04-19,Blowfish Studios,ウィンターエンバー,2,,その他,Blowfish Studios,0,1,Xbox One
2022-04-20,EXNOA LLC,LIBERATED（リベレイデット）,2,,その他,EXNOA LLC,0,1,Xbox One
2022-04-21,Freedom Games,Anuchard,2,,その他,Freedom Games,0,1,Xbox One
2022-04-21,Phoenixx Inc.,クローンドローン - デンジャーゾーン -,2,,その他,Phoenixx Inc.,0,1,Xbox One
2022-04-22,OverGamez,LIT: Bend the Light,2,,その他,OverGamez,0,1,Xbox One
2022-04-22,NAISU,Mokoko X（モココ X）,2,,その他,NAISU,0,1,Xbox One
2022-04-22,Just For Games,武蔵厳流記2,2,,その他,Just For Games,0,1,Xbox One
2022-04-26,スパイクチュンソフト,リサーチアンドデストロイ,2,,その他,スパイクチュンソフト,0,1,Xbox One
2022-04-28,Young Horses,Bugsnax,2,,その他,Young Horses,0,1,Xbox One
2022-04-28,Milestone S.r.l.,MotoGP 22,2,,その他,Milestone S.r.l.,0,1,Xbox One
2022-04-28,Numskull Games,RICO London,2,,その他,Numskull Games,0,1,Xbox One
2022-04-28,Nacon,Rugby 22,2,,その他,Nacon,0,1,Xbox One
2022-04-28,Forever Entertainment S.A.,ザ・ハウス・オブ・ザ・デッド：リメイク,2,,その他,Forever Entertainment S.A.,0,1,Xbox One
2022-04-28,シティコネクション,レイヤーセクション & ギャラクティックアタック Sトリビュート,2,,その他,シティコネクション,0,1,Xbox One
2022-04-29,ラタライカゲームス,Dandy & Randy DX,2,,その他,ラタライカゲームス,0,1,Xbox One
2022-04-29,JanduSoft,Galactic Wars EX,2,,その他,JanduSoft,0,1,Xbox One
2022-04-29,Orube Game Studio,Super Mombo Quest,2,,その他,Orube Game Studio,0,1,Xbox One
2022-04-30,Troglobytes Games,Ravenous Devils,2,,その他,Troglobytes Games,0,1,Xbox One
2022-05-04,Seaven Studio,PictoQuest,2,,その他,Seaven Studio,0,1,Xbox One
2022-05-05,Devolver Digital,Trek to Yomi,2,,その他,Devolver Digital,0,1,Xbox One
2022-05-05,Daedalic Entertainment,Wildcat Gun Machine,2,,その他,Daedalic Entertainment,0,1,Xbox One
2022-05-06,Clockwork Origins,Elemental War 2（エレメンタル・ウォー2）,2,,その他,Clockwork Origins,0,1,Xbox One
2022-05-10,スパイク・チュンソフト,スーパーダンガンロンパ2 さよなら絶望学園 Anniversary Edition,2,,その他,スパイク・チュンソフト,0,1,Xbox One
2022-05-11,505 Games,百英雄伝 Rising,2,,その他,505 Games,0,1,Xbox One
2022-05-12,Redstart Interactive,Get-A-Grip Chip,2,,その他,Redstart Interactive,0,1,Xbox One
2022-05-12,Nacon,Rogue Lords,2,,その他,Nacon,0,1,Xbox One
2022-05-12,Noodlecake,Soundfall,2,,その他,Noodlecake,0,1,Xbox One
2022-05-12,Thunderful Publishing AB,Source of Madness,2,,その他,Thunderful Publishing AB,0,1,Xbox One
2022-05-12,ケムコ,インフィニットリンクス,2,,その他,ケムコ,0,1,Xbox One
2022-05-13,Baltoro Games,Paratopic,2,,その他,Baltoro Games,0,1,Xbox One
2022-05-17,PLAYISM,ウムランギジェネレーション スペシャルエディション,2,,その他,PLAYISM,0,1,Xbox One
2022-05-17,SEGA,ツーポイントキャンパス,2,,その他,SEGA,0,1,Xbox One
2022-05-19,マーベラス,DEADCRAFT（デッドクラフト）,2,,その他,マーベラス,0,1,Xbox One
2022-05-19,Auroch Digital,Ogre: Console Edition,2,,その他,Auroch Digital,0,1,Xbox One
2022-05-19,Nacon,Vampire: The Masquerade（ヴァンパイア：ザ・マスカレード）,2,,その他,Nacon,0,1,Xbox One
2022-05-20,Prime Matter,Dolmen,2,,その他,Prime Matter,0,1,Xbox One
2022-05-20,ラタライカゲームス,The Legend of the Dragonflame Highschool Collection（龍炎高校伝説コレクション）,2,,その他,ラタライカゲームス,0,1,Xbox One
2022-05-20,Reddeergames,涅槃：パイロット 夢,2,,その他,Reddeergames,0,1,Xbox One
2022-05-24,Abramelin Games,Injection π23 'Ars regia',2,,その他,Abramelin Games,0,1,Xbox One
2022-05-24,THQ Nordic,MX vs ATV Legends,2,,その他,THQ Nordic,0,1,Xbox One
2022-05-24,"Rose City Games, wiip",フロッピー・ナイト,2,,その他,"Rose City Games, wiip",0,1,Xbox One
2022-05-25,Eastasiasoft Limited,Blow & Fly,2,,その他,Eastasiasoft Limited,0,1,Xbox One
2022-05-25,ユービーアイソフト,Roller Champions（ローラーチャンピオンズ）,2,,その他,ユービーアイソフト,0,1,Xbox One
2022-05-25,ChiliDog Interactive LLC,Zombo Buster Advance,2,,その他,ChiliDog Interactive LLC,0,1,Xbox One
2022-05-26,Rebellion,Sniper Elite 5,2,,その他,Rebellion,0,1,Xbox One
2022-05-27,Tate Multimedia S.A.,Kao the Kangaroo（カオ・ザ・カンガルー）,2,,その他,Tate Multimedia S.A.,0,1,Xbox One
2022-05-27,Revulo Games,Minigolf Adventure（ミニゴルフ・アドベンチャー）,2,,その他,Revulo Games,0,1,Xbox One
2022-05-27,バンダイナムコエンターテインメント,PAC-MAN MUSEUM+,2,,その他,バンダイナムコエンターテインメント,0,1,Xbox One
2022-05-27,ラタライカゲームス,REMOTE LIFE,2,,その他,ラタライカゲームス,0,1,Xbox One
2022-05-27,Outright Games Ltd.,マイリトルポニー：メアタイムベイの冒険,2,,その他,Outright Games Ltd.,0,1,Xbox One
2022-05-27,RedDeerGames,剣と骨,2,,その他,RedDeerGames,0,1,Xbox One
2022-05-27,"Justdan International Co., Ltd.",軒轅剣 閻黒の業火,2,,その他,"Justdan International Co., Ltd.",0,1,Xbox One
2022-05-31,THQ Nordic,Destroy All Humans! - Clone Carnage,2,,その他,THQ Nordic,0,1,Xbox One
2022-05-31,Berzerk Studio,Just Shapes & Beats,2,,その他,Berzerk Studio,0,1,Xbox One
2022-06-01,Fireshine Games,Silt,2,,その他,Fireshine Games,0,1,Xbox One
2022-06-02,Atari,Gravitar: Recharged,2,,その他,Atari,0,1,Xbox One
2022-06-02,Puppet Combo,Nun Massacre,2,,その他,Puppet Combo,0,1,Xbox One
2022-06-03,RedDeerGames,EleMetals: Death Metal Death Match!（エレメンタルズ：デスメタルとデスマッチ！）,2,,その他,RedDeerGames,0,1,Xbox One
2022-06-06,DANGEN Entertainment,Lost Ruins,2,,その他,DANGEN Entertainment,0,1,Xbox One
2022-06-07,Devolver Digital,Disc Room,2,,その他,Devolver Digital,0,1,Xbox One
2022-06-07,Skystone Games Inc.,Spacelines from the Far Out,2,,その他,Skystone Games Inc.,0,1,Xbox One
2022-06-08,"Rogue Games, Inc.",Super Impossible Road,2,,その他,"Rogue Games, Inc.",0,1,Xbox One
2022-06-10,The Quantum Astrophysicists Guild,Freshly Frosted,2,,その他,The Quantum Astrophysicists Guild,0,1,Xbox One
2022-06-10,Red Deer Game,Pro Gymnast Simulator(プロ ジムナスト シミュレーター),2,,その他,Red Deer Game,0,1,Xbox One
2022-06-10,Crazysoft Limited,Zeus Quest - The Rebirth of Earth,2,,その他,Crazysoft Limited,0,1,Xbox One
2022-06-10,2K,クアリー ～悪夢のサマーキャンプ,2,,その他,2K,0,1,Xbox One
2022-06-14,UBISOFT,ディスカバリーツアー：ヴァイキングの時代,2,,その他,UBISOFT,0,1,Xbox One
2022-06-16,Curve Games,Autonauts,2,,その他,Curve Games,0,1,Xbox One
2022-06-16,Ravenscourt Games,Road 96,2,,その他,Ravenscourt Games,0,1,Xbox One
2022-06-16,Chute Apps Inc.,Rogue Star Rescue,2,,その他,Chute Apps Inc.,0,1,Xbox One
2022-06-16,Dotemu,Teenage Mutant Ninja Turtles: Shredder's Revenge,2,,その他,Dotemu,0,1,Xbox One
2022-06-17,Numskull Games,Final Vendetta,2,,その他,Numskull Games,0,1,Xbox One
2022-06-17,OMOCAT,OMORI,2,,その他,OMOCAT,0,1,Xbox One
2022-06-17,WildSphere,Oxide Room 104,2,,その他,WildSphere,0,1,Xbox One
2022-06-17,ブリザード・エンターテイメント,オーバーウォッチ 2：ウォッチポイント・パック,2,,その他,ブリザード・エンターテイメント,0,1,Xbox One
2022-06-18,Jujubee,Deep Diving Adventures,2,,その他,Jujubee,0,1,Xbox One
2022-06-21,Epic Games,Fall Guys: Ultimate Knockout（フォールガイズ アルティメット ノックアウト）,2,,その他,Epic Games,0,1,Xbox One
2022-06-22,"Top Hat Studios, Inc.",REDO!,2,,その他,"Top Hat Studios, Inc.",0,1,Xbox One
2022-06-22,Eastasiasoft Limited,ドランク・フィスト２：ゾンビ・ハングオーバー,2,,その他,Eastasiasoft Limited,0,1,Xbox One
2022-06-23,Thunderful Publishing AB,Firegirl: Hack 'n Splash Rescue DX,2,,その他,Thunderful Publishing AB,0,1,Xbox One
2022-06-23,SEGA,ソニックオリジンズ,2,,その他,SEGA,0,1,Xbox One
2022-06-24,Baltoro Games,Urban Flow（アーバンフロー）,2,,その他,Baltoro Games,0,1,Xbox One
2022-06-24,カプコン,カプコン ファイティング コレクション,2,,その他,カプコン,0,1,Xbox One
2022-06-24,クリプトン・フューチャー・メディア,初音ミク いっしょに！ジグソーパズル,2,,その他,クリプトン・フューチャー・メディア,0,1,Xbox One
2022-06-25,スパイク・チュンソフト,アイ：ソムニウムファイル ニルヴァーナ イニシアチブ,2,,その他,スパイク・チュンソフト,0,1,Xbox One
2022-06-28,THQ Nordic,MX vs ATV Legends,2,,その他,THQ Nordic,0,1,Xbox One
2022-06-30,Secret Item Games,砂時計[Hourglass],2,,その他,Secret Item Games,0,1,Xbox One
2022-07-01,Joindots GmbH,Renzo Racer - レンゾレーサー,2,,その他,Joindots GmbH,0,1,Xbox One
2022-07-02,エレクトロニック・アーツ,F1 22 Xbox One,2,,その他,エレクトロニック・アーツ,0,1,Xbox One
2022-07-06,Brownmonster Limited,Rush Rally Origins,2,,その他,Brownmonster Limited,0,1,Xbox One
2022-07-07,Neowiz,DJMAX RESPECT V,2,,その他,Neowiz,0,1,Xbox One
2022-07-07,カリプソ・メディア,Matchpoint - Tennis Championships（マッチポイント：テニス チャンピオンシップ）,2,,その他,カリプソ・メディア,0,1,Xbox One
2022-07-07,Ravenscourt Games,Road 96,2,,その他,Ravenscourt Games,0,1,Xbox One
2022-07-07,ケムコ,デビラビローグ,2,,その他,ケムコ,0,1,Xbox One
2022-07-07,バンダイナムコエンターテインメント,風のクロノア 1&2アンコール,2,,その他,バンダイナムコエンターテインメント,0,1,Xbox One
2022-07-08,DX Gameworks LLC,Eternal Hope,2,,その他,DX Gameworks LLC,0,1,Xbox One
2022-07-09,2Awesome Partners,Formula Bit Racing DX,2,,その他,2Awesome Partners,0,1,Xbox One
2022-07-12,Merge Games,タイム・オン・フログ・アイランド,2,,その他,Merge Games,0,1,Xbox One
2022-07-14,スクウェア・エニックス,POWERWASH SIMULATOR（パワーウォッシュシミュレーター）,2,,その他,スクウェア・エニックス,0,1,Xbox One
2022-07-14,シティコネクション,STRIKERS 1945 II,2,,その他,シティコネクション,0,1,Xbox One
2022-07-14,WayForward Technologies,Spidersaurs,2,,その他,WayForward Technologies,0,1,Xbox One
2022-07-14,JanduSoft,Superola Champion Edition,2,,その他,JanduSoft,0,1,Xbox One
2022-07-14,Black Cube Games,The Tale of Bistun,2,,その他,Black Cube Games,0,1,Xbox One
2022-07-14,コーラス・ワールドワイド合同会社,モスメン 1966,2,,その他,コーラス・ワールドワイド合同会社,0,1,Xbox One
2022-07-14,インティ・クリエイツ,蒼き雷霆 ガンヴォルト 爪,2,,その他,インティ・クリエイツ,0,1,Xbox One
2022-07-15,ラタイタカゲームズ,Long Live The Queen（ロング・リブ・ザ・クイーン ～女王への道しるべ～）,2,,その他,ラタイタカゲームズ,0,1,Xbox One
2022-07-15,Meteorbyte Publishing,Running On Magic(ランニングオンマジック),2,,その他,Meteorbyte Publishing,0,1,Xbox One
2022-07-19,HandyGames,Endling - Extinction is Forever,2,,その他,HandyGames,0,1,Xbox One
2022-07-19,Viridian Software,Gloom and Doom,2,,その他,Viridian Software,0,1,Xbox One
2022-07-20,Xbox Game Studios,As Dusk Falls,2,,その他,Xbox Game Studios,0,1,Xbox One
2022-07-20,Neon Doctrine,Hazel Sky,2,,その他,Neon Doctrine,0,1,Xbox One
2022-07-20,Eastasiasoft Limited,誘惑：ある僧の物語,2,,その他,Eastasiasoft Limited,0,1,Xbox One
2022-07-22,CAPCOM,Capcom Arcade 2nd Stadium（カプコンアーケード 2ndスタジアム）,2,,その他,CAPCOM,0,1,Xbox One
2022-07-22,Digerati,Severed Steel,2,,その他,Digerati,0,1,Xbox One
2022-07-26,PLAYISM,被虐のノエル,2,,その他,PLAYISM,0,1,Xbox One
2022-07-27,Eastasiasoft Limited,Arsonist Heaven,2,,その他,Eastasiasoft Limited,0,1,Xbox One
2022-07-27,BlitWorks,Train Valley: Console Edition,2,,その他,BlitWorks,0,1,Xbox One
2022-07-28,シティコネクション,GUNBIRD（ガンバード）,2,,その他,シティコネクション,0,1,Xbox One
2022-07-28,Cave Monsters,Lord Winklebottom Investigates,2,,その他,Cave Monsters,0,1,Xbox One
2022-07-28,シティコネクション,Samurai Aces III: Sengoku Cannon（戦国キャノン）,2,,その他,シティコネクション,0,1,Xbox One
2022-07-28,Gamera Game,アニキレーション,2,,その他,Gamera Game,0,1,Xbox One
2022-07-28,シティコネクション,戦国エース,2,,その他,シティコネクション,0,1,Xbox One
2022-07-29,ラタライカゲームス,Avenging Spirit（ファンタズム）,2,,その他,ラタライカゲームス,0,1,Xbox One
2022-08-02,インティ・クリエイツ,蒼き雷霆 ガンヴォルト 鎖環,2,,その他,インティ・クリエイツ,0,1,Xbox One
2022-08-03,Totalconsole,After Wave: Downfall,2,,その他,Totalconsole,0,1,Xbox One
2022-08-03,11 bit studios,South of the Circle（サウス・オブ・ザ・サークル）,2,,その他,11 bit studios,0,1,Xbox One
2022-08-04,ケムコ,風乗り勇者の物語,2,,その他,ケムコ,0,1,Xbox One
2022-08-05,Headup GmbH,Gigapocalypse（ギガポカリプス）,2,,その他,Headup GmbH,0,1,Xbox One
2022-08-11,Wired Productions,Arcade Paradise,2,,その他,Wired Productions,0,1,Xbox One
2022-08-11,Triple Topping,Ynglet,2,,その他,Triple Topping,0,1,Xbox One
2022-08-11,JTeamew,がっぽり！爆走人力車,2,,その他,JTeamew,0,1,Xbox One
2022-08-12,Devolver Digital,Cult of the Lamb,2,,その他,Devolver Digital,0,1,Xbox One
2022-08-12,ラタライカゲームス,Voyage: Xbox Edition,2,,その他,ラタライカゲームス,0,1,Xbox One
2022-08-16,Gearbox Publishing,Tribes of Midgard,2,,その他,Gearbox Publishing,0,1,Xbox One
2022-08-17,Hautecouture Inc.,Midnight School Walk 真夜中学園さんぽ,2,,その他,Hautecouture Inc.,0,1,Xbox One
2022-08-19,エレクトニック・アーツ,Madden NFL 23,2,,その他,エレクトニック・アーツ,0,1,Xbox One
2022-08-19,IEVO,Tilesweeper,2,,その他,IEVO,0,1,Xbox One
2022-08-23,PLAION（旧: Koch Media）,Saints Row,2,YES,その他,PLAION（旧: Koch Media）,0,1,Xbox One
2022-08-23,Atari,Yars: Recharged,2,,その他,Atari,0,1,Xbox One
2022-08-24,Parallel Circles,Flat Heroes,2,,その他,Parallel Circles,0,1,Xbox One
2022-08-24,Humble Games,Midnight Fight Express,2,,その他,Humble Games,0,1,Xbox One
2022-08-24,Eastasiasoft Limited,キッドボール・アドベンチャー,2,,その他,Eastasiasoft Limited,0,1,Xbox One
2022-08-25,Frontier Developments,F1 マネージャー2022,2,,その他,Frontier Developments,0,1,Xbox One
2022-08-25,SIGONO,OPUS 星歌の響き -Full Bloom Edition-,2,,その他,SIGONO,0,1,Xbox One
2022-08-25,バンダイナムコエンターテインメント,SDガンダム バトルアライアンス,2,,その他,バンダイナムコエンターテインメント,0,1,Xbox One
2022-08-25,SEGA,ソウルハッカーズ2,2,,その他,SEGA,0,1,Xbox One
2022-08-25,バンダイナムコエンターテインメント,パックマンワールド リ・パック,2,,その他,バンダイナムコエンターテインメント,0,1,Xbox One
2022-08-25,Actoon Studio,ライク・ノー・アザー,2,,その他,Actoon Studio,0,1,Xbox One
2022-08-26,Leoful,カンパニーマン 社畜の下剋上,2,,その他,Leoful,0,1,Xbox One
2022-08-30,カリプソメディア,Commandos 3 - HD Remaster（コマンドス 3 HDリマスター）,2,,その他,カリプソメディア,0,1,Xbox One
2022-08-30,Frontier Developments,F1マネージャー2022,2,,その他,Frontier Developments,0,1,Xbox One
2022-08-31,コナミデジタルエンタテインメント,Teenage Mutant Ninja Turtles: The Cowabunga Collection,2,,その他,コナミデジタルエンタテインメント,0,1,Xbox One
2022-08-31,tinyBuild,Tinykin,2,,その他,tinyBuild,0,1,Xbox One
2022-08-31,スパイク・チュンソフト,ZERO ESCAPE 刻のジレンマ,2,,その他,スパイク・チュンソフト,0,1,Xbox One
2022-08-31,Eastasiasoft Limited,リック・ヘンダーソン,2,,その他,Eastasiasoft Limited,0,1,Xbox One
2022-09-01,Baltoro Games,Food Truck Tycoon,2,,その他,Baltoro Games,0,1,Xbox One
2022-09-01,Whitethorn Games,Onsen Master（温泉マスター）,2,,その他,Whitethorn Games,0,1,Xbox One
2022-09-01,バンダイナムコエンターテインメント,ジョジョの奇妙な冒険 オールスターバトル R,2,,その他,バンダイナムコエンターテインメント,0,1,Xbox One
2022-09-01,ケムコ,フェアリーエレメンツ,2,,その他,ケムコ,0,1,Xbox One
2022-09-01,レイニーフロッグ,マリンエクスプレス殺人事件,2,,その他,レイニーフロッグ,0,1,Xbox One
2022-09-02,Perun Creative,Hobo: Tough Life,2,,その他,Perun Creative,0,1,Xbox One
2022-09-02,LEGO Games,レゴ ブロウルズ,2,,その他,LEGO Games,0,1,Xbox One
2022-09-06,Gameloft SE,ディズニー ドリームライトバレー,2,,その他,Gameloft SE,0,1,Xbox One
2022-09-08,PQube Limited,White Day: A Labyrinth Named School（WHITEDAY～学校という名の迷宮～）,2,,その他,PQube Limited,0,1,Xbox One
2022-09-09,ラタライカゲームス,Catmaze,2,,その他,ラタライカゲームス,0,1,Xbox One
2022-09-09,tinyBuild,Justice Sucks,2,,その他,tinyBuild,0,1,Xbox One
2022-09-09,2K,NBA 2K23,2,,その他,2K,0,1,Xbox One
2022-09-09,RedDeerGames,脱出,2,,その他,RedDeerGames,0,1,Xbox One
2022-09-13,WW1 Game Series B.V.,Isonzo,2,,その他,WW1 Game Series B.V.,0,1,Xbox One
2022-09-13,Secret Mode,Little Orpheus,2,,その他,Secret Mode,0,1,Xbox One
2022-09-14,Totalconsole,Last Beat Enhanced,2,,その他,Totalconsole,0,1,Xbox One
2022-09-14,Eastasiasoft Limited,Maggie the Magnet,2,,その他,Eastasiasoft Limited,0,1,Xbox One
2022-09-15,Milestone S.r.l.,SBK 22,2,,その他,Milestone S.r.l.,0,1,Xbox One
2022-09-15,Aviary Studios,The Gallery,2,,その他,Aviary Studios,0,1,Xbox One
2022-09-15,Happy Volcano,You Suck at Parking（とめられるもんならとめてみな）,2,,その他,Happy Volcano,0,1,Xbox One
2022-09-15,株式会社ハムスター,ニコリのパズルW 数独,2,,その他,株式会社ハムスター,0,1,Xbox One
2022-09-15,スパイク・チュンソフト,ニューダンガンロンパV3 みんなのコロシアイ新学期 Anniversary Edition,2,,その他,スパイク・チュンソフト,0,1,Xbox One
2022-09-15,レベルファイブ,二ノ国 白き聖灰の女王 REMASTERED,2,,その他,レベルファイブ,0,1,Xbox One
2022-09-16,Piotr Rochala,Amazing Chicken Adventures,2,,その他,Piotr Rochala,0,1,Xbox One
2022-09-16,101XP,Blind Fate: Edo no Yami（エドノヤミ）,2,,その他,101XP,0,1,Xbox One
2022-09-16,Baltoro Games,Knights & Guns,2,,その他,Baltoro Games,0,1,Xbox One
2022-09-20,DX Gameworks LLC,Akane（アカネ）,2,,その他,DX Gameworks LLC,0,1,Xbox One
2022-09-20,astragon Entertainment GmbH,Construction Simulator,2,,その他,astragon Entertainment GmbH,0,1,Xbox One
2022-09-21,HypeTrain Digital,Jack Move,2,,その他,HypeTrain Digital,0,1,Xbox One
2022-09-22,DANGEN Entertainment,OneShot: World Machine Edition,2,,その他,DANGEN Entertainment,0,1,Xbox One
2022-09-22,WayForward Technologies,River City Girls Zero（新・熱血硬派くにおたちの挽歌 -with River City Girls Extra-）,2,,その他,WayForward Technologies,0,1,Xbox One
2022-09-22,スクウェア・エニックス,The DioField Chronicle（ディオフィールドクロニクル）,2,,その他,スクウェア・エニックス,0,1,Xbox One
2022-09-22,Nacon,Train Life - A Railway Simulator,2,,その他,Nacon,0,1,Xbox One
2022-09-23,Outright Games Ltd.,DreamWorks ドラゴンズ：9つの王国の伝説,2,,その他,Outright Games Ltd.,0,1,Xbox One
2022-09-23,ラタライカゲームス,Roar of Revenge,2,,その他,ラタライカゲームス,0,1,Xbox One
2022-09-23,Nacon,Session: Skate Sim（セッション：スケートシム）,2,,その他,Nacon,0,1,Xbox One
2022-09-23,tinyBuild,SpiderHeck,2,,その他,tinyBuild,0,1,Xbox One
2022-09-23,505 Games,シリアルクリーナーズ,2,,その他,505 Games,0,1,Xbox One
2022-09-23,RedDeerGames,熱烈な敗者のリーグ,2,,その他,RedDeerGames,0,1,Xbox One
2022-09-27,エレクトニック・アーツ,FIFA 23,2,,その他,エレクトニック・アーツ,0,1,Xbox One
2022-09-27,Team17,Hokko Life,2,,その他,Team17,0,1,Xbox One
2022-09-27,Frontier Foundry,デリバー アス マーズ,2,,その他,Frontier Foundry,0,1,Xbox One
2022-09-28,Xbox Game Studios,Grounded,2,,その他,Xbox Game Studios,0,1,Xbox One
2022-09-28,Humble Games,Moonscars,2,,その他,Humble Games,0,1,Xbox One
2022-09-29,No More Robots,Let's Build a Zoo,2,,その他,No More Robots,0,1,Xbox One
2022-09-29,4D Creativity Limited,在宅ワーク,2,,その他,4D Creativity Limited,0,1,Xbox One
2022-09-30,SOEDESCO,Airoheart,2,,その他,SOEDESCO,0,1,Xbox One
2022-09-30,SOEDESCO,Bunny Park,2,,その他,SOEDESCO,0,1,Xbox One
2022-09-30,tinyBuild,Despot's Game,2,,その他,tinyBuild,0,1,Xbox One
2022-09-30,SOEDESCO,Lemon Cake,2,,その他,SOEDESCO,0,1,Xbox One
2022-09-30,Outright Games Ltd.Outright Games Ltd.,パウ・パトロール：グランプリ,2,,その他,Outright Games Ltd.Outright Games Ltd.,0,1,Xbox One
2022-10-05,Red Limb Studio,Kamikaze Veggies,2,,その他,Red Limb Studio,0,1,Xbox One
2022-10-05,ブリザード・エンターテイメント,オーバーウォッチ 2,2,,その他,ブリザード・エンターテイメント,0,1,Xbox One
2022-10-06,Firestoke,Falling Out（フォーリン・アウト）,2,,その他,Firestoke,0,1,Xbox One
2022-10-06,QUByte Interactive,Josh Journey: Darkness Totems,2,,その他,QUByte Interactive,0,1,Xbox One
2022-10-06,Revulo Games,Maze Blaze (メイズ ブレイズ),2,,その他,Revulo Games,0,1,Xbox One
2022-10-06,マーベラス,No More Heroes 3（ノーモア★ヒーローズ3）,2,,その他,マーベラス,0,1,Xbox One
2022-10-07,OnSkull Games,Curious Cases,2,,その他,OnSkull Games,0,1,Xbox One
2022-10-07,Outright Games Ltd.,L.O.L. サプライズ! B.B.のボーン・トゥー・トラベル,2,,その他,Outright Games Ltd.,0,1,Xbox One
2022-10-07,Devolver Digital,Serious Sam: Siberian Mayhem,2,,その他,Devolver Digital,0,1,Xbox One
2022-10-07,ケムコ,ドラゴンプラナ,2,,その他,ケムコ,0,1,Xbox One
2022-10-10,Beep Japan Inc.,Industria (インダストリア),2,,その他,Beep Japan Inc.,0,1,Xbox One
2022-10-11,tinyBuild,Asterigos: Curse of the Stars,2,,その他,tinyBuild,0,1,Xbox One
2022-10-11,"Versus Evil, LLC.",Eville,2,,その他,"Versus Evil, LLC.",0,1,Xbox One
2022-10-12,Puppet Combo,ブラッドウォッシ,2,,その他,Puppet Combo,0,1,Xbox One
2022-10-13,Fireline Games,Fueled Up,2,,その他,Fireline Games,0,1,Xbox One
2022-10-13,Thunderful Publishing AB,LEGO Bricktales（レゴ・ブリックテールズ）,2,,その他,Thunderful Publishing AB,0,1,Xbox One
2022-10-13,Daedalic Entertainment,Warpips,2,,その他,Daedalic Entertainment,0,1,Xbox One
2022-10-13,バンダイナムコエンターテインメント,ドラゴンボール ザ ブレイカーズ,2,,その他,バンダイナムコエンターテインメント,0,1,Xbox One
2022-10-13,DANGEN Entertainment,魔女の家MV,2,,その他,DANGEN Entertainment,0,1,Xbox One
2022-10-14,ラタライカゲームス,God Damn The Garden,2,,その他,ラタライカゲームス,0,1,Xbox One
2022-10-14,エレクトロニック・アーツ,NHL 23,2,,その他,エレクトロニック・アーツ,0,1,Xbox One
2022-10-14,101XP,The Darkest Tales,2,,その他,101XP,0,1,Xbox One
2022-10-14,2K,ゴルフ PGAツアー 2K23,2,,その他,2K,0,1,Xbox One
2022-10-19,Eastasiasoft Limited,41 Hours,2,,その他,Eastasiasoft Limited,0,1,Xbox One
2022-10-19,IllFonic,Ghostbusters: Spirits Unleashed（ゴーストバスターズ: スピリッツ・アンリーシュド）,2,,その他,IllFonic,0,1,Xbox One
2022-10-20,Team17,Batora: Lost Haven,2,,その他,Team17,0,1,Xbox One
2022-10-20,MD Games S.A.,Gas Station Simulator（ガソリンスタンド・シミュレーター）,2,,その他,MD Games S.A.,0,1,Xbox One
2022-10-20,Art Games Studio S.A.,WW2: Bunker Simulator,2,,その他,Art Games Studio S.A.,0,1,Xbox One
2022-10-20,株式会社ハムスター,ニコリのパズルW 美術館,2,,その他,株式会社ハムスター,0,1,Xbox One
2022-10-20,LEGO Games,レゴ ブロウルズ,2,,その他,LEGO Games,0,1,Xbox One
2022-10-21,2K,ニュー・テイルズ・フロム・ザ・ボーダーランズ,2,,その他,2K,0,1,Xbox One
2022-10-21,SEGA,ペルソナ5 ザ・ロイヤル,2,,その他,SEGA,0,1,Xbox One
2022-10-25,TaleWorlds Entertainment,Mount & blade II: Bannerlord(マウントアンドブレイド2 バナーロード),2,,その他,TaleWorlds Entertainment,0,1,Xbox One
2022-10-26,Totalconsole,Escape String,2,,その他,Totalconsole,0,1,Xbox One
2022-10-26,Rogueside,"Warhammer 40,000: Shootas, Blood & Teef",2,,その他,Rogueside,0,1,Xbox One
2022-10-27,505 Games,Gunfire Reborn（ガンファイヤー リボーン）,2,,その他,505 Games,0,1,Xbox One
2022-10-27,Klabater,Kaiju Wars,2,,その他,Klabater,0,1,Xbox One
2022-10-27,Humble Games,SIGNALIS,2,,その他,Humble Games,0,1,Xbox One
2022-10-27,スクウェア・エニックス,スターオーシャン 6 THE DIVINE FORCE,2,,その他,スクウェア・エニックス,0,1,Xbox One
2022-10-28,SOEDESCO,Charon's Staircase,2,,その他,SOEDESCO,0,1,Xbox One
2022-10-28,RED ART GAMES,Sophstar,2,,その他,RED ART GAMES,0,1,Xbox One
2022-10-28,アクティビジョン,コール オブ デューティ モダン・ウォーフェアII,2,,その他,アクティビジョン,0,1,Xbox One
2022-11-01,Freedom Games,Broken Pieces,2,,その他,Freedom Games,0,1,Xbox One
2022-11-01,Funcom,Conan Exiles,2,,その他,Funcom,0,1,Xbox One
2022-11-01,Ogre Pixel,Lonesome Village,2,,その他,Ogre Pixel,0,1,Xbox One
2022-11-01,Neon Doctrine,添丁の伝説,2,,その他,Neon Doctrine,0,1,Xbox One
2022-11-03,"E-Home Entertainment Development Co., Ltd",仙剣奇侠伝 ―守り合い―,2,,その他,"E-Home Entertainment Development Co., Ltd",0,1,Xbox One
2022-11-04,Humble Games,Ghost Song,2,,その他,Humble Games,0,1,Xbox One
2022-11-04,Digerati,Tanuki Sunset,2,,その他,Digerati,0,1,Xbox One
2022-11-04,Playstack,The Entropy Centre,2,,その他,Playstack,0,1,Xbox One
2022-11-04,ケムコ,白銀ノルニール,2,,その他,ケムコ,0,1,Xbox One
2022-11-08,SEGA ヨーロッパ,Football Manager 2023 Console,2,,その他,SEGA ヨーロッパ,0,1,Xbox One
2022-11-08,SEGA,ソニックフロンティア,2,,その他,SEGA,0,1,Xbox One
2022-11-09,Devolver Digital,Return to Monkey Island（リターン トゥ モンキー・アイランド）,2,,その他,Devolver Digital,0,1,Xbox One
2022-11-09,Eastasiasoft Limited,Super Woden GP,2,,その他,Eastasiasoft Limited,0,1,Xbox One
2022-11-09,tinyBuild,Trash Sailors,2,,その他,tinyBuild,0,1,Xbox One
2022-11-10,Microids,Garfield Lasagna Party,2,,その他,Microids,0,1,Xbox One
2022-11-10,astragon Entertainment GmbH,Police Simulator: Patrol Officers,2,,その他,astragon Entertainment GmbH,0,1,Xbox One
2022-11-10,Cellar Door Games,Rogue Legacy 2,2,,その他,Cellar Door Games,0,1,Xbox One
2022-11-10,poncle,Vampire Survivors,2,,その他,poncle,0,1,Xbox One
2022-11-10,株式会社ハムスター,ニコリのパズルW スリザーリンク,2,,その他,株式会社ハムスター,0,1,Xbox One
2022-11-15,アクティビジョン,Call of Duty: Warzone 2.0（コール オブ デューティ ウォーゾーン2.0）,2,,その他,アクティビジョン,0,1,Xbox One
2022-11-15,Ravenscourt,Let's Sing 2023,2,,その他,Ravenscourt,0,1,Xbox One
2022-11-15,Devolver Digital,McPixel 3,2,,その他,Devolver Digital,0,1,Xbox One
2022-11-15,Xbox Game Studios,Pentiment,2,,その他,Xbox Game Studios,0,1,Xbox One
2022-11-15,SOEDESCO,Somerville,2,,その他,SOEDESCO,0,1,Xbox One
2022-11-15,My Night Sun Games ( 私の夜の太陽のゲーム ),ガブリエルワールドザアドベンチャー,2,,その他,My Night Sun Games ( 私の夜の太陽のゲーム ),0,1,Xbox One
2022-11-16,Bedtime Digital Games,Figment: Journey Into the Mind,2,,その他,Bedtime Digital Games,0,1,Xbox One
2022-11-17,あまた株式会社,Backpack Twins（バックパックツインズ）,2,,その他,あまた株式会社,0,1,Xbox One
2022-11-17,Nacon,My Fantastic Ranch,2,,その他,Nacon,0,1,Xbox One
2022-11-18,Klabater,As Far As The Eye,2,,その他,Klabater,0,1,Xbox One
2022-11-18,ラタライカゲームス,Slime's Journey,2,,その他,ラタライカゲームス,0,1,Xbox One
2022-11-18,Toplitz Productions,Starsand,2,,その他,Toplitz Productions,0,1,Xbox One
2022-11-18,Super Rare Games,グラップルドッグ,2,,その他,Super Rare Games,0,1,Xbox One
2022-11-22,SOEDESCO,Saint Kotar,2,,その他,SOEDESCO,0,1,Xbox One
2022-11-22,PLAION（旧: Koch Media）,ガングレイヴG.O.R.E,2,YES,その他,PLAION（旧: Koch Media）,0,1,Xbox One
2022-11-23,Cube Games,Super Rebellion（スーパー反逆）,2,,その他,Cube Games,0,1,Xbox One
2022-11-24,No Gravity Games,Primal Light（最初の光）,2,,その他,No Gravity Games,0,1,Xbox One
2022-11-24,シティコネクション,クレオパトラフォーチュン Sトリビュート,2,,その他,シティコネクション,0,1,Xbox One
2022-11-25,QubicGames,Run Sausage Run!（走れ、ソーセージ、走れ！）,2,,その他,QubicGames,0,1,Xbox One
2022-11-25,ラタライカゲームス,嘘つきな王様の騙し方 リマスター版,2,,その他,ラタライカゲームス,0,1,Xbox One
2022-11-30,JanduSoft,Astronite,2,,その他,JanduSoft,0,1,Xbox One
2022-11-30,HOOK,EDENGATE: The Edge of Life,2,,その他,HOOK,0,1,Xbox One
2022-12-01,Chucklefish,Eastward（イーストワード）,2,,その他,Chucklefish,0,1,Xbox One
2022-12-01,バンダイナムコエンターテインメント,GUNDAM EVOLUTION（ガンダムエボリューション）,2,,その他,バンダイナムコエンターテインメント,0,1,Xbox One
2022-12-01,Supergonk,Warp Drive,2,,その他,Supergonk,0,1,Xbox One
2022-12-01,シティコネクション,エレベーターアクション -リターンズ- Sトリビュート,2,,その他,シティコネクション,0,1,Xbox One
2022-12-01,レイニーフロッグ,ソード オブ ザ バークラント,2,,その他,レイニーフロッグ,0,1,Xbox One
2022-12-01,アークシステムワークス,熱血硬派くにおくん外伝 リバーシティガールズ2,2,,その他,アークシステムワークス,0,1,Xbox One
2022-12-02,Team17,The Knight Witch,2,,その他,Team17,0,1,Xbox One
2022-12-02,RedDeerGames,ブロークン・ユニバース：タワーディフェンス,2,,その他,RedDeerGames,0,1,Xbox One
2022-12-02,2K,マーベル ミッドナイト・サンズ,2,,その他,2K,0,1,Xbox One
2022-12-06,Hi-Rez Studios,Divine Knockout（DKO）,2,,その他,Hi-Rez Studios,0,1,Xbox One
2022-12-06,astragon Entertainment,Firefighting Simulator - The Squad（ファイアファイティングシミュレーター ザ スクワッド）,2,,その他,astragon Entertainment,0,1,Xbox One
2022-12-06,tinyBuild,Hello Neighbor 2（ハロー ネイバー 2）,2,,その他,tinyBuild,0,1,Xbox One
2022-12-06,アンナプルナ・インタラクティブ,Hindsight,2,,その他,アンナプルナ・インタラクティブ,0,1,Xbox One
2022-12-06,Thunderful Publishing,Swordship,2,,その他,Thunderful Publishing,0,1,Xbox One
2022-12-08,Deck13 Spotlight,Chained Echoes,2,,その他,Deck13 Spotlight,0,1,Xbox One
2022-12-08,"E-Home Entertianment Development Co., Ltd",Dad's Monster House（怪物之家）,2,,その他,"E-Home Entertianment Development Co., Ltd",0,1,Xbox One
2022-12-08,Funcom,Metal: Hellsinger,2,,その他,Funcom,0,1,Xbox One
2022-12-08,Funcom,Metal: Hellsinger (Xbox One),2,,その他,Funcom,0,1,Xbox One
2022-12-08,3goo,ザ・ランブルフィッシュ2,2,,その他,3goo,0,1,Xbox One
2022-12-08,株式会社ハムスター,ニコリのパズルW ぬりかべ,2,,その他,株式会社ハムスター,0,1,Xbox One
2022-12-08,Lioncode Games,メカアルマダ,2,,その他,Lioncode Games,0,1,Xbox One
2022-12-09,ラタライカゲームス,Petite Adventure,2,,その他,ラタライカゲームス,0,1,Xbox One
2022-12-09,RedDeerGames,彼女は僕に消えてほしい,2,,その他,RedDeerGames,0,1,Xbox One
2022-12-13,スクエア・エニックス,CRISIS CORE –FINAL FANTASY VII– REUNION（クライシス コア -ファイナルファンタジーVII- リユニオン）,2,,その他,スクエア・エニックス,0,1,Xbox One
2022-12-13,"Squanch Games, Inc.",High On Life,2,,その他,"Squanch Games, Inc.",0,1,Xbox One
2022-12-13,Thunderful,Wavetale,2,,その他,Thunderful,0,1,Xbox One
2022-12-14,Devolver Digital,GRIS,2,,その他,Devolver Digital,0,1,Xbox One
2022-12-15,PID Games,Cassiodora,2,,その他,PID Games,0,1,Xbox One
2022-12-15,シティコネクション,赤い刀 真,2,,その他,シティコネクション,0,1,Xbox One
2022-12-16,Akupara Games,GRIME,2,,その他,Akupara Games,0,1,Xbox One
2022-12-16,Sunblink,HEROish（ヒロイッシュ）,2,,その他,Sunblink,0,1,Xbox One
2022-12-16,ラタライカゲームス,Panda Punch（パンダパンチ）,2,,その他,ラタライカゲームス,0,1,Xbox One
2022-12-16,RedDeerGames,へんなのさがし,2,,その他,RedDeerGames,0,1,Xbox One
2022-12-16,ケムコ,アルファディア ネオ,2,,その他,ケムコ,0,1,Xbox One
2022-12-16,RedDeerGames,レキ,2,,その他,RedDeerGames,0,1,Xbox One
2022-12-20,Cube Games,Project Snaqe,2,,その他,Cube Games,0,1,Xbox One
2022-12-21,Whale Rock Games,Space Accident,2,,その他,Whale Rock Games,0,1,Xbox One
2022-12-21,Funktronic Labs,Wave Break,2,,その他,Funktronic Labs,0,1,Xbox One
2022-12-21,COOL AS HECK GAMES LLC,ウォーリー (Wally and the FANTASTIC PREDATORS),2,,その他,COOL AS HECK GAMES LLC,0,1,Xbox One
2022-12-22,NetEase,NARAKA: BLADEPOINT(Xbox One),2,,その他,NetEase,0,1,Xbox One
2022-12-22,The Quantum Astrophysicists Guild,Sail Forth,2,,その他,The Quantum Astrophysicists Guild,0,1,Xbox One
2022-12-24,HypeTrain Digital,Tower Princess,2,,その他,HypeTrain Digital,0,1,Xbox One
2023-01-12,ラタライカゲームス,Chasing Static,2,,その他,ラタライカゲームス,0,1,Xbox One
2023-01-12,Daedalic Entertainment,Children of Silentown（サイレンタウンの子供たち）,2,,その他,Daedalic Entertainment,0,1,Xbox One
2023-01-12,シティコネクション,Dragon Blaze（ドラゴンブレイズ）,2,,その他,シティコネクション,0,1,Xbox One
2023-01-12,シティコネクション,GUNBARICH（ガンバリッチ）,2,,その他,シティコネクション,0,1,Xbox One
2023-01-12,シティコネクション,ZERO GUNNER 2-（ゼロガンナー2-）,2,,その他,シティコネクション,0,1,Xbox One
2023-01-12,株式会社ハムスター,ニコリのパズルW へやわけ,2,,その他,株式会社ハムスター,0,1,Xbox One
2023-01-13,RedDeerGames,地下ダンジョン,2,,その他,RedDeerGames,0,1,Xbox One
2023-01-18,Eastasiasoft Limited,Wings of Bluestar,2,,その他,Eastasiasoft Limited,0,1,Xbox One
2023-01-19,コーラス・ワールドワイド合同会社,A Space for the Unbound 心に咲く花,2,,その他,コーラス・ワールドワイド合同会社,0,1,Xbox One
2023-01-19,Sanuk,Graze Counter GM（グレイズカウンターGM）,2,,その他,Sanuk,0,1,Xbox One
2023-01-19,カリプソメディア,Tortuga - A Pirate's Tale（トルトゥーガ パイレーツ テイル）,2,,その他,カリプソメディア,0,1,Xbox One
2023-01-19,SEGA,ペルソナ3 ポータブル,2,,その他,SEGA,0,1,Xbox One
2023-01-19,SEGA,ペルソナ4 ザ・ゴールデン,2,,その他,SEGA,0,1,Xbox One
2023-01-20,カプコン,モンスターハンターライズ,2,,その他,カプコン,0,1,Xbox One
2023-01-24,THQ Nordic,Risen 1,2,,その他,THQ Nordic,0,1,Xbox One
2023-01-25,Ironhide Game Studio,Kingdom Rush,2,,その他,Ironhide Game Studio,0,1,Xbox One
2023-01-26,chaosmonger studio,Clunky Hero（クランキー・ヒーロー）,2,,その他,chaosmonger studio,0,1,Xbox One
2023-01-26,株式会社ディースリー・パブリッシャー,THE テーブルゲーム Deluxe Pack ～麻雀・囲碁・将棋・詰将棋・オセロ・カード・花札・二角取り・チェス・バックギャモン～,2,,その他,株式会社ディースリー・パブリッシャー,0,1,Xbox One
2023-01-26,フライハイワークス,TRANSIRUBY（トランシルビィ）,2,,その他,フライハイワークス,0,1,Xbox One
2023-01-26,ユービーアイソフト,オッドボーラーズ,2,,その他,ユービーアイソフト,0,1,Xbox One
2023-01-27,ラタライカゲームス,Wonderland Nights: White Rabbit's Diary,2,,その他,ラタライカゲームス,0,1,Xbox One
2023-01-27,Rare Ltd,ゴールデンアイ 007,2,,その他,Rare Ltd,0,1,Xbox One
2023-01-31,Total Mayhem Games,We Were Here Forever,2,,その他,Total Mayhem Games,0,1,Xbox One
2023-01-31,THQ Nordic,スポンジ・ボブ：ザ コズミック シェイク,2,,その他,THQ Nordic,0,1,Xbox One
2023-02-01,Xbox Game Studios,Age of Empires II: Definitive Edition（エイジ オブ エンパイアII：ディフィニティブ エディション）,2,,その他,Xbox Game Studios,0,1,Xbox One
2023-02-01,Daedalic Entertainment,Inkulinati（インクリナティ）,2,,その他,Daedalic Entertainment,0,1,Xbox One
2023-02-02,レイニーフロッグ,ExitMan Deluxe,2,,その他,レイニーフロッグ,0,1,Xbox One
2023-02-02,tinyBuild,Rhythm Sprout,2,,その他,tinyBuild,0,1,Xbox One
2023-02-02,シティコネクション,パズルボブル2X/バスト ア ムーブ2 アーケードエディション & パズルボブル3/バスト ア ムーブ3 Sトリビュート,2,,その他,シティコネクション,0,1,Xbox One
2023-02-02,シティコネクション,メタルブラック Sトリビュート,2,,その他,シティコネクション,0,1,Xbox One
2023-02-03,OnSkull Development IKE,Escape 2088,2,,その他,OnSkull Development IKE,0,1,Xbox One
2023-02-03,Super PowerUp Games,Speedway Racing（スピードウェイレーシング）,2,,その他,Super PowerUp Games,0,1,Xbox One
2023-02-03,アンナプルナ・インタラクティブ,The Pathless,2,,その他,アンナプルナ・インタラクティブ,0,1,Xbox One
2023-02-03,ケムコ,キングズディセント,2,,その他,ケムコ,0,1,Xbox One
2023-02-09,株式会社ハムスター,ニコリのパズルW 橋をかけろ,2,,その他,株式会社ハムスター,0,1,Xbox One
2023-02-10,Assemble Entertainment,Pizza Tycoon,2,,その他,Assemble Entertainment,0,1,Xbox One
2023-02-10,OnSkull Development IKE,The Experiment: Escape Room,2,,その他,OnSkull Development IKE,0,1,Xbox One
2023-02-10,Super PowerUP Games,Touchdown Pinball,2,,その他,Super PowerUP Games,0,1,Xbox One
2023-02-14,110 Industries SA,Wanted: Dead（ウォンテッド：デッド）,2,,その他,110 Industries SA,0,1,Xbox One
2023-02-15,Eastasiasoft Limited,Pocket Witch,2,,その他,Eastasiasoft Limited,0,1,Xbox One
2023-02-15,Totalconsole,W.A.R.P.,2,,その他,Totalconsole,0,1,Xbox One
2023-02-16,Zen Studios,Pinball FX（ピンボール FX）,2,,その他,Zen Studios,0,1,Xbox One
2023-02-16,バンダイナムコエンターテインメント,テイルズ オブ シンフォニア リマスター,2,,その他,バンダイナムコエンターテインメント,0,1,Xbox One
2023-02-17,Outright Games Ltd.,ギガントサウルス: ダイノカート,2,,その他,Outright Games Ltd.,0,1,Xbox One
2023-02-18,2Awesome Partners,Rise of Fox Hero,2,,その他,2Awesome Partners,0,1,Xbox One
2023-02-21,Focus Entertainment,Atomic Heart,2,,その他,Focus Entertainment,0,1,Xbox One
2023-02-22,KR Games,Remoteness,2,,その他,KR Games,0,1,Xbox One
2023-02-22,Galdra Studios,アルカディア・フォールン,2,,その他,Galdra Studios,0,1,Xbox One
2023-02-22,SEGA,龍が如く 維新！ 極,2,,その他,SEGA,0,1,Xbox One
2023-02-23,Nacon,Blood Bowl 3,2,,その他,Nacon,0,1,Xbox One
2023-02-23,Dovetail Games,CATAN （カタン）- コンソール・エディション,2,,その他,Dovetail Games,0,1,Xbox One
2023-02-23,Nacon,Chef Life: A Restaurant Simulator（シェフライフ レストランシミュレーター）,2,,その他,Nacon,0,1,Xbox One
2023-02-23,インティ・クリエイツ,Grim Guardians: Demon Purge（グリム・ガーディアンズ デーモンパージ）,2,,その他,インティ・クリエイツ,0,1,Xbox One
2023-02-23,Firestoke,Planet Cube: Edge（プラネットキューブ：エッジ）,2,,その他,Firestoke,0,1,Xbox One
2023-02-23,"NIS America, Inc.",Raiden IV x MIKADO remix（雷電Ⅳ×MIKADO remix）,2,,その他,"NIS America, Inc.",0,1,Xbox One
2023-02-23,株式会社モス,雷電III × MIKADO MANIAX,2,,その他,株式会社モス,0,1,Xbox One
2023-02-27,アーヴズ株式会社,Aabs Animals（アーヴズ・アニマルズ）,2,,その他,アーヴズ株式会社,0,1,Xbox One
2023-02-28,Prime Matter,Scars Above（スカーズ アバブ）,2,,その他,Prime Matter,0,1,Xbox One
2023-03-01,COWCAT,BROK the InvestiGator 名探偵ブロクと秘密の依頼,2,,その他,COWCAT,0,1,Xbox One
2023-03-02,Blue Isle Publishing,LEAP,2,,その他,Blue Isle Publishing,0,1,Xbox One
2023-03-02,Odencat,メグとばけもの,2,,その他,Odencat,0,1,Xbox One
2023-03-02,コーラス・ワールドワイド合同会社,ヴァナリス・タクティクス,2,,その他,コーラス・ワールドワイド合同会社,0,1,Xbox One
2023-03-03,Feardemic,DARQ Ultimate Edition,2,,その他,Feardemic,0,1,Xbox One
2023-03-03,OnSkull Development IKE,Escape First 3 Multiplayer,2,,その他,OnSkull Development IKE,0,1,Xbox One
2023-03-03,Klabater,Iris and the Giant,2,,その他,Klabater,0,1,Xbox One
2023-03-03,Super PowerUP Games,Jurassic Pinball,2,,その他,Super PowerUP Games,0,1,Xbox One
2023-03-03,コーエーテクモゲームス,Wo Long: Fallen Dynasty,2,,その他,コーエーテクモゲームス,0,1,Xbox One
2023-03-03,ケムコ,笑顔の錬金術師,2,,その他,ケムコ,0,1,Xbox One
2023-03-07,アークシステムワークス,GUILTY GEAR -STRIVE-（ギルティギア ストライヴ）,2,,その他,アークシステムワークス,0,1,Xbox One
2023-03-09,Atari,Caverns of Mars: Recharged,2,,その他,Atari,0,1,Xbox One
2023-03-09,Nacon,Clash: Artifacts of Chaos,2,,その他,Nacon,0,1,Xbox One
2023-03-09,Bedtime Digital Games,Figment 2: Creed Valley,2,,その他,Bedtime Digital Games,0,1,Xbox One
2023-03-09,Milestone S.r.l.,Monster Energy Supercross 6,2,,その他,Milestone S.r.l.,0,1,Xbox One
2023-03-09,Longterm Games,Space Tail: Every Journey Leads Home,2,,その他,Longterm Games,0,1,Xbox One
2023-03-09,Nacon,Transport Fever 2: Console Edition,2,,その他,Nacon,0,1,Xbox One
2023-03-09,Brinemedia,Zombie Derby: Pixel Survival,2,,その他,Brinemedia,0,1,Xbox One
2023-03-09,株式会社ハムスター,ニコリのパズルW ましゅ,2,,その他,株式会社ハムスター,0,1,Xbox One
2023-03-09,Feardemic,パペトゥラ (Papetura),2,,その他,Feardemic,0,1,Xbox One
2023-03-09,コーエーテクモゲームス,零 ～月蝕の仮面～,2,,その他,コーエーテクモゲームス,0,1,Xbox One
2023-03-10,Jujubee,FLASHOUT 3,2,,その他,Jujubee,0,1,Xbox One
2023-03-10,OverGamez,Titanium Hound,2,,その他,OverGamez,0,1,Xbox One
2023-03-10,OverGamez,Titanium Hound（チタニウム ハウンド）,2,,その他,OverGamez,0,1,Xbox One
2023-03-10,NAISU,Volley Pals,2,,その他,NAISU,0,1,Xbox One
2023-03-10,Joindots GmbH,emoji Kart Racer,2,,その他,Joindots GmbH,0,1,Xbox One
2023-03-10,PLAION,異夢迷都（イム・メイト）：果てなき螺旋,2,,その他,PLAION,0,1,Xbox One
2023-03-15,PixelPoint,BigChick,2,,その他,PixelPoint,0,1,Xbox One
2023-03-15,Hello There,Kung Fury: Street Rage,2,,その他,Hello There,0,1,Xbox One
2023-03-15,PID Games,Vernal Edge,2,,その他,PID Games,0,1,Xbox One
2023-03-15,SNEG,ブレードオブダークネス,2,,その他,SNEG,0,1,Xbox One
2023-03-16,ININ GAMES,Jitsu Squad（ジツ・スクワッド）,2,,その他,ININ GAMES,0,1,Xbox One
2023-03-16,マーベラス,LOOP8,2,,その他,マーベラス,0,1,Xbox One
2023-03-16,Wolcen Studio,Wolcen: Lords of Mayhem,2,,その他,Wolcen Studio,0,1,Xbox One
2023-03-17,ラタライカゲームス,The Guise,2,,その他,ラタライカゲームス,0,1,Xbox One
2023-03-17,2K,WWE 2K23,2,,その他,2K,0,1,Xbox One
2023-03-17,Ichigoichie,バックビート,2,,その他,Ichigoichie,0,1,Xbox One
2023-03-21,レベルファイブ,二ノ国II レヴァナントキングダム All In One Edition,2,,その他,レベルファイブ,0,1,Xbox One
2023-03-22,Tripwire Interactive LLC,Deceive Inc.,2,,その他,Tripwire Interactive LLC,0,1,Xbox One
2023-03-22,505 Games,Unheard ー罪の代弁ー,2,,その他,505 Games,0,1,Xbox One
2023-03-23,ユービーアイソフト,セトラーズ：新たな仲間たち,2,,その他,ユービーアイソフト,0,1,Xbox One
2023-03-24,Super PowerUP Games,Dragon Pinball（ドラゴンピンボール）,2,,その他,Super PowerUP Games,0,1,Xbox One
2023-03-24,NamaTakahashi,ElecHead,2,,その他,NamaTakahashi,0,1,Xbox One
2023-03-24,ラタライカゲームス,Steel Defier,2,,その他,ラタライカゲームス,0,1,Xbox One
2023-03-28,"Sloclap, Kepler Interactive",Sifu（師父）,2,,その他,"Sloclap, Kepler Interactive",0,1,Xbox One
2023-03-30,Team17,DREDGE,2,,その他,Team17,0,1,Xbox One
2023-03-30,WayForward,LUNARK〜ルナーク〜,2,,その他,WayForward,0,1,Xbox One
2023-03-30,PID Games,That's My Family: Family Fun Night,2,,その他,PID Games,0,1,Xbox One
2023-03-30,Thermite Games,ミスト探偵,2,,その他,Thermite Games,0,1,Xbox One
2023-03-31,"PM Studios, Inc.",Blade Assault,2,,その他,"PM Studios, Inc.",0,1,Xbox One
2023-03-31,Repixel8,Formula Retro Racing - World Tour,2,,その他,Repixel8,0,1,Xbox One
2023-03-31,Humble Games,Infinite Guitars,2,,その他,Humble Games,0,1,Xbox One
2023-03-31,tinyBuild,Mayhem in Single Valley,2,,その他,tinyBuild,0,1,Xbox One
2023-03-31,Super PowerUp Games,Rally Rock 'N Racing,2,,その他,Super PowerUp Games,0,1,Xbox One
2023-04-01,2Awesome Partners,Shukuchi Ninja,2,,その他,2Awesome Partners,0,1,Xbox One
2023-04-04,Devolver Digital,Loop Hero,2,,その他,Devolver Digital,0,1,Xbox One
2023-04-04,Behaviour Interactive Inc.,Meet Your Maker,2,,その他,Behaviour Interactive Inc.,0,1,Xbox One
2023-04-04,Ravenscourt Games,Road 96: Mile 0,2,,その他,Ravenscourt Games,0,1,Xbox One
2023-04-06,Phoenixx Inc.,Curse of the Sea Rats（カースオブザシーラッツ）,2,,その他,Phoenixx Inc.,0,1,Xbox One
2023-04-06,PLAYISM,溶鉄のマルフーシャ,2,,その他,PLAYISM,0,1,Xbox One
2023-04-07,EpiXR Games,Horror Tale 1: Kidnapper,2,,その他,EpiXR Games,0,1,Xbox One
2023-04-07,Neon Doctrine,バベルの図書館,2,,その他,Neon Doctrine,0,1,Xbox One
2023-04-11,Devolver Digital,Inscryption,2,,その他,Devolver Digital,0,1,Xbox One
2023-04-12,Frogwares,Sherlock Holmes The Awakened,2,,その他,Frogwares,0,1,Xbox One
2023-04-13,ININ GAMES,キャノンダンサー Osman,2,,その他,ININ GAMES,0,1,Xbox One
2023-04-13,株式会社ハムスター,ニコリのパズルW 四角に切れ,2,,その他,株式会社ハムスター,0,1,Xbox One
2023-04-14,Super PowerUP Games,Basketball Pinball,2,,その他,Super PowerUP Games,0,1,Xbox One
2023-04-14,HandyGames,DE-EXIT - Eternal Matters,2,,その他,HandyGames,0,1,Xbox One
2023-04-14,FreeMind S.A.,Split - manipulate time,2,,その他,FreeMind S.A.,0,1,Xbox One
2023-04-14,RockGame S.A.,Urbek City Builder,2,,その他,RockGame S.A.,0,1,Xbox One
2023-04-15,2Awesome Partners,Farm Slider,2,,その他,2Awesome Partners,0,1,Xbox One
2023-04-18,Modus Games,God of Rock,2,,その他,Modus Games,0,1,Xbox One
2023-04-18,Gameloft SE,ディズニー スピードストーム,2,,その他,Gameloft SE,0,1,Xbox One
2023-04-19,Eastasiasoft Limited,Ayre and the Crystal Comet（エアーと・クリスタル・コメット）,2,,その他,Eastasiasoft Limited,0,1,Xbox One
2023-04-19,日本マイクロソフト （Xbox Game Studios）,Minecraft Legends（マインクラフト レジェンズ）,2,YES,その他,日本マイクロソフト （Xbox Game Studios）,0,1,Xbox One
2023-04-19,Riot Forge,メイジシーカー: リーグ・オブ・レジェンド ストーリー,2,,その他,Riot Forge,0,1,Xbox One
2023-04-20,HOF Studios LLC,Panic Porcupine,2,,その他,HOF Studios LLC,0,1,Xbox One
2023-04-20,Modus Games,Teslagrad 2,2,,その他,Modus Games,0,1,Xbox One
2023-04-20,Modus Games,Teslagrad Remastered,2,,その他,Modus Games,0,1,Xbox One
2023-04-20,コーラス・ワールドワイド合同会社,コーヒートーク エピソード2：ハイビスカス＆バタフライ,2,,その他,コーラス・ワールドワイド合同会社,0,1,Xbox One
2023-04-21,Assemble Entertainment,Itorah,2,,その他,Assemble Entertainment,0,1,Xbox One
2023-04-21,Toplitz Productions,Medieval Dynasty,2,,その他,Toplitz Productions,0,1,Xbox One
2023-04-25,Serenity Forge,Smile For Me,2,,その他,Serenity Forge,0,1,Xbox One
2023-04-25,Frontier Developments,Stranded: Alien Dawn（ストランデット：エイリアン・ドーン）,2,,その他,Frontier Developments,0,1,Xbox One
2023-04-25,Embers,Strayed Lights,2,,その他,Embers,0,1,Xbox One
2023-04-25,Modus Games,アフターイメージ,2,,その他,Modus Games,0,1,Xbox One
2023-04-27,アークシステムワークス,BLAZBLUE CROSS TAG BATTLE Special Edition（ブレイブルー クロスタッグバトル スペシャルエディション）,2,,その他,アークシステムワークス,0,1,Xbox One
2023-04-28,Deep Silver,Dead Island 2,2,,その他,Deep Silver,0,1,Xbox One
2023-04-28,コーラス・ワールドワイド合同会社,ヴァーニーレイク,2,,その他,コーラス・ワールドワイド合同会社,0,1,Xbox One
2023-05-04,Odyssey Interactive,オメガストライカーズ（Omega Strikers）,2,,その他,Odyssey Interactive,0,1,Xbox One
2023-05-05,ワーナーブラザーズゲームス,ホグワーツ・レガシー,2,,その他,ワーナーブラザーズゲームス,0,1,Xbox One
2023-05-10,CheckMate Publishing,Size Matters（サイズ・マターズ）,2,,その他,CheckMate Publishing,0,1,Xbox One
2023-05-11,Perpetual-Europe,Death or Treat,2,,その他,Perpetual-Europe,0,1,Xbox One
2023-05-11,Artax Games,MathLand,2,,その他,Artax Games,0,1,Xbox One
2023-05-11,SunDust,ガーデン・シミュレーター,2,,その他,SunDust,0,1,Xbox One
2023-05-11,サイバーコネクトツー,戦場のフーガ2,2,,その他,サイバーコネクトツー,0,1,Xbox One
2023-05-12,2K,マーベル ミッドナイト・サンズ,2,,その他,2K,0,1,Xbox One
2023-05-18,Amplitude STUDIOS,ENDLESS Dungeon,2,,その他,Amplitude STUDIOS,0,1,Xbox One
2023-05-18,Rainy Frog,インフィニ,2,,その他,Rainy Frog,0,1,Xbox One
2023-05-18,bilibili Game,斬妖行,2,,その他,bilibili Game,0,1,Xbox One
2023-05-19,ラタライカゲームス,Cyber Citizen Shockman（改造町人シュビビンマン）,2,,その他,ラタライカゲームス,0,1,Xbox One
2023-05-19,Assemble Entertainment,XEL,2,,その他,Assemble Entertainment,0,1,Xbox One
2023-05-19,2K,レゴ2K ドライブ,2,,その他,2K,0,1,Xbox One
2023-05-24,Focus Entertainment,"Warhammer 40,000: Boltgun",2,,その他,Focus Entertainment,0,1,Xbox One
2023-05-24,Riot Forge,コンバージェンス：リーグ・オブ・レジェンド ストーリー,2,,その他,Riot Forge,0,1,Xbox One
2023-05-25,シティコネクション,BATSUGUN サターントリビュート Boosted,2,,その他,シティコネクション,0,1,Xbox One
2023-05-25,Raw Fury,Cassette Beasts（カセットビースト）,2,,その他,Raw Fury,0,1,Xbox One
2023-05-25,"E-Home Entertianment Development Co., Ltd",Evil Wizard,2,,その他,"E-Home Entertianment Development Co., Ltd",0,1,Xbox One
2023-05-25,アークシステムワークス,RWBY アロウフェル,2,,その他,アークシステムワークス,0,1,Xbox One
2023-05-25,カリプソ・メディア,Railway Empire 2（レイルウェイ エンパイア2）,2,,その他,カリプソ・メディア,0,1,Xbox One
2023-05-25,Nacon,The Lord of the Rings: Gollum,2,,その他,Nacon,0,1,Xbox One
2023-05-25,Nacon,The Lord of the Rings: Gollum（ザ・ロード・オブ・ザ・リング：ゴラム）,2,,その他,Nacon,0,1,Xbox One
2023-05-25,X PLUS Company Limited,バットボーイ,2,,その他,X PLUS Company Limited,0,1,Xbox One
2023-05-26,Catness Game Studios,Chronicles of 2 Heroes,2,,その他,Catness Game Studios,0,1,Xbox One
2023-05-26,"DESTINYbit, Amplifier Game Invest",Dice Legacy（ダイスレガシー）,2,,その他,"DESTINYbit, Amplifier Game Invest",0,1,Xbox One
2023-05-26,UltimateGames,Drill Deal - Oil Tycoon,2,,その他,UltimateGames,0,1,Xbox One
2023-05-26,Super PowerUP Games,Pirates Pinball,2,,その他,Super PowerUP Games,0,1,Xbox One
2023-05-26,Humble Games,Protodroid DeLTA,2,,その他,Humble Games,0,1,Xbox One
2023-05-26,ケムコ,エンシェントハンター,2,,その他,ケムコ,0,1,Xbox One
2023-05-26,CFK,ミラクルスイーツショップ,2,,その他,CFK,0,1,Xbox One
2023-05-31,7Levels,Railbound: レールバウンド,2,,その他,7Levels,0,1,Xbox One
2023-05-31,エレクトロニック・アーツ,Super Mega Baseball 4,2,,その他,エレクトロニック・アーツ,0,1,Xbox One
2023-06-01,"Rogue Games, Inc.",Homebody,2,,その他,"Rogue Games, Inc.",0,1,Xbox One
2023-06-01,マーベラス,LOOP8（ループエイト）,2,,その他,マーベラス,0,1,Xbox One
2023-06-01,バンダイナムコエンターテインメント,みんな大好き塊魂アンコール＋ 王様プチメモリー,2,,その他,バンダイナムコエンターテインメント,0,1,Xbox One
2023-06-02,SelectaPlay,マイダイコン– Daikon Simulator,2,,その他,SelectaPlay,0,1,Xbox One
2023-06-06,Relic Entertainment,Company of Heroes 3,2,,その他,Relic Entertainment,0,1,Xbox One
2023-06-07,Dear Villagers,Nocturnal,2,,その他,Dear Villagers,0,1,Xbox One
2023-06-07,Eastasiasoft Limited,SENSEs: Midnight,2,,その他,Eastasiasoft Limited,0,1,Xbox One
2023-06-08,Milestone S.r.l.,MotoGP 23,2,,その他,Milestone S.r.l.,0,1,Xbox One
2023-06-14,Focus Entertainment,Dordogne（ドルドーニュ）,2,,その他,Focus Entertainment,0,1,Xbox One
2023-06-15,Tribute Games inc.,Steel Assault,2,,その他,Tribute Games inc.,0,1,Xbox One
2023-06-16,エレクトロニック・アーツ,F1 23,2,,その他,エレクトロニック・アーツ,0,1,Xbox One
2023-06-16,RedDeerGames,Mixx Island: Remix Plus（ミックス島：リミックスプラス）,2,,その他,RedDeerGames,0,1,Xbox One
2023-06-16,Puppet Combo,Stay Out of the House,2,,その他,Puppet Combo,0,1,Xbox One
2023-06-20,アクティビジョン,クラッシュ・チーム・ランブル,2,,その他,アクティビジョン,0,1,Xbox One
2023-06-22,PIXELHEART,Alice Sisters,2,,その他,PIXELHEART,0,1,Xbox One
2023-06-22,HypeTrain Digital,Nova Lands,2,,その他,HypeTrain Digital,0,1,Xbox One
2023-06-23,"Whitethorn Games, Inc.",APICO,2,,その他,"Whitethorn Games, Inc.",0,1,Xbox One
2023-06-23,Thunderful,Dr. Fetus' Mean Meat Machine（ドクター・フィータス・ミーン・ミート・マシーン）,2,,その他,Thunderful,0,1,Xbox One
2023-06-23,Sprakelsoft GmbH,Gravity Thrust,2,,その他,Sprakelsoft GmbH,0,1,Xbox One
2023-06-23,Sprakelsoft GmbH,Gravity Thrust（グラビティー・スラスト）,2,,その他,Sprakelsoft GmbH,0,1,Xbox One
2023-06-23,tinyBuild,The Bookwalker: Thief of Tales,2,,その他,tinyBuild,0,1,Xbox One
2023-06-27,Tunnel Vision Studio,Placid Plastic Duck Simulator,2,,その他,Tunnel Vision Studio,0,1,Xbox One
2023-06-27,SHUEISHA GAMES,SOULVARS（ソウルヴァース）,2,,その他,SHUEISHA GAMES,0,1,Xbox One
2023-06-27,ケムコ,ゾンビ・オブ・ザ・ドット,2,,その他,ケムコ,0,1,Xbox One
2023-06-27,bilibili,フィスト 紅蓮城の闇,2,,その他,bilibili,0,1,Xbox One
2023-06-29,THQ Nordic,AEW: Fight Forever,2,,その他,THQ Nordic,0,1,Xbox One
2023-06-29,Hi-Rez Studios,Divine Knockout (DKO),2,,その他,Hi-Rez Studios,0,1,Xbox One
2023-06-29,ディースリー・パブリッシャー,THE トランプ パーフェクトコレクション Plus ～（長い為、省略）～,2,,その他,ディースリー・パブリッシャー,0,1,Xbox One
2023-06-30,カプコン,ゴースト トリック,2,,その他,カプコン,0,1,Xbox One
2023-06-30,Forever Entertainment S.A.,フロントミッション ザ・ファースト:リメイク,2,,その他,Forever Entertainment S.A.,0,1,Xbox One
2023-07-01,バンダイナムコエンターテインメント,みんな大好き塊魂アンコール＋ 王様プチメモリー,2,,その他,バンダイナムコエンターテインメント,0,1,Xbox One
2023-07-06,Tequila Works,GYLT,2,,その他,Tequila Works,0,1,Xbox One
2023-07-06,SUNSOFT,ギミック! SPECIAL EDITION,2,,その他,SUNSOFT,0,1,Xbox One
2023-07-07,ラタライカゲームス,Garlic,2,,その他,ラタライカゲームス,0,1,Xbox One
2023-07-07,Super PowerUP Games,サファリピンボール（Safari Pinball）,2,,その他,Super PowerUP Games,0,1,Xbox One
2023-07-12,Thomas Happ Games LLC,Axiom Verge 2,2,,その他,Thomas Happ Games LLC,0,1,Xbox One
2023-07-12,Triternion,MORDHAU,2,,その他,Triternion,0,1,Xbox One
2023-07-12,Akupara Games,Rain World,2,,その他,Akupara Games,0,1,Xbox One
2023-07-12,Eastasiasoft Limited,Sea Horizon（シー・ホライゾン）,2,,その他,Eastasiasoft Limited,0,1,Xbox One
2023-07-13,ハムスター,ニコリのパズルW ひとりにしてくれ,2,,その他,ハムスター,0,1,Xbox One
2023-07-14,Assemble Entertainment,Orbital Bullet,2,,その他,Assemble Entertainment,0,1,Xbox One
2023-07-14,カプコン,エグゾプライマル,2,,その他,カプコン,0,1,Xbox One
2023-07-18,Meridiem Games S.L.,Insomnis,2,,その他,Meridiem Games S.L.,0,1,Xbox One
2023-07-18,Something We Made,TOEM,2,,その他,Something We Made,0,1,Xbox One
2023-07-19,アンナプルナ・インタラクティブ,MAQUETTE,2,,その他,アンナプルナ・インタラクティブ,0,1,Xbox One
2023-07-19,ESDigital Games,REMEDIUM: Sentinels,2,,その他,ESDigital Games,0,1,Xbox One
2023-07-19,subSilico,Spirit Hunters: Infinite Horde,2,,その他,subSilico,0,1,Xbox One
2023-07-20,Autumn Games,Skullgirls 2nd Encore,2,,その他,Autumn Games,0,1,Xbox One
2023-07-20,ケムコ,クロステイルズ,2,,その他,ケムコ,0,1,Xbox One
2023-07-20,コーラス・ワールドワイド合同会社,フランク＆ドレイク,2,,その他,コーラス・ワールドワイド合同会社,0,1,Xbox One
2023-07-21,Antstream Ltd,Antstream Arcade,2,,その他,Antstream Ltd,0,1,Xbox One
2023-07-21,tinyBuild,Punch Club 2: Fast Forward,2,,その他,tinyBuild,0,1,Xbox One
2023-07-21,ラタライカゲームス,Sephonie (セフォニー),2,,その他,ラタライカゲームス,0,1,Xbox One
2023-07-21,エレクトロニック・アーツ,アヴェウムの騎士団,2,,その他,エレクトロニック・アーツ,0,1,Xbox One
2023-07-25,Cygnus Entertainment,Colossal Cave,2,,その他,Cygnus Entertainment,0,1,Xbox One
2023-07-25,Atari,Mr. Run and Jump,2,,その他,Atari,0,1,Xbox One
2023-07-27,Modus Games,Double Dragon Gaiden: Rise of the Dragons（ダブルドラゴン外伝ライズ・オブ・ザ・ドラゴン）,2,,その他,Modus Games,0,1,Xbox One
2023-07-28,ChiliDog Interactive,Demonic Supremacy,2,,その他,ChiliDog Interactive,0,1,Xbox One
2023-08-01,Frontier Developments,F1 マネージャー2023,2,,その他,Frontier Developments,0,1,Xbox One
2023-08-02,Somber Pixel,Night Reverie,2,,その他,Somber Pixel,0,1,Xbox One
2023-08-02,Eastasiasoft Limited,The Red Exile - Survival Horror,2,,その他,Eastasiasoft Limited,0,1,Xbox One
2023-08-02,HypeTrain Digital,There Is No Light,2,,その他,HypeTrain Digital,0,1,Xbox One
2023-08-02,FDG Entertainment,オーシャンホーン2：亡国の騎士,2,,その他,FDG Entertainment,0,1,Xbox One
2023-08-03,ケムコ,ケムコ50タイトル記念パック,2,,その他,ケムコ,0,1,Xbox One
2023-08-04,Astrah LLC,Astralojia: Season 1,2,,その他,Astrah LLC,0,1,Xbox One
2023-08-04,Iceberg Interactive,Strange Horticulture -幻想植物店-,2,,その他,Iceberg Interactive,0,1,Xbox One
2023-08-09,Eastasiasoft Limited,Fluffy Milo,2,,その他,Eastasiasoft Limited,0,1,Xbox One
2023-08-09,Seashell Studio,Running Fable,2,,その他,Seashell Studio,0,1,Xbox One
2023-08-09,PID Games,Skábma - Snowfall,2,,その他,PID Games,0,1,Xbox One
2023-08-10,アンナプルナ・インタラクティブ,Stray,2,,その他,アンナプルナ・インタラクティブ,0,1,Xbox One
2023-08-10,Humble Games,Stray Gods: The Roleplaying Musical,2,,その他,Humble Games,0,1,Xbox One
2023-08-11,ベセスダ・ソフトワークス,Quake II,2,,その他,ベセスダ・ソフトワークス,0,1,Xbox One
2023-08-15,エレクトロニック・アーツ,Madden NFL 24,2,,その他,エレクトロニック・アーツ,0,1,Xbox One
2023-08-15,Team17,Moving Out 2（ムービングアウト 2）,2,,その他,Team17,0,1,Xbox One
2023-08-16,Triomatica Games,Boxville,2,,その他,Triomatica Games,0,1,Xbox One
2023-08-16,Sometimes You,Creepy Tale: Ingrid Penance（クリーピーテイル：イングリッドの罪滅ぼし）,2,,その他,Sometimes You,0,1,Xbox One
2023-08-16,Silesia Games Sp. z o.o.,にゃんこの城（A Castle Full of Cats）,2,,その他,Silesia Games Sp. z o.o.,0,1,Xbox One
2023-08-17,"Marble It Up, LLC",Marble It Up! Ultra,2,,その他,"Marble It Up, LLC",0,1,Xbox One
2023-08-17,Atari,Quantum: Recharged,2,,その他,Atari,0,1,Xbox One
2023-08-17,フライハイワークス,SHINOBI NON GRATA（シノビ ノングラータ）,2,,その他,フライハイワークス,0,1,Xbox One
2023-08-17,DX Gameworks LLC,Warstone TD Gold Edition,2,,その他,DX Gameworks LLC,0,1,Xbox One
2023-08-18,ケムコ,鋼鉄幻想記クロムウルフ,2,,その他,ケムコ,0,1,Xbox One
2023-08-23,Xbox Game Studios,Age of Empires IV: Anniversary Edition,2,,その他,Xbox Game Studios,0,1,Xbox One
2023-08-24,2pt Interactive,Heavenly Bodies,2,,その他,2pt Interactive,0,1,Xbox One
2023-08-24,Milestone S.r.l.,RIDE 5,2,,その他,Milestone S.r.l.,0,1,Xbox One
2023-08-24,Serenity Forge,Virgo Versus The Zodiac,2,,その他,Serenity Forge,0,1,Xbox One
2023-08-24,ハムスター,ニコリのパズルW カックロ,2,,その他,ハムスター,0,1,Xbox One
2023-08-25,フロム・ソフトウェア,ARMORED CORE VI FIRES OF RUBICON,2,,その他,フロム・ソフトウェア,0,1,Xbox One
2023-08-25,ラタライカゲームス,Ashina: The Red Witch,2,,その他,ラタライカゲームス,0,1,Xbox One
2023-08-25,TOMAGameStudio,Overdriven Evolution,2,,その他,TOMAGameStudio,0,1,Xbox One
2023-08-25,ユービーアイソフト,ライダーズ リパブリック,2,,その他,ユービーアイソフト,0,1,Xbox One
2023-08-25,ケムコ,探しものは、夏ですか。,2,,その他,ケムコ,0,1,Xbox One
2023-08-29,Sabotage Studio,Sea of Stars,2,,その他,Sabotage Studio,0,1,Xbox One
2023-08-29,Quantic Dream,Under The Waves,2,,その他,Quantic Dream,0,1,Xbox One
2023-08-30,Expansive Worlds,Call of the Wild: The Angler,2,,その他,Expansive Worlds,0,1,Xbox One
2023-08-30,Digital Eclipse,The Making of Karateka,2,,その他,Digital Eclipse,0,1,Xbox One
2023-08-30,Eastasiasoft Limited,女鬼橋 開魂路,2,,その他,Eastasiasoft Limited,0,1,Xbox One
2023-08-31,Leonardo Interactive s.r.l,Daymare: 1994 Sandcastle（デイメア：1994）,2,,その他,Leonardo Interactive s.r.l,0,1,Xbox One
2023-08-31,Pentadimensional Games,Tenebris Pictura,2,,その他,Pentadimensional Games,0,1,Xbox One
2023-08-31,THQ Nordic,Trine 5: A Clockwork Conspiracy（トライン５：ぜんまい仕掛けの陰謀）,2,,その他,THQ Nordic,0,1,Xbox One
2023-09-01,Team Reptile,Bomb Rush Cyberfunk,2,,その他,Team Reptile,0,1,Xbox One
2023-09-01,OverGamez,Cats and the Other Lives,2,,その他,OverGamez,0,1,Xbox One
2023-09-01,PlaySys,DREAMERS,2,,その他,PlaySys,0,1,Xbox One
2023-09-01,ラタライカゲームス,Gastro Force（ガストロ・フォース）,2,,その他,ラタライカゲームス,0,1,Xbox One
2023-09-06,Ninja Kiwi,Bloons TD 6,2,,その他,Ninja Kiwi,0,1,Xbox One
2023-09-07,Freedom Games,Funtasia,2,,その他,Freedom Games,0,1,Xbox One
2023-09-07,Meridiem Games S.L.,The Many Pieces of Mr. Coo,2,,その他,Meridiem Games S.L.,0,1,Xbox One
2023-09-08,PERP GAMES,Enchanted Portals,2,,その他,PERP GAMES,0,1,Xbox One
2023-09-08,ユメゲームスタジオ,FOXES NEED TO EAT,2,,その他,ユメゲームスタジオ,0,1,Xbox One
2023-09-08,2K,NBA 2K24,2,,その他,2K,0,1,Xbox One
2023-09-13,Invincible Cat,Gravity Oddity,2,,その他,Invincible Cat,0,1,Xbox One
2023-09-13,Eastasiasoft Limited,Mystic Gate,2,,その他,Eastasiasoft Limited,0,1,Xbox One
2023-09-14,Aeternum Game Studios,Summum Aeterna,2,,その他,Aeternum Game Studios,0,1,Xbox One
2023-09-14,Total Mayhem Games,We Were Here Expeditions: The FriendShip,2,,その他,Total Mayhem Games,0,1,Xbox One
2023-09-14,ユービーアイソフト,ザ クルー：モーターフェス,2,,その他,ユービーアイソフト,0,1,Xbox One
2023-09-14,コナミデジタルエンタテインメント,スーパーボンバーマン R 2,2,,その他,コナミデジタルエンタテインメント,0,1,Xbox One
2023-09-14,BBG Entertainment GmbH,ダイナブラスター,2,,その他,BBG Entertainment GmbH,0,1,Xbox One
2023-09-15,Super PowerUP Games,Werewolf Pinball,2,,その他,Super PowerUP Games,0,1,Xbox One
2023-09-15,カイロソフト,お住まい夢物語DX,2,,その他,カイロソフト,0,1,Xbox One
2023-09-15,カイロソフト,ゆけむり温泉郷,2,,その他,カイロソフト,0,1,Xbox One
2023-09-15,カイロソフト,ゲーム発展国++,2,,その他,カイロソフト,0,1,Xbox One
2023-09-15,カイロソフト,冒険ダンジョン村,2,,その他,カイロソフト,0,1,Xbox One
2023-09-15,ケムコ,異世界輪舞 ～御社も異世界もブラックなのでここから先はホワイトライフを目指します！～,2,,その他,ケムコ,0,1,Xbox One
2023-09-15,カイロソフト,箱庭シティ鉄道,2,,その他,カイロソフト,0,1,Xbox One
2023-09-19,NEOWIZ,Lies of P(Pの嘘),2,,その他,NEOWIZ,0,1,Xbox One
2023-09-21,Microids,Operation Wolf Returns: First Mission（オペレーション ウルフ リターンズ：ファースト・ミッション）,2,,その他,Microids,0,1,Xbox One
2023-09-22,ラタライカゲームス,Cyber Citizen Shockman 2: A New Menace（改造町人シュビビンマン2-新たなる敵-）,2,,その他,ラタライカゲームス,0,1,Xbox One
2023-09-22,Playstige Interactive,Venatrix Game,2,,その他,Playstige Interactive,0,1,Xbox One
2023-09-22,Lightning Games,アノー：ミューテーショネム,2,,その他,Lightning Games,0,1,Xbox One
2023-09-28,DANGEN ENTERTAINMENT,Abomi Nation,2,,その他,DANGEN ENTERTAINMENT,0,1,Xbox One
2023-09-28,Feardemic,Afterdream,2,,その他,Feardemic,0,1,Xbox One
2023-09-28,Clockwork Origins,CyberTD,2,,その他,Clockwork Origins,0,1,Xbox One
2023-09-28,JanduSoft,Mechs V Kaijus,2,,その他,JanduSoft,0,1,Xbox One
2023-09-28,Ravenage Games,The Crackpet Show: Happy Tree Friends Edition（クレイジーペットショー：ハッピーツリーフレンズエディション）,2,,その他,Ravenage Games,0,1,Xbox One
2023-09-28,Kwalee,Wildmender（ワイルドメンダー）,2,,その他,Kwalee,0,1,Xbox One
2023-09-29,エレクトロニック・アーツ,EA SPORTS FC 24,2,,その他,エレクトロニック・アーツ,0,1,Xbox One
2023-09-29,RedDeerGames,ディフレクター,2,,その他,RedDeerGames,0,1,Xbox One
2023-09-29,Outright Games Ltd.,パウ・パトロール ワールド,2,,その他,Outright Games Ltd.,0,1,Xbox One
2023-09-30,アンナプルナ・インタラクティブ,Cocoon,2,,その他,アンナプルナ・インタラクティブ,0,1,Xbox One
2023-10-04,Playtonic Friends,Blossom Tales II: The Minotaur Prince,2,,その他,Playtonic Friends,0,1,Xbox One
2023-10-04,Merge Games,Cry Babies Magic Tears: The Big Game,2,,その他,Merge Games,0,1,Xbox One
2023-10-05,Ultimate Games,Anthology of Fear,2,,その他,Ultimate Games,0,1,Xbox One
2023-10-05,Nacon,Asterix & Obelix: Heroes,2,,その他,Nacon,0,1,Xbox One
2023-10-05,Untold Tales,Bang-On Balls: Chronicles,2,,その他,Untold Tales,0,1,Xbox One
2023-10-05,Microids,The Sisters 2 - Road to Fame,2,,その他,Microids,0,1,Xbox One
2023-10-05,ユービーアイソフト,アサシン クリード ミラージュ,2,,その他,ユービーアイソフト,0,1,Xbox One
2023-10-05,バンダイナムコエンターテインメント,ソードアート・オンライン ラスト リコレクション,2,,その他,バンダイナムコエンターテインメント,0,1,Xbox One
2023-10-06,QubicGames S.A.,Aquarium Land,2,,その他,QubicGames S.A.,0,1,Xbox One
2023-10-06,Hound Picked Games,Sunshine Manor,2,,その他,Hound Picked Games,0,1,Xbox One
2023-10-06,OverGamez,Torn Away,2,,その他,OverGamez,0,1,Xbox One
2023-10-06,Gogii Games,Virtual Families Cook Off: 第1章 さあ、行こう,2,,その他,Gogii Games,0,1,Xbox One
2023-10-07,エレクトロニック・アーツ,NHL 24,2,,その他,エレクトロニック・アーツ,0,1,Xbox One
2023-10-07,Wayfarer Games Ltd,Polyfury（ポリフューリー）,2,,その他,Wayfarer Games Ltd,0,1,Xbox One
2023-10-07,Megame Studio,Zumania - マジックカジュアルパズル,2,,その他,Megame Studio,0,1,Xbox One
2023-10-10,Frozen Way,Builder Simulator,2,,その他,Frozen Way,0,1,Xbox One
2023-10-11,Eastasiasoft Limited,RedRaptor,2,,その他,Eastasiasoft Limited,0,1,Xbox One
2023-10-11,Meridiem Games S.L.,The Crown of Wu,2,,その他,Meridiem Games S.L.,0,1,Xbox One
2023-10-12,mc2games,Between Time: Escape Room,2,,その他,mc2games,0,1,Xbox One
2023-10-12,Curve Games,From Space,2,,その他,Curve Games,0,1,Xbox One
2023-10-12,Bigben Interactive,Hotel: A Resort Simulator,2,,その他,Bigben Interactive,0,1,Xbox One
2023-10-12,Microids,サバイバー - キャストアウェイ・アイランド (Survivor - Castaway Island),2,,その他,Microids,0,1,Xbox One
2023-10-13,Outright Games Ltd.,TRANSFORMERS: EARTHSPARK - Expedition,2,,その他,Outright Games Ltd.,0,1,Xbox One
2023-10-13,ケムコ,アルファディアⅠ＆Ⅱ,2,,その他,ケムコ,0,1,Xbox One
2023-10-17,SEGA,ソニックスーパースターズ,2,,その他,SEGA,0,1,Xbox One
2023-10-19,Nacon,Animal Hospital,2,,その他,Nacon,0,1,Xbox One
2023-10-19,SEGA,ENDLESS Dungeon（エンドレス ダンジョン）,2,,その他,SEGA,0,1,Xbox One
2023-10-19,Milestone S.r.l.,HOT WHEELS UNLEASHED 2,2,,その他,Milestone S.r.l.,0,1,Xbox One
2023-10-19,We Dig Games,Harmony's Odyssey,2,,その他,We Dig Games,0,1,Xbox One
2023-10-19,Microids,アガサ・クリスティ：オリエント急行殺人事件,2,,その他,Microids,0,1,Xbox One
2023-10-19,Firestoke,ビッシュ・バッシュ・ボット,2,,その他,Firestoke,0,1,Xbox One
2023-10-20,Baltoro Games,Burger Chef Tycoon（バーガーシェフ・タイクーン）,2,,その他,Baltoro Games,0,1,Xbox One
2023-10-20,Omni Games,Loco Parentis,2,,その他,Omni Games,0,1,Xbox One
2023-10-20,PID Games,Spirit Of The Island,2,,その他,PID Games,0,1,Xbox One
2023-10-20,Microids,暖雪,2,,その他,Microids,0,1,Xbox One
2023-10-25,CubeCube Sports Ltd.,Barista Simulator,2,,その他,CubeCube Sports Ltd.,0,1,Xbox One
2023-10-25,EpiXR Games,Horror Tale 2: Samantha,2,,その他,EpiXR Games,0,1,Xbox One
2023-10-25,MediaCity Games,The Inheritance of Crimson Manor,2,,その他,MediaCity Games,0,1,Xbox One
2023-10-26,DX Gameworks,Hamster on Rails（ハムスター・オン・レールズ）,2,,その他,DX Gameworks,0,1,Xbox One
2023-10-26,Humble Games,Mineko's Night Market,2,,その他,Humble Games,0,1,Xbox One
2023-10-26,"Versus Evil, LLC",Stray Souls （ストレイ・ソウルズ）,2,,その他,"Versus Evil, LLC",0,1,Xbox One
2023-10-26,ハチノヨン,UNDERTALE,2,YES,その他,ハチノヨン,0,1,Xbox One
2023-10-26,Humble Games,ミネコのナイトマーケット,2,,その他,Humble Games,0,1,Xbox One
2023-10-26,Perfect Day Studio,完璧な一日,2,,その他,Perfect Day Studio,0,1,Xbox One
2023-10-27,Ultimate Games,Car Detailing Simulator（カーディテイリングシミュレーター）,2,,その他,Ultimate Games,0,1,Xbox One
2023-10-27,SOEDESCO,DESOLATIUM,2,,その他,SOEDESCO,0,1,Xbox One
2023-10-27,Super PowerUP Games,Halloween Pinball,2,,その他,Super PowerUP Games,0,1,Xbox One
2023-10-31,Team17,Headbangers: Rhythm Royale,2,,その他,Team17,0,1,Xbox One
2023-11-01,The Behemoth,Alien Hominid HD,2,,その他,The Behemoth,0,1,Xbox One
2023-11-01,The Behemoth,Alien Hominid Invasion,2,,その他,The Behemoth,0,1,Xbox One
2023-11-02,PM Studios、DMM GAMES,My Time at Sandrock（きみのまち サンドロック）,2,,その他,PM Studios、DMM GAMES,0,1,Xbox One
2023-11-02,Microids,The Smurfs 2: グリーンストーンのとりこ,2,,その他,Microids,0,1,Xbox One
2023-11-02,mc2games,Wizardry School: Escape Room,2,,その他,mc2games,0,1,Xbox One
2023-11-02,Cygames,リトル ノア 楽園の後継者,2,,その他,Cygames,0,1,Xbox One
2023-11-03,Play on Worlds,Bakart Games,2,,その他,Play on Worlds,0,1,Xbox One
2023-11-03,Bakart Games,Call of Toys: Tower Defense!,2,,その他,Bakart Games,0,1,Xbox One
2023-11-03,アンナプルナ・インタラクティブ,Thirsty Suitors,2,,その他,アンナプルナ・インタラクティブ,0,1,Xbox One
2023-11-03,Outright Games Ltd.,ジュマンジ: ワイルドアドベンチャー,2,,その他,Outright Games Ltd.,0,1,Xbox One
2023-11-07,Poppy Works,Devil Engine: Complete Edition,2,,その他,Poppy Works,0,1,Xbox One
2023-11-07,SEGA,Football Manager 2024,2,,その他,SEGA,0,1,Xbox One
2023-11-07,"RyseUp Studios, Starbreeze Publishing",Roboquest,2,,その他,"RyseUp Studios, Starbreeze Publishing",0,1,Xbox One
2023-11-08,Ultimate Games,Motorcycle Mechanic Simulator 2021,2,,その他,Ultimate Games,0,1,Xbox One
2023-11-08,Doborog Games,クローンドローン - デンジャーゾーン -,2,,その他,Doborog Games,0,1,Xbox One
2023-11-09,Nacon,Wildshade: Unicorn Champions,2,,その他,Nacon,0,1,Xbox One
2023-11-09,アークシステムワークス,ダブルドラゴン アドバンス,2,,その他,アークシステムワークス,0,1,Xbox One
2023-11-09,アークシステムワークス,リターン・オブ・ダブルドラゴン,2,,その他,アークシステムワークス,0,1,Xbox One
2023-11-09,SEGA,龍が如く7外伝 名を消した男,2,,その他,SEGA,0,1,Xbox One
2023-11-10,アクティビジョン・ブリザード,Call of Duty: Modern Warfare III（コール オブ デューティ モダン・ウォーフェア 3）,2,,その他,アクティビジョン・ブリザード,0,1,Xbox One
2023-11-10,ケムコ,グレイスオブリトアール,2,,その他,ケムコ,0,1,Xbox One
2023-11-11,Wild River Games GmbH,DINOSAURS: Mission Dino Camp,2,,その他,Wild River Games GmbH,0,1,Xbox One
2023-11-13,Microids,アステリックス＆オベリクス – 平手打ちの嵐！2,2,,その他,Microids,0,1,Xbox One
2023-11-14,コナミデジタルエンタテインメント,SUPER CRAZY RHYTHM CASTLE,2,,その他,コナミデジタルエンタテインメント,0,1,Xbox One
2023-11-15,Parallel Space Inc.,Hades' Star: DARK NEBULA,2,,その他,Parallel Space Inc.,0,1,Xbox One
2023-11-15,Devolver Digital,KarmaZoo,2,,その他,Devolver Digital,0,1,Xbox One
2023-11-15,Eastasiasoft Limited,Lily in Puzzle World,2,,その他,Eastasiasoft Limited,0,1,Xbox One
2023-11-15,ベセスダ・ソフトワークス,The Elder Scrolls Online（エルダー・スクロールズ・オンライン）,2,,その他,ベセスダ・ソフトワークス,0,1,Xbox One
2023-11-16,THQ Nordic,Jagged Alliance 3（ジャギドアライアンス 3）,2,,その他,THQ Nordic,0,1,Xbox One
2023-11-16,バンダイナムコエンターテインメント,NARUTO X BORUTO ナルティメットストームコネクションズ,2,,その他,バンダイナムコエンターテインメント,0,1,Xbox One
2023-11-16,Retroware,Prison City,2,,その他,Retroware,0,1,Xbox One
2023-11-16,Playstack,The Last Faith,2,,その他,Playstack,0,1,Xbox One
2023-11-16,カイロソフト,名門ポケット学院２,2,,その他,カイロソフト,0,1,Xbox One
2023-11-16,インティ・クリエイツ,幻日のヨハネ-BLAZE in theDEEPBLUE-,2,,その他,インティ・クリエイツ,0,1,Xbox One
2023-11-16,カイロソフト,海鮮!!すし街道,2,,その他,カイロソフト,0,1,Xbox One
2023-11-16,カイロソフト,財閥タウンズＶ,2,,その他,カイロソフト,0,1,Xbox One
2023-11-17,Gaming Factory S.A.,Bakery Simulator,2,,その他,Gaming Factory S.A.,0,1,Xbox One
2023-11-17,SEGA,ペルソナ５ タクティカ,2,,その他,SEGA,0,1,Xbox One
2023-11-18,2K,WWE 2K23,2,,その他,2K,0,1,Xbox One
2023-11-21,Coatsink,Worldless（ワールドレス）,2,,その他,Coatsink,0,1,Xbox One
2023-11-22,LAN - GAMES EOOD,Farm Builder（ファームビルダー）,2,,その他,LAN - GAMES EOOD,0,1,Xbox One
2023-11-22,Eastasiasoft Limited,SETTRIS,2,,その他,Eastasiasoft Limited,0,1,Xbox One
2023-11-23,PINIX GAMES,Alina of the Arena,2,,その他,PINIX GAMES,0,1,Xbox One
2023-11-23,BlitWorks,Train Valley 2 - Community Edition,2,,その他,BlitWorks,0,1,Xbox One
2023-11-24,Forever Entertainment S. A.,Timberman: The Big Adventure,2,,その他,Forever Entertainment S. A.,0,1,Xbox One
2023-11-24,Baltoro Games,Train Traffic Manager: 列車交通マネージャー,2,,その他,Baltoro Games,0,1,Xbox One
2023-11-29,Whale Rock Games,Dofamine,2,,その他,Whale Rock Games,0,1,Xbox One
2023-11-29,Whale Rock Games,Heavy Burden,2,,その他,Whale Rock Games,0,1,Xbox One
2023-11-29,Xbox Game Studios,Killer Instinct: Anniversary Edition,2,,その他,Xbox Game Studios,0,1,Xbox One
2023-11-29,Eastasiasoft Limited,The Traveler's Path,2,,その他,Eastasiasoft Limited,0,1,Xbox One
2023-11-30,JanduSoft,Crashy Laps,2,,その他,JanduSoft,0,1,Xbox One
2023-11-30,Graffiti Games,Elderand,2,,その他,Graffiti Games,0,1,Xbox One
2023-11-30,Nacon,Gangs of Sherwood,2,,その他,Nacon,0,1,Xbox One
2023-11-30,Baltoro Games,Pixel Cafe,2,,その他,Baltoro Games,0,1,Xbox One
2023-11-30,Aerosoft GmbH,Truck and Logistics Simulator,2,,その他,Aerosoft GmbH,0,1,Xbox One
2023-11-30,IKINA GAMES,今、私たちの学校は,2,,その他,IKINA GAMES,0,1,Xbox One
2023-12-01,Serenity Forge,Arcadian Atlas,2,,その他,Serenity Forge,0,1,Xbox One
2023-12-01,BlitWorks,Kingdoms and Castles,2,,その他,BlitWorks,0,1,Xbox One
2023-12-01,Thunderful Publishing,SteamWorld Build,2,,その他,Thunderful Publishing,0,1,Xbox One
2023-12-01,Nightdive Studios,Turok 3: Shadow of Oblivion Remastered,2,,その他,Nightdive Studios,0,1,Xbox One
2023-12-04,Secret Mode,Make Way,2,,その他,Secret Mode,0,1,Xbox One
2023-12-07,Joindots GmbH,Fall of the New Age - Collectors Edition,2,,その他,Joindots GmbH,0,1,Xbox One
2023-12-07,United Games Entertainment GmbH,Irem Collection Volume 1,2,,その他,United Games Entertainment GmbH,0,1,Xbox One
2023-12-07,ININ GAMES,コットン100％,2,,その他,ININ GAMES,0,1,Xbox One
2023-12-07,ININ GAMES,パノラマコットン,2,,その他,ININ GAMES,0,1,Xbox One
2023-12-07,ININ GAMES,奇々怪界 黒マントの謎,2,,その他,ININ GAMES,0,1,Xbox One
2023-12-07,ININ GAMES,時計じかけのアクワリオ,2,,その他,ININ GAMES,0,1,Xbox One
2023-12-08,Feardemic,Evil Nun: The Broken Mask（イービル・ナン：ザ・ブロークン・マスク）,2,,その他,Feardemic,0,1,Xbox One
2023-12-08,ラタライカゲームス,Fearmonium,2,,その他,ラタライカゲームス,0,1,Xbox One
2023-12-08,Klabater,Ruinarch,2,,その他,Klabater,0,1,Xbox One
2023-12-14,PLAYISM,グノーシア,2,,その他,PLAYISM,0,1,Xbox One
2023-12-14,"E-Home Entertianment Development Co., Ltd",ハードコア・メカ：ブレイブエディション,2,,その他,"E-Home Entertianment Development Co., Ltd",0,1,Xbox One
2023-12-20,COWCAT,BROK the InvestiGator 名探偵ブロクと秘密の依頼,2,,その他,COWCAT,0,1,Xbox One
2023-12-20,Sarepta Studio,My Child Lebensborn Remastered（マイ・チルド レーベンスボルン リマスター）,2,,その他,Sarepta Studio,0,1,Xbox One
2023-12-20,"Eastasiasoft Limited, Galope",Ravva and the Phantom Library,2,,その他,"Eastasiasoft Limited, Galope",0,1,Xbox One
2023-12-20,Omni Games,Vostok 2061,2,,その他,Omni Games,0,1,Xbox One
2023-12-20,Take IT Studio! sp. z o. o.,fig.game,2,,その他,Take IT Studio! sp. z o. o.,0,1,Xbox One
2023-12-21,Two Star Games,Choo-Choo Charles（チューチュー・チャールズ）,2,,その他,Two Star Games,0,1,Xbox One
2023-12-21,Daedalic Entertainment,Rough Justice: '84,2,,その他,Daedalic Entertainment,0,1,Xbox One
2023-12-21,The Game Publisher,STUFFED,2,,その他,The Game Publisher,0,1,Xbox One
2023-12-21,Assemble Entertainment,Three Minutes To Eight,2,,その他,Assemble Entertainment,0,1,Xbox One
2023-12-21,3goo,ザ・ランブルフィッシュ＋,2,,その他,3goo,0,1,Xbox One
2023-12-21,Mindscape,ペーパーマン： 冒険の配達,2,,その他,Mindscape,0,1,Xbox One
2023-12-22,Super PowerUp Games,9Ball Pocket,2,,その他,Super PowerUp Games,0,1,Xbox One
2023-12-22,ケムコ,刃神のアマテラス,2,,その他,ケムコ,0,1,Xbox One
2023-12-23,Vulcron,Pixel Strike 3D,2,,その他,Vulcron,0,1,Xbox One
2023-12-28,"E-Home Entertianment Development Co., Ltd",Metal Mind,2,,その他,"E-Home Entertianment Development Co., Ltd",0,1,Xbox One
2024-01-05,Untold Tales,Tools Up - Ultimate Edition,2,,その他,Untold Tales,0,1,Xbox One
2024-01-09,Devolver Digital,Enter x Exit the Gungeon,2,,その他,Devolver Digital,0,1,Xbox One
2024-01-11,Gaming Factory S.A.,Electrician Simulator,2,,その他,Gaming Factory S.A.,0,1,Xbox One
2024-01-18,"Amplitude STUDIOS, SEGA",ENDLESS Dungeon（エンドレス ダンジョン）,2,,その他,"Amplitude STUDIOS, SEGA",0,1,Xbox One
2024-01-18,コーラス・ワールドワイド合同会社,ザ・ピクセルパルプ・コレクション,2,,その他,コーラス・ワールドワイド合同会社,0,1,Xbox One
2024-01-18,ユービーアイソフト,プリンス オブ ペルシャ 失われた王冠,2,,その他,ユービーアイソフト,0,1,Xbox One
2024-01-19,ポケットペア,PALWORLD（パルワールド）,2,,その他,ポケットペア,0,1,Xbox One
2024-01-19,Deck13 Spotlight,Rising Lords,2,,その他,Deck13 Spotlight,0,1,Xbox One
2024-01-19,Graffiti Games,Turnip Boy Robs a Bank,2,,その他,Graffiti Games,0,1,Xbox One
2024-01-19,ケムコ,グレイアランの吸血騎士,2,,その他,ケムコ,0,1,Xbox One
2024-01-26,SEGA,龍が如く８,2,,その他,SEGA,0,1,Xbox One
2024-02-01,Ellada Games,Knights of Braveland,2,,その他,Ellada Games,0,1,Xbox One
2024-02-01,Riot Forge,ヌヌの唄：リーグ・オブ・レジェンド ストーリー,2,,その他,Riot Forge,0,1,Xbox One
2024-02-01,バンダイナムコエンターテインメント,呪術廻戦 戦華双乱,2,,その他,バンダイナムコエンターテインメント,0,1,Xbox One
2024-02-01,カイロソフト,大海賊クエスト島DX,2,,その他,カイロソフト,0,1,Xbox One
2024-02-02,Cascadia Games LLC,Mighty Aphid 2,2,,その他,Cascadia Games LLC,0,1,Xbox One
2024-02-02,SEGA,ペルソナ３ リロード,2,,その他,SEGA,0,1,Xbox One
2024-02-06,CollectorVision Games,Sydney Hunter And The Curse Of The Mayan（シドニー・ハンターとマヤの呪い）,2,,その他,CollectorVision Games,0,1,Xbox One
2024-02-08,Torture Star Video,Cannibal Abduction 〜人食い家族に誘拐される事件〜,2,,その他,Torture Star Video,0,1,Xbox One
2024-02-08,Hello There Games/Warner Music,INVECTOR: RHYTHM GALAXY,2,,その他,Hello There Games/Warner Music,0,1,Xbox One
2024-02-09,Brain Station 23,Control:Override,2,,その他,Brain Station 23,0,1,Xbox One
2024-02-14,Aspyr,Tomb Raider I-III Remastered Starring Lara Croft,2,,その他,Aspyr,0,1,Xbox One
2024-02-15,インティ・クリエイツ,GUNVOLT RECORDS 電子軌録律（サイクロニクル）,2,,その他,インティ・クリエイツ,0,1,Xbox One
2024-02-15,PID Games,Lords of Exile（ロードオフエグザイル - ガブリエルの影）,2,,その他,PID Games,0,1,Xbox One
2024-02-15,Merge Games,Smalland: Survive the Wilds,2,,その他,Merge Games,0,1,Xbox One
2024-02-15,Yogscast Games,プレートアップ！,2,,その他,Yogscast Games,0,1,Xbox One
2024-02-15,あまた株式会社,世界の為の全ての少女,2,,その他,あまた株式会社,0,1,Xbox One
2024-02-16,Secret Mode,A Little to the Left,2,,その他,Secret Mode,0,1,Xbox One
2024-02-16,CubeCube Sports LTD.,BBQ Simulator: The Squad,2,,その他,CubeCube Sports LTD.,0,1,Xbox One
2024-02-16,Bakart Games,Call of Heroes: Tower Defense,2,,その他,Bakart Games,0,1,Xbox One
2024-02-16,ラタライカゲームス,Caveman Ransom,2,,その他,ラタライカゲームス,0,1,Xbox One
2024-02-16,Marco Amadei,イージーレッド2,2,,その他,Marco Amadei,0,1,Xbox One
2024-02-16,ケムコ,幻想クロニクル,2,,その他,ケムコ,0,1,Xbox One
2024-02-20,Atari,qomp2,2,,その他,Atari,0,1,Xbox One
2024-02-21,Playstack Ltd,Balatro,2,,その他,Playstack Ltd,0,1,Xbox One
2024-02-21,Landfall,ROUNDS,2,,その他,Landfall,0,1,Xbox One
2024-02-22,502 Studios,502's Arcade,2,,その他,502 Studios,0,1,Xbox One
2024-02-22,Nacon,Garden Life: A Cozy Simulator,2,,その他,Nacon,0,1,Xbox One
2024-02-22,Brain Seal Ltd,Geometry Survivor（ジオメトリー・サバイバー）,2,,その他,Brain Seal Ltd,0,1,Xbox One
2024-02-22,"Ziggurat Interactive, Inc.",Slave Zero X（スレイブゼロエックス)）,2,,その他,"Ziggurat Interactive, Inc.",0,1,Xbox One
2024-02-22,"Scopely, Inc.",レトロなホットドッグパック,2,,その他,"Scopely, Inc.",0,1,Xbox One
2024-02-27,Klabater,Bio Inc. Redemption（バイオ株式会社 Redemption）,2,,その他,Klabater,0,1,Xbox One
2024-02-27,Afil Games,Mimi the Cat: Mimi's Scratcher,2,,その他,Afil Games,0,1,Xbox One
2024-02-27,ATENT GAMES LLC,TRUDOGRAD,2,,その他,ATENT GAMES LLC,0,1,Xbox One
2024-02-28,Hoplite Research LLC,BROADSWORD: WARLORD EDITION,2,,その他,Hoplite Research LLC,0,1,Xbox One
2024-02-29,Artax Games,PopSlinger,2,,その他,Artax Games,0,1,Xbox One
2024-02-29,カイロソフト,ジャンボ空港物語,2,,その他,カイロソフト,0,1,Xbox One
2024-02-29,カイロソフト,創作ハンバーガー堂,2,,その他,カイロソフト,0,1,Xbox One
2024-02-29,カイロソフト,大江戸タウンズ,2,,その他,カイロソフト,0,1,Xbox One
2024-02-29,カイロソフト,開店デパート日記,2,,その他,カイロソフト,0,1,Xbox One
2024-03-01,ラタライカゲームス,One More Dungeon 2,2,,その他,ラタライカゲームス,0,1,Xbox One
2024-03-01,Versus Evil,Tamarak Trail,2,,その他,Versus Evil,0,1,Xbox One
2024-03-01,Madruga Works,The Mobius Machine,2,,その他,Madruga Works,0,1,Xbox One
2024-03-01,SUNSOFT,へべれけ2,2,,その他,SUNSOFT,0,1,Xbox One
2024-03-02,Replayne,Dynacat,2,,その他,Replayne,0,1,Xbox One
2024-03-02,Gameloft SE,ディズニー ドリームライトバレー：時間の裂け目,2,,その他,Gameloft SE,0,1,Xbox One
2024-03-05,Focus Entertainment,Expeditions: A MudRunner Game,2,,その他,Focus Entertainment,0,1,Xbox One
2024-03-06,Santa Ragione,Mediterranea Inferno,2,,その他,Santa Ragione,0,1,Xbox One
2024-03-06,Red Barrels - Montreal,The Outlast Trials,2,,その他,Red Barrels - Montreal,0,1,Xbox One
2024-03-07,4J Studios Ltd.,Manic Mechanics （マニック・メカニクス）,2,,その他,4J Studios Ltd.,0,1,Xbox One
2024-03-07,GSC Game World,S.T.A.L.K.E.R.: Call of Prypiat,2,,その他,GSC Game World,0,1,Xbox One
2024-03-07,GSC Game World,S.T.A.L.K.E.R.: Clear Sky,2,,その他,GSC Game World,0,1,Xbox One
2024-03-07,GSC Game World,S.T.A.L.K.E.R.: Legends of the Zone Trilogy,2,,その他,GSC Game World,0,1,Xbox One
2024-03-07,GSC Game World,S.T.A.L.K.E.R.: Shadow of Chornobyl,2,,その他,GSC Game World,0,1,Xbox One
2024-03-07,ユービーアイソフト,バリアント ハート：カミングホーム,2,,その他,ユービーアイソフト,0,1,Xbox One
2024-03-08,Bucketplay Inc.,Metaball,2,,その他,Bucketplay Inc.,0,1,Xbox One
2024-03-08,2K,WWE 2K24,2,,その他,2K,0,1,Xbox One
2024-03-08,ラタライカゲームス,Xatrom Command,2,,その他,ラタライカゲームス,0,1,Xbox One
2024-03-08,Burst2Flame Games,ストーレンレルム,2,,その他,Burst2Flame Games,0,1,Xbox One
2024-03-08,ケムコ,封魔戦記エルドギア,2,,その他,ケムコ,0,1,Xbox One
2024-03-12,コナミデジタルエンタテインメント,魂斗羅 オペレーション ガルガ,2,,その他,コナミデジタルエンタテインメント,0,1,Xbox One
2024-03-13,Digital Eclipse,Llamasoft: The Jeff Minter Story,2,,その他,Digital Eclipse,0,1,Xbox One
2024-03-13,Strange Beat Games,Treasures Of The Roman Empire,2,,その他,Strange Beat Games,0,1,Xbox One
2024-03-13,Eastasiasoft Limited,ヴァイオレットフジ子,2,,その他,Eastasiasoft Limited,0,1,Xbox One
2024-03-14,PixelHeart,Astebros,2,,その他,PixelHeart,0,1,Xbox One
2024-03-14,Dire Wolf Digital,Dune: Imperium,2,,その他,Dire Wolf Digital,0,1,Xbox One
2024-03-14,JanduSoft,Rebel Transmute,2,,その他,JanduSoft,0,1,Xbox One
2024-03-14,"E-Home Entertianment Development Co., Ltd",じじいの不思議な冒険,2,,その他,"E-Home Entertianment Development Co., Ltd",0,1,Xbox One
2024-03-14,DANGEN Entertainment,ダンジョンドラフターズ,2,,その他,DANGEN Entertainment,0,1,Xbox One
2024-03-15,ラタライカゲームス,Orion Haste,2,,その他,ラタライカゲームス,0,1,Xbox One
2024-03-15,COMMANDO PANDA,Sherlock Purr 2,2,,その他,COMMANDO PANDA,0,1,Xbox One
2024-03-19,MLB,MLB The Show 24,2,,その他,MLB,0,1,Xbox One
2024-03-20,Eastasiasoft Limited,Master Maker 3D Ultimate,2,,その他,Eastasiasoft Limited,0,1,Xbox One
2024-03-26,Wired Productions,Bulwark: Falconeer Chronicles,2,,その他,Wired Productions,0,1,Xbox One
2024-03-26,"GungHo Online Entertainment America, Inc.",グランディア HDコレクション,2,,その他,"GungHo Online Entertainment America, Inc.",0,1,Xbox One
2024-03-27,GrahamOfLegend,Super Space Club,2,,その他,GrahamOfLegend,0,1,Xbox One
2024-03-29,Dolores Entertainment,7Days Heroes,2,,その他,Dolores Entertainment,0,1,Xbox One
2024-03-29,Glowstick Entertainment,House,2,,その他,Glowstick Entertainment,0,1,Xbox One
2024-03-29,アンナプルナ・インタラクティブ,Open Roads,2,,その他,アンナプルナ・インタラクティブ,0,1,Xbox One
2024-03-29,Noble Steed Games,The Master's Pupil,2,,その他,Noble Steed Games,0,1,Xbox One
2024-04-03,Eastasiasoft Limited,Flightpath: Adventures in Venaris,2,,その他,Eastasiasoft Limited,0,1,Xbox One
2024-04-03,Sometimes You,Knowledge Keeper,2,,その他,Sometimes You,0,1,Xbox One
2024-04-04,Art Games Studio S.A.,Alchemist: The Potion Monger,2,,その他,Art Games Studio S.A.,0,1,Xbox One
2024-04-04,"XSEED Games / Marvelous USA, Inc.",Freedom Planet 2,2,,その他,"XSEED Games / Marvelous USA, Inc.",0,1,Xbox One
2024-04-04,Hugecalf Studios,Turbo Golf Racing,2,,その他,Hugecalf Studios,0,1,Xbox One
2024-04-04,カイロソフト,合戦!!にんじゃ村,2,,その他,カイロソフト,0,1,Xbox One
2024-04-04,カイロソフト,大盛グルメ食堂,2,,その他,カイロソフト,0,1,Xbox One
2024-04-09,Whitethorn Games,Botany Manor,2,,その他,Whitethorn Games,0,1,Xbox One
2024-04-11,Tiny Warrior Games,Ato,2,,その他,Tiny Warrior Games,0,1,Xbox One
2024-04-12,BUCK,Let's! Revolution!,2,,その他,BUCK,0,1,Xbox One
2024-04-12,ラタライカゲームス,Outer Terror,2,,その他,ラタライカゲームス,0,1,Xbox One
2024-04-12,3D Realms Entertainment ApS,The Kindeman Remedy,2,,その他,3D Realms Entertainment ApS,0,1,Xbox One
2024-04-12,ケムコ,グロリアスセイバー,2,,その他,ケムコ,0,1,Xbox One
2024-04-15,HandyGames,PERISH,2,,その他,HandyGames,0,1,Xbox One
2024-04-18,PQube Limited,ArcRunner,2,,その他,PQube Limited,0,1,Xbox One
2024-04-18,カイロソフト,アパレル洋品店,2,,その他,カイロソフト,0,1,Xbox One
2024-04-18,カイロソフト,サッカークラブ物語,2,,その他,カイロソフト,0,1,Xbox One
2024-04-22,クリプトン・フューチャー・メディア,初音ミク 不思議なホシと願いのかけら,2,,その他,クリプトン・フューチャー・メディア,0,1,Xbox One
2024-04-24,505 Games,百英雄伝,2,,その他,505 Games,0,1,Xbox One
2024-04-26,ケムコ,妄想凶ザナトリウム,2,,その他,ケムコ,0,1,Xbox One
2024-05-03,ラタライカゲームス,Cyber Citizen Shockman 3: The princess from another world （改造町人シュビビンマン3 -異界のプリンセス-）,2,,その他,ラタライカゲームス,0,1,Xbox One
2024-05-03,Untold Tales,"Ready, Steady, Ship!（急げ！運べ！積み込め！）",2,,その他,Untold Tales,0,1,Xbox One
2024-05-07,DESTROYER DOGGO,Brocula,2,,その他,DESTROYER DOGGO,0,1,Xbox One
2024-05-08,Silesia Games Sp. z o.o.,15in1 Solitaire,2,,その他,Silesia Games Sp. z o.o.,0,1,Xbox One
2024-05-09,ININ GAMES,Rainbow Cotton（レインボーコットン）,2,,その他,ININ GAMES,0,1,Xbox One
2024-05-10,Double Dagger Studio,"Little Kitty, Big City",2,,その他,Double Dagger Studio,0,1,Xbox One
2024-05-15,Sometimes You,Awesome Pea 3,2,,その他,Sometimes You,0,1,Xbox One
2024-05-15,"Thekla, Inc.","Braid, Anniversary Edition（Braid: アニバーサリーエディション）",2,,その他,"Thekla, Inc.",0,1,Xbox One
2024-05-15,Eastasiasoft Limited,Electronics Puzzle Lab,2,,その他,Eastasiasoft Limited,0,1,Xbox One
2024-05-15,Silesia Games,Please Fix The Road,2,,その他,Silesia Games,0,1,Xbox One
2024-05-15,Two Cakes Studio,Time Trap: Hidden Objects Remastered（タイムトラップ: アイテム探しゲーム リマスター）,2,,その他,Two Cakes Studio,0,1,Xbox One
2024-05-16,カイロソフト,こだわりラーメン館,2,,その他,カイロソフト,0,1,Xbox One
2024-05-16,カイロソフト,アニメスタジオ物語,2,,その他,カイロソフト,0,1,Xbox One
2024-05-16,コーラス・ワールドワイド合同会社,リードオンリーメモリーズ：ニューロダイバー,2,,その他,コーラス・ワールドワイド合同会社,0,1,Xbox One
2024-05-17,ラタライカゲームス,FoxyRush,2,,その他,ラタライカゲームス,0,1,Xbox One
2024-05-17,Merge Games,Morbid: The Lords of Ire,2,,その他,Merge Games,0,1,Xbox One
2024-05-17,NintaiStudios,Spellcats: Auto Card Tactics,2,,その他,NintaiStudios,0,1,Xbox One
2024-05-17,Outright Games Limited.,マイリトルポニー：ゼファー・ハイツの謎,2,,その他,Outright Games Limited.,0,1,Xbox One
2024-05-21,Newfangled Games,Paper Trail（ペーパートレイル）,2,,その他,Newfangled Games,0,1,Xbox One
2024-05-22,Idea Factory International,Neptunia: Sisters VS Sisters(超次元ゲイム ネプテューヌ Sisters vs Sisters),2,,その他,Idea Factory International,0,1,Xbox One
2024-05-22,Prime Matter,System Shock（システムショック）,2,,その他,Prime Matter,0,1,Xbox One
2024-05-22,Silesia Games,Ultra Foodmess 2,2,,その他,Silesia Games,0,1,Xbox One
2024-05-24,OverGamez,Hand in Hand,2,,その他,OverGamez,0,1,Xbox One
2024-05-24,Puppet Combo,The Glass Staircase,2,,その他,Puppet Combo,0,1,Xbox One
2024-05-24,バンダイナムコエンターテインメント,ドラゴンボール ゼノバース2,2,,その他,バンダイナムコエンターテインメント,0,1,Xbox One
2024-05-24,インティ・クリエイツ,ロロパズミクス,2,,その他,インティ・クリエイツ,0,1,Xbox One
2024-05-27,Saber Interactive,Redout 2,2,,その他,Saber Interactive,0,1,Xbox One
2024-05-28,ワーナーブラザーズゲームズ,MultiVersus,2,,その他,ワーナーブラザーズゲームズ,0,1,Xbox One
2024-05-29,Gaming Factory S.A.,Lesson Learned,2,,その他,Gaming Factory S.A.,0,1,Xbox One
2024-05-29,Sometimes You,Terminal 81,2,,その他,Sometimes You,0,1,Xbox One
2024-05-30,Daedalic Entertainment,Capes,2,,その他,Daedalic Entertainment,0,1,Xbox One
2024-05-30,Epic Games,Horizon Chase 2,2,,その他,Epic Games,0,1,Xbox One
2024-05-30,Blue Brain Games,The House of Da Vinci 2,2,,その他,Blue Brain Games,0,1,Xbox One
2024-05-30,インティ・クリエイツ,九魂の久遠,2,,その他,インティ・クリエイツ,0,1,Xbox One
2024-05-31,Versus Evil,Astor: Blade of the Monolith,2,,その他,Versus Evil,0,1,Xbox One
2024-05-31,Enhance,HUMANITY,2,,その他,Enhance,0,1,Xbox One
2024-05-31,Digital Cybercherries Limited,HYPERCHARGE Unboxed,2,,その他,Digital Cybercherries Limited,0,1,Xbox One
2024-05-31,TERNOX,O-VOID: Console Edition,2,,その他,TERNOX,0,1,Xbox One
2024-06-01,エレクトロニック・アーツ,F1 24,2,,その他,エレクトロニック・アーツ,0,1,Xbox One
2024-06-04,Nacon,Hunting Simulator 2,2,,その他,Nacon,0,1,Xbox One
2024-06-04,Nacon,RiMS Racing,2,,その他,Nacon,0,1,Xbox One
2024-06-05,BlitWorks,Dig or Die: Console Edition,2,,その他,BlitWorks,0,1,Xbox One
2024-06-05,Eastasiasoft Limited,Ghost Teen Escape from Limbo,2,,その他,Eastasiasoft Limited,0,1,Xbox One
2024-06-05,Humble Games,"Rolling Hills: Make Sushi, Make Friends",2,,その他,Humble Games,0,1,Xbox One
2024-06-05,カプコン,モンスターハンター:ワールド,2,,その他,カプコン,0,1,Xbox One
2024-06-06,カイロソフト,G1牧場ステークス,2,,その他,カイロソフト,0,1,Xbox One
2024-06-06,スクウェア・エニックス,OCTOPATH TRAVELER II（オクトパストラベラー 2）,2,,その他,スクウェア・エニックス,0,1,Xbox One
2024-06-06,Microids,The Smurfs - Village Party,2,,その他,Microids,0,1,Xbox One
2024-06-06,カイロソフト,ふれあい出版局,2,,その他,カイロソフト,0,1,Xbox One
2024-06-07,Waraní Studios,POMBERO: The Lord of the Night,2,,その他,Waraní Studios,0,1,Xbox One
2024-06-07,ラタライカゲームス,Rider's Spirits,2,,その他,ラタライカゲームス,0,1,Xbox One
2024-06-07,Lucky Raccoon Games,Shy Dogs Hidden Orchestra,2,,その他,Lucky Raccoon Games,0,1,Xbox One
2024-06-11,Different Tales,Backpack Hero,2,,その他,Different Tales,0,1,Xbox One
2024-06-11,Nacon,Rugby 22,2,,その他,Nacon,0,1,Xbox One
2024-06-11,Nacon,Werewolf: The Apocalypse - Earthblood（ワーウルフ：ジ・アポカリプス）,2,,その他,Nacon,0,1,Xbox One
2024-06-12,Silesia Games Sp. z o.o.,Hidden Cats in Paris,2,,その他,Silesia Games Sp. z o.o.,0,1,Xbox One
2024-06-13,Tribute Games,Panzer Paladin,2,,その他,Tribute Games,0,1,Xbox One
2024-06-14,ケムコ,ようこそアルカナアカデミーへ！,2,,その他,ケムコ,0,1,Xbox One
2024-06-14,SEGA,真・女神転生Ⅴ Vengeance,2,,その他,SEGA,0,1,Xbox One
2024-06-15,Forever Entertainment S.A. / TA Publishing,マジカルドロップ6,2,,その他,Forever Entertainment S.A. / TA Publishing,0,1,Xbox One
2024-06-18,"PM Studios, Inc.",TEVI,2,,その他,"PM Studios, Inc.",0,1,Xbox One
2024-06-18,カプコン,逆転裁判123+456 コレクション,2,,その他,カプコン,0,1,Xbox One
2024-06-19,Humble Games,#Blud,2,,その他,Humble Games,0,1,Xbox One
2024-06-19,"PM Studios, Inc.（EXNOA LLC.）",My Time at Sandrock（きみのまち サンドロック）,2,,その他,"PM Studios, Inc.（EXNOA LLC.）",0,1,Xbox One
2024-06-20,カイロソフト,ゲームセンター倶楽部,2,,その他,カイロソフト,0,1,Xbox One
2024-06-20,カイロソフト,開幕!!パドックGP,2,,その他,カイロソフト,0,1,Xbox One
2024-06-20,コナミデジタルエンタテインメント,魂斗羅 オペレーション ガルガ,2,,その他,コナミデジタルエンタテインメント,0,1,Xbox One
2024-06-21,Akupara Games,Everafter Falls,2,,その他,Akupara Games,0,1,Xbox One
2024-06-25,Fulqrum Publishing Ltd.,GRAVEN,2,,その他,Fulqrum Publishing Ltd.,0,1,Xbox One
2024-06-25,Feardemic,"Garten of Banban 1 , 2 , 3 , 4",2,,その他,Feardemic,0,1,Xbox One
2024-06-27,KLab Inc.,BLEACH Brave Souls,2,,その他,KLab Inc.,0,1,Xbox One
2024-06-27,RucKyGAMES,ナンプレ Classic,2,,その他,RucKyGAMES,0,1,Xbox One
2024-06-27,ローズヴェルト,心を開く歌い方 リマスター版,2,,その他,ローズヴェルト,0,1,Xbox One
2024-06-28,OverGamez,Undercat,2,,その他,OverGamez,0,1,Xbox One
2024-06-28,Outright Games Ltd.,ギガントサウルス: ディノスポーツ,2,,その他,Outright Games Ltd.,0,1,Xbox One
2024-06-30,ネクソン,The First Descendant,2,,その他,ネクソン,0,1,Xbox One
2024-07-03,Lucky Raccoon Games,Shy Cats Hidden Orchestra (シャイ・キャッツ・ヒドゥン・オーケストラ),2,,その他,Lucky Raccoon Games,0,1,Xbox One
2024-07-03,RedDeerGames,フィット マイ キャット,2,,その他,RedDeerGames,0,1,Xbox One
2024-07-04,Microids,Agatha Christie - The ABC Murders,2,,その他,Microids,0,1,Xbox One
2024-07-04,カイロソフト,アストロ探検隊,2,,その他,カイロソフト,0,1,Xbox One
2024-07-04,カイロソフト,野球部ものがたり,2,,その他,カイロソフト,0,1,Xbox One
2024-07-05,ラタライカゲームス,Cyber Citizen Shockman Zero（改造町人シュビビンマン零）,2,,その他,ラタライカゲームス,0,1,Xbox One
2024-07-09,Playstack,The Case of the Golden Idol,2,,その他,Playstack,0,1,Xbox One
2024-07-11,We Dig Games,Hamster Playground,2,,その他,We Dig Games,0,1,Xbox One
2024-07-11,MAGES.,オウガテイル -鬼譚-,2,,その他,MAGES.,0,1,Xbox One
2024-07-12,アンナプルナ・インタラクティブ,Neon White,2,,その他,アンナプルナ・インタラクティブ,0,1,Xbox One
2024-07-12,Mob Entertainment,ポピープレイタイムチャプターワン,2,,その他,Mob Entertainment,0,1,Xbox One
2024-07-16,Red Hook Studios,Darkest Dungeon II,2,,その他,Red Hook Studios,0,1,Xbox One
2024-07-16,"PM Studios, Inc.",Let's School,2,,その他,"PM Studios, Inc.",0,1,Xbox One
2024-07-16,Whitethorn Games,Magical Delicacy,2,,その他,Whitethorn Games,0,1,Xbox One
2024-07-17,Headup,Aerial_Knight's We Never Yield,2,,その他,Headup,0,1,Xbox One
2024-07-17,Mango Protocol,CLeM,2,,その他,Mango Protocol,0,1,Xbox One
2024-07-17,アンナプルナ・インタラクティブ,Flock,2,,その他,アンナプルナ・インタラクティブ,0,1,Xbox One
2024-07-17,Eastasiasoft Limited,RPM - Road Punk Mayhem,2,,その他,Eastasiasoft Limited,0,1,Xbox One
2024-07-17,アニプレックス,鬼滅の刃 目指せ！最強隊士！,2,,その他,アニプレックス,0,1,Xbox One
2024-07-18,PLAYISM,SCHiM - スキム -,2,,その他,PLAYISM,0,1,Xbox One
2024-07-18,カイロソフト,クルーズ大紀行,2,,その他,カイロソフト,0,1,Xbox One
2024-07-18,カイロソフト,テニスクラブ物語,2,,その他,カイロソフト,0,1,Xbox One
2024-07-19,ケムコ,エンシェントファンタズマ,2,,その他,ケムコ,0,1,Xbox One
2024-07-19,カプコン,祇:Path of the Goddess,2,,その他,カプコン,0,1,Xbox One
2024-07-20,Prismatika,Desktop Dungeons: Rewind（デスクトップダンジョンズ：リワインド）,2,,その他,Prismatika,0,1,Xbox One
2024-07-23,Team 17,CONSCRIPT,2,,その他,Team 17,0,1,Xbox One
2024-07-23,Frontier Developments,F1マネージャー2024,2,,その他,Frontier Developments,0,1,Xbox One
2024-07-23,ラタライカゲームス,Retro Revengers,2,,その他,ラタライカゲームス,0,1,Xbox One
2024-07-23,Hyperstrange,エンプティー・シェル,2,,その他,Hyperstrange,0,1,Xbox One
2024-07-24,Silesia Games Sp. z o.o.,Hidden Cats in Rome,2,,その他,Silesia Games Sp. z o.o.,0,1,Xbox One
2024-07-24,Eastasiasoft Limited,Super Woden GP II,2,,その他,Eastasiasoft Limited,0,1,Xbox One
2024-07-25,JanduSoft,Abathor,2,,その他,JanduSoft,0,1,Xbox One
2024-07-25,Ravenage Games,Daydream: Forgotten Sorrow（デイドリーム：悲しみにさようなら）,2,,その他,Ravenage Games,0,1,Xbox One
2024-07-25,Toplitz Productions,Harvest Days,2,,その他,Toplitz Productions,0,1,Xbox One
2024-07-25,Torture Star Video,Lakeview Cabin Collection,2,,その他,Torture Star Video,0,1,Xbox One
2024-07-25,QUByte Interactive,Mists of Noyah,2,,その他,QUByte Interactive,0,1,Xbox One
2024-07-25,"E-Home Entertianment Development Co., Ltd",疲弊した人,2,,その他,"E-Home Entertianment Development Co., Ltd",0,1,Xbox One
2024-07-26,Desert Water Games,Exodus: Creepy Time,2,,その他,Desert Water Games,0,1,Xbox One
2024-07-30,Eastasiasoft Limited,仙劍宿屋２,2,,その他,Eastasiasoft Limited,0,1,Xbox One
2024-07-31,Soda Den LLC,Roots of Pacha,2,,その他,Soda Den LLC,0,1,Xbox One
2024-08-01,Troglobytes Games,Death Noodle Delivery,2,,その他,Troglobytes Games,0,1,Xbox One
2024-08-01,Oxeliz Pvt ltd,Quriocity,2,,その他,Oxeliz Pvt ltd,0,1,Xbox One
2024-08-01,Project Pegasus,TENSEI,2,,その他,Project Pegasus,0,1,Xbox One
2024-08-01,カイロソフト,森林キャンプが丘,2,,その他,カイロソフト,0,1,Xbox One
2024-08-01,カイロソフト,開拓サバイバル島DX,2,,その他,カイロソフト,0,1,Xbox One
2024-08-02,ラタライカゲームス,Aero The Acro-Bat（エアロ アクロバット キッズ）,2,,その他,ラタライカゲームス,0,1,Xbox One
2024-08-02,Stamina Zero LLC,Cilla,2,,その他,Stamina Zero LLC,0,1,Xbox One
2024-08-02,Pineapple Works,ランドナマ (Landnama),2,,その他,Pineapple Works,0,1,Xbox One
2024-08-07,Devolver Digital,Pepper Grinder,2,,その他,Devolver Digital,0,1,Xbox One
2024-08-07,Digital Eclipse,Volgarr the Viking II,2,,その他,Digital Eclipse,0,1,Xbox One
2024-08-08,Klabater,Cultist Simulator: Initiate Edition,2,,その他,Klabater,0,1,Xbox One
2024-08-08,Thunderful Publishing,SteamWorld Heist II,2,,その他,Thunderful Publishing,0,1,Xbox One
2024-08-08,Valkyrie Initiative LLP,The Lullaby of Life,2,,その他,Valkyrie Initiative LLP,0,1,Xbox One
2024-08-08,Kepler Interactive,キャットクエスト3,2,,その他,Kepler Interactive,0,1,Xbox One
2024-08-08,バンダイナムコエンターテインメント,転生したらスライムだった件 テンペストストーリーズ,2,,その他,バンダイナムコエンターテインメント,0,1,Xbox One
2024-08-13,Brainium Games,Dungeon Arsenal,2,,その他,Brainium Games,0,1,Xbox One
2024-08-13,Baltoro Games,Pizza Bar Tycoon（ピザバー・タイクーン）,2,,その他,Baltoro Games,0,1,Xbox One
2024-08-14,Eastasiasoft Limited,Tiny Pixels Vol. 1 - Ninpo Blast,2,,その他,Eastasiasoft Limited,0,1,Xbox One
2024-08-15,Team17,DREDGE: Complete Edition,2,,その他,Team17,0,1,Xbox One
2024-08-15,Pyramid Games,Dinosaur Fossil Hunter,2,,その他,Pyramid Games,0,1,Xbox One
2024-08-15,Ember Lab,Kena: Bridge of Spirits,2,,その他,Ember Lab,0,1,Xbox One
2024-08-15,Forever Entertainment S.A.,Overboss,2,,その他,Forever Entertainment S.A.,0,1,Xbox One
2024-08-15,Coatsink Software Ltd,Phantom Spark,2,,その他,Coatsink Software Ltd,0,1,Xbox One
2024-08-15,DreadXP,The Mortuary Assistant,2,,その他,DreadXP,0,1,Xbox One
2024-08-15,ケムコ,ケムコRPGセレクション Vol.1,2,,その他,ケムコ,0,1,Xbox One
2024-08-15,カイロソフト,ミリオン行進曲,2,,その他,カイロソフト,0,1,Xbox One
2024-08-15,カイロソフト,開園ピクセル牧場,2,,その他,カイロソフト,0,1,Xbox One
2024-08-16,エレクトロニック・アーツ,EA SPORTS Madden NFL 25,2,,その他,エレクトロニック・アーツ,0,1,Xbox One
2024-08-16,Unbound Creations,Just Crow Things,2,,その他,Unbound Creations,0,1,Xbox One
2024-08-16,Puppet Combo,Rewind or Die,2,,その他,Puppet Combo,0,1,Xbox One
2024-08-16,Sometimes You,Turn to Mine,2,,その他,Sometimes You,0,1,Xbox One
2024-08-16,orangutan matter,Unleaving,2,,その他,orangutan matter,0,1,Xbox One
2024-08-16,ケムコ,春待ちトロイダル,2,,その他,ケムコ,0,1,Xbox One
2024-08-17,Kruger & Flint Productions,Bloodhound,2,,その他,Kruger & Flint Productions,0,1,Xbox One
2024-08-17,Canari Games,Castaway,2,,その他,Canari Games,0,1,Xbox One
2024-08-21,Spotlight by Quantic Dream,Dustborn（ダストボーン）,2,,その他,Spotlight by Quantic Dream,0,1,Xbox One
2024-08-21,Last Man Gaming,Parking Masters,2,,その他,Last Man Gaming,0,1,Xbox One
2024-08-22,Forever Entertainment S.A.,Rise Eterna War,2,,その他,Forever Entertainment S.A.,0,1,Xbox One
2024-08-22,Nacon,TIEBREAK: Official game of the ATP and WTA,2,,その他,Nacon,0,1,Xbox One
2024-08-22,NiuGamer,しまった！美人に囲まれた！日本語吹き替え版,2,,その他,NiuGamer,0,1,Xbox One
2024-08-23,Mens Sana Interactive,Island Cities (アイランドシティーズ),2,,その他,Mens Sana Interactive,0,1,Xbox One
2024-08-23,Untold Tales S.A.,Operation: Polygon Storm,2,,その他,Untold Tales S.A.,0,1,Xbox One
2024-08-23,Starseed Forest,八正道,2,,その他,Starseed Forest,0,1,Xbox One
2024-08-27,Fireshine Games,Core Keeper,2,,その他,Fireshine Games,0,1,Xbox One
2024-08-28,Synnergy Cicle Games,Arrowstorm Ascendant,2,,その他,Synnergy Cicle Games,0,1,Xbox One
2024-08-28,コナミデジタルエンタテインメント,Castlevania Dominus Collection（キャッスルヴァニア ドミナス コレクション）,2,,その他,コナミデジタルエンタテインメント,0,1,Xbox One
2024-08-28,"Top Hat Studios, Inc.",Crypt Custodian,2,,その他,"Top Hat Studios, Inc.",0,1,Xbox One
2024-08-28,Silesia Games Sp. z o.o.,Purrfect Rescue,2,,その他,Silesia Games Sp. z o.o.,0,1,Xbox One
2024-08-29,Milestone S.r.l.,Monster Jam Showdown,2,,その他,Milestone S.r.l.,0,1,Xbox One
2024-08-29,Big Sugar,Valfaris: Mecha Therion,2,,その他,Big Sugar,0,1,Xbox One
2024-08-29,Wired Productions Ltd,ゴリ: カドリー カーネイジ,2,,その他,Wired Productions Ltd,0,1,Xbox One
2024-08-30,We Dig Games,Date Z,2,,その他,We Dig Games,0,1,Xbox One
2024-08-30,ラタライカゲームス,"Forests, Fields and Fortresses",2,,その他,ラタライカゲームス,0,1,Xbox One
2024-08-30,Glowstick Entertainment,Super Dark Deception,2,,その他,Glowstick Entertainment,0,1,Xbox One
2024-08-30,ケムコ,レイジングループ,2,,その他,ケムコ,0,1,Xbox One
2024-09-03,ワーナーブラザースゲームス,ハリー・ポッター：クィディッチ・チャンピオンズ,2,,その他,ワーナーブラザースゲームス,0,1,Xbox One
2024-09-04,Synnergy Circle Games,Alpacapaca Dash,2,,その他,Synnergy Circle Games,0,1,Xbox One
2024-09-04,Eastasiasoft Limited,Mining Mechs,2,,その他,Eastasiasoft Limited,0,1,Xbox One
2024-09-05,Entalto Studios,Shogun Showdown（ショーグン・ショーダウン）,2,,その他,Entalto Studios,0,1,Xbox One
2024-09-05,Chorus Worldwide,ペーパーゴーストストーリーズ：サードアイオープン,2,,その他,Chorus Worldwide,0,1,Xbox One
2024-09-06,ラタライカゲームス,Aero The Acro-Bat 2（エアロ ザ アクロバット 2）,2,,その他,ラタライカゲームス,0,1,Xbox One
2024-09-06,2K,NBA 2K25,2,,その他,2K,0,1,Xbox One
2024-09-06,Red Art Games,SUNSOFT is Back! レトロゲームセレクション,2,,その他,Red Art Games,0,1,Xbox One
2024-09-06,カプコン,逆転検事1&2 御剣セレクション,2,,その他,カプコン,0,1,Xbox One
2024-09-10,ユービーアイソフト,UNO Legacy Edition,2,,その他,ユービーアイソフト,0,1,Xbox One
2024-09-10,Atari,Yars Rising,2,,その他,Atari,0,1,Xbox One
2024-09-10,セガ,ソニック・ザ・ヘッジホッグ レガシーバンドル,2,,その他,セガ,0,1,Xbox One
2024-09-11,Brainium Games,Aidan in Danger,2,,その他,Brainium Games,0,1,Xbox One
2024-09-12,Goblinz Publishing,Beneath Oresa,2,,その他,Goblinz Publishing,0,1,Xbox One
2024-09-12,IconicArtsLLP,GoobnBalloonsDX（グーブ＆バルーンズDX）,2,,その他,IconicArtsLLP,0,1,Xbox One
2024-09-12,TECOPARK,PICO PARK 2,2,,その他,TECOPARK,0,1,Xbox One
2024-09-12,QUByte Interactive,Road Defense: Outsiders,2,,その他,QUByte Interactive,0,1,Xbox One
2024-09-12,Hipster Whale,クロッシーロードキャッスル,2,,その他,Hipster Whale,0,1,Xbox One
2024-09-13,ケムコ,METRO QUESTER | OSAKA,2,,その他,ケムコ,0,1,Xbox One
2024-09-13,エレクトロニック・アーツ,スター・ウォーズ ジェダイ:サバイバー（XboxOne版）,2,,その他,エレクトロニック・アーツ,0,1,Xbox One
2024-09-14,Daedalic Entertainment,Edge of Sanity,2,,その他,Daedalic Entertainment,0,1,Xbox One
2024-09-18,Silesia Games Sp. z o.o.,Hidden Cats in Berlin,2,,その他,Silesia Games Sp. z o.o.,0,1,Xbox One
2024-09-18,Sometimes You,The Last Shot,2,,その他,Sometimes You,0,1,Xbox One
2024-09-19,RedDeer.Games,DROSドロス,2,,その他,RedDeer.Games,0,1,Xbox One
2024-09-19,Blue Brain Games,The House of Da Vinci 3,2,,その他,Blue Brain Games,0,1,Xbox One
2024-10-25,日本マイクロソフト （Xbox Game Studios）,コール オブ デューティ ブラックオプス 6,2,YES,その他,日本マイクロソフト （Xbox Game Studios）,0,1,Xbox One
2024-10-25,SEGA,ソニック × シャドウ ジェネレーションズ,2,,その他,SEGA,0,1,Xbox One
2024-12-13,Happy Player,目盲 - 見えない真実,2,,その他,Happy Player,0,1,Xbox One
2024-12-17,Raw Fury,スナフキン：ムーミン谷のメロディ,2,,その他,Raw Fury,0,1,Xbox One
2025-01-01,Eastasiasoft Limited,The Legend of Cyber Cowboy,2,,その他,Eastasiasoft Limited,0,1,Xbox One
2025-01-08,Mens Sana Interactive,Railway Islands 2 (鉄道アイランド2),2,,その他,Mens Sana Interactive,0,1,Xbox One
2025-01-08,Ocean Media,Shipwreck Escape,2,,その他,Ocean Media,0,1,Xbox One
2025-01-09,Ocean Media,Mystery Box: Hidden Secrets,2,,その他,Ocean Media,0,1,Xbox One
2025-01-10,Untold Tales,Boti: Byteland Overclocked,2,,その他,Untold Tales,0,1,Xbox One
2025-01-10,A-Game Studios,Star Salvager,2,,その他,A-Game Studios,0,1,Xbox One
2025-01-10,Happy Player,重力脱出,2,,その他,Happy Player,0,1,Xbox One
2025-01-15,SilenGames,Perfect Ninja Painter 3,2,,その他,SilenGames,0,1,Xbox One
2025-01-15,Synnergy Circle Games,Suikaiju,2,,その他,Synnergy Circle Games,0,1,Xbox One
2025-01-16,Ocean Media,Mystery Box: Evolution,2,,その他,Ocean Media,0,1,Xbox One
2025-01-16,バンダイナムコエンターテインメント,テイルズ オブ グレイセス エフ リマスター,2,,その他,バンダイナムコエンターテインメント,0,1,Xbox One
2025-01-16,カイロソフト,ドラえもんのどら焼き屋さん物語,2,,その他,カイロソフト,0,1,Xbox One
2025-01-16,NiuGamer,名利のゲーム,2,,その他,NiuGamer,0,1,Xbox One
2025-01-17,17Studio LLC,911: Cannibal,2,,その他,17Studio LLC,0,1,Xbox One
2025-01-17,17Studio LLC,911: Prey,2,,その他,17Studio LLC,0,1,Xbox One
2025-01-17,Lucky Raccoon Games,Spot Challenge Vol. 1,2,,その他,Lucky Raccoon Games,0,1,Xbox One
2025-01-21,Jollypunch Games,RoboDunk,2,,その他,Jollypunch Games,0,1,Xbox One
2025-01-22,Silesia Games Sp. z o.o.,Let Me Sleep（レット・ミー・スリーブ）,2,,その他,Silesia Games Sp. z o.o.,0,1,Xbox One
2025-01-22,Chibig,Mika and The Witch's Mountain（ミカと魔女の山）,2,,その他,Chibig,0,1,Xbox One
2025-01-22,Johnny Ostad,シャルヌル：銀の風の物語,2,,その他,Johnny Ostad,0,1,Xbox One
2025-01-23,Binary Haze Interactive,ENDER MAGNOLIA: Bloom in the Mist（エンダーマグノリア: ブルームインザミスト）,2,,その他,Binary Haze Interactive,0,1,Xbox One
2025-01-23,Ocean Media,Mystery Box: Escape The Room,2,,その他,Ocean Media,0,1,Xbox One
2025-01-23,バンダイナムコエンターテインメント,SYNDUALITY Echo of Ada,2,,その他,バンダイナムコエンターテインメント,0,1,Xbox One
2025-01-23,Grimorio of Games,Sword of the Necromancer: Resurrection,2,,その他,Grimorio of Games,0,1,Xbox One
2025-01-24,Xitilon,Cyber Tank 2,2,,その他,Xitilon,0,1,Xbox One
2025-01-24,505 Games,Red Solstice 2: Survivors アルティメットエディション,2,,その他,505 Games,0,1,Xbox One
2025-01-24,ケムコ,ドラゴンテイカー,2,,その他,ケムコ,0,1,Xbox One
2025-01-24,Pineapple Works,ポーカーの舞い (Dance of Cards),2,,その他,Pineapple Works,0,1,Xbox One
2025-01-29,United Label,Tails of Iron 2: Whiskers of Winter,2,,その他,United Label,0,1,Xbox One
2025-01-30,Artax Games,A Rite from the Stars: Remaster Edition,2,,その他,Artax Games,0,1,Xbox One
2025-01-30,Rebellion,Sniper Elite: Resistance,2,,その他,Rebellion,0,1,Xbox One
2025-01-31,17Studio LLC,Dreamless,2,,その他,17Studio LLC,0,1,Xbox One
2025-01-31,Seashell Studio,Mostroscopy,2,,その他,Seashell Studio,0,1,Xbox One
2025-01-31,ラタライカゲームス,Squab,2,,その他,ラタライカゲームス,0,1,Xbox One
2025-01-31,Happy Player,運命の英雄,2,,その他,Happy Player,0,1,Xbox One
2025-02-01,Revulo Games LLC,Casual Sport Series: Tennis（カジュアル スポーツ シリーズ: テニス）,2,,その他,Revulo Games LLC,0,1,Xbox One
2025-02-04,Ocean Media,Mystery Box: The Journey,2,,その他,Ocean Media,0,1,Xbox One
2025-02-05,カプコン,MARVEL vs. CAPCOM Fighting Collection: Arcade Classics,2,,その他,カプコン,0,1,Xbox One
2025-02-05,Eastasiasoft Limited,Mechanita,2,,その他,Eastasiasoft Limited,0,1,Xbox One
2025-02-05,Afil Games,Mimi the Cat: Meow Together,2,,その他,Afil Games,0,1,Xbox One
2025-02-05,Tripwire Interactive LLC,Rogue Waters,2,,その他,Tripwire Interactive LLC,0,1,Xbox One
2025-02-06,TrampolineTales,幸運の大家様,2,,その他,TrampolineTales,0,1,Xbox One
2025-02-07,Brainium Games,Beef Cat Ultra,2,,その他,Brainium Games,0,1,Xbox One
2025-02-07,Jollypunch Games,Fly Punch Boom!,2,,その他,Jollypunch Games,0,1,Xbox One
2025-02-07,RISING MOON GAMES,Loot Stack - Relics Hunter,2,,その他,RISING MOON GAMES,0,1,Xbox One
2025-02-07,Lucky Raccoon Games,Spot Challenge Vol. 2,2,,その他,Lucky Raccoon Games,0,1,Xbox One
2025-02-07,ラタライカゲームス,Sugoro Quest: Dice Heroes（すごろクエスト：ダイスの戦士たち）,2,,その他,ラタライカゲームス,0,1,Xbox One
2025-02-07,ケムコ,ケムコRPGセレクション Vol.3,2,,その他,ケムコ,0,1,Xbox One
2025-02-07,Dr. Kucho! Games & Astrolabe Games,ダルサロンの月群,2,,その他,Dr. Kucho! Games & Astrolabe Games,0,1,Xbox One
2025-02-11,Monster Couch,キャリコ ～陽だまりネコとパッチワーク～,2,,その他,Monster Couch,0,1,Xbox One
2025-02-11,2K,シドマイヤーズ シヴィライゼーション VII,2,,その他,2K,0,1,Xbox One
2025-02-12,Synnergy Circle Games,Alpacapaca Dash 2,2,,その他,Synnergy Circle Games,0,1,Xbox One
2025-02-12,Eastasiasoft Limited,Super Jagger Bomb 2: Go East,2,,その他,Eastasiasoft Limited,0,1,Xbox One
2025-02-13,mc2games,Pyramids and Aliens: Escape Room,2,,その他,mc2games,0,1,Xbox One
2025-02-13,DANGEN Entertainment,Recall: Empty Wishes,2,,その他,DANGEN Entertainment,0,1,Xbox One
2025-02-13,Nacon,Rugby 25,2,,その他,Nacon,0,1,Xbox One
2025-02-13,AMATA K.K.,じゃあ、また,2,,その他,AMATA K.K.,0,1,Xbox One
2025-02-13,Eggtart Inc,メタルスーツ: カウンターアタック,2,,その他,Eggtart Inc,0,1,Xbox One
2025-02-14,Holcomb Entertainment LLC,Blood Hunting,2,,その他,Holcomb Entertainment LLC,0,1,Xbox One
2025-02-14,Axyos Games,Doggy Up!,2,,その他,Axyos Games,0,1,Xbox One
2025-02-14,ケムコ,デッドドラゴンズ,2,,その他,ケムコ,0,1,Xbox One
2025-02-15,Aspyr,Tomb Raider IV-VI Remastered,2,,その他,Aspyr,0,1,Xbox One
2025-02-19,Brain Seal Ltd,Blow it up,2,,その他,Brain Seal Ltd,0,1,Xbox One
2025-02-20,Synnergy Circle Games,Ninja Master Toru,2,,その他,Synnergy Circle Games,0,1,Xbox One
2025-02-21,Totalconsole,DAMN!,2,,その他,Totalconsole,0,1,Xbox One
2025-02-21,Mens Sana Interactive,Dolmenjord - Viking Islands,2,,その他,Mens Sana Interactive,0,1,Xbox One
2025-02-21,RAFAEL V.F,Hyper Panda Bundle,2,,その他,RAFAEL V.F,0,1,Xbox One
2025-02-21,ラタライカゲームス,Lulu's Temple,2,,その他,ラタライカゲームス,0,1,Xbox One
2025-02-21,United Games Entertainment GmbH,X-Out: Resurfaced,2,,その他,United Games Entertainment GmbH,0,1,Xbox One
2025-02-21,Pineapple Works,ニャンコ・バトルロイヤル (TactiCats),2,,その他,Pineapple Works,0,1,Xbox One
2025-02-21,SEGA,龍が如く8外伝 Pirates in Hawaii,2,,その他,SEGA,0,1,Xbox One
2025-02-21,ケムコ,３℃ サンドパズル,2,,その他,ケムコ,0,1,Xbox One
2025-02-28,ラタライカゲームス,Justice Ninja Casey,2,,その他,ラタライカゲームス,0,1,Xbox One
2025-02-28,Take IT Studio! sp. z o. o.,There's a Gun in the Office,2,,その他,Take IT Studio! sp. z o. o.,0,1,Xbox One
2025-03-06,コナミデジタルエンタテインメント,幻想水滸伝 I&II HDリマスター 門の紋章戦争 / デュナン統一戦争,2,,その他,コナミデジタルエンタテインメント,0,1,Xbox One
2025-10-23,アークシステムワークス,ダブルドラゴン リヴァイヴ,2,,その他,アークシステムワークス,0,1,Xbox One
2025-11-14,日本マイクロソフト （Xbox Game Studios）,コール オブ デューティ ブラックオプス 7,2,YES,その他,日本マイクロソフト （Xbox Game Studios）,0,1,Xbox One
